freq_GHz,S21_dB,S31_dB,S41_dB,S51_dB,S61_dB
1.000000000000000021e-02,-7.626411703399999453e+01,-8.253668685099999891e+01,-8.199045979599999612e+01,-7.657470946899999831e+01,-7.250070859599999551e+01
3.001001001000000099e-02,-8.244599150300000190e+01,-8.568316078099999800e+01,-7.502156924099999458e+01,-7.276123155099999451e+01,-8.149672338999999965e+01
5.002002002000000003e-02,-9.378899324500000034e+01,-8.357999560800000438e+01,-7.675043907200000604e+01,-7.647621741999999756e+01,-8.080714362899999514e+01
7.003003002999999560e-02,-7.508734289199999523e+01,-7.244618039200000226e+01,-8.241165026699999885e+01,-9.428905289200000084e+01,-9.822444496999999330e+01
9.004004004000000505e-02,-9.377225926500000242e+01,-8.206602709599999912e+01,-8.400991916399999582e+01,-7.900158078399999795e+01,-8.089111621899999705e+01
1.100500500500000006e-01,-9.287294694899999570e+01,-8.073825332500000229e+01,-7.995731608500000220e+01,-7.591051232799999582e+01,-8.683128722899999730e+01
1.300600600600000101e-01,-8.289555453100000193e+01,-8.206569732299999487e+01,-8.243630234299999415e+01,-7.788761334800000213e+01,-8.276405824699999414e+01
1.500700700700000056e-01,-8.561259454300000016e+01,-9.046656353000000195e+01,-9.075855343499999606e+01,-8.807709568699999636e+01,-8.602465035500000567e+01
1.700800800800000012e-01,-9.031055157699999825e+01,-8.911696336900000404e+01,-8.295174034000000063e+01,-9.019397074600000508e+01,-7.921564695200000017e+01
1.900900900899999968e-01,-8.158073182100000054e+01,-8.233980817699999477e+01,-8.057348569600000587e+01,-8.004512829200000112e+01,-8.190201693500000601e+01
2.101001000999999924e-01,-8.024003612799999985e+01,-9.148255267000000401e+01,-7.752217344599999649e+01,-7.899772168200000522e+01,-8.046387345300000504e+01
2.301101101100000157e-01,-8.518489079399999753e+01,-8.090323608799999988e+01,-7.748931065300000398e+01,-9.268891654499999788e+01,-7.926047238799999661e+01
2.501201201200000113e-01,-7.785617932499999938e+01,-8.035524644100000558e+01,-8.687868110799999499e+01,-7.388618017800000359e+01,-7.895079237999999577e+01
2.701301301299999791e-01,-8.314299795300000540e+01,-8.552293733899999495e+01,-8.105185377300000482e+01,-7.351054806400000530e+01,-7.692124256900000034e+01
2.901401401400000024e-01,-8.265631560699999625e+01,-7.980149006300000281e+01,-8.285287447999999699e+01,-8.657220673199999794e+01,-8.676542478800000424e+01
3.101501501499999702e-01,-7.971087706100000503e+01,-8.014292465100000129e+01,-8.047280106300000568e+01,-8.107872049099999856e+01,-7.963710371700000223e+01
3.301601601600000491e-01,-7.876177760000000205e+01,-8.124233108599999298e+01,-7.589535580800000503e+01,-7.719372045000000071e+01,-7.520426497399999732e+01
3.501701701700000169e-01,-8.923117215999999985e+01,-7.555146846300000618e+01,-7.527853171799999643e+01,-8.189978227599999627e+01,-7.583852709100000311e+01
3.701801801799999847e-01,-9.002905786700000590e+01,-8.114940460699999392e+01,-7.192499382799999808e+01,-7.822842203199999744e+01,-7.888930625400000451e+01
3.901901901900000080e-01,-9.382016645599999549e+01,-8.053372714299999302e+01,-7.926975278599999797e+01,-7.893606241999999895e+01,-7.244265501499999971e+01
4.102002001999999758e-01,-7.155727516599999660e+01,-7.390533320199999423e+01,-7.467096028599999613e+01,-7.806057928500000287e+01,-7.839454603299999746e+01
4.302102102099999992e-01,-8.196119894800000338e+01,-7.243433829699999649e+01,-7.817772392700000239e+01,-8.156757729599999607e+01,-9.207588943300000039e+01
4.502202202200000225e-01,-8.047272349099999644e+01,-8.559225637900000550e+01,-7.869914846199999658e+01,-7.756662470400000586e+01,-8.118603575000000205e+01
4.702302302300000458e-01,-7.955424610400000063e+01,-8.733808060200000511e+01,-7.440549647000000277e+01,-8.733847909899999706e+01,-1.136263719100000031e+02
4.902402402400000136e-01,-7.364783261099999834e+01,-8.525015520499999866e+01,-7.409528989599999704e+01,-8.443936938100000589e+01,-7.302808866499999851e+01
5.102502502500000370e-01,-7.797020929299999636e+01,-7.586847917599999391e+01,-7.619836149600000397e+01,-8.930873600300000703e+01,-7.425809621400000538e+01
5.302602602599999493e-01,-7.976867047999999727e+01,-7.778287932099999580e+01,-7.514879711599999723e+01,-7.519796799799999576e+01,-6.809304308400000139e+01
5.502702702699999726e-01,-7.554111740899999461e+01,-7.319880570099999773e+01,-7.274082452099999330e+01,-7.045142381300000523e+01,-6.910360969200000625e+01
5.702802802799999959e-01,-7.938596286300000315e+01,-7.258473371399999508e+01,-6.391623817300000354e+01,-9.933155148500000564e+01,-6.588366159500000663e+01
5.902902902899999082e-01,-6.766366140700000642e+01,-7.416420883000000686e+01,-6.161479771399999805e+01,-7.420367706800000462e+01,-5.891036467400000021e+01
6.103003002999999316e-01,-7.107971778099999938e+01,-7.460835556899999688e+01,-5.987657868699999852e+01,-7.179390266999999426e+01,-5.925344144299999982e+01
6.303103103099999549e-01,-6.789359074600000099e+01,-6.790969375599999580e+01,-5.791436209700000148e+01,-6.594271601699999508e+01,-5.889751950600000185e+01
6.503203203200000893e-01,-7.267338271399999883e+01,-8.446230656299999850e+01,-5.749954843700000140e+01,-6.654078557200000432e+01,-5.467183055800000346e+01
6.703303303300000016e-01,-6.688221002199999532e+01,-8.117285103000000390e+01,-5.414579362599999968e+01,-6.853816409899999940e+01,-5.292248135500000217e+01
6.903403403400000249e-01,-6.859010750000000201e+01,-6.528450705400000231e+01,-5.413225127999999842e+01,-6.463425874300000373e+01,-5.182940250400000082e+01
7.103503503500000482e-01,-6.686628970799999649e+01,-7.120211168199999463e+01,-5.438900384000000088e+01,-6.810441459099999406e+01,-4.959110397300000272e+01
7.303603603599999605e-01,-6.432408255500000394e+01,-6.305882321699999693e+01,-5.271993902799999887e+01,-7.394349916999999550e+01,-4.863683070700000144e+01
7.503703703699999839e-01,-5.711060589400000254e+01,-5.990728490499999737e+01,-5.377535420699999946e+01,-6.647013090000000091e+01,-5.011519495799999646e+01
7.703803803800000072e-01,-5.770990854200000086e+01,-5.906048720900000149e+01,-5.251280752699999965e+01,-7.843471979999999633e+01,-4.807673007700000056e+01
7.903903903900000305e-01,-5.396615857799999816e+01,-5.978711530199999657e+01,-5.040286287899999706e+01,-7.406903986400000406e+01,-4.703361078799999717e+01
8.104004003999999428e-01,-5.652308565500000270e+01,-6.285659420999999725e+01,-4.980445710099999701e+01,-7.604298187800000619e+01,-4.660863212999999661e+01
8.304104104099999661e-01,-5.620644822599999912e+01,-6.330182723499999753e+01,-5.029988618699999847e+01,-6.481372232699999358e+01,-4.636144950900000339e+01
8.504204204199999895e-01,-5.412134232999999739e+01,-5.575954921299999967e+01,-4.976810982300000319e+01,-6.251122385099999690e+01,-4.573110352100000142e+01
8.704304304299999018e-01,-5.376612843099999850e+01,-5.476113571999999863e+01,-4.973413024900000323e+01,-6.576389301199999693e+01,-4.607960522300000150e+01
8.904404404400000361e-01,-5.328330408499999749e+01,-5.546266181899999737e+01,-4.940900930200000118e+01,-6.183738095900000076e+01,-4.601254930900000062e+01
9.104504504500000595e-01,-5.497331817900000317e+01,-5.905094673499999658e+01,-5.087116384400000157e+01,-6.442942516200000114e+01,-4.628489804299999832e+01
9.304604604600000828e-01,-5.558228658499999852e+01,-5.846781407999999658e+01,-5.013651216800000299e+01,-6.272996879200000109e+01,-4.649648200099999684e+01
9.504704704699999951e-01,-5.467401951000000082e+01,-5.921825589400000212e+01,-5.145556376300000068e+01,-6.116121890099999803e+01,-4.719605956499999877e+01
9.704804804800000184e-01,-5.751553523100000120e+01,-6.142509101800000337e+01,-5.123783281499999731e+01,-6.467020252899999377e+01,-4.748234150999999770e+01
9.904904904900000417e-01,-5.807799636899999740e+01,-6.223863302899999894e+01,-5.053678765499999770e+01,-6.466688668300000131e+01,-4.665320482399999946e+01
1.010500500500000065e+00,-6.110162629199999884e+01,-6.521463230300000191e+01,-5.119379939600000284e+01,-6.505468853499999682e+01,-4.769644800500000059e+01
1.030510510500000088e+00,-6.069293849700000010e+01,-5.996285918600000286e+01,-5.232286350700000099e+01,-6.644317001899999298e+01,-4.757374013199999752e+01
1.050520520500000110e+00,-6.515788279000000216e+01,-6.777640997800000378e+01,-5.133763608000000289e+01,-6.136930650899999762e+01,-4.726881456099999923e+01
1.070530530499999911e+00,-6.253524392100000284e+01,-6.097551450499999959e+01,-5.098477019900000329e+01,-6.385218984499999806e+01,-4.717099915800000076e+01
1.090540540499999933e+00,-6.536004981099999611e+01,-6.401809676899999602e+01,-5.124673064499999953e+01,-6.469132467900000449e+01,-4.591794991100000090e+01
1.110550550599999964e+00,-6.771073448200000655e+01,-6.713493210599999372e+01,-5.073159569900000321e+01,-6.433295984800000156e+01,-4.509892947099999816e+01
1.130560560599999986e+00,-6.397562593399999997e+01,-6.230511779700000119e+01,-5.038258039200000127e+01,-7.160534135999999705e+01,-4.409479686499999929e+01
1.150570570600000009e+00,-6.806601020799999446e+01,-6.212914622699999967e+01,-5.139379620100000068e+01,-6.993542352100000414e+01,-4.390546060399999817e+01
1.170580580599999809e+00,-6.927238370499999576e+01,-6.904315188799999703e+01,-5.227101758500000273e+01,-6.728136440299999776e+01,-4.401843843099999987e+01
1.190590590599999832e+00,-6.287860856399999676e+01,-6.357087790500000324e+01,-4.892860828599999934e+01,-6.085724637199999876e+01,-4.287532550499999928e+01
1.210600600599999854e+00,-7.123724009400000057e+01,-6.371045260700000057e+01,-4.844789346499999994e+01,-6.790434516999999914e+01,-4.176946780600000153e+01
1.230610610599999877e+00,-6.674218713800000558e+01,-6.322575932499999851e+01,-4.776692216800000068e+01,-6.877718807300000492e+01,-4.134945100299999865e+01
1.250620620599999899e+00,-7.341959716600000263e+01,-6.415157802199999537e+01,-4.609782763500000158e+01,-6.282162237499999691e+01,-4.058036390899999901e+01
1.270630630599999922e+00,-5.753553883600000063e+01,-6.831503125800000475e+01,-4.459353575600000141e+01,-5.975604768200000194e+01,-3.925177557899999670e+01
1.290640640599999944e+00,-6.198821685699999762e+01,-7.391527758899999867e+01,-4.427851828299999681e+01,-5.761937906600000048e+01,-3.929177385500000241e+01
1.310650650699999975e+00,-5.677160302899999778e+01,-6.903574638800000685e+01,-4.428757827199999753e+01,-6.163739535999999930e+01,-3.878501064000000298e+01
1.330660660699999998e+00,-5.931168878599999772e+01,-6.428426653799999713e+01,-4.401725217500000298e+01,-5.683291678599999841e+01,-3.910406541900000121e+01
1.350670670700000020e+00,-5.687470754699999986e+01,-5.688915668700000339e+01,-4.336778715199999823e+01,-5.805819646700000192e+01,-3.883273751299999788e+01
1.370680680700000043e+00,-5.591766127999999725e+01,-5.616080185399999891e+01,-4.359547271299999949e+01,-5.695813924000000128e+01,-3.776749619499999966e+01
1.390690690700000065e+00,-5.674957948600000179e+01,-6.005402379899999943e+01,-4.206237192999999763e+01,-5.448597797899999762e+01,-3.660742673899999744e+01
1.410700700700000088e+00,-5.407001755200000304e+01,-5.985522777399999939e+01,-4.065829768199999705e+01,-5.559084107000000330e+01,-3.600470494999999715e+01
1.430710710700000110e+00,-5.288947547499999757e+01,-5.990259590600000195e+01,-4.006094761199999965e+01,-5.370157795600000128e+01,-3.502562357499999735e+01
1.450720720700000133e+00,-5.039788872799999808e+01,-6.116393989200000192e+01,-3.943780918699999916e+01,-5.182747017199999817e+01,-3.476721800699999676e+01
1.470730730700000155e+00,-4.847446688400000170e+01,-6.246325264499999719e+01,-3.964046467699999710e+01,-5.494494307299999747e+01,-3.434366864199999725e+01
1.490740740699999956e+00,-4.836365080699999908e+01,-6.076166949699999975e+01,-3.934085725199999928e+01,-5.861276492900000079e+01,-3.345068881899999980e+01
1.510750750799999986e+00,-5.014022003699999885e+01,-5.683136439199999757e+01,-3.759965947700000299e+01,-5.970265463900000213e+01,-3.246322004099999958e+01
1.530760760800000009e+00,-5.061663083199999846e+01,-5.674366202499999901e+01,-3.616472810199999799e+01,-6.136541007299999961e+01,-3.114763435300000083e+01
1.550770770800000031e+00,-5.175371296099999796e+01,-6.162693676199999970e+01,-3.527546041699999790e+01,-6.237172751300000328e+01,-3.057316801700000042e+01
1.570780780800000054e+00,-4.949104380499999678e+01,-5.968864937200000043e+01,-3.451577043700000047e+01,-5.517109623099999993e+01,-3.016202608300000065e+01
1.590790790799999854e+00,-5.002188485100000293e+01,-5.504571111399999950e+01,-3.368928702499999872e+01,-5.232130102600000043e+01,-2.981206426700000023e+01
1.610800800799999877e+00,-5.117969327800000201e+01,-5.986465302399999899e+01,-3.335997192600000005e+01,-5.139254165900000260e+01,-3.000424589600000047e+01
1.630810810799999899e+00,-4.978506394200000074e+01,-5.346110190099999926e+01,-3.228092426100000267e+01,-5.165032465600000222e+01,-2.987849990899999852e+01
1.650820820799999922e+00,-4.850226253000000298e+01,-5.209002397500000114e+01,-3.180214458900000096e+01,-4.997858402600000005e+01,-2.931135495999999918e+01
1.670830830799999944e+00,-4.599939489100000145e+01,-5.174910131899999755e+01,-3.091928584400000091e+01,-4.936664223900000081e+01,-2.867824452300000004e+01
1.690840840799999967e+00,-4.598814142500000202e+01,-5.003485924299999965e+01,-2.991684469000000135e+01,-5.214031628800000107e+01,-2.811796426600000132e+01
1.710850850899999998e+00,-4.401806308399999779e+01,-4.597035278700000305e+01,-2.968991272299999906e+01,-5.159880929399999872e+01,-2.783811957300000017e+01
1.730860860900000020e+00,-4.437016257700000210e+01,-4.519226564499999910e+01,-3.000654056999999852e+01,-6.259251384699999932e+01,-2.768310449499999848e+01
1.750870870900000043e+00,-4.499996129800000233e+01,-4.629152704900000259e+01,-3.136856334799999857e+01,-6.284909593799999783e+01,-2.785297483600000135e+01
1.770880880900000065e+00,-4.415268990599999910e+01,-4.759554991899999976e+01,-3.218560583600000058e+01,-5.949629062799999701e+01,-2.824846047100000135e+01
1.790890890900000088e+00,-4.367271240600000226e+01,-4.644421305099999842e+01,-3.275074490499999769e+01,-5.455237299200000223e+01,-2.925366500299999828e+01
1.810900900900000110e+00,-4.391398304399999830e+01,-4.809836906499999998e+01,-3.472433080999999788e+01,-5.866339992900000055e+01,-3.012462301700000111e+01
1.830910910900000133e+00,-4.649882179899999812e+01,-4.774685572500000319e+01,-3.594725480299999987e+01,-6.521500206899999341e+01,-3.137793192099999828e+01
1.850920920900000155e+00,-4.900516677600000293e+01,-4.973932420300000246e+01,-3.667956533699999966e+01,-6.396038065999999844e+01,-3.232576327200000321e+01
1.870930930900000178e+00,-5.361912281600000085e+01,-5.539616289800000004e+01,-3.727447719900000322e+01,-6.680212922399999798e+01,-3.301223397399999726e+01
1.890940940900000200e+00,-5.262482506500000312e+01,-5.493295373000000126e+01,-3.670846044500000005e+01,-6.217876396399999805e+01,-3.313033312299999977e+01
1.910950951000000009e+00,-5.436051839600000335e+01,-5.443697559900000016e+01,-3.592036681399999765e+01,-6.198887480500000180e+01,-3.326963087400000063e+01
1.930960961000000031e+00,-5.211472537400000249e+01,-5.365302108600000253e+01,-3.494867722699999746e+01,-6.022525475999999856e+01,-3.246299643799999757e+01
1.950970971000000054e+00,-5.118369736100000011e+01,-5.644684804199999917e+01,-3.428192542200000048e+01,-5.830902478699999847e+01,-3.172921617000000083e+01
1.970980981000000076e+00,-5.044902001900000243e+01,-5.354361839100000253e+01,-3.407855731299999746e+01,-6.392591341600000021e+01,-3.099614881100000119e+01
1.990990991000000099e+00,-5.290731555400000019e+01,-5.500538091699999654e+01,-3.438888463400000006e+01,-6.252544138700000076e+01,-3.103082639300000167e+01
2.011001000999999899e+00,-5.114110757000000262e+01,-5.247000931699999882e+01,-3.432681379600000326e+01,-6.810037648700000545e+01,-3.065944291499999963e+01
2.031011010999999922e+00,-5.136030977299999734e+01,-5.188121380300000141e+01,-3.459197305299999670e+01,-5.838494025699999668e+01,-3.066801783700000072e+01
2.051021020999999944e+00,-5.055062768599999856e+01,-5.306283819800000146e+01,-3.438149441000000195e+01,-5.915259417600000091e+01,-3.099533376799999829e+01
2.071031030999999967e+00,-5.185607603300000079e+01,-5.109029423100000145e+01,-3.407663609099999746e+01,-6.149441265099999754e+01,-3.147991507200000072e+01
2.091041040999999989e+00,-5.214760437500000023e+01,-4.889946668599999668e+01,-3.339476815300000112e+01,-6.070640349800000024e+01,-3.158116029500000010e+01
2.111051051100000020e+00,-5.371018205000000023e+01,-4.952746591199999671e+01,-3.352093422099999742e+01,-5.478070788099999788e+01,-3.159520122900000061e+01
2.131061061100000043e+00,-5.354366301900000025e+01,-5.043683995699999656e+01,-3.361866582199999698e+01,-5.319103987100000097e+01,-3.131284953200000132e+01
2.151071071100000065e+00,-5.304269878699999907e+01,-4.953026723499999662e+01,-3.388253394699999888e+01,-5.343730021700000066e+01,-3.125225028799999905e+01
2.171081081100000088e+00,-5.307481806500000232e+01,-4.961806167600000350e+01,-3.350448125599999827e+01,-5.238178652399999891e+01,-3.086062458700000022e+01
2.191091091100000110e+00,-5.156170984700000304e+01,-5.035664486099999948e+01,-3.327669508799999676e+01,-5.497965150099999931e+01,-3.086712831399999857e+01
2.211101101099999688e+00,-5.132719381900000144e+01,-5.068550518699999685e+01,-3.327479795699999698e+01,-5.360651071099999854e+01,-3.094285748000000069e+01
2.231111111099999711e+00,-5.043417993700000324e+01,-5.073400567200000211e+01,-3.292041401000000178e+01,-5.399478395999999947e+01,-3.088063302999999848e+01
2.251121121099999733e+00,-5.136377868799999646e+01,-5.069118343000000237e+01,-3.322513118999999904e+01,-5.622895017100000103e+01,-3.086145532100000111e+01
2.271131131099999756e+00,-5.184858050599999757e+01,-5.157120468200000118e+01,-3.336237036800000055e+01,-5.479174363199999931e+01,-3.110600593599999897e+01
2.291141141099999778e+00,-5.338999627999999831e+01,-5.548886664199999785e+01,-3.326753194999999863e+01,-5.404693729800000312e+01,-3.123685133500000077e+01
2.311151151199999809e+00,-5.311762433599999866e+01,-5.734372970700000138e+01,-3.353332191300000176e+01,-5.681886644899999794e+01,-3.104354063999999980e+01
2.331161161199999832e+00,-5.652938761299999726e+01,-6.415259876700000063e+01,-3.380311417800000129e+01,-5.156396874699999699e+01,-3.077814746600000007e+01
2.351171171199999854e+00,-5.600576225500000049e+01,-5.799731645399999991e+01,-3.351761691000000098e+01,-5.314296565499999758e+01,-3.002369740700000023e+01
2.371181181199999877e+00,-5.263657155700000345e+01,-5.140803451699999727e+01,-3.297351524999999839e+01,-5.192252357999999646e+01,-2.892053133900000006e+01
2.391191191199999899e+00,-5.457632801700000158e+01,-5.324232581700000111e+01,-3.320922087800000355e+01,-5.474684324799999757e+01,-2.841012320000000102e+01
2.411201201199999922e+00,-5.378111400000000231e+01,-5.102579146800000132e+01,-3.326446792200000147e+01,-5.345381020500000346e+01,-2.824121209600000171e+01
2.431211211199999944e+00,-5.142197786300000217e+01,-5.226838302699999872e+01,-3.283059356300000076e+01,-5.215201104500000184e+01,-2.844144297500000107e+01
2.451221221199999967e+00,-5.593961510300000128e+01,-5.590150832599999831e+01,-3.245397936199999833e+01,-5.336207253399999928e+01,-2.864983926300000050e+01
2.471231231199999989e+00,-5.344443796600000240e+01,-5.097679197099999726e+01,-3.253106524500000063e+01,-5.727458524299999709e+01,-2.889754564700000117e+01
2.491241241200000012e+00,-5.362331478400000151e+01,-5.208697619099999798e+01,-3.233013392299999822e+01,-5.645386009199999933e+01,-2.913870554100000021e+01
2.511251251300000042e+00,-5.548724242000000118e+01,-4.971523724000000044e+01,-3.220433299100000113e+01,-5.714438123899999766e+01,-2.936590419399999874e+01
2.531261261300000065e+00,-5.647976413600000001e+01,-5.017983622700000268e+01,-3.288881368999999921e+01,-6.451230053000000453e+01,-2.999163941000000122e+01
2.551271271300000087e+00,-5.860260051499999889e+01,-4.751851682499999896e+01,-3.318623544500000122e+01,-6.342353227200000276e+01,-3.060905201199999937e+01
2.571281281300000110e+00,-5.883555488799999722e+01,-4.841068869099999716e+01,-3.348262023099999851e+01,-7.166490454499999885e+01,-3.106565699700000138e+01
2.591291291300000132e+00,-5.847885833099999786e+01,-4.737980605799999978e+01,-3.392123338500000074e+01,-6.700563976700000524e+01,-3.200101994999999988e+01
2.611301301300000155e+00,-6.031247582799999662e+01,-4.581616894300000098e+01,-3.496760709899999853e+01,-5.670549789799999729e+01,-3.258821296200000006e+01
2.631311311300000177e+00,-5.726472425600000093e+01,-4.729451394200000180e+01,-3.510132947900000033e+01,-5.694788571200000149e+01,-3.387191127599999874e+01
2.651321321300000200e+00,-5.597952272199999868e+01,-4.704532411400000314e+01,-3.562946516699999933e+01,-5.680021189600000042e+01,-3.494918177699999973e+01
2.671331331300000222e+00,-5.596269421600000271e+01,-4.702773256100000054e+01,-3.617965704000000216e+01,-5.582641662599999677e+01,-3.501686217900000031e+01
2.691341341300000245e+00,-5.603002269099999921e+01,-4.831441825899999998e+01,-3.646712832899999768e+01,-5.660268680600000124e+01,-3.502655456099999753e+01
2.711351351400000276e+00,-5.641671750100000082e+01,-4.778800846800000102e+01,-3.721524346999999722e+01,-5.823201406500000132e+01,-3.528811306499999745e+01
2.731361361400000298e+00,-5.698121160400000207e+01,-5.026184144700000189e+01,-3.775587566000000095e+01,-5.962084950900000280e+01,-3.487621036699999877e+01
2.751371371399999877e+00,-6.193667841599999946e+01,-5.103563225300000283e+01,-3.835389402500000244e+01,-5.741379825599999975e+01,-3.532691150200000152e+01
2.771381381399999899e+00,-6.487588859500000638e+01,-5.342618856299999663e+01,-3.896091643999999832e+01,-6.572783889400000135e+01,-3.555955306799999960e+01
2.791391391399999922e+00,-6.214009268600000269e+01,-5.787376924299999814e+01,-3.905462214500000329e+01,-6.791536161599999843e+01,-3.573221946999999687e+01
2.811401401399999944e+00,-6.211745416699999822e+01,-5.559176596199999665e+01,-3.940705048899999952e+01,-5.709407339700000250e+01,-3.614491506099999896e+01
2.831411411399999967e+00,-6.407184584099999825e+01,-5.536621671500000019e+01,-3.828096798699999681e+01,-6.576157360700000254e+01,-3.621338922200000354e+01
2.851421421399999989e+00,-5.770107552900000059e+01,-6.609848125899999616e+01,-3.909903962799999988e+01,-5.538002858200000134e+01,-3.643223414799999915e+01
2.871431431400000012e+00,-5.974831404700000093e+01,-5.931291529700000353e+01,-3.977268516499999862e+01,-5.694894427399999870e+01,-3.805560785899999843e+01
2.891441441400000034e+00,-5.597925247300000251e+01,-6.061130160700000147e+01,-3.953147226600000153e+01,-5.876191451500000085e+01,-3.802213292199999728e+01
2.911451451500000065e+00,-5.450652774999999650e+01,-7.059728674699999829e+01,-4.043169479800000232e+01,-5.793752612800000179e+01,-3.712124957900000055e+01
2.931461461500000087e+00,-5.566895522600000135e+01,-5.789204974900000167e+01,-4.072142665900000225e+01,-6.416938652499999307e+01,-3.694657887999999701e+01
2.951471471500000110e+00,-5.169800451399999730e+01,-5.886875150600000239e+01,-4.170475088700000299e+01,-5.462049489399999658e+01,-3.602495059499999996e+01
2.971481481500000132e+00,-5.200230308700000137e+01,-5.495921416600000242e+01,-4.280839878700000156e+01,-5.647615738100000016e+01,-3.516116677099999777e+01
2.991491491500000155e+00,-4.943348577799999788e+01,-6.166916928799999909e+01,-4.295501242800000341e+01,-5.570914242599999966e+01,-3.410945865899999774e+01
3.011501501500000177e+00,-4.850076322700000020e+01,-5.496885176499999659e+01,-4.311818228100000283e+01,-5.508167679499999991e+01,-3.291902764799999659e+01
3.031511511500000200e+00,-4.757197797799999961e+01,-5.707168992100000082e+01,-4.196905815899999936e+01,-5.529837397699999713e+01,-3.189693617200000020e+01
3.051521521499999778e+00,-4.680859592800000257e+01,-5.233457748699999712e+01,-4.055204528400000186e+01,-5.952026784699999951e+01,-3.084699200500000060e+01
3.071531531499999801e+00,-4.604839275100000151e+01,-5.267019517399999984e+01,-3.964899295699999726e+01,-5.898912891999999886e+01,-3.029399151899999865e+01
3.091541541499999823e+00,-4.497552569399999811e+01,-5.132304547100000036e+01,-3.860844508899999994e+01,-6.901896209199999532e+01,-2.958987511500000167e+01
3.111551551599999854e+00,-4.780049857699999905e+01,-5.113353214699999683e+01,-3.725409829099999826e+01,-6.361901062399999773e+01,-2.920857812599999903e+01
3.131561561599999877e+00,-4.585802517900000197e+01,-5.131194180100000324e+01,-3.679139802699999962e+01,-6.625936541599999430e+01,-2.894748313899999914e+01
3.151571571599999899e+00,-4.607916326800000206e+01,-4.817923601799999744e+01,-3.647219340800000253e+01,-6.075018127199999896e+01,-2.907325716900000145e+01
3.171581581599999922e+00,-4.551618950600000346e+01,-4.925235093500000261e+01,-3.603638625199999979e+01,-5.917798644500000194e+01,-2.841705496699999856e+01
3.191591591599999944e+00,-4.691439283500000101e+01,-4.699418962299999691e+01,-3.575126366800000000e+01,-6.321235054099999928e+01,-2.825380640499999885e+01
3.211601601599999967e+00,-4.763914975499999827e+01,-4.622326377699999966e+01,-3.542270686500000210e+01,-6.049256523599999724e+01,-2.826225605799999840e+01
3.231611611599999989e+00,-4.452097587600000139e+01,-4.432589809299999928e+01,-3.503137072199999835e+01,-5.855102626499999730e+01,-2.772398668099999952e+01
3.251621621600000012e+00,-4.496640422899999834e+01,-4.497645050300000236e+01,-3.469121856400000325e+01,-6.156989235700000052e+01,-2.773129774999999952e+01
3.271631631600000034e+00,-4.589835003799999669e+01,-4.710852872000000247e+01,-3.445094987099999884e+01,-5.600462405100000041e+01,-2.762342314400000021e+01
3.291641641600000057e+00,-4.575996765200000027e+01,-4.967628056400000247e+01,-3.457790454300000249e+01,-6.835871489199999473e+01,-2.723529350600000143e+01
3.311651651699999643e+00,-4.532894394299999874e+01,-4.785938040300000296e+01,-3.358491127500000317e+01,-6.693241654199999857e+01,-2.721865572000000100e+01
3.331661661699999666e+00,-4.526825815499999806e+01,-4.891963782799999905e+01,-3.296542914700000182e+01,-5.654077108199999913e+01,-2.730145173600000064e+01
3.351671671699999688e+00,-4.327437702499999972e+01,-4.970637010299999758e+01,-3.312202705499999666e+01,-5.667991942999999821e+01,-2.735578181400000020e+01
3.371681681699999711e+00,-4.510679199599999833e+01,-5.092143313399999727e+01,-3.254317198799999744e+01,-6.190416433499999727e+01,-2.762938591200000005e+01
3.391691691699999733e+00,-4.654584832700000163e+01,-5.091199081500000290e+01,-3.324488937699999980e+01,-5.653263273000000311e+01,-2.783663008899999980e+01
3.411701701699999756e+00,-4.597238702500000329e+01,-4.908053146799999666e+01,-3.281057757399999986e+01,-6.545019610900000373e+01,-2.792687728199999952e+01
3.431711711699999778e+00,-4.568876639900000214e+01,-5.014427408200000258e+01,-3.235177883200000082e+01,-7.003499296200000401e+01,-2.805667220300000153e+01
3.451721721699999801e+00,-4.383485275999999686e+01,-4.888218704799999870e+01,-3.201727842900000098e+01,-6.311074185999999742e+01,-2.834835269299999894e+01
3.471731731699999823e+00,-4.312027670199999818e+01,-5.017611028299999987e+01,-3.190224649600000006e+01,-6.225730795399999806e+01,-2.848263041399999906e+01
3.491741741699999846e+00,-4.177055587499999945e+01,-4.883430378799999971e+01,-3.173643961999999874e+01,-6.198425017200000298e+01,-2.883112332099999975e+01
3.511751751800000321e+00,-4.063907430700000134e+01,-5.003444422700000160e+01,-3.172782858100000070e+01,-5.548523344499999865e+01,-2.899739678499999940e+01
3.531761761800000343e+00,-3.991365214999999722e+01,-5.064693051500000109e+01,-3.115543885900000021e+01,-6.059596817399999935e+01,-2.964372344599999920e+01
3.551771771800000366e+00,-4.042776531799999873e+01,-4.859733075900000188e+01,-3.105690382999999954e+01,-6.127321515999999946e+01,-2.998263626700000017e+01
3.571781781800000388e+00,-4.046125616399999814e+01,-4.820524825300000060e+01,-3.107756034899999875e+01,-6.720651991900000155e+01,-3.059538815899999875e+01
3.591791791800000411e+00,-4.081021536600000132e+01,-4.595904503900000293e+01,-3.142979895499999898e+01,-5.609919638499999905e+01,-3.126287379400000077e+01
3.611801801799999989e+00,-4.048233494099999774e+01,-4.571401675599999948e+01,-3.166208612400000177e+01,-5.774382647800000257e+01,-3.140807118400000064e+01
3.631811811800000012e+00,-4.003176072299999788e+01,-4.510366660900000113e+01,-3.159752331500000011e+01,-5.581088809500000281e+01,-3.183498241499999892e+01
3.651821821800000034e+00,-4.121992470200000014e+01,-4.839021404700000062e+01,-3.149266847000000169e+01,-5.634880871699999716e+01,-3.262462629699999894e+01
3.671831831800000057e+00,-4.028906933100000032e+01,-4.882177094899999759e+01,-3.162440509500000019e+01,-5.978208207699999832e+01,-3.284943036899999669e+01
3.691841841800000079e+00,-4.125868983099999809e+01,-4.745862262699999690e+01,-3.210838779099999840e+01,-6.008712280499999991e+01,-3.348127981300000044e+01
3.711851851900000110e+00,-4.112954194800000352e+01,-4.841180712399999919e+01,-3.226931624600000248e+01,-5.911623930300000040e+01,-3.448562333899999999e+01
3.731861861900000132e+00,-3.990394985100000014e+01,-4.887164148600000146e+01,-3.226776222499999847e+01,-5.975642955299999670e+01,-3.558002481100000125e+01
3.751871871900000155e+00,-4.012073780699999759e+01,-4.880490492700000260e+01,-3.214043695800000222e+01,-5.942867179699999980e+01,-3.672932959399999930e+01
3.771881881900000177e+00,-4.070694782199999651e+01,-4.996208078499999772e+01,-3.241391869899999989e+01,-5.548132893100000018e+01,-3.826049670500000133e+01
3.791891891900000200e+00,-4.029137355400000331e+01,-5.315932918899999748e+01,-3.314456739500000282e+01,-5.680857708700000330e+01,-4.000281324499999869e+01
3.811901901900000222e+00,-4.031596379199999802e+01,-4.984440823199999926e+01,-3.396933302299999724e+01,-6.041941677300000180e+01,-4.058732036699999668e+01
3.831911911900000245e+00,-4.149074191500000097e+01,-5.347303966999999858e+01,-3.441611410800000215e+01,-6.321046494400000171e+01,-4.101520051699999669e+01
3.851921921900000267e+00,-4.131681253899999717e+01,-5.445871033299999908e+01,-3.384130093299999942e+01,-5.877347468699999666e+01,-4.145082406200000236e+01
3.871931931900000290e+00,-4.123605161999999780e+01,-5.752989780499999739e+01,-3.418683031199999789e+01,-5.810103355500000077e+01,-4.173707817300000045e+01
3.891941941900000312e+00,-4.122898629899999889e+01,-5.642270073699999955e+01,-3.405173229900000109e+01,-5.959613573800000097e+01,-4.053188711899999674e+01
3.911951951999999899e+00,-4.066780396899999772e+01,-5.118622800200000000e+01,-3.381657946899999700e+01,-5.598045716899999746e+01,-4.131041648600000116e+01
3.931961961999999922e+00,-4.017784663799999834e+01,-5.706437315400000188e+01,-3.330380802900000248e+01,-5.668353896899999711e+01,-4.116272443599999775e+01
3.951971971999999944e+00,-4.047772454599999747e+01,-6.359289222900000027e+01,-3.293439059699999660e+01,-6.119968744700000229e+01,-4.080574001699999798e+01
3.971981981999999967e+00,-4.159113453300000174e+01,-6.342256125299999781e+01,-3.333010948300000109e+01,-5.433531784800000253e+01,-3.896651650399999767e+01
3.991991991999999989e+00,-4.078643238299999751e+01,-5.402125226700000127e+01,-3.322384646999999802e+01,-6.690363068800000690e+01,-3.790662680199999812e+01
4.012002002000000012e+00,-4.131717956699999661e+01,-5.403217375900000263e+01,-3.380268230899999793e+01,-5.706636353500000070e+01,-3.721211970200000252e+01
4.032012012000000034e+00,-4.053708429899999999e+01,-5.859844772999999662e+01,-3.344821308099999868e+01,-5.577416741399999722e+01,-3.710586472100000321e+01
4.052022022000000057e+00,-3.989957353599999834e+01,-5.808940130500000265e+01,-3.273217514600000300e+01,-5.625518107900000331e+01,-3.677519311100000010e+01
4.072032032000000079e+00,-4.046571982199999695e+01,-5.371279020299999729e+01,-3.257263329599999935e+01,-5.369760533600000230e+01,-3.570821397200000291e+01
4.092042042000000102e+00,-4.013634810100000294e+01,-5.072614813300000236e+01,-3.311272105100000118e+01,-5.926063831900000167e+01,-3.492566488700000349e+01
4.112052052100000132e+00,-3.917230829199999675e+01,-5.238386462300000090e+01,-3.283212662999999765e+01,-5.660530839399999792e+01,-3.477510840299999728e+01
4.132062062100000155e+00,-3.987133091300000132e+01,-4.924576287699999710e+01,-3.350446450500000140e+01,-6.432224146699999778e+01,-3.430590835999999655e+01
4.152072072100000177e+00,-4.072422390999999919e+01,-4.825213572199999845e+01,-3.295046061099999690e+01,-5.675089431899999681e+01,-3.375778991399999995e+01
4.172082082100000200e+00,-3.971400775899999758e+01,-5.148622679500000032e+01,-3.264117873800000069e+01,-6.032913609399999899e+01,-3.402772256600000134e+01
4.192092092100000222e+00,-4.123329453000000200e+01,-4.570542456100000095e+01,-3.327862752299999727e+01,-5.607105089699999922e+01,-3.412023466499999813e+01
4.212102102100000245e+00,-4.212022990300000203e+01,-4.469448524700000291e+01,-3.413445170899999681e+01,-6.413889781299999981e+01,-3.415133752100000208e+01
4.232112112100000267e+00,-4.073320569700000249e+01,-4.376645307900000148e+01,-3.516146650700000009e+01,-6.169816210100000120e+01,-3.400239001700000330e+01
4.252122122100000290e+00,-4.223753789700000283e+01,-4.508653818399999835e+01,-3.529524562800000353e+01,-5.637146485200000257e+01,-3.388024106799999657e+01
4.272132132100000312e+00,-4.196776886899999681e+01,-5.157129983699999798e+01,-3.504119671400000158e+01,-5.055026770999999997e+01,-3.379697589700000293e+01
4.292142142100000335e+00,-4.591821562500000198e+01,-5.011711305200000055e+01,-3.650133403400000276e+01,-5.537026889799999907e+01,-3.426767031699999677e+01
4.312152152199999477e+00,-4.160202556200000146e+01,-4.381426678399999730e+01,-3.865219367000000261e+01,-5.935489250399999861e+01,-3.495636765900000142e+01
4.332162162199999500e+00,-4.336390665700000113e+01,-5.118451907000000034e+01,-3.794183504099999737e+01,-5.718132004899999998e+01,-3.459236931499999912e+01
4.352172172199999522e+00,-4.496366383000000155e+01,-4.740454796600000265e+01,-3.884271585500000157e+01,-5.130157874599999701e+01,-3.516306394600000118e+01
4.372182182199999545e+00,-4.410006245200000308e+01,-4.968186051699999695e+01,-3.810454221700000232e+01,-7.492861185099999943e+01,-3.618372655999999665e+01
4.392192192199999567e+00,-4.744899294300000037e+01,-5.013914423899999662e+01,-3.856673356200000313e+01,-5.943887944600000139e+01,-3.671623841299999924e+01
4.412202202199999590e+00,-4.530338834900000222e+01,-5.249174079200000165e+01,-3.985928964099999661e+01,-5.785546759999999722e+01,-3.701349496099999925e+01
4.432212212199999612e+00,-4.647736413500000197e+01,-4.790275225999999975e+01,-4.372870749199999807e+01,-5.855617663599999645e+01,-3.803136543600000152e+01
4.452222222199999635e+00,-4.616011240699999973e+01,-4.475875577400000083e+01,-4.699213194699999718e+01,-6.207177678299999712e+01,-3.804650098599999808e+01
4.472232232199999657e+00,-4.826282968099999948e+01,-4.742894225999999946e+01,-4.590978740100000266e+01,-5.735491052199999729e+01,-3.804111596300000286e+01
4.492242242199999680e+00,-4.515194928100000027e+01,-6.007271040900000258e+01,-4.480268834599999650e+01,-5.326353739700000034e+01,-3.909446694199999683e+01
4.512252252300000599e+00,-4.944925908500000133e+01,-5.222678702700000031e+01,-4.027010738599999939e+01,-5.136285912700000011e+01,-3.917004102899999651e+01
4.532262262300000621e+00,-4.818269702999999993e+01,-4.790706838199999851e+01,-4.048260656000000068e+01,-5.483530374499999738e+01,-4.002853864400000106e+01
4.552272272299999756e+00,-4.911470339299999921e+01,-4.839754990699999837e+01,-4.021315769999999645e+01,-5.403685435300000250e+01,-4.007452723600000155e+01
4.572282282299999778e+00,-4.634169681000000196e+01,-4.866984278200000347e+01,-4.188716327600000255e+01,-5.079646669899999978e+01,-4.038740624500000109e+01
4.592292292299999801e+00,-4.763987139200000342e+01,-4.691098100199999976e+01,-4.284283919800000007e+01,-5.411402205400000298e+01,-4.169586965700000292e+01
4.612302302299999823e+00,-4.883798418199999958e+01,-5.065603217000000313e+01,-3.811817376999999851e+01,-5.102984773899999738e+01,-4.195832371299999863e+01
4.632312312299999846e+00,-4.719866799500000099e+01,-4.671769298899999967e+01,-3.647694354000000061e+01,-6.054802398199999658e+01,-4.169738279199999909e+01
4.652322322299999868e+00,-4.536470846800000345e+01,-4.591446317199999783e+01,-3.671095272600000214e+01,-5.359549531999999772e+01,-4.094085273700000016e+01
4.672332332299999891e+00,-4.824615423200000208e+01,-4.475430412099999700e+01,-3.595288029900000026e+01,-5.978729838299999955e+01,-4.008150516900000326e+01
4.692342342299999913e+00,-4.710096626600000036e+01,-4.696718541100000266e+01,-3.562666063300000019e+01,-5.404540168999999850e+01,-3.941300604700000321e+01
4.712352352399999944e+00,-4.841521466399999696e+01,-4.588452205800000172e+01,-3.399030888299999731e+01,-5.673883497500000317e+01,-3.868408081100000118e+01
4.732362362399999967e+00,-4.649313769500000149e+01,-4.688148249599999673e+01,-3.391853516399999791e+01,-6.136203931200000028e+01,-3.731920099999999962e+01
4.752372372399999989e+00,-4.859838331600000316e+01,-4.989826996499999723e+01,-3.444710728100000097e+01,-5.451708285699999834e+01,-3.710393632699999955e+01
4.772382382400000012e+00,-4.747077602400000274e+01,-4.668021267799999663e+01,-3.461046340400000076e+01,-5.654574559999999650e+01,-3.567968345399999919e+01
4.792392392400000034e+00,-4.836843217399999872e+01,-4.732735557600000220e+01,-3.432711951200000300e+01,-5.590591781599999877e+01,-3.635528529799999831e+01
4.812402402400000057e+00,-5.290110962499999658e+01,-4.931428842500000087e+01,-3.542252707000000100e+01,-5.388616648899999717e+01,-3.508377722600000226e+01
4.832412412399999191e+00,-4.443741128900000348e+01,-5.120749130699999796e+01,-3.580407968000000096e+01,-5.601630367100000285e+01,-3.543158275700000104e+01
4.852422422399999213e+00,-4.628048696999999834e+01,-5.506783781800000099e+01,-3.570960801599999712e+01,-7.637707084299999849e+01,-3.408811743100000058e+01
4.872432432399999236e+00,-4.609461635099999910e+01,-5.134571983400000050e+01,-3.560064875799999840e+01,-6.741301278299999922e+01,-3.428438383499999986e+01
4.892442442399999258e+00,-4.311881465500000132e+01,-4.647318606000000329e+01,-3.578407737799999921e+01,-5.347481077700000185e+01,-3.399450102899999848e+01
4.912452452500000177e+00,-4.608023419300000256e+01,-4.813786683699999713e+01,-3.597112599799999799e+01,-5.658349666000000155e+01,-3.305590897700000141e+01
4.932462462500000200e+00,-4.282314646700000083e+01,-4.641106919700000333e+01,-3.653551002399999703e+01,-5.024086142699999868e+01,-3.239029449299999897e+01
4.952472472500000222e+00,-4.820218723100000346e+01,-4.928561668799999751e+01,-3.821832471199999759e+01,-5.704906674200000083e+01,-3.340396557300000069e+01
4.972482482500000245e+00,-4.574501312900000016e+01,-4.791521633299999650e+01,-3.939445806399999839e+01,-5.280407242199999729e+01,-3.318199173200000018e+01
4.992492492500000267e+00,-4.871467340099999888e+01,-4.661713062399999785e+01,-3.962579808200000286e+01,-5.266561453900000345e+01,-3.373993563399999829e+01
5.012502502500000290e+00,-4.721441221599999949e+01,-4.258791823699999668e+01,-3.938718994300000276e+01,-5.794027408000000179e+01,-3.317140041700000097e+01
5.032512512500000312e+00,-4.486821463300000090e+01,-4.589106663799999808e+01,-4.144299040800000000e+01,-5.393840765299999873e+01,-3.361961129299999840e+01
5.052522522500000335e+00,-4.479223782399999720e+01,-4.469631028300000253e+01,-4.126815992200000238e+01,-5.285784670099999971e+01,-3.358081563100000011e+01
5.072532532500000357e+00,-4.612164634500000204e+01,-4.202954458199999976e+01,-4.336827793399999820e+01,-5.116359991299999876e+01,-3.420752865499999729e+01
5.092542542500000380e+00,-5.352195341299999853e+01,-4.340522782000000035e+01,-4.133811789199999964e+01,-5.043140336100000098e+01,-3.476051248899999990e+01
5.112552552600000411e+00,-5.329645574700000310e+01,-4.311339161600000125e+01,-4.183440469399999984e+01,-5.391550191000000325e+01,-3.485239013399999664e+01
5.132562562600000433e+00,-5.383027539599999756e+01,-4.190321904000000330e+01,-4.295640945299999913e+01,-5.758483403000000322e+01,-3.519435426300000103e+01
5.152572572600000456e+00,-5.910643034800000351e+01,-4.254299205699999931e+01,-4.047832207500000123e+01,-4.820931164899999999e+01,-3.561493756499999819e+01
5.172582582600000478e+00,-5.141155052100000233e+01,-4.037210153099999843e+01,-4.242348410400000347e+01,-4.844123562299999719e+01,-3.519377538900000246e+01
5.192592592600000501e+00,-5.190714035799999948e+01,-4.144191405400000150e+01,-4.232904379299999675e+01,-5.325141358399999802e+01,-3.572181458499999707e+01
5.212602602600000523e+00,-5.216558805399999699e+01,-3.870606837100000064e+01,-4.169640127699999965e+01,-5.595477892600000303e+01,-3.563655447899999729e+01
5.232612612600000546e+00,-4.911531151399999828e+01,-3.941366902400000072e+01,-3.948464920899999697e+01,-4.938359841799999828e+01,-3.489955253000000113e+01
5.252622622600000568e+00,-5.088870988899999759e+01,-4.016838955699999758e+01,-3.855194806899999804e+01,-5.466833425299999760e+01,-3.503428110000000117e+01
5.272632632600000591e+00,-5.430193075700000094e+01,-4.132739005500000218e+01,-3.828492055299999919e+01,-5.403638210799999797e+01,-3.556245363899999745e+01
5.292642642600000613e+00,-4.942833424399999842e+01,-4.194708106000000214e+01,-3.796026933299999939e+01,-5.186292665799999924e+01,-3.536330049299999700e+01
5.312652652699999756e+00,-5.237029131799999959e+01,-4.126048676300000295e+01,-3.677672431799999941e+01,-5.517009704600000219e+01,-3.515243985299999707e+01
5.332662662699999778e+00,-4.751484804900000114e+01,-4.288434728000000007e+01,-3.861884873300000010e+01,-5.818394793600000270e+01,-3.447837663499999650e+01
5.352672672699999801e+00,-4.387639029799999690e+01,-4.331013698200000306e+01,-3.539687134199999718e+01,-4.899633793999999654e+01,-3.462170436699999954e+01
5.372682682699999823e+00,-4.296441056500000144e+01,-3.969845683999999864e+01,-3.403552614800000242e+01,-5.040972217699999902e+01,-3.523632262099999934e+01
5.392692692699999846e+00,-4.504080352599999770e+01,-4.076709505800000244e+01,-3.440444350199999946e+01,-4.775403116300000050e+01,-3.502064005900000154e+01
5.412702702699999868e+00,-4.156205611699999736e+01,-4.330095264999999927e+01,-3.429284803200000198e+01,-4.827040027099999975e+01,-3.508472774599999866e+01
5.432712712699999891e+00,-4.160735576300000105e+01,-4.019763455900000082e+01,-3.437064734599999838e+01,-4.661260811700000062e+01,-3.490210979700000138e+01
5.452722722699999913e+00,-4.252224992800000081e+01,-4.074756716699999970e+01,-3.271572320300000314e+01,-4.555133448899999848e+01,-3.629687845899999843e+01
5.472732732699999936e+00,-4.146038733500000006e+01,-4.020169175200000211e+01,-3.303272626900000120e+01,-4.330601276800000221e+01,-3.708928151399999962e+01
5.492742742699999958e+00,-4.235318157300000053e+01,-3.911749875499999973e+01,-3.208788940000000167e+01,-4.538393857500000195e+01,-3.624370117800000202e+01
5.512752752799999989e+00,-4.160101469199999968e+01,-3.877542016299999972e+01,-3.232435670800000338e+01,-4.223221099100000231e+01,-3.767576415399999945e+01
5.532762762800000012e+00,-3.906016554899999704e+01,-3.740954865199999801e+01,-3.314164360200000203e+01,-4.296701573699999699e+01,-3.866586242799999695e+01
5.552772772800000034e+00,-4.189024051100000179e+01,-4.009456406500000014e+01,-3.339566423699999831e+01,-4.225319451400000048e+01,-3.805408727900000088e+01
5.572782782800000057e+00,-4.254304041099999978e+01,-3.791947100699999851e+01,-3.359564701899999761e+01,-4.201736136499999930e+01,-3.841945143899999948e+01
5.592792792800000079e+00,-4.385935579600000267e+01,-3.832873799099999701e+01,-3.457721233800000249e+01,-3.979635970900000075e+01,-3.858432782300000241e+01
5.612802802800000102e+00,-4.525538094299999869e+01,-3.741877474700000050e+01,-3.486809033499999799e+01,-4.200044387599999851e+01,-3.823729659300000350e+01
5.632812812800000124e+00,-4.135622268499999876e+01,-4.090375845500000196e+01,-3.798546447900000089e+01,-4.203307937499999980e+01,-4.037661220599999723e+01
5.652822822800000147e+00,-4.480733572999999836e+01,-3.916159570399999978e+01,-3.834835779600000194e+01,-3.980443664199999887e+01,-4.072287342500000307e+01
5.672832832800000169e+00,-4.166550220799999948e+01,-3.875998289000000341e+01,-3.778810330400000339e+01,-3.879047375999999758e+01,-3.932469834599999814e+01
5.692842842800000192e+00,-4.528354477700000302e+01,-3.880231234200000046e+01,-3.841597283800000184e+01,-4.046533806299999725e+01,-4.126252595399999734e+01
5.712852852899999334e+00,-4.325497184400000350e+01,-3.841849968100000012e+01,-3.837972312099999783e+01,-4.128813867499999901e+01,-4.036846345299999683e+01
5.732862862899999357e+00,-4.352617399700000078e+01,-3.764472456499999709e+01,-3.860632122599999860e+01,-4.067123080500000043e+01,-4.150164627499999881e+01
5.752872872899999379e+00,-4.276893644700000152e+01,-3.920879791600000175e+01,-3.998870951100000326e+01,-4.111465742400000067e+01,-4.117397603900000291e+01
5.772882882899999402e+00,-4.386995372700000217e+01,-3.622556442999999859e+01,-3.819472003599999965e+01,-4.113116768999999806e+01,-4.208599177100000333e+01
5.792892892899999424e+00,-5.386800365900000287e+01,-3.622464660199999997e+01,-3.662421958000000188e+01,-4.210698381899999987e+01,-4.404964018100000089e+01
5.812902902899999447e+00,-4.537819262800000075e+01,-3.484517752000000002e+01,-3.738749718100000052e+01,-4.109701756300000142e+01,-4.452731692599999747e+01
5.832912912899999469e+00,-4.602801132300000120e+01,-3.394881272899999658e+01,-3.743521144000000334e+01,-4.106606808200000103e+01,-4.540633138100000110e+01
5.852922922899999492e+00,-4.457671290700000100e+01,-3.346224991300000084e+01,-3.651737059700000287e+01,-4.214899274700000120e+01,-4.347818566699999820e+01
5.872932932899999514e+00,-4.693017151899999817e+01,-3.302963903300000226e+01,-3.562525414299999937e+01,-4.102591513299999804e+01,-4.331832307300000195e+01
5.892942942899999537e+00,-4.410696604400000354e+01,-3.402678329100000099e+01,-3.559842064499999736e+01,-3.952827028800000164e+01,-4.369391578999999837e+01
5.912952952999999567e+00,-4.567011322300000131e+01,-3.151252943700000131e+01,-3.466538411700000211e+01,-4.295639041100000100e+01,-4.406257215299999785e+01
5.932962962999999590e+00,-4.538384147400000046e+01,-3.098954569600000042e+01,-3.351304712200000324e+01,-4.132137416599999824e+01,-4.186035077399999693e+01
5.952972972999999612e+00,-4.499299377799999888e+01,-3.172805333799999872e+01,-3.368805676800000271e+01,-4.061008861599999875e+01,-4.306631103299999808e+01
5.972982982999999635e+00,-4.698640787000000074e+01,-3.063730363799999878e+01,-3.301326918200000193e+01,-4.209203203300000240e+01,-4.189713066299999866e+01
5.992992992999999657e+00,-5.036141794699999963e+01,-3.121714248600000019e+01,-3.216167896399999648e+01,-4.079195049700000197e+01,-4.062341808600000093e+01
6.013003002999999680e+00,-5.134869253200000117e+01,-3.043606820899999832e+01,-3.219885449800000288e+01,-4.475342454100000111e+01,-3.844275059699999986e+01
6.033013012999999702e+00,-4.556460483800000105e+01,-3.103651481400000023e+01,-3.116433239099999852e+01,-4.346434726300000051e+01,-3.683660548400000323e+01
6.053023022999999725e+00,-4.512106136300000259e+01,-3.085430927299999837e+01,-3.070961902100000174e+01,-4.294098719299999800e+01,-3.711246369300000225e+01
6.073033032999999747e+00,-4.873319721800000082e+01,-3.063448702499999854e+01,-2.999180884400000124e+01,-4.290287924199999736e+01,-3.466793730599999890e+01
6.093043042999999770e+00,-4.480202859300000284e+01,-3.029373283099999981e+01,-3.014606247300000064e+01,-4.322073870900000259e+01,-3.533955278999999905e+01
6.113053053100000689e+00,-5.024035937000000018e+01,-2.932840805200000034e+01,-2.968150126200000116e+01,-4.268294510700000188e+01,-3.352781235799999848e+01
6.133063063100000711e+00,-5.291589981900000339e+01,-3.032822021400000168e+01,-2.969948746300000053e+01,-4.456944733800000336e+01,-3.238225778000000332e+01
6.153073073100000734e+00,-7.561302515900000287e+01,-3.037843289399999946e+01,-2.909153433000000177e+01,-5.318466292499999781e+01,-3.181843493799999933e+01
6.173083083100000756e+00,-4.736460989500000096e+01,-2.865536231500000142e+01,-2.921005760399999929e+01,-5.168476751400000069e+01,-3.166474915799999934e+01
6.193093093100000779e+00,-5.054831926800000019e+01,-2.931102677599999851e+01,-2.892401590700000114e+01,-4.546277765300000340e+01,-3.187373678999999882e+01
6.213103103100000801e+00,-4.673953086699999915e+01,-2.971459435899999946e+01,-2.912160803000000087e+01,-4.704773861099999976e+01,-3.111560447999999823e+01
6.233113113100000824e+00,-4.385010737999999719e+01,-3.003664003400000126e+01,-2.930364147399999908e+01,-4.776191770100000156e+01,-3.101467634700000175e+01
6.253123123099999958e+00,-5.255244903199999840e+01,-2.976262570700000154e+01,-2.864515723699999938e+01,-4.435149284100000244e+01,-3.171331182300000151e+01
6.273133133099999981e+00,-4.530707666400000022e+01,-3.002090289199999873e+01,-2.909427829799999898e+01,-4.314692937699999931e+01,-3.079344433400000014e+01
6.293143143100000003e+00,-4.456820172700000171e+01,-3.168956244099999964e+01,-2.903450797100000003e+01,-4.046906843099999662e+01,-3.077682355600000008e+01
6.313153153200000034e+00,-4.700072482099999860e+01,-3.067298367300000095e+01,-2.951042294899999874e+01,-3.938421212800000148e+01,-3.088152395299999853e+01
6.333163163200000056e+00,-5.355716059299999898e+01,-3.216723029900000341e+01,-2.932950805300000141e+01,-3.955311802899999662e+01,-3.094264216599999884e+01
6.353173173200000079e+00,-4.337288222800000170e+01,-3.410729079499999727e+01,-2.912430301499999885e+01,-3.972202122400000235e+01,-3.150510484100000141e+01
6.373183183200000101e+00,-4.377479281600000149e+01,-3.541344158100000072e+01,-2.927437153300000006e+01,-3.821417839699999774e+01,-3.201838276000000150e+01
6.393193193200000124e+00,-4.472802508099999841e+01,-3.400289513700000299e+01,-2.981520853199999976e+01,-3.783698324899999932e+01,-3.256260457999999858e+01
6.413203203200000146e+00,-4.135852805700000090e+01,-3.781068832500000099e+01,-2.979994575699999970e+01,-3.699918090700000306e+01,-3.162023674599999978e+01
6.433213213200000169e+00,-4.308219379799999871e+01,-3.809900748100000101e+01,-3.023101592700000140e+01,-3.661145280000000213e+01,-3.264148071900000048e+01
6.453223223200000191e+00,-4.122679130800000280e+01,-3.968572467900000333e+01,-2.981113738100000177e+01,-3.753340589500000135e+01,-3.181153933299999892e+01
6.473233233200000214e+00,-4.179990501999999708e+01,-3.784575477100000285e+01,-3.021254602400000167e+01,-3.657648449999999940e+01,-3.256693332100000049e+01
6.493243243200000236e+00,-4.331203633599999847e+01,-3.931540267900000174e+01,-2.973575287799999955e+01,-3.582566997400000020e+01,-3.165805752200000001e+01
6.513253253300000267e+00,-4.051018437900000180e+01,-3.830839710299999723e+01,-2.983525806700000160e+01,-3.567624015300000195e+01,-3.177402059299999948e+01
6.533263263300000290e+00,-4.559148268900000289e+01,-3.728789578199999966e+01,-2.925748546799999872e+01,-3.625893520599999675e+01,-3.234612058199999751e+01
6.553273273300000312e+00,-4.269307073299999900e+01,-3.728826242699999938e+01,-2.920833797699999934e+01,-3.563739660499999928e+01,-3.164237489299999950e+01
6.573283283300000335e+00,-4.322622830800000315e+01,-3.685570186900000067e+01,-2.904176423799999895e+01,-3.505152844799999912e+01,-3.099562479000000081e+01
6.593293293300000357e+00,-4.456247639499999735e+01,-3.326111386600000230e+01,-2.880069377399999908e+01,-3.516018786200000079e+01,-3.012335209000000091e+01
6.613303303300000380e+00,-4.426721582199999716e+01,-3.241939216899999820e+01,-2.897599622999999980e+01,-3.508888440500000172e+01,-3.036055102599999955e+01
6.633313313300000402e+00,-4.678760110399999661e+01,-3.133931262899999837e+01,-2.874134523200000046e+01,-3.466182437799999860e+01,-2.908391447200000002e+01
6.653323323300000425e+00,-4.219692090299999876e+01,-3.132503283599999833e+01,-2.953034601599999931e+01,-3.435426494400000053e+01,-2.897915010899999899e+01
6.673333333300000447e+00,-4.302736850499999832e+01,-2.985139779100000013e+01,-2.960452764000000059e+01,-3.447018569400000132e+01,-2.862863101700000001e+01
6.693343343300000470e+00,-4.158425278899999711e+01,-2.937164378800000009e+01,-2.992232775700000147e+01,-3.356321015900000049e+01,-2.851280490999999984e+01
6.713353353399999612e+00,-4.385189450899999741e+01,-2.848589576799999890e+01,-2.952051144900000068e+01,-3.324681950699999788e+01,-2.770213860400000172e+01
6.733363363399999635e+00,-4.377908474400000216e+01,-2.811087610699999928e+01,-2.988316505799999945e+01,-3.304317393299999850e+01,-2.755772735800000106e+01
6.753373373399999657e+00,-4.227143548200000112e+01,-2.745313431800000004e+01,-3.062368255199999822e+01,-3.315129942800000151e+01,-2.781774267799999834e+01
6.773383383399999680e+00,-4.962254209099999969e+01,-2.798084398600000000e+01,-3.082000446500000024e+01,-3.241932281599999754e+01,-2.694872336199999907e+01
6.793393393399999702e+00,-4.869824015999999745e+01,-2.649168643899999864e+01,-3.053563803500000162e+01,-3.148324849400000147e+01,-2.699777495500000057e+01
6.813403403399999725e+00,-4.432388332099999673e+01,-2.633619150299999845e+01,-3.091243486000000118e+01,-3.128781894999999835e+01,-2.688072356900000059e+01
6.833413413399999747e+00,-4.692684502400000213e+01,-2.633286259400000162e+01,-3.178459880899999845e+01,-3.086421422000000092e+01,-2.678501709600000069e+01
6.853423423399999770e+00,-4.831015836299999933e+01,-2.585864489300000102e+01,-3.172704880199999877e+01,-3.123528491300000098e+01,-2.662657180100000076e+01
6.873433433399999792e+00,-4.849644882799999834e+01,-2.591603558999999990e+01,-3.102657355899999914e+01,-3.098783583199999825e+01,-2.650196512999999854e+01
6.893443443399999815e+00,-4.999250488300000228e+01,-2.508386619599999889e+01,-3.030902021300000015e+01,-3.084581452200000129e+01,-2.667444566600000044e+01
6.913453453499999846e+00,-4.933975835100000040e+01,-2.497501695600000104e+01,-3.058852984800000030e+01,-3.092084017000000173e+01,-2.687603487599999852e+01
6.933463463499999868e+00,-4.606202693200000198e+01,-2.523883168900000129e+01,-2.973348700800000088e+01,-3.108931211299999831e+01,-2.717594116000000071e+01
6.953473473499999891e+00,-5.061094147600000070e+01,-2.487823527999999840e+01,-2.908336724899999837e+01,-3.095079287000000079e+01,-2.706069773300000136e+01
6.973483483499999913e+00,-4.599157533700000045e+01,-2.523832892600000122e+01,-2.927149700000000010e+01,-3.138665835899999834e+01,-2.688788967200000002e+01
6.993493493499999936e+00,-4.437887489599999924e+01,-2.480119108899999958e+01,-2.885114047000000070e+01,-3.187524400899999932e+01,-2.743934294099999960e+01
7.013503503499999958e+00,-4.146146940900000288e+01,-2.476417436599999888e+01,-2.870263664799999859e+01,-3.239889364100000080e+01,-2.751560601999999989e+01
7.033513513499999981e+00,-4.338274315200000331e+01,-2.521240767400000138e+01,-2.942872867399999848e+01,-3.323006423999999726e+01,-2.745651019700000006e+01
7.053523523500000003e+00,-4.147106912499999964e+01,-2.525339870399999853e+01,-2.970099996600000125e+01,-3.375943895500000025e+01,-2.809386575999999991e+01
7.073533533500000026e+00,-4.111895665299999791e+01,-2.569714465399999881e+01,-2.960385958699999875e+01,-3.354585144100000349e+01,-2.840316439400000093e+01
7.093543543500000048e+00,-3.987746915700000017e+01,-2.597833353900000120e+01,-3.031178695299999859e+01,-3.426049820299999737e+01,-2.815935745199999829e+01
7.113553553600000079e+00,-3.922737644499999732e+01,-2.679705467499999827e+01,-3.005387999199999882e+01,-3.409043682800000141e+01,-2.886842917899999961e+01
7.133563563600000101e+00,-3.883189003300000053e+01,-2.660041693200000168e+01,-3.045562929400000129e+01,-3.307931079800000163e+01,-2.965896809299999859e+01
7.153573573600000124e+00,-3.685718074799999755e+01,-2.703936973700000124e+01,-3.186541254400000156e+01,-3.219880019800000071e+01,-2.964286618999999945e+01
7.173583583600000146e+00,-3.713742554699999943e+01,-2.666357691900000049e+01,-3.214330925099999803e+01,-3.209338881899999762e+01,-3.010527981799999964e+01
7.193593593600000169e+00,-3.582584563700000047e+01,-2.652217770900000104e+01,-3.342426559399999775e+01,-3.158002891099999943e+01,-2.991420098200000055e+01
7.213603603600000191e+00,-3.579433620199999666e+01,-2.750777971100000130e+01,-3.260016437899999886e+01,-3.135139612000000042e+01,-2.942388240200000027e+01
7.233613613600000214e+00,-3.507590355100000323e+01,-2.713661718799999889e+01,-3.306346287400000250e+01,-3.062538741599999881e+01,-2.954403040100000055e+01
7.253623623600000236e+00,-3.653084707099999662e+01,-2.741784820499999853e+01,-3.199412249999999958e+01,-3.022187016799999881e+01,-2.966502541899999912e+01
7.273633633600000259e+00,-3.729325051099999655e+01,-2.724250397200000151e+01,-3.211131297600000067e+01,-3.051128060799999986e+01,-2.913762624299999970e+01
7.293643643600000281e+00,-3.592821015599999868e+01,-2.733649133500000161e+01,-3.161892451499999979e+01,-3.013512904199999909e+01,-2.923381234500000048e+01
7.313653653699999424e+00,-3.481532682699999981e+01,-2.767573210400000150e+01,-3.218680038400000143e+01,-3.007858154899999903e+01,-2.928124894200000128e+01
7.333663663699999447e+00,-3.467865952900000082e+01,-2.747576015099999935e+01,-3.211543601500000022e+01,-3.107862409899999889e+01,-2.875371330600000164e+01
7.353673673699999469e+00,-3.464561634799999723e+01,-2.771603058599999869e+01,-3.215497403399999854e+01,-3.097337788000000103e+01,-2.876946588899999924e+01
7.373683683699999492e+00,-3.571969409900000159e+01,-2.812124630299999950e+01,-3.262565037899999965e+01,-3.123655748999999915e+01,-2.812563275500000159e+01
7.393693693699999514e+00,-3.480369998399999787e+01,-2.842997023699999914e+01,-3.304224897999999655e+01,-3.252255036199999694e+01,-2.796593862099999939e+01
7.413703703699999537e+00,-3.527893709100000308e+01,-2.924886769700000144e+01,-3.255907420399999808e+01,-3.235547679599999782e+01,-2.742501254300000113e+01
7.433713713699999559e+00,-3.651648313700000159e+01,-2.917788829299999875e+01,-3.426583486799999889e+01,-3.323321000400000003e+01,-2.712835633799999968e+01
7.453723723699999582e+00,-3.563793198399999795e+01,-3.088348874200000083e+01,-3.452213737099999946e+01,-3.392100064899999978e+01,-2.754178954300000015e+01
7.473733733699999604e+00,-3.607248321499999832e+01,-3.028575561899999968e+01,-3.449744763000000347e+01,-3.334814170500000330e+01,-2.724101047699999967e+01
7.493743743699999627e+00,-3.378740223599999837e+01,-3.138933002599999966e+01,-3.438325763999999651e+01,-3.361059348100000221e+01,-2.803668383899999839e+01
7.513753753800000545e+00,-3.699644825899999745e+01,-3.210630568999999923e+01,-3.578109640899999988e+01,-3.274777774599999702e+01,-2.861198670299999947e+01
7.533763763800000568e+00,-3.582303694000000149e+01,-3.391066983599999674e+01,-3.595544778299999678e+01,-3.174189908299999985e+01,-2.919869432799999842e+01
7.553773773800000590e+00,-3.528581619399999880e+01,-3.407542091199999845e+01,-3.797039060699999879e+01,-3.076287640299999993e+01,-3.043018686699999975e+01
7.573783783800000613e+00,-3.560014054199999833e+01,-3.543216882000000112e+01,-4.019199208599999906e+01,-3.090893856199999945e+01,-3.096672076999999845e+01
7.593793793799999747e+00,-3.518716976900000049e+01,-3.574058958199999836e+01,-3.894489172400000143e+01,-3.019104716100000019e+01,-3.227422853499999889e+01
7.613803803799999770e+00,-3.466638364399999972e+01,-3.431450588900000298e+01,-4.271724726400000094e+01,-2.996624319100000022e+01,-3.350832590200000283e+01
7.633813813799999792e+00,-3.407103123099999920e+01,-3.464579606299999881e+01,-4.058852375899999743e+01,-3.018057198400000019e+01,-3.440712160900000072e+01
7.653823823799999815e+00,-3.430776866699999772e+01,-3.326338765199999870e+01,-4.154796224999999765e+01,-2.896404697699999886e+01,-3.639585120600000323e+01
7.673833833799999837e+00,-3.406500426099999856e+01,-3.263266731800000287e+01,-4.388697849100000070e+01,-2.874711882700000132e+01,-3.613873022399999968e+01
7.693843843799999860e+00,-3.408955846300000303e+01,-3.087209750099999894e+01,-4.385635837899999956e+01,-2.860452573299999912e+01,-3.874947518900000176e+01
7.713853853899999891e+00,-3.232444111800000286e+01,-3.255099830099999991e+01,-4.096570568399999956e+01,-2.888923567699999850e+01,-4.348404580900000127e+01
7.733863863899999913e+00,-3.396787626100000068e+01,-3.201522630499999877e+01,-4.069533088899999740e+01,-2.833976019700000037e+01,-4.970796950900000155e+01
7.753873873899999936e+00,-3.442625884000000269e+01,-3.172272628099999991e+01,-3.841218290100000132e+01,-2.784189989500000095e+01,-5.744024083699999750e+01
7.773883883899999958e+00,-3.317601787600000307e+01,-3.167514551800000078e+01,-3.670615259000000208e+01,-2.775515475799999976e+01,-5.273125720299999841e+01
7.793893893899999981e+00,-3.360859746500000256e+01,-3.344527486399999816e+01,-3.482980294499999729e+01,-2.760141739399999850e+01,-4.566277148700000055e+01
7.813903903900000003e+00,-3.264202977600000111e+01,-3.211478893099999965e+01,-3.528368897099999657e+01,-2.777275420499999825e+01,-4.647909005999999721e+01
7.833913913900000026e+00,-3.322189402099999711e+01,-3.330888815000000136e+01,-3.413695286000000095e+01,-2.727752604899999866e+01,-4.351079172400000061e+01
7.853923923900000048e+00,-3.495936003100000278e+01,-3.117761026999999885e+01,-3.342316906799999998e+01,-2.745594177599999952e+01,-4.272498833600000268e+01
7.873933933899999182e+00,-3.295916880800000115e+01,-3.211954095899999828e+01,-3.311898568099999807e+01,-2.828285773900000066e+01,-4.256057094799999874e+01
7.893943943899999205e+00,-3.431169201099999810e+01,-3.556306207400000119e+01,-3.314320639400000346e+01,-2.873831353599999971e+01,-4.004278769300000107e+01
7.913953954000000124e+00,-3.270147008800000066e+01,-3.510001685000000293e+01,-3.290994124800000264e+01,-2.925580921799999956e+01,-3.945781721000000175e+01
7.933963964000000146e+00,-3.278830387299999671e+01,-3.398692516799999908e+01,-3.339368694800000270e+01,-2.970688333200000031e+01,-3.676281206400000201e+01
7.953973974000000169e+00,-3.336758204600000255e+01,-3.410713107400000155e+01,-3.289491176700000352e+01,-3.025354869499999921e+01,-3.775932049899999754e+01
7.973983984000000191e+00,-3.395552472600000016e+01,-3.392501728700000285e+01,-3.315275866399999671e+01,-2.984956987200000000e+01,-3.539447550300000245e+01
7.993993994000000214e+00,-3.580959291399999955e+01,-3.587854603699999956e+01,-3.233739029200000203e+01,-2.993868699900000152e+01,-3.410315304699999928e+01
8.014004004000000236e+00,-3.455153421100000344e+01,-3.806892782100000261e+01,-3.298908618499999790e+01,-3.031127404300000094e+01,-3.251943363800000242e+01
8.034014014000000259e+00,-3.438105264499999691e+01,-3.514772881399999704e+01,-3.296283588499999695e+01,-3.113886631000000094e+01,-3.173906905000000123e+01
8.054024024000000281e+00,-3.670128301399999771e+01,-3.696254461499999877e+01,-3.263191037099999647e+01,-3.059695625899999882e+01,-3.097811182799999941e+01
8.074034034000000304e+00,-3.572545104699999996e+01,-3.433992872999999690e+01,-3.331578730300000046e+01,-3.213639533900000345e+01,-3.058336662500000003e+01
8.094044044000000326e+00,-3.639240018800000342e+01,-3.589128450100000123e+01,-3.415211065599999785e+01,-3.396147555000000295e+01,-2.980733129100000056e+01
8.114054054100000357e+00,-3.618294331700000299e+01,-3.703447069500000310e+01,-3.406905841799999735e+01,-3.575415518100000156e+01,-3.007291322500000064e+01
8.134064064100000380e+00,-3.568910211099999685e+01,-3.760477615100000293e+01,-3.364855110799999949e+01,-3.594815427900000060e+01,-2.902744890099999964e+01
8.154074074100000402e+00,-3.493518441900000226e+01,-3.607899958400000173e+01,-3.513780303299999730e+01,-3.783163659400000256e+01,-2.987849001300000040e+01
8.174084084100000425e+00,-3.380176242099999939e+01,-3.683918403799999908e+01,-3.482013128300000204e+01,-3.756201148000000245e+01,-3.039691398000000078e+01
8.194094094100000447e+00,-3.248895428299999821e+01,-3.708588101699999839e+01,-3.535283313200000066e+01,-3.749880672500000145e+01,-3.039059253399999960e+01
8.214104104100000470e+00,-3.235617068100000182e+01,-3.930749412299999790e+01,-3.661944943499999994e+01,-3.855904781699999972e+01,-3.118771740300000062e+01
8.234114114100000492e+00,-3.051810930299999924e+01,-3.777745535399999710e+01,-3.489034207899999984e+01,-4.033974974400000235e+01,-3.046576672999999857e+01
8.254124124100000515e+00,-3.236189219100000258e+01,-4.407031655899999834e+01,-3.552332753499999995e+01,-4.061406332899999683e+01,-3.137298767100000063e+01
8.274134134100000537e+00,-3.146061574899999869e+01,-4.402180468899999966e+01,-3.518693769200000077e+01,-4.060789053599999932e+01,-3.191855871699999980e+01
8.294144144100000560e+00,-3.079630504100000010e+01,-4.210718353000000036e+01,-3.341937029700000039e+01,-4.011491974900000201e+01,-3.108263273600000076e+01
8.314154154200000590e+00,-3.051719969299999846e+01,-5.192109773300000342e+01,-3.241205353000000144e+01,-4.361894318800000292e+01,-3.238768651299999846e+01
8.334164164200000613e+00,-3.042878466399999837e+01,-6.520932180200000516e+01,-3.196009594099999873e+01,-4.572533775299999803e+01,-3.099079368199999962e+01
8.354174174200000635e+00,-2.936399797199999995e+01,-4.365611176000000171e+01,-3.054049047899999891e+01,-4.736444594900000027e+01,-3.220143775199999681e+01
8.374184184200000658e+00,-3.023214539199999962e+01,-4.445973597300000080e+01,-3.016373016300000032e+01,-4.684628202700000088e+01,-3.283761692400000243e+01
8.394194194200000680e+00,-3.025781697700000095e+01,-4.412197433899999766e+01,-2.950954057399999897e+01,-5.933585526400000276e+01,-3.198433355499999919e+01
8.414204204199998927e+00,-2.913280069600000033e+01,-4.184242201299999664e+01,-2.915206532399999872e+01,-5.305599274200000082e+01,-3.358747690599999913e+01
8.434214214199998949e+00,-2.993106171299999829e+01,-4.315277238499999868e+01,-2.919646809099999984e+01,-4.375440552999999966e+01,-3.419019321500000075e+01
8.454224224199998972e+00,-2.951304638199999886e+01,-4.076617064999999940e+01,-2.896731318599999838e+01,-4.413997175600000133e+01,-3.461580938800000240e+01
8.474234234199998994e+00,-3.025375613900000005e+01,-3.940109447100000040e+01,-2.872228218200000072e+01,-4.674995630499999777e+01,-3.439752474400000182e+01
8.494244244199999017e+00,-3.072430497799999927e+01,-4.256982580399999705e+01,-2.862922553299999961e+01,-5.185902811999999784e+01,-3.546081141300000183e+01
8.514254254300000824e+00,-3.168588901900000110e+01,-4.379808613899999870e+01,-2.862439995400000115e+01,-5.186244855500000028e+01,-3.796465000900000319e+01
8.534264264300000846e+00,-3.422811095499999823e+01,-4.031728470699999889e+01,-2.933708839199999829e+01,-4.305236205700000340e+01,-3.860249334400000265e+01
8.554274274300000869e+00,-3.393537903899999719e+01,-4.076160976199999908e+01,-2.939244855500000142e+01,-5.335112012399999770e+01,-4.195169151300000010e+01
8.574284284300000891e+00,-3.479104235300000170e+01,-3.698052148000000017e+01,-2.944729091800000020e+01,-4.733223697799999741e+01,-4.378962618999999989e+01
8.594294294299999137e+00,-3.400773067299999752e+01,-3.847953503899999816e+01,-3.122149115499999894e+01,-4.802124324300000069e+01,-4.639880008299999758e+01
8.614304304299999160e+00,-3.402047136099999847e+01,-3.700004604800000152e+01,-3.138559213699999972e+01,-4.415476382599999994e+01,-4.429127349899999899e+01
8.634314314299999182e+00,-3.709086778399999673e+01,-3.823174451999999945e+01,-3.138908256399999885e+01,-4.307076641199999756e+01,-4.932354299899999717e+01
8.654324324299999205e+00,-3.561771207999999689e+01,-3.757636431800000310e+01,-3.125662106700000109e+01,-4.529670117199999879e+01,-4.728248406699999862e+01
8.674334334299999227e+00,-3.406659823999999759e+01,-3.681799308299999751e+01,-3.021146778600000005e+01,-4.441277500900000064e+01,-4.605448466499999682e+01
8.694344344299999250e+00,-3.710747177300000033e+01,-3.504682159600000091e+01,-3.075206923800000069e+01,-4.058609463999999889e+01,-4.222730598700000115e+01
8.714354354399999281e+00,-3.313896969200000342e+01,-3.282765403100000157e+01,-3.055142468900000097e+01,-3.976804428500000199e+01,-4.020467748499999772e+01
8.734364364399999303e+00,-3.528173071999999877e+01,-3.255364088500000008e+01,-2.970666704099999933e+01,-3.828174323500000042e+01,-4.012950936800000079e+01
8.754374374399999326e+00,-3.940069540900000078e+01,-3.139476432300000042e+01,-2.860050041699999923e+01,-3.901855315699999949e+01,-3.933794467199999900e+01
8.774384384399999348e+00,-3.822760685600000130e+01,-3.162574771199999901e+01,-2.908820645000000127e+01,-3.653666478600000289e+01,-3.657179482600000142e+01
8.794394394399999371e+00,-3.605146692400000319e+01,-3.136451807399999936e+01,-2.859777026100000086e+01,-3.595210603600000354e+01,-3.668749590800000249e+01
8.814404404399999393e+00,-3.515718809199999839e+01,-2.859224188399999989e+01,-2.833389900099999892e+01,-3.513160896000000122e+01,-3.463390519499999698e+01
8.834414414399999416e+00,-3.498494467399999763e+01,-2.894255920999999887e+01,-2.876368780399999991e+01,-3.550555642900000208e+01,-3.430508837099999653e+01
8.854424424399999438e+00,-3.564921100699999812e+01,-2.860709174100000141e+01,-2.847832130999999833e+01,-3.541673538799999932e+01,-3.300606376799999708e+01
8.874434434399999461e+00,-3.733183712099999951e+01,-2.776349916499999892e+01,-2.843245959700000114e+01,-3.439258730000000241e+01,-3.236520506000000097e+01
8.894444444399999483e+00,-3.681231300400000350e+01,-2.777843301100000062e+01,-3.016234281099999848e+01,-3.288239393500000318e+01,-3.113177118500000162e+01
8.914454454499999514e+00,-3.680066045600000280e+01,-2.764293450499999949e+01,-3.028407220800000132e+01,-3.305153054899999887e+01,-3.189862172899999848e+01
8.934464464499999536e+00,-3.745276058000000319e+01,-2.576185371200000063e+01,-3.122313748799999900e+01,-3.288169341700000103e+01,-3.212145047100000284e+01
8.954474474499999559e+00,-3.859451614299999989e+01,-2.659180670299999960e+01,-3.161316062599999910e+01,-3.253699282600000231e+01,-3.278045945299999886e+01
8.974484484499999581e+00,-3.574319621600000119e+01,-2.693530187900000072e+01,-3.384715944999999948e+01,-3.358408510699999994e+01,-3.193734405400000043e+01
8.994494494499999604e+00,-3.869855208599999941e+01,-2.697512188700000024e+01,-3.331427950799999849e+01,-3.310352180600000338e+01,-3.209275488099999762e+01
9.014504504499999626e+00,-3.796037314800000217e+01,-2.562074479199999999e+01,-3.426657679299999870e+01,-3.334578161599999646e+01,-3.237967532900000123e+01
9.034514514499999649e+00,-3.942579132699999889e+01,-2.514026613100000063e+01,-3.435374602099999919e+01,-3.341715257799999961e+01,-3.112708436200000151e+01
9.054524524499999671e+00,-3.632813316699999717e+01,-2.561773422099999920e+01,-3.462152647700000330e+01,-3.266650681699999836e+01,-3.092901773000000176e+01
9.074534534499999694e+00,-3.770036301300000048e+01,-2.493513328599999923e+01,-3.473974838099999829e+01,-3.248444056200000318e+01,-3.124468074400000006e+01
9.094544544499999716e+00,-3.884042371799999671e+01,-2.571084524799999826e+01,-3.358190024000000307e+01,-3.190337256500000152e+01,-3.209750027999999844e+01
9.114554554599999747e+00,-3.860945153499999805e+01,-2.510615794299999948e+01,-3.131294152599999947e+01,-3.081493286699999956e+01,-3.137998879499999916e+01
9.134564564599999770e+00,-3.800341239299999785e+01,-2.486087049300000018e+01,-3.058994916800000041e+01,-3.048393923100000080e+01,-3.164756377799999854e+01
9.154574574599999792e+00,-3.761344064699999734e+01,-2.554687204000000023e+01,-2.864444768999999980e+01,-2.992988288900000171e+01,-3.235477522000000050e+01
9.174584584599999815e+00,-3.528983640100000230e+01,-2.540092537700000008e+01,-2.845008669599999962e+01,-2.951653109200000102e+01,-3.296458113999999995e+01
9.194594594599999837e+00,-3.745906561399999646e+01,-2.532810544599999858e+01,-2.849778531300000139e+01,-2.954353541500000091e+01,-3.400577976000000291e+01
9.214604604599999860e+00,-3.787187845599999747e+01,-2.567541586100000117e+01,-2.888281285200000070e+01,-2.972520004000000071e+01,-3.452536881799999691e+01
9.234614614599999882e+00,-3.722482063599999691e+01,-2.664727231499999860e+01,-2.895773410700000028e+01,-3.092225389000000035e+01,-3.465877678599999712e+01
9.254624624599999905e+00,-3.561912730899999957e+01,-2.708063590700000134e+01,-2.924992329299999838e+01,-3.114739345899999989e+01,-3.373519875699999915e+01
9.274634634599999927e+00,-3.323980534599999714e+01,-2.708447080699999887e+01,-3.064958781200000004e+01,-3.335369586400000230e+01,-3.345872724099999829e+01
9.294644644599999950e+00,-3.580678992899999713e+01,-2.804553346499999833e+01,-3.056406892200000058e+01,-3.428158428700000115e+01,-3.468504579900000095e+01
9.314654654699999980e+00,-3.700654676700000323e+01,-2.996067421600000102e+01,-3.110744994999999946e+01,-3.542056684500000330e+01,-3.475599325999999678e+01
9.334664664700000003e+00,-3.360925115199999880e+01,-2.858919403200000176e+01,-3.130074238599999958e+01,-3.649660225099999877e+01,-3.626377792499999941e+01
9.354674674700000025e+00,-3.500944133400000169e+01,-3.166253913799999964e+01,-3.417822754000000174e+01,-3.472229337000000271e+01,-3.593296649199999848e+01
9.374684684700000048e+00,-3.491139877999999896e+01,-3.414837227999999669e+01,-3.282112307500000270e+01,-3.272695556800000105e+01,-3.672912928400000254e+01
9.394694694700000070e+00,-3.145754950099999903e+01,-3.290298604200000199e+01,-3.300472609399999868e+01,-3.280039578800000299e+01,-3.650573756899999722e+01
9.414704704700000093e+00,-3.119106414199999833e+01,-3.245076657100000261e+01,-3.372252891899999838e+01,-3.065857853600000027e+01,-3.639709495900000036e+01
9.434714714700000115e+00,-3.100358775300000147e+01,-4.044829431600000191e+01,-3.333306564800000160e+01,-2.989201531100000153e+01,-3.615594067499999653e+01
9.454724724700000138e+00,-3.088590556799999831e+01,-4.340841021600000005e+01,-3.330457240500000182e+01,-2.927995323000000027e+01,-3.698224936900000159e+01
9.474734734700000161e+00,-3.076659644700000129e+01,-4.295455879800000076e+01,-3.399828098300000079e+01,-2.988227274600000172e+01,-3.757076706200000160e+01
9.494744744700000183e+00,-2.952344626700000063e+01,-4.268844255300000157e+01,-3.559276400499999937e+01,-2.950791969599999831e+01,-3.609341581300000001e+01
9.514754754799998437e+00,-2.987918555999999981e+01,-4.536408407900000128e+01,-3.375364059300000008e+01,-2.898440136199999984e+01,-3.729268020399999983e+01
9.534764764799998460e+00,-2.989396600699999951e+01,-4.138289292900000049e+01,-3.401938663899999682e+01,-2.884957555000000085e+01,-3.713632814799999693e+01
9.554774774799998482e+00,-2.887780952499999998e+01,-4.380032130499999710e+01,-3.381018688099999991e+01,-2.898701807200000147e+01,-3.589848906099999937e+01
9.574784784799998505e+00,-3.060613075699999897e+01,-3.723526755700000024e+01,-3.387281600200000042e+01,-2.871358313500000037e+01,-3.454431797600000209e+01
9.594794794799998527e+00,-2.908074046100000132e+01,-3.436826941900000065e+01,-3.484232542899999885e+01,-2.854131096900000131e+01,-3.396505286699999715e+01
9.614804804799998550e+00,-2.792459923399999866e+01,-3.285854548999999736e+01,-3.413731167400000288e+01,-2.912684280099999867e+01,-3.349678890700000267e+01
9.634814814799998572e+00,-2.739206737599999997e+01,-3.332715475100000191e+01,-3.372133834600000313e+01,-2.857241923999999855e+01,-3.551877221099999815e+01
9.654824824799998595e+00,-2.582645895599999974e+01,-3.145064582199999847e+01,-3.493321522800000167e+01,-2.761983832499999991e+01,-3.421661851000000354e+01
9.674834834799998617e+00,-2.679184416000000013e+01,-2.846597322899999938e+01,-3.291272728199999875e+01,-2.836099692499999847e+01,-3.366848579399999863e+01
9.694844844799998640e+00,-2.531598977899999880e+01,-2.931113982000000107e+01,-3.587998817599999768e+01,-2.889434945100000007e+01,-3.314398598799999718e+01
9.714854854900000447e+00,-2.584664261700000054e+01,-2.887661382099999940e+01,-3.463380609200000038e+01,-2.787898344199999912e+01,-3.420966203500000091e+01
9.734864864900000470e+00,-2.575037327700000134e+01,-2.738698790300000141e+01,-3.602838354000000010e+01,-2.715090196299999903e+01,-3.331339012400000144e+01
9.754874874900000492e+00,-2.502662275799999847e+01,-2.691229426700000005e+01,-3.668692572700000198e+01,-2.674092455199999918e+01,-3.272156807900000075e+01
9.774884884899998738e+00,-2.561135140900000096e+01,-2.740888952899999964e+01,-3.766116795500000336e+01,-2.615902483900000064e+01,-3.258284836400000017e+01
9.794894894899998761e+00,-2.551813901899999948e+01,-2.607507938199999842e+01,-4.024563998600000048e+01,-2.696972550699999971e+01,-3.201008708300000194e+01
9.814904904899998783e+00,-2.552250492499999979e+01,-2.501450548500000082e+01,-4.053033357000000336e+01,-2.612460988599999823e+01,-3.000271630900000019e+01
9.834914914899998806e+00,-2.687800254300000091e+01,-2.549523636099999990e+01,-4.194844827699999712e+01,-2.536350394100000116e+01,-3.006403760799999958e+01
9.854924924899998828e+00,-2.561062473799999850e+01,-2.574504736300000118e+01,-4.681753179399999709e+01,-2.568086550199999962e+01,-2.971809368899999981e+01
9.874934934899998851e+00,-2.560700635499999933e+01,-2.531409605300000010e+01,-3.951175298100000077e+01,-2.580307912600000009e+01,-3.068330327500000010e+01
9.894944944899998873e+00,-2.737785843700000044e+01,-2.562692184300000164e+01,-4.586800379499999991e+01,-2.532610273499999920e+01,-2.943559057199999884e+01
9.914954955000000680e+00,-2.606653882599999861e+01,-2.461953910800000145e+01,-4.446921187499999917e+01,-2.573437913000000066e+01,-2.985911496700000001e+01
9.934964965000000703e+00,-2.656520878199999913e+01,-2.691542362999999938e+01,-4.175899731900000234e+01,-2.480239648399999908e+01,-3.029263222499999841e+01
9.954974975000000725e+00,-2.544922317500000020e+01,-2.427101950400000163e+01,-4.289051143399999688e+01,-2.405729494199999863e+01,-2.992922329099999956e+01
9.974984985000000748e+00,-2.738170022899999978e+01,-2.530716979900000041e+01,-3.745243620499999793e+01,-2.445385549099999878e+01,-3.025980834900000005e+01
9.994994995000000770e+00,-2.716371019500000017e+01,-2.590104687199999844e+01,-3.851562902900000296e+01,-2.477119871300000042e+01,-2.951357621300000034e+01
1.001500500500000079e+01,-2.615825780300000147e+01,-2.460826331199999828e+01,-3.549100897099999941e+01,-2.403604529900000131e+01,-3.008041353100000137e+01
1.003501501500000082e+01,-2.691981349399999957e+01,-2.633932722600000176e+01,-3.723835241900000170e+01,-2.482721314799999845e+01,-3.023803246299999969e+01
1.005502502500000084e+01,-2.733219162600000018e+01,-2.531558730600000118e+01,-3.347939164200000306e+01,-2.491658672699999855e+01,-2.831754832100000030e+01
1.007503503500000086e+01,-2.562641680300000147e+01,-2.432088116299999925e+01,-3.343780292600000337e+01,-2.421350944299999952e+01,-3.016037635400000028e+01
1.009504504500000088e+01,-2.854045050299999886e+01,-2.550329860300000107e+01,-3.292406411500000019e+01,-2.465807577200000011e+01,-3.019501606000000038e+01
1.011505505499999913e+01,-2.718585140500000108e+01,-2.580576157499999823e+01,-3.226463905300000334e+01,-2.481207003200000116e+01,-2.928389744900000125e+01
1.013506506499999915e+01,-2.856166896599999916e+01,-2.521208770200000160e+01,-3.329891819899999916e+01,-2.352069223000000164e+01,-2.794432803799999832e+01
1.015507507499999917e+01,-2.842202756700000066e+01,-2.607061466200000055e+01,-3.331269343900000024e+01,-2.337141615899999891e+01,-2.856202787400000176e+01
1.017508508499999920e+01,-2.707681005399999918e+01,-2.539113443400000136e+01,-3.267221148899999861e+01,-2.287075752300000175e+01,-2.837768368600000102e+01
1.019509509499999922e+01,-2.841071082099999856e+01,-2.560579857899999823e+01,-3.691204983299999753e+01,-2.328506452999999965e+01,-2.890244489099999825e+01
1.021510510499999924e+01,-2.934964268099999884e+01,-2.677695799700000023e+01,-3.441615582000000018e+01,-2.339482203200000043e+01,-2.940524206499999949e+01
1.023511511499999926e+01,-2.653451890599999885e+01,-2.603493337900000171e+01,-3.372467975800000062e+01,-2.227985800600000132e+01,-2.880887472899999935e+01
1.025512512499999929e+01,-2.589564322200000035e+01,-2.659916498100000126e+01,-3.452843503999999797e+01,-2.232713595499999926e+01,-3.110007273800000149e+01
1.027513513499999931e+01,-2.940430149799999882e+01,-2.652861825999999823e+01,-3.847081640999999763e+01,-2.218176712600000045e+01,-3.386263647799999887e+01
1.029514514499999933e+01,-2.814441506100000012e+01,-2.612583371799999910e+01,-4.324169492899999767e+01,-2.147659896500000087e+01,-3.256260633699999829e+01
1.031515515499999935e+01,-2.688155913399999974e+01,-2.716793652799999848e+01,-3.772886363199999948e+01,-2.130735156900000149e+01,-3.374715497700000100e+01
1.033516516499999938e+01,-2.674787905699999868e+01,-2.726066123200000035e+01,-4.270574413599999986e+01,-2.123638463800000054e+01,-3.226197520499999882e+01
1.035517517499999940e+01,-2.728262956200000033e+01,-2.843404291899999947e+01,-3.904481762900000064e+01,-2.087266293300000086e+01,-3.303861260000000044e+01
1.037518518499999942e+01,-2.817537720400000012e+01,-2.946012126999999836e+01,-4.132989959799999724e+01,-2.076697759400000010e+01,-3.101021390200000027e+01
1.039519519499999944e+01,-2.482003956999999872e+01,-2.984510075100000037e+01,-4.981318558200000268e+01,-2.192379089800000003e+01,-3.087878023600000077e+01
1.041520520499999947e+01,-2.448698090799999960e+01,-3.268252233100000126e+01,-4.481079900400000326e+01,-2.091110543199999938e+01,-2.781010301599999934e+01
1.043521521499999949e+01,-2.607711659900000001e+01,-3.150102760000000046e+01,-5.037228473199999712e+01,-2.129921277300000071e+01,-3.049946249999999992e+01
1.045522522499999951e+01,-2.404174346699999987e+01,-3.155183642200000094e+01,-4.492428167500000313e+01,-2.158886679200000103e+01,-2.969731319099999922e+01
1.047523523499999953e+01,-2.455939720599999987e+01,-3.008185338299999856e+01,-4.299269874099999811e+01,-2.159280694899999986e+01,-3.015559149599999955e+01
1.049524524499999956e+01,-2.492392973100000120e+01,-3.082726808600000012e+01,-5.908781908400000304e+01,-2.275935762599999990e+01,-3.081234923299999906e+01
1.051525525499999958e+01,-2.642848069800000133e+01,-2.905662818500000100e+01,-4.621458981600000016e+01,-2.228612315399999844e+01,-2.915430172700000000e+01
1.053526526499999960e+01,-2.510176849799999843e+01,-2.982644270100000128e+01,-4.414175972299999984e+01,-2.295785792299999883e+01,-3.137405590699999891e+01
1.055527527499999962e+01,-2.665427416400000027e+01,-2.915277073200000046e+01,-4.661722720699999911e+01,-2.334381692999999913e+01,-2.920143032700000063e+01
1.057528528499999965e+01,-2.389275096400000109e+01,-2.720222718500000170e+01,-4.130165404200000268e+01,-2.305806859300000156e+01,-3.082125007400000172e+01
1.059529529499999967e+01,-2.329308133299999994e+01,-2.859889522900000003e+01,-5.022781603199999978e+01,-2.423770814399999907e+01,-2.983036038499999876e+01
1.061530530499999969e+01,-2.545034330800000077e+01,-2.718024968399999963e+01,-4.186105896699999818e+01,-2.460144524600000082e+01,-2.859601355299999881e+01
1.063531531499999971e+01,-2.498214536200000069e+01,-2.650413266500000020e+01,-4.090683040999999776e+01,-2.393844421500000053e+01,-2.776009008799999833e+01
1.065532532499999974e+01,-2.434230370799999932e+01,-2.708180328599999953e+01,-4.081403431799999737e+01,-2.395288023599999860e+01,-2.769858374900000086e+01
1.067533533499999976e+01,-2.627355457199999833e+01,-2.805985554100000101e+01,-4.401760859800000247e+01,-2.428020348800000150e+01,-2.904679081300000121e+01
1.069534534499999978e+01,-2.535361088699999854e+01,-2.600942489799999890e+01,-4.659479323600000100e+01,-2.361130933999999826e+01,-2.886888759100000001e+01
1.071535535499999980e+01,-2.523710090200000167e+01,-2.807682375199999925e+01,-4.655092268899999652e+01,-2.364724706999999881e+01,-2.885185560700000096e+01
1.073536536499999983e+01,-2.735224515000000167e+01,-2.604843325299999890e+01,-3.960735724399999924e+01,-2.370532114999999962e+01,-2.878982194199999967e+01
1.075537537499999985e+01,-2.726391133799999977e+01,-2.584312661199999894e+01,-3.651676352599999831e+01,-2.238359856599999986e+01,-2.932890222300000005e+01
1.077538538499999987e+01,-2.863412727000000046e+01,-2.778314774300000067e+01,-3.864409675499999963e+01,-2.245811323699999917e+01,-2.940017080899999868e+01
1.079539539499999989e+01,-2.814157944600000150e+01,-2.658616509399999828e+01,-4.420468628300000091e+01,-2.190628506399999864e+01,-2.922973959600000171e+01
1.081540540499999992e+01,-2.696756618099999869e+01,-2.670213731500000165e+01,-3.777690145199999705e+01,-2.017918162799999848e+01,-3.065549154900000062e+01
1.083541541499999994e+01,-2.796708118200000115e+01,-2.689002491300000131e+01,-3.735314919300000014e+01,-2.000027713300000087e+01,-3.049836186299999952e+01
1.085542542499999996e+01,-2.870082639299999983e+01,-2.979646764700000006e+01,-3.987842536000000138e+01,-2.111097297999999967e+01,-3.217300860600000334e+01
1.087543543499999998e+01,-2.931380401999999918e+01,-2.477800213700000143e+01,-4.053270848399999693e+01,-2.024298911099999998e+01,-3.387027908200000326e+01
1.089544544500000001e+01,-2.768534274199999956e+01,-2.688777644900000041e+01,-4.672090178999999921e+01,-2.005412622100000064e+01,-3.436216570599999898e+01
1.091545545500000003e+01,-2.634390052999999909e+01,-2.768980164699999946e+01,-4.366911278500000293e+01,-1.980854081500000063e+01,-3.917859810400000242e+01
1.093546546500000005e+01,-2.713238755800000135e+01,-2.634255324800000153e+01,-4.718553407000000277e+01,-2.027972682500000090e+01,-4.385789492300000347e+01
1.095547547500000007e+01,-2.403312950899999834e+01,-2.632120644600000148e+01,-4.306678084600000034e+01,-2.008740126700000062e+01,-4.888845186399999676e+01
1.097548548500000010e+01,-2.787022001100000068e+01,-2.979481363900000090e+01,-5.196596472299999903e+01,-1.979115064000000146e+01,-4.120871199700000176e+01
1.099549549500000012e+01,-2.591426162699999836e+01,-2.954094430299999985e+01,-4.530894106800000287e+01,-1.986559072500000056e+01,-4.270569593799999808e+01
1.101550550600000022e+01,-2.690333635400000034e+01,-2.564614179799999860e+01,-4.120363925699999896e+01,-1.953802816500000006e+01,-4.600134538999999734e+01
1.103551551600000025e+01,-2.510185007899999832e+01,-3.087515255599999975e+01,-4.042597347000000241e+01,-1.991942326999999935e+01,-4.179964788099999851e+01
1.105552552600000027e+01,-2.613993956799999907e+01,-2.528215301499999867e+01,-4.167726691000000017e+01,-1.916987547600000141e+01,-4.044917601000000218e+01
1.107553553600000029e+01,-2.655931449199999861e+01,-2.769324071200000148e+01,-3.988261498600000010e+01,-1.931789461800000041e+01,-4.164667731299999787e+01
1.109554554600000031e+01,-2.642420738099999866e+01,-2.707464502799999906e+01,-3.929110645200000107e+01,-1.963034309800000088e+01,-3.853147112700000321e+01
1.111555555600000034e+01,-2.497960561200000029e+01,-2.631971865999999949e+01,-3.829366889500000326e+01,-1.963091219300000034e+01,-3.835082720900000197e+01
1.113556556600000036e+01,-2.820239940300000114e+01,-2.664739691400000154e+01,-3.307351041500000122e+01,-1.969834697199999951e+01,-4.276150784099999669e+01
1.115557557600000038e+01,-2.833812438200000017e+01,-2.827149361700000085e+01,-3.887501936299999983e+01,-2.011134975099999878e+01,-4.127451969300000201e+01
1.117558558600000040e+01,-2.554751563700000005e+01,-2.543299346199999889e+01,-3.672691205200000297e+01,-2.045443246900000034e+01,-3.850879299399999667e+01
1.119559559600000043e+01,-2.340805832499999894e+01,-2.573282019799999887e+01,-3.484927816300000103e+01,-2.008176018300000010e+01,-4.031577740600000226e+01
1.121560560600000045e+01,-2.876468526400000059e+01,-2.661917734500000066e+01,-3.593622268899999739e+01,-2.057870417999999901e+01,-4.878488712299999719e+01
1.123561561600000047e+01,-2.972947918599999895e+01,-2.602564641800000089e+01,-3.472814734899999678e+01,-2.007745594800000077e+01,-4.181301325599999785e+01
1.125562562600000049e+01,-3.000041342300000125e+01,-2.465186439200000024e+01,-3.520918938700000211e+01,-2.046810109300000136e+01,-5.355113402399999956e+01
1.127563563600000052e+01,-3.050679449100000085e+01,-2.568208459999999960e+01,-3.535352000099999970e+01,-2.047502534299999866e+01,-4.351611644799999823e+01
1.129564564600000054e+01,-2.923045859300000160e+01,-2.745230556899999996e+01,-3.654053833700000098e+01,-2.001953020799999905e+01,-4.510120826400000027e+01
1.131565565600000056e+01,-2.656480490099999869e+01,-2.647393931899999941e+01,-3.487935777399999893e+01,-2.065476263400000079e+01,-4.506443884899999830e+01
1.133566566600000058e+01,-2.647123725399999827e+01,-2.631949011200000044e+01,-3.595788055500000269e+01,-2.020670430299999865e+01,-3.817003297800000183e+01
1.135567567600000061e+01,-2.965142325900000131e+01,-2.507074308400000007e+01,-3.306007198599999697e+01,-2.099501429000000030e+01,-3.795815020500000259e+01
1.137568568600000063e+01,-2.668321738099999862e+01,-2.610805695099999824e+01,-3.441184130100000260e+01,-2.080216204299999916e+01,-4.153403825099999835e+01
1.139569569600000065e+01,-2.680976096499999883e+01,-2.461459043500000021e+01,-3.271984761200000236e+01,-2.070703770700000135e+01,-4.321128882699999707e+01
1.141570570600000067e+01,-2.718328822899999864e+01,-2.441829391899999990e+01,-3.245606772400000040e+01,-2.022866521499999948e+01,-3.825736276500000344e+01
1.143571571600000070e+01,-2.771089413600000029e+01,-2.619796935500000146e+01,-3.197732037700000163e+01,-2.185691783100000052e+01,-3.954496672799999857e+01
1.145572572600000072e+01,-2.770351540700000115e+01,-2.395961331899999891e+01,-3.354540223400000087e+01,-2.061337583599999945e+01,-3.597366250400000354e+01
1.147573573600000074e+01,-2.684953745900000044e+01,-2.904608040700000160e+01,-3.182123473600000096e+01,-2.093498946300000085e+01,-3.843216849299999893e+01
1.149574574600000076e+01,-2.634803426599999909e+01,-2.695065971200000021e+01,-3.813849365499999777e+01,-2.131686392900000016e+01,-3.894729473999999669e+01
1.151575575600000079e+01,-2.352266638700000101e+01,-2.511952360600000134e+01,-3.328316793799999829e+01,-2.094622464000000051e+01,-3.538630521599999668e+01
1.153576576600000081e+01,-2.639774482800000044e+01,-2.802576276399999955e+01,-3.521949810400000302e+01,-2.163074292900000017e+01,-4.339596028500000102e+01
1.155577577600000083e+01,-2.538643176000000068e+01,-2.661021017799999910e+01,-4.030610979499999758e+01,-2.101789347800000129e+01,-3.637526426800000223e+01
1.157578578600000085e+01,-3.090125845600000076e+01,-2.317961750399999943e+01,-3.464266686199999867e+01,-2.009736720900000151e+01,-4.052439904700000284e+01
1.159579579600000088e+01,-2.827483506300000116e+01,-2.928398573999999854e+01,-4.150796945999999821e+01,-2.101574155200000149e+01,-3.567482359499999944e+01
1.161580580599999912e+01,-2.908725360500000079e+01,-2.853023288300000004e+01,-3.726829583199999973e+01,-2.028303564300000161e+01,-3.605955383399999903e+01
1.163581581599999915e+01,-3.544609038699999815e+01,-3.285175865800000139e+01,-4.567871208199999700e+01,-2.048498044999999834e+01,-3.636226018800000048e+01
1.165582582599999917e+01,-3.018675159900000082e+01,-2.849210220000000149e+01,-6.521061205799999527e+01,-2.150618779799999913e+01,-3.673179643099999936e+01
1.167583583599999919e+01,-2.891834049599999901e+01,-2.708113065499999905e+01,-5.302260959299999854e+01,-2.093185632899999860e+01,-3.561161049799999745e+01
1.169584584599999921e+01,-3.210533500199999679e+01,-3.062139411400000100e+01,-4.518035803699999775e+01,-2.138735767400000043e+01,-3.441091481099999783e+01
1.171585585599999924e+01,-2.969896638399999844e+01,-3.146666633899999965e+01,-4.466647706900000259e+01,-2.233221611800000161e+01,-3.184288287700000097e+01
1.173586586599999926e+01,-2.832730946299999886e+01,-2.776369941800000163e+01,-4.748437296000000174e+01,-2.167607337600000150e+01,-3.150168786100000062e+01
1.175587587599999928e+01,-2.759731588000000002e+01,-3.314944207900000350e+01,-5.034612589799999682e+01,-2.203367934599999955e+01,-3.328512175000000184e+01
1.177588588599999930e+01,-3.289673599900000056e+01,-3.012429320000000033e+01,-4.025068540200000200e+01,-2.154850678900000105e+01,-3.113233109200000115e+01
1.179589589599999933e+01,-2.481804002000000153e+01,-3.097437046800000005e+01,-3.928246442399999694e+01,-2.184133985100000075e+01,-3.205428546800000333e+01
1.181590590599999935e+01,-3.336070796999999999e+01,-3.134975164800000158e+01,-4.623846988500000066e+01,-2.200100820400000146e+01,-3.345836388800000094e+01
1.183591591599999937e+01,-3.272010998799999726e+01,-2.813617405600000154e+01,-4.624773836699999663e+01,-2.130792046999999911e+01,-3.083707331900000170e+01
1.185592592599999939e+01,-3.039964241199999861e+01,-3.251227666799999838e+01,-4.589522505400000085e+01,-2.118188190200000065e+01,-3.164653941199999920e+01
1.187593593599999942e+01,-2.724041202100000092e+01,-2.676408693000000127e+01,-3.943348020599999870e+01,-2.211699026999999873e+01,-3.089525323899999876e+01
1.189594594599999944e+01,-2.792887724899999924e+01,-2.958968884200000105e+01,-3.966682664900000077e+01,-2.118003206499999891e+01,-3.196631300399999986e+01
1.191595595599999946e+01,-3.244902413300000177e+01,-2.931296902400000093e+01,-3.777987218300000194e+01,-2.122322247800000028e+01,-3.130540296699999914e+01
1.193596596599999948e+01,-3.295043921399999931e+01,-2.648102499499999851e+01,-4.132784981999999729e+01,-2.146503804299999985e+01,-3.225139314599999807e+01
1.195597597599999951e+01,-3.148785051600000173e+01,-2.984915106100000060e+01,-4.119455655899999869e+01,-2.160343251500000150e+01,-2.889322715799999841e+01
1.197598598599999953e+01,-2.913304170800000037e+01,-3.448051523000000174e+01,-4.356998677200000003e+01,-2.170936660299999943e+01,-3.002124048399999978e+01
1.199599599599999955e+01,-2.883004302100000160e+01,-3.238585010900000327e+01,-3.580256308100000240e+01,-2.215458767399999829e+01,-2.860852335899999943e+01
1.201600600599999957e+01,-3.288601348000000257e+01,-2.989060176099999921e+01,-3.516352545499999849e+01,-2.102881535799999924e+01,-2.769017041100000043e+01
1.203601601599999960e+01,-2.962016582700000100e+01,-2.765973220400000088e+01,-3.780514547199999953e+01,-2.237318654099999904e+01,-2.913219242199999925e+01
1.205602602599999962e+01,-3.816303910300000268e+01,-2.919199345299999848e+01,-4.154641822800000028e+01,-2.275337227300000009e+01,-2.916536004800000015e+01
1.207603603599999964e+01,-3.701346401200000003e+01,-2.635664905499999833e+01,-3.559710801599999996e+01,-2.180698934200000139e+01,-2.523163332400000058e+01
1.209604604599999966e+01,-3.841780081899999999e+01,-3.256322832499999720e+01,-4.086969262299999883e+01,-2.347280243899999874e+01,-2.647909357099999994e+01
1.211605605599999969e+01,-3.451238922200000303e+01,-3.676791560200000220e+01,-3.397071832599999652e+01,-2.306633013600000126e+01,-2.691466292499999824e+01
1.213606606599999971e+01,-3.630466822399999671e+01,-3.245421459599999991e+01,-3.793276010700000000e+01,-2.223578661799999878e+01,-2.759510166100000106e+01
1.215607607599999973e+01,-3.309074965399999968e+01,-3.460131964499999668e+01,-3.369754584799999719e+01,-2.247262999899999869e+01,-2.929178610399999982e+01
1.217608608599999975e+01,-3.969437184800000296e+01,-3.962609268700000342e+01,-3.390520015500000284e+01,-2.172117728499999956e+01,-2.739738862300000122e+01
1.219609609599999978e+01,-3.651912522399999972e+01,-3.379167595300000215e+01,-3.424085310200000265e+01,-2.241715415699999880e+01,-2.833506060999999931e+01
1.221610610599999980e+01,-3.804003242800000351e+01,-5.050731870399999934e+01,-3.410543223999999896e+01,-2.194122125100000176e+01,-2.830505441100000041e+01
1.223611611599999982e+01,-3.515356194200000317e+01,-3.078463804800000148e+01,-3.004678021000000143e+01,-2.234578886399999931e+01,-2.977835330699999972e+01
1.225612612599999984e+01,-3.326137743599999652e+01,-3.442906795999999758e+01,-3.112590039099999828e+01,-2.276425189800000126e+01,-2.885114367799999968e+01
1.227613613599999987e+01,-2.759338824099999954e+01,-3.637199950699999818e+01,-3.163434372300000064e+01,-2.342704292299999835e+01,-2.988403045100000099e+01
1.229614614599999989e+01,-3.788800079800000020e+01,-4.027532489000000027e+01,-3.087037995200000040e+01,-2.158512543699999853e+01,-3.017039834399999876e+01
1.231615615599999991e+01,-3.512826398100000347e+01,-3.265242507800000027e+01,-2.855206995900000067e+01,-2.237443365800000095e+01,-2.860403862400000108e+01
1.233616616599999993e+01,-3.085410481899999979e+01,-3.732432158400000333e+01,-2.662796366399999926e+01,-2.404206186900000120e+01,-2.993249491799999973e+01
1.235617617599999996e+01,-3.527931152400000059e+01,-3.665491679000000147e+01,-2.759385726700000063e+01,-2.215507467899999838e+01,-3.797119201999999660e+01
1.237618618599999998e+01,-2.916408169199999989e+01,-3.174250387500000059e+01,-2.613226645399999981e+01,-2.323000466599999925e+01,-3.062818641400000175e+01
1.239619619600000000e+01,-3.571256187600000231e+01,-2.996214757999999989e+01,-2.790813524200000018e+01,-2.268562897700000036e+01,-2.585734716400000011e+01
1.241620620600000002e+01,-2.860033282399999877e+01,-3.156245608500000088e+01,-2.818296665900000164e+01,-2.383298907900000074e+01,-3.095452531300000132e+01
1.243621621600000005e+01,-3.435111339000000186e+01,-3.573668025799999981e+01,-2.664578128999999862e+01,-2.374884123700000060e+01,-3.082026284299999830e+01
1.245622622600000007e+01,-3.676139546600000330e+01,-3.037037229099999891e+01,-2.676697322900000131e+01,-2.378374715100000003e+01,-2.901266965800000008e+01
1.247623623600000009e+01,-2.562541653499999939e+01,-2.978922794900000071e+01,-2.646628725000000060e+01,-2.385319676700000002e+01,-3.120327219900000060e+01
1.249624624600000011e+01,-3.409165859499999840e+01,-2.777371176000000119e+01,-2.713965814299999835e+01,-2.356586728099999917e+01,-3.133385674499999851e+01
1.251625625600000014e+01,-2.864517731400000145e+01,-3.055758833300000177e+01,-2.728339164599999833e+01,-2.554997828699999829e+01,-2.910692132899999862e+01
1.253626626600000016e+01,-2.646528768199999959e+01,-2.704169244199999866e+01,-2.795390696100000127e+01,-2.623858657299999919e+01,-3.189737033999999838e+01
1.255627627600000018e+01,-4.211144766799999672e+01,-2.567129952100000168e+01,-3.230814581300000299e+01,-2.540849125400000119e+01,-2.895294885799999918e+01
1.257628628600000020e+01,-3.540130840500000176e+01,-2.757104596099999938e+01,-3.111027857899999916e+01,-2.727385088899999843e+01,-2.708714007200000040e+01
1.259629629600000023e+01,-3.287094158600000071e+01,-2.603917049800000072e+01,-2.920180796700000059e+01,-2.774205723700000092e+01,-3.163372948499999993e+01
1.261630630600000025e+01,-3.262230948399999875e+01,-3.504447576199999759e+01,-3.089775265899999823e+01,-2.642741003400000110e+01,-3.295628252099999855e+01
1.263631631600000027e+01,-3.408756949400000025e+01,-3.320117075699999987e+01,-3.198214953700000152e+01,-2.580209322400000005e+01,-2.971071508500000036e+01
1.265632632600000029e+01,-3.351718505200000209e+01,-3.258743224300000207e+01,-3.034883736100000107e+01,-2.652478271300000046e+01,-3.217211045199999830e+01
1.267633633600000032e+01,-2.876794805000000110e+01,-3.146451688000000146e+01,-3.078328256400000029e+01,-2.651075843399999954e+01,-3.149256492700000010e+01
1.269634634600000034e+01,-2.980316480600000162e+01,-3.172910704499999923e+01,-3.095368290100000053e+01,-2.546415307699999886e+01,-2.933150307800000078e+01
1.271635635600000036e+01,-3.798620711600000277e+01,-3.174653567100000018e+01,-3.086431508500000120e+01,-2.505166486099999901e+01,-3.181513802299999938e+01
1.273636636600000038e+01,-3.848244158400000003e+01,-3.002979621100000074e+01,-3.007004822500000074e+01,-2.530322841599999961e+01,-3.051734499399999834e+01
1.275637637600000041e+01,-2.488658207699999991e+01,-3.135866122099999842e+01,-3.240538107300000092e+01,-2.505693153700000053e+01,-2.843958067699999859e+01
1.277638638600000043e+01,-3.471564270700000066e+01,-2.833602138399999859e+01,-3.139357370200000119e+01,-2.652237990200000084e+01,-2.735195269900000170e+01
1.279639639600000045e+01,-3.225005474000000305e+01,-2.651022673099999949e+01,-2.995070808899999903e+01,-2.584156227700000130e+01,-2.808585186599999872e+01
1.281640640600000047e+01,-2.984092675699999830e+01,-2.683648375399999964e+01,-3.180157030999999890e+01,-2.753465060999999992e+01,-2.701802750199999892e+01
1.283641641600000050e+01,-3.368767749799999933e+01,-2.702134897899999899e+01,-2.934495208999999960e+01,-2.731652834599999835e+01,-2.688479651400000137e+01
1.285642642600000052e+01,-3.005940682800000019e+01,-2.639546937200000087e+01,-2.975415642999999832e+01,-2.951745460700000123e+01,-2.688327449399999836e+01
1.287643643600000054e+01,-3.205889087199999921e+01,-2.651828354799999943e+01,-3.285745623900000112e+01,-2.806454615799999885e+01,-2.531708290599999955e+01
1.289644644600000056e+01,-2.862694884700000131e+01,-2.758650301400000160e+01,-3.214426048800000046e+01,-2.732127900100000062e+01,-2.687036560299999977e+01
1.291645645600000059e+01,-2.874844399499999881e+01,-2.432665086900000162e+01,-3.439206808899999857e+01,-2.593162906299999904e+01,-2.958496002400000080e+01
1.293646646600000061e+01,-3.246916255299999676e+01,-2.709072659099999925e+01,-3.272451059200000145e+01,-2.760434294499999908e+01,-2.647276780299999999e+01
1.295647647600000063e+01,-3.951012897300000049e+01,-2.791294853799999842e+01,-3.749096082300000177e+01,-2.527035879299999976e+01,-2.868456700600000175e+01
1.297648648600000065e+01,-3.243128184500000089e+01,-2.828236235600000015e+01,-3.559268134799999928e+01,-2.846521455099999898e+01,-2.882264188899999979e+01
1.299649649600000068e+01,-3.107092157399999977e+01,-2.868730835899999931e+01,-3.967320327299999860e+01,-2.880567417399999997e+01,-3.096577241800000024e+01
1.301650650700000078e+01,-3.356187617500000187e+01,-2.900730872400000138e+01,-3.913578539499999920e+01,-2.673050862099999847e+01,-2.835107100000000102e+01
1.303651651700000080e+01,-3.420804444600000238e+01,-2.697963666000000060e+01,-3.913401858200000305e+01,-2.983432476500000163e+01,-2.820147074300000156e+01
1.305652652700000083e+01,-2.735538445999999979e+01,-2.920667893299999918e+01,-3.883789922100000069e+01,-2.889335471500000097e+01,-2.877394153999999915e+01
1.307653653700000085e+01,-3.519200450900000021e+01,-3.495553575099999932e+01,-3.913108483599999943e+01,-2.746916787500000012e+01,-2.808003097499999967e+01
1.309654654700000087e+01,-3.511951778200000263e+01,-2.794336323499999963e+01,-4.032608314800000215e+01,-3.147356244599999897e+01,-3.192793817100000098e+01
1.311655655699999912e+01,-2.716280009600000156e+01,-3.412001933500000206e+01,-3.876420240699999908e+01,-2.764571884800000134e+01,-3.223143916200000092e+01
1.313656656699999914e+01,-3.631004494399999771e+01,-3.343597753099999892e+01,-3.929196495299999725e+01,-2.896435901799999968e+01,-2.941244105099999828e+01
1.315657657699999916e+01,-3.315896092399999873e+01,-3.568377398900000230e+01,-4.146495584299999848e+01,-2.959943603700000025e+01,-3.516978935299999875e+01
1.317658658699999918e+01,-3.748063389800000067e+01,-4.229882713800000005e+01,-3.602615353099999851e+01,-3.077784740699999944e+01,-3.123644344799999928e+01
1.319659659699999921e+01,-3.297542725099999927e+01,-3.194133227200000036e+01,-4.243092395600000089e+01,-3.014448180400000155e+01,-3.450850934300000006e+01
1.321660660699999923e+01,-3.571147155999999967e+01,-3.838835867400000268e+01,-4.253245503099999780e+01,-3.068383141300000005e+01,-3.670434112800000293e+01
1.323661661699999925e+01,-4.095598263000000117e+01,-3.332702276599999891e+01,-3.566196182600000242e+01,-2.822122330899999909e+01,-3.878194780199999769e+01
1.325662662699999927e+01,-3.430908396600000287e+01,-3.440154044100000164e+01,-3.963448795899999766e+01,-2.981467041799999862e+01,-5.048885375300000078e+01
1.327663663699999930e+01,-3.403440812200000209e+01,-3.109385004199999969e+01,-3.966044234900000021e+01,-3.153085580799999832e+01,-4.453669583799999998e+01
1.329664664699999932e+01,-3.120268483299999929e+01,-2.915010528499999864e+01,-3.704929402399999816e+01,-2.671832448500000012e+01,-3.798641691899999984e+01
1.331665665699999934e+01,-3.067889838099999977e+01,-3.395622964900000085e+01,-4.632105185100000000e+01,-3.515455436900000308e+01,-5.516933602299999961e+01
1.333666666699999936e+01,-2.909144414600000061e+01,-3.751751095800000257e+01,-3.378873588399999761e+01,-3.480055787700000280e+01,-3.663791398099999697e+01
1.335667667699999939e+01,-3.182126851399999978e+01,-3.046551147399999948e+01,-3.220477660800000308e+01,-3.987402294500000011e+01,-3.960074682599999818e+01
1.337668668699999941e+01,-3.610028906600000198e+01,-3.936877033900000100e+01,-3.885786672199999714e+01,-4.025218359699999837e+01,-4.219595536900000354e+01
1.339669669699999943e+01,-2.983390389299999867e+01,-3.341783028100000053e+01,-3.133544462800000119e+01,-3.479820083900000327e+01,-4.354750793000000186e+01
1.341670670699999945e+01,-2.600334025800000148e+01,-3.564526254900000168e+01,-4.173103666400000122e+01,-3.443781856599999713e+01,-4.626340949299999750e+01
1.343671671699999948e+01,-2.955400297099999918e+01,-4.122869732400000231e+01,-3.746103751399999737e+01,-3.352358846999999997e+01,-3.969120442199999843e+01
1.345672672699999950e+01,-3.410443676700000282e+01,-3.067134203000000170e+01,-3.516585017199999896e+01,-3.349939016399999758e+01,-3.967794439899999759e+01
1.347673673699999952e+01,-3.588820491100000254e+01,-4.272749739799999702e+01,-3.418095627299999961e+01,-3.430257460600000030e+01,-4.538414972700000050e+01
1.349674674699999954e+01,-3.602808230499999809e+01,-3.004760685800000175e+01,-3.487474175399999865e+01,-2.977508672400000123e+01,-4.571153388100000114e+01
1.351675675699999957e+01,-3.781098403899999738e+01,-3.773620634400000284e+01,-3.773878282199999745e+01,-2.947019179400000155e+01,-4.663079496699999993e+01
1.353676676699999959e+01,-3.046828694099999879e+01,-6.254630160300000341e+01,-3.724993604400000180e+01,-3.162079328900000164e+01,-3.286783953799999836e+01
1.355677677699999961e+01,-4.729982779200000209e+01,-3.376286420400000310e+01,-3.631233195699999783e+01,-2.969599051699999848e+01,-3.983331285100000230e+01
1.357678678699999963e+01,-3.159962428500000087e+01,-3.435667276499999900e+01,-3.626737823199999866e+01,-3.025148212599999908e+01,-3.904963375199999831e+01
1.359679679699999966e+01,-3.615370777799999757e+01,-3.253362998699999764e+01,-3.287471336899999841e+01,-3.084242307899999957e+01,-3.725335241199999814e+01
1.361680680699999968e+01,-4.188080719399999907e+01,-3.496934239600000183e+01,-3.647703363099999763e+01,-3.140988667399999912e+01,-3.536375732799999838e+01
1.363681681699999970e+01,-4.496479414600000268e+01,-3.118179930200000172e+01,-3.377546584800000318e+01,-2.829247809199999963e+01,-3.716785158799999778e+01
1.365682682699999972e+01,-4.519896732200000145e+01,-3.071942337999999850e+01,-3.860275526800000279e+01,-2.828177165700000018e+01,-3.571654603999999722e+01
1.367683683699999975e+01,-3.823770225700000225e+01,-3.208054380299999764e+01,-3.313026616100000155e+01,-3.228915447100000335e+01,-3.703375359199999650e+01
1.369684684699999977e+01,-3.254253100999999759e+01,-3.761225885000000346e+01,-3.284100930500000004e+01,-2.811285303300000038e+01,-3.672861351000000241e+01
1.371685685699999979e+01,-3.575395149900000291e+01,-3.579201182199999920e+01,-4.506793928900000168e+01,-3.160784343599999957e+01,-3.683210255499999874e+01
1.373686686699999981e+01,-3.644629618199999754e+01,-3.641555644999999686e+01,-4.137006887300000102e+01,-3.034059766100000033e+01,-3.530537583499999954e+01
1.375687687699999984e+01,-3.519650678800000065e+01,-3.672230246400000198e+01,-3.815053259599999791e+01,-2.973311446700000005e+01,-3.234119474199999900e+01
1.377688688699999986e+01,-3.586643095400000192e+01,-4.479362021800000093e+01,-3.451993312599999797e+01,-3.214778055600000073e+01,-3.163198246700000027e+01
1.379689689699999988e+01,-3.831355573900000167e+01,-3.287703264499999989e+01,-3.893417912900000033e+01,-3.248197580899999792e+01,-2.999089401799999877e+01
1.381690690699999990e+01,-3.271972436800000139e+01,-3.431884182299999964e+01,-4.191352255399999649e+01,-3.247357009699999963e+01,-3.458515205900000211e+01
1.383691691699999993e+01,-3.164353686500000151e+01,-3.450102923400000066e+01,-3.344926584200000264e+01,-3.056417777400000091e+01,-3.393731612700000255e+01
1.385692692699999995e+01,-5.688795017000000342e+01,-3.508377798000000070e+01,-3.329541591200000283e+01,-2.877208256000000119e+01,-3.264857945699999675e+01
1.387693693699999997e+01,-4.169856080200000292e+01,-4.168781438999999978e+01,-3.045435589899999940e+01,-3.030911538200000166e+01,-3.742539873599999822e+01
1.389694694699999999e+01,-3.726831495399999739e+01,-2.890408908899999929e+01,-3.335562683100000214e+01,-3.058375721999999897e+01,-3.383208456599999892e+01
1.391695695700000002e+01,-5.730627891099999971e+01,-3.291659912299999746e+01,-3.009316239300000007e+01,-2.939843771800000027e+01,-3.018853996200000012e+01
1.393696696700000004e+01,-3.840876283499999744e+01,-3.310374755000000135e+01,-3.244001171000000028e+01,-2.969988733900000000e+01,-3.507198001999999804e+01
1.395697697700000006e+01,-6.130463607000000081e+01,-4.083051612799999930e+01,-2.902981362499999918e+01,-3.071328674800000158e+01,-3.087907912300000035e+01
1.397698698700000008e+01,-3.108695981500000016e+01,-3.673034997999999973e+01,-3.210194613299999844e+01,-3.276818280999999899e+01,-2.898587001799999996e+01
1.399699699700000011e+01,-3.529648739299999960e+01,-4.713790478300000331e+01,-2.933210752300000124e+01,-3.252421775799999892e+01,-3.265691369200000338e+01
1.401700700700000013e+01,-3.345133139499999686e+01,-4.340045864799999720e+01,-3.045365688400000082e+01,-3.689801093300000190e+01,-3.212069770499999777e+01
1.403701701700000015e+01,-3.218862321200000309e+01,-4.197074065500000017e+01,-3.065061365000000038e+01,-3.156481459999999828e+01,-3.024604479399999946e+01
1.405702702700000017e+01,-4.591260490900000235e+01,-3.536363837500000074e+01,-2.960270697300000009e+01,-3.157628375199999837e+01,-3.237515733299999710e+01
1.407703703700000020e+01,-3.005312473800000106e+01,-3.359778673800000348e+01,-3.101184250400000053e+01,-3.503138966400000243e+01,-3.491006196299999687e+01
1.409704704700000022e+01,-4.897908660800000291e+01,-3.385898338700000210e+01,-3.417897442900000016e+01,-4.218421337099999846e+01,-3.097496686699999913e+01
1.411705705700000024e+01,-3.918435717700000254e+01,-2.949651845500000036e+01,-3.302869734099999732e+01,-5.269889197700000238e+01,-3.576412380699999716e+01
1.413706706700000026e+01,-3.234555946900000123e+01,-3.660843804900000009e+01,-3.142651180200000027e+01,-4.593501598000000286e+01,-4.264493598600000013e+01
1.415707707700000029e+01,-3.083593482899999927e+01,-3.517006842400000011e+01,-3.077447571600000131e+01,-3.811692199099999812e+01,-3.432387493099999887e+01
1.417708708700000031e+01,-3.279960884599999815e+01,-3.375425569299999751e+01,-3.043577525099999903e+01,-4.357193833899999902e+01,-3.786994706299999791e+01
1.419709709700000033e+01,-3.001377668099999951e+01,-3.723608072700000093e+01,-3.344937729699999807e+01,-3.660536354700000317e+01,-3.290836181800000304e+01
1.421710710700000035e+01,-4.116671609099999785e+01,-3.015598619600000063e+01,-3.026825909100000089e+01,-4.113417252899999710e+01,-3.053203772499999857e+01
1.423711711700000038e+01,-3.469646329599999746e+01,-3.231975993399999680e+01,-3.136270154500000018e+01,-4.838185619499999746e+01,-3.599600443199999944e+01
1.425712712700000040e+01,-3.444845179299999671e+01,-3.715952729199999993e+01,-3.636677658299999649e+01,-3.798594601899999645e+01,-3.361630800700000066e+01
1.427713713700000042e+01,-3.786457257499999685e+01,-3.857749735099999810e+01,-3.295745116300000177e+01,-4.119398524700000053e+01,-3.807911097400000244e+01
1.429714714700000044e+01,-4.551239423199999834e+01,-3.546006684200000336e+01,-3.344993556000000012e+01,-3.505799530499999861e+01,-3.117474754499999889e+01
1.431715715700000047e+01,-3.879812402200000321e+01,-3.301091584600000317e+01,-3.496841330600000219e+01,-4.657824239499999663e+01,-3.454785645399999794e+01
1.433716716700000049e+01,-5.673067014000000086e+01,-3.199785663000000113e+01,-3.360446857400000198e+01,-3.188274751200000168e+01,-3.260910872699999885e+01
1.435717717700000051e+01,-4.143342877700000315e+01,-3.441419271800000246e+01,-3.910295147899999790e+01,-3.680985256900000024e+01,-4.129437529199999801e+01
1.437718718700000053e+01,-4.426866157199999918e+01,-3.614239375199999671e+01,-3.410001542300000210e+01,-3.571751179400000353e+01,-3.961278992399999765e+01
1.439719719700000056e+01,-3.313382116700000068e+01,-2.869558898500000055e+01,-3.275735927800000269e+01,-3.232851835700000009e+01,-3.473683763300000038e+01
1.441720720700000058e+01,-4.942665425900000287e+01,-3.394850605799999954e+01,-3.262926479400000090e+01,-3.460505867900000254e+01,-4.031398675999999881e+01
1.443721721700000060e+01,-3.310031659300000229e+01,-3.497790403100000134e+01,-3.519982257099999856e+01,-5.262371272600000083e+01,-3.217816607000000317e+01
1.445722722700000062e+01,-3.262918560399999990e+01,-3.725957940100000343e+01,-3.953844982500000071e+01,-3.377522000599999785e+01,-3.473333850699999914e+01
1.447723723700000065e+01,-3.184688604100000120e+01,-2.987312026100000040e+01,-5.084474306500000296e+01,-4.343184925199999924e+01,-3.267771857200000341e+01
1.449724724700000067e+01,-3.343543636799999774e+01,-4.442913233400000195e+01,-3.165997728299999991e+01,-4.026663921200000118e+01,-3.482585070999999743e+01
1.451725725700000069e+01,-3.868507857200000188e+01,-2.580370131100000108e+01,-4.118598660600000017e+01,-5.055153157600000213e+01,-3.976201609299999973e+01
1.453726726700000071e+01,-3.502166957200000041e+01,-4.055690242299999682e+01,-3.339572406399999949e+01,-3.502460841500000299e+01,-4.375757789600000081e+01
1.455727727700000074e+01,-3.903267249999999677e+01,-4.212299676800000015e+01,-3.445271073400000006e+01,-4.289916138200000262e+01,-3.610627328300000016e+01
1.457728728700000076e+01,-3.395519398500000108e+01,-2.811110993500000177e+01,-3.481448104100000052e+01,-3.454091257799999681e+01,-3.640193134900000160e+01
1.459729729700000078e+01,-3.788556095500000254e+01,-3.807148711300000343e+01,-3.242093051399999837e+01,-4.899383741500000156e+01,-4.052043990899999670e+01
1.461730730700000080e+01,-4.336720466199999890e+01,-2.959022878100000042e+01,-3.009474459999999851e+01,-3.885900535700000091e+01,-3.708533701000000349e+01
1.463731731700000083e+01,-3.903426769800000073e+01,-4.280930381499999982e+01,-3.049057095199999878e+01,-4.988075263999999720e+01,-4.694495940899999908e+01
1.465732732700000085e+01,-3.842902033899999736e+01,-3.063631246799999985e+01,-3.648652143300000006e+01,-4.565796496099999757e+01,-3.654988942500000348e+01
1.467733733700000087e+01,-4.954193464200000108e+01,-3.729165322099999713e+01,-3.074087915499999824e+01,-4.552021550900000335e+01,-4.451938611199999940e+01
1.469734734699999912e+01,-3.716186782199999783e+01,-4.334029849000000212e+01,-3.236948516999999725e+01,-3.366362666599999898e+01,-4.102634319199999879e+01
1.471735735699999914e+01,-3.905675375300000240e+01,-4.493100695700000102e+01,-3.306298016800000283e+01,-3.650568526800000058e+01,-4.249406833300000130e+01
1.473736736699999916e+01,-5.097024048400000140e+01,-3.953686304800000073e+01,-3.026323256799999939e+01,-5.352554929099999725e+01,-3.285821060699999663e+01
1.475737737699999919e+01,-3.694404157999999683e+01,-3.318599407800000023e+01,-3.058792087100000145e+01,-3.887683139300000335e+01,-4.561604692800000294e+01
1.477738738699999921e+01,-4.099464631200000042e+01,-3.650590660900000017e+01,-3.102342004799999842e+01,-3.724772911200000181e+01,-4.503976579399999736e+01
1.479739739699999923e+01,-3.990981093300000282e+01,-3.296509358000000134e+01,-3.037456798299999861e+01,-3.908835312800000139e+01,-3.816683236200000096e+01
1.481740740699999925e+01,-4.602018518199999875e+01,-3.697936282100000227e+01,-3.139052312900000175e+01,-3.256214810000000170e+01,-5.120403823699999890e+01
1.483741741699999928e+01,-3.863043638599999952e+01,-2.991832158200000080e+01,-2.965434830699999935e+01,-5.244029603900000325e+01,-3.066034933299999921e+01
1.485742742699999930e+01,-3.763469926700000201e+01,-3.817456901100000266e+01,-2.957200153300000167e+01,-3.369666418999999991e+01,-3.109529851699999980e+01
1.487743743699999932e+01,-3.665863055300000184e+01,-2.880149503199999828e+01,-2.780049201699999983e+01,-4.557513283499999801e+01,-3.485799684399999876e+01
1.489744744699999934e+01,-3.980902890099999780e+01,-4.129776940200000013e+01,-2.558704295600000123e+01,-4.152232175299999994e+01,-3.162246339300000031e+01
1.491745745699999937e+01,-4.732907970800000186e+01,-3.121417635499999932e+01,-2.739175241099999880e+01,-3.916449778300000162e+01,-2.837172165500000176e+01
1.493746746699999939e+01,-3.437933792300000135e+01,-4.344700286999999861e+01,-2.903591299100000001e+01,-3.690317993499999716e+01,-2.758199436299999974e+01
1.495747747699999941e+01,-3.597173816800000168e+01,-4.033028690100000091e+01,-2.955913142700000051e+01,-4.390890026099999943e+01,-2.510498919699999831e+01
1.497748748699999943e+01,-3.406043557499999963e+01,-3.917882792799999692e+01,-2.590490327099999845e+01,-4.142849846699999716e+01,-2.700339507099999992e+01
1.499749749699999946e+01,-3.785957467299999735e+01,-3.335733571099999750e+01,-2.521251814000000024e+01,-4.701793664899999925e+01,-2.689948391000000072e+01
1.501750750799999956e+01,-3.080976434500000138e+01,-3.204627094399999976e+01,-2.787696526699999922e+01,-3.828023608299999836e+01,-3.440835500099999678e+01
1.503751751799999958e+01,-2.518395672700000176e+01,-3.443525068299999958e+01,-2.529354532400000011e+01,-3.227001035800000039e+01,-3.271674874200000005e+01
1.505752752799999961e+01,-3.481965536199999889e+01,-5.253737306800000084e+01,-2.832687304799999950e+01,-4.062375092399999943e+01,-2.976951876600000091e+01
1.507753753799999963e+01,-3.493215286800000285e+01,-2.851769042000000098e+01,-3.351474114999999898e+01,-3.573146181100000263e+01,-2.832469735500000141e+01
1.509754754799999965e+01,-3.161360985199999973e+01,-3.792066085100000095e+01,-2.724849615000000114e+01,-4.832403716000000315e+01,-3.078859526999999829e+01
1.511755755799999967e+01,-3.258651694600000326e+01,-4.002613855399999920e+01,-2.615706682000000072e+01,-4.845360193399999815e+01,-4.020784624699999910e+01
1.513756756799999970e+01,-3.711961093000000034e+01,-3.443299829699999748e+01,-2.951997845100000006e+01,-4.291452693000000096e+01,-3.297568188000000333e+01
1.515757757799999972e+01,-3.926090914800000320e+01,-4.342886705299999761e+01,-2.951282207899999932e+01,-3.583093989000000334e+01,-3.506991803799999730e+01
1.517758758799999974e+01,-3.865417001400000174e+01,-1.761756604800000048e+01,-2.391458579500000070e+01,-2.132329170199999879e+01,-3.969945982400000162e+01
1.519759759799999976e+01,-4.145478419999999886e+01,-3.887504107600000225e+01,-2.911807404600000027e+01,-4.387323118599999816e+01,-2.995950130499999986e+01
1.521760760799999979e+01,-3.596124723900000220e+01,-4.276812741399999851e+01,-3.089526447400000109e+01,-3.626868910499999998e+01,-3.489136528499999912e+01
1.523761761799999981e+01,-4.071012756500000052e+01,-4.692300113999999667e+01,-3.882617296600000145e+01,-3.740225386699999888e+01,-4.049588200200000188e+01
1.525762762799999983e+01,-4.018887803799999858e+01,-4.524363791199999696e+01,-2.766687594200000078e+01,-5.373235875299999975e+01,-3.957827451600000046e+01
1.527763763799999985e+01,-4.935202827999999897e+01,-3.632040443700000054e+01,-3.435689057399999768e+01,-3.002168143700000158e+01,-4.335934440100000131e+01
1.529764764799999988e+01,-3.747151217199999707e+01,-3.415742065399999916e+01,-4.125622993100000002e+01,-3.688776539900000273e+01,-4.166402936000000068e+01
1.531765765799999990e+01,-4.817469783100000313e+01,-3.832662434299999887e+01,-3.233085539300000022e+01,-4.788862403499999942e+01,-2.467306803099999968e+01
1.533766766799999992e+01,-4.441033154400000171e+01,-4.526052605400000317e+01,-3.081168949099999921e+01,-4.229411671799999795e+01,-3.495080955000000245e+01
1.535767767799999994e+01,-4.406140923699999945e+01,-2.746370874999999856e+01,-3.249923528699999764e+01,-4.565104652699999832e+01,-3.389846946000000116e+01
1.537768768799999997e+01,-4.020322777700000216e+01,-3.713825180300000284e+01,-2.643222345499999903e+01,-3.975567888999999866e+01,-4.429287844299999932e+01
1.539769769799999999e+01,-3.253766149399999819e+01,-4.316732569500000238e+01,-3.166676052500000083e+01,-5.311148298399999845e+01,-4.649319845000000129e+01
1.541770770800000001e+01,-3.873361646200000052e+01,-4.213416857600000043e+01,-3.012687187699999924e+01,-4.372889112200000028e+01,-4.032515096699999901e+01
1.543771771800000003e+01,-3.891337032999999934e+01,-4.090110305500000010e+01,-2.814933970499999916e+01,-4.253638962600000184e+01,-3.984386433800000304e+01
1.545772772800000006e+01,-3.930566431700000152e+01,-3.050213598799999914e+01,-2.714838002400000150e+01,-4.387704718300000195e+01,-4.314901679399999779e+01
1.547773773800000008e+01,-5.340694787300000002e+01,-3.500470212199999764e+01,-2.633683388600000086e+01,-3.788253311599999762e+01,-2.770124774900000020e+01
1.549774774800000010e+01,-3.790995218500000163e+01,-4.457730918800000097e+01,-2.769173480099999907e+01,-3.516435627599999947e+01,-3.439961276900000087e+01
1.551775775800000012e+01,-4.222550302100000152e+01,-4.511021423999999769e+01,-2.723956323000000168e+01,-4.010513413200000343e+01,-3.799730651099999790e+01
1.553776776800000015e+01,-4.840172485499999766e+01,-2.295300285000000073e+01,-2.677248065599999904e+01,-3.701826853699999731e+01,-4.159036375000000163e+01
1.555777777800000017e+01,-3.535483489500000331e+01,-4.473275556000000108e+01,-2.781091269699999913e+01,-3.351242219899999952e+01,-3.332689636300000302e+01
1.557778778800000019e+01,-3.756165034100000355e+01,-3.472545015000000035e+01,-3.151804665799999938e+01,-4.107755941399999955e+01,-2.844195495800000018e+01
1.559779779800000021e+01,-3.958949646300000325e+01,-4.106398289199999851e+01,-2.760098488199999878e+01,-3.647341973900000056e+01,-4.201476597599999963e+01
1.561780780800000024e+01,-3.770343757799999906e+01,-3.520960419699999733e+01,-2.776918260900000135e+01,-3.835971091399999722e+01,-3.558315604900000295e+01
1.563781781800000026e+01,-5.089189511200000027e+01,-4.934422169300000149e+01,-2.825615369799999854e+01,-3.215371029800000002e+01,-2.264643040200000002e+01
1.565782782800000028e+01,-3.354415875099999766e+01,-3.212384769999999889e+01,-2.837950819699999983e+01,-3.588620099599999946e+01,-3.101293661700000115e+01
1.567783783800000030e+01,-4.150091475800000040e+01,-3.118876500300000032e+01,-3.222524245900000039e+01,-3.928148055500000169e+01,-2.744463641500000151e+01
1.569784784800000033e+01,-4.075177389000000261e+01,-2.962656993299999897e+01,-3.127677209799999858e+01,-3.407272587599999980e+01,-1.818236934100000113e+01
1.571785785800000035e+01,-3.957777402699999669e+01,-3.731774034299999698e+01,-3.018207230899999871e+01,-3.966029538099999741e+01,-2.623413088099999868e+01
1.573786786800000037e+01,-3.379146541800000136e+01,-3.136091155300000111e+01,-2.774278602700000107e+01,-3.470191354800000028e+01,-2.914761721500000036e+01
1.575787787800000039e+01,-4.228247610399999701e+01,-3.644919423799999691e+01,-3.158171434599999827e+01,-3.040990878399999886e+01,-3.044458014900000009e+01
1.577788788800000042e+01,-3.735625618200000275e+01,-4.489489573800000244e+01,-2.991302196599999874e+01,-3.751676446599999792e+01,-2.705515203099999866e+01
1.579789789800000044e+01,-2.964317585899999941e+01,-2.432740077700000114e+01,-3.227930358199999716e+01,-3.340241383699999744e+01,-2.399752962199999828e+01
1.581790790800000046e+01,-5.219707384099999814e+01,-3.701766353000000009e+01,-2.875705472099999938e+01,-3.321823279000000184e+01,-2.276041501399999945e+01
1.583791791800000048e+01,-4.311936400100000100e+01,-2.438552584700000025e+01,-2.608904802099999998e+01,-3.535639573099999922e+01,-2.610857014500000162e+01
1.585792792800000051e+01,-4.024523149400000221e+01,-4.281681976400000167e+01,-2.623817473300000103e+01,-3.988704788100000087e+01,-2.751255755400000069e+01
1.587793793800000053e+01,-4.259404403700000330e+01,-3.373427350099999700e+01,-2.732370212600000059e+01,-3.356454506699999740e+01,-2.758358279300000149e+01
1.589794794800000055e+01,-4.214897640099999876e+01,-5.345490668699999759e+01,-2.487815102700000125e+01,-3.190928840899999841e+01,-2.705386368299999944e+01
1.591795795800000057e+01,-2.588728374300000112e+01,-3.320998425999999881e+01,-2.378956242299999957e+01,-2.497359567799999880e+01,-2.517922801199999938e+01
1.593796796800000060e+01,-4.248024826599999670e+01,-3.793824184700000046e+01,-2.474880659100000102e+01,-3.582431223100000039e+01,-2.325360006200000029e+01
1.595797797800000062e+01,-2.993901099400000021e+01,-3.535626169300000043e+01,-2.361342107500000154e+01,-2.946891530199999920e+01,-2.778736288400000021e+01
1.597798798800000064e+01,-4.633770502600000185e+01,-2.954357693600000090e+01,-2.433093013599999921e+01,-2.768436277300000015e+01,-3.655222137100000168e+01
1.599799799800000066e+01,-3.679180601499999881e+01,-3.482615808700000315e+01,-2.255617844800000071e+01,-3.839296950399999986e+01,-2.863912359400000085e+01
1.601800800799999891e+01,-3.149420717299999950e+01,-3.678313954800000118e+01,-2.311862841099999955e+01,-3.331477014400000058e+01,-2.816301641200000105e+01
1.603801801799999893e+01,-3.314675739900000195e+01,-2.554881195500000146e+01,-2.454745011300000002e+01,-2.930586197199999887e+01,-2.781910301899999993e+01
1.605802802799999895e+01,-5.359867420500000179e+01,-4.423253112599999781e+01,-2.154751106100000158e+01,-3.331629622199999829e+01,-3.073631370500000060e+01
1.607803803799999898e+01,-3.425100433800000133e+01,-3.278303952400000298e+01,-2.215564732400000025e+01,-2.778910765099999836e+01,-2.890887887199999895e+01
1.609804804799999900e+01,-3.721632692400000053e+01,-3.084628125200000071e+01,-2.349240916999999840e+01,-2.810446339900000012e+01,-3.038698881499999871e+01
1.611805805799999902e+01,-3.305295794700000300e+01,-3.701432977099999988e+01,-2.252240919400000152e+01,-2.992222730800000008e+01,-3.413390162599999655e+01
1.613806806799999904e+01,-3.008351786100000069e+01,-2.518285863399999869e+01,-2.077457331700000154e+01,-3.354014116199999762e+01,-3.053573985399999913e+01
1.615807807799999907e+01,-2.981211246299999829e+01,-3.218676795500000054e+01,-2.139848011300000152e+01,-3.136967603300000107e+01,-3.453380648899999983e+01
1.617808808799999909e+01,-2.755933961399999887e+01,-4.095276174899999688e+01,-2.196655186599999965e+01,-3.370007662700000139e+01,-2.936720207300000141e+01
1.619809809799999911e+01,-2.414851241999999942e+01,-3.795460774299999684e+01,-2.048541100599999965e+01,-3.110008930300000074e+01,-3.836570062999999919e+01
1.621810810799999913e+01,-3.827397303299999720e+01,-3.177573274399999903e+01,-2.283231815299999923e+01,-4.625722944999999697e+01,-2.740716787699999912e+01
1.623811811799999916e+01,-3.906160247700000099e+01,-3.527363643700000040e+01,-2.432034044399999928e+01,-3.595241594600000212e+01,-3.050795180800000139e+01
1.625812812799999918e+01,-4.122918045899999839e+01,-2.265064933300000050e+01,-2.399975393000000068e+01,-3.376913692499999797e+01,-2.856549682099999998e+01
1.627813813799999920e+01,-2.872288797999999943e+01,-4.261286997599999893e+01,-2.327147891999999985e+01,-3.408344647799999905e+01,-3.265203177899999787e+01
1.629814814799999922e+01,-2.625280484500000000e+01,-3.393739178799999934e+01,-2.402209417899999977e+01,-4.109790643000000188e+01,-3.478071504799999758e+01
1.631815815799999925e+01,-3.270740576699999735e+01,-2.959126955800000047e+01,-2.351854824100000130e+01,-3.324807299599999766e+01,-2.144557769600000086e+01
1.633816816799999927e+01,-2.593760713900000070e+01,-3.588942615500000244e+01,-2.557759597300000109e+01,-3.210419191100000091e+01,-3.245488579999999956e+01
1.635817817799999929e+01,-3.316366616700000236e+01,-2.488279123499999912e+01,-2.358722670799999932e+01,-4.038060441999999739e+01,-3.168860280499999860e+01
1.637818818799999931e+01,-4.468474961100000087e+00,-2.956594994700000001e+01,-2.595498073899999980e+01,-2.325088544300000137e+01,-2.501708282599999933e+01
1.639819819799999934e+01,-3.329987089800000177e+01,-3.488103630100000174e+01,-2.428700187600000149e+01,-2.752869523600000079e+01,-3.887615810199999800e+01
1.641820820799999936e+01,-3.854892743599999960e+01,-2.115041828500000065e+01,-2.719986178499999951e+01,-2.648806922800000052e+01,-3.240063245500000022e+01
1.643821821799999938e+01,-2.888097775900000030e+01,-2.700648847900000149e+01,-2.368318255399999828e+01,-2.710479430299999848e+01,-2.673295265699999845e+01
1.645822822799999940e+01,-2.361146657700000162e+01,-3.621330931199999981e+01,-2.632725170300000173e+01,-3.294106961699999658e+01,-2.465871329699999848e+01
1.647823823799999943e+01,-2.542461353499999888e+01,-2.909342240999999873e+01,-2.556865311800000029e+01,-2.550658259800000138e+01,-5.301057211599999874e+01
1.649824824799999945e+01,-3.836212131900000344e+01,-3.001662836299999881e+01,-2.501982925600000129e+01,-3.114809863300000004e+01,-3.148901559100000114e+01
1.651825825799999947e+01,-2.280232834699999955e+01,-2.968472502799999901e+01,-2.493380203799999961e+01,-3.046223351500000120e+01,-2.714391118200000008e+01
1.653826826799999949e+01,-2.939542936000000140e+01,-2.130817596800000047e+01,-2.831786440999999854e+01,-2.860473283600000016e+01,-2.326070522399999874e+01
1.655827827799999952e+01,-3.393509856800000080e+01,-3.438821592499999724e+01,-2.612018100299999901e+01,-3.553525097800000054e+01,-3.631467991600000289e+01
1.657828828799999954e+01,-2.752699438999999870e+01,-3.340151077699999860e+01,-2.564555938399999846e+01,-2.726862513500000063e+01,-3.531106771000000322e+01
1.659829829799999956e+01,-1.916970445700000170e+01,-3.771071724000000103e+01,-2.790887942699999869e+01,-2.505443536599999987e+01,-3.242007256899999845e+01
1.661830830799999958e+01,-3.460498099899999858e+01,-3.183917393700000176e+01,-2.888162707500000081e+01,-2.921012984900000120e+01,-3.166058962199999982e+01
1.663831831799999961e+01,-4.009217383899999732e+01,-3.185461517799999953e+01,-2.868836439000000027e+01,-2.865293116699999842e+01,-4.001962207900000124e+01
1.665832832799999963e+01,-2.620824412700000039e+01,-3.093085036100000096e+01,-2.889718139000000008e+01,-3.077179764699999964e+01,-2.999276854300000039e+01
1.667833833799999965e+01,-3.702585832100000118e+01,-6.128270724699999761e+01,-2.754303056899999902e+01,-2.920985332000000056e+01,-2.893609271200000066e+01
1.669834834799999967e+01,-3.273347003699999647e+01,-3.090395881499999930e+01,-2.888033399300000070e+01,-2.884341032600000077e+01,-2.950844851600000140e+01
1.671835835799999970e+01,-2.803621936600000097e+01,-3.424160572200000274e+01,-3.171016614599999883e+01,-3.524911126399999972e+01,-3.105182772699999916e+01
1.673836836799999972e+01,-4.320382975199999720e+01,-4.721315824599999900e+01,-2.900960434499999963e+01,-3.004791355600000102e+01,-2.737121497200000064e+01
1.675837837799999974e+01,-1.083336202099999923e+01,-5.210207549700000129e+01,-4.130558980400000024e+01,-3.137831951500000116e+01,-2.786964043400000079e+01
1.677838838799999976e+01,-3.663390076400000339e+01,-4.235202976400000097e+01,-3.387209202500000060e+01,-3.409764485299999848e+01,-2.646408181199999987e+01
1.679839839799999979e+01,-3.742772302099999848e+01,-1.956338108799999986e+01,-3.052683689499999886e+01,-3.075976695800000016e+01,-3.206320147899999995e+01
1.681840840799999981e+01,-2.638813499400000140e+01,-3.074957507099999887e+01,-3.319888902999999658e+01,-2.824425461799999937e+01,-2.886795867900000090e+01
1.683841841799999983e+01,-2.004238514600000087e+01,-4.282968367299999812e+01,-3.086352755000000059e+01,-2.629808968700000094e+01,-2.485810731300000143e+01
1.685842842799999985e+01,-3.434660800200000352e+01,-3.229549894899999885e+01,-2.988288008800000028e+01,-2.974982379800000132e+01,-1.982502295899999822e+01
1.687843843799999988e+01,-3.540737304999999679e+01,-4.199886457699999909e+01,-3.225435713699999951e+01,-3.270885992400000220e+01,-2.477674595099999877e+01
1.689844844799999990e+01,-2.820120014700000155e+01,-3.855460904000000255e+01,-3.158163097899999983e+01,-3.896538157799999880e+01,-2.311026587299999946e+01
1.691845845799999992e+01,-2.736883732100000088e+01,-5.008235963100000276e+01,-3.445095079800000093e+01,-3.437670477700000049e+01,-3.110997884600000063e+01
1.693846846799999994e+01,-2.640663655699999879e+01,-3.455643137799999920e+01,-3.144541494399999948e+01,-3.886495318600000104e+01,-2.923416884199999899e+01
1.695847847799999997e+01,-3.343765438399999823e+01,-2.792247972299999859e+01,-3.652641089899999827e+01,-2.382448941299999845e+01,-2.047292144000000036e+01
1.697848848799999999e+01,-2.358744244900000098e+01,-3.569021764400000052e+01,-4.934847229900000087e+01,-2.760172037699999947e+01,-3.204613379599999945e+01
1.699849849800000001e+01,-3.041995849799999974e+01,-3.025134920900000068e+01,-2.757538433699999914e+01,-2.029020784400000110e+01,-3.103137968400000091e+01
1.701850850900000012e+01,-2.774598774400000067e+01,-4.360795733900000215e+01,-3.010672255800000130e+01,-2.627239822599999997e+01,-3.165629382999999919e+01
1.703851851900000014e+01,-2.629108883299999988e+01,-2.291471570699999916e+01,-2.845355062100000154e+01,-3.256624082700000145e+01,-3.365876181899999864e+01
1.705852852900000016e+01,-4.974651229199999847e+01,-3.241148074800000245e+01,-3.165798814300000075e+01,-3.638108105300000261e+01,-2.939997498700000023e+01
1.707853853900000018e+01,-3.793418199900000332e+01,-2.412367975400000120e+01,-2.968200357199999928e+01,-2.925065281699999886e+01,-4.124910119599999803e+01
1.709854854900000021e+01,-2.600756051999999841e+01,-2.923050630099999836e+01,-3.959215648499999674e+01,-2.591511464899999950e+01,-4.333430767699999819e+01
1.711855855900000023e+01,-4.150836615899999771e+01,-3.283934095899999761e+01,-2.724692743600000000e+01,-2.652361504399999959e+01,-3.037003918899999988e+01
1.713856856900000025e+01,-4.434641262000000239e+01,-3.169023703699999928e+01,-3.292439504699999731e+01,-2.716131125600000118e+01,-3.566133080800000243e+01
1.715857857900000027e+01,-3.040681196199999903e+01,-2.615361558500000072e+01,-2.269638925599999979e+01,-2.426635103099999924e+01,-4.057245797800000275e+01
1.717858858900000030e+01,-4.346999093800000225e+01,-3.891034732699999665e+01,-4.382497274600000026e+01,-3.396741751100000073e+01,-2.647011797700000102e+01
1.719859859900000032e+01,-4.019934161399999795e+01,-2.512218346199999885e+01,-3.013410581899999841e+01,-2.064873800299999829e+01,-3.226048666100000162e+01
1.721860860900000034e+01,-3.551033835399999816e+01,-2.957378673699999894e+01,-2.675478610100000054e+01,-2.591338247099999847e+01,-3.507201845800000228e+01
1.723861861900000036e+01,-3.906420793899999921e+01,-3.381149780500000190e+01,-2.656242930100000166e+01,-2.472924580000000105e+01,-2.919213659700000107e+01
1.725862862900000039e+01,-3.118880860999999882e+01,-3.937574116500000088e+01,-2.938316319899999840e+01,-3.207621266299999974e+01,-2.990127284500000115e+01
1.727863863900000041e+01,-2.967620238199999960e+01,-2.289226606600000125e+01,-2.273917699000000070e+01,-2.734595702600000067e+01,-2.469879576399999976e+01
1.729864864900000043e+01,-3.820366903600000086e+01,-3.525948904500000225e+01,-3.207879055200000096e+01,-4.576863485700000211e+01,-2.528774467299999884e+01
1.731865865900000045e+01,-3.507397734700000314e+01,-3.759671892400000104e+01,-2.254375773099999947e+01,-3.103342716099999876e+01,-1.333177974400000032e+01
1.733866866900000048e+01,-3.108272266999999900e+01,-3.939767275100000177e+01,-2.545388376500000049e+01,-2.168393008199999983e+01,-2.752995514699999902e+01
1.735867867900000050e+01,-3.515468455100000256e+01,-3.167766463999999971e+01,-3.435201050199999884e+01,-3.214011292699999700e+01,-3.131992474700000173e+01
1.737868868900000052e+01,-3.283357505099999685e+01,-2.853217000400000103e+01,-2.393248510999999823e+01,-2.966545282399999905e+01,-3.299965362900000088e+01
1.739869869900000054e+01,-3.550488377100000292e+01,-3.150774081899999857e+01,-2.539604173800000098e+01,-3.217225826600000005e+01,-2.980858577000000054e+01
1.741870870900000057e+01,-2.840942952700000035e+01,-3.169169276899999943e+01,-2.862427973599999831e+01,-2.458393806400000159e+01,-2.181765796299999849e+01
1.743871871900000059e+01,-2.940987433500000137e+01,-3.262611743200000092e+01,-3.003668270500000048e+01,-2.628820254000000034e+01,-3.149218405399999909e+01
1.745872872900000061e+01,-2.742684518400000115e+01,-3.168037087300000110e+01,-2.794915342399999858e+01,-2.610876544799999976e+01,-3.089149200700000009e+01
1.747873873900000063e+01,-3.631307407300000278e+01,-3.032121973399999959e+01,-2.813377752599999937e+01,-2.249789199599999989e+01,-2.428634947800000177e+01
1.749874874900000066e+01,-2.073323458400000163e+01,-2.439018407800000077e+01,-2.094136011000000153e+01,-2.543940371200000072e+01,-2.580196529799999894e+01
1.751875875900000068e+01,-3.268340550399999955e+01,-2.033174115799999981e+01,-2.601611050100000000e+01,-2.546311027499999824e+01,-2.746107901399999918e+01
1.753876876900000070e+01,-3.380172335799999672e+01,-3.773208240900000021e+01,-3.019957329100000010e+01,-2.274116778699999841e+01,-1.775294121199999964e+01
1.755877877900000072e+01,-2.754542177900000155e+01,-3.592285149899999652e+01,-3.006300982699999835e+01,-2.785646234700000079e+01,-3.496320610200000090e+01
1.757878878900000075e+01,-3.893526421699999673e+01,-2.760389076899999949e+01,-2.298152672100000160e+01,-1.827301777799999982e+01,-4.802508705300000003e+01
1.759879879900000077e+01,-3.333712192800000196e+01,-3.145406875999999841e+01,-2.605624755599999887e+01,-1.232525544900000014e+01,-2.863560272100000148e+01
1.761880880900000079e+01,-2.510032507300000049e+01,-3.572205013399999984e+01,-2.659385303399999856e+01,-2.883401885299999989e+01,-3.766761435400000124e+01
1.763881881900000081e+01,-4.553243642799999691e+01,-2.897959925700000028e+01,-2.969554340099999834e+01,-3.377482619300000266e+01,-4.301427566699999971e+01
1.765882882900000084e+01,-4.032858165100000036e+01,-2.848743320699999870e+01,-4.113450668600000171e+01,-3.149907804700000113e+01,-2.833429086299999966e+01
1.767883883900000086e+01,-1.927898849800000036e+01,-3.759446049499999987e+01,-3.053264217899999977e+01,-2.772148085199999912e+01,-3.617664575999999954e+01
1.769884884900000088e+01,-3.461394750400000220e+01,-3.467229593599999760e+01,-1.898660141599999918e+01,-1.340391651300000042e+01,-5.980834857499999657e+01
1.771885885900000090e+01,-3.820827000500000281e+01,-2.791200662099999974e+01,-2.837433463400000022e+01,-2.313304875800000104e+01,-2.032988814699999836e+01
1.773886886900000093e+01,-2.381663299399999900e+01,-2.705206401599999921e+01,-3.082029810999999953e+01,-3.069696638399999955e+01,-4.642470639999999804e+01
1.775887887900000095e+01,-4.138612905600000147e+01,-3.304245464800000320e+01,-3.969762459700000079e+01,-3.162766991200000177e+01,-5.221522900600000128e+01
1.777888888900000097e+01,-3.647936101900000239e+01,-3.136085393500000151e+01,-3.751916444399999762e+01,-2.836777927500000018e+01,-3.604915108499999832e+01
1.779889889900000099e+01,-2.498549049300000036e+01,-3.509006247599999995e+01,-1.815736756300000110e+01,-1.533782965700000034e+01,-1.167334321999999958e+01
1.781890890900000102e+01,-4.819341071200000215e+01,-4.342180570499999703e+01,-3.919017239000000075e+01,-3.605443048499999747e+01,-3.601280461099999997e+01
1.783891891900000104e+01,-2.530435279699999995e+01,-2.521075020800000033e+01,-2.804454825899999904e+01,-3.168498883699999880e+01,-3.292390019900000198e+01
1.785892892900000106e+01,-3.656473027700000245e+01,-1.947552181200000021e+01,-3.126715106900000052e+01,-2.622685554799999963e+01,-2.596997660799999963e+01
1.787893893900000108e+01,-4.397357026899999966e+01,-4.197106344099999831e+01,-3.166139001399999842e+01,-2.852236422100000013e+01,-3.226808473900000251e+01
1.789894894900000111e+01,-2.977006953800000133e+01,-3.594946786100000224e+01,-3.828335991499999835e+01,-3.685963979499999965e+01,-2.780182123499999847e+01
1.791895895900000113e+01,-4.274117185800000129e+01,-3.582939136600000296e+01,-3.852307387999999833e+01,-2.541770875099999927e+01,-3.749463630200000352e+01
1.793896896900000115e+01,-4.154213656299999968e+01,-2.382766876899999886e+01,-1.274567346299999926e+01,-7.438776020599999761e+00,-3.624593515699999813e+01
1.795897897900000117e+01,-3.131624356100000028e+01,-3.077379359900000111e+01,-4.214133430399999725e+01,-2.370051812999999896e+01,-2.968618083699999843e+01
1.797898898900000120e+01,-3.864738503499999922e+01,-2.613636843400000132e+01,-3.962773477300000025e+01,-3.047606443000000098e+01,-3.430111135399999966e+01
1.799899899900000122e+01,-3.981078796500000294e+01,-2.861655551599999825e+01,-1.666514482299999855e+01,-2.697002180499999824e+01,-1.717156104200000044e+01
1.801900900900000124e+01,-4.074583527899999780e+01,-3.478171675299999777e+01,-3.937405111300000016e+01,-2.346527028399999892e+01,-2.805374388799999963e+01
1.803901901900000126e+01,-3.719829000400000041e+01,-3.550338789199999923e+01,-3.212010584000000080e+01,-2.840797862999999879e+01,-2.936515818899999886e+01
1.805902902900000129e+01,-3.596851923199999845e+01,-2.320237154899999865e+01,-3.198628002399999914e+01,-2.692258555200000103e+01,-2.900719247500000009e+01
1.807903903900000131e+01,-3.988204292799999706e+01,-3.407528238500000128e+01,-3.079892890500000036e+01,-2.674270838600000033e+01,-2.775297467000000040e+01
1.809904904900000133e+01,-4.187304374099999649e+01,-3.029793988000000127e+01,-4.548193352300000214e+01,-2.367268574299999884e+01,-3.029764365500000167e+01
1.811905905900000135e+01,-2.958107599999999948e+01,-2.246519010600000144e+01,-3.396210409399999719e+01,-2.730502201399999862e+01,-3.602590043499999695e+01
1.813906906900000138e+01,-3.922915576900000190e+01,-3.345188602000000344e+01,-3.962997125300000079e+01,-3.279185784199999887e+01,-2.299185653400000007e+01
1.815907907900000140e+01,-3.379484741099999923e+01,-3.289839362299999692e+01,-3.974310372699999760e+01,-3.548561918600000098e+01,-3.489554129999999788e+01
1.817908908900000142e+01,-3.496645630900000157e+01,-3.477546207500000008e+01,-3.642847835999999973e+01,-3.555456078699999978e+01,-3.341233601799999775e+01
1.819909909900000144e+01,-4.112361600999999922e+01,-2.967024444400000149e+01,-3.752834725600000354e+01,-3.322517027399999989e+01,-2.628940817100000160e+01
1.821910910900000147e+01,-3.479052516400000172e+01,-3.480684318000000133e+01,-3.748499959800000170e+01,-2.681193162499999971e+01,-3.824647738200000191e+01
1.823911911900000149e+01,-4.834806584799999740e+01,-4.045747403699999722e+01,-2.835745277499999872e+01,-3.198484648100000172e+01,-2.824780482399999926e+01
1.825912912900000151e+01,-4.232017606499999829e+01,-3.881238761600000231e+01,-3.643365476000000314e+01,-4.062821849299999855e+01,-2.048650484999999932e+01
1.827913913900000153e+01,-3.843118042900000120e+01,-3.290201936399999738e+01,-3.683463415399999974e+01,-3.363732969099999792e+01,-4.676183846400000022e+01
1.829914914900000156e+01,-3.201927018399999980e+01,-3.164991976199999968e+01,-3.239188056100000068e+01,-3.196372404799999956e+01,-3.847292011300000070e+01
1.831915915900000158e+01,-1.240227969799999919e+01,-5.021102866399999698e+01,-3.755491883199999847e+01,-3.032354473299999853e+01,-3.386446713499999817e+01
1.833916916900000160e+01,-3.554013996700000177e+01,-2.740735563799999852e+01,-3.024227723199999929e+01,-1.981530258100000097e+01,-2.658974853200000155e+01
1.835917917900000162e+01,-2.427443005099999951e+01,-1.927135772200000119e+01,-1.902925383499999867e+01,-2.357498044200000109e+01,-1.896630279600000080e+01
1.837918918900000165e+01,-3.977545402700000210e+01,-4.217550383700000083e+01,-2.706673233200000084e+01,-3.889152124999999671e+01,-3.281624204399999911e+01
1.839919919900000167e+01,-4.293063026299999763e+01,-3.852798573100000112e+01,-5.379312033400000104e+01,-3.581743096299999962e+01,-2.591408382599999882e+01
1.841920920900000169e+01,-2.225519083200000026e+01,-2.345513846100000066e+01,-3.212088136999999932e+01,-2.757354972099999912e+01,-2.883351446600000045e+01
1.843921921900000171e+01,-4.373081020699999755e+01,-3.543182916599999999e+01,-2.962735291199999921e+01,-2.234980298400000009e+01,-4.316963453399999651e+01
1.845922922900000174e+01,-3.618437585400000245e+01,-2.700648879099999888e+01,-2.813396942600000017e+01,-3.351022104900000187e+01,-4.638190687400000201e+01
1.847923923900000176e+01,-4.720510057900000334e+01,-3.323706235899999939e+01,-2.427892425299999957e+01,-2.692592107600000162e+01,-2.664935962999999930e+01
1.849924924899999823e+01,-4.770039814300000103e+01,-3.536098640499999846e+01,-3.005503325300000128e+01,-3.544338818899999666e+01,-3.005721614300000155e+01
1.851925925899999825e+01,-3.779520558400000141e+01,-3.028049084699999938e+01,-2.807928763199999977e+01,-3.045806828699999969e+01,-3.415733916899999656e+01
1.853926926899999827e+01,-3.712934031999999718e+01,-3.311265452800000020e+01,-2.391025822599999984e+01,-1.734080060000000145e+01,-1.800847013899999993e+01
1.855927927899999830e+01,-5.563511882400000275e+01,-5.000634027899999978e+01,-3.328013886099999752e+01,-3.481303237299999864e+01,-3.463241482400000137e+01
1.857928928899999832e+01,-2.644471903499999854e+01,-2.949922099200000147e+01,-3.207275300700000287e+01,-4.130626203199999935e+01,-4.031675917900000172e+01
1.859929929899999834e+01,-3.360077100000000172e+01,-3.170006605700000080e+01,-2.902667499000000007e+01,-2.705058329999999955e+01,-2.284636283900000109e+01
1.861930930899999836e+01,-4.023501302599999718e+01,-3.372447782100000069e+01,-2.561230360900000136e+01,-4.232280235900000065e+01,-5.362050506100000291e+01
1.863931931899999839e+01,-2.699420946600000093e+01,-3.013903927999999866e+01,-2.973969139100000092e+01,-2.908300767100000073e+01,-2.939107020100000156e+01
1.865932932899999841e+01,-2.892564138799999895e+01,-2.879514055099999936e+01,-3.959021617900000223e+01,-5.250986403400000313e+01,-3.001663913499999836e+01
1.867933933899999843e+01,-4.120054360400000348e+01,-4.343512824700000152e+01,-2.753861710600000023e+01,-2.099665160500000027e+01,-1.166375412100000020e+01
1.869934934899999845e+01,-3.196224361100000166e+01,-4.654530806700000056e+01,-2.630657397299999900e+01,-3.250281299099999899e+01,-3.092208391000000134e+01
1.871935935899999848e+01,-3.038723339599999917e+01,-3.619432426899999911e+01,-3.033954369199999945e+01,-3.913292555700000008e+01,-3.902364336600000172e+01
1.873936936899999850e+01,-2.226975294900000080e+01,-4.239382579499999792e+01,-3.290620855899999952e+01,-3.824732133700000247e+01,-2.346357749699999928e+01
1.875937937899999852e+01,-4.499407844499999953e+01,-3.511817341900000145e+01,-2.680666268099999883e+01,-2.835293650599999893e+01,-2.990828221499999984e+01
1.877938938899999854e+01,-4.281891188699999873e+01,-4.615575794400000120e+01,-2.940494697999999829e+01,-3.281722433899999913e+01,-1.935711804099999966e+01
1.879939939899999857e+01,-2.651527089600000053e+01,-3.182276269200000129e+01,-3.553017415499999743e+01,-3.291864319799999805e+01,-2.722852632100000037e+01
1.881940940899999859e+01,-3.663694252100000170e+01,-3.654159246799999750e+01,-3.130717519499999923e+01,-4.133762409199999865e+01,-2.556024557799999997e+01
1.883941941899999861e+01,-5.753268829699999998e+01,-4.293015361599999835e+01,-3.660978756899999809e+01,-2.918389484500000108e+01,-3.542539454799999987e+01
1.885942942899999863e+01,-3.153943896199999841e+01,-4.166827783099999749e+01,-2.584237915599999980e+01,-3.381652637300000208e+01,-1.623893125100000034e+01
1.887943943899999866e+01,-3.484872717199999670e+01,-2.877918824400000020e+01,-2.327900127099999850e+01,-2.366564179899999942e+01,-2.116276020900000177e+01
1.889944944899999868e+01,-3.647899452699999756e+01,-3.712392531700000120e+01,-3.389930721000000347e+01,-4.146048717499999725e+01,-3.544480369299999722e+01
1.891945945899999870e+01,-1.693271565699999925e+01,-5.147747704799999724e+01,-2.584753038499999889e+01,-3.177252974099999960e+01,-3.390476371900000174e+01
1.893946946899999872e+01,-4.548675577299999873e+01,-5.091899270999999771e+01,-3.242900676699999707e+01,-3.353175989599999696e+01,-2.467061873000000105e+01
1.895947947899999875e+01,-3.508644888799999961e+01,-3.801734136200000336e+01,-2.367493520300000043e+01,-3.027991990099999953e+01,-3.875117012900000191e+01
1.897948948899999877e+01,-2.463313582199999985e+01,-2.466878330600000169e+01,-2.332865496399999827e+01,-3.396432835899999958e+01,-2.849864984799999945e+01
1.899949949899999879e+01,-4.472849065100000132e+01,-5.236297229000000186e+01,-4.509162241599999987e+01,-2.489404690099999939e+01,-2.618327349600000176e+01
1.901950950999999890e+01,-4.642604633900000266e+01,-5.329204941300000087e+01,-3.384851012899999745e+01,-4.381126142099999754e+01,-4.545298107499999674e+01
1.903951951999999892e+01,-3.426627701599999654e+01,-2.540900415500000165e+01,4.411464072900000311e+00,-1.343268335800000024e+01,-2.389113347900000051e+01
1.905952952999999894e+01,-3.782852596600000084e+01,-4.369392573700000071e+01,-2.964396104400000098e+01,-2.890090801299999868e+01,-3.148922912200000113e+01
1.907953953999999896e+01,-4.532423246300000130e+01,-4.022342389700000354e+01,-4.423453946800000125e+01,-2.679257266500000156e+01,-3.333516443500000292e+01
1.909954954999999899e+01,-4.212628085699999758e+01,-4.772391025700000000e+01,-3.615399754500000284e+01,-3.297998469699999902e+01,-3.032308684399999876e+01
1.911955955999999901e+01,-3.893329349799999761e+01,-4.318321549600000253e+01,-2.850050966999999957e+01,-5.543360668999999774e+01,-3.406955633599999800e+01
1.913956956999999903e+01,-3.419798938400000310e+01,-2.790802552199999909e+01,-2.429693256899999909e+01,-3.779077460999999971e+01,-2.425125778199999971e+01
1.915957957999999905e+01,-2.809250069899999858e+01,-4.148080665500000208e+01,-2.721771533300000101e+01,-3.794557254800000123e+01,-3.411561396999999829e+01
1.917958958999999908e+01,-3.852128147999999896e+01,-3.555044260199999684e+01,-2.448502881699999989e+01,-3.580253808300000173e+01,-4.609694302500000163e+01
1.919959959999999910e+01,-3.083371430500000088e+01,-1.911197422700000104e+01,-1.984333856399999974e+01,-2.654025044799999833e+01,-2.389669791300000057e+01
1.921960960999999912e+01,-3.272744751500000149e+01,-4.588602118299999688e+01,-3.097834194900000071e+01,-4.480226427600000250e+01,-3.368791116500000271e+01
1.923961961999999914e+01,-3.920886982300000057e+01,-4.749521704899999719e+01,-2.999399931700000010e+01,-3.752946726799999766e+01,-2.901526945000000168e+01
1.925962962999999917e+01,-2.763797674099999924e+01,-2.793546650000000042e+01,-3.509803947500000021e+01,-4.571283555499999807e+01,-3.976424906700000150e+01
1.927963963999999919e+01,-6.667332201499999655e+01,-4.756415649000000201e+01,-2.742868397599999852e+01,-4.131270061000000027e+01,-5.263905640899999838e+01
1.929964964999999921e+01,-4.201189661000000086e+01,-4.784910997899999785e+01,-2.214203414600000031e+01,-4.365256142300000164e+01,-4.519325553600000234e+01
1.931965965999999923e+01,-2.715421681699999823e+01,-2.621006848100000042e+01,-3.146852415800000102e+01,-2.705378762699999839e+01,-3.665029704399999844e+01
1.933966966999999926e+01,-4.652228012700000193e+01,-4.213731713800000023e+01,-1.835171924599999826e+01,-3.147231185200000070e+01,-4.371301885399999776e+01
1.935967967999999928e+01,-4.563719222099999939e+01,-5.003767445300000105e+01,-1.899916452100000086e+01,-2.971434354200000172e+01,-3.138905580799999839e+01
1.937968968999999930e+01,-3.333660050900000016e+01,-3.862503234399999741e+01,-2.604959435600000006e+01,-3.789226409300000142e+01,-3.326736766900000219e+01
1.939969969999999932e+01,-3.048689497399999837e+01,-5.224991957499999984e+01,-4.787879735599999975e+01,-4.857153305500000329e+01,-4.904820326000000108e+01
1.941970970999999935e+01,-6.130165497800000196e+01,-3.559410512800000248e+01,-1.200548075700000084e+01,-3.376775169399999754e+01,-4.983335646999999824e+01
1.943971971999999937e+01,-3.195502250299999858e+01,-2.421955681400000060e+01,-2.304237900800000105e+01,-3.295893127299999747e+01,-2.615797626399999842e+01
1.945972972999999939e+01,-4.439272850399999726e+01,-4.739222440300000017e+01,-3.206311764600000203e+01,-3.482498594700000183e+01,-4.147028837100000231e+01
1.947973973999999941e+01,-3.789035697999999996e+01,-4.120169789199999855e+01,-2.028800210400000026e+01,-2.864723798700000046e+01,-3.955350687899999684e+01
1.949974974999999944e+01,-2.665815214999999938e+01,-4.526075204100000349e+01,-1.864052536499999846e+01,-4.151064637000000346e+01,-3.398488311599999889e+01
1.951975975999999946e+01,-4.561961830999999989e+01,-4.191439996999999806e+01,-2.332342952300000150e+01,-4.045042749200000287e+01,-3.906657709699999970e+01
1.953976976999999948e+01,-3.576623665099999982e+01,-3.270436787999999950e+01,5.229873501800000213e+00,-5.994462941500000142e+00,-1.216995861100000020e+01
1.955977977999999950e+01,-3.553037091499999889e+01,-4.227942706700000031e+01,-2.441840794999999886e+01,-4.295934323499999863e+01,-5.218655293399999806e+01
1.957978978999999953e+01,-6.151308914300000197e+01,-4.908558654200000149e+01,-3.374155377900000019e+01,-3.219829428100000257e+01,-4.192398126799999858e+01
1.959979979999999955e+01,-4.002871193299999675e+01,-3.822755230100000290e+01,-3.063449545099999938e+01,-5.433404324199999991e+01,-2.783145802099999955e+01
1.961980980999999957e+01,-5.120637389200000200e+01,-4.235485133200000263e+01,-1.415947174199999914e+01,-5.406211471499999988e+01,-3.053229083700000146e+01
1.963981981999999959e+01,-3.777740387499999741e+01,-3.459325084200000333e+01,-3.270955835000000178e+01,-2.910690725799999967e+01,-3.786477970600000020e+01
1.965982982999999962e+01,-3.924068398800000068e+01,-2.428931246400000177e+01,-9.833117375900000567e+00,-1.621997707099999886e+01,-1.322864230000000063e+01
1.967983983999999964e+01,-4.251645040700000067e+01,-5.011368818599999742e+01,-2.598955561900000077e+01,-3.705859442399999892e+01,-5.171446421899999990e+01
1.969984984999999966e+01,-4.493190845699999869e+01,-5.649013477399999772e+01,-4.040324161800000269e+01,-4.005602045199999850e+01,-4.206663092899999867e+01
1.971985985999999968e+01,-2.598379361699999990e+01,-3.505125185699999690e+01,-3.189296411500000161e+01,-3.337431562700000143e+01,-3.633948350099999658e+01
1.973986986999999971e+01,-3.724930212099999949e+01,-3.513901736199999704e+01,-3.099026743499999981e+01,-4.544337727799999982e+01,-4.376873519499999787e+01
1.975987987999999973e+01,-5.428197672600000345e+01,-4.031473579200000046e+01,-2.872011113299999963e+01,-3.720158680000000118e+01,-3.297464522100000295e+01
1.977988988999999975e+01,-3.243663052499999822e+01,-4.552131285499999791e+01,-2.886763538399999973e+01,-3.681175926699999934e+01,-2.216284302000000039e+01
1.979989989999999977e+01,-5.055110443800000297e+01,-4.756460816399999914e+01,-2.154411118000000158e+01,-2.751564725600000116e+01,-2.702393438800000069e+01
1.981990990999999980e+01,-3.098102138100000147e+01,-3.434534366399999783e+01,-1.508098617299999944e+01,-2.793187620999999865e+01,-2.248294685899999834e+01
1.983991991999999982e+01,-3.743820243199999709e+01,-4.658543529899999669e+01,-4.236341500799999693e+01,-3.032483274399999829e+01,-3.481866284800000244e+01
1.985992992999999984e+01,-3.969394439900000293e+01,-5.671277813500000065e+01,-2.105883768500000031e+01,-2.711186875599999979e+01,-3.111630107399999901e+01
1.987993993999999986e+01,-3.024035751299999930e+01,-3.393624935999999792e+01,-2.921704218500000039e+01,-5.170112649800000071e+01,-3.324131166499999779e+01
1.989994994999999989e+01,-5.326599828100000167e+01,-4.204138210600000036e+01,-2.307523310699999897e+01,-3.641533835799999963e+01,-3.140681853299999915e+01
1.991995995999999991e+01,-4.289416766899999800e+01,-4.034418466599999675e+01,-2.500461429899999999e+01,-1.743074567800000096e+01,-2.958731577600000051e+01
1.993996996999999993e+01,-3.328077980399999802e+01,-3.791166685299999983e+01,-4.259821709500000253e+01,-2.328367496299999928e+01,-2.183550123499999884e+01
1.995997997999999995e+01,-3.797914115900000098e+01,-4.237619392900000292e+01,-3.440786770500000102e+01,-3.590267512599999833e+01,-5.171394222299999655e+01
1.997998998999999998e+01,-3.821930765100000116e+01,-5.136378419599999745e+01,-2.834328732399999851e+01,-4.159249970300000143e+01,-4.492637904400000082e+01
2.000000000000000000e+01,-1.469885409199999948e+01,-2.605374052699999865e+01,-2.390930549799999838e+01,-2.849249116400000048e+01,-2.663396926400000098e+01
