freq_GHz,S21_dB,S31_dB,S41_dB,S51_dB,S61_dB
1.000000000000000021e-02,-7.022017109600000140e+01,-8.309046215499999732e+01,-6.958994702200000404e+01,-7.372289092299999425e+01,-6.922070461799999919e+01
3.001001001000000099e-02,-8.150204058799999984e+01,-7.837432717800000148e+01,-7.637241872200000614e+01,-8.046624958900000024e+01,-7.720578857200000300e+01
5.002002002000000003e-02,-8.164506666100000132e+01,-7.922981292599999392e+01,-7.701633283099999971e+01,-7.697325533199999370e+01,-7.861859945999999866e+01
7.003003002999999560e-02,-7.515894229399999915e+01,-9.499937779500000090e+01,-7.653449819700000489e+01,-8.165765692499999773e+01,-8.533177755699999523e+01
9.004004004000000505e-02,-7.482930532000000312e+01,-8.273441120799999737e+01,-8.510873212100000273e+01,-8.112442525500000556e+01,-9.120535313999999971e+01
1.100500500500000006e-01,-7.670659433900000579e+01,-8.196620466100000613e+01,-7.884818332199999702e+01,-9.020342989799999600e+01,-8.495840140900000392e+01
1.300600600600000101e-01,-8.001406585899999868e+01,-8.282393194300000516e+01,-9.073626434899999538e+01,-8.470538109299999974e+01,-7.144920872100000508e+01
1.500700700700000056e-01,-8.102557431399999643e+01,-8.354551163700000416e+01,-8.022204119200000605e+01,-7.915112714599999322e+01,-8.181984857800000555e+01
1.700800800800000012e-01,-8.053492247200000520e+01,-7.944603933800000561e+01,-8.701438818399999775e+01,-7.819574828999999738e+01,-7.728657895300000291e+01
1.900900900899999968e-01,-8.900337904699999569e+01,-8.382344377100000088e+01,-7.982596280100000286e+01,-8.578013389000000188e+01,-8.430501535599999841e+01
2.101001000999999924e-01,-7.882135905900000239e+01,-7.710004393100000186e+01,-8.505498741600000301e+01,-8.795439046900000335e+01,-8.438048556699999381e+01
2.301101101100000157e-01,-8.590454464699999448e+01,-8.247519707300000391e+01,-8.226770985599999619e+01,-8.358751143300000308e+01,-8.431371121399999424e+01
2.501201201200000113e-01,-9.225098065199999553e+01,-9.158094047299999829e+01,-8.994520121399999368e+01,-8.076594483099999877e+01,-7.881576529900000594e+01
2.701301301299999791e-01,-8.812700309800000298e+01,-7.664218695200000298e+01,-8.512048478399999851e+01,-7.894949950100000535e+01,-8.489873803199999713e+01
2.901401401400000024e-01,-7.480608282900000461e+01,-8.133188133000000164e+01,-7.947066945299999929e+01,-7.300596385599999394e+01,-8.310379273899999930e+01
3.101501501499999702e-01,-7.579959796699999686e+01,-8.322464099200000476e+01,-7.572169748400000344e+01,-8.049675960400000463e+01,-8.220205785000000276e+01
3.301601601600000491e-01,-8.494496180299999821e+01,-7.786198339199999907e+01,-7.814860304699999460e+01,-8.107480517499999451e+01,-7.534744685699999422e+01
3.501701701700000169e-01,-7.501704163700000549e+01,-8.063128661700000066e+01,-9.270572638699999857e+01,-7.797302864300000635e+01,-7.315167471399999499e+01
3.701801801799999847e-01,-7.568924508300000298e+01,-7.183960896600000012e+01,-7.617379860900000210e+01,-8.084271305400000074e+01,-7.436769069800000409e+01
3.901901901900000080e-01,-7.828413646200000642e+01,-8.630675915599999826e+01,-7.951503512200000046e+01,-8.194322961400000338e+01,-6.793408519000000467e+01
4.102002001999999758e-01,-7.317745857600000647e+01,-7.955850617500000510e+01,-7.280375463800000091e+01,-7.491817163100000698e+01,-7.027959284400000683e+01
4.302102102099999992e-01,-7.441496243100000640e+01,-7.519944609300000593e+01,-7.489163967099999297e+01,-8.128720828400000187e+01,-7.825086739299999294e+01
4.502202202200000225e-01,-7.986546153099999401e+01,-8.443798806200000229e+01,-8.854394686000000547e+01,-7.793014602499999910e+01,-7.263953159599999765e+01
4.702302302300000458e-01,-7.717883001900000295e+01,-7.627563310600000079e+01,-8.096883609299999307e+01,-8.921658848600000624e+01,-6.826350385400000675e+01
4.902402402400000136e-01,-7.647686443800000688e+01,-7.145683017400000381e+01,-7.586993974899999671e+01,-7.862621825899999806e+01,-6.888598849900000687e+01
5.102502502500000370e-01,-8.166944999899999402e+01,-7.522287838900000168e+01,-7.135338165400000321e+01,-7.533959336200000223e+01,-6.702971473799999558e+01
5.302602602599999493e-01,-7.020626104599999451e+01,-7.801142708800000491e+01,-7.551655406400000459e+01,-8.199887370400000464e+01,-6.482686313499999642e+01
5.502702702699999726e-01,-7.141731331799999793e+01,-7.434596509499999684e+01,-6.771405586900000628e+01,-8.170700623800000528e+01,-5.966267365000000211e+01
5.702802802799999959e-01,-7.577483329099999310e+01,-7.323920319100000142e+01,-7.068460984700000438e+01,-7.835699563500000409e+01,-6.012163628999999787e+01
5.902902902899999082e-01,-7.725403889000000390e+01,-6.948953025000000139e+01,-6.324940404299999841e+01,-6.754504480699999647e+01,-5.795811512899999940e+01
6.103003002999999316e-01,-6.593245394500000600e+01,-8.441136968399999319e+01,-6.333719997499999721e+01,-7.162898812500000645e+01,-5.606421081100000237e+01
6.303103103099999549e-01,-7.103707520999999758e+01,-8.020861700000000383e+01,-6.285982409300000029e+01,-6.674286795700000141e+01,-5.327120967900000181e+01
6.503203203200000893e-01,-7.047810144100000684e+01,-7.044322519099999624e+01,-5.765501860500000220e+01,-6.872257591300000001e+01,-5.124015336800000142e+01
6.703303303300000016e-01,-6.944083789699999443e+01,-6.739958529000000453e+01,-5.629031317799999812e+01,-6.866297383299999524e+01,-5.016314513799999730e+01
6.903403403400000249e-01,-6.998063079499999617e+01,-6.592008581100000697e+01,-5.633806964000000050e+01,-6.780126801500000511e+01,-4.891700547800000010e+01
7.103503503500000482e-01,-6.735318908799999349e+01,-7.263626610400000061e+01,-5.470235295799999875e+01,-7.891540534499999637e+01,-4.835119813800000088e+01
7.303603603599999605e-01,-5.967492654800000196e+01,-6.431587183099999550e+01,-5.471437870700000161e+01,-6.780620752800000162e+01,-4.734881611699999837e+01
7.503703703699999839e-01,-6.003290313400000144e+01,-6.987816239500000393e+01,-5.115372922499999930e+01,-7.875078025400000570e+01,-4.617171270600000099e+01
7.703803803800000072e-01,-5.791699902300000247e+01,-5.628161907399999819e+01,-5.055437078899999648e+01,-7.013420357299999353e+01,-4.578795675399999965e+01
7.903903903900000305e-01,-5.694539603399999805e+01,-5.520810899599999999e+01,-5.044091257200000200e+01,-7.348157100999999614e+01,-4.601441561800000102e+01
8.104004003999999428e-01,-5.753508954000000131e+01,-5.664505620300000288e+01,-4.999542443200000008e+01,-6.756843392899999401e+01,-4.595436243399999654e+01
8.304104104099999661e-01,-5.748720025699999780e+01,-5.561353209800000030e+01,-5.102076960699999830e+01,-6.176756510399999911e+01,-4.545126349899999951e+01
8.504204204199999895e-01,-5.514505053399999923e+01,-5.475174172999999911e+01,-5.000476067400000346e+01,-6.233036497100000162e+01,-4.447413750700000179e+01
8.704304304299999018e-01,-5.426649779800000317e+01,-5.400107090000000198e+01,-4.882712012500000043e+01,-6.478233450800000526e+01,-4.357559943399999725e+01
8.904404404400000361e-01,-5.350445054200000072e+01,-5.673354912899999647e+01,-4.877090299599999668e+01,-6.437892223199999364e+01,-4.281587561799999975e+01
9.104504504500000595e-01,-5.447586889200000115e+01,-5.777840469200000229e+01,-4.790271368599999846e+01,-6.527735001099999579e+01,-4.192088203800000201e+01
9.304604604600000828e-01,-5.295781228100000249e+01,-5.839666178699999932e+01,-4.691795011600000009e+01,-6.384588034000000079e+01,-4.186871097800000285e+01
9.504704704699999951e-01,-5.464012533300000030e+01,-6.062340125899999776e+01,-4.795560069399999747e+01,-6.343641985299999675e+01,-4.238874158000000136e+01
9.704804804800000184e-01,-5.838823792400000201e+01,-5.813143947300000036e+01,-4.821642989400000090e+01,-6.438069961600000113e+01,-4.347898118700000225e+01
9.904904904900000417e-01,-5.820930981200000076e+01,-5.852872510000000261e+01,-4.864223748199999875e+01,-6.458002618300000108e+01,-4.419905860400000108e+01
1.010500500500000065e+00,-6.356075318999999979e+01,-5.974028532700000227e+01,-4.880436971299999982e+01,-6.948560377299999402e+01,-4.533717931700000037e+01
1.030510510500000088e+00,-6.886557246700000690e+01,-6.769680297499999710e+01,-4.916798919000000012e+01,-6.548990693599999702e+01,-4.510813982300000191e+01
1.050520520500000110e+00,-6.501674252899999829e+01,-6.577084551199999396e+01,-4.903870261099999794e+01,-6.656204443299999696e+01,-4.402281506199999939e+01
1.070530530499999911e+00,-6.055113861499999928e+01,-5.999695193499999846e+01,-4.903676151700000219e+01,-6.099751021899999870e+01,-4.406260975400000035e+01
1.090540540499999933e+00,-6.691636772500000063e+01,-6.685190761699999484e+01,-4.892354962999999657e+01,-6.750236694199999476e+01,-4.343512965200000053e+01
1.110550550599999964e+00,-6.903149565100000018e+01,-6.909954803300000492e+01,-4.860138282799999843e+01,-6.569159243500000400e+01,-4.300259581699999956e+01
1.130560560599999986e+00,-7.567009031300000288e+01,-6.869116531400000270e+01,-4.829337124900000333e+01,-6.728928251600000010e+01,-4.231804836199999897e+01
1.150570570600000009e+00,-6.300040165299999728e+01,-6.726812801799999875e+01,-4.718137524000000127e+01,-6.726871956700000510e+01,-4.185982442699999950e+01
1.170580580599999809e+00,-7.540771693599999992e+01,-5.945842959699999852e+01,-4.726476693899999759e+01,-6.462014917999999852e+01,-4.147691723399999830e+01
1.190590590599999832e+00,-7.109587445500000058e+01,-6.679477255599999808e+01,-4.706802904500000295e+01,-6.646451393200000268e+01,-4.250899702200000263e+01
1.210600600599999854e+00,-7.616745996199999524e+01,-5.957318088299999914e+01,-4.728214213900000118e+01,-6.621181337199999462e+01,-4.107138192099999685e+01
1.230610610599999877e+00,-6.905107375500000444e+01,-5.873654340000000218e+01,-4.640900808500000352e+01,-8.082747409499999947e+01,-4.046306134600000348e+01
1.250620620599999899e+00,-7.980884976999999481e+01,-6.597569112499999733e+01,-4.584478790499999690e+01,-7.172779868700000350e+01,-3.930710565999999773e+01
1.270630630599999922e+00,-6.267223389499999797e+01,-7.220550760000000423e+01,-4.349517905799999795e+01,-5.988108099699999798e+01,-3.877769598199999734e+01
1.290640640599999944e+00,-5.888029171699999864e+01,-7.052060405000000287e+01,-4.278035065400000292e+01,-5.589369346200000166e+01,-3.810045330900000238e+01
1.310650650699999975e+00,-5.842678363200000291e+01,-6.509441668499999878e+01,-4.313175799900000129e+01,-5.758040329800000023e+01,-3.782414701199999740e+01
1.330660660699999998e+00,-5.596681753800000081e+01,-6.228732260700000012e+01,-4.232817140400000255e+01,-5.905662441399999807e+01,-3.777477985699999863e+01
1.350670670700000020e+00,-6.022897929300000186e+01,-5.979198047100000224e+01,-4.287996443299999783e+01,-5.652701358400000231e+01,-3.706443255100000300e+01
1.370680680700000043e+00,-5.971828209299999912e+01,-5.880988017399999990e+01,-4.327015574400000020e+01,-5.523376475900000315e+01,-3.609942345299999999e+01
1.390690690700000065e+00,-5.721109649800000341e+01,-5.690895980599999859e+01,-4.279808782300000303e+01,-5.411659297799999990e+01,-3.528370221000000129e+01
1.410700700700000088e+00,-6.163156298700000235e+01,-5.613454699199999709e+01,-4.109740403800000053e+01,-5.902226464499999992e+01,-3.456761423999999749e+01
1.430710710700000110e+00,-5.915854662099999928e+01,-5.471836203299999823e+01,-3.971271774499999907e+01,-5.465425344399999830e+01,-3.360056640300000197e+01
1.450720720700000133e+00,-5.910320190499999882e+01,-5.802436809999999667e+01,-3.886264301500000329e+01,-5.548187754199999944e+01,-3.301284579499999694e+01
1.470730730700000155e+00,-5.738637938499999791e+01,-6.042335213700000196e+01,-3.858885677199999975e+01,-5.802470160299999691e+01,-3.193591050599999903e+01
1.490740740699999956e+00,-5.279408258699999834e+01,-7.154396565400000441e+01,-3.813053377300000335e+01,-5.640759325999999874e+01,-3.151079614800000073e+01
1.510750750799999986e+00,-5.127415184000000181e+01,-5.320732380300000131e+01,-3.622354721300000335e+01,-6.155179329100000274e+01,-3.083093179700000164e+01
1.530760760800000009e+00,-5.147211130699999870e+01,-5.286993677200000263e+01,-3.446607029799999822e+01,-7.021032003499999519e+01,-2.984907996600000146e+01
1.550770770800000031e+00,-5.067923759100000325e+01,-5.603257250200000072e+01,-3.359172370299999955e+01,-6.839711885399999858e+01,-2.915123557500000118e+01
1.570780780800000054e+00,-5.366943275199999874e+01,-5.254637224900000092e+01,-3.303010388199999880e+01,-6.034622184799999900e+01,-2.877556205000000134e+01
1.590790790799999854e+00,-4.944613306899999827e+01,-5.938576303199999984e+01,-3.281027055799999914e+01,-5.762874739699999793e+01,-2.862356080700000049e+01
1.610800800799999877e+00,-4.928084102500000085e+01,-6.410407944099999611e+01,-3.272125123600000052e+01,-5.696005654199999668e+01,-2.848508203500000135e+01
1.630810810799999899e+00,-4.698830548600000157e+01,-5.408786452900000086e+01,-3.223479824999999721e+01,-5.492113482500000288e+01,-2.859821919299999848e+01
1.650820820799999922e+00,-4.649331457800000322e+01,-5.574944601199999994e+01,-3.163551495700000160e+01,-5.457467645300000214e+01,-2.827486123399999940e+01
1.670830830799999944e+00,-4.426369712700000036e+01,-6.299815052699999995e+01,-3.114620324899999915e+01,-5.466578969100000052e+01,-2.812257621699999888e+01
1.690840840799999967e+00,-4.312504117000000292e+01,-5.348990249399999897e+01,-3.034969097100000113e+01,-5.712427537599999994e+01,-2.818821889299999839e+01
1.710850850899999998e+00,-4.211220947999999709e+01,-4.885518053799999905e+01,-2.919043992599999982e+01,-5.974177686000000165e+01,-2.793715817100000010e+01
1.730860860900000020e+00,-4.280207634599999977e+01,-4.891246330199999903e+01,-2.923250571399999842e+01,-5.326226112599999851e+01,-2.741936503399999836e+01
1.750870870900000043e+00,-4.392171141499999720e+01,-5.538181530500000349e+01,-3.028199300900000068e+01,-5.076696059999999733e+01,-2.674729942900000168e+01
1.770880880900000065e+00,-4.419484112500000350e+01,-5.447306546600000132e+01,-3.047424038300000149e+01,-4.986664829600000104e+01,-2.672440714200000045e+01
1.790890890900000088e+00,-4.433107550500000116e+01,-5.612472133400000018e+01,-3.074655847400000042e+01,-5.226465814699999868e+01,-2.687580932499999875e+01
1.810900900900000110e+00,-4.576423949400000168e+01,-5.581725278199999707e+01,-3.146613454599999926e+01,-5.466649973199999835e+01,-2.747814595199999843e+01
1.830910910900000133e+00,-4.772866582900000054e+01,-6.667302617900000428e+01,-3.219798485199999760e+01,-5.435048429799999781e+01,-2.866216067199999884e+01
1.850920920900000155e+00,-5.012773411399999901e+01,-6.007715924699999732e+01,-3.264715881499999739e+01,-5.226031888299999650e+01,-2.939010976100000150e+01
1.870930930900000178e+00,-5.283212907099999711e+01,-5.462070932599999651e+01,-3.295794540499999670e+01,-5.350513995000000023e+01,-3.026930321800000101e+01
1.890940940900000200e+00,-5.532983355999999731e+01,-6.171369515399999983e+01,-3.327986882100000088e+01,-6.048303515900000349e+01,-3.091433029299999902e+01
1.910950951000000009e+00,-5.705426574700000231e+01,-6.592677724399999306e+01,-3.345137565999999651e+01,-5.953856107699999711e+01,-3.152497005900000104e+01
1.930960961000000031e+00,-5.625351287299999825e+01,-5.949457087399999722e+01,-3.312959564700000215e+01,-6.115503412700000041e+01,-3.145128317600000045e+01
1.950970971000000054e+00,-5.775381879900000115e+01,-5.297806737399999832e+01,-3.322315246000000144e+01,-5.572413016899999860e+01,-3.089632328800000138e+01
1.970980981000000076e+00,-5.563742162199999797e+01,-5.248255707500000256e+01,-3.332809982599999898e+01,-5.470840641299999874e+01,-3.064145011700000154e+01
1.990990991000000099e+00,-5.225407256999999817e+01,-5.415511859099999725e+01,-3.320152780499999778e+01,-5.759601578200000205e+01,-3.014350959500000116e+01
2.011001000999999899e+00,-5.182421001800000226e+01,-6.279775456600000183e+01,-3.291667057200000102e+01,-5.982615754700000110e+01,-2.979538997299999892e+01
2.031011010999999922e+00,-5.045414368200000155e+01,-5.786971251599999988e+01,-3.332998478300000045e+01,-5.710647433999999834e+01,-2.946458752199999864e+01
2.051021020999999944e+00,-5.164897458299999755e+01,-5.334183621799999742e+01,-3.292636309099999892e+01,-5.617645181099999974e+01,-2.954981397999999970e+01
2.071031030999999967e+00,-5.269691090999999972e+01,-4.940751412299999856e+01,-3.292376430000000198e+01,-6.657530314299999930e+01,-2.952857377699999830e+01
2.091041040999999989e+00,-5.427544848699999847e+01,-4.961166289999999890e+01,-3.293650027500000022e+01,-6.261707413399999922e+01,-2.951361793399999911e+01
2.111051051100000020e+00,-5.001730074299999984e+01,-4.951835703399999744e+01,-3.310584665199999677e+01,-5.873986170199999890e+01,-2.948038165499999863e+01
2.131061061100000043e+00,-4.953751491399999907e+01,-4.841526144299999856e+01,-3.294970342999999957e+01,-5.417767621600000183e+01,-2.989358044800000158e+01
2.151071071100000065e+00,-4.873755611100000351e+01,-4.815081582700000240e+01,-3.300872248099999950e+01,-5.290008734199999907e+01,-2.997583271399999916e+01
2.171081081100000088e+00,-4.963991298500000227e+01,-4.900179341700000180e+01,-3.270775565800000351e+01,-5.105975857399999995e+01,-3.030793183200000129e+01
2.191091091100000110e+00,-4.906636907099999689e+01,-5.039778566300000051e+01,-3.243474799700000233e+01,-5.140227826400000311e+01,-3.085922935299999992e+01
2.211101101099999688e+00,-4.755033025000000180e+01,-5.086179193699999956e+01,-3.237112922000000026e+01,-5.317109240100000278e+01,-3.158377162700000085e+01
2.231111111099999711e+00,-4.785344614600000313e+01,-5.026270497299999818e+01,-3.243010065499999683e+01,-5.691461750199999869e+01,-3.199253462700000128e+01
2.251121121099999733e+00,-4.832478975499999763e+01,-5.059417175000000100e+01,-3.252909828300000328e+01,-6.187986306399999847e+01,-3.188519966699999841e+01
2.271131131099999756e+00,-4.772455161399999923e+01,-5.217837129699999821e+01,-3.244304079599999824e+01,-5.932188999499999937e+01,-3.181439187499999832e+01
2.291141141099999778e+00,-4.848879914700000171e+01,-5.276622627900000140e+01,-3.303266554999999727e+01,-6.324816517299999674e+01,-3.195410826799999882e+01
2.311151151199999809e+00,-5.070644152100000213e+01,-5.091593975199999988e+01,-3.318179762199999772e+01,-6.562385691100000429e+01,-3.148826242299999834e+01
2.331161161199999832e+00,-5.198447353299999918e+01,-5.121984415299999682e+01,-3.314675615899999883e+01,-6.620095613300000537e+01,-3.050801818300000079e+01
2.351171171199999854e+00,-5.209875155499999977e+01,-4.962870507099999884e+01,-3.233112085500000177e+01,-5.938150025600000248e+01,-2.979121227399999938e+01
2.371181181199999877e+00,-5.108545687499999843e+01,-4.778582536300000072e+01,-3.173842106900000104e+01,-5.709591500900000227e+01,-2.867147842900000043e+01
2.391191191199999899e+00,-4.958163102500000008e+01,-4.940551402700000239e+01,-3.140543067400000155e+01,-5.565278659999999888e+01,-2.763162564099999940e+01
2.411201201199999922e+00,-4.838152297900000320e+01,-4.919637174900000076e+01,-3.148209621299999839e+01,-5.365502797799999968e+01,-2.697033459300000047e+01
2.431211211199999944e+00,-4.910251339300000240e+01,-4.874459104900000028e+01,-3.128092722699999939e+01,-5.242208345699999938e+01,-2.662278870200000114e+01
2.451221221199999967e+00,-4.848893211600000086e+01,-5.261730761900000175e+01,-3.082592994499999861e+01,-5.345305324699999971e+01,-2.663201011499999993e+01
2.471231231199999989e+00,-4.855861514499999743e+01,-5.146082973800000104e+01,-3.083434828800000105e+01,-5.900638594299999795e+01,-2.681959588400000172e+01
2.491241241200000012e+00,-4.873302368499999915e+01,-5.123376863200000031e+01,-3.077988872099999895e+01,-6.015453612900000024e+01,-2.691440015999999957e+01
2.511251251300000042e+00,-4.951369038400000022e+01,-4.985560947199999760e+01,-3.081868062899999927e+01,-5.758238069200000098e+01,-2.702837091299999983e+01
2.531261261300000065e+00,-4.981558906499999750e+01,-5.190917597100000336e+01,-3.177619844000000171e+01,-5.826567804300000120e+01,-2.762260662899999986e+01
2.551271271300000087e+00,-5.240741300100000188e+01,-5.259729559299999835e+01,-3.217301817199999903e+01,-5.569522009199999957e+01,-2.791252072800000050e+01
2.571281281300000110e+00,-5.214299008100000066e+01,-5.084003840399999774e+01,-3.211648950099999666e+01,-5.628248138400000045e+01,-2.853989149099999878e+01
2.591291291300000132e+00,-5.446901809300000252e+01,-4.766544255899999882e+01,-3.264009772699999701e+01,-6.001150191800000044e+01,-2.925068090699999956e+01
2.611301301300000155e+00,-5.672844108799999674e+01,-4.668809489499999898e+01,-3.264436959900000090e+01,-5.870828728699999743e+01,-2.968533703099999954e+01
2.631311311300000177e+00,-5.769251384999999743e+01,-4.859316801500000338e+01,-3.300881035999999824e+01,-5.991821804399999962e+01,-3.049637707000000120e+01
2.651321321300000200e+00,-5.516495090099999743e+01,-4.737774317499999910e+01,-3.341709389999999757e+01,-5.455087742700000319e+01,-3.124509062699999973e+01
2.671331331300000222e+00,-5.542645314699999659e+01,-4.915241968099999781e+01,-3.343304731799999985e+01,-5.589738418499999995e+01,-3.188675780699999862e+01
2.691341341300000245e+00,-5.457517925599999842e+01,-4.878025246400000015e+01,-3.370502894399999860e+01,-5.351539470600000215e+01,-3.291039736399999782e+01
2.711351351400000276e+00,-5.818668783700000091e+01,-4.870683309399999672e+01,-3.353250052799999992e+01,-5.536279425699999734e+01,-3.338518694399999731e+01
2.731361361400000298e+00,-5.589440196500000013e+01,-5.000223929999999939e+01,-3.366445015800000107e+01,-5.778877576699999707e+01,-3.368166924399999829e+01
2.751371371399999877e+00,-5.659657060899999692e+01,-5.072555490300000258e+01,-3.367794169399999760e+01,-5.971817884099999674e+01,-3.343242432099999917e+01
2.771381381399999899e+00,-5.359857167700000247e+01,-5.173899348199999793e+01,-3.346062704199999871e+01,-5.709836621499999865e+01,-3.372992315599999813e+01
2.791391391399999922e+00,-5.448713920800000210e+01,-5.469855287800000099e+01,-3.349743416599999790e+01,-5.973419482999999985e+01,-3.365891573100000045e+01
2.811401401399999944e+00,-5.355587305000000242e+01,-5.549134625399999976e+01,-3.312552004300000164e+01,-6.238786223299999989e+01,-3.392400988400000017e+01
2.831411411399999967e+00,-5.339542788300000353e+01,-5.675668050299999834e+01,-3.296955903100000285e+01,-6.178226653699999815e+01,-3.432058251200000143e+01
2.851421421399999989e+00,-5.553525893599999819e+01,-5.831010930699999761e+01,-3.242874686300000064e+01,-6.642896026399999698e+01,-3.523328899300000216e+01
2.871431431400000012e+00,-5.064901672100000241e+01,-6.115187872399999947e+01,-3.248514654600000284e+01,-5.918598586400000272e+01,-3.603404149100000353e+01
2.891441441400000034e+00,-5.002751076399999874e+01,-6.661550401099999874e+01,-3.218229387800000296e+01,-5.670229237899999930e+01,-3.682481078099999650e+01
2.911451451500000065e+00,-4.999810761599999864e+01,-7.461824948899999299e+01,-3.213175712000000317e+01,-7.007110792500000684e+01,-3.740897676099999813e+01
2.931461461500000087e+00,-4.816202851999999979e+01,-6.505206123899999682e+01,-3.187166412699999896e+01,-5.930293827300000231e+01,-3.697908449300000200e+01
2.951471471500000110e+00,-4.959903355200000163e+01,-5.955604239400000210e+01,-3.158302050500000036e+01,-6.185335254700000007e+01,-3.678141020900000058e+01
2.971481481500000132e+00,-4.746642975799999675e+01,-5.579848706899999655e+01,-3.137258553799999916e+01,-5.616176690900000068e+01,-3.628317865799999709e+01
2.991491491500000155e+00,-4.859844577500000185e+01,-5.394297736000000043e+01,-3.123880545000000097e+01,-5.546497739299999807e+01,-3.563923480900000129e+01
3.011501501500000177e+00,-4.664202133700000275e+01,-5.498022010700000095e+01,-3.132215077700000094e+01,-5.739355407299999712e+01,-3.485838079599999872e+01
3.031511511500000200e+00,-4.632475718799999953e+01,-6.326966531099999713e+01,-3.123727800700000046e+01,-5.643918955200000198e+01,-3.373549633599999709e+01
3.051521521499999778e+00,-4.453442487899999946e+01,-6.685596768099999565e+01,-3.097495298100000127e+01,-5.504517200600000137e+01,-3.287923369500000348e+01
3.071531531499999801e+00,-4.624531851100000068e+01,-5.475396603600000134e+01,-3.097156407900000019e+01,-5.656538019399999939e+01,-3.176029607699999957e+01
3.091541541499999823e+00,-4.470956951600000195e+01,-5.055488640000000089e+01,-3.093033390900000157e+01,-7.324882037700000126e+01,-3.075298509099999933e+01
3.111551551599999854e+00,-4.499270034999999979e+01,-5.043116651199999723e+01,-3.058322366000000159e+01,-5.598158674300000115e+01,-2.996179629899999952e+01
3.131561561599999877e+00,-4.446968901200000346e+01,-5.000888922699999739e+01,-3.028093786699999868e+01,-5.629150793499999850e+01,-2.935226141200000072e+01
3.151571571599999899e+00,-4.455484447599999953e+01,-4.867652058299999851e+01,-3.002216136899999910e+01,-5.713655074999999783e+01,-2.879433045300000060e+01
3.171581581599999922e+00,-4.377258305499999835e+01,-5.042625998999999837e+01,-2.983518515000000093e+01,-5.531506286700000175e+01,-2.780383599099999969e+01
3.191591591599999944e+00,-4.388459019399999761e+01,-4.981402400399999664e+01,-2.954716287999999835e+01,-5.455607240900000221e+01,-2.739310475999999994e+01
3.211601601599999967e+00,-4.560383603399999686e+01,-4.718407661700000233e+01,-2.920454299600000070e+01,-5.649603725699999757e+01,-2.702609617299999911e+01
3.231611611599999989e+00,-4.339739852499999984e+01,-4.805542869199999956e+01,-2.882201070099999995e+01,-5.582596196200000094e+01,-2.633759652799999884e+01
3.251621621600000012e+00,-4.387825931500000110e+01,-4.940483752400000128e+01,-2.861803835799999973e+01,-5.780198053000000158e+01,-2.591311234599999835e+01
3.271631631600000034e+00,-4.177318611900000178e+01,-4.873840260699999760e+01,-2.846851081100000158e+01,-5.318499763900000232e+01,-2.548708477299999942e+01
3.291641641600000057e+00,-4.228813775700000122e+01,-4.814913249800000017e+01,-2.832097623399999975e+01,-5.296956757000000238e+01,-2.504346975900000061e+01
3.311651651699999643e+00,-4.245553244199999909e+01,-4.913889089100000263e+01,-2.798020253700000026e+01,-5.400804935400000062e+01,-2.471233969800000096e+01
3.331661661699999666e+00,-4.117626801000000114e+01,-5.101234763600000122e+01,-2.766057587099999893e+01,-5.733424243300000001e+01,-2.445946538700000161e+01
3.351671671699999688e+00,-4.117211777600000033e+01,-4.918160634200000203e+01,-2.741681832400000118e+01,-5.568614328499999999e+01,-2.419883068900000112e+01
3.371681681699999711e+00,-4.088705049499999689e+01,-4.870561461300000161e+01,-2.738021120399999830e+01,-5.493524556399999881e+01,-2.405541995300000124e+01
3.391691691699999733e+00,-4.039350798899999972e+01,-4.880835094900000115e+01,-2.684731924700000150e+01,-5.210446671100000060e+01,-2.390558829700000132e+01
3.411701701699999756e+00,-4.226141591399999697e+01,-4.805728586699999738e+01,-2.636420133000000021e+01,-5.610800720900000016e+01,-2.357562555599999854e+01
3.431711711699999778e+00,-4.090740917200000126e+01,-4.586180606300000306e+01,-2.637555783299999845e+01,-6.076683016599999831e+01,-2.324217133999999874e+01
3.451721721699999801e+00,-4.219652751400000312e+01,-4.453671464300000338e+01,-2.637583503899999826e+01,-5.502008927199999988e+01,-2.290432692999999986e+01
3.471731731699999823e+00,-4.036535204799999832e+01,-4.726249121899999750e+01,-2.652240225199999912e+01,-5.460149140000000045e+01,-2.246845514299999991e+01
3.491741741699999846e+00,-4.001300540900000158e+01,-4.918163420799999841e+01,-2.640340059100000047e+01,-5.247980816399999782e+01,-2.216019003499999940e+01
3.511751751800000321e+00,-4.071214254299999880e+01,-4.946063009499999907e+01,-2.666498833600000040e+01,-5.543269840899999679e+01,-2.173504038700000152e+01
3.531761761800000343e+00,-4.100735098999999906e+01,-4.837601637299999879e+01,-2.682451788899999912e+01,-5.395946108799999763e+01,-2.147763473499999876e+01
3.551771771800000366e+00,-3.842258350299999847e+01,-4.654433195899999731e+01,-2.676875116700000135e+01,-5.359441014299999750e+01,-2.131935067199999878e+01
3.571781781800000388e+00,-3.836198036399999722e+01,-4.688294100600000291e+01,-2.699609248200000167e+01,-5.568408930700000070e+01,-2.116809630099999850e+01
3.591791791800000411e+00,-3.763368057499999964e+01,-4.725228898200000316e+01,-2.729455277399999957e+01,-6.849116098300000033e+01,-2.114663261000000105e+01
3.611801801799999989e+00,-3.764763443599999704e+01,-4.633160611099999926e+01,-2.749152655900000042e+01,-6.755514218899999435e+01,-2.111653881299999824e+01
3.631811811800000012e+00,-3.730200754599999868e+01,-4.485527871800000099e+01,-2.823957905299999993e+01,-5.833479487900000038e+01,-2.118214416400000033e+01
3.651821821800000034e+00,-3.684804126899999943e+01,-4.531845951599999722e+01,-2.845915429500000116e+01,-5.744413053200000263e+01,-2.120563066800000129e+01
3.671831831800000057e+00,-3.708558506600000015e+01,-4.610130079599999675e+01,-2.897048096400000006e+01,-6.437999845900000651e+01,-2.108476875199999867e+01
3.691841841800000079e+00,-3.699615841800000027e+01,-4.643568318999999889e+01,-2.990871830600000081e+01,-6.416562898399999426e+01,-2.099491497400000029e+01
3.711851851900000110e+00,-3.734704113299999761e+01,-4.899959175800000111e+01,-3.053179328299999895e+01,-5.808225436499999716e+01,-2.111492026499999852e+01
3.731861861900000132e+00,-3.575317901999999748e+01,-4.475581464199999715e+01,-3.151327044700000002e+01,-5.747509883200000047e+01,-2.122849800299999856e+01
3.751871871900000155e+00,-3.568206497399999932e+01,-4.554388883400000054e+01,-3.225514497000000347e+01,-6.333220812300000091e+01,-2.134941701600000030e+01
3.771881881900000177e+00,-3.534774856300000323e+01,-4.626435805300000226e+01,-3.282649700000000337e+01,-6.408272049800000048e+01,-2.144051777900000033e+01
3.791891891900000200e+00,-3.515201967400000171e+01,-4.595713946099999703e+01,-3.372244276600000035e+01,-6.004277481900000168e+01,-2.176080119499999910e+01
3.811901901900000222e+00,-3.540762228999999905e+01,-4.551468524999999943e+01,-3.479246555499999971e+01,-6.153286547300000109e+01,-2.196137847600000015e+01
3.831911911900000245e+00,-3.464828429199999960e+01,-4.461938260899999875e+01,-3.512896211200000351e+01,-5.928035812000000249e+01,-2.216883036300000143e+01
3.851921921900000267e+00,-3.567136065199999706e+01,-4.469759384700000027e+01,-3.594519722799999784e+01,-5.525984057200000166e+01,-2.228068706099999829e+01
3.871931931900000290e+00,-3.528590904400000028e+01,-4.278536808799999847e+01,-3.566848850600000276e+01,-5.666797033800000349e+01,-2.254723784999999836e+01
3.891941941900000312e+00,-3.488534053400000090e+01,-4.252959794099999868e+01,-3.533427041000000202e+01,-7.210268510299999889e+01,-2.258700420099999917e+01
3.911951951999999899e+00,-3.453843670100000196e+01,-4.295838066400000343e+01,-3.507393409800000228e+01,-6.348601308500000329e+01,-2.268379198499999916e+01
3.931961961999999922e+00,-3.453132119699999691e+01,-4.231155738500000041e+01,-3.396997387700000104e+01,-6.024320697800000346e+01,-2.298136893099999867e+01
3.951971971999999944e+00,-3.458782981000000234e+01,-4.358524016999999873e+01,-3.342015550499999677e+01,-5.998608260200000331e+01,-2.322311421499999895e+01
3.971981981999999967e+00,-3.463365094899999974e+01,-4.208819568999999916e+01,-3.315438595700000235e+01,-6.085101468700000282e+01,-2.332388230400000140e+01
3.991991991999999989e+00,-3.485175892499999861e+01,-4.314584030000000325e+01,-3.307478130199999811e+01,-5.618608673600000003e+01,-2.331135512899999895e+01
4.012002002000000012e+00,-3.486108232400000162e+01,-4.104817150200000242e+01,-3.239603711800000241e+01,-5.959526550500000042e+01,-2.344075271299999841e+01
4.032012012000000034e+00,-3.454507273499999798e+01,-4.191493034500000192e+01,-3.185215602999999973e+01,-5.395999033900000086e+01,-2.361023227900000165e+01
4.052022022000000057e+00,-3.634036342499999961e+01,-4.230370027099999675e+01,-3.123642628099999996e+01,-5.999842176500000335e+01,-2.394438640299999932e+01
4.072032032000000079e+00,-3.603428095700000000e+01,-4.190079814100000277e+01,-3.121178449099999952e+01,-5.760765123899999907e+01,-2.426893854500000103e+01
4.092042042000000102e+00,-3.631326477300000022e+01,-4.005992322000000172e+01,-3.156853602900000055e+01,-5.449863997399999960e+01,-2.461478485700000007e+01
4.112052052100000132e+00,-3.615440887700000161e+01,-3.889012340899999742e+01,-3.145538905500000126e+01,-5.280720409599999954e+01,-2.489089871699999890e+01
4.132062062100000155e+00,-3.714942195199999730e+01,-3.823862577199999890e+01,-3.097120693400000135e+01,-5.134462692000000317e+01,-2.502987343199999870e+01
4.152072072100000177e+00,-3.687838904499999870e+01,-3.823060834199999647e+01,-3.014011373700000007e+01,-5.220285790399999826e+01,-2.531754585699999893e+01
4.172082082100000200e+00,-3.728826844799999662e+01,-3.888563228499999980e+01,-3.017760589099999891e+01,-5.348710291199999745e+01,-2.564492544799999862e+01
4.192092092100000222e+00,-3.796638124300000072e+01,-3.925716216699999705e+01,-3.009857946200000001e+01,-4.982642158699999868e+01,-2.599256108100000162e+01
4.212102102100000245e+00,-3.927139629599999893e+01,-3.867833102200000184e+01,-2.943280263000000119e+01,-4.876055447299999912e+01,-2.645951498699999860e+01
4.232112112100000267e+00,-3.829487437400000260e+01,-3.734980803399999871e+01,-2.881495107699999991e+01,-4.778254991800000084e+01,-2.651279971099999955e+01
4.252122122100000290e+00,-4.041701535499999665e+01,-3.675756547200000313e+01,-2.831139327900000069e+01,-4.872850944000000339e+01,-2.701408921100000171e+01
4.272132132100000312e+00,-4.020538468899999884e+01,-3.672289454700000277e+01,-2.799130584699999957e+01,-4.739485248399999762e+01,-2.691465139900000025e+01
4.292142142100000335e+00,-3.922931732699999685e+01,-3.568385213599999872e+01,-2.776317057300000002e+01,-4.948417073699999946e+01,-2.683387156099999871e+01
4.312152152199999477e+00,-3.902197485100000307e+01,-3.525054609099999681e+01,-2.703512661199999911e+01,-4.542714694699999711e+01,-2.708190419700000007e+01
4.332162162199999500e+00,-3.887258712599999910e+01,-3.515292065599999916e+01,-2.641551010099999885e+01,-4.730177449499999653e+01,-2.696914100800000114e+01
4.352172172199999522e+00,-4.004289642500000213e+01,-3.568037363199999845e+01,-2.608203502299999954e+01,-4.774372994699999850e+01,-2.689257669199999867e+01
4.372182182199999545e+00,-4.116457543399999963e+01,-3.455060583899999926e+01,-2.560546055500000051e+01,-4.596941316000000199e+01,-2.651326858299999856e+01
4.392192192199999567e+00,-3.956495336900000126e+01,-3.453721989299999962e+01,-2.537796083799999991e+01,-4.465310619600000308e+01,-2.657568125099999889e+01
4.412202202199999590e+00,-3.991130714199999829e+01,-3.592723546199999873e+01,-2.551023213299999881e+01,-4.434869031600000255e+01,-2.641478576500000131e+01
4.432212212199999612e+00,-4.011544244299999917e+01,-3.542708698599999906e+01,-2.468691095399999824e+01,-4.632870459600000146e+01,-2.648624037800000153e+01
4.452222222199999635e+00,-4.077546795100000310e+01,-3.441538984900000031e+01,-2.458082660499999861e+01,-4.655346816899999851e+01,-2.686137526799999975e+01
4.472232232199999657e+00,-3.933132311399999992e+01,-3.559411442900000111e+01,-2.452662138399999847e+01,-4.621440440800000005e+01,-2.706175822200000169e+01
4.492242242199999680e+00,-3.995573547800000114e+01,-3.556407379499999877e+01,-2.467988185999999828e+01,-4.859026890199999826e+01,-2.775027945900000148e+01
4.512252252300000599e+00,-3.964717921599999784e+01,-3.521933146700000350e+01,-2.470402959899999829e+01,-4.758982919399999645e+01,-2.814931005000000042e+01
4.532262262300000621e+00,-3.990727366099999784e+01,-3.607450840199999931e+01,-2.458197020400000099e+01,-4.782219625799999818e+01,-2.882019590199999826e+01
4.552272272299999756e+00,-3.922810344599999866e+01,-3.626520098000000303e+01,-2.467192515500000027e+01,-4.833376474699999648e+01,-2.966401389900000041e+01
4.572282282299999778e+00,-3.995758341900000232e+01,-3.595229518899999732e+01,-2.489498020499999953e+01,-4.923173611899999713e+01,-3.081402590600000124e+01
4.592292292299999801e+00,-3.992378936499999753e+01,-3.653004310000000032e+01,-2.492946991699999870e+01,-5.213173389199999974e+01,-3.115566241899999866e+01
4.612302302299999823e+00,-4.143374667700000202e+01,-3.655900336700000253e+01,-2.501641748100000129e+01,-4.643796220000000119e+01,-3.213266114299999998e+01
4.632312312299999846e+00,-4.238762155599999915e+01,-3.755472133500000353e+01,-2.530882059099999992e+01,-5.202496613800000347e+01,-3.216706887299999806e+01
4.652322322299999868e+00,-4.085204502799999915e+01,-3.617165001000000046e+01,-2.530184268200000020e+01,-4.824742940400000180e+01,-3.205620771800000313e+01
4.672332332299999891e+00,-4.167955280900000048e+01,-3.687424309699999725e+01,-2.536243732100000159e+01,-4.821490009499999729e+01,-3.149512293300000110e+01
4.692342342299999913e+00,-4.187244828899999760e+01,-3.570038456999999710e+01,-2.563213227700000019e+01,-4.650091934499999979e+01,-3.088942913500000031e+01
4.712352352399999944e+00,-4.167153198599999797e+01,-3.502947109699999828e+01,-2.564811595999999838e+01,-4.490662034999999719e+01,-2.990844633700000088e+01
4.732362362399999967e+00,-4.234538882500000057e+01,-3.690421997899999695e+01,-2.567207361599999871e+01,-4.631403006099999686e+01,-2.939589527900000121e+01
4.752372372399999989e+00,-3.982305737299999748e+01,-3.602060835900000058e+01,-2.564246173700000142e+01,-4.906451662199999930e+01,-2.843233814299999906e+01
4.772382382400000012e+00,-4.361509311300000036e+01,-3.660649179800000041e+01,-2.584032320700000085e+01,-4.877568082199999822e+01,-2.821654086599999900e+01
4.792392392400000034e+00,-4.199638943299999738e+01,-3.823889531700000077e+01,-2.558317958800000014e+01,-4.607196961399999680e+01,-2.770394415499999852e+01
4.812402402400000057e+00,-4.377004559000000228e+01,-3.719035409399999992e+01,-2.581639836400000121e+01,-4.813665978499999909e+01,-2.747407604300000017e+01
4.832412412399999191e+00,-4.532060113899999720e+01,-3.695485646099999855e+01,-2.557293175899999937e+01,-4.553769341999999654e+01,-2.729413979599999962e+01
4.852422422399999213e+00,-4.313191682400000104e+01,-3.833404390900000180e+01,-2.590603105699999986e+01,-4.543990632599999913e+01,-2.683477646400000083e+01
4.872432432399999236e+00,-4.377607319999999902e+01,-3.707814244200000076e+01,-2.552574015300000099e+01,-4.383134671599999876e+01,-2.718315840200000011e+01
4.892442442399999258e+00,-4.634032727000000307e+01,-3.679313088800000031e+01,-2.542799310899999909e+01,-4.296489190900000210e+01,-2.711293541599999912e+01
4.912452452500000177e+00,-4.320210619899999926e+01,-3.629899943800000273e+01,-2.504689410199999955e+01,-4.367222657399999974e+01,-2.734687857400000155e+01
4.932462462500000200e+00,-4.407406880300000296e+01,-3.626276796599999841e+01,-2.495307965800000005e+01,-4.283152143099999876e+01,-2.703139534399999988e+01
4.952472472500000222e+00,-4.169084211399999873e+01,-3.605631199399999787e+01,-2.444889726499999938e+01,-4.239464901800000263e+01,-2.729176912300000168e+01
4.972482482500000245e+00,-4.139606696700000299e+01,-3.535106276999999864e+01,-2.423359640299999995e+01,-4.256107411100000348e+01,-2.737861461299999988e+01
4.992492492500000267e+00,-4.203784575099999898e+01,-3.533877223900000075e+01,-2.449603950199999858e+01,-4.062185617400000126e+01,-2.770525750899999906e+01
5.012502502500000290e+00,-4.209372973400000006e+01,-3.518468794799999699e+01,-2.380903145599999959e+01,-4.253012656399999969e+01,-2.824234785899999878e+01
5.032512512500000312e+00,-4.318534794499999663e+01,-3.509976189599999685e+01,-2.370111006899999850e+01,-4.201696546800000220e+01,-2.809534921899999915e+01
5.052522522500000335e+00,-4.112533229699999993e+01,-3.484350356099999857e+01,-2.364706438900000052e+01,-4.146880903499999960e+01,-2.815915999199999931e+01
5.072532532500000357e+00,-4.091291411099999920e+01,-3.416997942599999760e+01,-2.348076088799999894e+01,-4.105241777999999897e+01,-2.831124963499999936e+01
5.092542542500000380e+00,-4.041217751399999969e+01,-3.286471526500000095e+01,-2.320725084500000079e+01,-4.068606028899999671e+01,-2.830354683999999921e+01
5.112552552600000411e+00,-4.058121183600000137e+01,-3.336715180800000269e+01,-2.329968868199999932e+01,-4.154982868500000137e+01,-2.879149206900000024e+01
5.132562562600000433e+00,-4.079301211300000318e+01,-3.287007053800000023e+01,-2.319037825899999916e+01,-4.179621024600000112e+01,-2.919463922699999969e+01
5.152572572600000456e+00,-4.030132387199999755e+01,-3.275473535300000094e+01,-2.332579806500000075e+01,-4.423327298699999943e+01,-2.981524210599999947e+01
5.172582582600000478e+00,-4.238782916600000306e+01,-3.203310247900000007e+01,-2.327697490299999927e+01,-4.139452316599999904e+01,-3.008218613600000069e+01
5.192592592600000501e+00,-4.164762999500000262e+01,-3.145365096300000118e+01,-2.316194982700000082e+01,-4.208063168000000331e+01,-3.102990897700000161e+01
5.212602602600000523e+00,-4.182014011999999781e+01,-3.223420245999999878e+01,-2.348864104400000130e+01,-4.168440854199999990e+01,-3.207662979199999853e+01
5.232612612600000546e+00,-4.643911634300000202e+01,-3.353695154300000070e+01,-2.372876947500000000e+01,-4.298210363100000109e+01,-3.220743682599999858e+01
5.252622622600000568e+00,-4.127236256599999820e+01,-3.171939312299999969e+01,-2.380021794600000007e+01,-4.163372034300000024e+01,-3.333268398100000240e+01
5.272632632600000591e+00,-4.322452725800000195e+01,-3.197713359899999830e+01,-2.410970375100000140e+01,-4.229803777499999740e+01,-3.317321627999999833e+01
5.292642642600000613e+00,-4.264443953699999668e+01,-3.246299007799999714e+01,-2.453831776399999853e+01,-4.257497460300000114e+01,-3.303983637099999982e+01
5.312652652699999756e+00,-4.687875109499999837e+01,-3.321311187199999893e+01,-2.511826453600000164e+01,-4.094484154399999909e+01,-3.298606232499999891e+01
5.332662662699999778e+00,-4.818334219900000193e+01,-3.365598105899999837e+01,-2.573714644900000081e+01,-4.489747193899999900e+01,-3.338771314099999898e+01
5.352672672699999801e+00,-5.311098713799999871e+01,-3.360496408200000218e+01,-2.631454533499999826e+01,-4.375835459200000344e+01,-3.371941976000000096e+01
5.372682682699999823e+00,-4.857739410199999952e+01,-3.313517521299999657e+01,-2.670040643300000127e+01,-4.343359640300000279e+01,-3.345124772599999829e+01
5.392692692699999846e+00,-4.635187572099999898e+01,-3.279241896799999978e+01,-2.767827208699999986e+01,-4.287956670399999837e+01,-3.435399770099999728e+01
5.412702702699999868e+00,-5.277650668700000125e+01,-3.328251372999999802e+01,-2.782132591199999894e+01,-4.357410574200000042e+01,-3.361563782700000047e+01
5.432712712699999891e+00,-4.378051430699999713e+01,-3.421938411299999672e+01,-2.871876782600000055e+01,-4.534069700199999886e+01,-3.266986754900000278e+01
5.452722722699999913e+00,-4.822415895599999658e+01,-3.311602357000000296e+01,-2.943525525800000153e+01,-4.542435146399999724e+01,-3.238265847499999950e+01
5.472732732699999936e+00,-4.831937496799999820e+01,-3.254377377600000187e+01,-3.039364838699999893e+01,-4.543935301100000146e+01,-3.139055042700000087e+01
5.492742742699999958e+00,-5.008937828300000206e+01,-3.289112133199999732e+01,-2.992715183099999976e+01,-4.508622007200000326e+01,-3.061021814900000138e+01
5.512752752799999989e+00,-6.192719243199999823e+01,-3.210796699600000181e+01,-3.080449917199999987e+01,-4.641663138300000213e+01,-3.003988233999999835e+01
5.532762762800000012e+00,-5.939359607800000163e+01,-3.172727293699999862e+01,-3.183031644700000129e+01,-5.190849515800000091e+01,-2.994889452600000013e+01
5.552772772800000034e+00,-5.273003020499999849e+01,-3.115578281999999888e+01,-3.152980671999999984e+01,-4.534811618599999861e+01,-2.980368723200000147e+01
5.572782782800000057e+00,-5.131114475700000099e+01,-3.029836705600000002e+01,-3.226173454999999990e+01,-4.596356169999999963e+01,-3.033288627399999982e+01
5.592792792800000079e+00,-5.039236255099999795e+01,-3.033115979100000104e+01,-3.178610025200000067e+01,-4.474428831899999892e+01,-3.026454182899999878e+01
5.612802802800000102e+00,-5.197384311599999762e+01,-2.980315250399999982e+01,-3.192915006699999836e+01,-4.830318678700000135e+01,-3.050422534999999868e+01
5.632812812800000124e+00,-4.821004335199999957e+01,-2.926325350300000139e+01,-3.276004167100000330e+01,-4.838628244400000256e+01,-3.097432156200000009e+01
5.652822822800000147e+00,-5.105887305299999923e+01,-2.812332159099999984e+01,-3.219571133699999876e+01,-4.479147844900000308e+01,-3.171376822099999870e+01
5.672832832800000169e+00,-5.042285233399999811e+01,-2.747535499099999967e+01,-3.214584734299999980e+01,-4.757207325400000286e+01,-3.250556789400000213e+01
5.692842842800000192e+00,-4.710243910100000164e+01,-2.705230389600000152e+01,-3.220959928500000302e+01,-4.631123884099999799e+01,-3.243858316800000097e+01
5.712852852899999334e+00,-5.029968632300000309e+01,-2.632885564100000053e+01,-3.226341156400000187e+01,-4.418017506300000008e+01,-3.306065395600000301e+01
5.732862862899999357e+00,-5.270751126300000067e+01,-2.540577447900000152e+01,-3.181204674600000004e+01,-4.696684280400000233e+01,-3.388712666200000001e+01
5.752872872899999379e+00,-4.725486598700000229e+01,-2.497931229499999972e+01,-3.062441470499999951e+01,-4.728196745000000334e+01,-3.543075666499999699e+01
5.772882882899999402e+00,-5.112206678799999793e+01,-2.462755875699999919e+01,-3.049047553699999824e+01,-4.774858791100000133e+01,-3.664586581999999737e+01
5.792892892899999424e+00,-5.084946444199999860e+01,-2.397802203000000176e+01,-3.027696282699999841e+01,-4.478675602999999938e+01,-3.871397022699999724e+01
5.812902902899999447e+00,-4.725571559499999807e+01,-2.386732600499999890e+01,-2.945145829699999851e+01,-4.928324726000000311e+01,-4.002616990399999963e+01
5.832912912899999469e+00,-4.845622763299999747e+01,-2.353814663400000029e+01,-2.814109926600000122e+01,-4.366216104000000087e+01,-3.869425027999999855e+01
5.852922922899999492e+00,-4.375159325500000307e+01,-2.309650162899999870e+01,-2.754790084700000108e+01,-4.495344584499999741e+01,-3.960847641899999871e+01
5.872932932899999514e+00,-4.648316091499999914e+01,-2.269508739300000144e+01,-2.632148023299999906e+01,-5.590741397200000051e+01,-3.998878504399999656e+01
5.892942942899999537e+00,-4.571972746400000176e+01,-2.251659335100000092e+01,-2.536149112800000083e+01,-4.930672427999999741e+01,-3.913797431799999771e+01
5.912952952999999567e+00,-4.420652089499999704e+01,-2.214163250700000063e+01,-2.489433560399999834e+01,-5.826750187700000083e+01,-3.959394690500000280e+01
5.932962962999999590e+00,-4.389080416600000234e+01,-2.166630396200000064e+01,-2.433232442299999931e+01,-5.229795850499999688e+01,-3.717159127600000090e+01
5.952972972999999612e+00,-4.529093694899999889e+01,-2.185838073300000062e+01,-2.364576442199999917e+01,-6.137477142400000218e+01,-3.571715333600000264e+01
5.972982982999999635e+00,-4.400315599300000002e+01,-2.124077540500000083e+01,-2.364882658599999843e+01,-5.803217004900000120e+01,-3.428582955600000304e+01
5.992992992999999657e+00,-4.404673325499999947e+01,-2.114517545700000056e+01,-2.326834545899999895e+01,-5.120970281700000015e+01,-3.256373139099999747e+01
6.013003002999999680e+00,-4.156040675300000231e+01,-2.097290270999999962e+01,-2.279591967500000038e+01,-5.022885133900000199e+01,-3.181356472399999902e+01
6.033013012999999702e+00,-4.066853485299999704e+01,-2.086441229900000138e+01,-2.268544455400000004e+01,-4.443673788499999944e+01,-3.137468450000000075e+01
6.053023022999999725e+00,-4.406002302499999956e+01,-2.103256412900000072e+01,-2.202821912699999984e+01,-4.191423073699999691e+01,-3.075967083100000110e+01
6.073033032999999747e+00,-4.328398291199999903e+01,-2.093079400399999912e+01,-2.188919710700000110e+01,-4.180225514100000339e+01,-3.033919442799999899e+01
6.093043042999999770e+00,-4.276046536799999842e+01,-2.108459618499999877e+01,-2.168815605900000065e+01,-3.920078832499999777e+01,-3.014189885500000088e+01
6.113053053100000689e+00,-4.453730733599999780e+01,-2.138355709100000013e+01,-2.131631041199999999e+01,-3.699461142199999841e+01,-2.940307201799999959e+01
6.133063063100000711e+00,-4.513027555200000052e+01,-2.166883857199999852e+01,-2.113292319199999980e+01,-3.770485331500000115e+01,-2.959773917600000104e+01
6.153073073100000734e+00,-4.428792552699999874e+01,-2.198198272100000139e+01,-2.096432836500000008e+01,-3.543416315599999677e+01,-2.949136651699999945e+01
6.173083083100000756e+00,-4.681240080300000272e+01,-2.230661579199999878e+01,-2.036641067100000058e+01,-3.419017865600000050e+01,-2.901740509400000079e+01
6.193093093100000779e+00,-4.410258667899999807e+01,-2.265509325000000018e+01,-2.035848412900000071e+01,-3.309300667899999837e+01,-2.918357408700000022e+01
6.213103103100000801e+00,-4.814379090199999922e+01,-2.296543895199999952e+01,-2.001283156999999946e+01,-3.331426759299999674e+01,-2.947756233400000170e+01
6.233113113100000824e+00,-5.002959042300000192e+01,-2.335705863200000110e+01,-1.995042512099999854e+01,-3.261235949400000322e+01,-2.842891359500000092e+01
6.253123123099999958e+00,-6.827192322300000171e+01,-2.410150432800000075e+01,-1.981812386400000037e+01,-3.136953399500000117e+01,-2.851462381400000012e+01
6.273133133099999981e+00,-5.010234348299999851e+01,-2.438377419700000104e+01,-1.983825887100000074e+01,-3.182748737800000072e+01,-2.804918871899999999e+01
6.293143143100000003e+00,-5.557292218999999989e+01,-2.502383105499999871e+01,-1.986074618299999983e+01,-3.114396413600000102e+01,-2.729391222900000002e+01
6.313153153200000034e+00,-5.439204066599999976e+01,-2.588567361200000150e+01,-1.981135521699999913e+01,-3.103398269599999892e+01,-2.777000176800000020e+01
6.333163163200000056e+00,-5.889377836399999921e+01,-2.661145795499999878e+01,-1.982968110499999881e+01,-3.093634694700000054e+01,-2.657567825299999953e+01
6.353173173200000079e+00,-5.088759936000000295e+01,-2.710325350000000100e+01,-1.987027198099999836e+01,-3.096839654400000086e+01,-2.638349811000000145e+01
6.373183183200000101e+00,-5.059435314299999931e+01,-2.756321347300000113e+01,-2.011544352099999955e+01,-3.108175654200000082e+01,-2.617280178900000109e+01
6.393193193200000124e+00,-4.528328758800000031e+01,-2.861329086099999941e+01,-2.020403178300000135e+01,-3.184132459399999959e+01,-2.536834359799999916e+01
6.413203203200000146e+00,-4.318569075199999929e+01,-2.965180217700000043e+01,-2.057833315399999918e+01,-3.113329310399999983e+01,-2.485716953300000043e+01
6.433213213200000169e+00,-4.174331468199999762e+01,-2.989525746800000050e+01,-2.083928668300000098e+01,-3.102401231600000031e+01,-2.493006709999999870e+01
6.453223223200000191e+00,-3.995509365600000251e+01,-2.998344705499999918e+01,-2.117938980699999973e+01,-3.107967924900000156e+01,-2.473138975699999875e+01
6.473233233200000214e+00,-4.121019371100000228e+01,-3.127403038099999932e+01,-2.144449997099999905e+01,-3.079464938399999951e+01,-2.460336027399999992e+01
6.493243243200000236e+00,-3.895639193499999919e+01,-3.156716697199999899e+01,-2.163019515499999912e+01,-3.079535678599999926e+01,-2.471176629100000000e+01
6.513253253300000267e+00,-3.959101575300000064e+01,-3.118103557899999956e+01,-2.191921259500000119e+01,-3.137174682199999864e+01,-2.474365872999999993e+01
6.533263263300000290e+00,-3.797932494300000172e+01,-3.248303126900000137e+01,-2.194762887199999923e+01,-3.189376598400000162e+01,-2.511689957999999834e+01
6.553273273300000312e+00,-3.821947998499999954e+01,-3.315752549399999793e+01,-2.218726615799999990e+01,-3.094628771400000034e+01,-2.496214891800000046e+01
6.573283283300000335e+00,-4.152981785699999762e+01,-3.463913526099999984e+01,-2.210756841199999911e+01,-3.221713450400000056e+01,-2.451622473600000163e+01
6.593293293300000357e+00,-3.797983642900000234e+01,-3.416509414699999780e+01,-2.210946554799999930e+01,-3.183461160499999920e+01,-2.474197421399999897e+01
6.613303303300000380e+00,-3.989694481299999751e+01,-3.636013567599999874e+01,-2.224461654499999952e+01,-3.182991338900000144e+01,-2.464397070000000056e+01
6.633313313300000402e+00,-3.805550526599999728e+01,-3.620848056500000212e+01,-2.193866585600000008e+01,-3.141055832700000039e+01,-2.441840727299999969e+01
6.653323323300000425e+00,-3.933188718200000267e+01,-3.654903914900000217e+01,-2.179396217800000102e+01,-3.125826872800000089e+01,-2.435820074800000157e+01
6.673333333300000447e+00,-3.895350380400000034e+01,-3.625449586199999885e+01,-2.194637984899999950e+01,-3.056040463000000074e+01,-2.430725284200000047e+01
6.693343343300000470e+00,-3.956709403400000014e+01,-3.700182684699999669e+01,-2.199221369199999998e+01,-3.035216068000000078e+01,-2.456747767099999891e+01
6.713353353399999612e+00,-4.096767518800000119e+01,-3.658633122700000229e+01,-2.199808846299999843e+01,-3.027181693600000045e+01,-2.429920636499999986e+01
6.733363363399999635e+00,-4.099857625899999647e+01,-3.526679092999999909e+01,-2.182216305400000067e+01,-3.042751417199999864e+01,-2.426500143000000165e+01
6.753373373399999657e+00,-4.246098358399999739e+01,-3.366389557400000143e+01,-2.174857177799999874e+01,-3.036872418300000120e+01,-2.483707778999999860e+01
6.773383383399999680e+00,-4.085926441000000153e+01,-3.164502324700000102e+01,-2.143433790099999925e+01,-2.944634862099999850e+01,-2.463337773099999950e+01
6.793393393399999702e+00,-4.359520057000000293e+01,-3.130053236599999877e+01,-2.140476631900000015e+01,-2.885353825400000005e+01,-2.494292627200000112e+01
6.813403403399999725e+00,-4.349587694699999929e+01,-3.008932435799999894e+01,-2.110561309299999877e+01,-2.839868033100000133e+01,-2.447956050799999872e+01
6.833413413399999747e+00,-4.473708300199999854e+01,-2.877060825999999949e+01,-2.115487162200000171e+01,-2.868485405399999877e+01,-2.420219696299999868e+01
6.853423423399999770e+00,-4.552680405099999916e+01,-2.808888182000000100e+01,-2.118950670999999986e+01,-2.833715243800000039e+01,-2.437667235600000026e+01
6.873433433399999792e+00,-5.223088254799999675e+01,-2.712471219100000042e+01,-2.089246086700000049e+01,-2.775934170700000081e+01,-2.436199785199999823e+01
6.893443443399999815e+00,-4.940099328099999809e+01,-2.740641434899999851e+01,-2.072393710000000056e+01,-2.778722899799999979e+01,-2.421104364900000050e+01
6.913453453499999846e+00,-6.799638258400000268e+01,-2.735464844799999895e+01,-2.091105772399999907e+01,-2.792317467699999867e+01,-2.454321747399999865e+01
6.933463463499999868e+00,-4.960312875000000332e+01,-2.679025294599999896e+01,-2.052729762599999930e+01,-2.731932010899999952e+01,-2.452379898799999935e+01
6.953473473499999891e+00,-4.452531526700000342e+01,-2.628659981999999928e+01,-2.056606682600000013e+01,-2.725517420799999968e+01,-2.447801056999999858e+01
6.973483483499999913e+00,-4.409053112099999794e+01,-2.579883892100000153e+01,-2.055080945199999931e+01,-2.728614589000000024e+01,-2.503961808300000058e+01
6.993493493499999936e+00,-3.941096909699999884e+01,-2.579161503499999952e+01,-2.046365073100000131e+01,-2.745645020999999986e+01,-2.495827376700000144e+01
7.013503503499999958e+00,-3.967363987600000286e+01,-2.604181181099999876e+01,-2.059484744199999895e+01,-2.717109848200000144e+01,-2.496447787600000012e+01
7.033513513499999981e+00,-3.723282317999999691e+01,-2.599230415899999969e+01,-2.082047772499999994e+01,-2.694275528400000042e+01,-2.486631693600000048e+01
7.053523523500000003e+00,-3.573332416299999892e+01,-2.660755763499999915e+01,-2.125521126099999947e+01,-2.687027480200000085e+01,-2.540102659200000090e+01
7.073533533500000026e+00,-3.595895064100000127e+01,-2.606757324899999873e+01,-2.126933445399999911e+01,-2.651580530700000082e+01,-2.560797796800000015e+01
7.093543543500000048e+00,-3.530710684499999985e+01,-2.637332998799999828e+01,-2.126561556300000078e+01,-2.695326245600000092e+01,-2.622589093399999882e+01
7.113553553600000079e+00,-3.610868701700000116e+01,-2.691749660800000044e+01,-2.145693569199999828e+01,-2.705654548200000065e+01,-2.600749938299999897e+01
7.133563563600000101e+00,-3.508347314400000272e+01,-2.722483685599999959e+01,-2.143578192800000082e+01,-2.694928580299999865e+01,-2.653219146200000012e+01
7.153573573600000124e+00,-3.434517107900000354e+01,-2.734714028499999827e+01,-2.186473877799999954e+01,-2.718259915300000173e+01,-2.689761134000000098e+01
7.173583583600000146e+00,-3.420550892299999646e+01,-2.753786828200000159e+01,-2.159166374799999844e+01,-2.710575354099999856e+01,-2.720481245099999867e+01
7.193593593600000169e+00,-3.495913027900000003e+01,-2.805439462400000039e+01,-2.157813663900000023e+01,-2.740592455399999849e+01,-2.758975704299999876e+01
7.213603603600000191e+00,-3.523729711499999695e+01,-2.809150394599999956e+01,-2.173944025500000166e+01,-2.733004741699999940e+01,-2.781384370399999995e+01
7.233613613600000214e+00,-3.563045814000000178e+01,-2.840270220200000040e+01,-2.172268153599999962e+01,-2.699519275500000148e+01,-2.761091133200000058e+01
7.253623623600000236e+00,-3.719562413100000242e+01,-2.862086840399999943e+01,-2.181799445400000081e+01,-2.794646516299999917e+01,-2.833422244999999862e+01
7.273633633600000259e+00,-3.444978986299999946e+01,-2.958170598099999893e+01,-2.204305618900000141e+01,-2.793481015700000114e+01,-2.820245531600000177e+01
7.293643643600000281e+00,-3.639061560500000070e+01,-3.087697705300000095e+01,-2.180995715699999948e+01,-2.859282878899999858e+01,-2.829968220299999970e+01
7.313653653699999424e+00,-3.809447224499999862e+01,-3.223685074600000178e+01,-2.206232995999999957e+01,-2.884542464500000136e+01,-2.887673635499999847e+01
7.333663663699999447e+00,-3.659337122499999850e+01,-3.307539533100000284e+01,-2.213289015399999826e+01,-2.917078985899999921e+01,-2.973134550199999993e+01
7.353673673699999469e+00,-3.641095732499999826e+01,-3.486669292300000222e+01,-2.213328776899999895e+01,-2.848183667900000060e+01,-3.071948698199999939e+01
7.373683683699999492e+00,-3.776160590799999994e+01,-3.807902966999999705e+01,-2.223669193799999988e+01,-2.959977336800000103e+01,-3.207384320599999938e+01
7.393693693699999514e+00,-3.778271299899999747e+01,-4.353795892200000139e+01,-2.234301659400000162e+01,-2.903537543299999868e+01,-3.301969086799999786e+01
7.413703703699999537e+00,-3.812804838600000323e+01,-4.305047229800000252e+01,-2.242678203599999875e+01,-2.868058759199999841e+01,-3.441324983300000184e+01
7.433713713699999559e+00,-4.035339733800000062e+01,-4.460792185300000057e+01,-2.242193509799999873e+01,-2.950617788299999944e+01,-3.716852527900000069e+01
7.453723723699999582e+00,-3.995264335600000294e+01,-3.943527314699999664e+01,-2.267514068199999855e+01,-2.981244962199999904e+01,-3.812443899600000208e+01
7.473733733699999604e+00,-3.900909948500000013e+01,-3.878273261500000046e+01,-2.268199526000000077e+01,-3.002381792599999955e+01,-4.033048337799999672e+01
7.493743743699999627e+00,-3.823209348099999971e+01,-3.566334601599999843e+01,-2.306659420000000082e+01,-2.990767654700000122e+01,-4.035838486499999789e+01
7.513753753800000545e+00,-3.975928771000000239e+01,-3.303999426000000028e+01,-2.355710757299999969e+01,-3.092513525500000071e+01,-4.868597855200000168e+01
7.533763763800000568e+00,-4.123709207800000343e+01,-3.195362105499999927e+01,-2.402695253799999975e+01,-3.211074222500000275e+01,-4.932543576100000138e+01
7.553773773800000590e+00,-4.018657966300000339e+01,-2.965932298499999931e+01,-2.406662204399999894e+01,-3.175609810199999927e+01,-4.728687505999999985e+01
7.573783783800000613e+00,-3.992046769800000305e+01,-3.059438764600000127e+01,-2.468416722199999924e+01,-3.185933039700000080e+01,-4.241181275400000317e+01
7.593793793799999747e+00,-4.071843823599999723e+01,-3.015252298300000078e+01,-2.519997792599999897e+01,-3.250262983500000047e+01,-3.869521414700000150e+01
7.613803803799999770e+00,-3.668601694000000180e+01,-2.974086309500000169e+01,-2.601727858900000001e+01,-3.499156482099999721e+01,-3.891193489100000136e+01
7.633813813799999792e+00,-3.607973571800000201e+01,-2.931715304200000105e+01,-2.639040823299999872e+01,-3.418006556899999993e+01,-3.601785804600000063e+01
7.653823823799999815e+00,-3.624638052499999930e+01,-2.861286416000000088e+01,-2.707247229500000074e+01,-3.545633631799999819e+01,-3.532516012100000324e+01
7.673833833799999837e+00,-3.646093847800000276e+01,-2.857069578300000146e+01,-2.742054787500000046e+01,-3.662731524600000199e+01,-3.262891202000000135e+01
7.693843843799999860e+00,-3.679100274900000045e+01,-2.820176225899999878e+01,-2.747349565200000043e+01,-3.620475128599999692e+01,-3.213711718599999756e+01
7.713853853899999891e+00,-3.760241621099999776e+01,-2.813829061099999862e+01,-2.841012101200000117e+01,-3.629809331799999939e+01,-3.204949189399999909e+01
7.733863863899999913e+00,-3.715200372099999981e+01,-2.755363240399999825e+01,-2.827097301799999940e+01,-3.799732138400000281e+01,-3.066171106399999857e+01
7.753873873899999936e+00,-3.643674376300000262e+01,-2.762244564499999910e+01,-2.882327949900000164e+01,-3.738770840699999809e+01,-3.055884114399999874e+01
7.773883883899999958e+00,-3.584597748200000211e+01,-2.734985466099999840e+01,-2.909993268899999919e+01,-3.852281822599999828e+01,-3.010474070300000093e+01
7.793893893899999981e+00,-3.708338762500000030e+01,-2.859030361199999959e+01,-2.997881413800000061e+01,-3.912003389699999900e+01,-2.999945690399999876e+01
7.813903903900000003e+00,-3.610155794799999995e+01,-2.804725789600000141e+01,-3.009123407799999939e+01,-3.963865549300000168e+01,-2.988297310500000137e+01
7.833913913900000026e+00,-3.628511466500000182e+01,-2.805425712599999954e+01,-3.025745699499999830e+01,-3.992544756000000206e+01,-3.029930109700000074e+01
7.853923923900000048e+00,-3.533139846299999931e+01,-2.794533714499999988e+01,-3.082035720600000062e+01,-4.400725432200000142e+01,-2.972095478900000032e+01
7.873933933899999182e+00,-3.517572848399999685e+01,-2.729501864299999880e+01,-3.221506286599999669e+01,-4.410597850700000322e+01,-3.122333502700000096e+01
7.893943943899999205e+00,-3.533612159799999830e+01,-2.772118388100000175e+01,-3.325901077599999667e+01,-4.103380516800000066e+01,-3.079803839299999879e+01
7.913953954000000124e+00,-3.494603765800000161e+01,-2.722369305999999867e+01,-3.371885774399999747e+01,-4.043460547200000121e+01,-3.092211160300000117e+01
7.933963964000000146e+00,-3.569487758399999677e+01,-2.733493160200000105e+01,-3.323027762899999971e+01,-3.874750480200000169e+01,-3.259404116000000329e+01
7.953973974000000169e+00,-3.362323962199999983e+01,-2.684253595599999898e+01,-3.629443041399999714e+01,-3.864564757899999847e+01,-3.234225881599999752e+01
7.973983984000000191e+00,-3.310708146199999646e+01,-2.637389280900000088e+01,-3.483779052599999915e+01,-3.744056312299999689e+01,-3.262780651399999954e+01
7.993993994000000214e+00,-3.257567666700000331e+01,-2.621454561899999902e+01,-3.730907135399999675e+01,-3.715127857200000250e+01,-3.284854777799999681e+01
8.014004004000000236e+00,-3.225246611299999699e+01,-2.572454784199999978e+01,-3.721117936299999940e+01,-3.473326948900000133e+01,-3.301254391399999832e+01
8.034014014000000259e+00,-3.156653315699999851e+01,-2.563542205199999913e+01,-3.779803131900000324e+01,-3.462871871000000112e+01,-3.198613017999999997e+01
8.054024024000000281e+00,-3.132035116300000155e+01,-2.631524968500000128e+01,-3.800214734299999719e+01,-3.619139960399999723e+01,-3.039996232500000062e+01
8.074034034000000304e+00,-2.986179533399999997e+01,-2.537772615100000095e+01,-3.879892449900000173e+01,-3.386929829099999978e+01,-3.098354578500000045e+01
8.094044044000000326e+00,-3.004842426100000097e+01,-2.576129678499999898e+01,-3.768709625099999982e+01,-3.464954491900000022e+01,-3.175588014299999884e+01
8.114054054100000357e+00,-2.859037924600000125e+01,-2.530421728500000000e+01,-3.925071917100000007e+01,-3.452790311700000103e+01,-3.102286944200000107e+01
8.134064064100000380e+00,-2.854344667200000174e+01,-2.535362188699999919e+01,-3.839929042100000345e+01,-3.601976734000000135e+01,-3.054628108100000006e+01
8.154074074100000402e+00,-2.843530148500000010e+01,-2.590964516200000034e+01,-3.941630264199999800e+01,-3.592160496300000005e+01,-3.001098862399999945e+01
8.174084084100000425e+00,-2.940040232300000156e+01,-2.618221500399999968e+01,-3.751716173799999865e+01,-3.605857308899999936e+01,-2.944069352800000061e+01
8.194094094100000447e+00,-2.931590878800000155e+01,-2.580038084799999965e+01,-3.845841120600000096e+01,-3.637943419700000192e+01,-2.947518376000000018e+01
8.214104104100000470e+00,-2.877048280800000057e+01,-2.680361647200000164e+01,-4.020505566100000294e+01,-3.713171161199999659e+01,-3.014525535199999950e+01
8.234114114100000492e+00,-2.825676627600000046e+01,-2.603862821099999891e+01,-3.840530285199999838e+01,-3.614213769999999926e+01,-2.934864240499999966e+01
8.254124124100000515e+00,-2.877124920199999991e+01,-2.636488687499999983e+01,-3.843183630299999720e+01,-3.594572539199999994e+01,-2.904292811799999896e+01
8.274134134100000537e+00,-2.894292848999999990e+01,-2.629313609900000159e+01,-3.838365628700000087e+01,-3.743890760499999715e+01,-2.883224931000000169e+01
8.294144144100000560e+00,-2.833548514499999982e+01,-2.717339278200000052e+01,-3.666621535699999868e+01,-3.575499117900000101e+01,-2.905322703399999895e+01
8.314154154200000590e+00,-2.825555227199999919e+01,-2.634849096700000004e+01,-3.652099449300000344e+01,-3.633365658299999978e+01,-2.935552524299999888e+01
8.334164164200000613e+00,-2.954250835199999869e+01,-2.658252349900000056e+01,-3.434533879199999973e+01,-3.705751995100000329e+01,-2.915402152700000116e+01
8.354174174200000635e+00,-2.932214600800000071e+01,-2.623840334799999852e+01,-3.420348379099999647e+01,-3.948845512999999841e+01,-2.961827198099999947e+01
8.374184184200000658e+00,-2.961293832200000153e+01,-2.686169660599999887e+01,-3.428906142299999971e+01,-4.130973029399999774e+01,-3.044140959099999932e+01
8.394194194200000680e+00,-2.867611032199999954e+01,-2.646639532800000083e+01,-3.305360287300000266e+01,-4.279135705099999853e+01,-3.142522068099999899e+01
8.414204204199998927e+00,-2.944450790400000173e+01,-2.643553932900000092e+01,-3.284410080800000031e+01,-4.416986267200000071e+01,-3.144217496799999978e+01
8.434214214199998949e+00,-2.905136492800000170e+01,-2.815424587700000103e+01,-3.189717660499999852e+01,-4.668079998300000000e+01,-3.393077117800000053e+01
8.454224224199998972e+00,-3.059002756099999942e+01,-2.779980913400000020e+01,-3.140184045799999879e+01,-6.874564813099999583e+01,-3.417327545599999894e+01
8.474234234199998994e+00,-3.076996333800000016e+01,-2.841063562400000109e+01,-3.126586594700000177e+01,-5.414476537099999831e+01,-3.411552020999999968e+01
8.494244244199999017e+00,-3.004048533899999995e+01,-2.765897341999999881e+01,-3.170600756400000009e+01,-4.391648804500000125e+01,-3.566078775900000153e+01
8.514254254300000824e+00,-3.100296084700000065e+01,-2.789764336100000008e+01,-3.202576065000000227e+01,-4.579496927999999656e+01,-3.479929153500000183e+01
8.534264264300000846e+00,-3.144700969100000165e+01,-2.954428108000000108e+01,-3.241591245800000110e+01,-4.023634472999999900e+01,-3.505580144300000001e+01
8.554274274300000869e+00,-3.288385318400000301e+01,-2.843688114600000105e+01,-3.407593269099999844e+01,-3.797611531399999762e+01,-3.290151239499999747e+01
8.574284284300000891e+00,-3.584764152200000353e+01,-2.820058322099999870e+01,-3.509085137400000320e+01,-3.494576666900000106e+01,-3.249905252500000330e+01
8.594294294299999137e+00,-3.272542715099999810e+01,-3.005144664000000176e+01,-3.490631769099999815e+01,-3.538851927300000000e+01,-3.288817527500000182e+01
8.614304304299999160e+00,-3.444285617700000302e+01,-2.881110620200000128e+01,-3.612522844000000077e+01,-3.416628160999999864e+01,-3.255952558999999980e+01
8.634314314299999182e+00,-3.935979207599999796e+01,-2.946026794000000137e+01,-3.624446656700000347e+01,-3.248895660200000179e+01,-3.256135773300000125e+01
8.654324324299999205e+00,-3.779410528900000088e+01,-2.890974629000000107e+01,-3.646489388700000234e+01,-3.314822075000000012e+01,-3.232885600499999867e+01
8.674334334299999227e+00,-3.875306978900000132e+01,-2.859066395700000029e+01,-3.509687953099999902e+01,-3.221247951099999796e+01,-3.159731963400000154e+01
8.694344344299999250e+00,-3.909788851999999792e+01,-2.892025592499999931e+01,-3.417199637000000223e+01,-3.301056680399999976e+01,-3.033763547099999869e+01
8.714354354399999281e+00,-3.758153639300000037e+01,-2.804034224200000125e+01,-3.452111607700000206e+01,-3.155088236299999949e+01,-3.034929962600000053e+01
8.734364364399999303e+00,-3.796615354000000053e+01,-2.903567354400000156e+01,-3.322705594199999979e+01,-3.197117268899999942e+01,-2.874786328000000069e+01
8.754374374399999326e+00,-5.000945593200000161e+01,-2.820550688200000167e+01,-3.316571038400000049e+01,-2.988112425499999958e+01,-2.901948057699999950e+01
8.774384384399999348e+00,-3.979993757700000145e+01,-2.896312172300000043e+01,-3.063264640099999880e+01,-3.025107852900000083e+01,-2.847268569299999896e+01
8.794394394399999371e+00,-4.214533213100000353e+01,-2.821902566800000045e+01,-3.029008525100000071e+01,-2.930178286199999960e+01,-2.778291793100000007e+01
8.814404404399999393e+00,-4.420023563299999836e+01,-2.736849517599999970e+01,-3.030088577800000138e+01,-2.887545531800000020e+01,-2.735935820599999957e+01
8.834414414399999416e+00,-3.918147840700000017e+01,-2.747294769299999828e+01,-2.991133725199999915e+01,-2.874145564000000164e+01,-2.684850982000000030e+01
8.854424424399999438e+00,-3.974304188600000032e+01,-2.767437899200000118e+01,-2.841238730199999907e+01,-2.899081715499999845e+01,-2.679178662800000055e+01
8.874434434399999461e+00,-3.927593335000000252e+01,-2.728430966299999838e+01,-2.913602744900000019e+01,-2.838262474400000102e+01,-2.610511634899999933e+01
8.894444444399999483e+00,-3.897442049400000030e+01,-2.707419854799999825e+01,-2.823414796000000138e+01,-2.951390848699999836e+01,-2.597368909100000067e+01
8.914454454499999514e+00,-3.536945876299999725e+01,-2.821978364499999969e+01,-2.785820967100000090e+01,-2.855543847999999940e+01,-2.613478926200000174e+01
8.934464464499999536e+00,-3.754107225399999948e+01,-2.712541262299999900e+01,-2.760263501500000061e+01,-2.966954429100000112e+01,-2.559523593000000119e+01
8.954474474499999559e+00,-3.807104094500000002e+01,-2.853765405100000052e+01,-2.701772906600000113e+01,-2.994787788000000006e+01,-2.584431853599999940e+01
8.974484484499999581e+00,-3.826378025700000052e+01,-2.844865959199999850e+01,-2.719450147999999956e+01,-2.957800986899999884e+01,-2.588252763699999903e+01
8.994494494499999604e+00,-4.117816862899999819e+01,-2.972395410900000101e+01,-2.706122742000000159e+01,-2.945206275700000020e+01,-2.608724463200000088e+01
9.014504504499999626e+00,-3.980887740800000074e+01,-2.915914383200000159e+01,-2.712221748800000043e+01,-3.020664064400000015e+01,-2.621140369600000142e+01
9.034514514499999649e+00,-4.541621396099999686e+01,-2.824768620700000099e+01,-2.736682256599999974e+01,-3.029694672999999838e+01,-2.665455814599999940e+01
9.054524524499999671e+00,-4.231700383199999749e+01,-2.854309951100000120e+01,-2.684277422199999918e+01,-2.872032931600000083e+01,-2.734911749500000155e+01
9.074534534499999694e+00,-4.383145319500000170e+01,-2.900694696300000075e+01,-2.625332848100000049e+01,-2.885153832399999985e+01,-2.707634871400000165e+01
9.094544544499999716e+00,-4.225822875499999753e+01,-3.104703137299999938e+01,-2.603459158700000131e+01,-2.833305969899999965e+01,-2.776443779799999945e+01
9.114554554599999747e+00,-3.751541938900000162e+01,-3.018144976900000032e+01,-2.604889406799999918e+01,-2.828061236099999931e+01,-2.772810176899999846e+01
9.134564564599999770e+00,-3.995859455000000082e+01,-3.125969662600000021e+01,-2.612163915300000028e+01,-2.802551550500000133e+01,-2.825711742700000073e+01
9.154574574599999792e+00,-3.790921113499999962e+01,-3.143826248999999962e+01,-2.698988335099999958e+01,-2.757250985399999976e+01,-2.763184741699999947e+01
9.174584584599999815e+00,-3.656835659000000049e+01,-3.178304703199999892e+01,-2.642673491300000066e+01,-2.713102656399999901e+01,-2.758501619100000113e+01
9.194594594599999837e+00,-3.825198799999999721e+01,-3.551118248000000222e+01,-2.664192708399999887e+01,-2.695019235299999849e+01,-2.767241445699999858e+01
9.214604604599999860e+00,-3.613955802299999931e+01,-3.588070105700000312e+01,-2.668853533700000114e+01,-2.661012647000000086e+01,-2.801815283299999848e+01
9.234614614599999882e+00,-3.340404603599999689e+01,-3.905029004899999734e+01,-2.651885030000000043e+01,-2.671515436399999999e+01,-2.711997589299999945e+01
9.254624624599999905e+00,-3.534891853500000281e+01,-3.865485874099999819e+01,-2.762806405499999940e+01,-2.620322828400000148e+01,-2.656521592700000056e+01
9.274634634599999927e+00,-3.313195692099999690e+01,-4.159589175100000347e+01,-2.826420487100000045e+01,-2.653799780900000016e+01,-2.627306122099999897e+01
9.294644644599999950e+00,-3.414893876400000039e+01,-4.888903124800000199e+01,-2.816485217299999988e+01,-2.601966621200000063e+01,-2.575589534499999900e+01
9.314654654699999980e+00,-3.372061948999999714e+01,-5.261171681100000086e+01,-2.925521157400000050e+01,-2.705349621399999904e+01,-2.484940341700000133e+01
9.334664664700000003e+00,-3.230833099699999877e+01,-4.774623381499999653e+01,-2.923139928100000162e+01,-2.773712537400000144e+01,-2.529264339499999892e+01
9.354674674700000025e+00,-3.306107044800000239e+01,-4.181062872799999752e+01,-2.976369005400000134e+01,-2.854059321500000124e+01,-2.426345580199999930e+01
9.374684684700000048e+00,-3.357270477800000208e+01,-3.605939099700000128e+01,-3.067455236300000010e+01,-2.914655673500000077e+01,-2.388134475000000023e+01
9.394694694700000070e+00,-2.994627738399999828e+01,-3.938171351799999798e+01,-2.989128297599999939e+01,-2.939114802499999968e+01,-2.370311069999999987e+01
9.414704704700000093e+00,-3.191300579700000029e+01,-3.758973209599999876e+01,-3.084298106600000011e+01,-3.002758348300000080e+01,-2.363781112999999934e+01
9.434714714700000115e+00,-3.340507559200000287e+01,-4.138007363599999877e+01,-3.117382859099999948e+01,-3.009377308499999870e+01,-2.337133217099999882e+01
9.454724724700000138e+00,-2.920192420000000055e+01,-3.872905889199999763e+01,-3.256426417499999815e+01,-3.241524136999999683e+01,-2.353781055900000041e+01
9.474734734700000161e+00,-3.017310479800000067e+01,-4.195289661700000039e+01,-3.250934761799999961e+01,-3.328263559999999899e+01,-2.421437902399999942e+01
9.494744744700000183e+00,-2.856336332900000130e+01,-3.874807675999999645e+01,-3.326636149400000164e+01,-3.321769415699999684e+01,-2.408825488900000167e+01
9.514754754799998437e+00,-2.943999991400000127e+01,-3.954542519400000344e+01,-3.325495595499999979e+01,-3.398488215999999795e+01,-2.343601877500000086e+01
9.534764764799998460e+00,-3.091374192399999998e+01,-5.000815526200000249e+01,-3.530173884599999923e+01,-3.413769389099999785e+01,-2.397011945799999921e+01
9.554774774799998482e+00,-2.833672244999999990e+01,-4.399642124599999704e+01,-3.320419985499999882e+01,-3.701588938999999812e+01,-2.387193241199999960e+01
9.574784784799998505e+00,-2.967802819699999972e+01,-4.872678851700000280e+01,-3.398489880399999663e+01,-3.677137900799999670e+01,-2.396561286200000040e+01
9.594794794799998527e+00,-2.917266735400000144e+01,-4.321871909200000061e+01,-3.317434941199999798e+01,-3.504296788300000287e+01,-2.365683119199999851e+01
9.614804804799998550e+00,-3.018196729199999950e+01,-4.713108505200000309e+01,-3.361533533200000079e+01,-3.302173008900000184e+01,-2.340543487400000089e+01
9.634814814799998572e+00,-2.941229125799999977e+01,-5.011944459400000085e+01,-3.353855743900000164e+01,-3.400511744399999969e+01,-2.418489689900000172e+01
9.654824824799998595e+00,-2.990652197200000018e+01,-4.484595481699999908e+01,-3.344424287300000032e+01,-3.291311576500000058e+01,-2.345736279999999851e+01
9.674834834799998617e+00,-3.048927118599999986e+01,-4.016819167999999962e+01,-3.297774797999999663e+01,-3.408915381799999977e+01,-2.418618513099999845e+01
9.694844844799998640e+00,-2.929130065500000057e+01,-3.811422722300000032e+01,-3.425236175700000274e+01,-3.331811635399999716e+01,-2.338360798200000090e+01
9.714854854900000447e+00,-3.095527195400000053e+01,-4.252987910800000293e+01,-3.417462936100000093e+01,-3.338674350099999799e+01,-2.291684821500000169e+01
9.734864864900000470e+00,-2.906725938299999967e+01,-4.268414726799999670e+01,-3.509886791099999925e+01,-3.250615903700000331e+01,-2.308217106000000030e+01
9.754874874900000492e+00,-2.812826239400000006e+01,-4.879573189500000296e+01,-3.400222316100000342e+01,-3.362507816600000154e+01,-2.311906078599999859e+01
9.774884884899998738e+00,-3.006148000700000011e+01,-3.942334904100000159e+01,-3.281816567599999956e+01,-3.395896462799999682e+01,-2.290865737900000099e+01
9.794894894899998761e+00,-3.022899591799999897e+01,-4.006351215299999780e+01,-3.173397049600000130e+01,-3.166072864099999862e+01,-2.283116548799999990e+01
9.814904904899998783e+00,-2.901422970000000134e+01,-3.917943642699999884e+01,-3.317124932099999768e+01,-3.246214892399999741e+01,-2.320739019699999872e+01
9.834914914899998806e+00,-2.704089114499999980e+01,-4.713881934399999807e+01,-3.101277265899999946e+01,-3.375735826700000075e+01,-2.290399375599999843e+01
9.854924924899998828e+00,-2.820312473699999956e+01,-3.809105276199999679e+01,-3.129738547699999884e+01,-3.278755517300000122e+01,-2.431402076699999881e+01
9.874934934899998851e+00,-2.630675990199999958e+01,-3.800453647599999840e+01,-3.011245561699999840e+01,-3.056574995700000130e+01,-2.451695168499999866e+01
9.894944944899998873e+00,-2.711089239700000064e+01,-3.653683703299999763e+01,-2.994221899300000089e+01,-3.027364345299999826e+01,-2.443912870699999829e+01
9.914954955000000680e+00,-2.631795165799999836e+01,-3.817412652099999804e+01,-2.979935721800000081e+01,-3.033165565299999855e+01,-2.436667485999999982e+01
9.934964965000000703e+00,-2.683818222800000086e+01,-3.683469566600000178e+01,-2.942131505300000072e+01,-2.944116364599999969e+01,-2.488089953700000123e+01
9.954974975000000725e+00,-2.613961634600000039e+01,-3.337094715900000352e+01,-2.848885501199999837e+01,-2.821641517300000146e+01,-2.611312688499999979e+01
9.974984985000000748e+00,-2.679516042499999884e+01,-3.329237821099999906e+01,-2.875304308200000136e+01,-2.981857031899999910e+01,-2.519979686900000004e+01
9.994994995000000770e+00,-2.542819506500000060e+01,-3.421681839400000058e+01,-2.868898988999999844e+01,-2.958526080300000061e+01,-2.507443904999999873e+01
1.001500500500000079e+01,-2.688805911700000095e+01,-3.231273192300000119e+01,-2.762737356699999935e+01,-2.762662336200000013e+01,-2.533075881999999979e+01
1.003501501500000082e+01,-2.757966510299999996e+01,-3.160125319500000174e+01,-2.876931241799999839e+01,-2.812784556200000097e+01,-2.492638587200000089e+01
1.005502502500000084e+01,-2.632927273800000023e+01,-3.245826942000000059e+01,-2.810393747799999886e+01,-2.793145731999999981e+01,-2.577275808099999921e+01
1.007503503500000086e+01,-2.592465183199999856e+01,-2.930415596599999972e+01,-3.053772429700000046e+01,-2.806190576399999870e+01,-2.517355321799999857e+01
1.009504504500000088e+01,-2.694185189699999938e+01,-3.149010839700000020e+01,-2.932699245099999885e+01,-2.821558233000000016e+01,-2.517887492399999871e+01
1.011505505499999913e+01,-2.638448512900000154e+01,-2.940681376799999924e+01,-2.990892195600000036e+01,-2.706865595100000021e+01,-2.537186725800000175e+01
1.013506506499999915e+01,-2.725747884600000148e+01,-2.998565983099999954e+01,-2.971983350800000068e+01,-2.727244983299999959e+01,-2.458557111200000023e+01
1.015507507499999917e+01,-2.686423128499999891e+01,-3.014802654500000045e+01,-2.997301532699999882e+01,-2.843157361600000144e+01,-2.423551034799999826e+01
1.017508508499999920e+01,-2.684099253999999846e+01,-2.971286198700000014e+01,-3.017943798900000019e+01,-2.600851899199999906e+01,-2.393255136999999877e+01
1.019509509499999922e+01,-2.725819246500000048e+01,-2.920696621900000167e+01,-3.338542507199999676e+01,-2.677445534399999971e+01,-2.480042087200000012e+01
1.021510510499999924e+01,-2.724220446200000012e+01,-3.093301313099999916e+01,-3.448317084899999685e+01,-2.765300305599999930e+01,-2.498774131300000079e+01
1.023511511499999926e+01,-2.604564972400000045e+01,-3.144691943100000131e+01,-3.631838371599999959e+01,-2.647848143999999948e+01,-2.407168344600000154e+01
1.025512512499999929e+01,-2.664373585699999936e+01,-3.176905507600000078e+01,-3.371652484399999850e+01,-2.696106866699999927e+01,-2.530414014999999850e+01
1.027513513499999931e+01,-2.770185406999999955e+01,-3.292796142299999929e+01,-4.102926113699999888e+01,-2.735056971899999922e+01,-2.475461730199999977e+01
1.029514514499999933e+01,-2.649787528999999964e+01,-3.248537874400000192e+01,-3.874506898500000318e+01,-2.672903090899999867e+01,-2.618697140400000123e+01
1.031515515499999935e+01,-2.766877164699999980e+01,-3.145086078799999996e+01,-3.942715428099999997e+01,-2.734986027900000138e+01,-2.686780922999999888e+01
1.033516516499999938e+01,-2.956934299199999927e+01,-3.386476512899999847e+01,-4.021653681099999744e+01,-2.769656468399999838e+01,-2.601032236800000064e+01
1.035517517499999940e+01,-2.978564679600000176e+01,-2.898520678299999886e+01,-3.786357090100000278e+01,-2.752710757799999897e+01,-2.689223690300000058e+01
1.037518518499999942e+01,-2.937338759800000076e+01,-3.178729749100000035e+01,-4.042701769699999659e+01,-2.736855077599999930e+01,-2.661199966899999936e+01
1.039519519499999944e+01,-2.898714819799999987e+01,-3.227998832800000173e+01,-4.017192842699999744e+01,-2.854836015100000068e+01,-2.665845965200000123e+01
1.041520520499999947e+01,-2.983893765899999906e+01,-3.263342729400000053e+01,-4.416180681600000213e+01,-2.716290025300000011e+01,-2.626983456299999986e+01
1.043521521499999949e+01,-3.015146917799999926e+01,-3.262920393400000307e+01,-4.989662778699999990e+01,-2.703815091599999931e+01,-2.553510315799999830e+01
1.045522522499999951e+01,-2.846622389199999859e+01,-3.335084461800000355e+01,-4.212322236899999695e+01,-2.806302011000000007e+01,-2.474966357699999975e+01
1.047523523499999953e+01,-3.312442115700000045e+01,-3.267640065500000190e+01,-4.393078388400000023e+01,-2.727439607000000166e+01,-2.544603037999999984e+01
1.049524524499999956e+01,-3.051596306500000111e+01,-3.351945331299999964e+01,-4.435161730899999810e+01,-2.681136612399999919e+01,-2.568659912600000084e+01
1.051525525499999958e+01,-3.162776825799999969e+01,-3.535695947899999680e+01,-4.271489140500000303e+01,-2.659147015799999991e+01,-2.563842694299999891e+01
1.053526526499999960e+01,-2.895207561100000149e+01,-3.516065284999999818e+01,-4.157856622399999935e+01,-2.566721649899999846e+01,-2.580825332299999886e+01
1.055527527499999962e+01,-3.198879294299999998e+01,-3.394035079500000052e+01,-4.330736777599999954e+01,-2.563203078300000115e+01,-2.599424668800000049e+01
1.057528528499999965e+01,-2.902059330699999862e+01,-3.269092392799999658e+01,-3.707069254200000330e+01,-2.720396032300000044e+01,-2.530991311400000043e+01
1.059529529499999967e+01,-2.805939596500000022e+01,-3.378571310600000288e+01,-3.610889955100000037e+01,-2.605567520900000034e+01,-2.626846464999999853e+01
1.061530530499999969e+01,-2.941334777300000169e+01,-3.397406988299999853e+01,-3.291102097400000304e+01,-2.605704300300000043e+01,-2.703372302700000063e+01
1.063531531499999971e+01,-3.200607031199999852e+01,-3.152121094900000031e+01,-3.674729652700000315e+01,-2.630304729999999935e+01,-2.807116785499999878e+01
1.065532532499999974e+01,-3.048958456500000125e+01,-3.451527521399999898e+01,-3.631064669399999900e+01,-2.676040237699999835e+01,-2.951171662400000173e+01
1.067533533499999976e+01,-2.909875473600000007e+01,-4.099324079099999807e+01,-3.576767479800000160e+01,-2.527705907800000062e+01,-2.844670885000000027e+01
1.069534534499999978e+01,-3.044393888200000120e+01,-4.280383828600000129e+01,-3.319761181999999877e+01,-2.499842181600000046e+01,-2.932110303199999990e+01
1.071535535499999980e+01,-3.286052984199999827e+01,-4.348716873000000049e+01,-3.723007824700000157e+01,-2.577645510299999998e+01,-2.812688293400000106e+01
1.073536536499999983e+01,-3.372649309399999851e+01,-3.668873318400000016e+01,-3.578690441500000219e+01,-2.524959068900000148e+01,-2.894588077999999953e+01
1.075537537499999985e+01,-3.204962600100000003e+01,-3.952254999200000185e+01,-3.501702984899999649e+01,-2.419064312900000147e+01,-2.799924049699999884e+01
1.077538538499999987e+01,-3.437657059600000053e+01,-3.867850107799999648e+01,-3.569109861799999805e+01,-2.383502157899999929e+01,-2.816919019699999893e+01
1.079539539499999989e+01,-3.762624034600000300e+01,-3.709608049900000282e+01,-3.821391817899999666e+01,-2.405744650500000148e+01,-2.781056225300000051e+01
1.081540540499999992e+01,-3.211607763599999998e+01,-4.807025129000000163e+01,-3.696598137400000184e+01,-2.335522582700000171e+01,-2.624928932099999912e+01
1.083541541499999994e+01,-3.583676434400000232e+01,-3.758273097800000073e+01,-3.909563424699999956e+01,-2.355590994499999979e+01,-2.631506782900000019e+01
1.085542542499999996e+01,-3.191615099199999861e+01,-4.001145240299999983e+01,-4.595824274699999989e+01,-2.383849253200000007e+01,-2.839873503900000173e+01
1.087543543499999998e+01,-3.366546998999999829e+01,-4.109592404499999674e+01,-4.285311596100000031e+01,-2.345280237000000056e+01,-2.766310775799999888e+01
1.089544544500000001e+01,-3.162155003100000172e+01,-4.409040093600000176e+01,-4.635219303400000257e+01,-2.414646982100000017e+01,-2.798327849100000009e+01
1.091545545500000003e+01,-3.089265319200000093e+01,-4.376919995800000152e+01,-4.472256935800000122e+01,-2.370571679300000056e+01,-2.827234480499999947e+01
1.093546546500000005e+01,-4.057979507200000313e+01,-4.029746641300000221e+01,-4.254596366900000248e+01,-2.390863010500000030e+01,-2.901326101600000129e+01
1.095547547500000007e+01,-3.218545235900000279e+01,-3.970894458099999724e+01,-4.943957859999999727e+01,-2.388025459800000050e+01,-2.924322875500000052e+01
1.097548548500000010e+01,-3.571818622800000043e+01,-4.433099874199999846e+01,-4.802125285700000035e+01,-2.397363307499999863e+01,-3.067829581299999830e+01
1.099549549500000012e+01,-3.558100038999999981e+01,-3.315364565099999794e+01,-4.302717711700000081e+01,-2.400885513800000126e+01,-3.165528108299999843e+01
1.101550550600000022e+01,-3.660087890799999855e+01,-4.030168787200000224e+01,-4.650110174800000351e+01,-2.405483434799999998e+01,-3.517005028500000208e+01
1.103551551600000025e+01,-3.953608860599999986e+01,-4.244266046300000284e+01,-4.179996416600000231e+01,-2.376941213299999944e+01,-3.591608461100000227e+01
1.105552552600000027e+01,-3.648760869600000234e+01,-4.728841827800000175e+01,-3.770891461400000111e+01,-2.402507997400000050e+01,-3.761880514900000350e+01
1.107553553600000029e+01,-3.881228881399999864e+01,-3.564816062900000304e+01,-3.658754869799999909e+01,-2.402517481599999982e+01,-3.635551430900000014e+01
1.109554554600000031e+01,-3.587104658999999884e+01,-3.660992673599999847e+01,-3.724483795199999747e+01,-2.394125148899999900e+01,-3.759256248700000214e+01
1.111555555600000034e+01,-3.870087868099999895e+01,-4.036231312099999968e+01,-3.311825438399999655e+01,-2.350406441799999868e+01,-3.426350267800000182e+01
1.113556556600000036e+01,-3.972333177400000181e+01,-3.690476563200000015e+01,-3.715300549900000249e+01,-2.364406146299999989e+01,-3.750045535099999938e+01
1.115557557600000038e+01,-3.777491731599999980e+01,-3.577780922899999894e+01,-3.428298535199999719e+01,-2.393912725299999877e+01,-3.346931817499999795e+01
1.117558558600000040e+01,-3.892698840199999921e+01,-3.211464325200000047e+01,-3.342497202999999928e+01,-2.405484201299999825e+01,-3.209248528399999856e+01
1.119559559600000043e+01,-3.315973852999999849e+01,-3.241854786599999727e+01,-3.626225263799999965e+01,-2.329432520800000006e+01,-3.270218810200000092e+01
1.121560560600000045e+01,-3.642277691200000334e+01,-3.172147674100000003e+01,-3.312497210099999734e+01,-2.408082174500000150e+01,-3.068938477200000037e+01
1.123561561600000047e+01,-3.572390315300000196e+01,-3.623317434900000222e+01,-3.553595114299999835e+01,-2.301578682899999961e+01,-3.000282728999999904e+01
1.125562562600000049e+01,-3.665220749400000244e+01,-3.108140272700000040e+01,-3.985576070700000173e+01,-2.478172857499999893e+01,-3.113657650800000098e+01
1.127563563600000052e+01,-3.118140524300000038e+01,-3.458883044899999959e+01,-3.684313153200000102e+01,-2.365942068900000095e+01,-3.002063347500000035e+01
1.129564564600000054e+01,-3.689692253999999849e+01,-3.125810643000000155e+01,-3.688988487999999677e+01,-2.340930544400000102e+01,-2.928807415400000025e+01
1.131565565600000056e+01,-3.376565627699999794e+01,-2.996539158599999908e+01,-3.951148615000000319e+01,-2.404215001100000038e+01,-2.983351512999999855e+01
1.133566566600000058e+01,-3.086344196199999956e+01,-2.963078587800000108e+01,-4.113251668099999847e+01,-2.361836751099999887e+01,-2.927665929100000142e+01
1.135567567600000061e+01,-3.152824937800000171e+01,-3.109232571100000087e+01,-3.711284335300000237e+01,-2.193064714699999840e+01,-2.916317695900000118e+01
1.137568568600000063e+01,-3.285805521000000340e+01,-3.258762602800000252e+01,-4.041714508399999772e+01,-2.308499837200000115e+01,-3.022389791299999828e+01
1.139569569600000065e+01,-3.049983168700000036e+01,-3.207004311299999699e+01,-3.815712239500000180e+01,-2.243246368100000154e+01,-2.755896637900000101e+01
1.141570570600000067e+01,-2.954444688599999935e+01,-3.204330898900000335e+01,-3.600552649000000116e+01,-2.241006485999999853e+01,-2.933098335600000084e+01
1.143571571600000070e+01,-2.910128801800000176e+01,-2.924714809399999993e+01,-3.618137304599999737e+01,-2.232687178000000117e+01,-2.914558789399999839e+01
1.145572572600000072e+01,-2.988021252000000061e+01,-3.152156260799999998e+01,-3.330775921600000089e+01,-2.133801883599999982e+01,-2.664679285100000072e+01
1.147573573600000074e+01,-2.852813955099999887e+01,-3.848536937899999799e+01,-3.329674442499999998e+01,-2.166129131299999955e+01,-2.825966089699999984e+01
1.149574574600000076e+01,-2.859178132999999988e+01,-3.900307740000000223e+01,-3.173619607699999889e+01,-2.187622376499999888e+01,-2.842610893599999855e+01
1.151575575600000079e+01,-2.842640315299999898e+01,-3.727079268500000353e+01,-3.261559297400000190e+01,-2.135569073099999926e+01,-2.810109988299999983e+01
1.153576576600000081e+01,-2.984915417699999907e+01,-3.801144493999999696e+01,-3.366316386399999772e+01,-2.150694462499999915e+01,-2.923162434300000001e+01
1.155577577600000083e+01,-3.288261624799999794e+01,-3.513892989299999670e+01,-3.289330509799999902e+01,-2.141920543000000166e+01,-2.806887918199999987e+01
1.157578578600000085e+01,-3.016893569200000158e+01,-3.070652723999999978e+01,-3.344797356400000155e+01,-2.066854034600000034e+01,-2.690116121999999876e+01
1.159579579600000088e+01,-3.179220799200000158e+01,-3.571934967699999675e+01,-3.386948135800000159e+01,-2.179779113000000024e+01,-2.814849934200000092e+01
1.161580580599999912e+01,-2.792358008400000102e+01,-3.094158906999999914e+01,-3.119675120200000151e+01,-2.126548911200000092e+01,-2.689053625400000058e+01
1.163581581599999915e+01,-3.966352803000000193e+01,-3.416646966399999741e+01,-3.334156992700000188e+01,-2.033631829200000141e+01,-2.892625078400000049e+01
1.165582582599999917e+01,-3.246010242100000198e+01,-3.320535043699999989e+01,-3.286337584500000020e+01,-2.166025197300000116e+01,-2.722705734699999880e+01
1.167583583599999919e+01,-3.951484373800000327e+01,-3.546003217199999824e+01,-3.270617632900000160e+01,-2.119676508099999879e+01,-2.617697484800000041e+01
1.169584584599999921e+01,-3.231285062399999930e+01,-4.280838768699999974e+01,-3.306159546100000313e+01,-2.199126342599999973e+01,-2.669753941900000171e+01
1.171585585599999924e+01,-3.003790350599999925e+01,-3.329735952800000121e+01,-3.679437222899999682e+01,-2.272592262199999880e+01,-2.515777778200000014e+01
1.173586586599999926e+01,-2.816285408699999948e+01,-3.420595499400000250e+01,-3.379418343900000110e+01,-2.128840956999999889e+01,-2.653076935100000000e+01
1.175587587599999928e+01,-3.125420367299999924e+01,-3.744233893599999874e+01,-3.490268512000000101e+01,-2.219013985400000166e+01,-2.707699200900000136e+01
1.177588588599999930e+01,-3.445082763900000344e+01,-3.553546169300000201e+01,-3.320889327900000154e+01,-2.265710747400000002e+01,-2.601179989699999950e+01
1.179589589599999933e+01,-3.186079158400000111e+01,-3.449623639499999683e+01,-3.637669649400000083e+01,-2.207200958600000007e+01,-2.623976399600000065e+01
1.181590590599999935e+01,-3.961783915800000244e+01,-3.320194750099999936e+01,-4.636643191200000302e+01,-2.359667894200000049e+01,-2.729057212000000021e+01
1.183591591599999937e+01,-3.251743730100000107e+01,-3.175658036900000170e+01,-3.662381065499999977e+01,-2.270602889499999932e+01,-2.749503389799999908e+01
1.185592592599999939e+01,-3.890318080499999809e+01,-3.133312673000000004e+01,-3.692995852199999973e+01,-2.288784451200000092e+01,-2.737239703099999844e+01
1.187593593599999942e+01,-3.076277907100000064e+01,-3.212841992700000304e+01,-3.877569670500000143e+01,-2.313872664699999859e+01,-2.922743764499999841e+01
1.189594594599999944e+01,-3.334351238499999681e+01,-3.190772374699999858e+01,-3.755478139200000243e+01,-2.285557878699999890e+01,-2.925907796299999930e+01
1.191595595599999946e+01,-3.085105118599999940e+01,-3.437915346300000152e+01,-3.634696128600000264e+01,-2.278526082100000139e+01,-3.091781240499999939e+01
1.193596596599999948e+01,-3.710660934900000285e+01,-3.736537719399999702e+01,-4.042853132599999810e+01,-2.426262016800000154e+01,-2.881288586499999838e+01
1.195597597599999951e+01,-3.944666631199999784e+01,-3.331465202599999742e+01,-3.209693790200000052e+01,-2.300445388900000054e+01,-2.906885175500000074e+01
1.197598598599999953e+01,-2.869257116800000063e+01,-3.399138860899999770e+01,-3.838366786400000308e+01,-2.304820375899999974e+01,-2.922163311499999949e+01
1.199599599599999955e+01,-3.298817016999999652e+01,-3.097415755200000120e+01,-3.464585414799999796e+01,-2.381362478999999865e+01,-3.043057098799999949e+01
1.201600600599999957e+01,-2.800066538500000135e+01,-3.712738321900000216e+01,-3.187574911500000141e+01,-2.214728035999999989e+01,-2.966256256000000135e+01
1.203601601599999960e+01,-3.112928609700000138e+01,-3.256442534499999653e+01,-3.397713174599999775e+01,-2.267753283200000070e+01,-2.965106673300000040e+01
1.205602602599999962e+01,-3.713313158599999753e+01,-3.329016219199999682e+01,-3.153725627300000056e+01,-2.299854533199999906e+01,-2.952239080700000073e+01
1.207603603599999964e+01,-3.378436679699999701e+01,-3.654506492200000167e+01,-3.240503891099999834e+01,-2.224460174900000098e+01,-2.837881803699999850e+01
1.209604604599999966e+01,-3.710293801600000307e+01,-3.297632553300000069e+01,-3.182774449500000102e+01,-2.286406065299999923e+01,-3.091007853900000057e+01
1.211605605599999969e+01,-3.974067018299999887e+01,-5.213412321999999932e+01,-2.830066835299999894e+01,-2.333800096099999877e+01,-2.976040702999999965e+01
1.213606606599999971e+01,-3.156710648199999980e+01,-4.213548918499999729e+01,-3.061184878399999931e+01,-2.365712107999999958e+01,-2.947022945699999852e+01
1.215607607599999973e+01,-3.359599830100000162e+01,-4.187449283600000172e+01,-3.094034887100000120e+01,-2.228706412900000089e+01,-2.832956459900000112e+01
1.217608608599999975e+01,-3.751532721099999890e+01,-4.034497775399999853e+01,-3.023267868599999986e+01,-2.278887601199999935e+01,-2.988800913600000086e+01
1.219609609599999978e+01,-3.376603886400000221e+01,-3.618841387199999815e+01,-3.241102635600000070e+01,-2.310453724899999983e+01,-2.828290134199999883e+01
1.221610610599999980e+01,-3.463203801600000276e+01,-4.390226289000000293e+01,-2.875113605900000024e+01,-2.395728813599999896e+01,-2.812474687899999992e+01
1.223611611599999982e+01,-4.033330267600000241e+01,-3.692871987000000189e+01,-2.877007219600000099e+01,-2.312060602700000089e+01,-3.136356254900000096e+01
1.225612612599999984e+01,-3.123890875000000023e+01,-4.223116214099999866e+01,-2.681065974899999915e+01,-2.348311476499999984e+01,-3.217845111799999813e+01
1.227613613599999987e+01,-3.290375917899999791e+01,-4.268430009899999789e+01,-2.849578897199999972e+01,-2.501925496499999824e+01,-3.066506639500000020e+01
1.229614614599999989e+01,-3.572676370300000315e+01,-4.831684058199999754e+01,-2.896932388800000169e+01,-2.382696406999999894e+01,-3.086945352700000100e+01
1.231615615599999991e+01,-4.437976451899999830e+01,-3.700691280000000205e+01,-2.847502021400000061e+01,-2.384183969300000072e+01,-3.146052793999999864e+01
1.233616616599999993e+01,-3.566061194699999959e+01,-3.925681784300000032e+01,-2.743488056600000036e+01,-2.496389328200000080e+01,-3.171285035400000041e+01
1.235617617599999996e+01,-3.392381145000000231e+01,-3.897078931299999738e+01,-3.059232958500000166e+01,-2.324250864300000075e+01,-3.342274235000000004e+01
1.237618618599999998e+01,-3.235690236300000322e+01,-3.839682651599999730e+01,-2.729264768000000174e+01,-2.433744368600000030e+01,-2.934068620700000096e+01
1.239619619600000000e+01,-3.246297598599999645e+01,-4.099988924899999887e+01,-2.828761718799999869e+01,-2.409869425000000120e+01,-2.692176697800000085e+01
1.241620620600000002e+01,-3.129807840499999827e+01,-3.182020749899999856e+01,-2.838081274800000031e+01,-2.407726366200000001e+01,-2.969042431200000109e+01
1.243621621600000005e+01,-3.367144719800000274e+01,-3.789562532699999764e+01,-2.885405448899999925e+01,-2.318533586699999915e+01,-2.765184232800000075e+01
1.245622622600000007e+01,-2.850942184299999838e+01,-3.983238549099999659e+01,-2.927284233399999991e+01,-2.444045987299999823e+01,-2.798279108699999895e+01
1.247623623600000009e+01,-2.798689183600000163e+01,-3.809909665800000056e+01,-3.253180958699999792e+01,-2.531834790699999971e+01,-2.736415809500000051e+01
1.249624624600000011e+01,-2.934165343400000125e+01,-3.644386165800000299e+01,-3.009269188600000078e+01,-2.441205332399999861e+01,-2.729046086600000010e+01
1.251625625600000014e+01,-2.720269633299999867e+01,-5.384968316500000185e+01,-3.260721916199999981e+01,-2.319209497800000008e+01,-2.867023117300000123e+01
1.253626626600000016e+01,-2.507768997000000155e+01,-3.574404982099999728e+01,-3.437223022500000269e+01,-2.456961098800000087e+01,-2.666645365500000153e+01
1.255627627600000018e+01,-3.014081372300000083e+01,-3.394185843599999686e+01,-2.953015456500000013e+01,-2.502901235699999916e+01,-2.643109643600000069e+01
1.257628628600000020e+01,-3.080829031700000087e+01,-4.416563535200000246e+01,-3.400043002299999984e+01,-2.577227592599999895e+01,-2.667809877199999846e+01
1.259629629600000023e+01,-2.614443051099999948e+01,-3.184674689899999933e+01,-2.960483504700000168e+01,-2.521406713600000060e+01,-2.849409519900000021e+01
1.261630630600000025e+01,-2.778842419400000097e+01,-4.267866433199999676e+01,-3.212777075999999710e+01,-2.469429928199999935e+01,-2.950970990000000072e+01
1.263631631600000027e+01,-2.544982501599999836e+01,-3.697162803700000211e+01,-3.292666957400000172e+01,-2.548422120600000085e+01,-2.879487610199999992e+01
1.265632632600000029e+01,-2.556977237199999919e+01,-3.995637131600000203e+01,-3.228421955400000343e+01,-2.545937004700000017e+01,-3.258173763300000303e+01
1.267633633600000032e+01,-2.397750911099999982e+01,-3.982857562699999932e+01,-3.267840874800000250e+01,-2.315334108300000082e+01,-3.301916981299999776e+01
1.269634634600000034e+01,-2.768303431000000003e+01,-3.739794078500000296e+01,-4.348962664199999750e+01,-2.466364497600000050e+01,-3.282977327799999756e+01
1.271635635600000036e+01,-2.914969053200000104e+01,-4.001976639299999761e+01,-6.148476851099999863e+01,-2.459482162799999827e+01,-3.374964496700000183e+01
1.273636636600000038e+01,-2.663062369800000084e+01,-3.779580299900000284e+01,-4.559352868300000239e+01,-2.371625666299999935e+01,-3.280458034699999814e+01
1.275637637600000041e+01,-2.783529312199999950e+01,-3.571192780100000164e+01,-4.183786968399999751e+01,-2.515595339600000102e+01,-3.427868948300000085e+01
1.277638638600000043e+01,-3.910026678999999916e+01,-3.872003563999999898e+01,-3.381324951599999906e+01,-2.446093835499999969e+01,-3.376558987399999978e+01
1.279639639600000045e+01,-3.021678789699999967e+01,-3.675630515299999956e+01,-3.786998775800000061e+01,-2.508819170900000017e+01,-3.628954770400000029e+01
1.281640640600000047e+01,-2.966020067199999843e+01,-3.046346016800000100e+01,-3.730381847200000323e+01,-2.626018513900000073e+01,-4.779987518800000146e+01
1.283641641600000050e+01,-3.525473415999999816e+01,-3.235732501999999755e+01,-3.285325220200000018e+01,-2.652961340299999904e+01,-3.659624117100000262e+01
1.285642642600000052e+01,-3.120794570800000045e+01,-3.662038342000000313e+01,-3.255863733500000023e+01,-2.736163001099999903e+01,-4.907226034199999987e+01
1.287643643600000054e+01,-3.121446236199999902e+01,-2.923078514299999853e+01,-3.416339872799999711e+01,-2.639568180799999908e+01,-4.847963539199999872e+01
1.289644644600000056e+01,-3.154113160300000018e+01,-3.296767695999999859e+01,-3.448942592000000218e+01,-2.686076494900000000e+01,-4.947624232599999772e+01
1.291645645600000059e+01,-3.342311026499999826e+01,-5.330365384099999915e+01,-3.813837497099999752e+01,-2.683362334299999929e+01,-4.247937993600000084e+01
1.293646646600000061e+01,-4.081618276599999717e+01,-3.295714367699999769e+01,-3.416627768000000032e+01,-2.733348084900000075e+01,-4.124303655199999952e+01
1.295647647600000063e+01,-2.673278549100000134e+01,-3.690700919500000055e+01,-3.661005324100000280e+01,-2.736045269499999932e+01,-4.672482569499999983e+01
1.297648648600000065e+01,-2.982032906199999900e+01,-3.015078969400000020e+01,-3.409452771800000193e+01,-2.897417708600000097e+01,-4.889629639999999711e+01
1.299649649600000068e+01,-3.187463797999999926e+01,-3.088778385299999840e+01,-4.095614400800000254e+01,-2.952327996100000007e+01,-4.621113188399999672e+01
1.301650650700000078e+01,-3.487517365499999755e+01,-3.057479540199999946e+01,-3.311721025100000304e+01,-3.143787654300000156e+01,-3.460507800999999972e+01
1.303651651700000080e+01,-3.162116980500000096e+01,-4.008589353699999691e+01,-3.089626790000000156e+01,-3.037534315099999915e+01,-3.679057724100000115e+01
1.305652652700000083e+01,-4.538686917399999743e+01,-3.252027614800000066e+01,-3.286952215699999869e+01,-3.456835642099999717e+01,-3.481623094300000076e+01
1.307653653700000085e+01,-4.351431129600000247e+01,-3.155295410900000164e+01,-3.373870279700000196e+01,-3.408238361200000099e+01,-3.773535726899999787e+01
1.309654654700000087e+01,-3.878684610199999838e+01,-3.724503207899999779e+01,-3.156331777300000141e+01,-3.078279459199999835e+01,-3.758769237399999952e+01
1.311655655699999912e+01,-3.437744798100000310e+01,-4.218207510300000251e+01,-3.135743686500000038e+01,-3.393658848599999800e+01,-4.467747324700000178e+01
1.313656656699999914e+01,-4.562505512599999946e+01,-3.250201919799999928e+01,-3.265933173100000175e+01,-3.484933210500000200e+01,-4.045765349500000241e+01
1.315657657699999916e+01,-3.516188593599999734e+01,-3.762303377599999976e+01,-3.611087580899999949e+01,-3.617233230699999780e+01,-3.355704333900000336e+01
1.317658658699999918e+01,-3.613021072299999759e+01,-4.368414980699999717e+01,-3.209731100999999853e+01,-3.306336921199999779e+01,-3.372531584800000104e+01
1.319659659699999921e+01,-4.282824824099999717e+01,-3.389128631799999880e+01,-3.298450190900000223e+01,-3.567035823700000208e+01,-3.073706072399999911e+01
1.321660660699999923e+01,-3.577003730700000261e+01,-5.987401041599999729e+01,-3.770824972999999858e+01,-3.453396847199999797e+01,-3.734485406200000313e+01
1.323661661699999925e+01,-4.025497482600000154e+01,-4.458423706100000317e+01,-3.461523299400000298e+01,-3.336569476700000081e+01,-3.281998956700000036e+01
1.325662662699999927e+01,-4.629786252299999916e+01,-4.304859528699999771e+01,-3.322340507500000228e+01,-3.800177715200000250e+01,-4.376609882300000010e+01
1.327663663699999930e+01,-3.930906211899999647e+01,-3.499041615899999869e+01,-3.247146247700000288e+01,-3.871725633100000152e+01,-3.582510927900000297e+01
1.329664664699999932e+01,-3.856512467799999655e+01,-3.155637831199999965e+01,-3.028356750300000044e+01,-3.856615729499999645e+01,-3.987014637899999769e+01
1.331665665699999934e+01,-3.741102373900000089e+01,-7.656444925899999987e+01,-3.467797532400000193e+01,-4.757246265100000215e+01,-3.635896814299999846e+01
1.333666666699999936e+01,-4.163943489500000084e+01,-4.170827088299999730e+01,-3.238069805500000342e+01,-4.585490653600000144e+01,-4.374229921999999959e+01
1.335667667699999939e+01,-5.261450917500000202e+01,-3.441406873700000091e+01,-3.249286888500000003e+01,-4.658103471199999746e+01,-3.965712759400000209e+01
1.337668668699999941e+01,-4.078219976100000110e+01,-4.731892246599999652e+01,-2.964728846399999895e+01,-3.441667837499999649e+01,-3.697535848900000133e+01
1.339669669699999943e+01,-4.588892226699999810e+01,-4.232546691000000294e+01,-3.021381972700000063e+01,-4.261500867000000170e+01,-4.071488005900000218e+01
1.341670670699999945e+01,-3.212608646200000351e+01,-3.805422375399999879e+01,-3.482162885099999983e+01,-3.856362711500000273e+01,-3.781366987399999857e+01
1.343671671699999948e+01,-4.025246732699999797e+01,-3.589781986399999880e+01,-2.989938827599999982e+01,-4.819682560799999749e+01,-4.576956856299999998e+01
1.345672672699999950e+01,-4.669007299300000113e+01,-3.361576215400000223e+01,-3.113174867700000092e+01,-3.928428935800000232e+01,-4.276215756599999906e+01
1.347673673699999952e+01,-4.077892007999999890e+01,-3.871912579899999685e+01,-3.158542817200000030e+01,-3.946062874700000123e+01,-3.951316835499999769e+01
1.349674674699999954e+01,-3.897097435199999893e+01,-3.602168648100000325e+01,-3.169884606999999832e+01,-3.586846346800000163e+01,-3.896268064600000258e+01
1.351675675699999957e+01,-3.598227433899999994e+01,-3.496784577999999755e+01,-2.900143027100000026e+01,-3.705166923499999854e+01,-4.474800342300000011e+01
1.353676676699999959e+01,-4.109905847999999651e+01,-3.372626205600000304e+01,-2.771242821199999895e+01,-4.552268802799999747e+01,-3.569904832499999969e+01
1.355677677699999961e+01,-3.669731069000000190e+01,-3.209019490099999672e+01,-2.874829709799999833e+01,-3.779379255999999998e+01,-4.042887901800000350e+01
1.357678678699999963e+01,-3.866757446799999798e+01,-4.592489111300000104e+01,-3.147355533100000002e+01,-3.952857910200000191e+01,-5.064202241899999990e+01
1.359679679699999966e+01,-4.153651296200000331e+01,-3.218077435400000041e+01,-2.885484317399999910e+01,-4.848280860999999931e+01,-4.259223160999999891e+01
1.361680680699999968e+01,-4.979848945199999832e+01,-3.670332963599999943e+01,-2.770820074399999910e+01,-5.131888608599999912e+01,-3.968443956099999781e+01
1.363681681699999970e+01,-3.750792055499999833e+01,-4.460926280799999688e+01,-2.760020708000000056e+01,-4.108945258100000331e+01,-4.432284850399999954e+01
1.365682682699999972e+01,-3.995925939600000021e+01,-4.705776846599999885e+01,-2.837744929799999838e+01,-3.855613061599999725e+01,-4.016642727499999665e+01
1.367683683699999975e+01,-3.725703820100000030e+01,-3.972644235799999990e+01,-2.666977031300000078e+01,-3.781057916500000005e+01,-3.414764242100000047e+01
1.369684684699999977e+01,-4.596602258099999716e+01,-3.798837552900000247e+01,-2.683835051300000174e+01,-3.617711520600000341e+01,-4.789759219799999812e+01
1.371685685699999979e+01,-2.882082459300000110e+01,-3.826269307300000122e+01,-2.872416352799999828e+01,-4.501119862600000232e+01,-3.937653994400000101e+01
1.373686686699999981e+01,-4.651679785799999678e+01,-3.919652157299999828e+01,-2.697300790699999951e+01,-3.170498743499999961e+01,-3.235536336900000265e+01
1.375687687699999984e+01,-3.499646423499999770e+01,-4.200233389099999926e+01,-2.880908704999999870e+01,-3.574408417699999774e+01,-3.421990305799999987e+01
1.377688688699999986e+01,-3.815391013400000020e+01,-4.229623728800000038e+01,-2.788808397700000086e+01,-3.659871451600000114e+01,-3.526587943399999858e+01
1.379689689699999988e+01,-4.945339234299999731e+01,-3.130635416999999876e+01,-2.594046004999999866e+01,-4.329955824400000353e+01,-3.015835192100000128e+01
1.381690690699999990e+01,-3.447308953900000006e+01,-3.252929677099999850e+01,-2.755351717199999939e+01,-4.078017612600000064e+01,-2.953972484399999843e+01
1.383691691699999993e+01,-3.417341818900000305e+01,-3.351346164200000288e+01,-2.828570888799999850e+01,-4.001898006500000093e+01,-3.515540952700000332e+01
1.385692692699999995e+01,-3.949777057499999700e+01,-3.890159389200000106e+01,-2.692613205900000040e+01,-4.479486383900000135e+01,-3.052066965799999920e+01
1.387693693699999997e+01,-4.421232364299999773e+01,-4.572921504699999673e+01,-2.644404238999999990e+01,-4.111649434299999939e+01,-3.051334059199999871e+01
1.389694694699999999e+01,-3.634729581300000234e+01,-3.852393943900000295e+01,-2.391334657100000172e+01,-4.474819687200000118e+01,-3.316168666899999806e+01
1.391695695700000002e+01,-3.735747411500000226e+01,-3.525308107499999721e+01,-2.526336830500000019e+01,-4.401790351999999729e+01,-3.224171155599999850e+01
1.393696696700000004e+01,-3.291625906600000206e+01,-4.112145384699999795e+01,-2.415082344600000042e+01,-4.389808544400000301e+01,-3.070055328999999844e+01
1.395697697700000006e+01,-3.381274785200000110e+01,-3.453645597399999900e+01,-2.689570999500000070e+01,-4.445821940399999761e+01,-2.598091304400000112e+01
1.397698698700000008e+01,-2.079828135500000030e+01,-4.046026900900000101e+01,-2.476121897699999863e+01,-4.034470674500000342e+01,-3.592764312500000301e+01
1.399699699700000011e+01,-3.543947986300000252e+01,-3.774706796600000303e+01,-2.479633993699999905e+01,-3.730878307199999711e+01,-3.244759999600000100e+01
1.401700700700000013e+01,-3.740170047200000170e+01,-3.764539795900000030e+01,-2.454508952999999849e+01,-3.697452995700000145e+01,-3.057683506800000117e+01
1.403701701700000015e+01,-3.126462937399999831e+01,-3.420514433000000309e+01,-2.502007839199999850e+01,-3.830455087200000008e+01,-3.255490654700000164e+01
1.405702702700000017e+01,-3.358258928299999724e+01,-3.391574777699999999e+01,-2.522806700499999977e+01,-4.196068714799999810e+01,-2.867705772200000069e+01
1.407703703700000020e+01,-2.916418883000000051e+01,-4.061097077099999808e+01,-2.489468706399999931e+01,-4.242304686899999666e+01,-3.213014963199999841e+01
1.409704704700000022e+01,-3.165742076300000107e+01,-3.689454487100000080e+01,-2.592029957999999823e+01,-3.867546748200000195e+01,-2.650196055700000031e+01
1.411705705700000024e+01,-3.705895594399999737e+01,-3.446082327100000242e+01,-2.338073406599999871e+01,-3.394347508300000271e+01,-3.006469141199999839e+01
1.413706706700000026e+01,-3.247240918600000015e+01,-3.470282453499999775e+01,-2.540475974399999970e+01,-3.686045353800000157e+01,-3.073832976499999958e+01
1.415707707700000029e+01,-3.083192073900000096e+01,-3.076563027599999955e+01,-2.460458996699999901e+01,-4.137963212100000021e+01,-3.137113029900000072e+01
1.417708708700000031e+01,-3.808874376600000033e+01,-3.338156639000000325e+01,-2.634190227999999934e+01,-3.161367223999999965e+01,-2.990900003400000173e+01
1.419709709700000033e+01,-3.264767816599999861e+01,-3.361558469399999893e+01,-2.519349841000000012e+01,-3.906315901100000332e+01,-2.871423199899999901e+01
1.421710710700000035e+01,-3.856547918199999714e+01,-3.591927214999999762e+01,-2.756845869600000043e+01,-3.815497555099999971e+01,-2.721693968699999999e+01
1.423711711700000038e+01,-4.668539066200000320e+01,-3.487675338300000050e+01,-2.382922621199999824e+01,-4.879661328800000319e+01,-2.970098747500000158e+01
1.425712712700000040e+01,-3.298494500900000048e+01,-2.788192486699999861e+01,-2.779371497500000032e+01,-3.801565529999999882e+01,-2.980201853799999867e+01
1.427713713700000042e+01,-5.406323500599999932e+01,-2.583581742499999834e+01,-2.648346926400000001e+01,-4.516125263600000039e+01,-3.208804511000000304e+01
1.429714714700000044e+01,-4.806465735500000136e+01,-2.617960403100000022e+01,-2.793257113800000013e+01,-3.467414487700000336e+01,-3.284040052699999990e+01
1.431715715700000047e+01,-3.401146365500000002e+01,-4.037967077500000102e+01,-2.677737734600000152e+01,-5.558411336000000347e+01,-3.256746937399999808e+01
1.433716716700000049e+01,-3.382187940699999729e+01,-3.336588868799999830e+01,-2.823133182400000152e+01,-3.824703498699999926e+01,-2.802020453400000122e+01
1.435717717700000051e+01,-3.550025807499999786e+01,-2.889004891900000160e+01,-2.772376152000000005e+01,-4.755571042999999776e+01,-3.222374877699999729e+01
1.437718718700000053e+01,-3.568118487299999941e+01,-3.250757181699999876e+01,-2.858700890000000072e+01,-3.904014718399999850e+01,-3.477333672299999989e+01
1.439719719700000056e+01,-3.917913396099999801e+01,-3.192455232400000043e+01,-2.750691757099999890e+01,-3.910300973399999691e+01,-3.581434354000000297e+01
1.441720720700000058e+01,-3.845042221899999646e+01,-2.907095122000000131e+01,-2.549527909800000103e+01,-3.715435710199999875e+01,-3.148668603699999835e+01
1.443721721700000060e+01,-3.575246114200000136e+01,-3.100556905999999913e+01,-2.759398837199999832e+01,-4.671188083100000199e+01,-3.637288447000000247e+01
1.445722722700000062e+01,-4.302945559399999809e+01,-4.807824546700000212e+01,-2.501530183099999860e+01,-3.998501555299999666e+01,-3.630087939700000277e+01
1.447723723700000065e+01,-3.399552847199999661e+01,-4.609533220299999812e+01,-2.892680938999999896e+01,-4.181832985999999863e+01,-3.083558286499999923e+01
1.449724724700000067e+01,-3.799549776500000320e+01,-3.846100844600000102e+01,-2.624353216200000105e+01,-5.814549000200000251e+01,-4.258724110800000062e+01
1.451725725700000069e+01,-4.737713897199999735e+01,-3.243790455300000275e+01,-2.700173028700000089e+01,-4.230452657800000082e+01,-3.998872955099999871e+01
1.453726726700000071e+01,-2.784918319000000153e+01,-3.769948600099999680e+01,-3.106606557299999949e+01,-3.708041810800000349e+01,-4.363681354900000287e+01
1.455727727700000074e+01,-4.050147108699999876e+01,-3.656545493200000152e+01,-2.810797086999999905e+01,-3.684096980399999666e+01,-3.249694746800000189e+01
1.457728728700000076e+01,-3.325607989200000247e+01,-5.466933257200000185e+01,-3.006381735400000110e+01,-3.858899031400000013e+01,-2.607007017999999832e+01
1.459729729700000078e+01,-4.095730599000000183e+01,-2.965794240099999968e+01,-3.261178573699999816e+01,-3.234531100899999956e+01,-3.585056757200000277e+01
1.461730730700000080e+01,-3.361301195499999750e+01,-3.122528378999999887e+01,-3.025441214499999987e+01,-3.939850158099999788e+01,-2.899639120200000164e+01
1.463731731700000083e+01,-4.496313350100000150e+01,-3.109471969999999885e+01,-3.537695982299999997e+01,-4.079484458600000352e+01,-3.721712788199999977e+01
1.465732732700000085e+01,-3.182062725300000139e+01,-6.210366085399999747e+01,-2.940939956600000116e+01,-3.866820502200000220e+01,-2.749309726399999931e+01
1.467733733700000087e+01,-3.548672881299999915e+01,-4.690136986400000296e+01,-2.920163395300000175e+01,-3.253738724800000170e+01,-3.168886874700000078e+01
1.469734734699999912e+01,-2.708394756199999875e+01,-4.279617657800000075e+01,-3.019424206600000105e+01,-3.428502647199999842e+01,-3.178969474399999839e+01
1.471735735699999914e+01,-3.437023974200000254e+01,-3.767390377499999943e+01,-3.099444912199999891e+01,-3.967745459300000022e+01,-2.875837797999999879e+01
1.473736736699999916e+01,-4.299782236899999788e+01,-4.219305909500000240e+01,-2.999246871000000070e+01,-3.986500184700000204e+01,-2.684425136999999850e+01
1.475737737699999919e+01,-3.689115484100000231e+01,-3.780902773599999733e+01,-2.630380102799999875e+01,-4.107016152399999953e+01,-3.296236823200000288e+01
1.477738738699999921e+01,-3.438068794099999792e+01,-3.337904558999999693e+01,-3.371032727899999770e+01,-3.819389820699999660e+01,-3.371371018699999667e+01
1.479739739699999923e+01,-3.378035641799999667e+01,-3.082731709300000134e+01,-2.912267151500000040e+01,-3.723019134799999819e+01,-3.106182457499999927e+01
1.481740740699999925e+01,-3.800419347300000084e+01,-5.143943367100000330e+01,-2.509090549300000106e+01,-3.797512429100000020e+01,-3.853087584899999740e+01
1.483741741699999928e+01,-4.045806858099999914e+01,-4.013424240700000212e+01,-2.632436170100000083e+01,-3.682326908000000287e+01,-2.910469721999999848e+01
1.485742742699999930e+01,-3.157213856699999965e+01,-3.273968217800000247e+01,-3.003242751699999857e+01,-3.821080124400000244e+01,-3.497155988699999796e+01
1.487743743699999932e+01,-4.242843931000000168e+01,-3.695100187300000272e+01,-2.511139987900000037e+01,-3.470216450899999927e+01,-3.038184594200000177e+01
1.489744744699999934e+01,-3.024155304099999952e+01,-3.246824904099999998e+01,-2.646787389099999999e+01,-4.042331782499999804e+01,-2.836827964600000129e+01
1.491745745699999937e+01,-3.597782693700000323e+01,-3.667576653500000106e+01,-2.545843258900000095e+01,-4.765775540100000285e+01,-2.615736239099999949e+01
1.493746746699999939e+01,-3.327877355700000095e+01,-3.998509988299999662e+01,-2.795660212700000002e+01,-3.352763035699999961e+01,-2.402026472700000070e+01
1.495747747699999941e+01,-3.200371179300000080e+01,-3.752910871699999973e+01,-2.580789296100000030e+01,-5.464580086200000153e+01,-2.507323849699999840e+01
1.497748748699999943e+01,-2.690804555900000139e+01,-3.170143630999999829e+01,-2.591400654499999945e+01,-3.640461133499999846e+01,-3.042387672699999968e+01
1.499749749699999946e+01,-3.492690646100000151e+01,-3.103910630400000059e+01,-2.696459039999999874e+01,-3.440818804300000266e+01,-2.746615584999999982e+01
1.501750750799999956e+01,-3.194711281800000080e+01,-3.201592019299999947e+01,-2.457622177600000057e+01,-3.211732172100000327e+01,-2.764082956100000033e+01
1.503751751799999958e+01,-3.047778079000000062e+01,-4.033143294700000325e+01,-2.705411525499999925e+01,-3.422188416200000205e+01,-3.411441011000000145e+01
1.505752752799999961e+01,-3.999572413199999943e+01,-4.094451697699999926e+01,-2.495017055399999961e+01,-3.351888651200000169e+01,-2.706372087200000109e+01
1.507753753799999963e+01,-3.052309932200000020e+01,-4.336698776299999736e+01,-2.519974478500000004e+01,-4.280587801600000120e+01,-2.421498878699999935e+01
1.509754754799999965e+01,-3.497635504299999809e+01,-4.166732160499999793e+01,-2.729451548500000158e+01,-3.115491759400000049e+01,-2.561180456299999975e+01
1.511755755799999967e+01,-4.189148311799999647e+01,-4.632705623900000091e+01,-2.653858187499999843e+01,-3.424584742700000106e+01,-3.116256014600000057e+01
1.513756756799999970e+01,-3.851303299599999974e+01,-3.492663744600000086e+01,-2.527863101000000157e+01,-2.935518618100000054e+01,-2.758327708599999895e+01
1.515757757799999972e+01,-4.898100087800000324e+01,-3.580789152300000211e+01,-2.496790265299999945e+01,-3.431923365299999773e+01,-2.916865453100000138e+01
1.517758758799999974e+01,-3.680660052199999654e+01,-2.339217942899999869e+01,-2.420476101399999891e+01,-3.747984959699999763e+01,-2.951850329199999834e+01
1.519759759799999976e+01,-3.290471710799999983e+01,-3.665329666200000247e+01,-2.436618379000000090e+01,-3.439336964900000027e+01,-2.880400506499999835e+01
1.521760760799999979e+01,-3.317605096900000206e+01,-3.266679881799999663e+01,-2.343750943899999939e+01,-3.471659391200000044e+01,-3.084905174300000041e+01
1.523761761799999981e+01,-3.931101761800000105e+01,-4.472306420700000018e+01,-2.534845903800000144e+01,-4.054837493899999856e+01,-2.591045908699999956e+01
1.525762762799999983e+01,-3.789781365599999674e+01,-2.974243019300000057e+01,-2.428703024100000007e+01,-4.322460180200000224e+01,-3.314321888900000346e+01
1.527763763799999985e+01,-4.791315621999999763e+01,-3.150208851200000026e+01,-2.223523276999999965e+01,-3.908772414300000264e+01,-3.070514996400000030e+01
1.529764764799999988e+01,-4.640521357099999733e+01,-3.676709745699999843e+01,-2.622906105499999896e+01,-4.017666302699999648e+01,-3.304398024999999706e+01
1.531765765799999990e+01,-4.222431506099999865e+01,-4.982768334499999696e+01,-2.595718750500000027e+01,-3.654268334999999723e+01,-2.726417284300000077e+01
1.533766766799999992e+01,-3.812264411099999961e+01,-3.277338556499999811e+01,-2.559396620100000064e+01,-3.757834722100000135e+01,-3.285810303899999951e+01
1.535767767799999994e+01,-5.215482624199999862e+01,-2.351432910500000162e+01,-2.487068440299999850e+01,-4.361957703699999911e+01,-3.785210445399999912e+01
1.537768768799999997e+01,-3.833787200100000092e+01,-3.222937902400000354e+01,-2.469277341000000092e+01,-4.833404767999999763e+01,-3.087593160300000150e+01
1.539769769799999999e+01,-3.517866341599999913e+01,-3.679231693100000200e+01,-2.839808682399999995e+01,-3.829959329900000142e+01,-3.059630043599999993e+01
1.541770770800000001e+01,-3.312358713300000090e+01,-3.617718495300000114e+01,-2.873863207200000147e+01,-4.783203540200000248e+01,-2.649207963899999996e+01
1.543771771800000003e+01,-2.835071947100000145e+01,-2.860535336699999931e+01,-2.997541539699999902e+01,-4.197669579600000134e+01,-2.841930126700000159e+01
1.545772772800000006e+01,-2.797218074299999913e+01,-4.584395308100000221e+01,-3.139102466199999952e+01,-4.045007549700000027e+01,-2.877898877699999858e+01
1.547773773800000008e+01,-4.664932579300000270e+01,-4.644864978399999700e+01,-2.853144110399999889e+01,-3.983885867499999733e+01,-2.445686845000000176e+01
1.549774774800000010e+01,-4.244306081199999880e+01,-3.846107040599999749e+01,-3.234510426100000302e+01,-5.199159527700000183e+01,-2.663889415599999921e+01
1.551775775800000012e+01,-2.661966816099999988e+01,-5.841854451300000051e+01,-2.989508181300000089e+01,-3.686113026799999659e+01,-2.708945350799999829e+01
1.553776776800000015e+01,-3.068514982900000021e+01,-3.852810951699999720e+01,-3.330068455800000038e+01,-3.807973533300000213e+01,-2.387782738399999971e+01
1.555777777800000017e+01,-2.898766713399999873e+01,-3.982509860700000104e+01,-3.832626588800000178e+01,-4.562653558600000281e+01,-2.407143101200000146e+01
1.557778778800000019e+01,-4.201500748800000196e+01,-3.067391724899999872e+01,-5.302247218800000184e+01,-4.551737372499999879e+01,-2.343101153199999942e+01
1.559779779800000021e+01,-3.314055600700000070e+01,-3.959061416899999841e+01,-3.776303721699999727e+01,-3.628894408800000093e+01,-3.071512170500000138e+01
1.561780780800000024e+01,-3.518584957699999904e+01,-3.461791465600000350e+01,-3.181657842799999969e+01,-4.220776163499999711e+01,-2.794788677300000046e+01
1.563781781800000026e+01,-2.908561801600000152e+01,-4.243827931100000228e+01,-3.388089029900000071e+01,-4.152537262999999967e+01,-1.787244213700000017e+01
1.565782782800000028e+01,-2.825799430400000034e+01,-3.591242931899999746e+01,-3.000023971999999972e+01,-3.610286337400000178e+01,-2.239416140499999841e+01
1.567783783800000030e+01,-2.809942511899999928e+01,-3.543795740699999897e+01,-4.253341382299999651e+01,-3.569025196399999800e+01,-2.588451930100000098e+01
1.569784784800000033e+01,-3.938353082500000113e+01,-3.238151267199999950e+01,-2.934920817800000137e+01,-3.476743192200000010e+01,-1.589470894199999940e+01
1.571785785800000035e+01,-3.451849009000000024e+01,-3.306163869400000266e+01,-2.877819654400000005e+01,-3.899337891300000081e+01,-2.180354751100000144e+01
1.573786786800000037e+01,-2.868181212500000044e+01,-3.622807689199999714e+01,-3.346920466099999913e+01,-3.508072338699999904e+01,-2.412882361000000131e+01
1.575787787800000039e+01,-3.292988088300000271e+01,-3.902721299400000277e+01,-2.859921423500000159e+01,-3.980466269499999754e+01,-2.493104148200000125e+01
1.577788788800000042e+01,-3.351102276600000351e+01,-4.140919955500000071e+01,-2.777839340499999921e+01,-3.651084347100000116e+01,-2.284214557299999981e+01
1.579789789800000044e+01,-2.402253381499999918e+01,-3.262135721700000346e+01,-3.034426076900000169e+01,-4.260502244999999988e+01,-1.903389025999999973e+01
1.581790790800000046e+01,-3.577024172000000135e+01,-3.726579586100000085e+01,-3.226071440999999851e+01,-2.712234029100000043e+01,-2.050597039299999835e+01
1.583791791800000048e+01,-3.470633570100000043e+01,-3.433477008599999891e+01,-2.889757000099999829e+01,-3.404272142599999995e+01,-2.178169345099999887e+01
1.585792792800000051e+01,-3.175987022600000032e+01,-3.511969086700000275e+01,-2.736281406999999888e+01,-3.436813632500000182e+01,-2.174433691999999851e+01
1.587793793800000053e+01,-2.666720142799999849e+01,-2.863285626500000092e+01,-2.914597429899999881e+01,-2.981708012500000038e+01,-2.358663494900000046e+01
1.589794794800000055e+01,-2.894851540399999834e+01,-3.543912641000000008e+01,-2.656412132999999898e+01,-4.208357131199999657e+01,-2.310135311699999860e+01
1.591795795800000057e+01,-3.088563285500000077e+01,-3.293564365400000327e+01,-2.521135604899999905e+01,-2.765420112600000024e+01,-1.977887835699999997e+01
1.593796796800000060e+01,-3.410822889199999963e+01,-3.457299049200000240e+01,-2.589271367299999937e+01,-3.283852951800000142e+01,-2.021427735800000036e+01
1.595797797800000062e+01,-2.996724948099999963e+01,-4.407030558799999653e+01,-2.424756759299999942e+01,-3.198556371100000106e+01,-2.329907631400000056e+01
1.597798798800000064e+01,-2.758349834099999853e+01,-3.327364522399999913e+01,-2.422099130100000153e+01,-2.709966936000000004e+01,-2.739717821900000061e+01
1.599799799800000066e+01,-2.473315442999999902e+01,-3.035835268299999967e+01,-2.013828494599999885e+01,-3.509757724800000034e+01,-2.248590389199999962e+01
1.601800800799999891e+01,-1.868861967000000135e+01,-3.108367691400000155e+01,-2.752380895900000013e+01,-3.027910506899999987e+01,-2.409071246399999922e+01
1.603801801799999893e+01,-2.766797358099999826e+01,-2.507533897600000117e+01,-2.808241444200000103e+01,-2.858086371099999923e+01,-2.719771537000000095e+01
1.605802802799999895e+01,-3.387861491099999967e+01,-4.215409666299999714e+01,-2.740488446999999894e+01,-3.929512836899999684e+01,-2.376595255699999854e+01
1.607803803799999898e+01,-3.506805627699999661e+01,-2.978131884300000110e+01,-2.628601432700000018e+01,-3.307916809299999983e+01,-2.482827828199999942e+01
1.609804804799999900e+01,-3.212499217900000303e+01,-2.233554194299999907e+01,-2.026966998900000050e+01,-4.880859194500000342e+01,-2.382105153999999914e+01
1.611805805799999902e+01,-3.195204470099999838e+01,-1.499293518300000017e+01,-2.942243474300000017e+01,-3.219665926700000114e+01,-2.584585446599999869e+01
1.613806806799999904e+01,-3.507625659600000034e+01,-3.712791491400000154e+01,-2.559256411599999836e+01,-4.152282582800000199e+01,-2.546320165299999871e+01
1.615807807799999907e+01,-2.353904041899999910e+01,-2.978390818800000162e+01,-2.615889270799999977e+01,-3.279807859799999648e+01,-2.974624324699999889e+01
1.617808808799999909e+01,-2.429036239899999927e+01,-3.245131760200000315e+01,-2.385987914900000106e+01,-4.086156069100000110e+01,-2.523410928299999867e+01
1.619809809799999911e+01,-2.468936894499999823e+01,-2.522913129399999832e+01,-3.042029644799999843e+01,-2.881399793799999998e+01,-3.090398836700000018e+01
1.621810810799999913e+01,-1.208000127400000068e+01,-2.736177781499999995e+01,-2.443843189000000038e+01,-3.108244340999999977e+01,-2.362230091099999996e+01
1.623811811799999916e+01,-3.429536564499999685e+01,-3.726441112300000214e+01,-2.702569655599999976e+01,-3.284858420599999818e+01,-2.652404595899999862e+01
1.625812812799999918e+01,-3.044752368600000025e+01,-2.996853045699999996e+01,-2.716428031099999885e+01,-3.459708729199999766e+01,-2.368973016800000053e+01
1.627813813799999920e+01,-2.553738293600000020e+01,-4.422718947900000330e+01,-2.725019529000000063e+01,-2.975949548799999889e+01,-2.706678928399999862e+01
1.629814814799999922e+01,-2.670718707700000039e+01,-2.863703812099999979e+01,-2.802191260600000078e+01,-3.056898459399999979e+01,-2.455627325200000044e+01
1.631815815799999925e+01,-3.643201562699999840e+01,-3.242762992099999764e+01,-2.401724000800000169e+01,-3.646792276400000077e+01,-2.041948854600000018e+01
1.633816816799999927e+01,-2.587237058099999842e+01,-3.341203117599999928e+01,-2.911027222899999956e+01,-3.653356069000000161e+01,-2.613723448600000054e+01
1.635817817799999929e+01,-2.939632965599999892e+01,-3.353315088800000154e+01,-2.860203780899999870e+01,-3.050473628199999965e+01,-2.615111834800000068e+01
1.637818818799999931e+01,-1.871471691600000042e+01,-3.112169821899999889e+01,-2.737287722800000012e+01,-3.352963017399999757e+01,-2.877952552100000005e+01
1.639819819799999934e+01,-2.871547562399999975e+01,-2.503607529199999959e+01,-2.649726202100000094e+01,-3.221826937899999876e+01,-2.615755957500000051e+01
1.641820820799999936e+01,-2.771771571200000039e+01,-1.791180383000000020e+01,-2.317037234600000062e+01,-2.991934146199999844e+01,-2.606215696800000003e+01
1.643821821799999938e+01,-3.724706479099999967e+01,-2.901078109499999869e+01,-2.772428766999999894e+01,-3.106099029599999994e+01,-2.186258411500000065e+01
1.645822822799999940e+01,-2.123123068399999980e+01,-3.046274817200000129e+01,-2.884800174600000133e+01,-3.422569241400000095e+01,-2.733712543300000064e+01
1.647823823799999943e+01,-3.046245250999999854e+01,-2.815129474600000137e+01,-2.936671432400000015e+01,-3.390317770400000086e+01,-3.661371112599999833e+01
1.649824824799999945e+01,-4.452379028699999708e+01,-2.905195690400000075e+01,-2.478882237199999850e+01,-4.096586735599999685e+01,-2.473531322299999857e+01
1.651825825799999947e+01,-4.107466950900000313e+01,-3.429236977099999706e+01,-2.426950221599999935e+01,-3.956324913499999951e+01,-2.749923160100000175e+01
1.653826826799999949e+01,-3.666108740300000335e+01,-2.880999753900000115e+01,-3.016510300599999894e+01,-3.802049775399999731e+01,-2.076633253099999976e+01
1.655827827799999952e+01,-3.311370744599999938e+01,-3.086170450399999865e+01,-3.150130443000000113e+01,-3.701214163400000245e+01,-2.967077432600000009e+01
1.657828828799999954e+01,-2.759882540299999931e+01,-2.877389033600000090e+01,-2.965563453600000088e+01,-3.711730709199999723e+01,-2.859979268200000035e+01
1.659829829799999956e+01,-4.745241652799999876e+00,-3.424087900699999665e+01,-3.719907113899999729e+01,-2.639457342400000073e+01,-2.201494616200000110e+01
1.661830830799999958e+01,-4.026442797699999687e+01,-2.763643164300000166e+01,-2.839952326399999905e+01,-3.454418308900000056e+01,-2.712857759399999935e+01
1.663831831799999961e+01,-3.823409033899999798e+01,-2.796420828200000130e+01,-3.035258340900000107e+01,-3.336351096500000324e+01,-3.177127057399999899e+01
1.665832832799999963e+01,-2.888921312000000086e+01,-2.399731244899999894e+01,-2.712599462800000083e+01,-3.071391580099999885e+01,-2.565275713699999827e+01
1.667833833799999965e+01,-3.132611647199999894e+01,-3.893637202499999717e+01,-2.736268461599999924e+01,-3.753406148100000195e+01,-2.705691248100000124e+01
1.669834834799999967e+01,-2.603946974100000133e+01,-3.199758127799999841e+01,-3.397298739899999731e+01,-4.136249710900000309e+01,-3.119291011500000010e+01
1.671835835799999970e+01,-3.300594363500000128e+01,-3.428880250000000274e+01,-2.954456562100000028e+01,-3.179519019399999991e+01,-3.115784430800000138e+01
1.673836836799999972e+01,-3.447867045800000341e+01,-3.210444484100000295e+01,-3.369856089200000326e+01,-3.270070679500000210e+01,-2.875778131199999876e+01
1.675837837799999974e+01,-2.112410581099999973e+01,-3.336628219800000039e+01,-3.329671793199999996e+01,-3.774927006600000112e+01,-3.201049255899999935e+01
1.677838838799999976e+01,-2.969794063999999878e+01,-4.080310084300000284e+01,-2.824744110600000013e+01,-3.779499733499999792e+01,-2.890212003799999962e+01
1.679839839799999979e+01,-3.570872031999999763e+01,-1.374866931699999917e+01,-2.802971158400000107e+01,-3.603777485100000177e+01,-3.358506341500000048e+01
1.681840840799999981e+01,-3.021567463199999892e+01,-2.617147413000000000e+01,-2.731121840699999836e+01,-4.749888672099999809e+01,-3.381449395900000354e+01
1.683841841799999983e+01,-2.418756156099999899e+01,-4.282557715400000120e+01,-3.064615595200000087e+01,-3.194016303000000079e+01,-2.541137146299999827e+01
1.685842842799999985e+01,-2.413958921400000079e+01,-3.858597905999999966e+01,-2.639902235299999944e+01,-3.138990348100000105e+01,-2.412848596499999942e+01
1.687843843799999988e+01,-3.128755832999999953e+01,-3.561555629299999737e+01,-2.658011853700000060e+01,-3.133193429499999993e+01,-2.582054807500000138e+01
1.689844844799999990e+01,-3.173463008599999924e+01,-3.653540293399999683e+01,-2.633322266800000122e+01,-3.137508308299999982e+01,-2.381639913000000064e+01
1.691845845799999992e+01,-3.868884680299999701e+01,-3.330076559900000177e+01,-2.491190543900000165e+01,-2.840134174900000019e+01,-3.090869606800000113e+01
1.693846846799999994e+01,-2.220571923400000003e+01,-4.968953592300000111e+01,-3.071010781200000039e+01,-2.936365190000000069e+01,-2.555190106199999889e+01
1.695847847799999997e+01,-3.609907460899999876e+01,-3.899599946499999703e+01,-2.654407647400000059e+01,-2.937851463599999846e+01,-1.849042048700000151e+01
1.697848848799999999e+01,-3.133367903199999915e+01,-2.643400065899999873e+01,-2.935000313400000138e+01,-2.704368454200000116e+01,-2.665732681200000087e+01
1.699849849800000001e+01,-4.024875721699999787e+01,-2.894918019200000003e+01,-1.941857899900000106e+01,-2.179293110000000055e+01,-3.627995666099999994e+01
1.701850850900000012e+01,-1.603417021399999953e+01,-5.014394552600000310e+01,-3.245383386799999670e+01,-2.874080143899999840e+01,-2.290004453799999951e+01
1.703851851900000014e+01,-2.802688014399999972e+01,-3.233526771599999705e+01,-2.645975964300000172e+01,-2.492722333300000059e+01,-2.341547328000000050e+01
1.705852852900000016e+01,-6.613132377200000178e+01,-2.786289362600000175e+01,-2.870164294199999944e+01,-3.399785840300000217e+01,-2.035817523200000068e+01
1.707853853900000018e+01,-3.237279533899999961e+01,-3.492126005400000111e+01,-2.639580778999999922e+01,-2.785830737799999923e+01,-2.619031395000000018e+01
1.709854854900000021e+01,-3.528661923699999647e+01,-3.500346971300000121e+01,-3.286209060400000226e+01,-2.891669507299999964e+01,-2.760431066700000002e+01
1.711855855900000023e+01,-3.539502056799999963e+01,-3.126405237899999889e+01,-3.410409569299999788e+01,-2.717061969899999951e+01,-2.039020580100000046e+01
1.713856856900000025e+01,-4.004894023899999667e+01,-3.532919919999999792e+01,-2.891162938900000157e+01,-2.659871670600000115e+01,-2.046383875700000132e+01
1.715857857900000027e+01,-2.663013469599999894e+01,-3.652993572300000125e+01,-1.616590205900000043e+01,-2.344986624099999872e+01,-5.255132676800000269e+01
1.717858858900000030e+01,-3.628772798899999685e+01,-3.078162688000000102e+01,-2.270601943699999836e+01,-3.331498363899999759e+01,-1.961626845600000024e+01
1.719859859900000032e+01,-5.631450718300000347e+01,-3.066601681099999865e+01,-2.929621842999999970e+01,-2.261355876500000051e+01,-2.655768644500000164e+01
1.721860860900000034e+01,-2.460343784100000164e+01,-3.466476180600000134e+01,-3.103534644599999837e+01,-2.398207543499999872e+01,-3.282922824900000336e+01
1.723861861900000036e+01,-3.084105372999999872e+01,-5.019859926800000238e+01,-3.721701540800000174e+01,-3.338008530799999818e+01,-2.226996999099999996e+01
1.725862862900000039e+01,-2.887364742400000139e+01,-3.709529097200000081e+01,-3.392242386200000226e+01,-3.264299438700000167e+01,-2.977804234599999944e+01
1.727863863900000041e+01,-2.720032044899999946e+01,-3.906191374299999808e+01,-2.056979470099999929e+01,-2.317034111499999938e+01,-2.802293004299999879e+01
1.729864864900000043e+01,-2.384756913200000028e+01,-3.548534146699999781e+01,-3.305348856500000210e+01,-3.363572374200000326e+01,-2.128750066399999952e+01
1.731865865900000045e+01,-2.982347280600000161e+01,-4.679859370100000149e+01,-2.579731182300000114e+01,-2.741946867800000120e+01,-9.314910229800000607e+00
1.733866866900000048e+01,-3.630443202299999683e+01,-3.327417366699999945e+01,-3.227940005300000337e+01,-2.646684790200000137e+01,-2.544064229399999988e+01
1.735867867900000050e+01,-3.598011407100000270e+01,-3.313050505500000043e+01,-2.453869133499999933e+01,-3.138258123199999972e+01,-3.368588884199999711e+01
1.737868868900000052e+01,-2.822507200900000157e+01,-2.914349661500000011e+01,-2.772240265499999978e+01,-3.257642345400000039e+01,-3.915594573399999945e+01
1.739869869900000054e+01,-2.546838211300000054e+01,-3.400769883000000249e+01,-3.114328496099999910e+01,-3.447180996699999866e+01,-3.233146679600000084e+01
1.741870870900000057e+01,-3.742075777200000175e+01,-3.192178548500000090e+01,-2.509702146600000106e+01,-2.358384533499999947e+01,-2.271295517700000133e+01
1.743871871900000059e+01,-3.419261228599999924e+01,-3.620260889200000065e+01,-3.342406335100000092e+01,-3.671961052099999989e+01,-3.067542818000000082e+01
1.745872872900000061e+01,-2.728057205100000004e+01,-3.968139860499999827e+01,-3.597131227799999920e+01,-3.001194599600000146e+01,-2.221770494800000151e+01
1.747873873900000063e+01,-3.514076759799999650e+01,-3.964392397400000334e+01,-2.967076541100000142e+01,-3.043862273099999882e+01,-2.205435959900000142e+01
1.749874874900000066e+01,-2.651741375800000000e+01,-2.754992582399999890e+01,-3.146747490299999939e+01,-4.074062732000000153e+01,-2.617359983900000131e+01
1.751875875900000068e+01,-4.371956940300000127e+01,-2.648721727199999876e+01,-3.058575973499999989e+01,-3.842528062299999903e+01,-2.754055296700000000e+01
1.753876876900000070e+01,-3.322966541699999965e+01,-3.847220249499999767e+01,-3.178976603599999962e+01,-3.323570686000000052e+01,-1.359103179899999958e+01
1.755877877900000072e+01,-3.319234576400000236e+01,-3.002046799500000063e+01,-2.654233711299999854e+01,-3.345518759499999817e+01,-2.792921762699999988e+01
1.757878878900000075e+01,-2.977787877200000111e+01,-3.281746867799999734e+01,-1.401096253300000072e+01,-1.343525387899999934e+01,-3.555722903000000201e+01
1.759879879900000077e+01,-3.373154455099999893e+01,-3.022828552000000002e+01,-2.950060161600000086e+01,-3.948550087899999994e+01,-2.355273979200000056e+01
1.761880880900000079e+01,-2.211381100699999891e+01,-2.630445891500000144e+01,-2.779790707100000091e+01,-4.315841986099999872e+01,-2.168378907299999980e+01
1.763881881900000081e+01,-3.782920604600000303e+01,-3.048464600100000155e+01,-3.183778988699999957e+01,-3.327730517700000235e+01,-3.358444628200000182e+01
1.765882882900000084e+01,-3.820051830399999915e+01,-2.936318279099999984e+01,-3.620239548499999671e+01,-3.195193347900000091e+01,-2.604275152599999998e+01
1.767883883900000086e+01,-2.458145352700000075e+01,-2.497361197700000091e+01,-2.600107555499999989e+01,-3.380475504500000028e+01,-3.377275579799999861e+01
1.769884884900000088e+01,-3.367646810299999771e+01,-3.465267400199999770e+01,-4.338217294500000065e+01,-3.743951743800000287e+01,-2.372924491099999855e+01
1.771885885900000090e+01,-3.409945843399999887e+01,-3.310447447699999657e+01,-3.238287655799999953e+01,-2.586620744700000074e+01,-1.253307190499999990e+01
1.773886886900000093e+01,-2.290710809899999845e+01,-2.884132427999999848e+01,-3.624331773400000145e+01,-3.288832595000000225e+01,-2.885840307300000163e+01
1.775887887900000095e+01,-3.782549875000000128e+01,-3.896535776799999695e+01,-3.733739942700000114e+01,-2.106322438300000144e+01,-3.450288089499999700e+01
1.777888888900000097e+01,-2.596637052399999845e+01,-3.620682783600000221e+01,-3.626688890100000151e+01,-2.520933522700000040e+01,-2.960571802300000144e+01
1.779889889900000099e+01,-2.829232952099999920e+01,-3.143553834500000121e+01,-1.541753171500000086e+01,-2.344919939100000050e+01,-1.703229755799999978e+01
1.781890890900000102e+01,-3.343545805000000115e+01,-3.900210980599999999e+01,-3.048905340700000011e+01,-2.934405824999999979e+01,-3.428260467799999844e+01
1.783891891900000104e+01,-5.030095042500000346e+01,-3.506592736399999666e+01,-2.790143949699999837e+01,-3.156803698099999878e+01,-3.176503223599999970e+01
1.785892892900000106e+01,-2.632878098600000172e+01,-2.296991693500000054e+01,-3.325724069599999666e+01,-2.599631696999999875e+01,-2.351327528899999919e+01
1.787893893900000108e+01,-4.074238520899999827e+01,-3.599699378500000080e+01,-3.113827750900000169e+01,-2.733010688499999929e+01,-3.051890880999999922e+01
1.789894894900000111e+01,-2.898966885400000137e+01,-2.405153914099999923e+01,-2.380867994600000159e+01,-2.551655819500000177e+01,-2.945219702800000050e+01
1.791895895900000113e+01,-3.910257605399999647e+01,-2.666015888300000114e+01,-2.887389579799999950e+01,-1.766119866400000049e+01,-2.481827913300000077e+01
1.793896896900000115e+01,-2.951823646400000101e+01,-2.296828704300000012e+01,1.371696891700000087e+01,1.657588231000000079e+01,-2.215881563900000017e+01
1.795897897900000117e+01,-2.864956880400000117e+01,-3.658516801599999724e+01,-3.493970116300000228e+01,-3.112557204699999858e+01,-2.727276445300000063e+01
1.797898898900000120e+01,-3.515064824000000243e+01,-2.510223448200000007e+01,-3.314319498399999731e+01,-2.595546774900000031e+01,-2.320006169399999862e+01
1.799899899900000122e+01,-3.697463168200000183e+01,-3.709791436799999786e+01,-2.074138168200000010e+01,-3.429392604099999886e+01,-2.522986810500000132e+01
1.801900900900000124e+01,-3.577577177100000227e+01,-3.375881644999999764e+01,-1.918433250100000009e+01,-1.683813547300000124e+01,-2.969259587499999853e+01
1.803901901900000126e+01,-3.829963337099999876e+01,-3.917573856500000318e+01,-3.953092458999999792e+01,-2.316787441299999983e+01,-2.910380865200000144e+01
1.805902902900000129e+01,-3.385886540399999944e+01,-2.565408353500000160e+01,-3.119365019700000019e+01,-2.720894563999999960e+01,-3.849102462100000110e+01
1.807903903900000131e+01,-4.344758511399999890e+01,-4.980280694700000055e+01,-2.874717494000000073e+01,-3.040129131100000137e+01,-2.851207875000000058e+01
1.809904904900000133e+01,-4.212302639300000351e+01,-2.886647531899999919e+01,-3.059018047400000029e+01,-2.450576349700000023e+01,-3.918445961399999788e+01
1.811905905900000135e+01,-3.846202797400000151e+01,-1.288869785099999987e+01,-3.133017981000000063e+01,-2.954230297599999844e+01,-2.568189837499999939e+01
1.813906906900000138e+01,-4.205581437400000056e+01,-4.723456709199999892e+01,-3.727641109599999680e+01,-2.648032853000000131e+01,-3.494433115399999679e+01
1.815907907900000140e+01,-2.937712646099999958e+01,-3.317718066300000146e+01,-2.937603126300000156e+01,-2.309380842399999878e+01,-3.216967445299999895e+01
1.817908908900000142e+01,-4.816281934300000245e+01,-4.292077250300000202e+01,-2.804316637699999859e+01,-3.282201751499999887e+01,-4.689387959399999772e+01
1.819909909900000144e+01,-4.582354776599999724e+01,-3.672590766500000115e+01,-4.286914110000000022e+01,-3.046101039199999860e+01,-2.473138049399999971e+01
1.821910910900000147e+01,-4.854364894999999791e+01,-3.707169768899999696e+01,-3.243285440100000017e+01,-3.034807169600000165e+01,-3.991757618500000149e+01
1.823911911900000149e+01,-3.586374493900000004e+01,-3.291939108999999775e+01,-2.890620676600000039e+01,-3.319076601500000123e+01,-5.422587027499999834e+01
1.825912912900000151e+01,-4.906842150300000327e+01,-5.356343411699999990e+01,-3.169109119299999833e+01,-3.133211704400000031e+01,-1.314576021699999941e+01
1.827913913900000153e+01,-4.705151948799999673e+01,-3.217788524899999913e+01,-2.947778192699999877e+01,-2.714552356800000155e+01,-5.117133139500000283e+01
1.829914914900000156e+01,-3.146046318799999852e+01,-2.912109287099999833e+01,-2.803932944199999966e+01,-2.921157600800000154e+01,-4.356814306799999770e+01
1.831915915900000158e+01,-1.607903765600000057e+01,-4.813400829100000067e+01,-2.726676217600000030e+01,-2.637707827699999896e+01,-2.625330617099999841e+01
1.833916916900000160e+01,-3.599191088199999911e+01,-2.228181630099999921e+01,-3.040700064700000027e+01,-2.464169165699999908e+01,-2.952858773699999873e+01
1.835917917900000162e+01,-2.591175222400000067e+01,-2.867040995700000039e+01,-2.508623121400000144e+01,-2.764332305599999984e+01,-2.705858079100000069e+01
1.837918918900000165e+01,-3.362699775299999772e+01,-4.498939899700000211e+01,-2.649439519799999943e+01,-3.333568768899999668e+01,-4.888960879799999759e+01
1.839919919900000167e+01,-3.873928264999999982e+01,-5.513488261399999857e+01,-3.023237667600000123e+01,-3.017066367700000029e+01,-3.863480085799999841e+01
1.841920920900000169e+01,-3.085942026900000101e+01,-2.671692137399999822e+01,-3.128385183600000019e+01,-2.641585361799999987e+01,-2.790579977799999867e+01
1.843921921900000171e+01,-3.044020539599999964e+01,-3.250063216699999913e+01,-2.588484020399999963e+01,-2.268523523700000055e+01,-4.119437962100000306e+01
1.845922922900000174e+01,-3.495177145800000318e+01,-2.788920707699999824e+01,-3.157910426999999842e+01,-3.064083947900000027e+01,-3.525836377200000271e+01
1.847923923900000176e+01,-4.022041420400000078e+01,-4.079290613799999932e+01,-1.914543202699999824e+01,-2.463582276800000059e+01,-2.674494668299999844e+01
1.849924924899999823e+01,-4.890836370400000277e+01,-3.657601233599999802e+01,-3.588902724100000086e+01,-4.770170114500000125e+01,-2.543896404699999891e+01
1.851925925899999825e+01,-4.212146151299999985e+01,-3.343919982399999924e+01,-3.261114972600000073e+01,-3.191276949199999891e+01,-3.373825670699999790e+01
1.853926926899999827e+01,-2.868908571100000060e+01,-3.045607697100000166e+01,-3.376403278600000135e+01,-2.837818585000000127e+01,-4.035083021599999853e+01
1.855927927899999830e+01,-7.409172392099999627e+01,-3.303605377600000281e+01,-2.717260564600000095e+01,-2.342541204000000121e+01,-2.815231425300000012e+01
1.857928928899999832e+01,-2.479589384699999854e+01,-2.932256382199999933e+01,-2.748781373299999942e+01,-3.251608540600000197e+01,-2.390301068699999831e+01
1.859929929899999834e+01,-3.363842886300000146e+01,-3.300287506499999779e+01,-2.756423378499999899e+01,-3.358340686199999681e+01,-3.078421826299999964e+01
1.861930930899999836e+01,-2.453566349100000110e+01,-2.896010711299999940e+01,-2.426652615900000143e+01,-3.071299017899999839e+01,-2.943140989700000176e+01
1.863931931899999839e+01,-3.093791813800000057e+01,-3.036196474899999842e+01,-2.857120446200000075e+01,-3.200925067899999732e+01,-3.388403122399999745e+01
1.865932932899999841e+01,-3.172342814799999999e+01,-2.779480677800000166e+01,-2.726544303800000080e+01,-3.962576704399999983e+01,-3.274376632999999970e+01
1.867933933899999843e+01,-3.819004016400000268e+01,-3.913690276500000209e+01,-2.002718339300000139e+01,-1.955919234899999992e+01,-3.425175644400000152e+01
1.869934934899999845e+01,-3.656899949799999661e+01,-5.172054503199999687e+01,-2.029908591899999948e+01,-2.165200721600000122e+01,-3.273555393200000196e+01
1.871935935899999848e+01,-2.731916158599999989e+01,-3.173799058299999842e+01,-2.065508893599999851e+01,-1.969188253100000097e+01,-4.003646961700000162e+01
1.873936936899999850e+01,-1.928682431800000074e+01,-4.638781995499999766e+01,-2.492372220000000027e+01,-4.570487029000000234e+01,-3.136186530100000169e+01
1.875937937899999852e+01,-3.920193941600000187e+01,-4.601022892900000016e+01,-2.775929637200000144e+01,-2.784693616299999874e+01,-2.956588538400000132e+01
1.877938938899999854e+01,-5.166920779400000185e+01,-5.207290153099999941e+01,-2.603849062999999830e+01,-3.155877152400000085e+01,-1.679931544500000129e+01
1.879939939899999857e+01,-3.080738967699999975e+01,-2.947508110900000133e+01,-2.998247574199999832e+01,-4.214777487700000336e+01,-2.853900058700000031e+01
1.881940940899999859e+01,-3.991081314899999910e+01,-5.066161896999999925e+01,-3.137413907799999890e+01,-4.696364067599999714e+01,-2.756733398400000112e+01
1.883941941899999861e+01,-5.669636251299999685e+01,-4.574310529600000308e+01,-2.199231309400000001e+01,-2.936917970200000028e+01,-3.803112833000000137e+01
1.885942942899999863e+01,-3.431253481299999919e+01,-3.319059447899999782e+01,-1.880877559600000026e+01,-2.864387097699999885e+01,-3.017794829099999987e+01
1.887943943899999866e+01,-3.141668776699999910e+01,-2.724421073099999902e+01,-1.826620259899999965e+01,-2.470351567399999837e+01,-3.045894317899999848e+01
1.889944944899999868e+01,-4.493061744500000287e+01,-4.060362702599999807e+01,-5.186464187600000031e+01,-3.826948070899999976e+01,-4.907817189400000046e+01
1.891945945899999870e+01,-2.780073231200000095e+01,-3.774656678099999851e+01,-2.809756122800000000e+01,-3.288271968200000117e+01,-3.145196621499999878e+01
1.893946946899999872e+01,-3.738936941299999717e+01,-4.580208617400000293e+01,-2.782059880499999949e+01,-2.603170334600000047e+01,-2.627236376000000107e+01
1.895947947899999875e+01,-4.825625372900000087e+01,-3.883355225100000041e+01,-2.471199589600000124e+01,-3.060773524900000098e+01,-4.242761021900000173e+01
1.897948948899999877e+01,-2.390688788099999940e+01,-1.604937662300000056e+01,-2.910672637600000101e+01,-3.398923649999999697e+01,-1.847196521200000063e+01
1.899949949899999879e+01,-3.790964973399999849e+01,-4.997819450400000107e+01,-3.160345628299999987e+01,-2.492884590799999955e+01,-3.971979656700000305e+01
1.901950950999999890e+01,-4.191992451200000147e+01,-4.226638362999999998e+01,-4.094098791599999743e+01,-3.207695579300000333e+01,-3.172080614100000062e+01
1.903951951999999892e+01,-4.845811407600000109e+01,-2.716103004100000007e+01,-1.519074556900000061e+01,-1.945297919500000106e+01,-2.549587838800000128e+01
1.905952952999999894e+01,-4.114738874300000049e+01,-4.056179130700000002e+01,-5.500167426000000148e+01,-3.350734240300000266e+01,-2.366632455599999929e+01
1.907953953999999896e+01,-4.311947530900000203e+01,-3.610926122000000049e+01,-3.243031104899999661e+01,-2.047891300099999867e+01,-3.164693521299999901e+01
1.909954954999999899e+01,-3.900023177700000332e+01,-4.009588519500000103e+01,-2.051946830600000027e+01,-1.534412758899999929e+01,-7.111005348299999973e+00
1.911955955999999901e+01,-4.039466437600000148e+01,-4.470282177800000056e+01,-4.371952587199999840e+01,-6.627036334000000295e+01,-3.113411194500000079e+01
1.913956956999999903e+01,-3.510040124500000047e+01,-5.007834872800000170e+01,-3.297012460100000197e+01,-3.008122744799999992e+01,-2.739920603199999860e+01
1.915957957999999905e+01,-2.922163927600000122e+01,-3.475497731499999787e+01,-2.078551116999999948e+01,-2.840983587999999926e+01,-4.067693068399999845e+01
1.917958958999999908e+01,-4.199727783899999878e+01,-3.530225471699999673e+01,-3.159827011200000157e+01,-2.942027269000000089e+01,-4.287478461999999979e+01
1.919959959999999910e+01,-2.472762840800000106e+01,-2.821370693100000082e+01,-3.476432250300000248e+01,-2.475223479900000001e+01,-2.598455148600000086e+01
1.921960960999999912e+01,-3.002332878100000002e+01,-3.923268877299999957e+01,-3.016773746200000161e+01,-3.982442572099999722e+01,-3.181162715600000013e+01
1.923961961999999914e+01,-3.428219246300000123e+01,-5.468615262699999846e+01,-3.211730548900000315e+01,-5.197549666300000126e+01,-3.772209393899999696e+01
1.925962962999999917e+01,-2.202107899700000004e+01,-4.553372430699999995e+01,-3.438378340700000280e+01,-4.690412894499999652e+01,-5.095606472499999740e+01
1.927963963999999919e+01,-6.005676223100000044e+01,-4.375350892499999844e+01,-2.919940064500000076e+01,-3.465711031000000020e+01,-5.374425657799999811e+01
1.929964964999999921e+01,-4.352555863700000316e+01,-4.844209686699999651e+01,-3.038046746799999909e+01,-3.950314719600000046e+01,-4.040408561899999995e+01
1.931965965999999923e+01,-1.585596909999999937e+01,-2.532843521699999911e+01,-2.706105768600000161e+01,-3.069263088800000006e+01,-3.560416015500000242e+01
1.933966966999999926e+01,-5.048185712099999733e+01,-3.928860891000000066e+01,-2.803732236999999827e+01,-3.747845066699999705e+01,-4.871705033799999995e+01
1.935967967999999928e+01,-4.668775308800000090e+01,-4.428062647800000207e+01,-2.966384391100000073e+01,-2.901531651100000175e+01,-3.967564276200000251e+01
1.937968968999999930e+01,-2.226042630199999905e+01,-4.424613096200000228e+01,-2.274825457900000103e+01,-2.797750457700000126e+01,-2.575458247199999917e+01
1.939969969999999932e+01,-2.441369661399999913e+01,-5.340774148799999921e+01,-3.755581161399999957e+01,-3.877086948499999863e+01,-4.489736182299999712e+01
1.941970970999999935e+01,-4.384377491800000115e+01,-3.756691052299999711e+01,-1.882455438499999900e+01,-2.917661848399999869e+01,-3.168267044799999965e+01
1.943971971999999937e+01,-3.343074727500000165e+01,-3.170000746499999877e+01,-3.280605641700000064e+01,-3.124988902300000149e+01,-3.620685974399999907e+01
1.945972972999999939e+01,-3.953060235499999919e+01,-4.094639174400000314e+01,-2.954357398499999832e+01,-3.764215108399999821e+01,-3.341287141899999824e+01
1.947973973999999941e+01,-2.756844877400000016e+01,-3.754279142499999722e+01,-3.404068583400000136e+01,-3.580611185299999732e+01,-3.070510171400000132e+01
1.949974974999999944e+01,-2.783796726199999938e+01,-2.666063314999999889e+01,-2.187362176799999958e+01,-2.740782169499999910e+01,-3.214517022900000143e+01
1.951975975999999946e+01,-4.840488146300000238e+01,-4.383469393099999678e+01,-2.273484869500000016e+01,-3.200498804099999717e+01,-4.614410228599999897e+01
1.953976976999999948e+01,-3.385304948200000297e+01,-3.885092229400000008e+01,-1.277896451799999944e-01,-2.654166000400000058e+01,-7.353296411799999710e+00
1.955977977999999950e+01,-4.149338910699999872e+01,-3.750459038500000020e+01,-3.159061916299999950e+01,-3.534121800199999797e+01,-5.482430921499999954e+01
1.957978978999999953e+01,-4.611087256799999778e+01,-4.827481191500000079e+01,-2.762732506500000085e+01,-4.298643672899999757e+01,-4.125493051699999825e+01
1.959979979999999955e+01,-2.546627709799999906e+01,-3.562440553700000123e+01,-2.934588852699999961e+01,-2.841969566399999891e+01,-2.211432287599999924e+01
1.961980980999999957e+01,-4.005682630399999766e+01,-4.199711003800000242e+01,-7.741543608299999768e+00,-2.994780447000000123e+01,-3.859946590599999894e+01
1.963981981999999959e+01,-4.252082677500000329e+01,-3.968500123300000126e+01,-2.302055033299999920e+01,-3.449399113900000202e+01,-4.051814908400000093e+01
1.965982982999999962e+01,-4.452124329299999772e+01,-2.416569414499999979e+01,-1.123818090900000044e+01,-2.058491441700000024e+01,-1.524327683099999931e+01
1.967983983999999964e+01,-4.208455159799999734e+01,-4.918956604800000321e+01,-2.131859597400000084e+01,-3.736995294999999828e+01,-4.186623883400000068e+01
1.969984984999999966e+01,-3.911444949999999920e+01,-5.354943166399999654e+01,-1.950881838700000159e+01,-3.053242248300000128e+01,-3.451056221399999657e+01
1.971985985999999968e+01,-2.065517955600000022e+01,-3.655704926500000340e+01,-3.255492359400000169e+01,-2.978029662200000161e+01,-3.496340531500000282e+01
1.973986986999999971e+01,-3.797576209999999719e+01,-3.938413659500000108e+01,-2.736832082200000116e+01,-2.328156917700000150e+01,-3.084369371200000032e+01
1.975987987999999973e+01,-5.077827659500000124e+01,-4.145420172899999756e+01,-3.009465190499999920e+01,-3.614048671999999840e+01,-4.387076430700000174e+01
1.977988988999999975e+01,-3.209431253599999678e+01,-3.234550294200000309e+01,-2.546271228999999892e+01,-3.801371396399999725e+01,-1.771849158899999921e+01
1.979989989999999977e+01,-4.170722722200000021e+01,-5.816254138899999759e+01,-3.719948607399999929e+01,-3.040537449700000039e+01,-2.946108439900000064e+01
1.981990990999999980e+01,-3.329134685900000079e+01,-3.111006599199999911e+01,-1.840348098899999840e+01,-2.732399343799999869e+01,-2.483691469300000065e+01
1.983991991999999982e+01,-2.778209284500000109e+01,-2.992152332899999934e+01,-3.939526582500000274e+01,-3.492052398599999918e+01,-3.901626755899999921e+01
1.985992992999999984e+01,-4.400065707299999929e+01,-5.285030321499999673e+01,-2.238037486800000053e+01,-3.874434272700000292e+01,-3.812340866600000311e+01
1.987993993999999986e+01,-3.030271995000000018e+01,-2.985747995499999874e+01,-3.089064993599999909e+01,-3.409205821500000155e+01,-3.162633894500000054e+01
1.989994994999999989e+01,-5.300008368600000352e+01,-4.143813372399999650e+01,-2.580800251000000145e+01,-4.314379360299999888e+01,-5.031716993399999893e+01
1.991995995999999991e+01,-4.598669269100000179e+01,-6.443531201700000111e+01,-3.875004329600000119e+01,-1.990304336699999865e+01,-2.879168029599999912e+01
1.993996996999999993e+01,-4.028444643400000302e+01,-3.585672166599999855e+01,-4.754089831099999941e+01,-3.427129977799999949e+01,-2.409574975099999961e+01
1.995997997999999995e+01,-3.713466521299999812e+01,-3.420445048199999860e+01,-2.764083231600000090e+01,-3.968120046800000011e+01,-4.532494807300000161e+01
1.997998998999999998e+01,-4.497696439599999962e+01,-4.819397699099999954e+01,-3.697147072100000287e+01,-4.096481784800000270e+01,-5.166197642400000234e+01
2.000000000000000000e+01,-2.423557039700000004e+01,-2.779227775700000080e+01,-2.365731108700000007e+01,-2.930453299899999919e+01,-2.485649945400000149e+01
