freq_GHz,S21_dB,S31_dB,S41_dB,S51_dB,S61_dB
1.000000000000000021e-02,-7.311053616300000613e+01,-7.507813620599999638e+01,-6.805179495100000509e+01,-7.838364493500000663e+01,-7.804711365900000430e+01
3.001001001000000099e-02,-6.791010046700000657e+01,-7.754665390499999944e+01,-7.251596018899999763e+01,-7.925113262200000008e+01,-7.695359091299999932e+01
5.002002002000000003e-02,-8.445686766100000398e+01,-8.587725654999999847e+01,-8.206535954899999297e+01,-7.732276744000000690e+01,-8.090526194999999632e+01
7.003003002999999560e-02,-7.556076354799999706e+01,-7.417938239000000067e+01,-7.541236466200000166e+01,-7.796818610200000421e+01,-9.032895861500000478e+01
9.004004004000000505e-02,-8.579845712499999877e+01,-7.467011008800000127e+01,-9.065585760099999391e+01,-8.132216546200000096e+01,-8.527369712399999457e+01
1.100500500500000006e-01,-8.336514251699999534e+01,-8.213285104400000591e+01,-8.157743035900000450e+01,-7.941498992900000076e+01,-9.021860887100000070e+01
1.300600600600000101e-01,-9.757632824399999549e+01,-8.951972440400000153e+01,-8.628258737599999506e+01,-9.386268405299999529e+01,-7.628093817600000648e+01
1.500700700700000056e-01,-7.908134823400000357e+01,-8.551357608099999652e+01,-7.704314224499999852e+01,-7.773367161500000577e+01,-7.893036268699999880e+01
1.700800800800000012e-01,-8.837446525000000008e+01,-1.007172144000000031e+02,-8.063564922999999851e+01,-7.630307554700000594e+01,-7.738669874500000390e+01
1.900900900899999968e-01,-8.199469441200000119e+01,-8.015892096999999694e+01,-7.970764457399999969e+01,-7.955816980100000535e+01,-7.891655766200000244e+01
2.101001000999999924e-01,-9.054314747600000146e+01,-8.027084329900000625e+01,-7.857285871499999530e+01,-8.077649824399999545e+01,-7.659211042500000133e+01
2.301101101100000157e-01,-7.964426690400000552e+01,-8.270526929599999733e+01,-7.760691975500000694e+01,-7.955853374800000211e+01,-8.095021517200000005e+01
2.501201201200000113e-01,-7.642707215000000076e+01,-7.888973971199999369e+01,-7.790594574300000374e+01,-8.815331486499999869e+01,-9.062139533200000585e+01
2.701301301299999791e-01,-7.935209613600000012e+01,-8.787409271900000363e+01,-8.072805794299999604e+01,-8.543766121800000235e+01,-7.494804638899999816e+01
2.901401401400000024e-01,-8.426305805699999496e+01,-7.956472658399999887e+01,-8.150737683600000594e+01,-8.134075254799999755e+01,-7.252364668100000245e+01
3.101501501499999702e-01,-9.240365690299999812e+01,-8.469578041699999460e+01,-8.254911880000000224e+01,-7.098164420300000188e+01,-7.489204193099999429e+01
3.301601601600000491e-01,-8.801138932199999942e+01,-8.635420593800000688e+01,-8.116552147000000161e+01,-8.231336363100000142e+01,-6.744358625899999993e+01
3.501701701700000169e-01,-7.575366239100000598e+01,-7.957603045400000497e+01,-7.456692663900000184e+01,-8.186025186800000597e+01,-7.562773151199999688e+01
3.701801801799999847e-01,-8.288423894000000303e+01,-7.626893715500000326e+01,-7.531666059900000221e+01,-8.631177374499999644e+01,-7.743347121499999730e+01
3.901901901900000080e-01,-7.890149301900000012e+01,-8.566906433600000526e+01,-8.126298462699999448e+01,-8.051949452899999926e+01,-8.042569469100000390e+01
4.102002001999999758e-01,-8.036355059599999606e+01,-7.849594040200000222e+01,-7.477045513199999505e+01,-8.076543617999999469e+01,-8.316591959000000145e+01
4.302102102099999992e-01,-6.960910315799999637e+01,-7.488140432900000576e+01,-7.726521688600000459e+01,-7.753468841100000475e+01,-7.060236320100000285e+01
4.502202202200000225e-01,-7.836539650100000642e+01,-7.724076932299999498e+01,-8.297529040599999917e+01,-7.763366940900000657e+01,-7.863772487699999658e+01
4.702302302300000458e-01,-7.369884285800000612e+01,-7.935057329100000345e+01,-7.924899364200000207e+01,-7.955749788599999306e+01,-6.957456601100000171e+01
4.902402402400000136e-01,-8.510279139899999734e+01,-8.321237544599999580e+01,-7.385720414899999753e+01,-7.839995806400000333e+01,-7.571769936600000506e+01
5.102502502500000370e-01,-7.072597798500000010e+01,-7.699339590200000316e+01,-6.837793090799999618e+01,-7.761712819999999624e+01,-6.527043810600000029e+01
5.302602602599999493e-01,-7.663211859400000492e+01,-7.562318395600000542e+01,-7.034280382199999337e+01,-8.641267323900000008e+01,-6.423223957199999745e+01
5.502702702699999726e-01,-8.415247331999999858e+01,-7.084355616499999542e+01,-7.103771388900000261e+01,-8.674260678100000632e+01,-6.225808459900000003e+01
5.702802802799999959e-01,-7.347476031200000079e+01,-7.617228305999999804e+01,-6.786369539000000373e+01,-6.864920380099999875e+01,-5.842983779400000088e+01
5.902902902899999082e-01,-7.123233874800000365e+01,-6.814020099500000072e+01,-6.377088513999999719e+01,-7.442301505000000361e+01,-5.723665146399999770e+01
6.103003002999999316e-01,-6.839837444100000141e+01,-7.403306940900000654e+01,-6.466668848700000183e+01,-6.746004674399999601e+01,-5.726466906499999965e+01
6.303103103099999549e-01,-7.096661750500000210e+01,-7.768454584500000237e+01,-6.089530965800000217e+01,-6.503166644300000598e+01,-5.325123128999999977e+01
6.503203203200000893e-01,-7.226789488999999378e+01,-7.301088214499999651e+01,-5.757024964699999714e+01,-7.060689945000000023e+01,-5.145049662000000268e+01
6.703303303300000016e-01,-8.012014067699999487e+01,-6.844143295099999591e+01,-5.547202816600000119e+01,-7.076523818399999755e+01,-4.955730821699999922e+01
6.903403403400000249e-01,-8.215998288000000116e+01,-6.090438598899999789e+01,-5.595981097800000015e+01,-7.414057184700000391e+01,-4.945848951499999657e+01
7.103503503500000482e-01,-6.655062935899999843e+01,-7.246258522399999435e+01,-5.482858737800000171e+01,-7.340325056000000359e+01,-4.802702222700000334e+01
7.303603603599999605e-01,-5.999878652400000334e+01,-6.269408419599999860e+01,-5.403368241199999744e+01,-7.307742502300000353e+01,-4.725993149100000323e+01
7.503703703699999839e-01,-5.726882893900000226e+01,-7.439575627899999688e+01,-5.234529181900000339e+01,-7.673742352200000028e+01,-4.593355034399999681e+01
7.703803803800000072e-01,-6.154813983500000063e+01,-5.903930282900000037e+01,-5.205254957500000046e+01,-6.886672357300000158e+01,-4.542470948199999725e+01
7.903903903900000305e-01,-5.783391329500000211e+01,-5.667370710000000145e+01,-5.170484440700000306e+01,-7.428067106100000672e+01,-4.563163889700000198e+01
8.104004003999999428e-01,-5.821077427899999890e+01,-5.708183377799999647e+01,-5.226043776899999926e+01,-6.847899071300000173e+01,-4.542829807799999742e+01
8.304104104099999661e-01,-5.850098786299999887e+01,-5.632153266699999961e+01,-5.092689755699999665e+01,-6.679092513800000575e+01,-4.500686755099999914e+01
8.504204204199999895e-01,-5.410932283500000040e+01,-5.571909532299999768e+01,-4.987007889800000271e+01,-6.040437350100000202e+01,-4.435327269199999733e+01
8.704304304299999018e-01,-5.394900861899999711e+01,-5.499045119499999856e+01,-4.992858441999999997e+01,-6.231894271600000224e+01,-4.319079943399999877e+01
8.904404404400000361e-01,-5.375651441099999772e+01,-5.486341258499999896e+01,-4.903321750799999990e+01,-6.473432123499999591e+01,-4.261830828800000148e+01
9.104504504500000595e-01,-5.260687101199999915e+01,-6.041026758000000285e+01,-4.855965341299999949e+01,-7.353958675900000230e+01,-4.178911979699999790e+01
9.304604604600000828e-01,-5.364807781399999698e+01,-5.823872391199999754e+01,-4.770278740700000242e+01,-6.646204696300000592e+01,-4.212685802499999710e+01
9.504704704699999951e-01,-5.440093221600000106e+01,-5.851186584599999918e+01,-4.737393119899999760e+01,-6.268072106599999671e+01,-4.285300579300000123e+01
9.704804804800000184e-01,-5.816988023199999702e+01,-6.181594404500000195e+01,-4.815966086400000279e+01,-6.426926797599999475e+01,-4.341979032199999722e+01
9.904904904900000417e-01,-5.937242991600000153e+01,-6.141904667400000051e+01,-4.838728132800000026e+01,-6.731869494100000395e+01,-4.434779398599999922e+01
1.010500500500000065e+00,-5.914414971099999718e+01,-6.118713036300000141e+01,-4.962001939499999992e+01,-6.939411708900000519e+01,-4.566922444800000136e+01
1.030510510500000088e+00,-6.404244688100000360e+01,-6.815116044500000214e+01,-5.051021011800000338e+01,-6.554963136000000645e+01,-4.492024068300000295e+01
1.050520520500000110e+00,-6.829138983100000360e+01,-6.825655021999999406e+01,-5.000509497499999867e+01,-6.742210500800000261e+01,-4.403930783300000229e+01
1.070530530499999911e+00,-6.635796034700000234e+01,-5.965912402899999734e+01,-4.899823993300000069e+01,-7.070231892300000709e+01,-4.416691722400000231e+01
1.090540540499999933e+00,-6.639253674799999771e+01,-5.872128800000000126e+01,-5.010521803599999657e+01,-6.667084490300000255e+01,-4.336831383599999867e+01
1.110550550599999964e+00,-6.597453572400000610e+01,-6.367397088900000313e+01,-4.907016650900000343e+01,-7.277285748799999965e+01,-4.282051888400000195e+01
1.130560560599999986e+00,-6.922720072399999935e+01,-9.096851855100000250e+01,-4.779936889199999683e+01,-6.596494236300000580e+01,-4.248554244000000324e+01
1.150570570600000009e+00,-8.660982607699999392e+01,-6.240381413400000099e+01,-4.815404382500000224e+01,-6.020182687500000185e+01,-4.155700362999999697e+01
1.170580580599999809e+00,-6.897384009099999957e+01,-6.627078803300000232e+01,-4.755375282400000003e+01,-6.473672857399999714e+01,-4.236864115099999850e+01
1.190590590599999832e+00,-7.727902601499999946e+01,-6.176502843699999801e+01,-4.711831969499999673e+01,-7.348930448800000192e+01,-4.233269196300000203e+01
1.210600600599999854e+00,-8.172456310600000506e+01,-6.399304739800000164e+01,-4.844468893900000239e+01,-7.058585196299999609e+01,-4.119347799900000240e+01
1.230610610599999877e+00,-6.415357527300000129e+01,-7.309620213200000194e+01,-4.717476302699999735e+01,-6.619580069100000230e+01,-4.065801730900000166e+01
1.250620620599999899e+00,-6.430907995200000471e+01,-6.540662569399999882e+01,-4.596263746599999678e+01,-6.247212549399999659e+01,-3.960256362599999846e+01
1.270630630599999922e+00,-8.132431559299999435e+01,-7.006637480000000551e+01,-4.466285573599999736e+01,-5.859749864300000155e+01,-3.879130637499999779e+01
1.290640640599999944e+00,-6.479303726499999527e+01,-7.260657686899999419e+01,-4.343912433100000214e+01,-5.740878254199999731e+01,-3.836156305400000122e+01
1.310650650699999975e+00,-6.274845151299999912e+01,-6.138500023600000333e+01,-4.337714863899999784e+01,-5.530794493399999823e+01,-3.790612944200000101e+01
1.330660660699999998e+00,-5.868213636299999791e+01,-6.613517061199999603e+01,-4.308700620900000189e+01,-5.708812315200000143e+01,-3.782152766600000149e+01
1.350670670700000020e+00,-6.018064592199999652e+01,-5.726886714300000136e+01,-4.351174258100000003e+01,-5.713008826600000134e+01,-3.717465977399999844e+01
1.370680680700000043e+00,-6.259254651199999842e+01,-5.787463450599999959e+01,-4.399240327100000059e+01,-5.918950972900000096e+01,-3.614925030700000264e+01
1.390690690700000065e+00,-5.768766031199999844e+01,-5.738467538999999817e+01,-4.279997935800000164e+01,-5.519722111400000131e+01,-3.541088664400000141e+01
1.410700700700000088e+00,-6.036020372200000139e+01,-5.595806281000000126e+01,-4.157890077999999789e+01,-5.939918290300000336e+01,-3.467145556999999911e+01
1.430710710700000110e+00,-5.888808449500000108e+01,-5.296880550600000248e+01,-4.012393785199999741e+01,-5.403348182199999883e+01,-3.372662112100000087e+01
1.450720720700000133e+00,-5.757844861299999906e+01,-5.832798655199999871e+01,-3.902406477200000268e+01,-5.400826840399999895e+01,-3.305283702500000231e+01
1.470730730700000155e+00,-5.556121204699999794e+01,-6.187750153199999659e+01,-3.871866714600000137e+01,-5.990280245200000309e+01,-3.220054068299999983e+01
1.490740740699999956e+00,-5.258922677900000053e+01,-6.498981905499999812e+01,-3.848319564799999881e+01,-5.888170614199999875e+01,-3.158400455199999968e+01
1.510750750799999986e+00,-5.128832228200000287e+01,-5.557614392299999651e+01,-3.674598541600000345e+01,-6.054381007799999992e+01,-3.098036555899999911e+01
1.530760760800000009e+00,-5.123346081700000099e+01,-5.372463259399999913e+01,-3.516364462699999649e+01,-8.998882690799999295e+01,-3.019798279600000157e+01
1.550770770800000031e+00,-5.012806955100000295e+01,-5.737252933399999932e+01,-3.423889058200000335e+01,-6.451125043700000106e+01,-2.938628168800000040e+01
1.570780780800000054e+00,-5.205777101999999701e+01,-5.569939723099999895e+01,-3.370173866199999679e+01,-6.094834731299999930e+01,-2.893250660100000005e+01
1.590790790799999854e+00,-5.130277341699999738e+01,-5.960035062899999758e+01,-3.312244660500000037e+01,-5.835754288399999723e+01,-2.893730146700000105e+01
1.610800800799999877e+00,-5.048226454899999993e+01,-5.486662205900000089e+01,-3.291121117400000173e+01,-5.785458512900000017e+01,-2.892324402799999916e+01
1.630810810799999899e+00,-4.780097644300000326e+01,-5.075404115199999922e+01,-3.232896874099999707e+01,-5.903037754599999687e+01,-2.887785356499999878e+01
1.650820820799999922e+00,-4.530555501100000271e+01,-5.164301895500000228e+01,-3.152364059499999982e+01,-5.469413227100000086e+01,-2.864773699299999876e+01
1.670830830799999944e+00,-4.453661046199999873e+01,-7.079199551099999610e+01,-3.090384824999999935e+01,-5.314206675199999808e+01,-2.853725894700000154e+01
1.690840840799999967e+00,-4.388388795899999906e+01,-5.421532976799999659e+01,-3.019410076500000173e+01,-5.707329205700000330e+01,-2.833650579500000077e+01
1.710850850899999998e+00,-4.241055200699999972e+01,-4.938321826100000322e+01,-2.922556185899999903e+01,-6.196836880499999722e+01,-2.816072909800000090e+01
1.730860860900000020e+00,-4.309811493299999796e+01,-4.872391116699999714e+01,-2.918003620500000039e+01,-5.380372127199999710e+01,-2.757701866900000098e+01
1.750870870900000043e+00,-4.459392208599999918e+01,-5.287872545700000160e+01,-3.053431664000000012e+01,-5.051582853400000062e+01,-2.687943572000000003e+01
1.770880880900000065e+00,-4.440480366399999923e+01,-5.469844065800000266e+01,-3.089725582299999829e+01,-5.080042974300000225e+01,-2.688018836799999889e+01
1.790890890900000088e+00,-4.485270754100000090e+01,-5.242350975099999744e+01,-3.123708007700000167e+01,-5.540206708600000240e+01,-2.700808213999999907e+01
1.810900900900000110e+00,-4.522629229799999706e+01,-6.069056441099999688e+01,-3.196554281399999908e+01,-5.516369642200000101e+01,-2.767640992100000119e+01
1.830910910900000133e+00,-4.776392738100000201e+01,-9.740099133200000381e+01,-3.245163395699999853e+01,-5.541626003300000036e+01,-2.875109448799999967e+01
1.850920920900000155e+00,-5.092311107599999787e+01,-5.935842425399999911e+01,-3.311715091899999663e+01,-5.553060447299999680e+01,-2.969135874899999905e+01
1.870930930900000178e+00,-5.247138025299999953e+01,-5.883924142899999765e+01,-3.331822356100000349e+01,-5.317000421499999874e+01,-3.044308972600000018e+01
1.890940940900000200e+00,-5.621487771900000041e+01,-6.351305347400000301e+01,-3.362404930000000292e+01,-5.795066929600000094e+01,-3.118906420400000101e+01
1.910950951000000009e+00,-5.738452972900000049e+01,-5.993140439799999797e+01,-3.371354183100000057e+01,-6.157529878399999745e+01,-3.176038313700000160e+01
1.930960961000000031e+00,-5.908385632200000259e+01,-5.988052949600000119e+01,-3.331325339299999655e+01,-5.880883098500000017e+01,-3.182377599799999857e+01
1.950970971000000054e+00,-5.640371627799999743e+01,-5.527477676499999859e+01,-3.351490221400000280e+01,-5.508164713000000035e+01,-3.146683547599999997e+01
1.970980981000000076e+00,-5.609303912299999695e+01,-5.525951256300000125e+01,-3.362761755900000082e+01,-5.641678596599999906e+01,-3.097207385200000118e+01
1.990990991000000099e+00,-5.536526256900000220e+01,-5.774045726399999978e+01,-3.347402460299999660e+01,-5.725074290900000307e+01,-3.048868790499999903e+01
2.011001000999999899e+00,-5.216950493600000271e+01,-6.027552126900000218e+01,-3.326669002599999914e+01,-5.774930840100000040e+01,-3.003329210300000085e+01
2.031011010999999922e+00,-5.048707375600000091e+01,-5.400305862100000098e+01,-3.349526075499999678e+01,-5.702191867799999869e+01,-2.981775292100000030e+01
2.051021020999999944e+00,-4.963635246100000131e+01,-5.207050222099999814e+01,-3.333750589999999647e+01,-5.978711038499999830e+01,-2.955358833400000051e+01
2.071031030999999967e+00,-5.089400958000000230e+01,-5.122335678799999670e+01,-3.329340122299999649e+01,-6.627338109900000518e+01,-2.963602393800000101e+01
2.091041040999999989e+00,-5.230874559899999809e+01,-4.994285436100000197e+01,-3.313073293699999766e+01,-6.230228204499999833e+01,-2.950428196600000064e+01
2.111051051100000020e+00,-4.975503620599999977e+01,-4.993360393700000088e+01,-3.328037207300000233e+01,-5.928941387500000104e+01,-2.943028079300000144e+01
2.131061061100000043e+00,-4.865897549299999980e+01,-4.895801129699999876e+01,-3.325794712500000117e+01,-5.494036165100000346e+01,-2.986453292199999865e+01
2.151071071100000065e+00,-4.882193061499999942e+01,-4.920137043300000101e+01,-3.328174553600000252e+01,-5.194496269700000113e+01,-2.994793434099999985e+01
2.171081081100000088e+00,-4.794305075900000190e+01,-5.083041741800000324e+01,-3.308420434599999993e+01,-5.043987464199999948e+01,-3.027377476599999895e+01
2.191091091100000110e+00,-4.770050913800000103e+01,-5.171553336200000217e+01,-3.283900177200000314e+01,-5.072843425300000320e+01,-3.086891427799999832e+01
2.211101101099999688e+00,-4.654506296800000342e+01,-5.076333535700000255e+01,-3.273431707799999657e+01,-5.282033435599999649e+01,-3.177639248999999921e+01
2.231111111099999711e+00,-4.797575566599999775e+01,-5.393997777999999954e+01,-3.275218916600000085e+01,-5.467898568100000034e+01,-3.207240236599999861e+01
2.251121121099999733e+00,-4.711034252000000322e+01,-5.532737600800000166e+01,-3.282678938499999788e+01,-5.908268667099999760e+01,-3.187516586799999985e+01
2.271131131099999756e+00,-4.820178968399999775e+01,-5.524551025299999907e+01,-3.271454881199999676e+01,-5.911359404000000239e+01,-3.202486014200000142e+01
2.291141141099999778e+00,-4.925751904599999875e+01,-5.485714385099999646e+01,-3.315958709299999896e+01,-5.936379871700000166e+01,-3.206233243199999805e+01
2.311151151199999809e+00,-5.038269589499999768e+01,-5.228883402200000319e+01,-3.330672736599999695e+01,-7.187352310500000385e+01,-3.162462850400000036e+01
2.331161161199999832e+00,-5.079732167699999934e+01,-5.435560618699999935e+01,-3.335157923500000265e+01,-6.342213976899999750e+01,-3.079719910400000060e+01
2.351171171199999854e+00,-5.221354828100000134e+01,-5.002477578500000277e+01,-3.261423033100000168e+01,-5.731956029799999897e+01,-3.010870534500000062e+01
2.371181181199999877e+00,-5.006126685000000265e+01,-4.891152757500000092e+01,-3.184986659000000131e+01,-5.611645545799999724e+01,-2.903418774300000038e+01
2.391191191199999899e+00,-4.948679935199999846e+01,-4.862753130099999765e+01,-3.165889845099999889e+01,-5.631387818000000323e+01,-2.810592330600000111e+01
2.411201201199999922e+00,-4.841317745599999967e+01,-4.959965390699999688e+01,-3.144878270799999953e+01,-5.266587103399999847e+01,-2.736249496499999978e+01
2.431211211199999944e+00,-4.882998537099999936e+01,-4.950023294599999701e+01,-3.111431007599999887e+01,-5.374743064100000112e+01,-2.709036970000000011e+01
2.451221221199999967e+00,-4.837328066399999926e+01,-5.154462818100000021e+01,-3.083609290700000116e+01,-5.477032407099999745e+01,-2.712847915000000043e+01
2.471231231199999989e+00,-4.840168707800000192e+01,-5.004014226000000320e+01,-3.077547515299999858e+01,-6.071803497599999844e+01,-2.737735537600000058e+01
2.491241241200000012e+00,-4.741084181000000086e+01,-4.968150183099999850e+01,-3.076943477400000049e+01,-6.118531351499999715e+01,-2.755710929299999989e+01
2.511251251300000042e+00,-4.967019332499999962e+01,-5.016754965599999849e+01,-3.074072488399999870e+01,-5.959135430900000330e+01,-2.766366647799999967e+01
2.531261261300000065e+00,-4.950375955900000235e+01,-5.088539983399999755e+01,-3.165151699899999826e+01,-6.000480822099999756e+01,-2.806797281800000121e+01
2.551271271300000087e+00,-5.350065657700000088e+01,-5.167229827500000283e+01,-3.174862401100000042e+01,-5.688051506800000112e+01,-2.840286765999999830e+01
2.571281281300000110e+00,-5.359729167300000086e+01,-5.005849430399999989e+01,-3.191491631699999942e+01,-5.952010328899999791e+01,-2.921056825799999856e+01
2.591291291300000132e+00,-5.541365005000000110e+01,-4.766926628200000238e+01,-3.236815690099999898e+01,-5.807365322300000088e+01,-2.978233864899999972e+01
2.611301301300000155e+00,-5.665436908899999935e+01,-4.885540220899999753e+01,-3.246203845600000193e+01,-6.153002788999999950e+01,-3.025347881200000089e+01
2.631311311300000177e+00,-5.539494360100000137e+01,-4.734996198200000350e+01,-3.253555104200000159e+01,-6.090967609599999832e+01,-3.082552767299999985e+01
2.651321321300000200e+00,-5.522856677000000047e+01,-4.770397151000000235e+01,-3.273577835599999730e+01,-5.407512918900000187e+01,-3.142763597100000084e+01
2.671331331300000222e+00,-5.624291616699999707e+01,-4.736094850100000286e+01,-3.297147070599999807e+01,-5.496300123799999682e+01,-3.224359505200000342e+01
2.691341341300000245e+00,-5.728926499399999983e+01,-4.905365820800000165e+01,-3.290689409099999807e+01,-5.441566514299999824e+01,-3.310041338799999977e+01
2.711351351400000276e+00,-5.588610334900000254e+01,-4.825920427599999840e+01,-3.320389695000000074e+01,-5.587539558299999953e+01,-3.333577412100000004e+01
2.731361361400000298e+00,-5.734680547600000011e+01,-5.014432403800000060e+01,-3.320013113299999929e+01,-6.152372046299999653e+01,-3.347468077700000322e+01
2.751371371399999877e+00,-5.686998495899999995e+01,-5.019286008400000298e+01,-3.349095659399999647e+01,-5.724797918899999871e+01,-3.297677623300000249e+01
2.771381381399999899e+00,-5.690817326500000206e+01,-5.087991275699999960e+01,-3.321478403399999735e+01,-6.028421877000000251e+01,-3.301728354299999779e+01
2.791391391399999922e+00,-6.097641836500000068e+01,-5.526820274100000319e+01,-3.313765383900000216e+01,-6.277549889099999803e+01,-3.305415305399999681e+01
2.811401401399999944e+00,-5.504616923700000086e+01,-6.103687927600000052e+01,-3.306233102800000268e+01,-6.301886195499999843e+01,-3.326541870599999839e+01
2.831411411399999967e+00,-5.265394005200000294e+01,-5.677354361700000140e+01,-3.274829098099999669e+01,-7.236781071900000484e+01,-3.350272535500000259e+01
2.851421421399999989e+00,-5.781031756499999830e+01,-5.837481748799999792e+01,-3.229460541600000312e+01,-6.301486376199999739e+01,-3.411911793299999829e+01
2.871431431400000012e+00,-5.229193669899999719e+01,-6.370442243800000170e+01,-3.220042322900000187e+01,-5.956424550799999906e+01,-3.494976411399999705e+01
2.891441441400000034e+00,-5.206647116199999914e+01,-6.077550547100000244e+01,-3.205152956100000239e+01,-5.620639069300000301e+01,-3.573727002900000116e+01
2.911451451500000065e+00,-5.120209732299999672e+01,-6.540250808899999413e+01,-3.196521286200000134e+01,-6.260755795099999688e+01,-3.597980464700000169e+01
2.931461461500000087e+00,-5.099060335200000083e+01,-6.606142221099999290e+01,-3.180292120400000044e+01,-6.274802055899999687e+01,-3.599885305699999805e+01
2.951471471500000110e+00,-5.065476760500000353e+01,-6.086075063999999912e+01,-3.196078552499999859e+01,-5.531681676400000214e+01,-3.605581373300000081e+01
2.971481481500000132e+00,-4.983306677800000273e+01,-6.310670714399999781e+01,-3.170971074699999903e+01,-5.878500880200000012e+01,-3.594629281600000326e+01
2.991491491500000155e+00,-5.090280150699999950e+01,-5.601370811299999986e+01,-3.122411475799999891e+01,-5.732757855399999869e+01,-3.569440477999999928e+01
3.011501501500000177e+00,-4.871626127300000064e+01,-5.373635350499999674e+01,-3.109241850000000085e+01,-5.772069909599999704e+01,-3.529934083999999928e+01
3.031511511500000200e+00,-4.820547780500000101e+01,-6.080680675600000029e+01,-3.118117167600000172e+01,-5.606256900399999665e+01,-3.470581825099999662e+01
3.051521521499999778e+00,-4.707258971499999944e+01,-7.419006023199999333e+01,-3.105458022999999912e+01,-5.502514118199999871e+01,-3.368996639800000281e+01
3.071531531499999801e+00,-4.662470324899999952e+01,-6.336386861199999743e+01,-3.091701249100000126e+01,-5.855151676700000252e+01,-3.269460773800000197e+01
3.091541541499999823e+00,-4.839342585800000052e+01,-5.376950667199999856e+01,-3.069595790199999996e+01,-5.779038630499999840e+01,-3.200228105099999709e+01
3.111551551599999854e+00,-4.698747472200000175e+01,-5.322399218300000001e+01,-3.047307043600000043e+01,-6.182478901100000002e+01,-3.098047201400000006e+01
3.131561561599999877e+00,-4.466958939100000237e+01,-5.374661995900000022e+01,-3.024510021400000070e+01,-6.428938548799999353e+01,-3.013651152199999927e+01
3.151571571599999899e+00,-4.580382531800000123e+01,-5.168981649599999884e+01,-2.991589557400000032e+01,-5.317039112199999806e+01,-2.956924440799999942e+01
3.171581581599999922e+00,-4.574626529799999730e+01,-5.118014947300000017e+01,-3.005610361000000097e+01,-5.613903400699999935e+01,-2.892473801099999875e+01
3.191591591599999944e+00,-4.656997857599999691e+01,-5.177730506799999688e+01,-2.972123844700000106e+01,-5.521719103699999920e+01,-2.812467264500000041e+01
3.211601601599999967e+00,-4.561709274999999764e+01,-4.861739474099999825e+01,-2.944671722100000011e+01,-5.729020549100000181e+01,-2.781250004400000009e+01
3.231611611599999989e+00,-4.471501212900000155e+01,-5.087588255200000020e+01,-2.941155832500000145e+01,-5.512395882599999908e+01,-2.719696300500000063e+01
3.251621621600000012e+00,-4.588656862700000261e+01,-5.119564166699999674e+01,-2.924843855800000014e+01,-5.597243294199999752e+01,-2.651446987899999996e+01
3.271631631600000034e+00,-4.445602275000000247e+01,-4.938776915100000053e+01,-2.915147217999999896e+01,-5.751234632100000255e+01,-2.621908273300000047e+01
3.291641641600000057e+00,-4.376079354200000182e+01,-4.854447416000000004e+01,-2.918171601999999965e+01,-5.510883982600000053e+01,-2.560246917399999944e+01
3.311651651699999643e+00,-4.143047054099999826e+01,-5.381755515599999740e+01,-2.905040266399999993e+01,-5.750173948300000148e+01,-2.517824508400000028e+01
3.331661661699999666e+00,-4.212318897400000139e+01,-5.179865078600000317e+01,-2.893155622200000110e+01,-5.949538905200000016e+01,-2.489494307400000039e+01
3.351671671699999688e+00,-4.228738983200000234e+01,-5.672468762199999759e+01,-2.880515120400000129e+01,-5.565866346399999998e+01,-2.476977971999999895e+01
3.371681681699999711e+00,-4.198326629000000310e+01,-5.232472880600000309e+01,-2.915741886500000035e+01,-5.759769514300000282e+01,-2.465543879499999846e+01
3.391691691699999733e+00,-4.280654462300000063e+01,-5.511482078699999931e+01,-2.912193233700000050e+01,-5.364301740799999862e+01,-2.438236076300000121e+01
3.411701701699999756e+00,-4.170158834000000070e+01,-5.116739069799999839e+01,-2.905962027500000033e+01,-5.756323119599999671e+01,-2.437716829400000051e+01
3.431711711699999778e+00,-4.217820957600000042e+01,-5.019550222899999881e+01,-2.914491196199999834e+01,-5.633644485199999963e+01,-2.404405001700000000e+01
3.451721721699999801e+00,-4.343592870100000169e+01,-4.770376028599999785e+01,-2.954807551400000065e+01,-5.603590833900000234e+01,-2.369713489300000120e+01
3.471731731699999823e+00,-4.059966333700000263e+01,-5.560075745000000325e+01,-2.961795315099999826e+01,-5.794694444299999958e+01,-2.331120213899999882e+01
3.491741741699999846e+00,-4.094226356099999720e+01,-5.618533345699999870e+01,-2.985657616599999997e+01,-5.574892100800000350e+01,-2.320548387499999876e+01
3.511751751800000321e+00,-4.227257752599999918e+01,-5.408277625699999902e+01,-2.991095800200000099e+01,-5.316637520500000136e+01,-2.284598079799999937e+01
3.531761761800000343e+00,-4.046188394800000054e+01,-5.706596216900000229e+01,-2.981976445200000114e+01,-5.670037341399999775e+01,-2.252075282699999903e+01
3.551771771800000366e+00,-3.983080077099999983e+01,-4.998025289699999973e+01,-2.999062958600000073e+01,-5.488583613499999814e+01,-2.236383486800000142e+01
3.571781781800000388e+00,-4.021756135900000118e+01,-5.306962590300000215e+01,-3.017378118999999970e+01,-5.656509830299999919e+01,-2.237909055900000155e+01
3.591791791800000411e+00,-3.868164029300000095e+01,-4.966009031699999809e+01,-3.016292407499999939e+01,-6.361571591100000234e+01,-2.232675619500000153e+01
3.611801801799999989e+00,-3.853333050999999898e+01,-5.055736351499999870e+01,-3.020370666599999865e+01,-5.576309510600000152e+01,-2.233359035100000156e+01
3.631811811800000012e+00,-3.870675674999999671e+01,-5.366942344999999648e+01,-3.045822837700000107e+01,-6.123992600700000111e+01,-2.243161465900000096e+01
3.651821821800000034e+00,-3.806965974900000305e+01,-5.174364929699999749e+01,-3.077951940699999867e+01,-5.584546839400000096e+01,-2.245421409200000085e+01
3.671831831800000057e+00,-3.805505471299999698e+01,-5.343056399999999684e+01,-3.134995307599999848e+01,-7.184039989500000445e+01,-2.244981420199999889e+01
3.691841841800000079e+00,-3.715833173800000111e+01,-5.813370734000000084e+01,-3.156471450000000090e+01,-5.639441363899999970e+01,-2.235688944800000044e+01
3.711851851900000110e+00,-3.815685218600000184e+01,-5.399185994300000146e+01,-3.167196226100000089e+01,-6.142407116199999706e+01,-2.242146637800000164e+01
3.731861861900000132e+00,-3.786268991200000045e+01,-5.163294511000000142e+01,-3.232607347199999737e+01,-6.165159267899999662e+01,-2.263657744900000068e+01
3.751871871900000155e+00,-3.654785366299999794e+01,-5.473978149399999893e+01,-3.182871162400000031e+01,-6.493482604199999741e+01,-2.277800912800000077e+01
3.771881881900000177e+00,-3.644043451999999661e+01,-5.626551577499999723e+01,-3.173027245100000115e+01,-6.142762703900000076e+01,-2.296522594800000050e+01
3.791891891900000200e+00,-3.690717051200000043e+01,-4.817652289600000159e+01,-3.205635923199999837e+01,-5.873703130100000180e+01,-2.329225231199999868e+01
3.811901901900000222e+00,-3.564734927199999959e+01,-4.648218934300000171e+01,-3.220383761899999797e+01,-5.981048135999999715e+01,-2.357470859000000019e+01
3.831911911900000245e+00,-3.563344865399999861e+01,-4.817036739200000284e+01,-3.212015965900000225e+01,-6.233589431000000047e+01,-2.388500235900000135e+01
3.851921921900000267e+00,-3.549744165399999929e+01,-4.789494397400000025e+01,-3.233277911300000085e+01,-6.573411436499999638e+01,-2.396142962800000120e+01
3.871931931900000290e+00,-3.560730880100000206e+01,-4.873347859399999749e+01,-3.209147003900000072e+01,-6.683597583200000258e+01,-2.449282182500000005e+01
3.891941941900000312e+00,-3.555976338300000350e+01,-4.933156087300000081e+01,-3.223748329699999715e+01,-7.529182943300000375e+01,-2.444075899099999916e+01
3.911951951999999899e+00,-3.553723848599999968e+01,-4.984150830200000115e+01,-3.260386905200000029e+01,-6.360620951199999951e+01,-2.479158794499999985e+01
3.931961961999999922e+00,-3.560199928099999767e+01,-5.381806627600000326e+01,-3.367215773699999914e+01,-5.801105625200000304e+01,-2.506036019300000106e+01
3.951971971999999944e+00,-3.529796006800000185e+01,-5.464801099000000306e+01,-3.355524579099999727e+01,-7.136280229700000177e+01,-2.526364229600000044e+01
3.971981981999999967e+00,-3.558630757099999897e+01,-4.882607768999999820e+01,-3.352244364799999943e+01,-6.766575281100000439e+01,-2.562812039199999958e+01
3.991991991999999989e+00,-3.551502995900000315e+01,-4.588523071899999906e+01,-3.415224315999999760e+01,-5.491976253899999705e+01,-2.563455589399999823e+01
4.012002002000000012e+00,-3.519519601599999703e+01,-4.647219098200000076e+01,-3.436587858800000106e+01,-5.859181367200000068e+01,-2.569563063700000072e+01
4.032012012000000034e+00,-3.602994556400000192e+01,-4.751671091299999716e+01,-3.531257140600000355e+01,-6.254595885599999860e+01,-2.607515417400000146e+01
4.052022022000000057e+00,-3.677938689700000197e+01,-4.705260762300000010e+01,-3.553555184300000036e+01,-6.222534240299999908e+01,-2.618128080099999977e+01
4.072032032000000079e+00,-3.610933194100000065e+01,-4.340086967100000237e+01,-3.495588472499999710e+01,-5.659278472500000134e+01,-2.634548101100000039e+01
4.092042042000000102e+00,-3.612509048799999789e+01,-4.394961432699999904e+01,-3.510332725199999970e+01,-5.544533172599999915e+01,-2.682722472500000066e+01
4.112052052100000132e+00,-3.774232947000000138e+01,-4.355413758899999976e+01,-3.539575729999999965e+01,-5.586425926999999803e+01,-2.694156439800000058e+01
4.132062062100000155e+00,-3.745776830399999824e+01,-4.376957696200000214e+01,-3.580948062400000254e+01,-5.637325220299999984e+01,-2.697035804800000136e+01
4.152072072100000177e+00,-3.752656418400000149e+01,-4.454563305399999962e+01,-3.618810773500000266e+01,-5.937148950699999972e+01,-2.707711689699999980e+01
4.172082082100000200e+00,-3.804321125599999931e+01,-4.748019983900000085e+01,-3.606439662199999674e+01,-7.409371275200000184e+01,-2.707219151600000018e+01
4.192092092100000222e+00,-3.770664522199999880e+01,-4.631285615200000194e+01,-3.719257579300000316e+01,-6.354512586700000298e+01,-2.756723598600000003e+01
4.212102102100000245e+00,-3.813757269700000307e+01,-4.484803676700000352e+01,-3.846596969699999846e+01,-5.645699224399999849e+01,-2.797065556900000161e+01
4.232112112100000267e+00,-3.807114527600000287e+01,-4.388328337899999809e+01,-4.066413677799999959e+01,-5.902556884199999843e+01,-2.826485855299999983e+01
4.252122122100000290e+00,-3.946870259399999981e+01,-4.377743313799999925e+01,-3.954288168000000070e+01,-6.208930869900000005e+01,-2.862183450599999901e+01
4.272132132100000312e+00,-3.967953793099999871e+01,-4.483835027899999659e+01,-3.975467931699999724e+01,-5.578376128099999676e+01,-2.825632206899999943e+01
4.292142142100000335e+00,-4.120662325299999651e+01,-4.416300592099999989e+01,-4.081433821099999903e+01,-6.344003187500000251e+01,-2.831241933600000138e+01
4.312152152199999477e+00,-3.938333060699999777e+01,-4.201737571400000348e+01,-4.420995058900000174e+01,-6.079435351099999707e+01,-2.834621232199999952e+01
4.332162162199999500e+00,-3.950553036899999881e+01,-4.317297452100000044e+01,-4.451506035100000247e+01,-6.207656928499999793e+01,-2.833989036599999878e+01
4.352172172199999522e+00,-4.104411062599999838e+01,-4.607646675299999828e+01,-4.601239231800000340e+01,-5.775271552400000274e+01,-2.850187073100000035e+01
4.372182182199999545e+00,-4.079631624000000301e+01,-4.335900504300000335e+01,-4.926655936899999944e+01,-6.872363523500000326e+01,-2.818104608100000164e+01
4.392192192199999567e+00,-4.302674289099999783e+01,-4.562009690699999709e+01,-4.664644265900000164e+01,-5.326549407600000308e+01,-2.809296578000000011e+01
4.412202202199999590e+00,-4.160339685900000006e+01,-4.724952172799999772e+01,-6.015571873799999736e+01,-6.270255638199999737e+01,-2.835119806399999831e+01
4.432212212199999612e+00,-4.145187062499999797e+01,-4.434603502499999905e+01,-5.369578291700000250e+01,-5.399751369500000209e+01,-2.836373086400000076e+01
4.452222222199999635e+00,-4.001996747999999826e+01,-4.167779901400000142e+01,-4.742939714599999945e+01,-5.315638089800000188e+01,-2.859876382199999867e+01
4.472232232199999657e+00,-4.087115682900000024e+01,-4.259323673899999818e+01,-4.370792015600000013e+01,-5.084193266999999850e+01,-2.895915597899999838e+01
4.492242242199999680e+00,-4.121527273299999905e+01,-4.400223310799999865e+01,-4.695264698199999742e+01,-6.118844034600000015e+01,-2.934020064699999963e+01
4.512252252300000599e+00,-4.072597495000000123e+01,-4.274663134000000042e+01,-5.033961444300000210e+01,-5.092990902700000078e+01,-3.011225440200000136e+01
4.532262262300000621e+00,-4.160634831099999786e+01,-4.112732494200000133e+01,-4.362960154200000318e+01,-5.685130639399999808e+01,-3.070536426299999988e+01
4.552272272299999756e+00,-4.122146918499999657e+01,-4.141347009300000082e+01,-4.400479637499999797e+01,-4.841695998499999831e+01,-3.158249296900000047e+01
4.572282282299999778e+00,-3.913833668499999874e+01,-4.285649888900000093e+01,-4.364201667999999756e+01,-4.890629554099999865e+01,-3.219419464100000283e+01
4.592292292299999801e+00,-3.990832977600000220e+01,-3.908690959199999782e+01,-4.175259613400000092e+01,-4.857070615500000343e+01,-3.271105002099999837e+01
4.612302302299999823e+00,-4.046580187499999681e+01,-4.046332396199999692e+01,-4.161052734500000128e+01,-4.763206287100000225e+01,-3.332287245900000272e+01
4.632312312299999846e+00,-3.941002116100000308e+01,-3.998777880099999749e+01,-3.874818528099999781e+01,-4.923353142799999915e+01,-3.311262948800000316e+01
4.652322322299999868e+00,-4.168651166600000124e+01,-3.878385099500000166e+01,-3.750343063500000085e+01,-4.712273831400000290e+01,-3.315269443399999716e+01
4.672332332299999891e+00,-3.940277829600000103e+01,-3.832078605200000254e+01,-3.674505288600000341e+01,-4.702487975999999748e+01,-3.275210608399999757e+01
4.692342342299999913e+00,-3.906703816600000323e+01,-3.929575502699999845e+01,-3.629950350400000048e+01,-5.024768720099999797e+01,-3.260592764599999782e+01
4.712352352399999944e+00,-3.984444574399999794e+01,-3.896102975299999827e+01,-3.575467900700000001e+01,-5.055401215999999920e+01,-3.092802849699999967e+01
4.732362362399999967e+00,-3.999023491300000188e+01,-3.966579840499999676e+01,-3.429812874699999981e+01,-4.823412609100000026e+01,-3.019480817000000172e+01
4.752372372399999989e+00,-4.010199061400000176e+01,-3.713527593199999899e+01,-3.307518784199999828e+01,-4.491609509900000319e+01,-2.935051739200000043e+01
4.772382382400000012e+00,-4.236717091599999918e+01,-3.869756329399999828e+01,-3.206180719599999662e+01,-4.305111639999999795e+01,-2.888415102800000156e+01
4.792392392400000034e+00,-4.214752307799999897e+01,-3.765566319999999934e+01,-3.114177517899999970e+01,-4.265042912399999864e+01,-2.851013498200000029e+01
4.812402402400000057e+00,-4.190128412600000019e+01,-3.736068922700000172e+01,-3.012943618099999910e+01,-4.330331958000000014e+01,-2.830929863700000126e+01
4.832412412399999191e+00,-4.201479379799999947e+01,-3.782370303300000103e+01,-2.982638896199999934e+01,-4.594797218600000122e+01,-2.803585625099999845e+01
4.852422422399999213e+00,-4.165263175300000142e+01,-3.776310044299999902e+01,-2.889359822400000155e+01,-4.317311163499999793e+01,-2.814843462099999982e+01
4.872432432399999236e+00,-4.199173711899999972e+01,-3.624467502299999921e+01,-2.776590105200000025e+01,-4.511031739500000270e+01,-2.790479235000000102e+01
4.892442442399999258e+00,-4.317462750699999674e+01,-3.601883712000000060e+01,-2.737642119399999885e+01,-4.209344389299999989e+01,-2.783485973399999835e+01
4.912452452500000177e+00,-4.259732969499999911e+01,-3.515742371300000002e+01,-2.744774340000000024e+01,-4.567173109600000203e+01,-2.780083424300000061e+01
4.932462462500000200e+00,-4.373403502600000081e+01,-3.592962479199999848e+01,-2.646662849999999878e+01,-4.355854440699999941e+01,-2.778432992400000145e+01
4.952472472500000222e+00,-4.305146984299999957e+01,-3.719868053500000116e+01,-2.580282541800000118e+01,-4.250792002200000042e+01,-2.762510962600000042e+01
4.972482482500000245e+00,-4.169140819900000139e+01,-3.778988827900000302e+01,-2.571189135799999903e+01,-4.284932677799999823e+01,-2.761832898500000155e+01
4.992492492500000267e+00,-4.111830780100000027e+01,-3.815309972699999719e+01,-2.529504364599999988e+01,-4.629410783400000184e+01,-2.786362673000000001e+01
5.012502502500000290e+00,-4.211300825099999656e+01,-3.707158986900000031e+01,-2.468232480600000045e+01,-4.231388014400000230e+01,-2.821551119500000127e+01
5.032512512500000312e+00,-4.065025989600000145e+01,-3.739672560700000048e+01,-2.441871592300000060e+01,-4.670484154199999693e+01,-2.825340677399999834e+01
5.052522522500000335e+00,-4.158298694100000148e+01,-3.855380329199999778e+01,-2.418600769600000078e+01,-4.348325435400000316e+01,-2.849532368499999890e+01
5.072532532500000357e+00,-4.032715778000000029e+01,-3.798343489599999856e+01,-2.403342719600000166e+01,-4.507683260299999972e+01,-2.847009890100000007e+01
5.092542542500000380e+00,-4.111460531000000174e+01,-3.698696186699999799e+01,-2.366046093799999994e+01,-4.587475532999999928e+01,-2.832772117900000097e+01
5.112552552600000411e+00,-4.159014579899999831e+01,-3.630401219099999821e+01,-2.358712840700000157e+01,-4.607734685300000166e+01,-2.887763671700000145e+01
5.132562562600000433e+00,-4.090956017199999906e+01,-3.547052286600000315e+01,-2.317031855100000115e+01,-4.694859709499999667e+01,-2.903189128500000038e+01
5.152572572600000456e+00,-4.178799300600000066e+01,-3.535010609900000134e+01,-2.302880499500000155e+01,-4.456086638600000072e+01,-2.957385023499999832e+01
5.172582582600000478e+00,-4.250627587700000021e+01,-3.566440821399999805e+01,-2.317541105300000126e+01,-5.029693224700000087e+01,-3.020648589400000006e+01
5.192592592600000501e+00,-4.363913682500000135e+01,-3.504154258399999833e+01,-2.300724357400000031e+01,-4.562408637800000122e+01,-3.050183312900000132e+01
5.212602602600000523e+00,-4.261523755300000005e+01,-3.514143779399999801e+01,-2.285097838900000156e+01,-5.041013672799999767e+01,-3.104616562500000043e+01
5.232612612600000546e+00,-4.368537606999999667e+01,-3.427270921099999867e+01,-2.292780533599999870e+01,-4.600624561200000073e+01,-3.219417875300000276e+01
5.252622622600000568e+00,-4.468396196500000173e+01,-3.369919683599999871e+01,-2.256676420699999852e+01,-4.633992980600000067e+01,-3.238883906600000273e+01
5.272632632600000591e+00,-4.294038564800000302e+01,-3.532575910900000338e+01,-2.282013704699999934e+01,-4.696085411600000015e+01,-3.324316463800000321e+01
5.292642642600000613e+00,-4.353346925400000345e+01,-3.520545995399999839e+01,-2.280565731500000126e+01,-5.110445964699999877e+01,-3.375272793799999960e+01
5.312652652699999756e+00,-4.552096361800000324e+01,-3.453801438499999676e+01,-2.264698194600000036e+01,-4.676577484100000248e+01,-3.492669661600000097e+01
5.332662662699999778e+00,-4.450653077100000132e+01,-3.525949912200000114e+01,-2.248827783000000125e+01,-4.456410662599999739e+01,-3.312601244999999750e+01
5.352672672699999801e+00,-4.848666564199999840e+01,-3.314521246000000332e+01,-2.245904314399999890e+01,-4.764422015499999929e+01,-3.448886748700000027e+01
5.372682682699999823e+00,-4.707255241000000012e+01,-3.395005543199999920e+01,-2.266953456599999939e+01,-5.166838368700000217e+01,-3.600003342699999820e+01
5.392692692699999846e+00,-4.877223257899999709e+01,-3.446691496100000052e+01,-2.251133779599999940e+01,-5.034398750900000152e+01,-3.527220320899999706e+01
5.412702702699999868e+00,-4.878746189000000300e+01,-3.427618045999999907e+01,-2.271633554900000007e+01,-4.997106200199999648e+01,-3.647828006600000350e+01
5.432712712699999891e+00,-4.484740240800000066e+01,-3.382034978200000097e+01,-2.318036933500000174e+01,-4.896824480000000079e+01,-3.566334398000000050e+01
5.452722722699999913e+00,-5.321201597700000008e+01,-3.338000519100000218e+01,-2.336886886599999968e+01,-4.679485126299999820e+01,-3.535717265800000320e+01
5.472732732699999936e+00,-4.679479825500000345e+01,-3.382897393599999702e+01,-2.369162665500000031e+01,-5.926993331500000295e+01,-3.583430128500000222e+01
5.492742742699999958e+00,-4.926878591399999863e+01,-3.196901842700000174e+01,-2.411829066800000021e+01,-4.504744704800000221e+01,-3.575941000000000258e+01
5.512752752799999989e+00,-4.927557225500000015e+01,-3.262959873900000218e+01,-2.477632621900000132e+01,-5.193400335399999790e+01,-3.532606494699999899e+01
5.532762762800000012e+00,-5.457975215300000116e+01,-3.168449536800000033e+01,-2.533973969899999901e+01,-5.091105930500000198e+01,-3.521814243499999719e+01
5.552772772800000034e+00,-4.826551002299999737e+01,-3.067547870499999974e+01,-2.601361317699999987e+01,-4.651884389899999661e+01,-3.528134846300000049e+01
5.572782782800000057e+00,-4.892104787200000260e+01,-3.014246214599999973e+01,-2.658956726199999920e+01,-4.971108979800000327e+01,-3.521000609099999679e+01
5.592792792800000079e+00,-5.635119473999999684e+01,-3.058824765299999981e+01,-2.766888779499999984e+01,-5.055608331399999855e+01,-3.478403429000000102e+01
5.612802802800000102e+00,-5.747692660900000305e+01,-3.012409645400000002e+01,-2.830435481099999961e+01,-4.937383861600000046e+01,-3.429698580600000213e+01
5.632812812800000124e+00,-5.209873410000000149e+01,-2.975897318999999897e+01,-2.892562707200000105e+01,-4.788158117300000072e+01,-3.528001870199999956e+01
5.652822822800000147e+00,-4.579080972100000224e+01,-2.944236052500000156e+01,-3.039158740999999964e+01,-4.498092636700000213e+01,-3.606484071100000222e+01
5.672832832800000169e+00,-5.445629407399999877e+01,-2.810969232600000112e+01,-3.099274369100000115e+01,-4.856693623200000332e+01,-3.719721141200000147e+01
5.692842842800000192e+00,-4.996029522900000330e+01,-2.814368697700000155e+01,-3.136157249900000110e+01,-4.600832531700000061e+01,-3.722726166500000033e+01
5.712852852899999334e+00,-5.026247218599999655e+01,-2.760750693700000014e+01,-3.203598228999999975e+01,-4.654294274499999773e+01,-4.042704588499999829e+01
5.732862862899999357e+00,-5.992271717900000283e+01,-2.762839444999999827e+01,-3.318138533599999818e+01,-4.517839074599999805e+01,-3.992265373000000039e+01
5.752872872899999379e+00,-4.578924235299999879e+01,-2.748350466400000158e+01,-3.264003873299999725e+01,-5.555647213799999662e+01,-4.385441481800000219e+01
5.772882882899999402e+00,-5.136971623400000198e+01,-2.633492508200000159e+01,-3.370367789400000191e+01,-5.243477378299999714e+01,-4.812289273500000064e+01
5.792892892899999424e+00,-5.129012966199999823e+01,-2.619404133700000159e+01,-3.273779797000000258e+01,-5.330235748900000203e+01,-5.071052960400000131e+01
5.812902902899999447e+00,-4.740995123799999789e+01,-2.591209926100000160e+01,-3.201522118300000130e+01,-4.866498912000000132e+01,-5.458356820099999851e+01
5.832912912899999469e+00,-5.048791227499999934e+01,-2.550905340799999976e+01,-3.099066558299999841e+01,-5.135030043700000135e+01,-5.041376875400000301e+01
5.852922922899999492e+00,-4.746289858699999797e+01,-2.516966325199999943e+01,-3.091870961100000059e+01,-5.309372470299999947e+01,-4.601446568899999789e+01
5.872932932899999514e+00,-4.914345386899999824e+01,-2.451239972400000156e+01,-2.971567222999999913e+01,-5.327733005599999672e+01,-4.051217132800000087e+01
5.892942942899999537e+00,-5.745770882200000074e+01,-2.436906560499999941e+01,-2.931656901099999857e+01,-5.328978392599999836e+01,-4.011304456399999907e+01
5.912952952999999567e+00,-4.776164689499999838e+01,-2.400898107900000156e+01,-2.880981699599999857e+01,-5.220950903899999673e+01,-3.851019552999999718e+01
5.932962962999999590e+00,-4.811786133199999682e+01,-2.355228834500000090e+01,-2.785774239999999935e+01,-5.874678561900000062e+01,-3.640930304199999767e+01
5.952972972999999612e+00,-4.580501147799999728e+01,-2.366455195099999997e+01,-2.759750757999999848e+01,-5.252549803000000139e+01,-3.549860222200000237e+01
5.972982982999999635e+00,-4.972902540999999843e+01,-2.360303913899999984e+01,-2.728741473999999911e+01,-5.429272251500000124e+01,-3.363306067500000296e+01
5.992992992999999657e+00,-5.217099717400000003e+01,-2.313933842400000174e+01,-2.753268613199999848e+01,-5.963291732900000142e+01,-3.365167218100000213e+01
6.013003002999999680e+00,-5.641685922700000333e+01,-2.304810469899999958e+01,-2.683174774000000085e+01,-5.424061012199999965e+01,-3.198397828799999942e+01
6.033013012999999702e+00,-5.287696491599999860e+01,-2.318583093799999872e+01,-2.633176498499999951e+01,-4.566913190300000025e+01,-3.124634652299999971e+01
6.053023022999999725e+00,-5.400207700899999708e+01,-2.294704045900000011e+01,-2.596260362599999993e+01,-4.539047784899999982e+01,-3.120822236200000077e+01
6.073033032999999747e+00,-4.734677931899999948e+01,-2.255099387699999980e+01,-2.646792852800000162e+01,-4.469225228700000230e+01,-3.100880924599999844e+01
6.093043042999999770e+00,-4.568256805200000059e+01,-2.195384441899999928e+01,-2.612395594199999849e+01,-4.209150875000000269e+01,-3.018204234999999969e+01
6.113053053100000689e+00,-4.986387769600000297e+01,-2.170206836399999872e+01,-2.594577788200000157e+01,-4.041260306800000279e+01,-2.988952769100000140e+01
6.133063063100000711e+00,-4.428880907199999939e+01,-2.206621734899999865e+01,-2.577969203500000006e+01,-4.053282293000000180e+01,-2.932125849799999884e+01
6.153073073100000734e+00,-4.861166840399999955e+01,-2.195305895899999982e+01,-2.564914525300000037e+01,-3.822430178399999789e+01,-2.975672582700000035e+01
6.173083083100000756e+00,-4.409709173200000265e+01,-2.161151260500000149e+01,-2.568407983799999883e+01,-4.005563780500000348e+01,-2.963991831599999927e+01
6.193093093100000779e+00,-4.192558316000000218e+01,-2.131073657900000029e+01,-2.517036853800000173e+01,-3.713984542200000050e+01,-2.900685608899999934e+01
6.213103103100000801e+00,-4.230930353400000143e+01,-2.178436836599999893e+01,-2.470275691599999845e+01,-3.843109003000000001e+01,-2.922656833499999962e+01
6.233113113100000824e+00,-4.352168042000000270e+01,-2.212466874400000094e+01,-2.488074787400000076e+01,-3.841072226800000067e+01,-2.914939918800000029e+01
6.253123123099999958e+00,-4.144921131800000325e+01,-2.178324565899999854e+01,-2.418980069299999869e+01,-3.847119992300000035e+01,-2.850620610800000065e+01
6.273133133099999981e+00,-4.087434524999999752e+01,-2.220398161399999992e+01,-2.387494193299999878e+01,-3.801341247100000231e+01,-2.888046852400000120e+01
6.293143143100000003e+00,-4.406654704099999975e+01,-2.185693243600000102e+01,-2.372244681200000116e+01,-3.798433006399999812e+01,-2.827954621199999963e+01
6.313153153200000034e+00,-4.209141822800000199e+01,-2.203766512300000002e+01,-2.336993105799999881e+01,-3.674399891299999865e+01,-2.810113396499999894e+01
6.333163163200000056e+00,-4.059612496199999754e+01,-2.250945927500000110e+01,-2.317694141400000163e+01,-3.633035529299999666e+01,-2.749804198200000016e+01
6.353173173200000079e+00,-4.106469979599999931e+01,-2.262492708099999916e+01,-2.274517125799999917e+01,-3.621420710799999654e+01,-2.729920471100000157e+01
6.373183183200000101e+00,-3.742756333199999830e+01,-2.279917226399999919e+01,-2.253905612399999825e+01,-3.645790186600000027e+01,-2.662895593100000013e+01
6.393193193200000124e+00,-3.805415368999999970e+01,-2.332227605299999951e+01,-2.216991455300000169e+01,-3.597150731100000343e+01,-2.608019564299999971e+01
6.413203203200000146e+00,-3.678530022099999996e+01,-2.361463424700000147e+01,-2.192744061899999863e+01,-3.510580377099999794e+01,-2.583740409099999980e+01
6.433213213200000169e+00,-3.631910339499999907e+01,-2.436430039000000036e+01,-2.158661253700000060e+01,-3.523794776999999812e+01,-2.519636008499999846e+01
6.453223223200000191e+00,-3.615579415799999907e+01,-2.429460902800000000e+01,-2.148368179599999905e+01,-3.448569108899999947e+01,-2.489392422299999907e+01
6.473233233200000214e+00,-3.637171628899999831e+01,-2.469358765599999828e+01,-2.145288058899999939e+01,-3.443439341700000256e+01,-2.466959745799999837e+01
6.493243243200000236e+00,-3.762422149300000029e+01,-2.501100911300000007e+01,-2.114810819699999911e+01,-3.385263071899999687e+01,-2.425488709700000101e+01
6.513253253300000267e+00,-3.677763345900000047e+01,-2.554644841500000041e+01,-2.135592518800000050e+01,-3.340388641999999919e+01,-2.422044132899999980e+01
6.533263263300000290e+00,-3.686971617100000032e+01,-2.602133055599999878e+01,-2.167728628300000082e+01,-3.372642782500000180e+01,-2.404242697600000156e+01
6.553273273300000312e+00,-3.822629417200000290e+01,-2.676904060600000079e+01,-2.157427233499999986e+01,-3.359121838099999735e+01,-2.415780047499999839e+01
6.573283283300000335e+00,-3.578771963100000164e+01,-2.682879726899999895e+01,-2.187969407599999982e+01,-3.392291122200000331e+01,-2.424594972399999904e+01
6.593293293300000357e+00,-3.699613300099999691e+01,-2.709716413299999971e+01,-2.190639257999999856e+01,-3.242402183600000143e+01,-2.415193836999999988e+01
6.613303303300000380e+00,-3.834282552599999860e+01,-2.767311857300000000e+01,-2.235236162400000026e+01,-3.316910366100000118e+01,-2.413305539199999927e+01
6.633313313300000402e+00,-3.669558102399999910e+01,-2.783732566300000144e+01,-2.261216689300000127e+01,-3.281163097000000306e+01,-2.428504568900000038e+01
6.653323323300000425e+00,-3.664760851999999858e+01,-2.904971339900000160e+01,-2.311200106600000126e+01,-3.315382610300000010e+01,-2.405102340699999885e+01
6.673333333300000447e+00,-3.713082088800000236e+01,-2.851079168700000110e+01,-2.349951657900000157e+01,-3.228484959200000048e+01,-2.442983041200000116e+01
6.693343343300000470e+00,-3.824455443600000137e+01,-2.881447090900000063e+01,-2.403085457599999941e+01,-3.207949850800000036e+01,-2.422817293800000016e+01
6.713353353399999612e+00,-3.883403030400000233e+01,-3.048559885699999938e+01,-2.435453877699999836e+01,-3.194022973299999890e+01,-2.410020657999999827e+01
6.733363363399999635e+00,-3.757207205600000322e+01,-3.157300606000000087e+01,-2.488406998399999992e+01,-3.165567819800000038e+01,-2.437057078899999851e+01
6.753373373399999657e+00,-3.724595505799999984e+01,-3.120901467099999849e+01,-2.481161522100000028e+01,-3.166238660200000155e+01,-2.450467507800000178e+01
6.773383383399999680e+00,-3.744602353700000208e+01,-3.195033031499999865e+01,-2.495296255999999957e+01,-3.085131945099999839e+01,-2.411326067499999937e+01
6.793393393399999702e+00,-3.729225533599999665e+01,-3.194177573500000022e+01,-2.475785305599999830e+01,-3.062629199199999874e+01,-2.407744461300000083e+01
6.813403403399999725e+00,-3.693206862299999926e+01,-3.266616345700000323e+01,-2.455090122400000041e+01,-3.006299054500000167e+01,-2.404472288499999877e+01
6.833413413399999747e+00,-3.609441039400000051e+01,-3.220644287100000014e+01,-2.415036103099999920e+01,-2.982957559999999830e+01,-2.361281241300000033e+01
6.853423423399999770e+00,-3.548154048699999663e+01,-3.176061632500000087e+01,-2.381616852799999862e+01,-2.933246857299999988e+01,-2.340205511599999966e+01
6.873433433399999792e+00,-3.726625322499999982e+01,-3.227610939800000267e+01,-2.378656054200000014e+01,-2.859618467099999961e+01,-2.387557780499999893e+01
6.893443443399999815e+00,-3.620873180299999916e+01,-3.141099363100000019e+01,-2.356998208099999914e+01,-2.835871435399999996e+01,-2.324628279799999930e+01
6.913453453499999846e+00,-3.602265016599999825e+01,-3.166512566999999834e+01,-2.346864188200000001e+01,-2.809270591800000005e+01,-2.376659857699999989e+01
6.933463463499999868e+00,-3.630002137500000003e+01,-3.120920254900000046e+01,-2.329119113200000157e+01,-2.749854841200000166e+01,-2.320382910500000051e+01
6.953473473499999891e+00,-3.628732638099999974e+01,-3.085391551500000062e+01,-2.276262290400000055e+01,-2.796960547400000152e+01,-2.341239097500000099e+01
6.973483483499999913e+00,-3.601490998399999910e+01,-3.068116825599999942e+01,-2.303669846500000062e+01,-2.757132740799999837e+01,-2.361805404800000119e+01
6.993493493499999936e+00,-3.805548254200000002e+01,-3.005668131799999898e+01,-2.270496904799999882e+01,-2.739018749499999927e+01,-2.386858933599999943e+01
7.013503503499999958e+00,-3.653209420900000026e+01,-2.900963503099999841e+01,-2.266073535399999983e+01,-2.769953657699999994e+01,-2.397984505100000163e+01
7.033513513499999981e+00,-3.820103591499999851e+01,-2.919059090300000037e+01,-2.238626112600000084e+01,-2.785167917400000093e+01,-2.425404234100000167e+01
7.053523523500000003e+00,-3.892630802699999748e+01,-2.884615058700000034e+01,-2.279702100900000161e+01,-2.745778721800000000e+01,-2.463527610299999893e+01
7.073533533500000026e+00,-4.022118179200000299e+01,-2.843346912200000176e+01,-2.275544092999999890e+01,-2.789649504000000135e+01,-2.486412148400000177e+01
7.093543543500000048e+00,-4.149571405300000038e+01,-2.831627685000000128e+01,-2.276438064899999958e+01,-2.832446609499999823e+01,-2.597637801000000124e+01
7.113553553600000079e+00,-4.406878404799999771e+01,-2.800847386799999938e+01,-2.254812783799999920e+01,-2.793555734999999984e+01,-2.632382194499999883e+01
7.133563563600000101e+00,-4.276235217600000027e+01,-2.827455178700000005e+01,-2.303866395900000086e+01,-2.784052596000000079e+01,-2.661263557299999860e+01
7.153573573600000124e+00,-4.644452360199999674e+01,-2.803725978699999999e+01,-2.307719201500000139e+01,-2.773251064500000140e+01,-2.696662715100000085e+01
7.173583583600000146e+00,-4.603392914199999808e+01,-2.817874254199999839e+01,-2.332748311499999971e+01,-2.765157831799999855e+01,-2.783332585699999839e+01
7.193593593600000169e+00,-5.539001195400000199e+01,-2.833286540799999997e+01,-2.340254000199999851e+01,-2.749491192400000017e+01,-2.880694949000000094e+01
7.213603603600000191e+00,-5.628302020499999969e+01,-2.860471387999999848e+01,-2.362987533200000101e+01,-2.793157532000000032e+01,-2.925218968500000116e+01
7.233613613600000214e+00,-5.421143476200000322e+01,-2.912704931900000105e+01,-2.408658974600000136e+01,-2.774184596799999980e+01,-2.988922690200000076e+01
7.253623623600000236e+00,-4.746625294300000064e+01,-2.910527043600000141e+01,-2.440446061700000158e+01,-2.727799344900000023e+01,-3.043666285100000124e+01
7.273633633600000259e+00,-4.655877565200000134e+01,-2.881683698899999868e+01,-2.364818531099999888e+01,-2.704911122200000051e+01,-3.243783985999999686e+01
7.293643643600000281e+00,-4.337463783700000164e+01,-2.966424352700000000e+01,-2.339321063399999900e+01,-2.730864379599999836e+01,-3.333713319700000000e+01
7.313653653699999424e+00,-4.519462400799999813e+01,-2.987117093000000168e+01,-2.310561347499999840e+01,-2.747240988200000089e+01,-3.384128911700000231e+01
7.333663663699999447e+00,-4.059008981699999907e+01,-3.150628685699999920e+01,-2.283232225200000087e+01,-2.715923761699999872e+01,-3.619509571500000078e+01
7.353673673699999469e+00,-4.337137042700000222e+01,-3.099988547799999949e+01,-2.237328126699999942e+01,-2.685685796099999934e+01,-3.838132333299999743e+01
7.373683683699999492e+00,-4.115408110999999991e+01,-3.353356268900000003e+01,-2.206365626199999852e+01,-2.668333848099999983e+01,-3.932294295300000186e+01
7.393693693699999514e+00,-4.373203765699999934e+01,-3.350768753300000213e+01,-2.198719093700000116e+01,-2.656551680400000137e+01,-4.565770794499999852e+01
7.413703703699999537e+00,-4.429718193200000087e+01,-3.415801049499999920e+01,-2.223474016999999847e+01,-2.667453993100000176e+01,-4.821644835499999715e+01
7.433713713699999559e+00,-4.327705311900000140e+01,-3.667620059400000088e+01,-2.220996140800000163e+01,-2.647526403399999850e+01,-4.745379593500000226e+01
7.453723723699999582e+00,-4.153378257300000342e+01,-3.734365314499999755e+01,-2.245214655699999895e+01,-2.671641630399999912e+01,-4.958598773800000004e+01
7.473733733699999604e+00,-4.204788439000000011e+01,-4.213244450700000243e+01,-2.248767128400000104e+01,-2.670072899899999896e+01,-4.249614528800000102e+01
7.493743743699999627e+00,-4.736883409899999720e+01,-4.051080318999999719e+01,-2.268102599899999916e+01,-2.641441244600000005e+01,-4.116594700200000290e+01
7.513753753800000545e+00,-4.148453100199999710e+01,-3.928636590899999703e+01,-2.317907280600000064e+01,-2.675077516200000005e+01,-4.386123215700000344e+01
7.533763763800000568e+00,-4.424128399199999961e+01,-3.958609352399999892e+01,-2.322687642300000022e+01,-2.676746901099999931e+01,-4.040359884099999732e+01
7.553773773800000590e+00,-4.279833683100000030e+01,-3.756511617400000347e+01,-2.412291140199999973e+01,-2.753953942000000055e+01,-4.114488419500000305e+01
7.573783783800000613e+00,-4.148334485000000171e+01,-3.718470913099999819e+01,-2.444055522900000099e+01,-2.786163021300000153e+01,-4.121887738400000245e+01
7.593793793799999747e+00,-4.298296093999999812e+01,-3.551674595099999721e+01,-2.493075364899999968e+01,-2.828540834100000012e+01,-3.964668897500000355e+01
7.613803803799999770e+00,-4.180985913800000020e+01,-3.431043221299999857e+01,-2.565861419899999873e+01,-2.875347156300000151e+01,-4.061150376500000192e+01
7.633813813799999792e+00,-4.206217437200000120e+01,-3.300800824800000299e+01,-2.654499767900000151e+01,-2.918292256799999862e+01,-4.113185585800000155e+01
7.653823823799999815e+00,-3.943277883399999695e+01,-3.208866722399999816e+01,-2.718184442300000114e+01,-2.967048119800000094e+01,-4.076793405400000125e+01
7.673833833799999837e+00,-4.229050675300000250e+01,-3.381526797000000073e+01,-2.806843616600000146e+01,-3.027544151400000061e+01,-3.896367625199999907e+01
7.693843843799999860e+00,-4.426898606099999967e+01,-3.118447223500000121e+01,-2.909027036100000174e+01,-3.152842879199999970e+01,-4.013066428100000138e+01
7.713853853899999891e+00,-4.027626577600000246e+01,-3.118855990699999836e+01,-2.944937076000000076e+01,-3.191229894099999953e+01,-3.839892314299999754e+01
7.733863863899999913e+00,-4.088322779300000320e+01,-3.104234443200000015e+01,-2.965969254199999838e+01,-3.193838353699999999e+01,-3.694475082400000332e+01
7.753873873899999936e+00,-4.026093447299999895e+01,-3.069463138000000058e+01,-2.944377767099999943e+01,-3.344393106999999787e+01,-3.503013432200000210e+01
7.773883883899999958e+00,-3.922020156199999974e+01,-3.082598073699999830e+01,-3.054038921300000098e+01,-3.452210481699999889e+01,-3.545304438499999833e+01
7.793893893899999981e+00,-3.814439558400000152e+01,-3.095813742900000065e+01,-3.127902231499999886e+01,-3.464906311099999670e+01,-3.349138948400000260e+01
7.813903903900000003e+00,-3.953267998599999800e+01,-3.086848070699999980e+01,-3.089773275199999958e+01,-3.547123876599999903e+01,-3.342928458899999811e+01
7.833913913900000026e+00,-3.933403310399999953e+01,-3.028095739000000108e+01,-3.182912370200000041e+01,-3.600969078100000331e+01,-3.110135207600000129e+01
7.853923923900000048e+00,-3.911625311800000304e+01,-2.859458108600000159e+01,-3.299839648999999753e+01,-3.628193554399999954e+01,-3.039643688099999963e+01
7.873933933899999182e+00,-3.797831270100000012e+01,-2.999937836899999866e+01,-3.428945996899999926e+01,-3.929557141099999740e+01,-3.026093287100000140e+01
7.893943943899999205e+00,-3.849475352799999683e+01,-3.011382380099999878e+01,-3.514951560499999772e+01,-3.895704136399999840e+01,-2.993608969099999939e+01
7.913953954000000124e+00,-3.854737215899999825e+01,-2.866485500199999947e+01,-3.672863569799999794e+01,-4.057073112500000178e+01,-2.917900256300000095e+01
7.933963964000000146e+00,-3.778399705900000072e+01,-2.757615326499999853e+01,-3.950897144200000355e+01,-4.138637839799999796e+01,-2.983500573299999914e+01
7.953973974000000169e+00,-3.692769280699999968e+01,-2.817683311700000104e+01,-4.210462936199999717e+01,-4.436806476099999941e+01,-2.988773193400000139e+01
7.973983984000000191e+00,-3.733838621299999971e+01,-2.564608676799999998e+01,-4.497285825699999862e+01,-6.355939352699999745e+01,-3.032430723699999930e+01
7.993993994000000214e+00,-3.716365297499999798e+01,-2.692115471099999979e+01,-4.509240495400000270e+01,-4.803865937399999808e+01,-3.042147003499999869e+01
8.014004004000000236e+00,-3.599708084299999911e+01,-2.578166082199999920e+01,-4.401289693700000072e+01,-4.693198418299999730e+01,-3.087682983899999911e+01
8.034014014000000259e+00,-3.600927179699999670e+01,-2.578197664300000014e+01,-4.524952213000000256e+01,-4.713692968699999852e+01,-3.044282877499999884e+01
8.054024024000000281e+00,-3.770011365599999920e+01,-2.564778919999999829e+01,-4.104699163400000117e+01,-4.343401199699999893e+01,-2.981596924500000156e+01
8.074034034000000304e+00,-3.680327332200000257e+01,-2.550972124400000141e+01,-3.765108624700000206e+01,-4.155332386399999933e+01,-3.010018050700000103e+01
8.094044044000000326e+00,-3.746311243800000312e+01,-2.547739602500000089e+01,-3.865358093900000114e+01,-4.296376447400000131e+01,-3.056942503499999830e+01
8.114054054100000357e+00,-3.560395665000000065e+01,-2.532621111899999988e+01,-3.704119204500000251e+01,-4.396739083199999953e+01,-3.063734740199999962e+01
8.134064064100000380e+00,-3.611067713999999995e+01,-2.502673206200000067e+01,-3.644519508900000204e+01,-4.128684283900000196e+01,-3.008960170599999984e+01
8.154074074100000402e+00,-3.526307065000000307e+01,-2.545732859900000022e+01,-3.471283164199999760e+01,-4.085993011200000069e+01,-3.020873281800000143e+01
8.174084084100000425e+00,-3.613231593599999769e+01,-2.567180715099999944e+01,-3.459894803600000301e+01,-4.174996549899999820e+01,-2.915791887399999993e+01
8.194094094100000447e+00,-3.761139954600000124e+01,-2.558904892199999992e+01,-3.637125267799999762e+01,-4.369922944500000028e+01,-2.967655110500000148e+01
8.214104104100000470e+00,-3.568488675900000118e+01,-2.591838603300000088e+01,-3.411644086399999765e+01,-4.413196367399999787e+01,-3.127079885699999906e+01
8.234114114100000492e+00,-3.749440748100000320e+01,-2.615810984399999839e+01,-3.585343741500000192e+01,-4.210085584800000191e+01,-3.111485636500000140e+01
8.254124124100000515e+00,-3.781885275100000143e+01,-2.656073067999999893e+01,-3.417548697899999866e+01,-4.296359335599999696e+01,-3.197300946300000035e+01
8.274134134100000537e+00,-3.683308336099999991e+01,-2.776156419699999844e+01,-3.502799005300000346e+01,-4.064444137699999970e+01,-3.299344685500000196e+01
8.294144144100000560e+00,-3.642272540900000166e+01,-2.788949486399999955e+01,-3.351301541899999847e+01,-4.107889864999999929e+01,-3.276761463599999757e+01
8.314154154200000590e+00,-3.660161127899999656e+01,-2.896693897200000123e+01,-3.428704155100000150e+01,-3.986746085099999704e+01,-3.317441801799999723e+01
8.334164164200000613e+00,-3.635036519599999849e+01,-2.901702812499999951e+01,-3.359303471999999857e+01,-3.914633669999999910e+01,-3.307337458300000321e+01
8.354174174200000635e+00,-3.853213609299999831e+01,-3.057162883599999859e+01,-3.545754354099999972e+01,-3.878926241199999936e+01,-3.197724476200000154e+01
8.374184184200000658e+00,-3.851852433199999837e+01,-3.149574951199999973e+01,-3.513315323999999862e+01,-4.050513478799999945e+01,-3.219892207699999886e+01
8.394194194200000680e+00,-3.549169318700000275e+01,-3.045494398199999964e+01,-3.500120311700000286e+01,-3.976506584399999866e+01,-3.236386705299999988e+01
8.414204204199998927e+00,-3.682349368199999873e+01,-3.071395612299999911e+01,-3.595062370800000195e+01,-4.051491877200000147e+01,-3.248082745600000010e+01
8.434214214199998949e+00,-3.621468858899999788e+01,-3.243745224900000323e+01,-3.506503491099999792e+01,-3.983249727300000131e+01,-3.270915869299999912e+01
8.454224224199998972e+00,-3.587544481300000143e+01,-3.354764483600000347e+01,-3.777628644600000030e+01,-4.037400968000000034e+01,-3.307568497100000116e+01
8.474234234199998994e+00,-3.717933288100000055e+01,-3.208645390299999889e+01,-3.642108676699999847e+01,-4.145416885800000273e+01,-3.347073369600000348e+01
8.494244244199999017e+00,-3.441637902000000082e+01,-3.629454997399999883e+01,-3.688111854400000311e+01,-4.352526207500000055e+01,-3.402741113599999778e+01
8.514254254300000824e+00,-3.520911671199999660e+01,-3.377476656500000018e+01,-3.681276319700000244e+01,-4.574012477099999785e+01,-3.527583210299999905e+01
8.534264264300000846e+00,-3.564323922100000175e+01,-3.402381884300000081e+01,-3.784036773399999731e+01,-4.519989520000000027e+01,-3.394038187499999992e+01
8.554274274300000869e+00,-3.661957303199999814e+01,-3.212628682199999730e+01,-3.738786972599999814e+01,-4.977294019899999711e+01,-3.433073646700000126e+01
8.574284284300000891e+00,-3.404730630600000296e+01,-3.206333855599999794e+01,-3.828084650499999952e+01,-5.811608654100000138e+01,-3.622025791200000100e+01
8.594294294299999137e+00,-3.627120540100000312e+01,-3.238249024099999929e+01,-4.306892789199999783e+01,-5.007169056099999693e+01,-3.689844405499999880e+01
8.614304304299999160e+00,-4.000590171399999662e+01,-3.146245210100000023e+01,-4.555221685499999751e+01,-4.929938374299999992e+01,-3.591802241100000259e+01
8.634314314299999182e+00,-3.993694276499999773e+01,-3.118621553999999918e+01,-4.419713737800000075e+01,-4.110045003100000116e+01,-3.495309172799999686e+01
8.654324324299999205e+00,-3.995248605100000105e+01,-3.125966346499999915e+01,-4.747133144400000049e+01,-4.332597251199999988e+01,-3.513628434200000328e+01
8.674334334299999227e+00,-3.688504962300000045e+01,-3.078317741400000074e+01,-4.181744199100000259e+01,-4.042413144700000061e+01,-3.597643316300000293e+01
8.694344344299999250e+00,-3.894683541100000213e+01,-3.035582580399999841e+01,-3.883926109899999801e+01,-3.748729628000000247e+01,-3.456982719799999870e+01
8.714354354399999281e+00,-4.232486661400000116e+01,-3.069454211100000052e+01,-3.419417008100000288e+01,-3.682048718000000065e+01,-3.365294038100000051e+01
8.734364364399999303e+00,-4.041982013399999829e+01,-2.950205981299999891e+01,-3.327280006899999876e+01,-3.567880361499999964e+01,-3.232583128600000322e+01
8.754374374399999326e+00,-4.525152579200000247e+01,-3.001296381799999935e+01,-3.143597797500000013e+01,-3.609324575800000190e+01,-3.182180313199999944e+01
8.774384384399999348e+00,-4.084398377899999844e+01,-3.064886519699999923e+01,-3.004541734000000019e+01,-3.541980948300000165e+01,-3.108623142000000072e+01
8.794394394399999371e+00,-3.896463274399999932e+01,-2.874953250100000091e+01,-2.894918510800000178e+01,-3.431114749900000049e+01,-3.096725783699999823e+01
8.814404404399999393e+00,-3.833297601000000299e+01,-2.847636884599999973e+01,-2.835213998400000079e+01,-3.388244810100000137e+01,-3.049148414600000123e+01
8.834414414399999416e+00,-3.801140994099999659e+01,-2.816132275400000040e+01,-2.817881724900000151e+01,-3.554213929200000166e+01,-3.003801362500000138e+01
8.854424424399999438e+00,-3.579012979899999891e+01,-2.688907440899999912e+01,-2.787524815400000122e+01,-3.426738257000000232e+01,-2.992681435600000128e+01
8.874434434399999461e+00,-3.665789787199999950e+01,-2.792656718499999968e+01,-2.781874816899999914e+01,-3.386523028599999918e+01,-2.973217186799999823e+01
8.894444444399999483e+00,-3.580326981599999669e+01,-2.682795042000000052e+01,-2.740220800499999854e+01,-3.549605712700000026e+01,-3.053298488200000094e+01
8.914454454499999514e+00,-3.393198245300000337e+01,-2.813479081999999920e+01,-2.718875967500000002e+01,-3.612462130899999835e+01,-2.936086619900000017e+01
8.934464464499999536e+00,-3.483089110800000299e+01,-2.667219259699999867e+01,-2.664544466699999958e+01,-3.880957272999999930e+01,-2.996331351399999932e+01
8.954474474499999559e+00,-3.432305013199999877e+01,-2.806894181899999907e+01,-2.735970867800000050e+01,-3.518023290400000036e+01,-2.909835170499999890e+01
8.974484484499999581e+00,-3.525804640399999812e+01,-2.824757976600000120e+01,-2.706336553499999908e+01,-3.512104002400000269e+01,-3.015613303299999970e+01
8.994494494499999604e+00,-3.421184399599999892e+01,-2.906540210000000002e+01,-2.734365088999999927e+01,-3.440848514000000335e+01,-3.007228702600000148e+01
9.014504504499999626e+00,-3.387682001799999654e+01,-2.868909402099999895e+01,-2.762015716599999848e+01,-3.474472917399999972e+01,-2.999888328899999834e+01
9.034514514499999649e+00,-3.391419007599999702e+01,-2.901411791499999993e+01,-2.751911381700000092e+01,-3.409745243599999753e+01,-3.024563517200000007e+01
9.054524524499999671e+00,-3.557298969899999719e+01,-2.975713359699999927e+01,-2.741781063799999885e+01,-3.410087962000000061e+01,-3.111587729400000057e+01
9.074534534499999694e+00,-3.539172016599999893e+01,-3.073441474299999854e+01,-2.688257385200000016e+01,-3.373328769900000168e+01,-3.119095019399999913e+01
9.094544544499999716e+00,-3.545904803700000230e+01,-2.956238118499999956e+01,-2.764456473299999928e+01,-3.410102648899999878e+01,-3.141332167099999850e+01
9.114554554599999747e+00,-3.541515349699999859e+01,-3.160387980400000174e+01,-2.839178661800000114e+01,-3.468475506800000119e+01,-3.278869624299999685e+01
9.134564564599999770e+00,-3.747373700600000035e+01,-3.086006726200000116e+01,-2.854023775099999938e+01,-3.306864265499999789e+01,-3.250762618400000292e+01
9.154574574599999792e+00,-3.834799604500000214e+01,-3.129714046599999833e+01,-2.776900205000000099e+01,-3.176559295399999883e+01,-3.234560628100000201e+01
9.174584584599999815e+00,-3.709642856899999686e+01,-3.255356963700000250e+01,-2.832591404600000118e+01,-3.137438371900000078e+01,-3.466084367500000241e+01
9.194594594599999837e+00,-3.679100791599999809e+01,-3.453677612100000260e+01,-2.916076119799999944e+01,-3.068907691400000104e+01,-3.192516546199999894e+01
9.214604604599999860e+00,-3.834610121299999719e+01,-3.596028480399999694e+01,-2.890267572100000137e+01,-3.134469587999999973e+01,-3.415591000599999916e+01
9.234614614599999882e+00,-3.707543368399999650e+01,-3.419997296199999681e+01,-3.088298184599999985e+01,-3.026180646399999929e+01,-3.252756368200000026e+01
9.254624624599999905e+00,-3.546683242600000341e+01,-3.698375139499999875e+01,-3.177497301500000049e+01,-2.998348260399999887e+01,-3.441657938699999875e+01
9.274634634599999927e+00,-3.518431822299999823e+01,-4.098349919300000010e+01,-3.073488236200000046e+01,-2.830203163699999891e+01,-3.302447375700000265e+01
9.294644644599999950e+00,-3.518680271200000220e+01,-3.805215444499999933e+01,-3.315807127299999735e+01,-2.872750289100000032e+01,-3.177641825699999956e+01
9.314654654699999980e+00,-3.629273350399999742e+01,-4.040216455800000261e+01,-3.389405653899999749e+01,-2.831709951799999914e+01,-3.239086391600000070e+01
9.334664664700000003e+00,-3.390445572600000190e+01,-3.795572277000000128e+01,-3.438994132399999870e+01,-2.817669142600000143e+01,-3.092593917700000006e+01
9.354674674700000025e+00,-3.617897847700000113e+01,-3.880832557899999813e+01,-3.513874582999999774e+01,-2.798961505500000158e+01,-2.997239635300000060e+01
9.374684684700000048e+00,-3.567979559900000197e+01,-3.627867247199999667e+01,-3.813308829000000344e+01,-2.683471364400000070e+01,-2.943315145900000118e+01
9.394694694700000070e+00,-3.735340904699999953e+01,-3.626800079299999879e+01,-3.806817618699999883e+01,-2.685257578199999884e+01,-2.824508526600000025e+01
9.414704704700000093e+00,-3.617062688600000087e+01,-3.697249700900000136e+01,-3.724793931500000355e+01,-2.723749382300000121e+01,-2.914560991600000150e+01
9.434714714700000115e+00,-3.302618360599999647e+01,-3.439466613100000103e+01,-3.638298999900000297e+01,-2.761075272400000102e+01,-2.859776756700000178e+01
9.454724724700000138e+00,-3.402746887600000036e+01,-3.898712464900000185e+01,-3.997131398599999841e+01,-2.738213330099999965e+01,-2.820368718199999947e+01
9.474734734700000161e+00,-3.362058323200000132e+01,-3.470173223500000148e+01,-3.919589117700000003e+01,-2.812785505100000094e+01,-2.879334207899999853e+01
9.494744744700000183e+00,-3.462975970200000120e+01,-3.685763778999999829e+01,-4.081186722700000047e+01,-2.847097423199999966e+01,-2.819513191000000063e+01
9.514754754799998437e+00,-3.385028550799999891e+01,-3.542348680399999949e+01,-3.988736742799999746e+01,-2.954964833800000079e+01,-2.823234992100000085e+01
9.534764764799998460e+00,-3.431636610700000034e+01,-3.897035054100000195e+01,-3.900594174599999775e+01,-2.974579309199999955e+01,-2.839774642900000146e+01
9.554774774799998482e+00,-3.222944247400000251e+01,-3.702524408499999709e+01,-3.755344724199999717e+01,-2.991783519399999847e+01,-2.868925441800000087e+01
9.574784784799998505e+00,-3.360578645900000083e+01,-3.761688292200000205e+01,-3.632106680900000129e+01,-3.035953733699999901e+01,-2.861978432100000092e+01
9.594794794799998527e+00,-3.512451182099999869e+01,-4.055421448100000248e+01,-3.458746851200000094e+01,-3.202538143799999659e+01,-2.831729807700000023e+01
9.614804804799998550e+00,-3.142657465899999991e+01,-3.976858038099999959e+01,-3.532232858700000122e+01,-3.061566888500000161e+01,-2.779194985899999892e+01
9.634814814799998572e+00,-3.427862820499999685e+01,-3.732986813899999845e+01,-3.390253948099999803e+01,-3.086595895299999981e+01,-2.791137458700000096e+01
9.654824824799998595e+00,-3.438115920799999969e+01,-4.003149928700000260e+01,-3.241155098099999776e+01,-3.005142525300000145e+01,-2.699052710899999852e+01
9.674834834799998617e+00,-3.533113233600000314e+01,-3.985423917199999977e+01,-3.178078563700000103e+01,-3.204773548400000038e+01,-2.714701791699999944e+01
9.694844844799998640e+00,-3.289211711499999780e+01,-4.029000496900000172e+01,-3.379835136599999856e+01,-3.161904604500000104e+01,-2.709168896399999937e+01
9.714854854900000447e+00,-3.474895149500000002e+01,-4.004819285300000331e+01,-3.136131532799999988e+01,-3.075842405199999874e+01,-2.614876362300000068e+01
9.734864864900000470e+00,-3.346236568100000142e+01,-4.024001764399999814e+01,-3.211311218000000167e+01,-3.092186558599999913e+01,-2.705787211099999823e+01
9.754874874900000492e+00,-3.351631762200000253e+01,-4.567129580800000355e+01,-3.142079512600000157e+01,-3.174114140500000047e+01,-2.594898630200000156e+01
9.774884884899998738e+00,-3.318504389099999941e+01,-3.900434812900000026e+01,-3.036253136099999850e+01,-3.078464993400000083e+01,-2.556142612900000088e+01
9.794894894899998761e+00,-3.181472407500000088e+01,-4.392983183700000183e+01,-3.068861402799999993e+01,-3.083670346699999953e+01,-2.560439317999999886e+01
9.814904904899998783e+00,-3.564324377900000229e+01,-3.896509277799999893e+01,-3.108725955599999935e+01,-3.002958671300000049e+01,-2.573710056499999865e+01
9.834914914899998806e+00,-3.288531015000000224e+01,-4.080826409800000221e+01,-2.991892169500000165e+01,-3.008675944299999827e+01,-2.537687278800000001e+01
9.854924924899998828e+00,-2.976275681199999923e+01,-5.367478623499999912e+01,-2.982193916199999961e+01,-2.999415551499999921e+01,-2.678936808699999972e+01
9.874934934899998851e+00,-3.011816962199999992e+01,-4.718089937700000291e+01,-3.022522157699999923e+01,-3.059751302600000145e+01,-2.684132809300000133e+01
9.894944944899998873e+00,-2.963202387799999826e+01,-4.552359713199999902e+01,-3.189097043700000000e+01,-3.209450999700000295e+01,-2.659915491900000006e+01
9.914954955000000680e+00,-2.713791665600000158e+01,-3.944473509600000227e+01,-3.082630974699999982e+01,-3.109989425099999849e+01,-2.800129614300000114e+01
9.934964965000000703e+00,-2.688449917799999866e+01,-4.193196357400000096e+01,-3.071742448999999908e+01,-3.184669587999999862e+01,-2.918060494799999915e+01
9.954974975000000725e+00,-2.656288942300000144e+01,-4.365935397399999829e+01,-2.875128136500000053e+01,-3.183155574399999921e+01,-2.985579624900000084e+01
9.974984985000000748e+00,-2.492678747300000097e+01,-3.922959780800000118e+01,-3.053022960099999850e+01,-3.297183914099999669e+01,-2.949518149500000064e+01
9.994994995000000770e+00,-2.631915605700000071e+01,-3.858709383000000059e+01,-2.947870555300000106e+01,-3.443703998600000205e+01,-3.027480828399999879e+01
1.001500500500000079e+01,-2.525581011899999950e+01,-3.629746685799999995e+01,-3.086885915799999935e+01,-3.285944905099999858e+01,-2.842623341799999892e+01
1.003501501500000082e+01,-2.530760515500000096e+01,-3.551056254200000240e+01,-3.047932786100000158e+01,-3.438604818499999993e+01,-2.902509145999999873e+01
1.005502502500000084e+01,-2.550373257000000038e+01,-3.361618228799999741e+01,-2.950793561200000070e+01,-3.294555827300000317e+01,-2.914525111900000098e+01
1.007503503500000086e+01,-2.442701793999999893e+01,-3.528269236599999914e+01,-3.082960524399999969e+01,-3.282472726999999679e+01,-2.690357128799999842e+01
1.009504504500000088e+01,-2.357720780200000021e+01,-3.844452992600000130e+01,-3.144854752299999845e+01,-3.305366096099999851e+01,-2.771604484899999932e+01
1.011505505499999913e+01,-2.250001925700000172e+01,-3.733541874699999852e+01,-3.136535735500000044e+01,-3.256953282999999999e+01,-2.619682276400000021e+01
1.013506506499999915e+01,-2.465416745599999970e+01,-3.586145258500000210e+01,-2.991495861299999959e+01,-3.183937673399999824e+01,-2.554243182700000148e+01
1.015507507499999917e+01,-2.497522932000000040e+01,-3.420173148700000354e+01,-3.264694273100000288e+01,-3.144361852400000146e+01,-2.624305854800000048e+01
1.017508508499999920e+01,-2.472144685099999961e+01,-3.220699388700000299e+01,-3.312930571999999785e+01,-3.312896125900000044e+01,-2.525864866299999889e+01
1.019509509499999922e+01,-2.426468867699999876e+01,-3.394904849899999988e+01,-3.447865073199999841e+01,-3.076002520600000167e+01,-2.431962023199999834e+01
1.021510510499999924e+01,-2.570050616500000018e+01,-3.517709373499999970e+01,-3.608330780099999657e+01,-3.163369204099999976e+01,-2.523814849000000038e+01
1.023511511499999926e+01,-2.393208970399999913e+01,-3.408672668500000213e+01,-3.595504873000000146e+01,-3.236577651099999997e+01,-2.428695998799999956e+01
1.025512512499999929e+01,-2.238290272900000133e+01,-3.573485862900000143e+01,-4.378883640899999818e+01,-3.164172762500000147e+01,-2.424689357600000150e+01
1.027513513499999931e+01,-2.516518218999999945e+01,-4.005540315100000015e+01,-4.368527248000000185e+01,-3.383709534500000160e+01,-2.487476395299999865e+01
1.029514514499999933e+01,-2.660351613599999965e+01,-3.397164688800000221e+01,-4.623044635299999783e+01,-3.224061001599999798e+01,-2.483583520699999880e+01
1.031515515499999935e+01,-2.540518424600000102e+01,-3.387189069699999777e+01,-5.005535693899999927e+01,-3.363786311599999834e+01,-2.495102968799999843e+01
1.033516516499999938e+01,-2.701031926099999936e+01,-3.281848151700000216e+01,-4.324691734299999979e+01,-3.171929107900000133e+01,-2.529264571299999886e+01
1.035517517499999940e+01,-2.618880864200000147e+01,-3.500369674400000264e+01,-4.482503898899999939e+01,-3.145267384599999971e+01,-2.485216524200000165e+01
1.037518518499999942e+01,-2.915024562700000033e+01,-3.697931241500000255e+01,-4.474149624199999664e+01,-3.142815382799999924e+01,-2.497283879400000117e+01
1.039519519499999944e+01,-2.735191959499999825e+01,-3.608209467599999698e+01,-4.235068694899999997e+01,-3.111471438799999945e+01,-2.703986060300000105e+01
1.041520520499999947e+01,-2.895223329599999929e+01,-3.369450765199999864e+01,-4.078807161200000309e+01,-3.156862437199999860e+01,-2.523064262300000138e+01
1.043521521499999949e+01,-3.042703975599999922e+01,-3.129469073299999948e+01,-3.843638836499999911e+01,-3.426799749199999923e+01,-2.522318695699999935e+01
1.045522522499999951e+01,-2.858577190999999829e+01,-3.783412202200000252e+01,-3.790123976099999936e+01,-3.386405636399999963e+01,-2.607113369200000008e+01
1.047523523499999953e+01,-2.908415334000000030e+01,-3.361183405300000260e+01,-4.353481511599999720e+01,-3.361036243699999915e+01,-2.519441645499999893e+01
1.049524524499999956e+01,-3.052412449299999864e+01,-3.544711098199999810e+01,-3.903835268200000286e+01,-3.166049130400000067e+01,-2.593252930899999953e+01
1.051525525499999958e+01,-3.181148609899999968e+01,-3.413837795100000250e+01,-3.986488103300000319e+01,-3.192908096600000079e+01,-2.452994723999999849e+01
1.053526526499999960e+01,-2.875007134000000164e+01,-3.336750873999999811e+01,-3.746256261500000306e+01,-3.380871054800000053e+01,-2.560211695099999929e+01
1.055527527499999962e+01,-2.884991759400000078e+01,-3.166395534000000112e+01,-3.492112501799999791e+01,-3.256225793699999826e+01,-2.462958657100000082e+01
1.057528528499999965e+01,-3.148317107200000109e+01,-3.966257886399999677e+01,-3.629128921000000219e+01,-3.105020928300000094e+01,-2.468957925300000156e+01
1.059529529499999967e+01,-2.793775631500000145e+01,-3.681391636200000050e+01,-3.793850256199999649e+01,-3.205789444799999899e+01,-2.431387363900000054e+01
1.061530530499999969e+01,-3.210451668399999647e+01,-3.541711118999999997e+01,-3.686434287600000204e+01,-3.132287449100000032e+01,-2.437546016099999946e+01
1.063531531499999971e+01,-2.968598749899999945e+01,-3.750030107700000315e+01,-3.525045791400000184e+01,-3.242306383799999736e+01,-2.486895937999999973e+01
1.065532532499999974e+01,-3.222542746700000293e+01,-3.723869956099999712e+01,-3.624369290799999987e+01,-3.153594989200000143e+01,-2.601169994199999991e+01
1.067533533499999976e+01,-3.039158030400000143e+01,-3.944215659200000346e+01,-3.352235956799999883e+01,-3.204063110500000278e+01,-2.648219814899999847e+01
1.069534534499999978e+01,-3.019575348000000048e+01,-3.488888670699999750e+01,-3.426243086899999923e+01,-3.031699359099999924e+01,-2.770563208200000105e+01
1.071535535499999980e+01,-2.969872794000000127e+01,-3.664773443200000003e+01,-3.238137495600000193e+01,-3.039913877500000083e+01,-2.696668016699999981e+01
1.073536536499999983e+01,-2.907438293499999915e+01,-3.525302070899999762e+01,-3.428207239000000328e+01,-2.854813213799999971e+01,-2.711168531999999942e+01
1.075537537499999985e+01,-3.075542142799999823e+01,-3.346211737699999844e+01,-3.201058781500000094e+01,-2.784741882799999857e+01,-2.591116886200000025e+01
1.077538538499999987e+01,-2.994425968899999901e+01,-4.585357942800000330e+01,-3.174632319499999866e+01,-2.781992500899999854e+01,-2.734610222599999929e+01
1.079539539499999989e+01,-2.948301645100000101e+01,-3.877501510700000154e+01,-3.260609353099999907e+01,-2.663262676700000142e+01,-2.769777293099999937e+01
1.081540540499999992e+01,-3.105225652600000075e+01,-3.690335080999999917e+01,-3.241593766199999749e+01,-2.616283769800000059e+01,-2.541270969099999988e+01
1.083541541499999994e+01,-2.924380219900000100e+01,-4.550175468399999801e+01,-3.171675482899999921e+01,-2.574836532500000175e+01,-2.664703868599999836e+01
1.085542542499999996e+01,-3.283324631800000049e+01,-4.154338180100000244e+01,-3.343977210999999983e+01,-2.620260253700000064e+01,-2.750938262800000089e+01
1.087543543499999998e+01,-3.557104796800000202e+01,-4.092339036300000288e+01,-3.566504930600000023e+01,-2.503812311700000137e+01,-2.584990600900000146e+01
1.089544544500000001e+01,-3.072162485100000140e+01,-4.373097925500000116e+01,-3.977338272600000124e+01,-2.465383578200000159e+01,-2.687970291799999956e+01
1.091545545500000003e+01,-2.964890944000000061e+01,-4.338389764299999740e+01,-4.173369349699999731e+01,-2.562935092500000067e+01,-2.752309480399999941e+01
1.093546546500000005e+01,-3.410965224699999965e+01,-4.211499821799999665e+01,-4.918359245999999985e+01,-2.550919884900000056e+01,-2.674581399699999906e+01
1.095547547500000007e+01,-3.115304876900000153e+01,-4.543007523400000025e+01,-4.596072884600000208e+01,-2.492308905000000152e+01,-2.683464593400000098e+01
1.097548548500000010e+01,-3.372574253599999849e+01,-3.789974016299999704e+01,-4.704551833600000066e+01,-2.619024617000000177e+01,-2.707807860999999860e+01
1.099549549500000012e+01,-3.099620928399999897e+01,-3.774289162899999894e+01,-4.634562531000000263e+01,-2.591028963200000135e+01,-2.916138176100000123e+01
1.101550550600000022e+01,-3.432929960399999914e+01,-5.637794503800000001e+01,-4.761365665900000010e+01,-2.633209413799999865e+01,-3.002508664000000138e+01
1.103551551600000025e+01,-3.383946853300000157e+01,-4.739932348600000012e+01,-4.169155698899999862e+01,-2.604750087100000044e+01,-2.994461725200000046e+01
1.105552552600000027e+01,-3.285148601000000212e+01,-4.889592867199999660e+01,-4.468697573299999704e+01,-2.524231619800000104e+01,-3.060371339299999960e+01
1.107553553600000029e+01,-3.648081452800000335e+01,-3.854866521000000290e+01,-4.271550106899999832e+01,-2.526205752999999987e+01,-3.244372196199999792e+01
1.109554554600000031e+01,-3.673866880599999973e+01,-4.439036749200000287e+01,-3.575107424400000156e+01,-2.572797460500000000e+01,-3.305784909500000168e+01
1.111555555600000034e+01,-3.670699450800000108e+01,-3.762107610799999691e+01,-3.807536669299999943e+01,-2.504370464999999868e+01,-3.542551234399999771e+01
1.113556556600000036e+01,-3.411238125399999888e+01,-3.733249296299999997e+01,-3.441375464899999770e+01,-2.525852924799999855e+01,-3.280326570399999753e+01
1.115557557600000038e+01,-3.803697169600000194e+01,-3.604015341499999892e+01,-3.616287929899999654e+01,-2.640658941099999879e+01,-3.561972281700000309e+01
1.117558558600000040e+01,-3.435623789400000305e+01,-3.394396078500000158e+01,-3.391174798299999793e+01,-2.571861391999999924e+01,-3.590768111700000276e+01
1.119559559600000043e+01,-3.153528097199999891e+01,-3.879428468500000093e+01,-3.235833782400000302e+01,-2.646816393099999942e+01,-3.302247772900000200e+01
1.121560560600000045e+01,-3.444689211099999682e+01,-6.413843537799999694e+01,-3.250247155099999929e+01,-2.600303863299999918e+01,-3.331265313699999808e+01
1.123561561600000047e+01,-3.926204278400000192e+01,-3.906482067000000313e+01,-3.253321109099999831e+01,-2.683460591500000092e+01,-3.201963666799999686e+01
1.125562562600000049e+01,-3.404267857300000344e+01,-3.552132012900000291e+01,-3.170459356499999970e+01,-2.621530285400000082e+01,-3.189784894800000004e+01
1.127563563600000052e+01,-3.345040882800000048e+01,-3.968384928700000103e+01,-3.256861217699999855e+01,-2.560928381100000095e+01,-2.953360667899999825e+01
1.129564564600000054e+01,-3.415578217299999864e+01,-3.733582826300000335e+01,-3.137538101999999895e+01,-2.673684058999999991e+01,-2.928971068199999905e+01
1.131565565600000056e+01,-3.684184447300000187e+01,-3.451164995500000288e+01,-3.142877739500000089e+01,-2.664172100100000051e+01,-3.039867976000000027e+01
1.133566566600000058e+01,-3.329042215300000152e+01,-3.642700745999999867e+01,-3.286826740899999777e+01,-2.643161843000000033e+01,-3.128989691199999967e+01
1.135567567600000061e+01,-3.232922757499999733e+01,-3.269041629099999824e+01,-3.317391783800000127e+01,-2.488637390499999924e+01,-2.959036332399999836e+01
1.137568568600000063e+01,-3.445199855700000313e+01,-3.891600954799999812e+01,-3.664811959400000063e+01,-2.549187033100000122e+01,-3.231772409100000232e+01
1.139569569600000065e+01,-3.386012811399999833e+01,-3.312894696099999692e+01,-3.217767255100000057e+01,-2.392490427399999930e+01,-3.086670468999999883e+01
1.141570570600000067e+01,-3.650581289200000157e+01,-3.451994448500000345e+01,-3.374843105800000131e+01,-2.373831002100000021e+01,-3.176002247599999961e+01
1.143571571600000070e+01,-3.382862162600000033e+01,-3.993492923600000211e+01,-3.742420372400000161e+01,-2.440400653600000069e+01,-3.266596822700000047e+01
1.145572572600000072e+01,-3.293497526000000164e+01,-3.122323140499999994e+01,-3.238265068399999791e+01,-2.287061624600000087e+01,-2.934976619400000075e+01
1.147573573600000074e+01,-3.005228483200000156e+01,-3.750651611300000354e+01,-3.740656343199999867e+01,-2.332917088399999983e+01,-3.058530412500000040e+01
1.149574574600000076e+01,-3.073975960499999971e+01,-3.850287630599999744e+01,-3.596692759900000169e+01,-2.271791162099999895e+01,-2.933489346400000031e+01
1.151575575600000079e+01,-2.938278796799999881e+01,-3.858924206500000054e+01,-3.925190689499999763e+01,-2.224595193100000046e+01,-3.107444881600000031e+01
1.153576576600000081e+01,-3.190434776400000061e+01,-4.240466424699999948e+01,-3.296837736100000171e+01,-2.262879915299999922e+01,-3.108074644299999889e+01
1.155577577600000083e+01,-2.991684555200000162e+01,-3.489692670699999866e+01,-3.280970689200000123e+01,-2.235327445100000077e+01,-2.858300656100000126e+01
1.157578578600000085e+01,-3.404655633099999790e+01,-3.322782582699999665e+01,-3.243637416899999693e+01,-2.178609228799999897e+01,-2.919595848799999871e+01
1.159579579600000088e+01,-3.270106171599999811e+01,-3.466612327200000010e+01,-3.401923325300000300e+01,-2.289313766000000072e+01,-2.963902935899999846e+01
1.161580580599999912e+01,-3.303837762599999905e+01,-3.570692418600000195e+01,-3.275486855500000161e+01,-2.230583969199999927e+01,-2.891259533999999931e+01
1.163581581599999915e+01,-3.484233009100000089e+01,-3.613434967100000250e+01,-3.182024260600000076e+01,-2.171482307000000134e+01,-3.111778455199999982e+01
1.165582582599999917e+01,-3.714473731900000075e+01,-3.596625563900000344e+01,-3.130043633600000064e+01,-2.266516621999999970e+01,-2.899702135500000111e+01
1.167583583599999919e+01,-3.139247020299999846e+01,-4.095067741399999761e+01,-3.181605812700000158e+01,-2.247112079900000126e+01,-2.797222301500000086e+01
1.169584584599999921e+01,-3.870833502699999684e+01,-3.508808686100000074e+01,-3.310865638799999999e+01,-2.316255626699999937e+01,-2.789042118400000092e+01
1.171585585599999924e+01,-3.158330504299999930e+01,-3.456094056300000261e+01,-3.396268742499999860e+01,-2.349850399700000025e+01,-2.603778743100000170e+01
1.173586586599999926e+01,-3.041044994800000012e+01,-3.186030379900000042e+01,-3.155661563199999975e+01,-2.234401058999999989e+01,-2.716360423100000077e+01
1.175587587599999928e+01,-3.605270953000000134e+01,-4.309519789099999798e+01,-3.176630983200000102e+01,-2.313622898499999891e+01,-2.629243588799999998e+01
1.177588588599999930e+01,-3.569218696600000129e+01,-3.642949208800000349e+01,-3.271260781299999820e+01,-2.355417489999999958e+01,-2.703592587199999997e+01
1.179589589599999933e+01,-3.513175543199999851e+01,-3.376417079099999796e+01,-3.239914809799999773e+01,-2.291224008800000078e+01,-2.697722909899999877e+01
1.181590590599999935e+01,-5.342918269999999836e+01,-4.347965643100000221e+01,-3.498714325600000308e+01,-2.376758399299999880e+01,-2.771841390399999838e+01
1.183591591599999937e+01,-4.405190998999999863e+01,-3.231716285200000272e+01,-3.477543528399999673e+01,-2.386776275100000078e+01,-2.582254477400000070e+01
1.185592592599999939e+01,-3.515580185200000329e+01,-3.362509250299999763e+01,-3.681659794600000168e+01,-2.374791373400000083e+01,-2.677525307799999865e+01
1.187593593599999942e+01,-3.763858769899999857e+01,-3.714674900899999699e+01,-3.610966921100000349e+01,-2.610587620800000153e+01,-2.688606548899999993e+01
1.189594594599999944e+01,-3.221942133000000297e+01,-3.813369654000000253e+01,-3.391679631899999947e+01,-2.469273110299999985e+01,-2.836868956800000063e+01
1.191595595599999946e+01,-2.900419035099999832e+01,-4.265412301300000308e+01,-3.446953673200000168e+01,-2.429178076999999902e+01,-2.784847440400000096e+01
1.193596596599999948e+01,-3.400816883699999948e+01,-3.545728745299999929e+01,-3.713183463000000017e+01,-2.667621858500000087e+01,-2.723461993100000100e+01
1.195597597599999951e+01,-3.964717881499999663e+01,-3.854087995799999788e+01,-3.531544214499999867e+01,-2.555292018200000115e+01,-2.835754697200000152e+01
1.197598598599999953e+01,-2.990288345300000117e+01,-4.862313068800000337e+01,-3.741115673499999872e+01,-2.472771975399999889e+01,-2.753408579499999931e+01
1.199599599599999955e+01,-3.209230191099999985e+01,-3.847108318800000148e+01,-3.676881871599999840e+01,-2.571453240099999960e+01,-2.850219504600000064e+01
1.201600600599999957e+01,-3.488015386499999693e+01,-3.278415614800000100e+01,-3.621030928700000118e+01,-2.433515097400000116e+01,-2.729156516800000176e+01
1.203601601599999960e+01,-3.030828697400000138e+01,-4.051525022799999931e+01,-3.762383331699999900e+01,-2.745274385100000103e+01,-2.860082169600000057e+01
1.205602602599999962e+01,-3.801128463599999918e+01,-3.725830585199999945e+01,-3.813628753399999738e+01,-2.565378351900000098e+01,-2.903934602600000048e+01
1.207603603599999964e+01,-3.235503048199999654e+01,-3.578273182699999921e+01,-3.692649494799999843e+01,-2.574799527000000054e+01,-2.536539163100000138e+01
1.209604604599999966e+01,-3.341117349400000336e+01,-3.244714482100000197e+01,-3.886352305500000170e+01,-2.881990037099999924e+01,-2.834238273900000138e+01
1.211605605599999969e+01,-3.522095337999999742e+01,-3.794491291399999966e+01,-3.259083951400000245e+01,-2.649552244899999920e+01,-2.924832162899999943e+01
1.213606606599999971e+01,-3.307552559799999869e+01,-4.016641776099999817e+01,-3.207615292599999890e+01,-2.669862553200000121e+01,-3.152560493500000049e+01
1.215607607599999973e+01,-2.867174681499999878e+01,-3.855432672500000280e+01,-3.471155265099999809e+01,-2.692268933500000117e+01,-3.031467774000000048e+01
1.217608608599999975e+01,-3.441654470900000007e+01,-4.736361589399999872e+01,-3.508841090600000001e+01,-2.593800542800000031e+01,-2.974899095700000018e+01
1.219609609599999978e+01,-3.125226949600000026e+01,-4.389601352999999762e+01,-3.376223588599999914e+01,-2.592765721299999981e+01,-2.890076774099999923e+01
1.221610610599999980e+01,-3.247010620900000077e+01,-5.100057825300000047e+01,-3.246336182499999978e+01,-2.491568366199999929e+01,-2.987013719899999842e+01
1.223611611599999982e+01,-3.595129434399999724e+01,-3.275103126799999842e+01,-3.233006772499999926e+01,-2.582623521500000052e+01,-3.043827722199999997e+01
1.225612612599999984e+01,-3.404924778600000224e+01,-3.396145407600000254e+01,-2.978701677000000103e+01,-2.538367674399999885e+01,-2.847551176700000042e+01
1.227613613599999987e+01,-3.825227193100000278e+01,-5.308704341400000004e+01,-3.074238988999999833e+01,-2.652112663100000134e+01,-3.007336354899999975e+01
1.229614614599999989e+01,-3.236884535000000085e+01,-3.788770296700000273e+01,-2.943951750300000114e+01,-2.513573621500000144e+01,-2.975108188100000106e+01
1.231615615599999991e+01,-3.486827225900000116e+01,-3.776916424099999858e+01,-2.871278535800000142e+01,-2.748220900800000166e+01,-2.907972978600000147e+01
1.233616616599999993e+01,-3.652385777199999950e+01,-3.501180180499999750e+01,-2.932550493000000102e+01,-2.763955387100000038e+01,-2.958854609999999852e+01
1.235617617599999996e+01,-2.822240646299999867e+01,-3.227510097900000119e+01,-2.887335064799999884e+01,-2.552105084200000107e+01,-3.168608206100000046e+01
1.237618618599999998e+01,-3.405480057999999843e+01,-4.038245963199999977e+01,-3.053108525100000037e+01,-2.568918975000000060e+01,-3.011045762199999842e+01
1.239619619600000000e+01,-3.505288438200000201e+01,-3.354254970200000230e+01,-2.934241372800000036e+01,-2.714551049700000007e+01,-2.818254954400000045e+01
1.241620620600000002e+01,-4.021116812000000351e+01,-3.265396619799999911e+01,-2.678193671200000026e+01,-2.793822198599999851e+01,-2.953924054399999832e+01
1.243621621600000005e+01,-3.529810319700000321e+01,-3.692936053399999707e+01,-2.898358270099999956e+01,-2.664404008300000015e+01,-2.837179832300000015e+01
1.245622622600000007e+01,-3.563508834099999945e+01,-4.290858036299999867e+01,-2.898975937499999844e+01,-2.601346209600000137e+01,-2.917914598000000126e+01
1.247623623600000009e+01,-3.343842061000000143e+01,-3.211487869399999795e+01,-2.868030435900000086e+01,-2.533224479700000131e+01,-2.779256914100000131e+01
1.249624624600000011e+01,-3.362263780300000349e+01,-3.674287782500000077e+01,-2.599371904999999927e+01,-2.548194441400000088e+01,-2.804564246199999999e+01
1.251625625600000014e+01,-4.069645655499999748e+01,-3.288071761500000179e+01,-2.511500567299999886e+01,-2.472749662600000065e+01,-2.852458208699999886e+01
1.253626626600000016e+01,-3.236810572099999916e+01,-3.606355154700000298e+01,-2.661491518100000064e+01,-2.366946148199999911e+01,-2.719519470299999853e+01
1.255627627600000018e+01,-3.595385765300000003e+01,-3.560842113799999709e+01,-2.560659872300000117e+01,-2.474385349900000008e+01,-2.651831797799999890e+01
1.257628628600000020e+01,-2.892274371699999946e+01,-3.619088799200000039e+01,-2.670135023599999968e+01,-2.415833231199999886e+01,-2.581901627399999910e+01
1.259629629600000023e+01,-2.791681092700000022e+01,-3.673401081800000156e+01,-2.472482598299999879e+01,-2.502199800200000013e+01,-2.779813800699999859e+01
1.261630630600000025e+01,-2.801855064100000092e+01,-4.084244439300000096e+01,-2.681220922900000048e+01,-2.388292412999999925e+01,-3.250133824899999979e+01
1.263631631600000027e+01,-2.618819612600000113e+01,-5.146146353900000037e+01,-2.632882829600000107e+01,-2.352457122599999906e+01,-2.861227056299999916e+01
1.265632632600000029e+01,-2.584819849799999858e+01,-3.961203607400000237e+01,-2.629120597500000045e+01,-2.350540506200000124e+01,-3.119464406899999886e+01
1.267633633600000032e+01,-2.492376156199999926e+01,-4.010013193199999648e+01,-2.727574717599999943e+01,-2.309364112200000108e+01,-3.478788515299999773e+01
1.269634634600000034e+01,-2.817297000099999948e+01,-4.197517867599999875e+01,-2.844078008199999985e+01,-2.310358842799999834e+01,-3.167887670700000058e+01
1.271635635600000036e+01,-2.775056979500000054e+01,-3.925582292600000045e+01,-2.749197663600000041e+01,-2.406744613400000077e+01,-3.155197135899999950e+01
1.273636636600000038e+01,-2.794509129700000116e+01,-3.862953883200000149e+01,-2.882416916500000070e+01,-2.441441833200000033e+01,-3.514648395599999731e+01
1.275637637600000041e+01,-2.636154778499999907e+01,-3.773102466800000343e+01,-2.741419743899999872e+01,-2.365197424600000176e+01,-3.257109863400000194e+01
1.277638638600000043e+01,-2.848083209800000049e+01,-3.833385823500000100e+01,-2.881205782400000004e+01,-2.357010856500000173e+01,-3.501532319199999677e+01
1.279639639600000045e+01,-2.857408416299999843e+01,-4.312414509399999929e+01,-2.658603973299999979e+01,-2.543246265499999836e+01,-3.243999810300000064e+01
1.281640640600000047e+01,-2.871274517299999829e+01,-4.903703458599999720e+01,-2.991078588499999924e+01,-2.524250562699999989e+01,-3.638895868000000178e+01
1.283641641600000050e+01,-3.158986141300000128e+01,-3.860150213400000041e+01,-2.811439017800000073e+01,-2.442735983500000074e+01,-3.785606865300000123e+01
1.285642642600000052e+01,-3.465385112100000242e+01,-3.894624783399999757e+01,-3.005693251699999990e+01,-2.498692431199999930e+01,-3.447151672900000108e+01
1.287643643600000054e+01,-2.915295904699999952e+01,-4.299191058699999957e+01,-3.007174981200000019e+01,-2.539725208699999826e+01,-4.923607437399999753e+01
1.289644644600000056e+01,-3.554120904900000255e+01,-3.729855627199999901e+01,-3.188425410700000029e+01,-2.565413819200000134e+01,-3.742712273099999720e+01
1.291645645600000059e+01,-3.131025562199999968e+01,-3.459274045699999789e+01,-3.054117267299999838e+01,-2.459561612199999914e+01,-4.438235568500000028e+01
1.293646646600000061e+01,-3.501290923700000235e+01,-3.712582447900000204e+01,-3.284505034400000056e+01,-2.749180329000000000e+01,-3.920600588599999980e+01
1.295647647600000063e+01,-3.164588149200000089e+01,-4.288574758099999684e+01,-3.316853273600000307e+01,-2.547549446900000092e+01,-4.353949670200000099e+01
1.297648648600000065e+01,-3.680219552599999844e+01,-3.624103162699999814e+01,-3.465657295100000113e+01,-2.571473090499999969e+01,-4.069429732599999738e+01
1.299649649600000068e+01,-3.848197858999999710e+01,-3.310727288300000026e+01,-4.063583177099999943e+01,-2.506365149399999837e+01,-4.103000181699999871e+01
1.301650650700000078e+01,-3.320538109900000023e+01,-3.450411111300000044e+01,-3.655467506699999802e+01,-2.617997040999999925e+01,-4.568436504499999984e+01
1.303651651700000080e+01,-3.516116585399999650e+01,-3.900620830100000092e+01,-4.392048792300000315e+01,-2.811059558599999875e+01,-3.548391734399999820e+01
1.305652652700000083e+01,-3.300518295999999907e+01,-3.549322092799999950e+01,-3.973448993699999932e+01,-2.855044692599999934e+01,-4.414738584399999866e+01
1.307653653700000085e+01,-3.430149447400000184e+01,-3.200626642900000007e+01,-5.581067266000000160e+01,-2.896743652400000002e+01,-3.971077524599999720e+01
1.309654654700000087e+01,-3.434223137800000103e+01,-3.391222465799999952e+01,-4.316646314100000126e+01,-3.044180021800000091e+01,-3.948580206500000145e+01
1.311655655699999912e+01,-4.560601212099999913e+01,-3.106024699499999997e+01,-3.696932030699999672e+01,-2.971263963699999877e+01,-3.994328564500000311e+01
1.313656656699999914e+01,-3.057803785200000135e+01,-3.721235117599999853e+01,-4.571999585999999738e+01,-3.217848471300000313e+01,-4.042111087100000333e+01
1.315657657699999916e+01,-3.385221039900000051e+01,-3.759725291699999872e+01,-3.911763241300000260e+01,-3.285824463699999853e+01,-4.568889602099999792e+01
1.317658658699999918e+01,-4.210197752900000268e+01,-2.880674617100000034e+01,-3.778361277300000154e+01,-2.915840551499999833e+01,-4.292363013399999971e+01
1.319659659699999921e+01,-4.685181254300000120e+01,-4.291469157400000256e+01,-3.609517083499999757e+01,-3.088150484199999823e+01,-3.939091410999999709e+01
1.321660660699999923e+01,-3.239203856099999967e+01,-3.565174731700000166e+01,-4.102010011200000150e+01,-3.069329968999999991e+01,-3.923348893400000037e+01
1.323661661699999925e+01,-4.127734073199999898e+01,-3.370571934400000202e+01,-3.493256179699999819e+01,-3.233206125600000291e+01,-3.543267161899999707e+01
1.325662662699999927e+01,-3.769733236100000084e+01,-3.553603356299999660e+01,-3.683212456300000071e+01,-3.366278338299999717e+01,-4.176923854799999702e+01
1.327663663699999930e+01,-4.110500473199999760e+01,-3.498493562600000217e+01,-3.163652854300000072e+01,-3.161436810200000025e+01,-3.873023459200000218e+01
1.329664664699999932e+01,-3.388913075399999997e+01,-3.427879732499999932e+01,-4.455456793300000129e+01,-3.394096932600000116e+01,-3.607667498600000044e+01
1.331665665699999934e+01,-3.214670713600000340e+01,-4.051222892500000228e+01,-3.594634042100000215e+01,-3.041960841399999893e+01,-3.612531327399999981e+01
1.333666666699999936e+01,-2.850715732300000127e+01,-3.934662043899999873e+01,-3.381544103499999920e+01,-3.439393992099999764e+01,-4.024953090999999716e+01
1.335667667699999939e+01,-4.612291940800000134e+01,-3.154136705000000163e+01,-3.340428351300000287e+01,-3.401422461199999958e+01,-4.159680607699999655e+01
1.337668668699999941e+01,-3.872753352200000165e+01,-3.593023534999999669e+01,-3.052978975599999956e+01,-4.471456504999999737e+01,-3.146877351799999900e+01
1.339669669699999943e+01,-3.339553208699999942e+01,-3.257621772400000282e+01,-3.160602866300000002e+01,-3.124821323999999834e+01,-3.650938983199999655e+01
1.341670670699999945e+01,-4.148881353800000227e+01,-4.338824403299999943e+01,-3.053504822800000085e+01,-4.084321140400000161e+01,-3.118986353800000089e+01
1.343671671699999948e+01,-5.378871342699999758e+01,-4.560530986999999925e+01,-3.153478691799999822e+01,-3.572497794200000243e+01,-3.625890111599999699e+01
1.345672672699999950e+01,-3.822126872399999797e+01,-3.187998500300000160e+01,-3.210212920800000092e+01,-3.281313667599999917e+01,-3.778054717500000237e+01
1.347673673699999952e+01,-4.362070070200000060e+01,-4.126998218399999985e+01,-3.047559467700000013e+01,-3.094328214200000104e+01,-3.868938375599999802e+01
1.349674674699999954e+01,-3.534126207599999958e+01,-3.834845419100000186e+01,-2.798739084199999994e+01,-3.057454481199999918e+01,-3.603235501599999679e+01
1.351675675699999957e+01,-3.772095078800000323e+01,-2.799101947100000132e+01,-2.916187740199999823e+01,-3.431223910300000313e+01,-3.590209888300000074e+01
1.353676676699999959e+01,-4.610528040999999888e+01,-4.255360592400000286e+01,-3.017973401900000141e+01,-4.108485076099999844e+01,-3.191525864100000121e+01
1.355677677699999961e+01,-3.428001721900000121e+01,-3.365490773199999808e+01,-3.237855648000000031e+01,-3.926662055100000259e+01,-3.351984596199999800e+01
1.357678678699999963e+01,-3.729313395700000200e+01,-4.561807351299999880e+01,-2.691473869500000049e+01,-3.957600795500000146e+01,-3.312055466200000353e+01
1.359679679699999966e+01,-4.878013235000000236e+01,-4.442831094299999961e+01,-3.014859279999999941e+01,-4.070571584500000029e+01,-3.401916844899999859e+01
1.361680680699999968e+01,-3.434888217200000327e+01,-3.009255227999999960e+01,-2.659834769100000074e+01,-3.772417486300000178e+01,-3.340424877200000253e+01
1.363681681699999970e+01,-3.340240802099999939e+01,-4.019195048099999923e+01,-2.782687534700000143e+01,-4.791441497600000332e+01,-3.596823042199999776e+01
1.365682682699999972e+01,-3.894513876199999913e+01,-3.847974191499999819e+01,-2.907023175899999856e+01,-4.066642457199999683e+01,-3.719989962799999716e+01
1.367683683699999975e+01,-3.769203548699999828e+01,-3.773429491299999938e+01,-2.774692584599999989e+01,-4.424601729399999783e+01,-4.358118305099999645e+01
1.369684684699999977e+01,-3.528728382500000293e+01,-5.423458675500000226e+01,-2.888338729399999849e+01,-4.455142014500000158e+01,-3.315148457899999812e+01
1.371685685699999979e+01,-3.278154129100000347e+01,-4.148148006800000331e+01,-2.967968520999999882e+01,-4.204713200999999856e+01,-4.047148298100000119e+01
1.373686686699999981e+01,-3.662657376599999992e+01,-3.200063176300000123e+01,-2.615184165200000166e+01,-4.839181113400000100e+01,-3.891961076799999830e+01
1.375687687699999984e+01,-3.410865889699999798e+01,-3.376779111900000174e+01,-2.699847976399999894e+01,-4.678469017399999785e+01,-3.453556781199999648e+01
1.377688688699999986e+01,-3.707272753499999851e+01,-3.387001375399999858e+01,-2.598038799000000054e+01,-3.711331325900000166e+01,-3.699329632399999923e+01
1.379689689699999988e+01,-4.697910845900000254e+01,-4.455148791999999958e+01,-2.912136548200000163e+01,-4.208626116300000319e+01,-2.916553636900000157e+01
1.381690690699999990e+01,-4.720179959499999711e+01,-3.653924570299999885e+01,-2.858444824300000064e+01,-4.462274786199999710e+01,-4.271830553200000224e+01
1.383691691699999993e+01,-3.120234479200000166e+01,-3.308041417599999789e+01,-2.860970633399999841e+01,-3.590917649200000028e+01,-4.410365880300000185e+01
1.385692692699999995e+01,-4.142794318899999695e+01,-3.682348614099999651e+01,-2.821553711099999973e+01,-3.202309006699999827e+01,-2.962860353399999980e+01
1.387693693699999997e+01,-2.935448763999999855e+01,-3.266687830000000048e+01,-2.819314692200000039e+01,-3.473648010099999794e+01,-3.133769547600000038e+01
1.389694694699999999e+01,-4.890011883599999720e+01,-3.285327638399999728e+01,-2.884624389000000022e+01,-3.565399025800000032e+01,-3.417475909800000267e+01
1.391695695700000002e+01,-3.306170600699999795e+01,-3.273277632399999959e+01,-2.919223730099999869e+01,-3.649265290299999975e+01,-3.137280212299999960e+01
1.393696696700000004e+01,-4.204353550500000125e+01,-3.989608073699999835e+01,-2.662782177000000061e+01,-3.818009750000000224e+01,-3.070475702099999893e+01
1.395697697700000006e+01,-3.197543352399999961e+01,-3.417133567999999855e+01,-2.637576762000000130e+01,-3.592954336599999721e+01,-2.896005064899999937e+01
1.397698698700000008e+01,-2.862399415999999874e+01,-4.387968706099999849e+01,-2.551814995200000169e+01,-4.122424724799999751e+01,-3.396113832700000046e+01
1.399699699700000011e+01,-4.880120794999999845e+01,-3.997970271500000194e+01,-2.551891758700000068e+01,-2.983363303899999863e+01,-2.866258584599999892e+01
1.401700700700000013e+01,-3.020449006200000142e+01,-3.459255233399999696e+01,-2.574887210500000023e+01,-3.398461208399999833e+01,-3.089185294900000045e+01
1.403701701700000015e+01,-4.364079125199999964e+01,-4.172479402300000118e+01,-2.576468866500000132e+01,-3.318776116899999806e+01,-3.471431817100000217e+01
1.405702702700000017e+01,-3.703961256000000191e+01,-4.341148743499999796e+01,-2.569497862000000055e+01,-3.614695344199999738e+01,-2.763411818599999847e+01
1.407703703700000020e+01,-3.043223474899999914e+01,-3.942344381699999900e+01,-2.540537954899999917e+01,-3.775901201500000326e+01,-3.539632970600000306e+01
1.409704704700000022e+01,-3.478593558699999733e+01,-3.576627581999999705e+01,-2.486343716400000048e+01,-3.343827792300000112e+01,-3.253902269299999972e+01
1.411705705700000024e+01,-3.693053219000000098e+01,-3.769338544899999732e+01,-2.519442851100000169e+01,-5.635744675299999784e+01,-3.001498421300000174e+01
1.413706706700000026e+01,-3.999892339299999833e+01,-5.502607732500000282e+01,-2.565646590800000126e+01,-3.590861507399999653e+01,-3.408746248700000336e+01
1.415707707700000029e+01,-3.465887500200000204e+01,-3.785848293499999784e+01,-2.452719659999999990e+01,-3.658999319400000161e+01,-3.101909841999999884e+01
1.417708708700000031e+01,-4.760158861200000047e+01,-4.827855653799999658e+01,-2.467414136600000063e+01,-3.413687841299999803e+01,-2.944593271100000109e+01
1.419709709700000033e+01,-3.004508757800000041e+01,-3.399314465500000182e+01,-2.393716941699999978e+01,-4.904891406800000198e+01,-3.234218965299999837e+01
1.421710710700000035e+01,-3.494683803800000277e+01,-3.360962950300000074e+01,-2.473800943299999844e+01,-3.408953893900000054e+01,-4.327141367600000166e+01
1.423711711700000038e+01,-4.541610133999999732e+01,-3.888923876999999862e+01,-2.537444604799999937e+01,-3.762427324400000117e+01,-3.300659320799999819e+01
1.425712712700000040e+01,-3.181667377799999841e+01,-3.537790288800000127e+01,-2.336553262700000033e+01,-4.214906006700000063e+01,-3.373926067099999671e+01
1.427713713700000042e+01,-4.617606926999999928e+01,-3.067810719299999889e+01,-2.609097233199999977e+01,-4.016954166800000081e+01,-3.392735714999999885e+01
1.429714714700000044e+01,-3.608320942699999989e+01,-3.181012440399999974e+01,-2.775584405600000082e+01,-4.488548674199999766e+01,-3.204164004900000151e+01
1.431715715700000047e+01,-3.987843427100000326e+01,-3.276386591100000345e+01,-2.809772323900000046e+01,-5.458931548799999689e+01,-3.583754234500000280e+01
1.433716716700000049e+01,-3.462463915899999733e+01,-3.604505103700000035e+01,-2.740128501999999955e+01,-4.423319820100000044e+01,-3.048079114200000106e+01
1.435717717700000051e+01,-4.072295751099999706e+01,-3.667099594199999757e+01,-3.029775052000000102e+01,-4.129118662799999839e+01,-3.667517426399999891e+01
1.437718718700000053e+01,-4.262567689899999834e+01,-2.866371738300000160e+01,-3.091134834900000072e+01,-3.863360145200000062e+01,-4.594825145499999763e+01
1.439719719700000056e+01,-3.147453503999999924e+01,-3.005056114099999931e+01,-2.774167290899999827e+01,-3.680503597799999937e+01,-3.606075478399999668e+01
1.441720720700000058e+01,-5.301942721700000050e+01,-4.207638578899999970e+01,-2.996066463900000088e+01,-4.237772151099999718e+01,-2.900877632899999981e+01
1.443721721700000060e+01,-3.768850816100000145e+01,-3.351927828400000209e+01,-2.661812036299999917e+01,-4.032703423000000242e+01,-3.563555259000000319e+01
1.445722722700000062e+01,-2.948084029800000039e+01,-3.091002745799999829e+01,-2.774478917400000100e+01,-4.414133379900000165e+01,-3.966204491199999893e+01
1.447723723700000065e+01,-3.160695459300000110e+01,-4.175982664000000000e+01,-3.397870080100000223e+01,-4.286355591899999951e+01,-3.698271429500000096e+01
1.449724724700000067e+01,-3.146652951500000128e+01,-3.348259568600000335e+01,-3.102097014499999972e+01,-3.944341843499999811e+01,-3.342958472400000147e+01
1.451725725700000069e+01,-3.775546230799999847e+01,-3.168066457799999824e+01,-3.072391950300000119e+01,-4.028166018499999979e+01,-5.119266003399999931e+01
1.453726726700000071e+01,-3.469770244499999734e+01,-3.704350799200000210e+01,-3.177410118899999958e+01,-4.961395638999999846e+01,-5.043488176500000009e+01
1.455727727700000074e+01,-4.179193619000000126e+01,-3.198698794099999887e+01,-2.576215351800000164e+01,-4.485409700299999969e+01,-3.441713228399999736e+01
1.457728728700000076e+01,-3.208777474000000041e+01,-2.883676574200000076e+01,-3.179404921400000106e+01,-3.772271581199999702e+01,-2.840753136300000037e+01
1.459729729700000078e+01,-3.615254939599999773e+01,-4.096302835400000220e+01,-3.016980054200000083e+01,-3.984104437799999943e+01,-3.032906761599999967e+01
1.461730730700000080e+01,-3.830808516199999758e+01,-4.499368947600000013e+01,-2.739814910899999845e+01,-5.938474583899999715e+01,-3.309690422199999915e+01
1.463731731700000083e+01,-4.131368677700000092e+01,-3.095671572899999902e+01,-2.909707621600000138e+01,-4.167762382000000088e+01,-3.085102834199999933e+01
1.465732732700000085e+01,-3.516090356400000161e+01,-4.695236512299999987e+01,-3.044216892400000063e+01,-4.142785236699999984e+01,-2.902640619099999952e+01
1.467733733700000087e+01,-3.373243205800000055e+01,-3.976828884799999742e+01,-2.711204479199999895e+01,-3.335441859699999867e+01,-2.831923051500000099e+01
1.469734734699999912e+01,-2.970627511100000007e+01,-4.278301213400000336e+01,-2.823184098600000169e+01,-4.350653760299999817e+01,-2.403940772300000006e+01
1.471735735699999914e+01,-4.034467326400000076e+01,-3.618621182999999775e+01,-2.789678748700000099e+01,-4.112130813800000340e+01,-3.221993501000000037e+01
1.473736736699999916e+01,-3.761306903999999918e+01,-3.902847875799999855e+01,-3.117421881099999936e+01,-4.302315845900000113e+01,-2.798250307700000050e+01
1.475737737699999919e+01,-3.249322545300000087e+01,-4.378721457299999997e+01,-2.911515425099999987e+01,-4.429473003300000045e+01,-3.183840488099999888e+01
1.477738738699999921e+01,-3.233978160200000218e+01,-3.283542142400000330e+01,-2.901515695000000150e+01,-5.459405968600000136e+01,-2.966328983300000033e+01
1.479739739699999923e+01,-4.858773419300000285e+01,-3.628467897099999817e+01,-2.962065110300000015e+01,-4.522536915700000293e+01,-3.292750084800000110e+01
1.481740740699999925e+01,-3.143505234299999884e+01,-3.633124877899999916e+01,-2.635236356000000058e+01,-4.458369849200000345e+01,-3.652173190999999974e+01
1.483741741699999928e+01,-3.033555855099999832e+01,-3.816062972800000352e+01,-2.703165153400000165e+01,-4.427922197099999835e+01,-2.825367810299999860e+01
1.485742742699999930e+01,-3.479845032000000060e+01,-3.326928907900000354e+01,-2.803849948399999903e+01,-3.424814390400000264e+01,-3.090023351099999971e+01
1.487743743699999932e+01,-4.166841073599999845e+01,-2.890405825299999876e+01,-2.521096846500000055e+01,-3.986407560899999680e+01,-2.878469461899999970e+01
1.489744744699999934e+01,-3.200765123600000095e+01,-4.877491763700000149e+01,-2.510089220400000087e+01,-4.486713655700000203e+01,-2.997732195500000074e+01
1.491745745699999937e+01,-3.143324502700000167e+01,-2.878151397899999964e+01,-2.466461270199999944e+01,-5.168468178100000188e+01,-3.045176026600000085e+01
1.493746746699999939e+01,-3.884910530199999812e+01,-3.835879942700000100e+01,-2.657240477699999914e+01,-4.197272729099999822e+01,-3.069391127700000155e+01
1.495747747699999941e+01,-3.282652552900000131e+01,-3.212441946900000289e+01,-2.690505545599999948e+01,-3.692892452400000280e+01,-2.526978178999999969e+01
1.497748748699999943e+01,-2.881621645599999937e+01,-4.444758986800000145e+01,-2.397496931999999958e+01,-3.753803625100000119e+01,-2.873912237200000064e+01
1.499749749699999946e+01,-2.997062484499999968e+01,-5.825759258600000123e+01,-2.418255097799999831e+01,-4.328695483300000291e+01,-2.582856487300000126e+01
1.501750750799999956e+01,-3.952499303300000122e+01,-3.648357052000000067e+01,-2.407752290699999875e+01,-3.930480758099999861e+01,-2.873030764900000023e+01
1.503751751799999958e+01,-2.809014296599999838e+01,-3.430572716100000008e+01,-2.348595239899999854e+01,-4.439694143500000223e+01,-2.971033428400000176e+01
1.505752752799999961e+01,-3.908117836299999937e+01,-4.419266695999999683e+01,-2.254509444600000023e+01,-4.109370520800000293e+01,-2.534879828300000071e+01
1.507753753799999963e+01,-3.373164116899999954e+01,-3.806680697899999899e+01,-2.482519763999999896e+01,-3.956229863699999783e+01,-2.498537539100000160e+01
1.509754754799999965e+01,-4.524462416200000092e+01,-4.137412282900000093e+01,-2.523634905200000134e+01,-3.504659374399999905e+01,-2.302381280000000174e+01
1.511755755799999967e+01,-3.103916938600000108e+01,-4.041857137400000255e+01,-2.404537871799999849e+01,-4.023109302400000331e+01,-2.922299869600000122e+01
1.513756756799999970e+01,-3.394734856699999881e+01,-5.214401694400000054e+01,-2.625719462300000018e+01,-3.241097827200000125e+01,-2.722816939399999825e+01
1.515757757799999972e+01,-3.463001403799999878e+01,-3.390623763699999671e+01,-2.613682443100000086e+01,-3.018109046400000040e+01,-2.373475859799999910e+01
1.517758758799999974e+01,-4.090207250299999941e+01,-2.735858331600000071e+01,-2.632122029099999949e+01,-3.365391204499999844e+01,-2.555538633300000129e+01
1.519759759799999976e+01,-3.807381104200000266e+01,-2.669965020700000125e+01,-2.698699377999999882e+01,-4.528570256700000130e+01,-2.512936473699999951e+01
1.521760760799999979e+01,-3.217202036900000195e+01,-2.720197984900000066e+01,-2.461747318000000107e+01,-3.767593464800000191e+01,-3.130356873499999892e+01
1.523761761799999981e+01,-3.304174311599999925e+01,-3.203403076499999713e+01,-2.809264367500000148e+01,-4.340205451799999992e+01,-3.099357390000000123e+01
1.525762762799999983e+01,-3.225606283700000176e+01,-2.555892261099999985e+01,-2.817599003000000124e+01,-3.480003582500000192e+01,-2.822437968199999858e+01
1.527763763799999985e+01,-4.135037360399999784e+01,-2.905227850500000031e+01,-2.459061935300000101e+01,-3.457437764800000224e+01,-3.030324302500000044e+01
1.529764764799999988e+01,-4.312077465099999785e+01,-2.908695913300000058e+01,-2.801914298100000167e+01,-3.933795821700000062e+01,-3.418836670799999666e+01
1.531765765799999990e+01,-4.489873474899999906e+01,-3.341569805799999671e+01,-2.976915072699999953e+01,-4.420199344400000285e+01,-2.310422749700000011e+01
1.533766766799999992e+01,-4.291534383399999797e+01,-3.390666249600000270e+01,-2.951604743900000116e+01,-3.470816265799999911e+01,-2.902125016300000127e+01
1.535767767799999994e+01,-4.366284421299999963e+01,-2.373023464799999971e+01,-3.093793824300000139e+01,-4.250044365099999766e+01,-3.113467937700000121e+01
1.537768768799999997e+01,-3.636874375699999717e+01,-2.979427528400000114e+01,-3.333915485699999692e+01,-4.365249431600000207e+01,-3.529790107800000243e+01
1.539769769799999999e+01,-3.870495963199999778e+01,-4.465754531200000343e+01,-3.175771673499999892e+01,-3.077278468200000106e+01,-3.225384660099999934e+01
1.541770770800000001e+01,-3.779031430599999908e+01,-3.592129520000000298e+01,-2.777076082900000031e+01,-3.606040563700000234e+01,-3.300278435399999921e+01
1.543771771800000003e+01,-2.954611298000000019e+01,-3.567515393400000079e+01,-2.944082566999999884e+01,-6.181301191000000017e+01,-3.233250974799999966e+01
1.545772772800000006e+01,-4.094206469000000226e+01,-4.077239415999999750e+01,-3.079641122199999970e+01,-4.082655616400000298e+01,-2.924901280399999948e+01
1.547773773800000008e+01,-4.810674251799999723e+01,-3.927373273700000311e+01,-2.721683717799999869e+01,-3.956923539200000306e+01,-2.573921358899999845e+01
1.549774774800000010e+01,-3.709787988099999723e+01,-3.278471652000000347e+01,-2.944543530199999992e+01,-4.188065563499999655e+01,-3.264511276100000003e+01
1.551775775800000012e+01,-3.228085184199999702e+01,-3.125714223399999980e+01,-3.296286181499999657e+01,-4.492393985300000026e+01,-2.565910729300000170e+01
1.553776776800000015e+01,-2.860788374999999917e+01,-3.248020565699999906e+01,-3.076834002100000021e+01,-4.456282104699999991e+01,-2.909849485100000166e+01
1.555777777800000017e+01,-4.161718732599999981e+01,-3.508267997299999763e+01,-3.249882121899999987e+01,-3.446663033000000098e+01,-3.242759852100000018e+01
1.557778778800000019e+01,-3.204084136899999891e+01,-3.579341582499999674e+01,-3.514761644400000051e+01,-3.636336469199999755e+01,-2.813246293299999934e+01
1.559779779800000021e+01,-3.218006874900000014e+01,-4.272278670299999703e+01,-3.194607383600000006e+01,-3.081166290499999860e+01,-3.184518257299999888e+01
1.561780780800000024e+01,-3.765096318500000194e+01,-3.880699197799999922e+01,-3.484284037399999789e+01,-3.917623223999999738e+01,-2.943528746799999851e+01
1.563781781800000026e+01,-3.961183060799999822e+01,-4.276151557099999678e+01,-3.624938095699999963e+01,-4.016114058499999828e+01,-2.578267486100000028e+01
1.565782782800000028e+01,-3.020686447900000005e+01,-3.202870973699999979e+01,-3.690460849699999812e+01,-3.885892442499999788e+01,-2.878107851000000039e+01
1.567783783800000030e+01,-3.053147758700000125e+01,-3.248896212100000014e+01,-3.114483211599999990e+01,-5.184379785499999826e+01,-2.658619492400000084e+01
1.569784784800000033e+01,-2.733256547099999878e+01,-2.929667154199999857e+01,-3.095914794999999842e+01,-4.002174802399999720e+01,-1.978319715499999987e+01
1.571785785800000035e+01,-3.314309762100000256e+01,-3.193523765899999844e+01,-2.781882885999999999e+01,-3.528420948699999826e+01,-2.454168828699999949e+01
1.573786786800000037e+01,-4.313653425500000083e+01,-3.904697364500000134e+01,-2.919227892299999993e+01,-3.233536171400000114e+01,-2.501140659400000033e+01
1.575787787800000039e+01,-3.574111119399999836e+01,-3.173280473499999843e+01,-2.794172285799999855e+01,-3.242631344800000193e+01,-2.547995994900000127e+01
1.577788788800000042e+01,-3.673813929300000325e+01,-4.448295671999999712e+01,-2.781350370399999861e+01,-4.643146888999999788e+01,-2.482683880000000087e+01
1.579789789800000044e+01,-3.219364355799999800e+01,-5.107254454200000282e+01,-3.208918593500000327e+01,-3.337817601900000142e+01,-2.133224192799999841e+01
1.581790790800000046e+01,-3.286297861999999981e+01,-4.709935457899999989e+01,-2.620835243899999867e+01,-3.239492442200000255e+01,-2.153726060099999984e+01
1.583791791800000048e+01,-3.617787671199999977e+01,-3.355958237000000111e+01,-2.877775827500000005e+01,-3.313804492100000232e+01,-2.187064020100000050e+01
1.585792792800000051e+01,-2.826487859599999908e+01,-3.310020494300000138e+01,-2.639951401100000083e+01,-3.198010009100000062e+01,-2.369072205200000170e+01
1.587793793800000053e+01,-3.624408532500000035e+01,-2.872793826799999906e+01,-2.640219632000000161e+01,-3.491621380699999833e+01,-2.415062805299999837e+01
1.589794794800000055e+01,-3.181144135899999981e+01,-4.304391937399999790e+01,-2.796043489199999854e+01,-3.083623999699999985e+01,-2.533381038199999935e+01
1.591795795800000057e+01,-2.958059323299999832e+01,-4.442976263700000317e+01,-2.244487468499999849e+01,-2.633533594700000080e+01,-2.188031570400000092e+01
1.593796796800000060e+01,-3.573718508500000013e+01,-3.444610449399999652e+01,-2.585892026400000177e+01,-3.430228957100000287e+01,-2.069154650200000134e+01
1.595797797800000062e+01,-3.015477577400000087e+01,-4.677538590000000340e+01,-2.271516904799999992e+01,-2.993417197000000129e+01,-2.512206945399999825e+01
1.597798798800000064e+01,-2.752744011700000115e+01,-2.756015304700000002e+01,-2.582454387199999957e+01,-2.797152147899999974e+01,-2.731940885899999927e+01
1.599799799800000066e+01,-2.713561146099999988e+01,-3.152040563899999981e+01,-2.220748880900000088e+01,-3.307582308899999646e+01,-2.532046419999999998e+01
1.601800800799999891e+01,-1.560025759900000075e+01,-3.321953043999999977e+01,-2.267834054700000124e+01,-3.351197321899999793e+01,-2.560992896999999857e+01
1.603801801799999893e+01,-3.302430954799999796e+01,-2.049455890799999835e+01,-3.366763379599999695e+01,-2.518366904399999839e+01,-2.750145861500000066e+01
1.605802802799999895e+01,-3.500469992200000036e+01,-4.146599555699999939e+01,-2.570766725500000049e+01,-3.078834609100000108e+01,-2.374316506499999946e+01
1.607803803799999898e+01,-2.448448238799999999e+01,-3.090367043199999841e+01,-2.649938715100000053e+01,-2.952040874100000067e+01,-2.500033635000000132e+01
1.609804804799999900e+01,-2.993337352500000037e+01,-3.159495254999999858e+01,-2.568253258700000075e+01,-2.834859490599999887e+01,-2.520005683000000118e+01
1.611805805799999902e+01,-3.097901367600000100e+01,-1.779129982599999948e+01,-3.090490377900000141e+01,-2.639680994700000127e+01,-2.432134897899999970e+01
1.613806806799999904e+01,-2.699368434699999852e+01,-4.042303954900000207e+01,-2.588466118499999880e+01,-3.431529437199999677e+01,-2.439028133900000128e+01
1.615807807799999907e+01,-2.600951453400000091e+01,-2.979505015000000157e+01,-2.546235882799999928e+01,-3.273290425799999781e+01,-2.841466767100000013e+01
1.617808808799999909e+01,-2.659454853800000151e+01,-3.186858238900000018e+01,-2.377219157200000055e+01,-2.958188710800000010e+01,-2.909752137899999980e+01
1.619809809799999911e+01,-1.940011087199999906e+01,-3.237163708599999978e+01,-2.671429947700000085e+01,-3.520598078300000111e+01,-3.010925484899999915e+01
1.621810810799999913e+01,-1.252047718300000057e+01,-3.380257754000000148e+01,-2.409747721400000131e+01,-3.141482938600000097e+01,-2.528428676500000094e+01
1.623811811799999916e+01,-2.793017646699999901e+01,-3.580141246299999835e+01,-2.731533231399999906e+01,-3.777242919799999754e+01,-2.740304445099999953e+01
1.625812812799999918e+01,-2.828300858600000112e+01,-3.296660661800000014e+01,-2.709421500999999921e+01,-2.663589433099999937e+01,-2.695548705199999873e+01
1.627813813799999920e+01,-2.860806373599999830e+01,-4.568615888600000119e+01,-2.606620452599999993e+01,-3.380577277599999775e+01,-2.612510591999999932e+01
1.629814814799999922e+01,-2.745829348599999875e+01,-4.330768120599999804e+01,-2.659344815600000089e+01,-3.220082656499999985e+01,-2.569139268600000037e+01
1.631815815799999925e+01,-3.209305608500000062e+01,-3.108463483699999941e+01,-2.530834880400000131e+01,-3.477116047999999893e+01,-2.171689250100000024e+01
1.633816816799999927e+01,-2.481152635400000150e+01,-3.866187822900000270e+01,-2.892020407200000065e+01,-3.673934803699999918e+01,-2.872295391999999836e+01
1.635817817799999929e+01,-2.785397105199999856e+01,-2.762685666699999842e+01,-2.543884127800000172e+01,-3.002226665499999925e+01,-2.671665317600000122e+01
1.637818818799999931e+01,-2.843545058899999844e+01,-2.495933720400000055e+01,-2.480177226500000032e+01,-3.536694549199999926e+01,-2.622517231499999824e+01
1.639819819799999934e+01,-3.275541382499999798e+01,-4.288080987499999708e+01,-2.855335614299999847e+01,-2.989468772500000071e+01,-2.667184461200000101e+01
1.641820820799999936e+01,-2.927634878900000004e+01,-1.691113346799999917e+01,-1.950544431300000170e+01,-2.375493628299999926e+01,-2.443059658099999965e+01
1.643821821799999938e+01,-3.805404398299999968e+01,-3.738334728499999926e+01,-2.686826847800000095e+01,-3.259057807300000320e+01,-2.096128824499999865e+01
1.645822822799999940e+01,-2.243525170599999896e+01,-3.049975396099999969e+01,-2.823786851899999917e+01,-2.817229680999999886e+01,-2.616372154900000169e+01
1.647823823799999943e+01,-3.496100970999999902e+01,-3.017407410099999865e+01,-2.836708460099999840e+01,-3.049526570200000108e+01,-3.405630752799999783e+01
1.649824824799999945e+01,-3.923886115199999836e+01,-3.879302575900000249e+01,-2.532188995599999970e+01,-3.431114709300000243e+01,-2.637292944400000039e+01
1.651825825799999947e+01,-3.457459913000000284e+01,-6.592602528400000494e+01,-3.279789922100000155e+01,-3.039092416300000110e+01,-2.535758850999999936e+01
1.653826826799999949e+01,-2.572909364799999921e+01,-2.702471216900000073e+01,-2.683212899700000165e+01,-3.075931904799999828e+01,-2.031929304100000166e+01
1.655827827799999952e+01,-3.282698103199999906e+01,-3.146836306799999861e+01,-2.928059700500000062e+01,-4.038866483700000032e+01,-3.131201341199999888e+01
1.657828828799999954e+01,-2.746848397500000161e+01,-3.399815824499999906e+01,-2.933112005199999928e+01,-3.572246713399999862e+01,-2.862593945300000087e+01
1.659829829799999956e+01,-2.958678505399999992e+01,-4.359633855199999886e+01,-2.775516269999999963e+01,-3.515152451800000222e+01,-2.631497964200000084e+01
1.661830830799999958e+01,-3.814058954499999743e+01,-3.352848193599999860e+01,-3.137811267400000048e+01,-3.761353676699999937e+01,-2.734601909299999889e+01
1.663831831799999961e+01,-3.922395919400000253e+01,-2.853245309400000096e+01,-3.053684803499999845e+01,-3.876630235500000055e+01,-3.304105330400000184e+01
1.665832832799999963e+01,-2.833209857499999984e+01,-3.308269049199999756e+01,-2.600744284099999959e+01,-3.125572511900000094e+01,-2.728144006200000149e+01
1.667833833799999965e+01,-3.155796839299999945e+01,-3.851635436699999815e+01,-2.704551702099999844e+01,-3.891786976200000225e+01,-2.609983014199999829e+01
1.669834834799999967e+01,-3.036526456700000054e+01,-2.745305978400000058e+01,-2.858106748699999855e+01,-3.794066139800000315e+01,-2.963463882099999935e+01
1.671835835799999970e+01,-3.101418388400000126e+01,-3.602321687799999950e+01,-2.765296133400000045e+01,-3.023937361999999851e+01,-3.457632089799999875e+01
1.673836836799999972e+01,-4.511374931099999941e+01,-3.649275762999999984e+01,-2.668086154199999882e+01,-3.150348657900000049e+01,-2.713257931500000097e+01
1.675837837799999974e+01,-3.104949449900000147e+01,-3.124281491400000021e+01,-3.053011792799999924e+01,-4.670750822800000179e+01,-3.467650629900000325e+01
1.677838838799999976e+01,-3.262085712300000040e+01,-3.241731095699999798e+01,-2.657312337000000113e+01,-4.603722797999999727e+01,-2.985381890500000068e+01
1.679839839799999979e+01,-2.487193736400000077e+01,-2.019319112200000177e+01,-2.709405186500000084e+01,-3.162082715700000080e+01,-2.982129717200000130e+01
1.681840840799999981e+01,-3.149415763800000079e+01,-4.330021268299999804e+01,-2.739847081699999976e+01,-3.000498371100000128e+01,-3.241948264100000188e+01
1.683841841799999983e+01,-3.421623468300000326e+01,-4.682093488999999664e+01,-2.809761547600000142e+01,-3.397601880500000249e+01,-2.733621352600000165e+01
1.685842842799999985e+01,-2.333023019899999895e+01,-3.113949888300000168e+01,-2.684967501099999865e+01,-3.229074310600000075e+01,-2.285686521299999896e+01
1.687843843799999988e+01,-2.831303770999999969e+01,-4.119439104899999649e+01,-2.583777160900000069e+01,-3.715010794500000202e+01,-2.300280040599999865e+01
1.689844844799999990e+01,-3.281099909999999653e+01,-3.632399247299999701e+01,-2.232318652200000031e+01,-3.692255825299999827e+01,-2.420968172499999937e+01
1.691845845799999992e+01,-3.353733521000000195e+01,-4.808739786400000327e+01,-3.543850662399999862e+01,-3.788066427100000055e+01,-3.065204548000000173e+01
1.693846846799999994e+01,-2.995964155100000070e+01,-5.048401006899999999e+01,-2.470551210100000006e+01,-3.236078203400000319e+01,-2.874832820399999989e+01
1.695847847799999997e+01,-3.886425937300000300e+01,-3.377410647899999674e+01,-2.329690469000000164e+01,-5.535598524699999956e+01,-2.020468760800000041e+01
1.697848848799999999e+01,-3.347951719800000348e+01,-2.619844539300000008e+01,-2.588878374300000118e+01,-3.272926124199999975e+01,-2.754196412599999988e+01
1.699849849800000001e+01,-3.222554656799999862e+01,-2.910415916499999867e+01,-2.156750319900000079e+01,-2.019488871900000149e+01,-3.284646473000000100e+01
1.701850850900000012e+01,-2.893993483599999905e+01,-4.712185920299999964e+01,-2.759593200400000157e+01,-3.163567651500000011e+01,-2.853946232099999847e+01
1.703851851900000014e+01,-2.680829589800000079e+01,-2.506241146600000036e+01,-2.763318023900000142e+01,-2.638770594300000027e+01,-2.227047643699999924e+01
1.705852852900000016e+01,-4.773042083200000008e+01,-3.189149595900000023e+01,-3.633369789099999991e+01,-3.244052305000000302e+01,-2.065241729899999967e+01
1.707853853900000018e+01,-3.666087408500000322e+01,-2.159440566299999986e+01,-2.960602262600000145e+01,-3.578067087099999810e+01,-2.785361909699999927e+01
1.709854854900000021e+01,-3.991263087400000131e+01,-2.567987752100000165e+01,-3.458209587900000059e+01,-2.800824311199999883e+01,-2.621094069800000170e+01
1.711855855900000023e+01,-3.961083937600000127e+01,-2.651353741300000166e+01,-2.376029701499999902e+01,-2.055097138800000067e+01,-1.838268659999999954e+01
1.713856856900000025e+01,-4.672149104799999719e+01,-3.551763439900000208e+01,-3.055333429699999925e+01,-2.801093926900000142e+01,-2.295646472900000035e+01
1.715857857900000027e+01,-3.149008823400000168e+01,-3.456316631800000039e+01,-4.132928734499999734e+01,-2.434396180199999904e+01,-3.962669260300000218e+01
1.717858858900000030e+01,-3.917605548000000226e+01,-3.671463177900000119e+01,-2.347946251000000117e+01,-2.730045034700000173e+01,-1.779130722700000078e+01
1.719859859900000032e+01,-5.067443356199999727e+01,-3.742332780200000286e+01,-3.474623439300000172e+01,-2.283160282600000102e+01,-2.184701864999999898e+01
1.721860860900000034e+01,-3.173279093500000059e+01,-3.532003100899999737e+01,-2.702094326099999932e+01,-3.166866166899999868e+01,-3.437530429400000287e+01
1.723861861900000036e+01,-3.024279455499999969e+01,-4.615049584500000179e+01,-2.732910014000000132e+01,-3.175741702299999858e+01,-2.394617415000000094e+01
1.725862862900000039e+01,-3.241144303400000126e+01,-3.197051706499999923e+01,-2.938961737700000043e+01,-2.925492698400000080e+01,-2.848795813099999918e+01
1.727863863900000041e+01,-4.189244513399999903e+01,-2.591649987699999969e+01,-2.463098255699999939e+01,-2.863605874099999937e+01,-2.852549203099999886e+01
1.729864864900000043e+01,-3.112410407999999862e+01,-3.066804455600000168e+01,-2.595982818699999939e+01,-3.970808100099999649e+01,-2.159116564400000016e+01
1.731865865900000045e+01,-2.797072105599999858e+01,-3.860781340199999789e+01,-2.673398617400000177e+01,-3.773887666699999954e+01,-1.110699441300000068e+01
1.733866866900000048e+01,-4.891057593000000026e+01,-4.489291407700000036e+01,-5.069849592999999999e+01,-2.286829301599999908e+01,-2.715850418500000174e+01
1.735867867900000050e+01,-4.294757043300000277e+01,-3.343044857999999664e+01,-2.547509933599999954e+01,-3.765654890500000107e+01,-3.250931372400000186e+01
1.737868868900000052e+01,-3.268981052099999829e+01,-3.150322940099999869e+01,-2.814754351499999885e+01,-3.528631665500000025e+01,-4.339902071299999875e+01
1.739869869900000054e+01,-2.989266307999999839e+01,-3.577041721799999863e+01,-2.867694678699999855e+01,-3.187985936300000134e+01,-2.948469730500000097e+01
1.741870870900000057e+01,-3.446552480900000148e+01,-3.108826569200000023e+01,-2.098957558100000043e+01,-2.135690165800000173e+01,-1.594567004399999988e+01
1.743871871900000059e+01,-3.100957454099999921e+01,-3.892557355699999988e+01,-2.805709229100000002e+01,-3.634264398799999896e+01,-3.130602093099999905e+01
1.745872872900000061e+01,-3.502344801800000340e+01,-3.361597043399999762e+01,-2.786888388599999899e+01,-2.932972896400000096e+01,-2.643030596599999882e+01
1.747873873900000063e+01,-3.367456795799999725e+01,-3.510284411699999652e+01,-2.683894434700000176e+01,-2.702223185000000072e+01,-2.377924241899999913e+01
1.749874874900000066e+01,-2.393658861200000132e+01,-2.756581291299999847e+01,-2.320513146800000115e+01,-2.921055453900000032e+01,-2.227202893600000166e+01
1.751875875900000068e+01,-3.707724011999999902e+01,-2.617046136000000089e+01,-2.897364178300000148e+01,-3.423254488700000309e+01,-2.504069027199999908e+01
1.753876876900000070e+01,-3.368547488499999787e+01,-4.087488825500000189e+01,-2.677930326499999936e+01,-3.350055614800000114e+01,-1.553163143799999979e+01
1.755877877900000072e+01,-4.158575100400000224e+01,-2.992950813999999937e+01,-3.176778961300000148e+01,-3.498701669100000089e+01,-2.163587881000000124e+01
1.757878878900000075e+01,-3.516378437099999843e+01,-3.489160351200000321e+01,-1.663269771499999905e+01,-2.064872945300000140e+01,-3.350018382999999744e+01
1.759879879900000077e+01,-2.855426465800000102e+01,-2.779117982300000023e+01,-2.826140336199999936e+01,-3.110598495300000010e+01,-2.559927061899999856e+01
1.761880880900000079e+01,-2.339157594899999992e+01,-3.111375671500000095e+01,-2.568899900399999936e+01,-3.308752799599999861e+01,-2.328380329799999870e+01
1.763881881900000081e+01,-4.263035018699999767e+01,-2.668054197000000016e+01,-2.755752293100000117e+01,-3.524958343000000127e+01,-2.985259949399999968e+01
1.765882882900000084e+01,-3.640870369799999651e+01,-3.525678656600000238e+01,-3.889310547499999871e+01,-3.741753872200000330e+01,-2.521476061399999935e+01
1.767883883900000086e+01,-2.704573098799999897e+01,-3.377477712400000343e+01,-3.673189699699999977e+01,-3.987832210999999916e+01,-2.743078490599999952e+01
1.769884884900000088e+01,-3.516495487000000253e+01,-3.679423659799999768e+01,-2.870790584699999926e+01,-3.058826179700000125e+01,-2.677844998799999843e+01
1.771885885900000090e+01,-3.735292152299999913e+01,-2.647446693399999873e+01,-2.759587911799999915e+01,-2.533270900600000175e+01,-8.860499177699999507e+00
1.773886886900000093e+01,-2.998551798900000165e+01,-2.959036536099999992e+01,-2.316534467800000030e+01,-3.072698690900000074e+01,-2.642011213099999978e+01
1.775887887900000095e+01,-3.728091034399999870e+01,-2.732155616400000042e+01,-2.578989093999999938e+01,-1.949828793100000013e+01,-3.780557425899999657e+01
1.777888888900000097e+01,-2.712279004999999898e+01,-3.393747142899999858e+01,-2.983872583100000142e+01,-2.893762447900000012e+01,-2.672509815200000105e+01
1.779889889900000099e+01,-2.807036754299999970e+01,-3.530951755499999933e+01,-1.788326028199999840e+01,-3.111848068799999822e+01,-1.901182352300000034e+01
1.781890890900000102e+01,-4.568216331400000030e+01,-4.188036134800000099e+01,-3.646034873499999662e+01,-3.585350158399999998e+01,-3.168536347899999939e+01
1.783891891900000104e+01,-4.800968298400000123e+01,-4.813959698699999734e+01,-3.522793583800000050e+01,-3.051870705900000047e+01,-2.986461210499999908e+01
1.785892892900000106e+01,-2.742514292299999923e+01,-2.900545350599999850e+01,-2.981786053000000081e+01,-3.130561702900000043e+01,-2.657228563500000007e+01
1.787893893900000108e+01,-4.992027926499999779e+01,-3.453974687899999907e+01,-3.179504609900000034e+01,-2.881845135200000030e+01,-3.167937511599999922e+01
1.789894894900000111e+01,-3.207534467299999648e+01,-3.498137630000000087e+01,-2.754437588900000122e+01,-2.761188990000000132e+01,-2.774805560700000129e+01
1.791895895900000113e+01,-3.686441382900000008e+01,-3.889291070600000211e+01,-1.669807435199999901e+01,-1.844486221800000081e+01,-2.950988237299999994e+01
1.793896896900000115e+01,-3.832587091900000331e+01,-2.715370860599999858e+01,-1.296448681800000058e+00,6.755413541200000482e-01,-3.132827312399999897e+01
1.795897897900000117e+01,-3.172357078799999996e+01,-3.229136798300000066e+01,-2.904101250800000145e+01,-2.870934002399999940e+01,-2.651924194100000065e+01
1.797898898900000120e+01,-3.134289734100000047e+01,-2.452057244899999944e+01,-3.643431106900000316e+01,-3.107780912100000137e+01,-2.386301401000000055e+01
1.799899899900000122e+01,-3.531838861800000018e+01,-2.776157094899999933e+01,-1.585279604299999967e+01,-2.661362409899999903e+01,-2.161141167399999929e+01
1.801900900900000124e+01,-3.435335632000000317e+01,-4.586210440899999696e+01,-1.613555314599999946e+01,-1.964556479999999894e+01,-2.766732670600000077e+01
1.803901901900000126e+01,-3.656585622000000058e+01,-4.467384876599999899e+01,-2.836483932699999855e+01,-3.025513329800000051e+01,-2.772464233799999889e+01
1.805902902900000129e+01,-3.469198189000000099e+01,-3.447811471200000000e+01,-3.465986308000000093e+01,-2.973037737099999944e+01,-3.157224477999999834e+01
1.807903903900000131e+01,-4.550566604499999812e+01,-4.904022976200000272e+01,-2.722995178000000038e+01,-2.221302828600000012e+01,-3.201418315200000109e+01
1.809904904900000133e+01,-4.035505292900000285e+01,-2.859404486400000067e+01,-2.540057234900000083e+01,-3.123621121200000061e+01,-3.231012152800000337e+01
1.811905905900000135e+01,-3.880923984199999666e+01,-1.460414343000000059e+01,-2.977626340799999838e+01,-3.297876826200000266e+01,-2.167646848300000073e+01
1.813906906900000138e+01,-3.662198920000000157e+01,-3.364312136400000242e+01,-3.026344209299999832e+01,-2.792806219299999881e+01,-3.423167365199999779e+01
1.815907907900000140e+01,-3.382427294099999671e+01,-3.665166525699999767e+01,-3.093142231399999886e+01,-3.049720817100000048e+01,-3.749217127099999658e+01
1.817908908900000142e+01,-4.510242845199999806e+01,-4.268869171600000101e+01,-4.825001899800000160e+01,-3.254335724500000282e+01,-3.216404862299999934e+01
1.819909909900000144e+01,-4.089433979599999702e+01,-3.798046938600000288e+01,-2.554141980099999998e+01,-3.217857999499999977e+01,-3.070455459100000084e+01
1.821910910900000147e+01,-3.275368780699999860e+01,-3.446696058599999901e+01,-3.279220598300000233e+01,-3.020835503400000022e+01,-3.875704289200000119e+01
1.823911911900000149e+01,-4.960586298999999855e+01,-2.875074415199999933e+01,-2.696347839799999946e+01,-3.190820847399999849e+01,-4.973589646399999964e+01
1.825912912900000151e+01,-3.980397227699999974e+01,-3.713639033799999822e+01,-2.623982130499999954e+01,-3.355502111300000223e+01,-1.643202081500000133e+01
1.827913913900000153e+01,-4.430215876500000149e+01,-2.669651451300000033e+01,-4.174014903599999826e+01,-2.985137786800000015e+01,-4.054510788999999704e+01
1.829914914900000156e+01,-3.058622983400000095e+01,-2.980209128499999949e+01,-3.666711763400000024e+01,-3.117026086899999981e+01,-4.248561002299999956e+01
1.831915915900000158e+01,-1.368132081499999941e+01,-4.568638409999999794e+01,-3.287949022200000115e+01,-3.552332895100000343e+01,-3.125229551900000047e+01
1.833916916900000160e+01,-3.618814652700000067e+01,-2.667870186400000065e+01,-3.521336913500000065e+01,-2.007625213100000039e+01,-4.530512468300000251e+01
1.835917917900000162e+01,-3.241765031799999974e+01,-2.724237035799999873e+01,-2.695695313399999904e+01,-1.551428911600000049e+01,-1.999851824199999939e+01
1.837918918900000165e+01,-3.387628961000000061e+01,-4.026954600900000258e+01,-2.429835733099999828e+01,-3.652403445899999923e+01,-3.535716084799999948e+01
1.839919919900000167e+01,-3.839154878600000131e+01,-3.583308787600000045e+01,-3.262867490600000053e+01,-2.902467509799999945e+01,-2.695565586200000041e+01
1.841920920900000169e+01,-2.065167471499999863e+01,-2.660044348699999972e+01,-2.871553669600000092e+01,-2.492014993100000098e+01,-3.000247983099999871e+01
1.843921921900000171e+01,-2.393063759300000015e+01,-1.531610773300000083e+01,-2.350978123499999839e+01,-2.555410828699999826e+01,-3.487783421099999970e+01
1.845922922900000174e+01,-3.736126994800000034e+01,-3.558386257899999805e+01,-3.969762313300000045e+01,-3.991336129799999810e+01,-3.279231948200000346e+01
1.847923923900000176e+01,-4.091237254600000028e+01,-3.048982299500000082e+01,-2.335180088299999923e+01,-2.073225257900000074e+01,-2.507192044700000011e+01
1.849924924899999823e+01,-4.550008480200000349e+01,-4.494559832499999885e+01,-4.498483797099999748e+01,-3.448207483899999914e+01,-2.657543683400000134e+01
1.851925925899999825e+01,-3.873333422599999665e+01,-3.629268523999999729e+01,-3.335856647199999969e+01,-3.917699058899999898e+01,-3.133146632300000078e+01
1.853926926899999827e+01,-3.020219789900000151e+01,-3.865775588599999679e+01,-3.232778784500000313e+01,-2.576910778799999946e+01,-3.104812878199999915e+01
1.855927927899999830e+01,-5.068084896100000236e+01,-3.785789080499999670e+01,-2.593578314599999857e+01,-2.405797512899999901e+01,-2.897414425599999888e+01
1.857928928899999832e+01,-3.110880785999999887e+01,-3.857041450500000224e+01,-2.552804699800000066e+01,-3.303258826100000078e+01,-2.619148554399999895e+01
1.859929929899999834e+01,-2.871248661999999996e+01,-3.238174345400000220e+01,-2.146119586300000037e+01,-2.425222241299999837e+01,-2.152419323799999873e+01
1.861930930899999836e+01,-3.073333751399999869e+01,-3.241343626999999827e+01,-3.321567266499999960e+01,-3.578467644799999903e+01,-3.793472975099999900e+01
1.863931931899999839e+01,-2.770430267800000124e+01,-2.960724338900000063e+01,-2.223851764100000139e+01,-3.240865432500000054e+01,-3.176047496700000039e+01
1.865932932899999841e+01,-3.173386160700000147e+01,-3.317385851800000296e+01,-2.681211150300000057e+01,-4.125192936599999882e+01,-3.354328622900000312e+01
1.867933933899999843e+01,-3.452256227299999836e+01,-5.410040103800000111e+01,-2.077906681500000019e+01,-1.814702374899999882e+01,-2.273964197000000098e+01
1.869934934899999845e+01,-3.523155962599999924e+01,-4.273451239999999984e+01,-2.384029130600000101e+01,-2.148117068699999876e+01,-2.703811983599999991e+01
1.871935935899999848e+01,-2.713332830799999940e+01,-2.683560269099999829e+01,-2.792014009300000055e+01,-2.664474322399999906e+01,-4.174106367699999964e+01
1.873936936899999850e+01,-2.564330736100000152e+01,-3.547585877099999863e+01,-2.365716116000000113e+01,-3.718520586300000019e+01,-4.064349240699999655e+01
1.875937937899999852e+01,-4.391175936100000143e+01,-3.808688332399999865e+01,-3.895519999799999766e+01,-3.315079024100000282e+01,-3.011409719199999913e+01
1.877938938899999854e+01,-4.247772352399999818e+01,-4.285101488299999772e+01,-2.798890858000000037e+01,-2.743032336799999982e+01,-1.909385467799999958e+01
1.879939939899999857e+01,-2.397537259099999929e+01,-1.705012692900000104e+01,-3.276549858300000295e+01,-3.327869365800000168e+01,-4.210718418999999813e+01
1.881940940899999859e+01,-3.924076689200000345e+01,-4.001778052499999916e+01,-2.678637210799999835e+01,-3.939532547999999679e+01,-3.421651887600000208e+01
1.883941941899999861e+01,-4.366247228699999994e+01,-4.008940377799999766e+01,-1.477830346800000072e+01,-1.748318727799999905e+01,-2.912321947399999900e+01
1.885942942899999863e+01,-2.918977991399999894e+01,-3.514527023699999830e+01,-2.610350861799999933e+01,-4.702808778499999676e+01,-3.577869157199999961e+01
1.887943943899999866e+01,-3.448239764899999926e+01,-1.851243256700000117e+01,-1.129015532100000030e+01,-1.707722183899999990e+01,-3.688783474099999893e+01
1.889944944899999868e+01,-5.576030138299999805e+01,-4.213272923299999917e+01,-2.874509370499999861e+01,-3.383612989899999945e+01,-3.865409185899999756e+01
1.891945945899999870e+01,-2.698276708899999932e+01,-3.347236554999999925e+01,-2.441899752100000143e+01,-2.987248236800000001e+01,-2.976964999100000142e+01
1.893946946899999872e+01,-4.358404963600000315e+01,-5.265794215500000064e+01,-3.087415648600000040e+01,-3.196727004099999903e+01,-2.832510153799999841e+01
1.895947947899999875e+01,-3.810206147600000293e+01,-3.876293910199999715e+01,-3.006055628300000038e+01,-3.637993749400000354e+01,-4.715342982500000346e+01
1.897948948899999877e+01,-2.314390187500000096e+01,-1.204148677899999953e+01,-2.593699340999999947e+01,-3.283158543999999779e+01,-2.686059821199999931e+01
1.899949949899999879e+01,-3.615206551800000057e+01,-5.301862676999999735e+01,-3.039705219900000088e+01,-2.154212977899999970e+01,-3.028382578300000105e+01
1.901950950999999890e+01,-5.054949044600000008e+01,-4.711962673499999710e+01,-2.542231591399999857e+01,-3.912092433400000147e+01,-3.576656785099999780e+01
1.903951951999999892e+01,-2.528357594999999947e+01,-2.775590525499999828e+01,-2.722699421500000128e+01,-2.433847380499999957e+01,-2.654574843400000006e+01
1.905952952999999894e+01,-5.542729158499999897e+01,-3.539918466400000341e+01,-3.830004129299999960e+01,-3.416423072999999988e+01,-2.634277768600000158e+01
1.907953953999999896e+01,-3.209930724699999871e+01,-3.506940596599999793e+01,-1.984568764599999824e+01,-1.180256320300000006e+01,-3.016222288799999873e+01
1.909954954999999899e+01,-3.075769538300000150e+01,-2.386900780399999888e+01,-2.261646733999999981e+01,-2.197006920300000132e+01,-1.090004209099999954e+01
1.911955955999999901e+01,-3.809693407799999676e+01,-4.615565627400000182e+01,-4.734480299100000167e+01,-5.657696287400000301e+01,-3.236549705600000237e+01
1.913956956999999903e+01,-3.071276711200000165e+01,-2.674364296199999913e+01,-3.133370785900000044e+01,-2.391826178999999897e+01,-2.475270467400000030e+01
1.915957957999999905e+01,-2.999141271299999900e+01,-3.481381800599999821e+01,-2.581042888200000007e+01,-2.647682124600000009e+01,-3.007448782599999859e+01
1.917958958999999908e+01,-3.816052859599999891e+01,-3.408148688099999646e+01,-2.705175497000000107e+01,-4.315942603700000291e+01,-4.167032860999999855e+01
1.919959959999999910e+01,-2.958086351700000094e+01,-2.059831397099999961e+01,-2.691397360699999908e+01,-2.220715640299999905e+01,-1.960925174799999837e+01
1.921960960999999912e+01,-3.875194084000000316e+01,-4.289620044600000170e+01,-3.086461127800000170e+01,-3.310196464399999883e+01,-2.797337928900000037e+01
1.923961961999999914e+01,-4.263357437199999822e+01,-4.768638525299999742e+01,-3.100811942900000062e+01,-4.568099344400000206e+01,-5.055112537099999770e+01
1.925962962999999917e+01,-3.269845752100000169e+01,-3.112268600699999865e+01,-2.643982486499999851e+01,-3.653831638199999787e+01,-3.842378187399999945e+01
1.927963963999999919e+01,-6.551208293300000207e+01,-4.831810935600000079e+01,-3.386732888899999949e+01,-3.384999269600000105e+01,-3.691986721800000026e+01
1.929964964999999921e+01,-3.473119329400000055e+01,-4.613965753499999778e+01,-2.256934814499999931e+01,-3.971642406899999855e+01,-3.367492707800000318e+01
1.931965965999999923e+01,-2.349721589900000041e+01,-2.562538583799999969e+01,-1.466000317199999969e+01,-2.168495112900000166e+01,-3.359879767200000344e+01
1.933966966999999926e+01,-4.481284441199999691e+01,-3.287292518299999955e+01,-2.325848523799999867e+01,-2.894044342400000147e+01,-3.789535364999999700e+01
1.935967967999999928e+01,-4.060506180800000209e+01,-7.253848881000000404e+01,-3.566315020599999741e+01,-3.661696833900000314e+01,-3.363463745800000027e+01
1.937968968999999930e+01,-2.693411323999999851e+01,-3.264601963900000214e+01,-1.981560410200000177e+01,-2.364582984700000168e+01,-2.295866837499999846e+01
1.939969969999999932e+01,-2.349889371200000099e+01,-5.431198064299999828e+01,-2.988627008899999993e+01,-3.426946809300000041e+01,-4.982144244500000241e+01
1.941970970999999935e+01,-5.115437928699999759e+01,-3.594064486500000299e+01,-1.301342868599999925e+01,-2.998628528300000085e+01,-2.831320742300000148e+01
1.943971971999999937e+01,-3.641696443499999702e+01,-3.375870009399999816e+01,-2.601991070300000075e+01,-3.979666317899999939e+01,-3.272689095999999864e+01
1.945972972999999939e+01,-4.279542542699999785e+01,-4.714642704599999945e+01,-3.325915914699999831e+01,-3.424059856099999877e+01,-3.750017340899999851e+01
1.947973973999999941e+01,-4.394495516100000287e+01,-4.010172428300000291e+01,-2.803752380299999913e+01,-4.256281476600000246e+01,-3.259679200099999719e+01
1.949974974999999944e+01,-3.769725677600000324e+01,-3.506398689099999899e+01,-3.031784873599999841e+01,-2.616874461700000154e+01,-4.305063863099999821e+01
1.951975975999999946e+01,-5.258194848000000121e+01,-5.017516107899999867e+01,-3.461411269199999907e+01,-3.356127800200000166e+01,-3.822509662000000219e+01
1.953976976999999948e+01,-3.042746351699999963e+01,-2.742904221599999914e+01,-8.152743134399999647e+00,-1.775584908800000150e+01,-1.277752201999999926e+01
1.955977977999999950e+01,-2.851061882799999836e+01,-3.855692262000000170e+01,-2.372729462299999881e+01,-2.678843813199999957e+01,-4.499640168399999851e+01
1.957978978999999953e+01,-3.941470374400000054e+01,-6.651220517599999482e+01,-2.626451889100000159e+01,-3.530084851000000157e+01,-4.634415338400000195e+01
1.959979979999999955e+01,-4.712001286499999964e+01,-4.000204392199999859e+01,-3.211315906099999751e+01,-3.402993663400000202e+01,-3.775178074400000128e+01
1.961980980999999957e+01,-3.806827121999999974e+01,-3.123074927000000045e+01,-1.685327510700000175e+01,-4.417565805699999970e+01,-3.541658693099999766e+01
1.963981981999999959e+01,-3.521685301400000156e+01,-3.483254088700000040e+01,-2.558541416999999996e+01,-3.620673150199999668e+01,-3.431739222899999930e+01
1.965982982999999962e+01,-2.754056553599999901e+01,-1.685584295399999988e+01,-1.220177539600000038e+01,-1.202660741400000077e+01,-1.041282882399999998e+01
1.967983983999999964e+01,-3.254114221900000103e+01,-4.824569418800000165e+01,-2.228910334900000123e+01,-3.436122056100000322e+01,-3.631774054200000279e+01
1.969984984999999966e+01,-4.557317372400000011e+01,-4.627482517600000023e+01,-2.536466394800000046e+01,-3.538335306700000160e+01,-4.576189722000000160e+01
1.971985985999999968e+01,-2.363015545200000034e+01,-3.075252903599999854e+01,-2.815977888100000115e+01,-3.124954043600000020e+01,-3.722600656000000185e+01
1.973986986999999971e+01,-4.390381890500000139e+01,-3.695928720100000220e+01,-2.610898614899999970e+01,-2.685409444100000087e+01,-3.345019811699999934e+01
1.975987987999999973e+01,-4.684222123199999999e+01,-4.450442816300000004e+01,-3.112278863599999923e+01,-3.333915408099999667e+01,-4.798183835399999708e+01
1.977988988999999975e+01,-3.900174607900000012e+01,-5.887761329899999652e+01,-1.815687218800000124e+01,-3.156611008499999826e+01,-1.753567351799999940e+01
1.979989989999999977e+01,-4.280310141300000026e+01,-5.094441650699999968e+01,-2.283384043599999913e+01,-2.714271966900000166e+01,-3.666888764499999809e+01
1.981990990999999980e+01,-3.507502861799999749e+01,-3.461080883799999697e+01,-2.983332220200000151e+01,-3.864203285300000346e+01,-3.115503336200000106e+01
1.983991991999999982e+01,-3.670423481800000332e+01,-3.070658801800000148e+01,-3.472206280599999673e+01,-2.704174917399999956e+01,-2.565995282000000088e+01
1.985992992999999984e+01,-4.471506499400000223e+01,-6.182151003300000269e+01,-3.142396379299999865e+01,-4.441835054599999921e+01,-3.705953307600000102e+01
1.987993993999999986e+01,-3.614833923900000201e+01,-3.857838301400000347e+01,-4.624658490200000216e+01,-3.905967268300000228e+01,-2.981068274300000098e+01
1.989994994999999989e+01,-5.561279782599999777e+01,-3.368975912399999828e+01,-1.779921162400000156e+01,-3.640631184400000109e+01,-2.911111170199999876e+01
1.991995995999999991e+01,-3.839229619000000326e+01,-3.804388651499999696e+01,-3.286091154999999731e+01,-2.004537573700000053e+01,-1.934780499200000037e+01
1.993996996999999993e+01,-3.422213735599999751e+01,-2.753242908600000050e+01,-2.350925939900000117e+01,-2.608870049000000080e+01,-2.863539226099999979e+01
1.995997997999999995e+01,-3.738743816000000209e+01,-3.634547416699999900e+01,-3.694264493899999735e+01,-3.031012568899999948e+01,-4.053386876900000146e+01
1.997998998999999998e+01,-3.635335540399999843e+01,-4.539157960499999689e+01,-3.256228306900000291e+01,-3.601527985100000251e+01,-4.325497576099999719e+01
2.000000000000000000e+01,-2.675336531700000009e+01,-2.600727747699999881e+01,-2.830809145799999982e+01,-3.344397019099999824e+01,-2.534899065100000115e+01
