freq_GHz,S21_dB,S31_dB,S41_dB,S51_dB,S61_dB
1.000000000000000021e-02,-6.760574744299999850e+01,-7.216160317700000348e+01,-7.616173247499999377e+01,-7.176457398899999873e+01,-7.271493071700000144e+01
3.001001001000000099e-02,-7.764631058400000541e+01,-8.207928521399999511e+01,-7.604295556200000306e+01,-8.976013972500000193e+01,-8.159915350699999692e+01
5.002002002000000003e-02,-7.813882662299999993e+01,-9.084346753699999510e+01,-8.600719892899999763e+01,-7.657504084900000407e+01,-8.739588297699999941e+01
7.003003002999999560e-02,-7.477938617099999874e+01,-7.828521900299999459e+01,-8.547456372700000315e+01,-8.222132294200000047e+01,-8.410414890299999513e+01
9.004004004000000505e-02,-7.727922468200000594e+01,-8.034366092099999435e+01,-8.359089616200000705e+01,-7.848410029599999405e+01,-8.407982931899999812e+01
1.100500500500000006e-01,-8.198360213399999452e+01,-7.700331314500000701e+01,-8.840072960899999543e+01,-9.275427943299999356e+01,-8.511223037000000602e+01
1.300600600600000101e-01,-9.270216951800000516e+01,-7.917886880300000030e+01,-7.733410675499999343e+01,-7.701012719499999548e+01,-8.274436328900000603e+01
1.500700700700000056e-01,-9.064994836099999986e+01,-7.777326824799999372e+01,-8.041624863600000594e+01,-7.748684850899999788e+01,-7.870806213400000217e+01
1.700800800800000012e-01,-8.404989035399999864e+01,-7.645841309399999375e+01,-8.852110229699999877e+01,-8.681362720299999580e+01,-7.850288769499999830e+01
1.900900900899999968e-01,-7.737634323499999311e+01,-9.876990833499999667e+01,-7.911181988399999909e+01,-8.872882413099999610e+01,-7.836308447999999771e+01
2.101001000999999924e-01,-7.245680039299999464e+01,-8.285261287100000516e+01,-7.377710851000000503e+01,-8.309693912800000248e+01,-7.286190404200000614e+01
2.301101101100000157e-01,-9.094657323600000609e+01,-7.674687861200000327e+01,-8.783490973399999291e+01,-8.010763875199999973e+01,-7.720436321399999713e+01
2.501201201200000113e-01,-7.645370528799999477e+01,-7.843506800100000476e+01,-9.160282467199999701e+01,-8.212414655499999583e+01,-7.732798284899999430e+01
2.701301301299999791e-01,-7.675051685799999746e+01,-7.728173271800000066e+01,-7.928472818999999561e+01,-8.411925120600000128e+01,-8.143534204099999840e+01
2.901401401400000024e-01,-7.925821329699999751e+01,-7.939713331900000526e+01,-7.580016456399999925e+01,-8.568682254700000556e+01,-7.742776123999999527e+01
3.101501501499999702e-01,-8.380304824200000269e+01,-7.975301167300000316e+01,-7.258434060999999815e+01,-7.998834501700000033e+01,-7.542196095799999966e+01
3.301601601600000491e-01,-7.888607098699999653e+01,-7.567522064599999965e+01,-8.020617976900000201e+01,-8.301760642099999643e+01,-7.568199670200000639e+01
3.501701701700000169e-01,-8.680431551700000625e+01,-7.456723583000000133e+01,-7.702256049199999666e+01,-8.068091627200000460e+01,-7.645414302999999734e+01
3.701801801799999847e-01,-7.371250318399999912e+01,-7.937465325700000562e+01,-7.548177286799999308e+01,-8.617506347200000505e+01,-7.195463911199999529e+01
3.901901901900000080e-01,-7.982010417899999766e+01,-7.441648035000000050e+01,-7.230924042300000565e+01,-7.501078141499999674e+01,-7.031648858900000221e+01
4.102002001999999758e-01,-7.838794470599999897e+01,-8.204921542600000350e+01,-7.310539006599999823e+01,-8.331080368300000316e+01,-7.571177758899999333e+01
4.302102102099999992e-01,-7.668887482899999952e+01,-6.959781683100000294e+01,-7.215649794700000541e+01,-7.801923000600000080e+01,-7.096041591700000595e+01
4.502202202200000225e-01,-7.744278793099999803e+01,-7.981725667400000646e+01,-7.080246125300000415e+01,-8.572324391899999796e+01,-7.181451149500000497e+01
4.702302302300000458e-01,-8.206768947499999456e+01,-6.851369298199999491e+01,-7.650202792700000032e+01,-8.507201381400000173e+01,-6.961129228999999441e+01
4.902402402400000136e-01,-7.154870244599999296e+01,-7.909864346599999863e+01,-7.515659318400000188e+01,-7.386069002200000000e+01,-7.086723550400000704e+01
5.102502502500000370e-01,-7.740538730599999440e+01,-7.050546390099999883e+01,-7.131269509300000209e+01,-7.981591866600000174e+01,-6.630802948100000549e+01
5.302602602599999493e-01,-7.019804406599999425e+01,-7.710768273600000100e+01,-7.574429294499999799e+01,-7.380264673899999650e+01,-6.211070018499999890e+01
5.502702702699999726e-01,-7.149348681499999714e+01,-7.554274404100000595e+01,-6.591058148199999778e+01,-8.647487287699999570e+01,-5.934826277799999872e+01
5.702802802799999959e-01,-9.608170678800000530e+01,-8.206669750099999305e+01,-6.434737784700000418e+01,-7.114862974999999778e+01,-5.681743788200000012e+01
5.902902902899999082e-01,-6.913525353900000425e+01,-6.947020927299999471e+01,-6.123931060599999654e+01,-7.171683464199999491e+01,-5.526943342399999892e+01
6.103003002999999316e-01,-6.792253358099999616e+01,-7.275846664899999894e+01,-5.951767682100000201e+01,-6.804535753000000398e+01,-5.228313520500000067e+01
6.303103103099999549e-01,-7.940559376599999553e+01,-9.049981846500000415e+01,-6.076369780999999648e+01,-7.141852049300000260e+01,-5.129737931399999695e+01
6.503203203200000893e-01,-7.300525187499999902e+01,-6.875776852900000335e+01,-5.990999241899999816e+01,-6.568473363799999731e+01,-4.878243204999999705e+01
6.703303303300000016e-01,-6.630812620300000049e+01,-6.587838079399999458e+01,-5.828119759100000152e+01,-6.625885057099999642e+01,-4.743938531700000283e+01
6.903403403400000249e-01,-7.481802870699999630e+01,-7.271002101800000617e+01,-5.488801210999999824e+01,-6.453280352999999536e+01,-4.654616198400000115e+01
7.103503503500000482e-01,-6.885250272400000426e+01,-7.655127856299999678e+01,-5.445557335400000198e+01,-6.859655587500000706e+01,-4.600049647499999850e+01
7.303603603599999605e-01,-6.150903199199999705e+01,-7.356829807399999765e+01,-5.385391980899999709e+01,-6.826550645199999678e+01,-4.563684118199999773e+01
7.503703703699999839e-01,-6.135042281399999808e+01,-6.706697751400000129e+01,-5.376689312399999920e+01,-8.785271072899999467e+01,-4.541169059500000316e+01
7.703803803800000072e-01,-5.917935709799999699e+01,-6.254177524600000027e+01,-5.218375650699999824e+01,-8.219012129700000457e+01,-4.476759228000000235e+01
7.903903903900000305e-01,-5.952662791800000264e+01,-6.113754960100000346e+01,-5.073168369599999750e+01,-6.903370276200000433e+01,-4.419022125800000111e+01
8.104004003999999428e-01,-6.005864369500000066e+01,-6.176784123800000259e+01,-5.091525433300000003e+01,-7.078861876599999903e+01,-4.480207220799999845e+01
8.304104104099999661e-01,-5.636514513499999879e+01,-6.340109893900000060e+01,-5.039599130900000290e+01,-6.808818737299999668e+01,-4.411167494699999736e+01
8.504204204199999895e-01,-5.699321732399999973e+01,-6.428359375099999795e+01,-5.006706423499999659e+01,-6.890958274300000141e+01,-4.341138295199999675e+01
8.704304304299999018e-01,-5.490267255599999885e+01,-6.066792546700000344e+01,-4.977132198500000015e+01,-6.411393667299999777e+01,-4.299867840099999938e+01
8.904404404400000361e-01,-5.454516140700000193e+01,-6.182233532499999740e+01,-4.965029919399999869e+01,-5.902183285899999987e+01,-4.236680880699999818e+01
9.104504504500000595e-01,-5.394368308100000320e+01,-5.798147194199999888e+01,-5.035293940399999713e+01,-6.303748677499999786e+01,-4.246834250300000235e+01
9.304604604600000828e-01,-5.319263971099999821e+01,-5.992877840799999944e+01,-4.962836952699999671e+01,-6.217292630899999750e+01,-4.205848504200000093e+01
9.504704704699999951e-01,-5.527739542599999822e+01,-6.372814041600000223e+01,-4.977203719100000257e+01,-6.229917597099999682e+01,-4.263398864799999899e+01
9.704804804800000184e-01,-5.629447066699999880e+01,-5.868795342500000345e+01,-5.022486989000000079e+01,-6.354494174599999923e+01,-4.281650329200000016e+01
9.904904904900000417e-01,-5.891537442900000343e+01,-5.905196617200000020e+01,-4.975404854300000324e+01,-6.377829708400000186e+01,-4.335278088199999758e+01
1.010500500500000065e+00,-5.943282062600000160e+01,-5.945342858699999766e+01,-5.008873367900000062e+01,-6.092086172500000174e+01,-4.395819963099999939e+01
1.030510510500000088e+00,-6.126633181799999761e+01,-6.188037695500000268e+01,-5.061960372899999783e+01,-6.467381840199999488e+01,-4.351439783600000055e+01
1.050520520500000110e+00,-6.478677116500000466e+01,-6.680528531299999884e+01,-5.051207379899999950e+01,-6.196406086300000027e+01,-4.350780572099999688e+01
1.070530530499999911e+00,-6.618568642600000373e+01,-6.793916246400000603e+01,-5.049776048399999695e+01,-6.105237514600000281e+01,-4.334808285100000091e+01
1.090540540499999933e+00,-7.001674972300000377e+01,-6.339172276099999692e+01,-4.940674630600000228e+01,-6.588466341900000600e+01,-4.278093491399999948e+01
1.110550550599999964e+00,-6.602858571800000220e+01,-6.770735451500000579e+01,-4.930774030900000326e+01,-6.052766748300000188e+01,-4.237642610799999687e+01
1.130560560599999986e+00,-7.560883563500000548e+01,-6.243997766199999688e+01,-4.967912720799999704e+01,-6.935811576000000400e+01,-4.207100121199999876e+01
1.150570570600000009e+00,-7.191064056300000118e+01,-7.012732411099999297e+01,-4.980033104200000338e+01,-6.206712452000000013e+01,-4.151649797999999691e+01
1.170580580599999809e+00,-6.240051225900000276e+01,-6.258668808800000249e+01,-4.982318551000000184e+01,-6.284645411099999990e+01,-4.170774609600000105e+01
1.190590590599999832e+00,-6.470381625100000633e+01,-6.984880564200000208e+01,-4.815856629999999683e+01,-6.007627594699999918e+01,-4.151916330499999930e+01
1.210600600599999854e+00,-7.690848445400000344e+01,-5.999917973899999879e+01,-4.843619091299999724e+01,-7.164460990700000309e+01,-4.018734661100000238e+01
1.230610610599999877e+00,-6.305566945999999717e+01,-6.196434860499999786e+01,-4.727470501300000194e+01,-6.676132277300000339e+01,-3.973504925299999968e+01
1.250620620599999899e+00,-7.817683296799999937e+01,-6.316571062599999919e+01,-4.667962046400000276e+01,-6.024036101299999757e+01,-3.913638258600000341e+01
1.270630630599999922e+00,-6.236265014899999670e+01,-6.146520666899999696e+01,-4.482072382300000157e+01,-6.103335473700000335e+01,-3.822398225900000313e+01
1.290640640599999944e+00,-5.849788299099999733e+01,-7.656632483900000352e+01,-4.393592255400000113e+01,-6.024055705800000027e+01,-3.746563456100000167e+01
1.310650650699999975e+00,-5.712940940800000078e+01,-7.282858379900000045e+01,-4.379739897200000343e+01,-5.683791955299999898e+01,-3.696929564700000270e+01
1.330660660699999998e+00,-6.001147826999999779e+01,-6.614093994399999588e+01,-4.412053435600000029e+01,-5.885117880300000337e+01,-3.664187043599999782e+01
1.350670670700000020e+00,-5.568396869200000054e+01,-6.541250135299999613e+01,-4.464109427100000005e+01,-5.807354082500000203e+01,-3.597355318700000026e+01
1.370680680700000043e+00,-5.634195717099999712e+01,-6.041505956200000327e+01,-4.463913830700000318e+01,-5.854070763299999669e+01,-3.493070524499999863e+01
1.390690690700000065e+00,-5.548738518999999769e+01,-5.861820907100000255e+01,-4.290548857800000349e+01,-5.742101650099999688e+01,-3.431677547500000003e+01
1.410700700700000088e+00,-5.553630328999999932e+01,-6.112216643200000021e+01,-4.166193881899999951e+01,-5.616018586900000287e+01,-3.380749406399999657e+01
1.430710710700000110e+00,-5.331300608200000113e+01,-5.896433792399999874e+01,-4.114477532499999768e+01,-5.596649444599999867e+01,-3.298945502699999821e+01
1.450720720700000133e+00,-5.324600987299999844e+01,-5.770940502999999921e+01,-3.995534672800000209e+01,-5.482923738200000230e+01,-3.230333294900000141e+01
1.470730730700000155e+00,-5.334895934600000089e+01,-5.423263315100000170e+01,-3.905928630100000021e+01,-5.785967616300000316e+01,-3.165003521499999906e+01
1.490740740699999956e+00,-5.104294501799999750e+01,-5.479290054900000229e+01,-3.761991336799999885e+01,-5.433805318499999970e+01,-3.119469181199999852e+01
1.510750750799999986e+00,-5.065029996100000176e+01,-5.126719116299999968e+01,-3.609177145799999664e+01,-5.607360824799999932e+01,-3.049124083399999918e+01
1.530760760800000009e+00,-5.097612764400000174e+01,-5.585368444200000226e+01,-3.505188364499999665e+01,-6.182855710900000190e+01,-2.947628690000000162e+01
1.550770770800000031e+00,-5.239487855200000155e+01,-5.739071022499999941e+01,-3.447340197100000125e+01,-7.266784775700000409e+01,-2.878308663500000009e+01
1.570780780800000054e+00,-5.171631348300000042e+01,-5.748587187300000068e+01,-3.388429419500000250e+01,-6.127673885200000115e+01,-2.823201882800000106e+01
1.590790790799999854e+00,-5.339039994499999864e+01,-5.426601990799999697e+01,-3.297439431400000132e+01,-5.650701861900000011e+01,-2.771155981800000134e+01
1.610800800799999877e+00,-5.225357003900000308e+01,-5.748374099499999801e+01,-3.228813400699999647e+01,-5.789959199999999839e+01,-2.769314855000000009e+01
1.630810810799999899e+00,-4.705090773500000267e+01,-5.308185258000000317e+01,-3.136191758300000032e+01,-5.732161783600000149e+01,-2.751255343700000111e+01
1.650820820799999922e+00,-4.509840052100000207e+01,-5.145989315500000316e+01,-3.072027027700000090e+01,-5.934747796500000305e+01,-2.702326519100000013e+01
1.670830830799999944e+00,-4.398042061200000319e+01,-4.809821622500000160e+01,-3.006448615400000079e+01,-5.648660567499999985e+01,-2.633892593099999857e+01
1.690840840799999967e+00,-4.389468094299999734e+01,-4.729980652700000121e+01,-2.933639130399999928e+01,-6.331615295900000007e+01,-2.617103562699999841e+01
1.710850850899999998e+00,-4.219952904499999846e+01,-4.819743404799999809e+01,-2.881579172500000041e+01,-6.066994596699999676e+01,-2.582574280700000102e+01
1.730860860900000020e+00,-4.104839540300000067e+01,-4.786434066099999995e+01,-2.927013430399999905e+01,-5.796977017300000057e+01,-2.567751719399999999e+01
1.750870870900000043e+00,-4.133253104399999955e+01,-4.960174620499999776e+01,-3.013654493299999970e+01,-5.512279204099999674e+01,-2.548517336200000116e+01
1.770880880900000065e+00,-4.182068458500000219e+01,-5.491405041400000187e+01,-3.047264132999999831e+01,-5.356439216300000083e+01,-2.567767123899999859e+01
1.790890890900000088e+00,-4.234218188700000240e+01,-5.160092003300000130e+01,-3.067010963699999948e+01,-5.234225620699999837e+01,-2.623434413300000045e+01
1.810900900900000110e+00,-4.230502453100000082e+01,-4.878316639300000190e+01,-3.118994645700000135e+01,-5.285890355600000134e+01,-2.691390320900000077e+01
1.830910910900000133e+00,-4.285108762000000127e+01,-4.890417212999999919e+01,-3.153416181900000126e+01,-5.409956175800000011e+01,-2.824678602199999844e+01
1.850920920900000155e+00,-4.506771662700000292e+01,-5.193207002100000125e+01,-3.259460508099999743e+01,-5.477344940900000125e+01,-2.951819461699999891e+01
1.870930930900000178e+00,-4.733812707399999908e+01,-5.928168912999999662e+01,-3.329100968899999913e+01,-5.637307130699999647e+01,-3.049749079900000126e+01
1.890940940900000200e+00,-4.876230879599999923e+01,-6.819855796500000622e+01,-3.378945742300000177e+01,-5.999934065000000061e+01,-3.102113991199999887e+01
1.910950951000000009e+00,-4.924776381099999867e+01,-5.873620751499999670e+01,-3.406782858900000122e+01,-6.302233756300000067e+01,-3.113495032399999829e+01
1.930960961000000031e+00,-5.153830972400000121e+01,-5.781490365100000162e+01,-3.390095275400000219e+01,-6.305054219099999813e+01,-3.079838858600000151e+01
1.950970971000000054e+00,-5.186139084100000218e+01,-5.552791833100000218e+01,-3.384582400099999688e+01,-5.786401103800000101e+01,-2.999249280900000159e+01
1.970980981000000076e+00,-5.476351554200000038e+01,-5.643709645900000282e+01,-3.394663995100000164e+01,-5.586158071199999853e+01,-2.945887684899999925e+01
1.990990991000000099e+00,-5.415418241700000124e+01,-5.603403300200000103e+01,-3.429062872400000117e+01,-6.013475884599999688e+01,-2.938199974999999853e+01
2.011001000999999899e+00,-5.280809997299999736e+01,-5.719758093099999741e+01,-3.429401826299999811e+01,-6.193261819100000309e+01,-2.909712487399999858e+01
2.031011010999999922e+00,-5.434769076100000262e+01,-5.721633355499999851e+01,-3.432541601300000167e+01,-5.908016454100000203e+01,-2.931051338099999981e+01
2.051021020999999944e+00,-5.666409310600000282e+01,-5.494295966399999998e+01,-3.400606582199999650e+01,-5.739901269700000341e+01,-2.947374125500000019e+01
2.071031030999999967e+00,-5.506960831800000022e+01,-5.295184051799999736e+01,-3.362900418699999960e+01,-7.182821701899999312e+01,-2.946285330199999919e+01
2.091041040999999989e+00,-5.496224691700000164e+01,-5.120780845899999889e+01,-3.344774554899999686e+01,-7.156245032100000003e+01,-2.963822373600000049e+01
2.111051051100000020e+00,-5.123211123000000100e+01,-4.999073249599999968e+01,-3.344057978200000036e+01,-6.528903089300000318e+01,-2.966619676399999861e+01
2.131061061100000043e+00,-4.897942716800000085e+01,-5.154532618199999661e+01,-3.342068730999999815e+01,-6.552244044900000119e+01,-3.006428611200000134e+01
2.151071071100000065e+00,-4.773493991400000169e+01,-5.409585982099999768e+01,-3.364819270200000290e+01,-5.920104946800000079e+01,-3.040770538099999953e+01
2.171081081100000088e+00,-4.661742296500000293e+01,-5.521444186400000120e+01,-3.370675658599999736e+01,-6.123450404599999786e+01,-3.082644266400000177e+01
2.191091091100000110e+00,-4.621874260700000292e+01,-5.372365989600000091e+01,-3.397010761500000342e+01,-7.125928612699999576e+01,-3.118071378200000154e+01
2.211101101099999688e+00,-4.531907384800000216e+01,-5.249139296500000285e+01,-3.377189562699999925e+01,-6.249556924800000246e+01,-3.133197408699999897e+01
2.231111111099999711e+00,-4.454927684300000124e+01,-5.553899523599999810e+01,-3.361042386599999787e+01,-7.522677811600000553e+01,-3.122777078300000042e+01
2.251121121099999733e+00,-4.519567701199999732e+01,-5.550020253699999984e+01,-3.361569344800000181e+01,-6.648035601799999483e+01,-3.107950597500000001e+01
2.271131131099999756e+00,-4.496938482499999878e+01,-5.698046093600000006e+01,-3.377746392499999928e+01,-6.553781189199999346e+01,-3.095643054900000024e+01
2.291141141099999778e+00,-4.456181166199999666e+01,-5.763797130500000065e+01,-3.395391709100000099e+01,-6.116913361099999946e+01,-3.052460445699999880e+01
2.311151151199999809e+00,-4.556676772000000142e+01,-5.690692228300000011e+01,-3.397566243499999672e+01,-6.278535250299999859e+01,-2.975199976400000068e+01
2.331161161199999832e+00,-4.715641116900000185e+01,-5.445935532400000056e+01,-3.380829219299999977e+01,-6.043167678300000034e+01,-2.898857636800000037e+01
2.351171171199999854e+00,-4.631696385099999702e+01,-5.126832664399999828e+01,-3.287304249999999683e+01,-5.500754868399999964e+01,-2.812456840300000138e+01
2.371181181199999877e+00,-4.603264352899999778e+01,-4.973454850000000249e+01,-3.226922112700000156e+01,-5.492033510400000296e+01,-2.747766932000000040e+01
2.391191191199999899e+00,-4.594943387400000034e+01,-4.857472912499999751e+01,-3.213140256500000191e+01,-5.804014289500000245e+01,-2.690530762399999887e+01
2.411201201199999922e+00,-4.605902958699999772e+01,-5.105002688700000135e+01,-3.192290310399999953e+01,-5.354614348599999829e+01,-2.667114714199999881e+01
2.431211211199999944e+00,-4.632712066500000248e+01,-5.146779534099999864e+01,-3.157972654399999968e+01,-5.244357045499999970e+01,-2.659917242099999868e+01
2.451221221199999967e+00,-4.673732881099999759e+01,-5.156574815700000158e+01,-3.115532811199999941e+01,-5.537738406999999796e+01,-2.637625087300000004e+01
2.471231231199999989e+00,-4.809129573500000276e+01,-4.971358709100000084e+01,-3.108739638000000127e+01,-5.505632923499999976e+01,-2.614100389100000044e+01
2.491241241200000012e+00,-4.799548499000000135e+01,-5.090894225499999948e+01,-3.057188167099999987e+01,-5.235319570000000056e+01,-2.609745370299999934e+01
2.511251251300000042e+00,-4.827975358700000186e+01,-5.286087761099999938e+01,-3.072090700800000107e+01,-5.298691482200000280e+01,-2.629879861899999938e+01
2.531261261300000065e+00,-4.696104681199999931e+01,-4.954569267099999763e+01,-3.089178036099999858e+01,-5.574372131799999863e+01,-2.654096827200000064e+01
2.551271271300000087e+00,-4.772357264499999729e+01,-4.879651921600000009e+01,-3.115235484200000116e+01,-5.410328824399999803e+01,-2.682428577299999972e+01
2.571281281300000110e+00,-4.791657710599999831e+01,-5.125863408200000038e+01,-3.148364895099999927e+01,-5.752768928900000134e+01,-2.720300518299999837e+01
2.591291291300000132e+00,-4.796781245300000052e+01,-5.008455089600000321e+01,-3.154287118099999887e+01,-5.786860221900000312e+01,-2.748271438000000089e+01
2.611301301300000155e+00,-4.951793060899999688e+01,-4.785408617499999906e+01,-3.190347623999999982e+01,-6.356087099900000226e+01,-2.809266001800000012e+01
2.631311311300000177e+00,-5.212068345499999822e+01,-4.791627759200000014e+01,-3.226802632999999787e+01,-5.479299293999999776e+01,-2.865648412099999831e+01
2.651321321300000200e+00,-5.378511667000000074e+01,-4.875166315199999900e+01,-3.233844821600000330e+01,-5.214108288500000299e+01,-2.897088995300000036e+01
2.671331331300000222e+00,-5.470198905600000217e+01,-4.861857173700000345e+01,-3.247255090899999885e+01,-5.285113804800000281e+01,-2.938199017499999854e+01
2.691341341300000245e+00,-5.123287799700000278e+01,-4.892719536999999974e+01,-3.227304096400000333e+01,-5.108383409399999664e+01,-2.961664572100000115e+01
2.711351351400000276e+00,-5.434237049699999744e+01,-4.907980691099999859e+01,-3.207420433099999713e+01,-5.267137745299999807e+01,-2.973818724699999905e+01
2.731361361400000298e+00,-5.279464576099999817e+01,-5.014495990199999653e+01,-3.237657769100000138e+01,-5.316802364000000125e+01,-2.994598913900000170e+01
2.751371371399999877e+00,-5.934226113300000094e+01,-5.189697151000000019e+01,-3.246666373899999769e+01,-5.182513409500000279e+01,-2.997238995500000058e+01
2.771381381399999899e+00,-5.380465049400000055e+01,-5.331963947999999931e+01,-3.228106834700000149e+01,-5.407965061800000228e+01,-3.011106342400000102e+01
2.791391391399999922e+00,-6.459084434300000055e+01,-5.506281996199999895e+01,-3.223635690599999748e+01,-6.491790734399999963e+01,-3.021338979800000146e+01
2.811401401399999944e+00,-5.555717563399999648e+01,-5.760343626800000294e+01,-3.248829964699999806e+01,-6.309139393000000240e+01,-3.002716774499999985e+01
2.831411411399999967e+00,-6.153388298600000184e+01,-5.288543800099999714e+01,-3.204898566600000009e+01,-5.880307457800000037e+01,-3.028887481499999978e+01
2.851421421399999989e+00,-6.398563884299999671e+01,-5.674458350500000137e+01,-3.169413424800000101e+01,-5.824396694600000046e+01,-3.050767411300000020e+01
2.871431431400000012e+00,-5.721602292800000100e+01,-6.762124165999999548e+01,-3.125577979999999911e+01,-5.962940348800000123e+01,-3.089992397400000002e+01
2.891441441400000034e+00,-5.653303378300000048e+01,-6.637306407500000205e+01,-3.102777066000000161e+01,-5.414264220500000135e+01,-3.129012156800000000e+01
2.911451451500000065e+00,-5.204893908500000066e+01,-6.500834539299999904e+01,-3.088834139300000103e+01,-5.490679931100000033e+01,-3.122684982099999829e+01
2.931461461500000087e+00,-5.173903658799999761e+01,-6.933891729900000200e+01,-3.089897625100000056e+01,-5.563148673999999971e+01,-3.141854942300000175e+01
2.951471471500000110e+00,-5.005125617800000271e+01,-6.410798600500000077e+01,-3.093680723599999993e+01,-5.791609071399999920e+01,-3.167574808999999902e+01
2.971481481500000132e+00,-4.968947415899999953e+01,-5.651827056999999854e+01,-3.059742740800000149e+01,-5.882676051199999989e+01,-3.187468053399999945e+01
2.991491491500000155e+00,-5.159390024000000352e+01,-5.950505732799999947e+01,-3.051653980300000057e+01,-5.553953721999999971e+01,-3.253657200800000027e+01
3.011501501500000177e+00,-5.113028214100000213e+01,-5.448228863500000330e+01,-3.027906034100000099e+01,-5.556617768200000285e+01,-3.272985708499999902e+01
3.031511511500000200e+00,-5.111095106900000218e+01,-6.251202501899999930e+01,-3.041243583600000022e+01,-5.669855529400000194e+01,-3.278006156499999690e+01
3.051521521499999778e+00,-5.335520687900000070e+01,-5.463698021900000157e+01,-3.018259481799999833e+01,-5.422823462000000205e+01,-3.282674514400000021e+01
3.071531531499999801e+00,-4.957613323000000349e+01,-5.947304548099999977e+01,-2.980494526300000047e+01,-5.420879922999999678e+01,-3.273009621500000321e+01
3.091541541499999823e+00,-5.167077254899999872e+01,-5.070351871599999782e+01,-2.921261857600000056e+01,-5.391047898899999780e+01,-3.234237304399999857e+01
3.111551551599999854e+00,-4.949846466900000053e+01,-5.716718143700000354e+01,-2.872778455399999942e+01,-5.871264769399999750e+01,-3.165174807000000001e+01
3.131561561599999877e+00,-4.997244868599999990e+01,-5.540903952899999751e+01,-2.871052685800000148e+01,-6.007871046500000034e+01,-3.125430457799999928e+01
3.151571571599999899e+00,-5.068127503200000206e+01,-5.595844689999999844e+01,-2.861976982399999869e+01,-6.367126416800000044e+01,-3.076057292000000132e+01
3.171581581599999922e+00,-4.932936546399999855e+01,-5.166048225099999769e+01,-2.850598863800000160e+01,-6.156226390799999848e+01,-3.004654555600000165e+01
3.191591591599999944e+00,-4.783673250700000068e+01,-5.326711978000000158e+01,-2.844418532299999924e+01,-6.312636373000000134e+01,-2.947748432299999877e+01
3.211601601599999967e+00,-4.665633476699999704e+01,-5.274468210500000254e+01,-2.864397861999999861e+01,-5.277518472799999927e+01,-2.879830219799999824e+01
3.231611611599999989e+00,-4.983231914800000339e+01,-5.315528790399999792e+01,-2.844437715400000144e+01,-5.607910084800000305e+01,-2.798396790099999976e+01
3.251621621600000012e+00,-4.922443998499999651e+01,-5.280704450199999656e+01,-2.802687077499999901e+01,-5.549065007699999796e+01,-2.713512724199999937e+01
3.271631631600000034e+00,-5.276640966800000143e+01,-5.290711012900000298e+01,-2.805274698599999894e+01,-5.454231886800000240e+01,-2.639083177099999844e+01
3.291641641600000057e+00,-4.921208722699999782e+01,-5.173465171299999810e+01,-2.783397325299999991e+01,-5.637166038200000173e+01,-2.579158133500000005e+01
3.311651651699999643e+00,-4.852869517799999954e+01,-5.385512276499999729e+01,-2.784328365500000046e+01,-5.520496830900000163e+01,-2.502230972399999942e+01
3.331661661699999666e+00,-4.881114651299999707e+01,-5.374587812499999728e+01,-2.738209820000000150e+01,-5.598465330399999829e+01,-2.425163856100000004e+01
3.351671671699999688e+00,-4.829372355900000002e+01,-5.940448969199999851e+01,-2.754705891500000092e+01,-6.380641684100000077e+01,-2.368863119299999909e+01
3.371681681699999711e+00,-4.715929088800000102e+01,-6.004243226599999872e+01,-2.761658649499999996e+01,-5.534736359099999703e+01,-2.304423840000000112e+01
3.391691691699999733e+00,-4.651833750800000189e+01,-5.282069726499999973e+01,-2.801117520100000036e+01,-5.737121954999999929e+01,-2.240459824099999864e+01
3.411701701699999756e+00,-4.716722547199999838e+01,-5.370561799099999689e+01,-2.824594439099999832e+01,-5.744356442699999832e+01,-2.197146248499999999e+01
3.431711711699999778e+00,-4.409776610499999805e+01,-4.936937290200000206e+01,-2.832781943499999855e+01,-5.526275158699999679e+01,-2.137808110099999936e+01
3.451721721699999801e+00,-4.450673646799999972e+01,-5.103509024600000288e+01,-2.877238857900000113e+01,-5.665413449999999784e+01,-2.088253407799999906e+01
3.471731731699999823e+00,-4.284059671899999699e+01,-5.102486250599999806e+01,-2.935733252800000059e+01,-5.555377991999999665e+01,-2.036021101000000044e+01
3.491741741699999846e+00,-4.315819614899999834e+01,-5.488812310600000188e+01,-2.968043433200000081e+01,-5.768177219399999700e+01,-1.994815053599999999e+01
3.511751751800000321e+00,-4.255340774399999759e+01,-5.992471864400000214e+01,-3.011018138000000022e+01,-5.745538552800000076e+01,-1.942911326400000149e+01
3.531761761800000343e+00,-4.175062172100000168e+01,-5.306179516299999932e+01,-3.070335150500000054e+01,-5.760455642800000220e+01,-1.897018596599999896e+01
3.551771771800000366e+00,-4.101996093799999699e+01,-5.829083390899999984e+01,-3.161250200099999930e+01,-5.719665396199999918e+01,-1.871072973600000111e+01
3.571781781800000388e+00,-4.152659549399999861e+01,-5.680367986000000258e+01,-3.242584567699999809e+01,-5.767611612200000337e+01,-1.846888103199999875e+01
3.591791791800000411e+00,-3.974322396899999887e+01,-6.166140099100000072e+01,-3.310213473099999959e+01,-5.912200296599999660e+01,-1.819922847799999843e+01
3.611801801799999989e+00,-4.017671446899999665e+01,-6.221405660899999646e+01,-3.330739478699999978e+01,-6.408778656399999818e+01,-1.798906846299999884e+01
3.631811811800000012e+00,-3.989092327099999835e+01,-5.625129623499999809e+01,-3.358872587300000134e+01,-6.981862580700000365e+01,-1.786869547799999935e+01
3.651821821800000034e+00,-3.987769462800000042e+01,-5.497046673799999894e+01,-3.363248583000000025e+01,-6.353254028500000317e+01,-1.771960107900000025e+01
3.671831831800000057e+00,-4.114342945599999979e+01,-5.489904762799999816e+01,-3.376005950399999733e+01,-7.083731108099999574e+01,-1.748595352499999933e+01
3.691841841800000079e+00,-4.066233179500000006e+01,-5.764762013299999666e+01,-3.365402279100000271e+01,-6.183929054099999689e+01,-1.729921524799999943e+01
3.711851851900000110e+00,-3.881642596500000053e+01,-5.644908796800000061e+01,-3.462539078399999681e+01,-6.067520799700000111e+01,-1.713963782000000080e+01
3.731861861900000132e+00,-3.898777115699999740e+01,-5.695531191500000290e+01,-3.482401613300000065e+01,-6.470492144600000017e+01,-1.710758004899999918e+01
3.751871871900000155e+00,-3.908052227999999673e+01,-5.798138543000000311e+01,-3.530839262899999653e+01,-6.121359801799999900e+01,-1.708074571399999897e+01
3.771881881900000177e+00,-3.777254647099999829e+01,-6.149097583300000025e+01,-3.504193407199999655e+01,-6.222183583199999646e+01,-1.715464045199999887e+01
3.791891891900000200e+00,-3.704501277199999976e+01,-5.421891054499999996e+01,-3.461838583800000180e+01,-7.230068310400000087e+01,-1.721688116600000029e+01
3.811901901900000222e+00,-3.584197470400000185e+01,-5.151252928400000286e+01,-3.343102735800000147e+01,-6.394595204299999835e+01,-1.733093401900000075e+01
3.831911911900000245e+00,-3.638791678599999813e+01,-5.480960994000000142e+01,-3.336360368999999793e+01,-5.794897016800000245e+01,-1.741717452500000007e+01
3.851921921900000267e+00,-3.572882120300000253e+01,-7.244835591899999372e+01,-3.299063053999999795e+01,-6.111116023900000016e+01,-1.748545682299999982e+01
3.871931931900000290e+00,-3.574972842399999706e+01,-5.856315234800000269e+01,-3.287823234199999689e+01,-6.083113009499999890e+01,-1.764937628299999872e+01
3.891941941900000312e+00,-3.672880805500000179e+01,-6.375364095900000194e+01,-3.257174449400000071e+01,-5.692911031300000246e+01,-1.763608003299999893e+01
3.911951951999999899e+00,-3.582844699999999705e+01,-5.782474805500000059e+01,-3.269857856200000157e+01,-5.488577236799999781e+01,-1.783498406800000069e+01
3.931961961999999922e+00,-3.592728385400000235e+01,-5.770807731200000035e+01,-3.200839027100000322e+01,-5.651295207799999787e+01,-1.797648543500000073e+01
3.951971971999999944e+00,-3.612404982500000017e+01,-5.923742394199999950e+01,-3.187531971900000016e+01,-6.102398355999999779e+01,-1.830860514900000169e+01
3.971981981999999967e+00,-3.627136298900000355e+01,-5.858901968100000346e+01,-3.183663320300000166e+01,-6.019319741099999987e+01,-1.855332753300000093e+01
3.991991991999999989e+00,-3.611806789999999978e+01,-4.848169260099999889e+01,-3.151988411499999998e+01,-5.776680530000000147e+01,-1.891303067000000127e+01
4.012002002000000012e+00,-3.701543845199999794e+01,-4.965822596499999975e+01,-3.112141410799999974e+01,-5.193189191300000118e+01,-1.919981501799999890e+01
4.032012012000000034e+00,-3.677461668200000133e+01,-4.859362070099999897e+01,-3.139258076999999858e+01,-5.222260158499999960e+01,-1.958533567899999994e+01
4.052022022000000057e+00,-3.759451873300000102e+01,-5.211456670399999780e+01,-3.114684832500000056e+01,-5.997764176199999753e+01,-1.989280519100000078e+01
4.072032032000000079e+00,-3.771379461200000094e+01,-5.000387345400000072e+01,-3.080287677800000168e+01,-5.350025235700000081e+01,-2.031673157099999827e+01
4.092042042000000102e+00,-3.989208584899999721e+01,-4.788599171300000279e+01,-3.068820101600000072e+01,-5.726077384399999914e+01,-2.060011911200000156e+01
4.112052052100000132e+00,-3.895370788999999689e+01,-4.750142517300000122e+01,-3.115680639300000010e+01,-5.316312671000000023e+01,-2.096787452299999899e+01
4.132062062100000155e+00,-4.027889703499999996e+01,-4.775135079300000029e+01,-3.164296100700000025e+01,-5.041640087300000062e+01,-2.143001667900000129e+01
4.152072072100000177e+00,-4.106581859199999940e+01,-4.843898697499999884e+01,-3.165144832700000066e+01,-4.955755874999999833e+01,-2.193155779199999955e+01
4.172082082100000200e+00,-4.263625343300000026e+01,-5.119786211400000298e+01,-3.165970558500000109e+01,-5.160072492500000152e+01,-2.229742439199999993e+01
4.192092092100000222e+00,-4.175250562899999807e+01,-4.918937155900000135e+01,-3.181523432699999887e+01,-5.236932450799999827e+01,-2.281310607099999999e+01
4.212102102100000245e+00,-4.196064810000000023e+01,-4.949872930299999751e+01,-3.231152902600000232e+01,-5.948493605099999826e+01,-2.338700669099999985e+01
4.232112112100000267e+00,-4.216461923500000353e+01,-5.208679755600000050e+01,-3.321892954900000205e+01,-6.001117117599999773e+01,-2.378754443300000077e+01
4.252122122100000290e+00,-4.416860567199999821e+01,-4.781630890800000344e+01,-3.323221778900000345e+01,-5.582579587699999735e+01,-2.419703640499999864e+01
4.272132132100000312e+00,-4.441127650199999977e+01,-4.814572040000000186e+01,-3.307141212599999847e+01,-6.111415025600000206e+01,-2.459899570500000010e+01
4.292142142100000335e+00,-4.601099756699999688e+01,-4.534391950500000235e+01,-3.405574945400000075e+01,-6.068492680100000314e+01,-2.532722031500000170e+01
4.312152152199999477e+00,-4.573960537499999646e+01,-4.772001862599999811e+01,-3.429559047400000082e+01,-5.426629997900000291e+01,-2.555759967699999891e+01
4.332162162199999500e+00,-4.585850305200000321e+01,-4.745631207899999993e+01,-3.594588725199999857e+01,-5.206460888400000186e+01,-2.601305551000000094e+01
4.352172172199999522e+00,-4.776048196800000056e+01,-4.875169986299999891e+01,-3.685770936600000169e+01,-5.646446884200000227e+01,-2.586928589100000053e+01
4.372182182199999545e+00,-4.712542695100000145e+01,-4.639609351200000020e+01,-3.780523852400000351e+01,-6.243910777800000034e+01,-2.604889707499999929e+01
4.392192192199999567e+00,-4.543744391900000323e+01,-4.600243501900000354e+01,-3.831537337500000007e+01,-5.404015016900000035e+01,-2.629209841699999828e+01
4.412202202199999590e+00,-4.645861675599999785e+01,-4.779171517099999988e+01,-3.915872065700000348e+01,-5.647619816400000303e+01,-2.627102919300000039e+01
4.432212212199999612e+00,-4.551107206999999732e+01,-4.525653924899999936e+01,-4.351695060000000126e+01,-5.488435651700000051e+01,-2.642400057800000113e+01
4.452222222199999635e+00,-4.320787013199999649e+01,-4.579046221699999819e+01,-4.223227023799999813e+01,-5.063087030900000229e+01,-2.622826418400000037e+01
4.472232232199999657e+00,-4.334468724799999961e+01,-4.675107828400000187e+01,-4.039997759100000252e+01,-5.140544697499999671e+01,-2.579445741299999995e+01
4.492242242199999680e+00,-4.284017418500000218e+01,-4.843030587799999864e+01,-4.060172591500000294e+01,-5.196997130999999825e+01,-2.520081270400000051e+01
4.512252252300000599e+00,-4.063598399499999658e+01,-4.424661661999999751e+01,-4.566619620299999838e+01,-5.159069316099999725e+01,-2.467285203799999849e+01
4.532262262300000621e+00,-4.052853119800000314e+01,-4.282767907000000207e+01,-4.096192274500000252e+01,-5.402849118599999656e+01,-2.403770890899999912e+01
4.552272272299999756e+00,-4.120609737699999897e+01,-4.318734118799999777e+01,-4.092110884099999879e+01,-5.204295325399999683e+01,-2.344874336699999873e+01
4.572282282299999778e+00,-3.907980101300000086e+01,-4.530942990100000145e+01,-4.028132529599999856e+01,-5.314008683800000199e+01,-2.297601539800000126e+01
4.592292292299999801e+00,-3.981598786899999709e+01,-4.507801502099999880e+01,-3.828336145600000151e+01,-5.135563468299999812e+01,-2.246809410299999854e+01
4.612302302299999823e+00,-3.978423617299999648e+01,-4.755626849099999731e+01,-3.781416647399999675e+01,-4.989509669800000324e+01,-2.220582331399999987e+01
4.632312312299999846e+00,-3.875333544000000074e+01,-4.384509952700000213e+01,-3.821346360500000117e+01,-5.254962229800000273e+01,-2.183586932800000113e+01
4.652322322299999868e+00,-3.928383184599999822e+01,-4.146477259400000293e+01,-3.627933709599999901e+01,-6.881211630500000354e+01,-2.164525925599999923e+01
4.672332332299999891e+00,-3.743290486600000122e+01,-4.333419366999999767e+01,-3.545793294700000331e+01,-5.687585910800000022e+01,-2.149682328100000106e+01
4.692342342299999913e+00,-3.909839446299999821e+01,-4.286542722200000100e+01,-3.466172607899999747e+01,-5.370109444399999887e+01,-2.153049983300000036e+01
4.712352352399999944e+00,-3.756150464099999908e+01,-4.176099573199999782e+01,-3.483573535499999707e+01,-4.889835348999999809e+01,-2.140498730799999905e+01
4.732362362399999967e+00,-3.762217827199999931e+01,-4.336514430700000133e+01,-3.472188306399999647e+01,-4.639016591299999703e+01,-2.127464451999999895e+01
4.752372372399999989e+00,-3.843543290899999931e+01,-4.188359275300000206e+01,-3.305102932599999832e+01,-4.886026484799999992e+01,-2.139402415500000032e+01
4.772382382400000012e+00,-3.862331128699999994e+01,-4.146771269799999970e+01,-3.313703030700000340e+01,-5.037394141499999733e+01,-2.166029931799999986e+01
4.792392392400000034e+00,-3.816466565199999650e+01,-4.372734847800000324e+01,-3.192359768700000089e+01,-4.798067167399999988e+01,-2.145453880799999880e+01
4.812402402400000057e+00,-3.950851755899999773e+01,-4.283339956700000073e+01,-3.211309067199999845e+01,-4.504540626899999722e+01,-2.128424615200000147e+01
4.832412412399999191e+00,-3.959992685400000312e+01,-4.034708406400000058e+01,-3.135803762300000130e+01,-4.890581008299999866e+01,-2.110880060899999933e+01
4.852422422399999213e+00,-3.908651649099999759e+01,-4.398181059600000253e+01,-3.117815517800000080e+01,-5.209404077699999647e+01,-2.083393273200000095e+01
4.872432432399999236e+00,-3.987785355500000151e+01,-4.375414106200000219e+01,-3.085168936199999834e+01,-4.702772330999999895e+01,-2.087032081399999939e+01
4.892442442399999258e+00,-3.916439054899999661e+01,-4.130079461199999713e+01,-3.015031868899999878e+01,-4.742825003600000144e+01,-2.062276269799999895e+01
4.912452452500000177e+00,-3.923943263799999670e+01,-4.370868985799999962e+01,-2.967941928100000126e+01,-5.251270333099999732e+01,-2.047245106000000092e+01
4.932462462500000200e+00,-4.016665047600000094e+01,-4.227561510400000344e+01,-2.990505367200000109e+01,-5.055797446300000075e+01,-2.039978220300000089e+01
4.952472472500000222e+00,-4.004797626599999916e+01,-4.677137156900000292e+01,-2.948297345599999986e+01,-4.860250602699999689e+01,-2.011835886800000139e+01
4.972482482500000245e+00,-4.116874562000000282e+01,-5.244809066700000244e+01,-2.929872394699999916e+01,-5.292359049299999896e+01,-1.998548990900000177e+01
4.992492492500000267e+00,-3.898617686899999768e+01,-4.652133996399999916e+01,-2.906644212999999866e+01,-5.018359198600000326e+01,-1.997952210200000067e+01
5.012502502500000290e+00,-4.064852449100000342e+01,-4.702899097400000272e+01,-2.888834136099999839e+01,-4.940526456199999927e+01,-2.026167658299999985e+01
5.032512512500000312e+00,-4.029021895599999681e+01,-4.750955385799999675e+01,-2.864466210300000171e+01,-4.978010103599999780e+01,-2.015230045999999930e+01
5.052522522500000335e+00,-3.865801713399999784e+01,-4.475563159600000063e+01,-2.804567512499999893e+01,-5.096712912099999926e+01,-2.052133327700000009e+01
5.072532532500000357e+00,-3.855874297199999745e+01,-4.717961143200000151e+01,-2.779389098300000072e+01,-5.164947608800000012e+01,-2.071394251299999922e+01
5.092542542500000380e+00,-3.883784565900000274e+01,-4.356984719500000125e+01,-2.726338918200000094e+01,-5.075449597600000118e+01,-2.090913854900000146e+01
5.112552552600000411e+00,-3.992700793099999856e+01,-4.343910829200000023e+01,-2.730895205899999922e+01,-5.073430321299999690e+01,-2.140272213300000104e+01
5.132562562600000433e+00,-4.031239176900000132e+01,-4.147802134100000160e+01,-2.682589649100000173e+01,-4.746490208400000199e+01,-2.216616214000000085e+01
5.152572572600000456e+00,-4.038987860200000313e+01,-4.204758960499999887e+01,-2.650331393300000116e+01,-4.729897701400000187e+01,-2.270380351600000068e+01
5.172582582600000478e+00,-4.084361976000000283e+01,-4.234750760099999667e+01,-2.643218498899999958e+01,-4.924728803499999685e+01,-2.331177996599999958e+01
5.192592592600000501e+00,-3.944776665599999887e+01,-4.194428415099999796e+01,-2.658382846299999969e+01,-5.118489365500000332e+01,-2.444704679399999847e+01
5.212602602600000523e+00,-3.928833734700000235e+01,-4.059665542700000174e+01,-2.620592562999999942e+01,-5.299811612300000263e+01,-2.566000860899999836e+01
5.232612612600000546e+00,-4.446371393100000091e+01,-4.158582103300000199e+01,-2.598068490100000005e+01,-5.008111046599999838e+01,-2.702214910300000028e+01
5.252622622600000568e+00,-4.115294247799999994e+01,-3.838680071400000315e+01,-2.596172722500000063e+01,-5.196909745300000338e+01,-2.814940319100000110e+01
5.272632632600000591e+00,-4.562107213200000189e+01,-4.222962615200000158e+01,-2.585108855300000030e+01,-5.026519293399999810e+01,-2.872770634200000117e+01
5.292642642600000613e+00,-4.396592301199999753e+01,-4.288106551700000324e+01,-2.612758954699999947e+01,-4.957154297299999968e+01,-2.907141220899999823e+01
5.312652652699999756e+00,-4.651769267800000307e+01,-4.320262517199999763e+01,-2.606030196000000032e+01,-5.096998288700000046e+01,-2.935550364299999870e+01
5.332662662699999778e+00,-5.234648958399999685e+01,-4.486690903800000285e+01,-2.536896001399999889e+01,-5.230832446699999849e+01,-2.902507885600000037e+01
5.352672672699999801e+00,-5.488598494099999670e+01,-4.112762297799999800e+01,-2.531203546300000085e+01,-5.623730252899999726e+01,-2.931947824999999952e+01
5.372682682699999823e+00,-5.298800768699999963e+01,-4.107615549100000152e+01,-2.509500372899999832e+01,-5.140808481199999846e+01,-2.907096912700000146e+01
5.392692692699999846e+00,-5.509002470499999760e+01,-4.673491131400000143e+01,-2.526354901699999900e+01,-5.400737052499999891e+01,-2.886743723500000058e+01
5.412702702699999868e+00,-5.126077085400000044e+01,-4.655529426700000073e+01,-2.472848129999999855e+01,-5.424077372200000013e+01,-2.815062362200000123e+01
5.432712712699999891e+00,-5.173933900299999777e+01,-4.784884566800000272e+01,-2.434689830299999969e+01,-5.031352470699999913e+01,-2.789486162700000094e+01
5.452722722699999913e+00,-5.056722548700000175e+01,-4.486888187499999958e+01,-2.458854803199999850e+01,-5.306780265199999747e+01,-2.701823943400000161e+01
5.472732732699999936e+00,-5.490272401000000002e+01,-4.307640747199999964e+01,-2.424532565699999864e+01,-5.019279714299999995e+01,-2.709090363700000026e+01
5.492742742699999958e+00,-6.609172070799999688e+01,-4.603990289699999749e+01,-2.457333206899999922e+01,-5.489077943099999857e+01,-2.671638540400000039e+01
5.512752752799999989e+00,-5.218727395500000199e+01,-4.249286888999999690e+01,-2.449650287400000082e+01,-5.534333202700000243e+01,-2.610661244399999958e+01
5.532762762800000012e+00,-4.735784934899999854e+01,-4.248001690099999905e+01,-2.436309426900000119e+01,-5.740088354800000303e+01,-2.567334265299999885e+01
5.552772772800000034e+00,-5.059632041999999785e+01,-4.161055692899999769e+01,-2.431426784099999949e+01,-5.157058157200000181e+01,-2.536847345500000017e+01
5.572782782800000057e+00,-4.580224426800000259e+01,-4.244668792400000257e+01,-2.439447243000000043e+01,-5.079020689899999752e+01,-2.488469725199999871e+01
5.592792792800000079e+00,-4.945391288900000148e+01,-3.823693163800000150e+01,-2.467525840200000076e+01,-5.245341242199999954e+01,-2.482896849799999828e+01
5.612802802800000102e+00,-5.306410412500000007e+01,-3.795926651500000304e+01,-2.441626220999999930e+01,-5.546277081499999895e+01,-2.418517625100000146e+01
5.632812812800000124e+00,-5.194290025600000149e+01,-3.868616115799999733e+01,-2.496668485700000062e+01,-5.145558315099999902e+01,-2.421008048899999920e+01
5.652822822800000147e+00,-4.448384839100000221e+01,-3.917322890700000215e+01,-2.464356235800000050e+01,-5.062551384100000007e+01,-2.423335216599999953e+01
5.672832832800000169e+00,-4.612612177999999830e+01,-3.747752425499999873e+01,-2.491308699700000062e+01,-5.468675816700000070e+01,-2.378380579499999925e+01
5.692842842800000192e+00,-4.657892548200000249e+01,-3.666357627099999661e+01,-2.489386850500000037e+01,-5.312460104299999841e+01,-2.340646383099999994e+01
5.712852852899999334e+00,-5.181906131600000265e+01,-3.512861843599999645e+01,-2.508206133099999846e+01,-5.798277030900000284e+01,-2.365592354500000027e+01
5.732862862899999357e+00,-4.690378925400000298e+01,-3.684503740400000282e+01,-2.528677354499999907e+01,-5.694474871799999960e+01,-2.337679345500000139e+01
5.752872872899999379e+00,-4.827377074200000351e+01,-3.709176198800000179e+01,-2.565783000700000116e+01,-4.955659863700000045e+01,-2.311724393700000135e+01
5.772882882899999402e+00,-5.818123432299999820e+01,-3.638943434099999763e+01,-2.612667113799999896e+01,-5.103895551400000130e+01,-2.326329640699999857e+01
5.792892892899999424e+00,-5.275111758999999978e+01,-3.505740989800000307e+01,-2.638063753300000158e+01,-4.880155474600000076e+01,-2.323489046399999935e+01
5.812902902899999447e+00,-6.133762184500000103e+01,-3.475406599099999738e+01,-2.690982332000000099e+01,-5.546375738599999750e+01,-2.293963127900000032e+01
5.832912912899999469e+00,-5.208112886400000008e+01,-3.456931194700000276e+01,-2.720875915299999903e+01,-5.102713816199999997e+01,-2.300436218300000135e+01
5.852922922899999492e+00,-4.960410224299999982e+01,-3.488483333599999980e+01,-2.769975614299999833e+01,-5.163565933699999988e+01,-2.276369510500000004e+01
5.872932932899999514e+00,-5.425445968599999702e+01,-3.376767403299999870e+01,-2.829574259199999986e+01,-7.231172164800000246e+01,-2.242894383999999874e+01
5.892942942899999537e+00,-4.985934049899999820e+01,-3.500765445100000051e+01,-2.930094531700000005e+01,-5.528542071500000077e+01,-2.245906025500000069e+01
5.912952952999999567e+00,-4.818145428500000094e+01,-3.401516872300000216e+01,-2.910440853500000102e+01,-5.504349484499999789e+01,-2.222387013899999886e+01
5.932962962999999590e+00,-5.354215087299999709e+01,-3.372904965800000099e+01,-3.035108919700000030e+01,-6.176331368299999980e+01,-2.147769248999999903e+01
5.952972972999999612e+00,-4.922729864499999763e+01,-3.396109596400000186e+01,-3.061387622699999866e+01,-5.306247841300000090e+01,-2.127053390500000063e+01
5.972982982999999635e+00,-4.949585164300000173e+01,-3.369916624100000035e+01,-3.144747173800000084e+01,-5.468715705500000013e+01,-2.082081580599999882e+01
5.992992992999999657e+00,-4.299906512500000133e+01,-3.177246430699999991e+01,-3.174660974100000033e+01,-7.722208201600000166e+01,-2.045690731599999879e+01
6.013003002999999680e+00,-4.775362167699999816e+01,-3.302689259600000327e+01,-3.248037741800000333e+01,-5.459861968399999910e+01,-1.972416425300000142e+01
6.033013012999999702e+00,-4.368767845800000060e+01,-3.263420836699999938e+01,-3.296068300700000009e+01,-5.840391669299999933e+01,-1.922797699299999863e+01
6.053023022999999725e+00,-4.897353940400000027e+01,-3.151401059000000160e+01,-3.362051198300000010e+01,-6.192709163199999978e+01,-1.859857709699999972e+01
6.073033032999999747e+00,-4.397213742400000314e+01,-3.154861873899999836e+01,-3.408936751800000309e+01,-7.281238261000000023e+01,-1.818648185300000009e+01
6.093043042999999770e+00,-4.216053099300000184e+01,-3.162568071000000103e+01,-3.575321458999999891e+01,-5.217774045699999874e+01,-1.785763442600000062e+01
6.113053053100000689e+00,-4.250693527600000010e+01,-3.126033044100000069e+01,-3.606630017599999860e+01,-5.369135750299999899e+01,-1.733149693000000013e+01
6.133063063100000711e+00,-4.483862396699999664e+01,-3.062418627399999949e+01,-3.513776964899999911e+01,-5.741243788700000295e+01,-1.705540957199999852e+01
6.153073073100000734e+00,-3.971716863599999670e+01,-3.032090022999999945e+01,-3.634984411199999954e+01,-5.396963206499999899e+01,-1.672147610300000053e+01
6.173083083100000756e+00,-4.400163090600000260e+01,-3.015280228299999976e+01,-3.668138173999999907e+01,-5.990423466600000069e+01,-1.656155292400000079e+01
6.193093093100000779e+00,-4.359705249200000310e+01,-2.951277808500000077e+01,-3.622945321699999965e+01,-5.810643872800000054e+01,-1.647468693200000089e+01
6.213103103100000801e+00,-4.131581187900000174e+01,-3.066120465199999856e+01,-3.476103058700000048e+01,-5.407220451500000280e+01,-1.625707410800000119e+01
6.233113113100000824e+00,-4.054627991899999984e+01,-2.959161450599999910e+01,-3.433164522100000227e+01,-5.693690673100000055e+01,-1.631033621699999969e+01
6.253123123099999958e+00,-3.963793959800000266e+01,-3.000156451699999849e+01,-3.346060049399999770e+01,-6.023232036899999997e+01,-1.641399017299999841e+01
6.273133133099999981e+00,-4.034989116999999936e+01,-2.931748259000000090e+01,-3.228543926199999703e+01,-5.347445612300000306e+01,-1.643246925000000047e+01
6.293143143100000003e+00,-3.987303895600000203e+01,-2.904558062199999924e+01,-3.263479582000000079e+01,-5.158065139100000351e+01,-1.669246097699999964e+01
6.313153153200000034e+00,-3.957892359800000293e+01,-2.835509206700000107e+01,-3.168518851199999986e+01,-5.031843701399999702e+01,-1.681128929100000136e+01
6.333163163200000056e+00,-3.894151087800000255e+01,-2.821358842700000125e+01,-3.160606133399999962e+01,-4.969016303499999765e+01,-1.681179089300000129e+01
6.353173173200000079e+00,-4.135448967399999987e+01,-2.809265984500000002e+01,-3.088449642300000164e+01,-4.725093603700000244e+01,-1.712872375399999925e+01
6.373183183200000101e+00,-3.784595901800000206e+01,-2.806555704299999832e+01,-3.005273402999999988e+01,-4.983292719399999982e+01,-1.743008765500000123e+01
6.393193193200000124e+00,-4.069639859600000165e+01,-2.780907221400000040e+01,-2.954603715700000066e+01,-5.210847696399999762e+01,-1.728814774299999968e+01
6.413203203200000146e+00,-3.965852643899999919e+01,-2.767186205100000151e+01,-2.894850257799999937e+01,-4.871253743300000139e+01,-1.722402335700000009e+01
6.433213213200000169e+00,-4.150101868600000188e+01,-2.771911767099999935e+01,-2.837298828799999839e+01,-4.867516093300000080e+01,-1.714887442899999925e+01
6.453223223200000191e+00,-3.951120531200000130e+01,-2.798321600499999917e+01,-2.776365572999999998e+01,-5.030736835300000109e+01,-1.719495090699999906e+01
6.473233233200000214e+00,-3.944479551500000269e+01,-2.810800993799999858e+01,-2.714802588599999922e+01,-5.115775486700000130e+01,-1.727645970800000086e+01
6.493243243200000236e+00,-3.982318889500000125e+01,-2.760765150099999943e+01,-2.650529548700000149e+01,-5.017375585100000279e+01,-1.728773386700000003e+01
6.513253253300000267e+00,-3.967571606500000314e+01,-2.778788730899999848e+01,-2.646826879199999993e+01,-4.971953208800000112e+01,-1.751697102199999989e+01
6.533263263300000290e+00,-3.883715432000000334e+01,-2.814682624699999991e+01,-2.615735671299999865e+01,-4.379820148000000302e+01,-1.776214120099999860e+01
6.553273273300000312e+00,-3.903561905200000126e+01,-2.854200507899999906e+01,-2.483842463499999909e+01,-6.083557699600000035e+01,-1.788235196500000157e+01
6.573283283300000335e+00,-4.096662261800000238e+01,-2.851009398000000061e+01,-2.497171187200000020e+01,-5.248208477400000049e+01,-1.810390307000000121e+01
6.593293293300000357e+00,-3.816775645199999900e+01,-2.776296120900000020e+01,-2.427000716799999935e+01,-4.837025019099999668e+01,-1.838066131300000094e+01
6.613303303300000380e+00,-3.732563788400000249e+01,-2.983009808399999940e+01,-2.388639553599999843e+01,-4.936562252800000294e+01,-1.870812670600000160e+01
6.633313313300000402e+00,-4.077634688799999907e+01,-2.904208376000000058e+01,-2.365205965099999830e+01,-5.244655554100000217e+01,-1.892425899099999853e+01
6.653323323300000425e+00,-3.919181679999999801e+01,-2.940703860400000025e+01,-2.283544446599999844e+01,-5.285705477900000204e+01,-1.930974735999999936e+01
6.673333333300000447e+00,-3.932964281299999953e+01,-2.964010617799999991e+01,-2.281699594599999870e+01,-4.875771581099999707e+01,-1.968434884099999849e+01
6.693343343300000470e+00,-3.773383153099999987e+01,-3.004218081400000173e+01,-2.235878403299999917e+01,-5.160017210299999846e+01,-1.982353663499999996e+01
6.713353353399999612e+00,-3.828121424300000086e+01,-2.942932153499999970e+01,-2.189615054400000105e+01,-4.800109298999999652e+01,-2.037602579400000025e+01
6.733363363399999635e+00,-3.935223220900000030e+01,-3.023703387600000170e+01,-2.178563949000000122e+01,-4.714124652099999935e+01,-2.084328909099999905e+01
6.753373373399999657e+00,-3.893680855699999910e+01,-3.026635565200000144e+01,-2.172133852600000026e+01,-5.603718084500000174e+01,-2.122203494400000068e+01
6.773383383399999680e+00,-3.843757769700000182e+01,-2.961612702500000083e+01,-2.145182658199999892e+01,-4.912795757899999671e+01,-2.182375546600000149e+01
6.793393393399999702e+00,-3.827431080299999877e+01,-2.978171945800000131e+01,-2.126252283099999829e+01,-4.658833054800000184e+01,-2.222461803799999913e+01
6.813403403399999725e+00,-3.892666659399999673e+01,-2.993230052699999888e+01,-2.112657193800000144e+01,-5.039400392699999998e+01,-2.275232768100000058e+01
6.833413413399999747e+00,-3.797999654699999894e+01,-2.961411478500000172e+01,-2.124826479700000093e+01,-4.825761327699999725e+01,-2.330746545199999886e+01
6.853423423399999770e+00,-3.865500758700000006e+01,-2.949731808099999952e+01,-2.137410784200000080e+01,-4.749635322799999670e+01,-2.384635967899999898e+01
6.873433433399999792e+00,-3.752182520299999879e+01,-2.830194941399999919e+01,-2.132564060900000058e+01,-4.370263729300000222e+01,-2.440899731500000058e+01
6.893443443399999815e+00,-3.642511729900000006e+01,-2.841529224599999992e+01,-2.137521640399999967e+01,-4.321204113799999647e+01,-2.464915297399999972e+01
6.913453453499999846e+00,-3.710173128800000342e+01,-2.775403123699999952e+01,-2.140780938500000019e+01,-4.583677776199999698e+01,-2.511338042199999876e+01
6.933463463499999868e+00,-3.543775643499999717e+01,-2.766253685599999912e+01,-2.140079564599999884e+01,-4.515105466400000012e+01,-2.504395113400000028e+01
6.953473473499999891e+00,-3.502404242200000084e+01,-2.758202357200000066e+01,-2.132547341100000082e+01,-4.741672743200000184e+01,-2.541192553599999826e+01
6.973483483499999913e+00,-3.390303904999999673e+01,-2.661688439399999950e+01,-2.157591043900000116e+01,-4.491304739800000334e+01,-2.423570243800000057e+01
6.993493493499999936e+00,-3.363597075300000228e+01,-2.747552071100000148e+01,-2.159607397199999923e+01,-4.653160789100000017e+01,-2.425169080699999924e+01
7.013503503499999958e+00,-3.308696525199999883e+01,-2.663889050399999903e+01,-2.143522920399999876e+01,-4.856889452299999732e+01,-2.355864394399999995e+01
7.033513513499999981e+00,-3.303164307699999824e+01,-2.727605061699999922e+01,-2.137339257600000053e+01,-4.757068852999999820e+01,-2.324360019799999932e+01
7.053523523500000003e+00,-3.467344871600000289e+01,-2.733795150099999915e+01,-2.167695410900000041e+01,-4.846398248199999870e+01,-2.304991195299999873e+01
7.073533533500000026e+00,-3.309422087000000090e+01,-2.666080399899999875e+01,-2.150826282699999936e+01,-5.013106018300000244e+01,-2.260849668399999857e+01
7.093543543500000048e+00,-3.342031136399999980e+01,-2.661312609699999854e+01,-2.174931979600000176e+01,-6.440716153099999985e+01,-2.210915796900000174e+01
7.113553553600000079e+00,-3.384480707400000199e+01,-2.655785481599999898e+01,-2.159406032400000086e+01,-5.005945775400000031e+01,-2.191697920900000085e+01
7.133563563600000101e+00,-3.325860247199999975e+01,-2.708551467799999912e+01,-2.187263852699999944e+01,-4.893552394299999975e+01,-2.161406953599999881e+01
7.153573573600000124e+00,-3.529814117800000162e+01,-2.766988533800000027e+01,-2.189451559100000111e+01,-5.200241644999999835e+01,-2.162899186499999971e+01
7.173583583600000146e+00,-3.378839494599999682e+01,-2.693326161999999968e+01,-2.187310803800000159e+01,-4.785925112900000045e+01,-2.177560151699999835e+01
7.193593593600000169e+00,-3.456299739699999662e+01,-2.777486989000000150e+01,-2.208564548000000016e+01,-4.623807025899999701e+01,-2.154157742599999992e+01
7.213603603600000191e+00,-3.465907880500000005e+01,-2.786512562400000093e+01,-2.204402163800000025e+01,-4.202311021999999952e+01,-2.152751639499999925e+01
7.233613613600000214e+00,-3.665760462699999778e+01,-2.824638070299999981e+01,-2.196627263399999919e+01,-4.132116925799999763e+01,-2.151499572499999857e+01
7.253623623600000236e+00,-3.650132919299999656e+01,-2.809756430199999855e+01,-2.174582866100000089e+01,-4.147488595000000089e+01,-2.154313181199999860e+01
7.273633633600000259e+00,-3.611609677100000226e+01,-2.871304282699999888e+01,-2.213305653300000131e+01,-3.953663077899999934e+01,-2.177888995400000027e+01
7.293643643600000281e+00,-3.657477968999999973e+01,-2.951636014700000032e+01,-2.244010761799999898e+01,-4.112243866800000092e+01,-2.185931594699999891e+01
7.313653653699999424e+00,-3.584921399400000297e+01,-2.916444671900000074e+01,-2.202879129600000141e+01,-3.871927101400000026e+01,-2.205886806999999905e+01
7.333663663699999447e+00,-3.705658371199999834e+01,-2.918523722600000170e+01,-2.203918013599999881e+01,-3.735222662700000029e+01,-2.231958295000000092e+01
7.353673673699999469e+00,-3.896628235699999721e+01,-2.962399481399999956e+01,-2.214854233000000150e+01,-3.737719359100000105e+01,-2.282987194900000105e+01
7.373683683699999492e+00,-3.748313139999999777e+01,-2.930871368000000032e+01,-2.201550285300000098e+01,-3.800997530400000102e+01,-2.245961311399999971e+01
7.393693693699999514e+00,-3.858352358300000162e+01,-2.939396516400000081e+01,-2.184321070300000045e+01,-3.839680967099999975e+01,-2.282021871699999949e+01
7.413703703699999537e+00,-3.770935568000000160e+01,-2.988234353900000073e+01,-2.213130505499999856e+01,-3.671175548200000094e+01,-2.295497565999999878e+01
7.433713713699999559e+00,-3.724679346199999941e+01,-3.019336451799999921e+01,-2.229449361300000021e+01,-3.692542510900000252e+01,-2.315833259500000096e+01
7.453723723699999582e+00,-3.680257024699999846e+01,-2.940087072600000084e+01,-2.188966192699999880e+01,-3.690215440200000074e+01,-2.394321302799999884e+01
7.473733733699999604e+00,-3.803912367200000233e+01,-3.013630204300000059e+01,-2.193926556599999955e+01,-3.745271365499999661e+01,-2.417204030999999986e+01
7.493743743699999627e+00,-3.653914969000000212e+01,-2.976675985800000035e+01,-2.239276522600000163e+01,-3.691339377199999916e+01,-2.499170452099999906e+01
7.513753753800000545e+00,-3.683201945799999777e+01,-3.067027559099999934e+01,-2.235882405799999972e+01,-3.845719390699999707e+01,-2.605862851699999894e+01
7.533763763800000568e+00,-3.817706497900000073e+01,-3.154904295200000064e+01,-2.222189889199999868e+01,-3.712544969999999722e+01,-2.640229651799999999e+01
7.553773773800000590e+00,-3.984392323000000147e+01,-3.135448770800000062e+01,-2.258173410599999897e+01,-3.643844353299999739e+01,-2.757819930599999836e+01
7.573783783800000613e+00,-4.292173138500000107e+01,-3.210168881999999968e+01,-2.286856111199999830e+01,-3.596617624699999993e+01,-2.906460630100000131e+01
7.593793793799999747e+00,-4.177359537699999947e+01,-3.284532934100000290e+01,-2.312619442300000117e+01,-3.631675755300000219e+01,-2.983753371899999962e+01
7.613803803799999770e+00,-4.376396836899999698e+01,-3.161324437300000056e+01,-2.325324654099999933e+01,-3.775697559900000044e+01,-3.104483243900000033e+01
7.633813813799999792e+00,-3.971203315900000064e+01,-3.256653285800000219e+01,-2.355060898700000038e+01,-3.676017905799999852e+01,-3.179458720499999913e+01
7.653823823799999815e+00,-4.227036523099999954e+01,-3.459506711499999909e+01,-2.420867889000000162e+01,-3.607677111600000330e+01,-3.321464870999999874e+01
7.673833833799999837e+00,-4.694716329199999905e+01,-3.545032590000000283e+01,-2.423228330899999960e+01,-3.576020564800000301e+01,-3.452118438899999830e+01
7.693843843799999860e+00,-4.312983265599999783e+01,-3.481373769599999690e+01,-2.498247734599999959e+01,-3.530537905300000290e+01,-3.797955043200000347e+01
7.713853853899999891e+00,-4.267346016999999847e+01,-3.563610959199999684e+01,-2.530487748199999842e+01,-3.758579112299999991e+01,-3.986443151600000334e+01
7.733863863899999913e+00,-4.147385400200000305e+01,-3.570911426299999647e+01,-2.502791552400000086e+01,-3.691874542000000048e+01,-4.266677253600000341e+01
7.753873873899999936e+00,-4.727141603900000177e+01,-3.641259044400000278e+01,-2.578388155900000100e+01,-3.811286136300000038e+01,-4.444254824299999740e+01
7.773883883899999958e+00,-5.561464548499999694e+01,-3.708579381999999924e+01,-2.590238285899999937e+01,-3.756966532599999908e+01,-5.781513075000000157e+01
7.793893893899999981e+00,-4.438600259999999764e+01,-3.798844130599999858e+01,-2.633918251200000071e+01,-3.886669019100000355e+01,-5.579122431999999776e+01
7.813903903900000003e+00,-5.259503007200000013e+01,-3.638479464099999916e+01,-2.768898109499999904e+01,-3.960628260400000045e+01,-4.305048346200000253e+01
7.833913913900000026e+00,-4.767352908400000189e+01,-3.916688560499999738e+01,-2.767955363700000149e+01,-4.035595003200000264e+01,-4.190712452100000007e+01
7.853923923900000048e+00,-4.534250007499999668e+01,-3.916964175700000084e+01,-2.762317570800000155e+01,-4.038152838500000286e+01,-3.872693924299999679e+01
7.873933933899999182e+00,-5.761050631799999877e+01,-3.894243445899999756e+01,-2.827897237499999861e+01,-4.155539296799999960e+01,-3.619935740300000049e+01
7.893943943899999205e+00,-4.710332458100000252e+01,-4.155019038700000067e+01,-2.937307155399999914e+01,-4.126883078000000182e+01,-3.403233201799999819e+01
7.913953954000000124e+00,-4.728275152500000189e+01,-3.795043035999999859e+01,-3.017959422599999897e+01,-3.986024051999999784e+01,-3.296010120799999754e+01
7.933963964000000146e+00,-5.339474619199999950e+01,-4.486583882000000045e+01,-3.026548474299999825e+01,-4.133090073700000033e+01,-3.242612141899999756e+01
7.953973974000000169e+00,-6.003220567999999702e+01,-4.135626692299999974e+01,-3.076292269400000023e+01,-4.143381829399999816e+01,-3.126591431399999976e+01
7.973983984000000191e+00,-5.495451327399999997e+01,-4.264486570199999704e+01,-3.145979836900000137e+01,-4.419968742799999717e+01,-3.007805643200000034e+01
7.993993994000000214e+00,-4.969283014100000173e+01,-3.686439159500000073e+01,-3.069598209300000136e+01,-4.420677318100000264e+01,-2.978846033599999998e+01
8.014004004000000236e+00,-5.065143636300000196e+01,-3.869471140800000342e+01,-3.074319628800000004e+01,-4.656362221799999901e+01,-2.856018184699999907e+01
8.034014014000000259e+00,-6.618749258600000474e+01,-3.666269110399999676e+01,-2.987867194200000043e+01,-4.452048870699999839e+01,-2.769738571399999927e+01
8.054024024000000281e+00,-4.734000652800000353e+01,-3.709921768499999928e+01,-3.064187373900000111e+01,-5.638872772700000269e+01,-2.768977693900000148e+01
8.074034034000000304e+00,-4.528179092100000247e+01,-4.078178571200000135e+01,-3.032010492499999899e+01,-6.565763145699999370e+01,-2.735933867399999997e+01
8.094044044000000326e+00,-4.870427366599999885e+01,-3.495839473600000247e+01,-2.953422156199999904e+01,-5.811212229699999909e+01,-2.744421912199999980e+01
8.114054054100000357e+00,-4.495306339900000125e+01,-3.740937655799999817e+01,-2.888443028900000087e+01,-4.747841509799999926e+01,-2.694231179399999832e+01
8.134064064100000380e+00,-4.588590080800000237e+01,-3.500369573900000120e+01,-2.825302749500000132e+01,-4.429355520499999699e+01,-2.722710803800000079e+01
8.154074074100000402e+00,-4.240106656500000071e+01,-3.620175638100000270e+01,-2.772790692999999962e+01,-4.429169663700000115e+01,-2.691576814100000092e+01
8.174084084100000425e+00,-4.491245890300000099e+01,-3.743902379499999711e+01,-2.783442138999999926e+01,-4.240133446499999792e+01,-2.615615818799999914e+01
8.194094094100000447e+00,-4.689583736800000224e+01,-3.791454816099999903e+01,-2.726883344000000164e+01,-4.126102313999999893e+01,-2.626511555600000136e+01
8.214104104100000470e+00,-4.663985809700000118e+01,-3.570453909700000139e+01,-2.782754720000000148e+01,-4.179679066300000301e+01,-2.647497143400000041e+01
8.234114114100000492e+00,-4.102744158800000207e+01,-3.498053129299999853e+01,-2.775775022699999894e+01,-4.105697276499999759e+01,-2.669504483500000092e+01
8.254124124100000515e+00,-4.435231107300000275e+01,-3.578957433499999752e+01,-2.848788637699999882e+01,-4.222963760199999683e+01,-2.621946981299999990e+01
8.274134134100000537e+00,-4.781861719100000130e+01,-3.737481489700000026e+01,-2.867953191399999824e+01,-3.980466703399999773e+01,-2.756759613099999839e+01
8.294144144100000560e+00,-4.664286665899999917e+01,-3.799529374899999823e+01,-2.938263605699999914e+01,-4.095727040100000238e+01,-2.742043512600000099e+01
8.314154154200000590e+00,-4.314169427899999931e+01,-3.643136424400000095e+01,-3.028211582500000176e+01,-3.969890649599999932e+01,-2.792200452899999874e+01
8.334164164200000613e+00,-4.248793742200000167e+01,-3.809907278600000069e+01,-3.171622829200000027e+01,-3.991523912800000318e+01,-2.888763261300000096e+01
8.354174174200000635e+00,-4.427246361800000329e+01,-4.282203609700000158e+01,-3.168023761299999919e+01,-3.960659290899999974e+01,-2.921587184999999920e+01
8.374184184200000658e+00,-4.021773307699999833e+01,-4.209450682800000010e+01,-3.347627058999999861e+01,-3.879361399100000085e+01,-2.945944879500000013e+01
8.394194194200000680e+00,-4.265513656400000286e+01,-4.432917251599999986e+01,-3.526331341600000258e+01,-3.980892799899999801e+01,-2.993352096699999976e+01
8.414204204199998927e+00,-4.672701704899999697e+01,-4.370783430800000247e+01,-3.672276930400000339e+01,-3.899206177199999956e+01,-3.092994193399999858e+01
8.434214214199998949e+00,-4.219365108400000253e+01,-4.485702550199999905e+01,-3.617453870800000004e+01,-4.097535837899999933e+01,-3.187746726399999986e+01
8.454224224199998972e+00,-5.953120393999999749e+01,-4.818817101199999797e+01,-4.000862162899999674e+01,-3.996296198699999991e+01,-3.197756834300000151e+01
8.474234234199998994e+00,-4.859843747699999739e+01,-4.007671670199999880e+01,-3.957092813799999931e+01,-4.365709615499999785e+01,-3.326020034300000106e+01
8.494244244199999017e+00,-4.853333307999999846e+01,-5.164816147799999868e+01,-3.714633922899999874e+01,-4.203795793300000128e+01,-3.255044714699999986e+01
8.514254254300000824e+00,-4.881764370700000200e+01,-4.928363525799999678e+01,-3.606236594899999659e+01,-4.768850019300000298e+01,-3.327910442400000335e+01
8.534264264300000846e+00,-4.421511281499999768e+01,-3.989782070799999758e+01,-3.821275467899999967e+01,-4.489465491899999705e+01,-3.391284394600000240e+01
8.554274274300000869e+00,-5.241268722000000224e+01,-4.188160659399999730e+01,-3.745133114000000063e+01,-4.525235265599999934e+01,-3.270177643200000261e+01
8.574284284300000891e+00,-4.602675825600000081e+01,-4.158702007099999776e+01,-3.655394579000000022e+01,-5.117117101800000256e+01,-3.292139474799999732e+01
8.594294294299999137e+00,-4.798452057099999735e+01,-4.184947011599999911e+01,-3.653766947399999765e+01,-5.532956805500000286e+01,-3.118412432199999884e+01
8.614304304299999160e+00,-4.629542368199999913e+01,-4.088682694300000264e+01,-3.948812030100000214e+01,-4.718557454199999768e+01,-3.213385315699999722e+01
8.634314314299999182e+00,-4.429477631999999687e+01,-4.166670280299999973e+01,-3.996790025100000321e+01,-5.122190214199999758e+01,-3.107061685700000098e+01
8.654324324299999205e+00,-4.710202151699999717e+01,-4.075763861299999746e+01,-3.877808974700000277e+01,-5.263338228399999963e+01,-3.098156182399999992e+01
8.674334334299999227e+00,-4.939491767100000175e+01,-4.791146926199999712e+01,-4.450872423100000219e+01,-4.905083112399999834e+01,-3.041290412900000106e+01
8.694344344299999250e+00,-5.126610786999999902e+01,-4.721697873099999754e+01,-5.014698902100000311e+01,-4.563277599700000309e+01,-3.004482769199999836e+01
8.714354354399999281e+00,-4.521072339100000193e+01,-4.064454624799999749e+01,-5.437627006099999960e+01,-4.370619156000000061e+01,-2.975413320299999853e+01
8.734364364399999303e+00,-4.383793285600000189e+01,-4.489862499200000201e+01,-4.874107246199999821e+01,-4.413495228400000059e+01,-2.928252318599999882e+01
8.754374374399999326e+00,-4.604843156999999820e+01,-4.952824073099999680e+01,-4.339028889000000078e+01,-4.366188318900000098e+01,-3.073025722799999926e+01
8.774384384399999348e+00,-4.160591307699999675e+01,-4.344079716000000246e+01,-4.673186815900000113e+01,-4.249916614800000048e+01,-3.170822951199999906e+01
8.794394394399999371e+00,-3.950821285699999663e+01,-4.860601950200000232e+01,-4.064521739500000308e+01,-4.123869500800000054e+01,-3.171141301500000154e+01
8.814404404399999393e+00,-4.240953102999999658e+01,-4.347784437300000349e+01,-3.590373922199999868e+01,-3.978064511499999867e+01,-3.282626194200000214e+01
8.834414414399999416e+00,-4.230592529599999807e+01,-3.886709819200000027e+01,-3.455876040199999721e+01,-4.115522742499999964e+01,-3.303555571900000132e+01
8.854424424399999438e+00,-3.647985977799999802e+01,-3.913760171100000207e+01,-3.261164279399999799e+01,-3.999099170299999884e+01,-3.432827191700000213e+01
8.874434434399999461e+00,-3.785285176400000040e+01,-3.716391330399999759e+01,-3.232808553600000323e+01,-4.099201240400000046e+01,-3.490093513800000125e+01
8.894444444399999483e+00,-3.523877486399999981e+01,-3.742011048199999834e+01,-3.019855711499999984e+01,-4.379827992799999947e+01,-3.536771700100000260e+01
8.914454454499999514e+00,-3.502190310000000295e+01,-3.526608301000000267e+01,-3.058248033599999971e+01,-4.103018479299999655e+01,-3.967457045799999804e+01
8.934464464499999536e+00,-3.398684089900000060e+01,-3.291333777399999860e+01,-2.916968331100000000e+01,-3.838207945199999926e+01,-3.771054552199999677e+01
8.954474474499999559e+00,-3.540535277400000069e+01,-3.490821557999999669e+01,-2.942546385800000053e+01,-3.998548189000000264e+01,-3.995985733500000237e+01
8.974484484499999581e+00,-3.263147731000000107e+01,-3.335865249900000151e+01,-2.889005262399999907e+01,-3.967839655200000237e+01,-3.886894408900000286e+01
8.994494494499999604e+00,-3.133823931099999882e+01,-3.409465901099999741e+01,-2.815480902499999871e+01,-3.985910683400000210e+01,-3.896834890800000295e+01
9.014504504499999626e+00,-3.453195980200000292e+01,-3.327233676499999859e+01,-2.886641687899999908e+01,-4.226921632199999834e+01,-3.610256418899999886e+01
9.034514514499999649e+00,-3.425286404500000259e+01,-3.374041608000000281e+01,-2.894053525600000043e+01,-4.070679477299999860e+01,-3.580210540499999894e+01
9.054524524499999671e+00,-3.328162132700000342e+01,-3.277569086799999809e+01,-2.897904518600000046e+01,-4.079656610400000005e+01,-3.336551435599999849e+01
9.074534534499999694e+00,-3.209583662200000020e+01,-3.310682015100000086e+01,-2.882965454200000011e+01,-4.684063126800000276e+01,-3.220294106400000089e+01
9.094544544499999716e+00,-3.082904546299999993e+01,-3.620106961500000153e+01,-2.954245571999999953e+01,-4.595959885799999967e+01,-3.103046979499999836e+01
9.114554554599999747e+00,-3.178598537499999921e+01,-3.527417544499999735e+01,-2.936920353300000031e+01,-4.084160236799999666e+01,-3.012809531899999982e+01
9.134564564599999770e+00,-3.086454859299999853e+01,-3.616318004600000080e+01,-2.906760341200000042e+01,-3.936922791100000296e+01,-2.832548416899999921e+01
9.154574574599999792e+00,-3.129648173500000041e+01,-3.678726317099999932e+01,-2.870387016999999830e+01,-4.147390388499999858e+01,-2.756910390299999847e+01
9.174584584599999815e+00,-3.183613818699999953e+01,-3.740019224000000264e+01,-2.868156413399999849e+01,-4.301299334600000179e+01,-2.775900316399999923e+01
9.194594594599999837e+00,-3.200467754099999951e+01,-3.576267429600000014e+01,-2.857976795700000139e+01,-4.121817370699999827e+01,-2.703602757299999837e+01
9.214604604599999860e+00,-3.058996432800000065e+01,-3.806465886200000170e+01,-2.851342191099999823e+01,-4.181742026700000281e+01,-2.716001859100000004e+01
9.234614614599999882e+00,-3.098483089400000168e+01,-3.832535279300000042e+01,-2.757955940100000092e+01,-4.267263756999999913e+01,-2.623551176599999835e+01
9.254624624599999905e+00,-3.302808344400000351e+01,-3.651374025900000220e+01,-2.793489281300000115e+01,-4.356589225599999793e+01,-2.628942947699999877e+01
9.274634634599999927e+00,-3.062193168599999993e+01,-3.671219174499999838e+01,-2.894573652200000069e+01,-4.240906562699999682e+01,-2.593829780700000143e+01
9.294644644599999950e+00,-2.960558458399999893e+01,-4.138545654499999671e+01,-2.819752874899999995e+01,-4.493911502299999938e+01,-2.625705641800000123e+01
9.314654654699999980e+00,-3.128594338199999925e+01,-3.628811280200000056e+01,-2.968373541500000101e+01,-3.934616090400000132e+01,-2.540709398199999924e+01
9.334664664700000003e+00,-3.133722824799999884e+01,-4.029305054799999652e+01,-2.945536565500000137e+01,-4.343159055000000279e+01,-2.608572723099999990e+01
9.354674674700000025e+00,-3.036630803599999950e+01,-3.913319960999999836e+01,-2.959142642899999842e+01,-4.383890541800000307e+01,-2.629349186199999977e+01
9.374684684700000048e+00,-3.100951810500000150e+01,-4.007932384099999723e+01,-3.059888419900000045e+01,-4.308949840799999720e+01,-2.709914330799999860e+01
9.394694694700000070e+00,-3.212447036599999706e+01,-4.034328866900000321e+01,-3.137060747299999974e+01,-4.879858667599999933e+01,-2.746882879099999997e+01
9.414704704700000093e+00,-3.186661990500000030e+01,-4.039898322599999858e+01,-3.181635124399999981e+01,-4.687929924800000236e+01,-2.834349231999999930e+01
9.434714714700000115e+00,-3.520175445900000000e+01,-3.980585472700000338e+01,-3.299472682599999729e+01,-4.896385641100000186e+01,-2.811760736400000127e+01
9.454724724700000138e+00,-3.497963567600000090e+01,-4.017274102199999675e+01,-3.533106481099999741e+01,-5.393020451799999648e+01,-2.814648023599999860e+01
9.474734734700000161e+00,-3.405534458099999995e+01,-3.873592050799999953e+01,-3.472451232699999935e+01,-4.805557094400000295e+01,-2.833908263400000038e+01
9.494744744700000183e+00,-3.661573867199999910e+01,-4.090839412399999730e+01,-3.907558981199999693e+01,-5.252967421299999984e+01,-2.910067950699999884e+01
9.514754754799998437e+00,-3.560994672900000069e+01,-3.836970811599999820e+01,-4.006459591499999817e+01,-5.040705007500000079e+01,-2.976038909800000098e+01
9.534764764799998460e+00,-3.639971566799999891e+01,-3.933623854599999703e+01,-4.277059948699999836e+01,-4.571476495000000284e+01,-3.030344548700000118e+01
9.554774774799998482e+00,-3.468786489099999670e+01,-4.023829491499999733e+01,-4.686694376599999856e+01,-4.621064487700000001e+01,-2.994398970299999974e+01
9.574784784799998505e+00,-3.881596312700000340e+01,-4.573251268799999991e+01,-4.400097382199999885e+01,-4.429936927499999655e+01,-3.192647702300000034e+01
9.594794794799998527e+00,-4.060273992399999798e+01,-4.254877069599999828e+01,-3.989311517899999870e+01,-5.333537725099999705e+01,-3.315317861599999816e+01
9.614804804799998550e+00,-3.926738991399999890e+01,-4.006576183500000354e+01,-5.388367050600000141e+01,-5.226237270200000040e+01,-3.499703629399999727e+01
9.634814814799998572e+00,-3.657043682199999779e+01,-4.232446887999999774e+01,-5.161064714100000117e+01,-4.842525957699999850e+01,-3.463283405100000323e+01
9.654824824799998595e+00,-3.762488609399999717e+01,-4.079416996100000148e+01,-5.601603324900000302e+01,-4.143439506699999697e+01,-3.565423229900000024e+01
9.674834834799998617e+00,-3.531798435200000341e+01,-3.977718951899999666e+01,-4.542598213499999815e+01,-4.809473691400000206e+01,-3.564833222099999688e+01
9.694844844799998640e+00,-3.514045332399999921e+01,-4.576681557399999889e+01,-4.566347066600000204e+01,-4.826705479700000012e+01,-3.624180092200000303e+01
9.714854854900000447e+00,-3.417075209800000124e+01,-3.921457581300000328e+01,-4.121675850100000105e+01,-4.221411506100000111e+01,-3.526961286400000262e+01
9.734864864900000470e+00,-3.721833852000000320e+01,-4.129382740799999851e+01,-4.384382081100000050e+01,-4.294909331499999894e+01,-3.658052909700000299e+01
9.754874874900000492e+00,-3.357218238499999785e+01,-3.802665585100000101e+01,-3.724121951000000053e+01,-4.012601326400000090e+01,-3.748219737400000184e+01
9.774884884899998738e+00,-3.480827225200000186e+01,-5.311873165600000135e+01,-3.604079936800000183e+01,-4.036433279300000265e+01,-3.713105448200000325e+01
9.794894894899998761e+00,-3.369946932399999895e+01,-4.039760195899999928e+01,-3.845882195899999800e+01,-4.059074627700000093e+01,-3.934548595100000057e+01
9.814904904899998783e+00,-3.660757147099999997e+01,-4.486427205700000087e+01,-3.536736659299999985e+01,-4.081972241199999729e+01,-4.284377403300000253e+01
9.834914914899998806e+00,-3.171240553000000162e+01,-4.084799966100000290e+01,-3.555455860699999704e+01,-3.869738448599999714e+01,-4.103895726399999688e+01
9.854924924899998828e+00,-3.209363389600000005e+01,-4.371479034899999760e+01,-3.324600869300000028e+01,-3.611584011499999747e+01,-3.991327518700000354e+01
9.874934934899998851e+00,-3.228134305999999754e+01,-4.042099628599999761e+01,-3.382148129000000125e+01,-3.857596046799999812e+01,-4.105773752599999682e+01
9.894944944899998873e+00,-3.342773572699999818e+01,-4.056534843400000057e+01,-3.483272077400000200e+01,-3.656158410100000111e+01,-4.151628591400000090e+01
9.914954955000000680e+00,-3.255049714700000152e+01,-4.096699239800000214e+01,-3.298559056900000286e+01,-3.585584218399999656e+01,-4.080416395400000340e+01
9.934964965000000703e+00,-2.965462558500000156e+01,-4.766248224899999997e+01,-3.478959763299999963e+01,-3.868463240300000194e+01,-4.109869104399999884e+01
9.954974975000000725e+00,-3.042518170800000021e+01,-4.055298476099999760e+01,-3.470305073600000156e+01,-3.801605772300000297e+01,-3.761840740600000288e+01
9.974984985000000748e+00,-2.936940219099999894e+01,-3.864107953799999962e+01,-3.602133037699999818e+01,-3.657716359599999834e+01,-3.418413739199999668e+01
9.994994995000000770e+00,-3.110539423000000170e+01,-4.425636018699999852e+01,-3.471529787800000122e+01,-3.656747050300000268e+01,-3.525972004199999787e+01
1.001500500500000079e+01,-3.073666454099999967e+01,-4.344788749500000336e+01,-3.428827318399999768e+01,-3.644440200199999680e+01,-3.405232108399999902e+01
1.003501501500000082e+01,-2.923914146899999977e+01,-3.601649235600000054e+01,-3.596283255600000217e+01,-3.673543543600000305e+01,-3.465706988800000232e+01
1.005502502500000084e+01,-2.936768109599999832e+01,-3.841024177999999978e+01,-3.354836694000000108e+01,-3.599937993700000050e+01,-3.204152514700000154e+01
1.007503503500000086e+01,-2.786629240699999954e+01,-3.669646180200000174e+01,-3.337922049099999811e+01,-3.395156378000000075e+01,-3.236175899700000258e+01
1.009504504500000088e+01,-2.930873952099999968e+01,-4.866104090200000343e+01,-3.326975116799999910e+01,-3.513576898200000187e+01,-3.224916159200000010e+01
1.011505505499999913e+01,-2.885594339400000052e+01,-4.118993066600000219e+01,-3.570331673799999805e+01,-3.522248874200000301e+01,-3.396096529799999786e+01
1.013506506499999915e+01,-2.753277032300000116e+01,-3.724838238600000295e+01,-3.406809665000000109e+01,-3.125638729199999943e+01,-3.124988646799999970e+01
1.015507507499999917e+01,-2.827429302499999864e+01,-4.136998207999999977e+01,-3.420270785700000005e+01,-3.395515051000000284e+01,-3.112112388899999971e+01
1.017508508499999920e+01,-2.890921560800000023e+01,-3.429486364899999984e+01,-3.768695327100000014e+01,-3.221574624299999812e+01,-3.266474122700000038e+01
1.019509509499999922e+01,-2.978017008200000149e+01,-4.277080817200000240e+01,-3.547907852499999848e+01,-3.306265879000000041e+01,-3.267345039199999945e+01
1.021510510499999924e+01,-2.954217217000000062e+01,-3.670390069999999838e+01,-3.890470496700000069e+01,-3.404901356300000259e+01,-3.145646598900000157e+01
1.023511511499999926e+01,-2.905288329600000097e+01,-3.776897495099999702e+01,-3.456198057900000009e+01,-3.289402941600000219e+01,-3.195792129100000167e+01
1.025512512499999929e+01,-2.776995179400000069e+01,-3.586192684099999894e+01,-3.224808491699999990e+01,-3.093704403399999947e+01,-3.289538781699999959e+01
1.027513513499999931e+01,-3.087359560399999836e+01,-3.557026453400000321e+01,-3.336570645999999840e+01,-3.418559216599999928e+01,-3.253607191199999704e+01
1.029514514499999933e+01,-3.048229462899999831e+01,-3.319388749000000161e+01,-3.558673155400000354e+01,-3.336284872000000234e+01,-3.101282703300000065e+01
1.031515515499999935e+01,-2.808620048199999886e+01,-3.785527288400000145e+01,-3.271744420000000275e+01,-3.321373912600000011e+01,-3.109162388400000054e+01
1.033516516499999938e+01,-2.806765527700000007e+01,-3.483066151100000241e+01,-3.422311630299999763e+01,-3.361801171300000135e+01,-2.962989732599999826e+01
1.035517517499999940e+01,-2.731807907199999974e+01,-3.421060529799999728e+01,-3.400953620899999663e+01,-3.270265252800000155e+01,-2.933300926000000075e+01
1.037518518499999942e+01,-2.786095662600000011e+01,-3.917648950099999894e+01,-3.432447258599999884e+01,-3.324923471299999989e+01,-2.958093319900000040e+01
1.039519519499999944e+01,-2.939509709100000023e+01,-3.560791519299999663e+01,-3.225204318299999784e+01,-3.568407114200000052e+01,-2.855321443000000059e+01
1.041520520499999947e+01,-2.725847235399999846e+01,-3.533249674999999712e+01,-3.204291418900000110e+01,-3.472147737400000267e+01,-2.885366434499999855e+01
1.043521521499999949e+01,-2.685523967299999981e+01,-3.130653782699999965e+01,-3.350881221600000259e+01,-3.438222385099999912e+01,-2.813920117700000034e+01
1.045522522499999951e+01,-2.635078560399999859e+01,-3.918255336000000000e+01,-3.344766880699999945e+01,-3.147821431199999864e+01,-2.886723888499999902e+01
1.047523523499999953e+01,-2.653612650799999884e+01,-3.837796610299999855e+01,-3.324079380300000253e+01,-3.368449818799999917e+01,-2.818784535500000032e+01
1.049524524499999956e+01,-2.672484846200000064e+01,-3.769239863300000337e+01,-3.097827998300000019e+01,-3.227502038099999737e+01,-2.949413320100000035e+01
1.051525525499999958e+01,-2.931976895700000085e+01,-3.427248604300000068e+01,-3.121997477500000073e+01,-2.952737591300000020e+01,-2.767529373700000050e+01
1.053526526499999960e+01,-2.662931805199999857e+01,-3.462819076600000301e+01,-3.038035496499999866e+01,-3.100706268400000098e+01,-2.938065883999999883e+01
1.055527527499999962e+01,-2.738556113299999950e+01,-3.958964023000000054e+01,-3.219245174299999945e+01,-3.092215986200000089e+01,-2.877276158900000169e+01
1.057528528499999965e+01,-2.807815557700000042e+01,-3.867163396200000136e+01,-3.025875519899999944e+01,-2.896728876099999894e+01,-2.968612141599999887e+01
1.059529529499999967e+01,-2.507876917100000114e+01,-3.755183554900000331e+01,-3.164697241300000030e+01,-2.888884922700000146e+01,-2.977173011300000027e+01
1.061530530499999969e+01,-2.824273589899999948e+01,-3.588688499300000245e+01,-2.911703932500000036e+01,-2.906701617799999937e+01,-2.894773560699999848e+01
1.063531531499999971e+01,-2.860905418200000128e+01,-3.233711928000000313e+01,-3.046154939699999886e+01,-2.868860170299999979e+01,-2.972614154200000058e+01
1.065532532499999974e+01,-2.872472666599999869e+01,-3.136666963400000085e+01,-3.281949735199999907e+01,-2.865671987300000012e+01,-3.024863968300000039e+01
1.067533533499999976e+01,-2.682682403200000110e+01,-3.417458793000000128e+01,-3.092874419500000016e+01,-2.778609499899999946e+01,-2.864506519900000114e+01
1.069534534499999978e+01,-2.784076897499999959e+01,-3.600056308599999966e+01,-3.042364261699999872e+01,-3.051394937799999951e+01,-2.964502402500000144e+01
1.071535535499999980e+01,-2.869453695600000032e+01,-3.490872073399999920e+01,-3.005028950999999893e+01,-3.086203500699999935e+01,-2.919078787999999847e+01
1.073536536499999983e+01,-2.911122498800000002e+01,-3.457999335800000296e+01,-3.195262187899999873e+01,-2.941989832599999843e+01,-3.073333331699999960e+01
1.075537537499999985e+01,-2.700877190099999936e+01,-3.597983657999999707e+01,-2.897316786600000071e+01,-3.002544295999999946e+01,-2.868499442199999905e+01
1.077538538499999987e+01,-2.829747496199999901e+01,-3.817356770199999971e+01,-3.222761984800000334e+01,-3.143795187999999996e+01,-2.879711272500000163e+01
1.079539539499999989e+01,-2.998278499599999947e+01,-3.367280449900000150e+01,-3.094815487700000034e+01,-3.162972368499999831e+01,-2.925595368300000132e+01
1.081540540499999992e+01,-2.872942788800000002e+01,-3.693031913000000088e+01,-3.100492933099999959e+01,-3.167431682000000137e+01,-2.782078398199999825e+01
1.083541541499999994e+01,-2.772419144599999896e+01,-3.518626055200000025e+01,-3.527373563700000147e+01,-3.055300647299999994e+01,-2.764351478300000053e+01
1.085542542499999996e+01,-2.857101125200000169e+01,-3.701688850099999684e+01,-3.244162896400000307e+01,-3.060011246499999871e+01,-2.878695831099999936e+01
1.087543543499999998e+01,-3.022578433900000050e+01,-3.106815177700000064e+01,-3.157654597599999846e+01,-2.998579292999999879e+01,-2.742648359200000030e+01
1.089544544500000001e+01,-2.749741484400000147e+01,-3.590651987500000075e+01,-3.066417470000000023e+01,-2.827783625000000001e+01,-2.830599328299999939e+01
1.091545545500000003e+01,-2.666609308199999973e+01,-3.743202612900000048e+01,-3.606448946799999788e+01,-2.947736133700000138e+01,-3.150544660399999941e+01
1.093546546500000005e+01,-3.008266631900000121e+01,-4.063904708199999760e+01,-3.360025297699999669e+01,-2.931952992000000080e+01,-2.889688408299999978e+01
1.095547547500000007e+01,-3.029385389700000175e+01,-3.188455429900000127e+01,-3.511233268200000168e+01,-2.776585662100000107e+01,-2.926580159199999898e+01
1.097548548500000010e+01,-3.073852900600000027e+01,-3.616000100099999770e+01,-3.372535335700000303e+01,-2.768616545200000090e+01,-2.988302905700000167e+01
1.099549549500000012e+01,-2.813789374499999951e+01,-3.683128905800000297e+01,-3.411609616500000186e+01,-2.720288708700000058e+01,-3.060923472800000056e+01
1.101550550600000022e+01,-3.009353313900000160e+01,-3.986117463200000088e+01,-3.607624954399999950e+01,-2.572876456399999867e+01,-3.098584427200000135e+01
1.103551551600000025e+01,-2.870853578699999886e+01,-4.682489798400000325e+01,-4.453800516199999748e+01,-2.578415542300000141e+01,-2.890007577900000157e+01
1.105552552600000027e+01,-3.052412225000000134e+01,-3.831985823400000157e+01,-3.853968736400000239e+01,-2.677293896400000150e+01,-2.817851940199999916e+01
1.107553553600000029e+01,-3.187051011399999823e+01,-4.277713916399999761e+01,-4.433812847899999809e+01,-2.593967923800000008e+01,-2.975783580499999914e+01
1.109554554600000031e+01,-2.937356264800000005e+01,-3.488719476499999672e+01,-4.061235151599999682e+01,-2.578031039800000102e+01,-2.901761763100000024e+01
1.111555555600000034e+01,-3.036556237399999958e+01,-3.439585391600000008e+01,-3.670028446999999971e+01,-2.583481478599999903e+01,-2.806955013399999999e+01
1.113556556600000036e+01,-3.204219405100000273e+01,-3.937995411699999693e+01,-3.623392325599999708e+01,-2.558385132100000092e+01,-2.830382879600000123e+01
1.115557557600000038e+01,-3.062046646499999980e+01,-4.729986406599999782e+01,-4.213040404200000211e+01,-2.662384833300000153e+01,-2.832232433000000071e+01
1.117558558600000040e+01,-3.010266343300000003e+01,-3.354933370100000189e+01,-4.152970777200000185e+01,-2.543460193800000013e+01,-2.852278592200000062e+01
1.119559559600000043e+01,-2.575220565500000092e+01,-3.337724080600000320e+01,-3.866404361000000023e+01,-2.597960360000000080e+01,-2.848169004300000040e+01
1.121560560600000045e+01,-2.838541827999999967e+01,-3.416869087599999943e+01,-4.189766232800000267e+01,-2.689353830299999970e+01,-2.852097516399999932e+01
1.123561561600000047e+01,-3.116766183400000045e+01,-3.585116572199999752e+01,-3.492040203100000184e+01,-2.637666230499999998e+01,-2.768241340599999845e+01
1.125562562600000049e+01,-3.044971629100000143e+01,-3.121633899300000081e+01,-3.601651980500000150e+01,-2.643511298800000020e+01,-2.898087572200000039e+01
1.127563563600000052e+01,-2.935250372100000149e+01,-3.363347805400000112e+01,-3.704372828399999662e+01,-2.658561342799999849e+01,-2.878693291200000104e+01
1.129564564600000054e+01,-3.038093512800000084e+01,-3.658159267300000295e+01,-3.290476310999999754e+01,-2.658913670100000104e+01,-2.740857774599999885e+01
1.131565565600000056e+01,-3.120943575200000097e+01,-3.742422645700000317e+01,-3.457553421899999790e+01,-2.729027984800000084e+01,-2.752079656300000110e+01
1.133566566600000058e+01,-3.156357290600000098e+01,-3.132026765399999846e+01,-3.350440273000000246e+01,-2.755303174299999824e+01,-2.980151222900000008e+01
1.135567567600000061e+01,-3.743008172799999755e+01,-3.199901436600000082e+01,-3.134667261999999965e+01,-2.702644785000000027e+01,-2.939391758000000010e+01
1.137568568600000063e+01,-3.632436471399999789e+01,-3.274687036099999915e+01,-3.190746394299999977e+01,-2.784417475600000103e+01,-2.984243794700000052e+01
1.139569569600000065e+01,-3.280296355699999822e+01,-3.186674276500000147e+01,-3.075315597100000176e+01,-2.623925410700000072e+01,-2.952943208900000016e+01
1.141570570600000067e+01,-3.239089366000000325e+01,-3.152227709599999983e+01,-3.089942191100000102e+01,-2.608185476199999897e+01,-3.145004617200000041e+01
1.143571571600000070e+01,-3.456410195099999783e+01,-4.339839053899999755e+01,-3.095614651800000061e+01,-2.740205412299999921e+01,-3.279966174999999851e+01
1.145572572600000072e+01,-3.544347027900000313e+01,-3.135228619500000136e+01,-3.126743446900000123e+01,-2.653304944799999987e+01,-2.913213505799999936e+01
1.147573573600000074e+01,-3.828907957900000270e+01,-3.537303799200000043e+01,-3.131686748699999967e+01,-2.736499406400000112e+01,-3.344602077399999729e+01
1.149574574600000076e+01,-3.669056992400000183e+01,-3.878182972100000114e+01,-3.135556456000000125e+01,-2.744870825199999942e+01,-3.098059372100000175e+01
1.151575575600000079e+01,-4.118348967499999702e+01,-3.329367254299999956e+01,-3.120778481600000021e+01,-2.605426292299999957e+01,-3.166748780200000013e+01
1.153576576600000081e+01,-3.600415509900000188e+01,-3.535464771299999853e+01,-3.192870363000000111e+01,-2.731201123800000019e+01,-3.226276799099999693e+01
1.155577577600000083e+01,-3.515337860500000033e+01,-3.529792296899999826e+01,-3.267081769299999650e+01,-2.662645981300000031e+01,-3.009209969799999840e+01
1.157578578600000085e+01,-3.548028234699999928e+01,-3.259161466999999845e+01,-3.582159744599999840e+01,-2.567266953300000054e+01,-3.053853305299999832e+01
1.159579579600000088e+01,-4.690827778399999914e+01,-3.874209515799999792e+01,-3.402647798800000345e+01,-2.722533215600000034e+01,-3.091099523899999824e+01
1.161580580599999912e+01,-3.424193631800000048e+01,-3.290864341300000007e+01,-3.751991607299999743e+01,-2.548959882000000121e+01,-3.077215201199999939e+01
1.163581581599999915e+01,-4.005564717200000047e+01,-3.649733290500000038e+01,-3.621294440300000161e+01,-2.571667335500000107e+01,-3.440485936200000339e+01
1.165582582599999917e+01,-3.518672049900000331e+01,-3.516980774700000012e+01,-4.114821567599999952e+01,-2.580151399200000029e+01,-3.176790513999999988e+01
1.167583583599999919e+01,-3.383162549800000107e+01,-3.438259384300000221e+01,-4.060315612000000129e+01,-2.655185151499999918e+01,-3.267884313399999741e+01
1.169584584599999921e+01,-3.818169842599999697e+01,-4.000693510699999678e+01,-4.103244826800000311e+01,-2.519913096899999871e+01,-3.259509882700000105e+01
1.171585585599999924e+01,-3.390775055400000326e+01,-3.656565872000000184e+01,-3.819651513000000165e+01,-2.560747574299999840e+01,-3.317359826399999889e+01
1.173586586599999926e+01,-4.032407793499999826e+01,-3.583284050400000353e+01,-3.726958714700000286e+01,-2.378874407700000049e+01,-3.133759642300000081e+01
1.175587587599999928e+01,-3.563085886199999663e+01,-3.615743378599999858e+01,-4.428775514600000207e+01,-2.551721147599999995e+01,-3.330357615999999865e+01
1.177588588599999930e+01,-4.194399741899999867e+01,-3.909432985600000166e+01,-4.720944053400000229e+01,-2.584352848500000022e+01,-3.294468200000000024e+01
1.179589589599999933e+01,-3.570480587499999814e+01,-5.757145029099999789e+01,-4.142002659999999992e+01,-2.485764698499999881e+01,-3.135485314499999987e+01
1.181590590599999935e+01,-3.818415524600000310e+01,-4.885347364399999748e+01,-5.918130098500000003e+01,-2.559265405600000065e+01,-3.217139748999999682e+01
1.183591591599999937e+01,-4.057823218200000071e+01,-3.821063205200000112e+01,-4.758937410000000057e+01,-2.562867501899999922e+01,-3.210002365199999730e+01
1.185592592599999939e+01,-3.394069302799999832e+01,-3.740881921100000085e+01,-4.780561445800000087e+01,-2.595166030200000051e+01,-3.573369917499999815e+01
1.187593593599999942e+01,-3.191552780800000022e+01,-3.571635955200000012e+01,-4.284814900199999954e+01,-2.668472886300000013e+01,-3.253921714700000223e+01
1.189594594599999944e+01,-3.517666272400000338e+01,-3.501721179900000180e+01,-4.262730637399999978e+01,-2.481262436100000102e+01,-3.297267134999999882e+01
1.191595595599999946e+01,-3.638431143399999712e+01,-4.038709106299999974e+01,-3.692125275800000139e+01,-2.520790305899999950e+01,-3.079592143100000001e+01
1.193596596599999948e+01,-3.048035369000000117e+01,-3.113829980699999922e+01,-4.040484254399999742e+01,-2.697222124299999990e+01,-3.175237627699999976e+01
1.195597597599999951e+01,-3.529292803599999928e+01,-3.732815132000000347e+01,-3.779723077900000305e+01,-2.673724439800000141e+01,-2.872234044100000006e+01
1.197598598599999953e+01,-3.102702286099999895e+01,-3.056116682100000048e+01,-3.674128500799999841e+01,-2.705419021899999876e+01,-3.280009465999999918e+01
1.199599599599999955e+01,-2.925407294500000077e+01,-3.618800490999999653e+01,-3.849940364100000068e+01,-2.845225084699999840e+01,-3.088231138000000087e+01
1.201600600599999957e+01,-3.382217439099999723e+01,-4.197527415599999756e+01,-3.864201745799999799e+01,-2.598037291800000048e+01,-2.967523438099999922e+01
1.203601601599999960e+01,-3.875716462900000181e+01,-3.791070547399999668e+01,-3.500392923700000125e+01,-2.644896807399999972e+01,-3.193978304099999832e+01
1.205602602599999962e+01,-3.694541233300000016e+01,-3.999718797300000261e+01,-3.557809605599999969e+01,-2.640967083199999976e+01,-3.219594360199999983e+01
1.207603603599999964e+01,-3.142319599600000046e+01,-4.007611779500000182e+01,-3.899578745800000235e+01,-2.789564230099999875e+01,-2.549913944700000101e+01
1.209604604599999966e+01,-3.551407118000000196e+01,-4.298780357700000110e+01,-3.886975804499999754e+01,-2.866812234100000012e+01,-3.143753688500000010e+01
1.211605605599999969e+01,-3.309873493500000308e+01,-4.257383435799999916e+01,-3.547256358799999987e+01,-2.686712647699999934e+01,-3.249767753199999731e+01
1.213606606599999971e+01,-3.150469878899999898e+01,-3.968901185800000064e+01,-3.384424242200000066e+01,-2.599178563299999922e+01,-3.134982685499999988e+01
1.215607607599999973e+01,-2.865080294699999897e+01,-4.189056048999999859e+01,-4.210055313200000171e+01,-2.753603880600000053e+01,-3.389907378200000210e+01
1.217608608599999975e+01,-3.289491273200000165e+01,-4.063034171299999997e+01,-3.639698001099999658e+01,-2.591863663399999851e+01,-3.592625627299999991e+01
1.219609609599999978e+01,-3.130621997500000120e+01,-3.174747518499999899e+01,-3.413413893599999938e+01,-2.765171554999999870e+01,-3.336869047700000124e+01
1.221610610599999980e+01,-3.291830528700000258e+01,-3.967653097600000223e+01,-3.891345603300000278e+01,-2.544153015399999873e+01,-3.555281252399999659e+01
1.223611611599999982e+01,-3.130376829200000088e+01,-3.614652273299999763e+01,-3.879174416600000086e+01,-2.745502400999999892e+01,-4.078284864199999760e+01
1.225612612599999984e+01,-3.315932304999999758e+01,-3.559183953000000145e+01,-3.914248316799999827e+01,-2.628827561900000021e+01,-3.301060609400000345e+01
1.227613613599999987e+01,-2.660531244499999914e+01,-5.720911350600000134e+01,-4.016030139699999779e+01,-2.675256151299999985e+01,-3.858195817299999675e+01
1.229614614599999989e+01,-3.155239652899999925e+01,-4.531669732699999997e+01,-4.084781075499999758e+01,-2.617690919900000068e+01,-4.596071065800000355e+01
1.231615615599999991e+01,-3.084928566099999969e+01,-3.545359463199999794e+01,-4.142525760600000240e+01,-2.674852387099999973e+01,-4.246020299399999942e+01
1.233616616599999993e+01,-2.811403676000000118e+01,-3.929233012099999911e+01,-3.843098447100000215e+01,-2.756621366399999928e+01,-4.245807191400000136e+01
1.235617617599999996e+01,-3.085174834900000107e+01,-3.439111722100000179e+01,-3.838730530800000196e+01,-2.499769214100000170e+01,-4.331566258499999833e+01
1.237618618599999998e+01,-2.758214785699999894e+01,-3.535339055800000096e+01,-3.881790716999999802e+01,-2.616148998699999950e+01,-4.499198005200000239e+01
1.239619619600000000e+01,-3.110700471799999889e+01,-3.289573711199999906e+01,-3.841878940400000175e+01,-2.628854961600000095e+01,-4.775369468299999909e+01
1.241620620600000002e+01,-3.000074083000000158e+01,-3.553366969399999675e+01,-3.817143721400000089e+01,-2.779873293500000031e+01,-5.165540911699999782e+01
1.243621621600000005e+01,-3.628881884999999841e+01,-4.409479524799999695e+01,-4.145936938300000207e+01,-2.757913813400000080e+01,-3.811504757099999807e+01
1.245622622600000007e+01,-3.385899909599999802e+01,-3.540085261000000116e+01,-4.053447421900000336e+01,-2.757666941200000110e+01,-3.853505776099999736e+01
1.247623623600000009e+01,-2.947797026099999940e+01,-3.187620696500000150e+01,-5.200298185700000175e+01,-2.634007535699999991e+01,-3.631454584899999816e+01
1.249624624600000011e+01,-3.162872006499999955e+01,-3.174646816299999941e+01,-3.698802410599999746e+01,-2.655142429700000051e+01,-4.416854478599999823e+01
1.251625625600000014e+01,-3.221057553499999671e+01,-3.621957662399999833e+01,-3.733763705300000169e+01,-2.586658214999999927e+01,-3.719258970500000316e+01
1.253626626600000016e+01,-3.018475345799999943e+01,-3.590597864099999725e+01,-3.391996517300000136e+01,-2.572874278700000161e+01,-4.147032108999999878e+01
1.255627627600000018e+01,-3.411167351900000000e+01,-4.204558474899999965e+01,-3.081906955899999900e+01,-2.521755834900000082e+01,-3.596011124300000006e+01
1.257628628600000020e+01,-3.149421806200000162e+01,-4.895400254300000142e+01,-3.359214602000000127e+01,-2.907435008999999937e+01,-3.021110399100000166e+01
1.259629629600000023e+01,-2.829181735399999909e+01,-3.652990541100000144e+01,-2.861513461699999894e+01,-2.730698869000000073e+01,-3.172332648600000127e+01
1.261630630600000025e+01,-3.361097202300000220e+01,-4.217296532400000331e+01,-3.143826123499999881e+01,-2.546993360700000153e+01,-2.977816894800000114e+01
1.263631631600000027e+01,-3.554797977199999792e+01,-3.551542769999999649e+01,-2.809610209799999936e+01,-2.679422320200000129e+01,-3.422757473099999714e+01
1.265632632600000029e+01,-2.958784145399999943e+01,-3.466015080999999753e+01,-2.863330311200000011e+01,-2.534178015499999859e+01,-3.115456867500000016e+01
1.267633633600000032e+01,-2.926993597199999897e+01,-3.236440388399999790e+01,-3.181930566200000143e+01,-2.582030512300000069e+01,-3.295889981700000249e+01
1.269634634600000034e+01,-3.058187939500000141e+01,-3.738002581899999655e+01,-2.865264677900000123e+01,-2.501865582900000007e+01,-3.149992638699999858e+01
1.271635635600000036e+01,-2.763514299199999869e+01,-3.555145874800000172e+01,-2.842430595900000156e+01,-2.522930634400000116e+01,-2.982735215900000014e+01
1.273636636600000038e+01,-2.923075567100000072e+01,-3.653710763899999847e+01,-2.899806234300000085e+01,-2.597553157200000129e+01,-3.288781897399999821e+01
1.275637637600000041e+01,-3.467120598199999648e+01,-4.641961754799999795e+01,-2.786287532700000114e+01,-2.521490227600000011e+01,-3.177659336400000001e+01
1.277638638600000043e+01,-3.817819908999999967e+01,-3.524622734999999807e+01,-2.674869174199999833e+01,-2.731484133800000080e+01,-3.270727257499999752e+01
1.279639639600000045e+01,-3.260668776800000046e+01,-3.600297723100000269e+01,-2.816156695500000140e+01,-2.631010674199999855e+01,-3.135716086600000096e+01
1.281640640600000047e+01,-3.113562013700000008e+01,-3.085534077899999872e+01,-2.674608662099999989e+01,-2.655089636299999967e+01,-3.355698216799999756e+01
1.283641641600000050e+01,-3.330242960000000352e+01,-2.944251153100000096e+01,-3.187036370999999946e+01,-2.817515016500000158e+01,-3.452280810900000318e+01
1.285642642600000052e+01,-2.987622655099999847e+01,-4.056323840099999956e+01,-3.083718014600000146e+01,-2.567233046599999824e+01,-4.111698331200000212e+01
1.287643643600000054e+01,-3.365270962200000326e+01,-4.605977853000000266e+01,-3.144801840599999920e+01,-2.768532005799999851e+01,-3.817941653500000143e+01
1.289644644600000056e+01,-3.531424626599999783e+01,-3.452031326299999847e+01,-2.947865364100000107e+01,-2.729763476100000119e+01,-4.130100213299999723e+01
1.291645645600000059e+01,-3.690418205600000334e+01,-3.331065822099999707e+01,-3.319013843900000182e+01,-2.862814807999999900e+01,-5.035415736600000258e+01
1.293646646600000061e+01,-3.824837704400000149e+01,-3.432418726800000286e+01,-2.935660046699999981e+01,-2.827771088600000127e+01,-5.023528114199999806e+01
1.295647647600000063e+01,-3.628880203800000004e+01,-3.539771598400000130e+01,-3.013252831799999854e+01,-2.802276263799999967e+01,-4.304677175199999795e+01
1.297648648600000065e+01,-3.088234694100000155e+01,-4.263042510500000049e+01,-3.012486665899999849e+01,-2.850207077199999972e+01,-4.705107968000000085e+01
1.299649649600000068e+01,-4.005342345900000112e+01,-3.165905091600000176e+01,-3.187903132799999995e+01,-2.926236507799999842e+01,-3.956211004800000097e+01
1.301650650700000078e+01,-3.665274759900000134e+01,-4.732100780999999756e+01,-3.165638311300000041e+01,-2.975339496400000172e+01,-4.622188246700000036e+01
1.303651651700000080e+01,-4.142482595300000270e+01,-3.548919614300000092e+01,-3.061336268100000169e+01,-3.157197615799999824e+01,-4.223283472899999680e+01
1.305652652700000083e+01,-2.785551806799999852e+01,-3.528334411600000209e+01,-3.124413232199999868e+01,-3.369619327800000264e+01,-3.722176302799999803e+01
1.307653653700000085e+01,-3.494352968700000162e+01,-4.760112091399999912e+01,-3.056900373299999885e+01,-3.482212340899999958e+01,-4.816976819500000317e+01
1.309654654700000087e+01,-3.861072824699999728e+01,-3.343942564900000036e+01,-3.210111899500000021e+01,-3.063244205299999834e+01,-3.826607138499999650e+01
1.311655655699999912e+01,-3.199938144400000084e+01,-3.771945721200000179e+01,-2.940076152900000039e+01,-3.363825464699999657e+01,-3.810452606599999825e+01
1.313656656699999914e+01,-3.688107575899999802e+01,-4.079786692199999720e+01,-3.652789801299999795e+01,-3.455867615999999742e+01,-3.614451473900000167e+01
1.315657657699999916e+01,-4.235205898600000296e+01,-4.224062028299999838e+01,-3.572690464200000093e+01,-3.241816716799999654e+01,-4.150349025300000250e+01
1.317658658699999918e+01,-3.921362217699999775e+01,-5.254728682900000081e+01,-2.890329258499999909e+01,-3.423202881299999945e+01,-3.903568703399999862e+01
1.319659659699999921e+01,-4.079668300499999845e+01,-3.584446186299999937e+01,-3.549925142600000072e+01,-3.257784311199999649e+01,-4.552827343500000268e+01
1.321660660699999923e+01,-3.411198282400000181e+01,-3.879249836099999982e+01,-3.855897509399999734e+01,-3.412651204600000199e+01,-3.991545503399999717e+01
1.323661661699999925e+01,-3.908260812399999651e+01,-5.205396017399999664e+01,-3.764643149599999816e+01,-3.322040937300000252e+01,-4.007111340299999824e+01
1.325662662699999927e+01,-3.741785168500000225e+01,-4.057714621000000221e+01,-3.218281998700000202e+01,-3.256902313900000223e+01,-4.805120437299999736e+01
1.327663663699999930e+01,-4.132287486300000268e+01,-3.843359493500000212e+01,-3.773246513699999838e+01,-3.372750791699999695e+01,-4.208794133600000009e+01
1.329664664699999932e+01,-3.922792735600000213e+01,-4.566147297799999905e+01,-3.583768929099999667e+01,-3.157354891099999961e+01,-4.083079080000000260e+01
1.331665665699999934e+01,-4.521200842700000067e+01,-3.925403545000000349e+01,-4.044637948199999755e+01,-3.175556958099999960e+01,-3.814181607599999779e+01
1.333666666699999936e+01,-3.513988905200000090e+01,-3.547366116599999941e+01,-4.175956507800000139e+01,-3.391081121300000234e+01,-3.535596252399999884e+01
1.335667667699999939e+01,-3.693622903100000343e+01,-3.002683877799999834e+01,-3.584491458099999761e+01,-3.471921484899999655e+01,-4.357410816699999856e+01
1.337668668699999941e+01,-3.741578463300000124e+01,-3.888824340699999738e+01,-4.190228265599999702e+01,-3.765126590100000215e+01,-4.871027590799999984e+01
1.339669669699999943e+01,-3.816594721900000309e+01,-3.669888663199999712e+01,-4.550494420199999723e+01,-3.475365875399999993e+01,-3.767872459499999849e+01
1.341670670699999945e+01,-3.808079636099999732e+01,-3.313253421600000337e+01,-3.199969829599999827e+01,-3.192573893499999826e+01,-3.755671442399999904e+01
1.343671671699999948e+01,-3.398156952899999794e+01,-2.916883138300000056e+01,-3.318584182600000076e+01,-3.692501520999999798e+01,-3.664919799700000169e+01
1.345672672699999950e+01,-3.646166281200000014e+01,-3.673511248300000176e+01,-3.927449928800000123e+01,-3.820843689400000187e+01,-3.016996439800000118e+01
1.347673673699999952e+01,-3.632509521400000096e+01,-4.120671639999999769e+01,-3.406510320799999647e+01,-3.715638949099999877e+01,-3.216532291800000110e+01
1.349674674699999954e+01,-4.459941621899999831e+01,-4.056556197999999824e+01,-3.258630881599999896e+01,-3.169323251300000166e+01,-3.568536621199999814e+01
1.351675675699999957e+01,-4.252622596700000202e+01,-3.421851811399999832e+01,-3.223973857400000043e+01,-3.614693807500000133e+01,-3.280908151900000291e+01
1.353676676699999959e+01,-3.708778747499999895e+01,-3.987999450099999876e+01,-2.919791078300000109e+01,-3.351864702900000026e+01,-3.387957079800000315e+01
1.355677677699999961e+01,-3.477981688500000246e+01,-4.009470734800000002e+01,-3.459888081900000145e+01,-3.316472874000000104e+01,-3.418665189200000043e+01
1.357678678699999963e+01,-2.994393740299999962e+01,-3.776896450400000305e+01,-3.051134783299999853e+01,-3.409316429900000145e+01,-2.963552759499999922e+01
1.359679679699999966e+01,-3.431213461899999828e+01,-3.229650978699999797e+01,-2.881868336300000166e+01,-3.517121989599999665e+01,-3.493661470499999666e+01
1.361680680699999968e+01,-4.309736992100000208e+01,-3.630485687299999853e+01,-2.951610102300000094e+01,-4.037838166699999931e+01,-3.355806057899999928e+01
1.363681681699999970e+01,-3.976139878499999725e+01,-3.315630669200000114e+01,-2.699122688199999942e+01,-3.182047978599999993e+01,-3.499516417899999965e+01
1.365682682699999972e+01,-3.805347531000000316e+01,-4.733067708800000162e+01,-3.022041138100000168e+01,-3.453582535700000022e+01,-3.281910938499999730e+01
1.367683683699999975e+01,-4.054674631599999657e+01,-2.942461065199999837e+01,-2.691340441499999869e+01,-4.262536417300000124e+01,-3.336232121799999817e+01
1.369684684699999977e+01,-3.828455999799999887e+01,-4.095042842600000199e+01,-2.825687590100000079e+01,-4.007029214399999972e+01,-3.655396474100000148e+01
1.371685685699999979e+01,-3.117135026200000070e+01,-3.175932295100000147e+01,-2.855922981999999877e+01,-4.016423248400000290e+01,-3.272235062600000077e+01
1.373686686699999981e+01,-3.548510524400000321e+01,-4.098675020999999674e+01,-3.123062587300000104e+01,-4.815357180000000170e+01,-3.448372218499999775e+01
1.375687687699999984e+01,-3.444270719400000047e+01,-4.054914178399999969e+01,-2.534824364900000049e+01,-3.833268198799999738e+01,-3.277371088400000332e+01
1.377688688699999986e+01,-2.637503749600000091e+01,-3.707601992200000041e+01,-2.955401100599999964e+01,-4.811721316599999909e+01,-3.425686726400000026e+01
1.379689689699999988e+01,-3.844499943800000352e+01,-5.613244455400000277e+01,-2.791195726200000138e+01,-5.149579555599999736e+01,-3.164582133600000091e+01
1.381690690699999990e+01,-3.378944276200000019e+01,-4.513416281700000354e+01,-2.821685176400000117e+01,-4.053193603399999745e+01,-3.689175376800000095e+01
1.383691691699999993e+01,-4.110223806500000165e+01,-3.957709141800000197e+01,-2.909592371400000133e+01,-3.858498346900000087e+01,-4.439460542199999793e+01
1.385692692699999995e+01,-4.010119755400000230e+01,-4.119940350899999970e+01,-2.817701117800000077e+01,-3.580829129399999999e+01,-3.372059573800000010e+01
1.387693693699999997e+01,-3.706295378499999771e+01,-3.461915192400000052e+01,-2.832480888999999991e+01,-3.488429218499999962e+01,-4.583982444200000117e+01
1.389694694699999999e+01,-4.211272365199999967e+01,-4.116354793600000050e+01,-2.641111282500000002e+01,-3.384274471999999889e+01,-3.533733862100000067e+01
1.391695695700000002e+01,-3.954247801999999723e+01,-3.997117508099999839e+01,-2.821905950900000093e+01,-3.573154174300000108e+01,-3.658117489499999664e+01
1.393696696700000004e+01,-5.148374423500000319e+01,-2.982552668099999948e+01,-2.754580567700000060e+01,-3.724056493799999856e+01,-3.449312031200000206e+01
1.395697697700000006e+01,-3.737577896700000224e+01,-3.514486588999999839e+01,-2.744731812899999923e+01,-3.338597283099999657e+01,-3.425538780299999786e+01
1.397698698700000008e+01,-2.795859083199999873e+01,-3.177872729499999949e+01,-2.775313432800000157e+01,-3.459197289400000130e+01,-3.550955341899999951e+01
1.399699699700000011e+01,-4.365825804100000340e+01,-3.103698697900000170e+01,-2.893557758900000110e+01,-3.489501601399999942e+01,-3.836029788300000121e+01
1.401700700700000013e+01,-3.033261345000000020e+01,-3.233913987700000092e+01,-2.851784535499999862e+01,-4.117315203300000093e+01,-3.599859822700000223e+01
1.403701701700000015e+01,-4.527043298899999968e+01,-3.233645525699999723e+01,-2.734873136899999935e+01,-3.122716100999999966e+01,-3.832156924499999917e+01
1.405702702700000017e+01,-3.585863275199999833e+01,-3.408435836700000010e+01,-2.714169094900000090e+01,-3.993613796799999704e+01,-3.866154088500000086e+01
1.407703703700000020e+01,-4.170694632800000079e+01,-3.869194243500000141e+01,-2.708128378199999986e+01,-3.425843740300000206e+01,-3.743877084300000035e+01
1.409704704700000022e+01,-3.619255669599999692e+01,-3.886924629500000350e+01,-2.858434238799999960e+01,-3.186608469300000124e+01,-3.085345617700000176e+01
1.411705705700000024e+01,-3.505653837799999906e+01,-3.482416951500000124e+01,-2.715886715899999970e+01,-3.170147190000000137e+01,-3.213645832099999922e+01
1.413706706700000026e+01,-5.229935593799999793e+01,-4.327122128799999956e+01,-2.448063464599999861e+01,-3.355390813199999656e+01,-3.182339719000000144e+01
1.415707707700000029e+01,-3.897014325500000353e+01,-3.968506747400000023e+01,-2.747643707499999977e+01,-3.954238976700000308e+01,-3.196961656499999904e+01
1.417708708700000031e+01,-3.070555772799999872e+01,-3.724725100300000236e+01,-2.386436681200000010e+01,-3.422139040999999793e+01,-2.858589024699999825e+01
1.419709709700000033e+01,-3.800648574699999926e+01,-3.606335732099999802e+01,-2.692033347799999987e+01,-3.673719101500000050e+01,-3.210829003999999998e+01
1.421710710700000035e+01,-3.515991838299999728e+01,-4.398944285799999676e+01,-2.488866286000000017e+01,-3.623157275999999882e+01,-2.977148554600000097e+01
1.423711711700000038e+01,-3.471830809000000073e+01,-3.411085556999999824e+01,-2.489346910400000112e+01,-3.724378419699999654e+01,-3.159892194100000040e+01
1.425712712700000040e+01,-3.396382944500000178e+01,-4.252901291599999922e+01,-2.724379298299999874e+01,-3.552951780600000120e+01,-3.205926774699999982e+01
1.427713713700000042e+01,-3.201510699699999662e+01,-3.852928654499999794e+01,-2.557110031899999925e+01,-3.547403519299999886e+01,-2.963978965400000121e+01
1.429714714700000044e+01,-3.580259485100000205e+01,-3.862733678800000092e+01,-2.603792567900000066e+01,-3.949013755800000069e+01,-2.747236889899999923e+01
1.431715715700000047e+01,-3.605145716999999905e+01,-4.674968704799999841e+01,-2.604395121099999955e+01,-3.939331032100000130e+01,-2.756835234100000065e+01
1.433716716700000049e+01,-3.564376123099999916e+01,-3.535866352299999704e+01,-2.722547469499999906e+01,-3.577970860399999964e+01,-2.634043760999999861e+01
1.435717717700000051e+01,-4.022595659800000334e+01,-4.693605055399999770e+01,-2.876029411000000025e+01,-5.112816285600000299e+01,-3.033200606899999840e+01
1.437718718700000053e+01,-3.306299568600000072e+01,-3.418595779799999690e+01,-3.287733019800000278e+01,-3.339055658600000243e+01,-3.006846158000000102e+01
1.439719719700000056e+01,-3.061246985900000084e+01,-3.295347102400000239e+01,-2.751748732100000083e+01,-3.528863688500000251e+01,-2.976309302900000020e+01
1.441720720700000058e+01,-4.048251828400000107e+01,-4.278541135199999701e+01,-2.837427711200000147e+01,-3.384423045599999824e+01,-3.009392976199999836e+01
1.443721721700000060e+01,-3.792131289900000013e+01,-3.987927147999999988e+01,-2.937924943799999866e+01,-4.081824582600000184e+01,-3.072060622100000060e+01
1.445722722700000062e+01,-4.472188465299999649e+01,-4.183194634699999881e+01,-2.839310430300000121e+01,-4.252670913299999711e+01,-3.105502893199999903e+01
1.447723723700000065e+01,-3.443620041799999854e+01,-4.304371892399999666e+01,-2.841076161899999875e+01,-4.527659271899999993e+01,-3.228083297199999890e+01
1.449724724700000067e+01,-3.081192652400000043e+01,-3.173235170999999966e+01,-2.912129840100000067e+01,-4.086324929199999900e+01,-3.095365237700000094e+01
1.451725725700000069e+01,-3.632934572399999951e+01,-3.344653344000000317e+01,-2.920433216500000029e+01,-3.770199105100000025e+01,-3.843125076199999768e+01
1.453726726700000071e+01,-3.300412822599999885e+01,-4.548627481300000142e+01,-3.157551246199999895e+01,-3.312448634799999780e+01,-4.043473012799999822e+01
1.455727727700000074e+01,-2.988023093299999999e+01,-3.797044367600000214e+01,-3.047642169699999926e+01,-3.550784365700000222e+01,-4.160041363199999864e+01
1.457728728700000076e+01,-2.892990925999999874e+01,-3.787585259499999779e+01,-2.785758567699999944e+01,-3.644248771299999845e+01,-3.317327841099999830e+01
1.459729729700000078e+01,-3.955617814699999713e+01,-4.154003139699999991e+01,-2.970210924299999888e+01,-4.746684382600000163e+01,-3.410868994300000168e+01
1.461730730700000080e+01,-3.269022951800000243e+01,-4.524624195599999865e+01,-3.287343374600000345e+01,-4.070302934600000100e+01,-3.174607468800000021e+01
1.463731731700000083e+01,-4.389292258999999774e+01,-3.245998322900000232e+01,-3.108654701900000106e+01,-4.512429841699999855e+01,-3.381062652300000337e+01
1.465732732700000085e+01,-3.775915441499999758e+01,-3.559588855199999813e+01,-3.745778386700000340e+01,-5.227893003300000174e+01,-2.742234296599999865e+01
1.467733733700000087e+01,-3.792188616100000331e+01,-3.244118765399999660e+01,-3.280110939099999712e+01,-4.064801928199999992e+01,-2.817124905200000029e+01
1.469734734699999912e+01,-2.892777262999999977e+01,-2.960376059600000076e+01,-3.707926859199999825e+01,-3.852341166899999791e+01,-3.200613278899999870e+01
1.471735735699999914e+01,-2.982371978100000121e+01,-3.565435352499999766e+01,-3.134621788300000134e+01,-3.811430172800000094e+01,-2.736271975400000045e+01
1.473736736699999916e+01,-4.569684433199999773e+01,-3.550886542399999968e+01,-3.204370317600000106e+01,-3.465321686699999759e+01,-2.719087883899999980e+01
1.475737737699999919e+01,-3.668484946600000285e+01,-3.308419592999999992e+01,-3.437572061899999909e+01,-4.280997811400000330e+01,-2.735739625900000149e+01
1.477738738699999921e+01,-4.002338678899999991e+01,-3.391198407000000259e+01,-3.038419654799999847e+01,-5.586454019100000323e+01,-2.812321204099999861e+01
1.479739739699999923e+01,-3.476214706399999699e+01,-3.151018251800000058e+01,-3.231235000499999899e+01,-3.444660432100000236e+01,-2.303829245900000089e+01
1.481740740699999925e+01,-4.578634987800000289e+01,-4.164778297400000184e+01,-3.090280847100000017e+01,-4.926472960200000273e+01,-3.544771991599999694e+01
1.483741741699999928e+01,-3.436494395399999746e+01,-4.074317099499999983e+01,-3.076648547499999964e+01,-4.259955909899999682e+01,-2.685580314399999935e+01
1.485742742699999930e+01,-3.930115740299999771e+01,-3.234373862900000063e+01,-2.990023904899999962e+01,-3.250583056899999690e+01,-2.368857180999999912e+01
1.487743743699999932e+01,-4.012385204499999958e+01,-2.865498870400000087e+01,-4.083147788499999820e+01,-4.390993711699999835e+01,-2.507938339800000094e+01
1.489744744699999934e+01,-3.536604976000000278e+01,-3.819128106899999864e+01,-2.735407567900000103e+01,-4.041080210900000225e+01,-2.289409592799999871e+01
1.491745745699999937e+01,-4.203198821000000152e+01,-3.460944836600000230e+01,-2.582868712100000153e+01,-3.843961773200000209e+01,-2.195812788299999951e+01
1.493746746699999939e+01,-3.592081671999999770e+01,-3.891942391599999951e+01,-2.601295720199999906e+01,-3.668925821399999876e+01,-2.217697973800000000e+01
1.495747747699999941e+01,-4.422981720300000319e+01,-3.824626685399999815e+01,-2.468056451300000020e+01,-4.140207625000000036e+01,-1.991468886299999852e+01
1.497748748699999943e+01,-3.614290783500000259e+01,-4.465430400799999688e+01,-2.542153637499999874e+01,-4.628749123000000054e+01,-2.363064979099999974e+01
1.499749749699999946e+01,-2.737386096399999857e+01,-3.746224134199999867e+01,-2.463144278700000100e+01,-4.893075056499999675e+01,-2.442241932199999965e+01
1.501750750799999956e+01,-3.865871318399999979e+01,-4.335338355700000079e+01,-2.295890852400000171e+01,-5.586110305300000078e+01,-2.616886095199999929e+01
1.503751751799999958e+01,-2.706039851999999968e+01,-3.665038436100000041e+01,-2.274544475500000118e+01,-3.956707236799999805e+01,-2.665872019200000054e+01
1.505752752799999961e+01,-4.363653996699999738e+01,-3.650681227500000148e+01,-2.193828007999999841e+01,-3.661588195699999915e+01,-2.458453124500000087e+01
1.507753753799999963e+01,-2.870621294900000109e+01,-3.544765350299999795e+01,-2.289286273400000127e+01,-3.911808775200000099e+01,-2.391806494100000080e+01
1.509754754799999965e+01,-2.674122338999999826e+01,-4.274455322600000073e+01,-2.365495120900000003e+01,-3.043146437400000082e+01,-2.201667591600000051e+01
1.511755755799999967e+01,-2.524044693600000144e+01,-4.835745781699999668e+01,-2.422448323000000059e+01,-4.640091407700000303e+01,-2.933046842299999923e+01
1.513756756799999970e+01,-3.420221227700000100e+01,-3.009718351300000094e+01,-2.345392354699999871e+01,-4.277496370200000086e+01,-2.384569283100000092e+01
1.515757757799999972e+01,-3.513925688300000161e+01,-3.851317204499999747e+01,-2.339443589100000054e+01,-4.167256614699999773e+01,-2.613705189599999912e+01
1.517758758799999974e+01,-3.002128864599999858e+01,-3.603926318199999912e+01,-2.188742840700000158e+01,-4.610349345000000199e+01,-2.517463417500000133e+01
1.519759759799999976e+01,-3.163787357300000025e+01,-3.401314090799999690e+01,-2.398533379599999904e+01,-4.003541876199999905e+01,-2.807800659600000159e+01
1.521760760799999979e+01,-4.041026853099999983e+01,-3.283008675300000334e+01,-2.108643023600000177e+01,-3.591831670799999898e+01,-2.679575321500000129e+01
1.523761761799999981e+01,-3.802146766999999983e+01,-3.300297884700000139e+01,-2.324796038699999912e+01,-5.222679351000000025e+01,-2.649592363800000072e+01
1.525762762799999983e+01,-3.078464975500000023e+01,-2.062119215499999925e+01,-2.229074036200000108e+01,-3.588153500300000331e+01,-2.768689788700000065e+01
1.527763763799999985e+01,-3.771593760199999679e+01,-2.941347110699999945e+01,-3.033477100900000067e+01,-3.151162777700000106e+01,-2.872615975900000151e+01
1.529764764799999988e+01,-3.400889401999999961e+01,-3.990236905399999756e+01,-2.609364007099999938e+01,-3.533529199400000209e+01,-2.771123413300000138e+01
1.531765765799999990e+01,-3.435146726199999989e+01,-3.624668263499999910e+01,-2.591565479000000138e+01,-4.191725893099999922e+01,-2.340537814400000016e+01
1.533766766799999992e+01,-3.474041252899999677e+01,-4.047196495600000077e+01,-2.583772146600000141e+01,-3.856567507799999817e+01,-2.777999220999999963e+01
1.535767767799999994e+01,-4.577252435599999814e+01,-3.601265783499999884e+01,-2.703373111000000151e+01,-4.662231286699999799e+01,-3.148977393199999852e+01
1.537768768799999997e+01,-3.019586074400000086e+01,-3.572833726700000057e+01,-2.610166646700000115e+01,-3.566104887899999909e+01,-2.848859813600000024e+01
1.539769769799999999e+01,-2.936866287699999845e+01,-3.727066803999999678e+01,-2.694690214799999950e+01,-4.118949916999999772e+01,-3.273272230500000290e+01
1.541770770800000001e+01,-4.331855498499999868e+01,-3.885660741200000245e+01,-2.703580329300000074e+01,-4.226271720599999782e+01,-3.244913905100000306e+01
1.543771771800000003e+01,-3.987843471000000051e+01,-3.106590510799999905e+01,-2.730970224100000010e+01,-4.267858920900000186e+01,-3.070857177999999976e+01
1.545772772800000006e+01,-3.113418482200000170e+01,-2.915749821900000072e+01,-3.012252625400000028e+01,-3.664500645900000109e+01,-3.056490865700000015e+01
1.547773773800000008e+01,-5.034258635300000151e+01,-3.330796246900000313e+01,-2.625737545699999842e+01,-3.861448286499999938e+01,-3.202534622099999950e+01
1.549774774800000010e+01,-3.973886578900000188e+01,-3.074307540699999919e+01,-3.015543559400000007e+01,-4.152905642700000044e+01,-3.121238851900000100e+01
1.551775775800000012e+01,-3.096847761500000118e+01,-3.707940675100000050e+01,-2.758077912799999964e+01,-3.467836994999999689e+01,-2.766547888399999877e+01
1.553776776800000015e+01,-3.115711027600000094e+01,-3.164900005499999835e+01,-2.659010739000000001e+01,-3.363243996500000321e+01,-3.043644403500000095e+01
1.555777777800000017e+01,-3.174611319299999934e+01,-4.535825300500000168e+01,-2.842348113599999948e+01,-3.841921326100000300e+01,-3.079310284099999961e+01
1.557778778800000019e+01,-3.913569991199999976e+01,-3.129919334999999947e+01,-3.509618093000000272e+01,-4.332858903799999695e+01,-2.716179555100000087e+01
1.559779779800000021e+01,-2.833888249299999984e+01,-4.331315286299999912e+01,-2.851837246399999870e+01,-3.373549641000000321e+01,-3.258242668799999819e+01
1.561780780800000024e+01,-3.025215516600000143e+01,-3.159974007399999962e+01,-3.083219826799999908e+01,-4.438275083100000273e+01,-2.883335230300000163e+01
1.563781781800000026e+01,-3.058021921399999954e+01,-4.644595434299999681e+01,-2.808575308300000017e+01,-2.790478209699999823e+01,-2.498314974199999838e+01
1.565782782800000028e+01,-2.856616817300000122e+01,-3.550420456599999852e+01,-3.102144421799999918e+01,-3.763769177500000040e+01,-2.809234869899999865e+01
1.567783783800000030e+01,-2.446122985699999930e+01,-4.751713480499999775e+01,-3.104827703100000136e+01,-3.520185682599999666e+01,-2.823995398599999973e+01
1.569784784800000033e+01,-2.819130995900000158e+01,-3.786839169999999655e+01,-3.266356181900000166e+01,-3.395877358999999984e+01,-2.423376775099999847e+01
1.571785785800000035e+01,-3.296840349200000020e+01,-3.631076644400000220e+01,-2.891176876700000165e+01,-3.438661678100000074e+01,-2.869435696300000060e+01
1.573786786800000037e+01,-3.166323866300000134e+01,-3.546013239599999878e+01,-2.954474528300000102e+01,-3.948678228800000056e+01,-2.883942227800000069e+01
1.575787787800000039e+01,-3.758389066200000173e+01,-3.249374243700000164e+01,-3.242471986999999700e+01,-3.221632416300000301e+01,-2.877714808700000049e+01
1.577788788800000042e+01,-3.353998804700000136e+01,-3.970831314499999820e+01,-3.203207226600000013e+01,-3.643591040999999819e+01,-2.870895415200000045e+01
1.579789789800000044e+01,-2.817127065000000030e+01,-3.168540005599999887e+01,-3.055244528200000076e+01,-3.909320523600000286e+01,-2.617985128200000133e+01
1.581790790800000046e+01,-2.979323410399999972e+01,-3.901053339900000339e+01,-3.001587096100000096e+01,-3.265752654700000335e+01,-2.339310523099999983e+01
1.583791791800000048e+01,-3.704124713499999899e+01,-4.943683938099999864e+01,-2.929498733999999871e+01,-3.240444355700000045e+01,-2.674667210999999867e+01
1.585792792800000051e+01,-2.777098068100000106e+01,-3.181385494899999955e+01,-2.706599002900000173e+01,-3.683961960100000255e+01,-2.916734573000000097e+01
1.587793793800000053e+01,-3.097462940400000164e+01,-4.928487456700000280e+01,-2.910851088100000084e+01,-3.499105097300000011e+01,-2.894089924800000091e+01
1.589794794800000055e+01,-4.855681921200000062e+01,-4.511981642599999986e+01,-2.674287747300000007e+01,-3.372174527600000005e+01,-2.978258298500000123e+01
1.591795795800000057e+01,-3.398082675100000216e+01,-3.216775392000000267e+01,-2.492329240300000137e+01,-3.811918611499999798e+01,-2.693767375599999880e+01
1.593796796800000060e+01,-3.655160422600000203e+01,-3.001784078600000072e+01,-2.966003443600000011e+01,-3.155045757099999904e+01,-2.538935490700000130e+01
1.595797797800000062e+01,-2.991576145899999872e+01,-3.939177015700000339e+01,-2.411940442199999879e+01,-3.177839513400000016e+01,-2.964078668100000158e+01
1.597798798800000064e+01,-2.568771062000000072e+01,-3.449338989900000030e+01,-2.461848883300000068e+01,-3.116130255599999899e+01,-3.252260769200000112e+01
1.599799799800000066e+01,-3.399924654499999832e+01,-3.031351359900000020e+01,-2.569921824600000093e+01,-3.495058697799999692e+01,-2.769553560599999997e+01
1.601800800799999891e+01,-1.760339571200000108e+01,-3.000913795199999967e+01,-2.654591752099999979e+01,-3.338873076800000206e+01,-3.002913197499999853e+01
1.603801801799999893e+01,-2.374614548999999997e+01,-4.483477889600000310e+01,-2.882572060600000086e+01,-3.039716636300000019e+01,-3.045811902599999854e+01
1.605802802799999895e+01,-3.544868644000000302e+01,-4.094041227299999974e+01,-2.585542499800000016e+01,-3.531369267000000178e+01,-2.972738202700000087e+01
1.607803803799999898e+01,-2.875122889600000065e+01,-3.368678999000000118e+01,-2.539164849499999832e+01,-2.785342821600000107e+01,-3.082797143399999840e+01
1.609804804799999900e+01,-3.215071585799999809e+01,-2.253646380100000002e+01,-2.516444961899999910e+01,-3.172466534999999865e+01,-2.887857288700000069e+01
1.611805805799999902e+01,-3.239309195300000255e+01,-2.933922719999999984e+01,-2.279857145100000082e+01,-3.949942734900000119e+01,-2.773897506400000168e+01
1.613806806799999904e+01,-3.086781578500000123e+01,-3.786694196500000231e+01,-2.526567035100000069e+01,-3.219839039299999683e+01,-2.887671261899999919e+01
1.615807807799999907e+01,-2.591983154800000122e+01,-3.424226655300000033e+01,-2.534113380799999860e+01,-3.609143282600000191e+01,-2.919994242399999962e+01
1.617808808799999909e+01,-2.121585543899999848e+01,-3.755515929300000266e+01,-2.600679761099999965e+01,-4.165874384399999997e+01,-2.586901438599999992e+01
1.619809809799999911e+01,-2.423288765299999881e+01,-3.165893660600000103e+01,-2.887164644199999941e+01,-4.554707434600000227e+01,-3.241150719699999883e+01
1.621810810799999913e+01,-2.430491965599999915e+01,-3.555266683699999675e+01,-2.792685017000000158e+01,-3.842819966799999776e+01,-2.469337462500000058e+01
1.623811811799999916e+01,-3.665026578100000165e+01,-5.758030128099999700e+01,-2.782571259899999916e+01,-3.910177501799999789e+01,-2.477215400900000120e+01
1.625812812799999918e+01,-3.233503970499999980e+01,-2.712858037799999877e+01,-3.041101914600000100e+01,-4.117057621899999731e+01,-2.431443329300000045e+01
1.627813813799999920e+01,-2.755356474599999927e+01,-4.481783596999999730e+01,-2.934569510400000070e+01,-2.993594232299999902e+01,-2.548737318199999891e+01
1.629814814799999922e+01,-2.677997881499999977e+01,-3.224739936000000284e+01,-2.606320876299999867e+01,-4.214193481800000285e+01,-2.320698430399999879e+01
1.631815815799999925e+01,-2.578077604899999997e+01,-3.853647544399999703e+01,-2.497193271700000139e+01,-3.631580893900000007e+01,-2.043613167699999877e+01
1.633816816799999927e+01,-3.378557126300000135e+01,-3.099662433700000008e+01,-3.253570245499999913e+01,-3.637122273500000347e+01,-2.474052311699999862e+01
1.635817817799999929e+01,-3.139648515600000067e+01,-2.569889014299999985e+01,-3.875299399200000039e+01,-6.268502477900000258e+01,-2.527517647199999828e+01
1.637818818799999931e+01,-2.553400000099999900e+01,-3.782872547099999849e+01,-2.496876239199999858e+01,-4.303744728899999927e+01,-2.497798828699999873e+01
1.639819819799999934e+01,-3.634168119699999977e+01,-1.559104563800000065e+01,-3.136563043700000009e+01,-2.646828870999999950e+01,-2.296723184800000084e+01
1.641820820799999936e+01,-2.427643298799999982e+01,-5.700624782300000248e+01,-3.176701140500000164e+01,-3.610668139100000218e+01,-2.374578711999999925e+01
1.643821821799999938e+01,-2.466439620299999902e+01,-3.450515739499999768e+01,-3.105233536800000138e+01,-3.658166778199999669e+01,-2.149701345600000124e+01
1.645822822799999940e+01,-3.457912849800000288e+01,-4.003293440600000253e+01,-2.815073082400000004e+01,-2.838196172600000011e+01,-2.254355677199999874e+01
1.647823823799999943e+01,-2.969318804399999934e+01,-5.444713020500000056e+01,-3.414871929099999903e+01,-3.119780351700000054e+01,-3.069902849700000047e+01
1.649824824799999945e+01,-4.302326773600000109e+01,-2.746074809699999975e+01,-2.704026649600000098e+01,-3.393101025800000059e+01,-2.349905526199999883e+01
1.651825825799999947e+01,-3.050032261899999853e+01,-3.323982131999999723e+01,-2.864209387000000007e+01,-3.447668672799999712e+01,-2.339411398900000094e+01
1.653826826799999949e+01,-2.638347477599999991e+01,-2.534379655900000117e+01,-3.343271319600000169e+01,-3.267323906400000055e+01,-1.743834238999999897e+01
1.655827827799999952e+01,-3.037590519500000141e+01,-3.057559566000000117e+01,-3.149954570599999926e+01,-3.358832954999999743e+01,-2.370685466100000127e+01
1.657828828799999954e+01,-2.290031591199999994e+01,-3.440806180700000283e+01,-3.004211807400000112e+01,-3.937508483700000284e+01,-2.106262076100000158e+01
1.659829829799999956e+01,-3.392227868500000199e+01,-3.373010588399999676e+01,-3.050057020199999869e+01,-2.778259729699999880e+01,-2.288527148100000019e+01
1.661830830799999958e+01,-3.507185340099999848e+01,-2.943368795700000007e+01,-3.082578782299999887e+01,-3.945624946200000238e+01,-2.260262044799999970e+01
1.663831831799999961e+01,-3.028899125499999911e+01,-3.966190123900000231e+01,-2.726169687000000152e+01,-2.753555989899999901e+01,-2.630734653100000031e+01
1.665832832799999963e+01,-2.897401216900000165e+01,-1.846586777199999929e+01,-3.011059270200000171e+01,-3.375862415600000332e+01,-2.207270474099999902e+01
1.667833833799999965e+01,-2.905111349399999909e+01,-4.182698470100000065e+01,-2.568479330099999913e+01,-3.230002677699999936e+01,-2.394398958100000030e+01
1.669834834799999967e+01,-2.284946366200000156e+01,-2.973116505400000165e+01,-3.230756762699999740e+01,-3.405859293200000337e+01,-2.141866517700000117e+01
1.671835835799999970e+01,-2.743610639299999931e+01,-3.689436168400000327e+01,-2.883537762199999932e+01,-3.013068375799999998e+01,-2.371634542299999993e+01
1.673836836799999972e+01,-3.089170679200000080e+01,-3.184605570400000119e+01,-2.633836561100000040e+01,-2.477701519300000044e+01,-2.276917833899999977e+01
1.675837837799999974e+01,-2.483049786200000142e+01,-4.275538389700000153e+01,-2.809287751700000157e+01,-3.377217295900000238e+01,-3.015430794599999942e+01
1.677838838799999976e+01,-3.121974692999999945e+01,-3.737464343999999983e+01,-3.093882327000000032e+01,-3.155978885500000075e+01,-2.217187609000000137e+01
1.679839839799999979e+01,-2.719806991600000146e+01,-2.506743030000000161e+01,-2.612960438500000038e+01,-3.024376194199999901e+01,-2.547714547700000054e+01
1.681840840799999981e+01,-4.250666970900000052e+01,-3.220636187299999875e+01,-2.684552532300000038e+01,-3.895091593499999760e+01,-2.462990051099999889e+01
1.683841841799999983e+01,-2.280259351699999826e+01,-3.686638784200000174e+01,-3.187025605299999853e+01,-2.918581148899999889e+01,-2.241125275399999950e+01
1.685842842799999985e+01,-1.899316907200000060e+01,-3.935858857200000216e+01,-2.794508534699999913e+01,-2.898689361399999953e+01,-1.883423151599999912e+01
1.687843843799999988e+01,-2.492039906700000174e+01,-4.777316780000000307e+01,-2.732801478000000017e+01,-2.941952088600000081e+01,-2.082202811499999839e+01
1.689844844799999990e+01,-2.976433413599999867e+01,-3.510460574900000097e+01,-3.003900864199999887e+01,-2.702076291399999874e+01,-2.166893620300000123e+01
1.691845845799999992e+01,-2.971156430699999973e+01,-3.335548457899999875e+01,-2.482380275499999911e+01,-2.926331828200000018e+01,-2.912520340400000052e+01
1.693846846799999994e+01,-3.022559436199999894e+01,-4.154284995799999791e+01,-2.471796993899999961e+01,-2.580701038899999844e+01,-2.483559839300000149e+01
1.695847847799999997e+01,-3.288025673100000290e+01,-4.629803950099999810e+01,-2.445646508700000155e+01,-2.575497786600000083e+01,-1.773277345800000049e+01
1.697848848799999999e+01,-2.494081880299999909e+01,-2.606656895700000121e+01,-2.457394743800000114e+01,-2.778013143300000110e+01,-2.785393966899999896e+01
1.699849849800000001e+01,-3.025304899400000025e+01,-3.429287762500000269e+01,-2.028854640200000148e+01,-2.937228908200000177e+01,-3.387367939100000314e+01
1.701850850900000012e+01,-1.932981249699999893e+01,-5.541708047299999862e+01,-2.748396950100000069e+01,-2.547417526699999968e+01,-2.646048827199999920e+01
1.703851851900000014e+01,-2.250159549700000028e+01,-2.331392051399999943e+01,-2.375914168999999987e+01,-2.845615023799999932e+01,-2.488319415400000167e+01
1.705852852900000016e+01,-4.146140424200000041e+01,-3.598417833300000268e+01,-2.887753474399999831e+01,-4.287113249499999768e+01,-1.948168484199999995e+01
1.707853853900000018e+01,-3.588480227299999825e+01,-3.073452002599999844e+01,-3.033396561600000041e+01,-2.932875340900000083e+01,-2.857955168499999843e+01
1.709854854900000021e+01,-3.080073557500000092e+01,-3.004457882499999855e+01,-3.721502658099999650e+01,-2.442840188699999970e+01,-2.647276709999999866e+01
1.711855855900000023e+01,-4.718265147000000326e+01,-3.946695090400000083e+01,-3.345432503499999655e+01,-3.109821213800000095e+01,-2.515172279000000088e+01
1.713856856900000025e+01,-4.899363891099999790e+01,-3.421386333800000301e+01,-2.755395518799999977e+01,-2.858279420299999884e+01,-2.278780279800000130e+01
1.715857857900000027e+01,-4.294547970699999695e+01,-3.168065076899999966e+01,-3.007324391999999946e+01,-2.759212590699999978e+01,-5.048049406700000219e+01
1.717858858900000030e+01,-3.840221648600000037e+01,-3.403725718799999811e+01,-2.662733161499999923e+01,-2.726139013999999960e+01,-2.117379652199999995e+01
1.719859859900000032e+01,-5.237876176299999997e+01,-2.873710406200000023e+01,-3.247588327300000088e+01,-2.305985841900000111e+01,-2.283322504099999861e+01
1.721860860900000034e+01,-2.732421636100000129e+01,-3.215560612200000179e+01,-2.897361930799999996e+01,-2.109934544800000111e+01,-2.417571701700000020e+01
1.723861861900000036e+01,-3.606110926299999875e+01,-3.779363156000000146e+01,-3.461517315500000080e+01,-3.929149860199999722e+01,-2.387694434799999854e+01
1.725862862900000039e+01,-3.511813415299999974e+01,-3.354994305200000326e+01,-2.984048424699999913e+01,-2.673438652999999832e+01,-2.578749213600000090e+01
1.727863863900000041e+01,-3.365635260999999900e+01,-3.639172568899999760e+01,-2.379691670500000100e+01,-2.726545664100000010e+01,-2.957847574199999841e+01
1.729864864900000043e+01,-2.760699748000000042e+01,-3.870040985100000341e+01,-1.775089532100000156e+01,-1.476313260000000049e+01,-1.080819165299999973e+01
1.731865865900000045e+01,-3.553812913600000201e+01,-3.471530824900000312e+01,-3.126324954400000067e+01,-4.361570390400000008e+01,-1.325870942699999944e+01
1.733866866900000048e+01,-3.731717382099999725e+01,-3.514948273899999975e+01,-2.964564636800000130e+01,-2.958284828000000033e+01,-2.474511306200000149e+01
1.735867867900000050e+01,-3.673902016800000325e+01,-3.087331082400000071e+01,-2.373435116399999956e+01,-3.963492764600000129e+01,-3.463262000299999954e+01
1.737868868900000052e+01,-3.250727991800000183e+01,-2.916845115799999988e+01,-3.298612859200000003e+01,-2.936709259899999935e+01,-3.315696701800000312e+01
1.739869869900000054e+01,-4.197211079800000277e+01,-2.995125684099999930e+01,-2.608104023499999968e+01,-3.014162017599999999e+01,-2.827075029699999931e+01
1.741870870900000057e+01,-3.975294232899999969e+01,-2.301709492199999829e+01,-2.126759826099999984e+01,-2.575865507800000032e+01,-1.477418849500000064e+01
1.743871871900000059e+01,-3.506559525499999808e+01,-3.170717708300000126e+01,-2.914973085800000163e+01,-3.239891763100000333e+01,-2.732237177000000017e+01
1.745872872900000061e+01,-4.136789559099999991e+01,-3.922499397800000054e+01,-2.595441002500000138e+01,-2.299149227999999923e+01,-2.439488448499999862e+01
1.747873873900000063e+01,-3.917179561100000029e+01,-3.257912076600000262e+01,-2.760341983100000007e+01,-3.546238324699999822e+01,-1.929566298499999988e+01
1.749874874900000066e+01,-4.012606000800000317e+01,-2.797330444900000046e+01,-3.105867831300000148e+01,-2.719903613299999989e+01,-2.140135569899999979e+01
1.751875875900000068e+01,-4.088947283899999974e+01,-3.048049466699999854e+01,-2.821533204200000000e+01,-3.612948115599999710e+01,-2.426196288999999950e+01
1.753876876900000070e+01,-3.285590315400000350e+01,-4.039018221500000294e+01,-2.297538511100000136e+01,-2.815781211399999862e+01,-1.337317343299999983e+01
1.755877877900000072e+01,-3.590561587799999899e+01,-3.176493825200000032e+01,-2.618573366500000077e+01,-2.821251132100000092e+01,-2.008653149599999921e+01
1.757878878900000075e+01,-3.929295218499999720e+01,-3.577158216000000124e+01,-2.160956602999999987e+01,-2.075204701299999854e+01,-3.048185456199999877e+01
1.759879879900000077e+01,-3.055305553399999852e+01,-4.293987358999999771e+01,-2.549005902100000043e+01,-4.089812368300000145e+01,-1.982491322199999928e+01
1.761880880900000079e+01,-1.948599494899999840e+01,-3.277218237200000317e+01,-2.481290859599999976e+01,-3.246240127899999806e+01,-1.992821504699999835e+01
1.763881881900000081e+01,-4.170296099299999781e+01,-3.550168565999999970e+01,-2.398150205499999998e+01,-3.679932251099999974e+01,-2.633811837800000077e+01
1.765882882900000084e+01,-3.936835222500000242e+01,-2.928184024800000174e+01,-2.651650172500000124e+01,-3.340524183200000152e+01,-2.380260763600000118e+01
1.767883883900000086e+01,-2.858833991399999874e+01,-3.565608122100000088e+01,-2.562074759100000065e+01,-3.967296090499999650e+01,-2.756797514100000157e+01
1.769884884900000088e+01,-3.864784249499999902e+01,-5.392112207800000334e+01,-3.315948968200000024e+01,-4.053248731600000099e+01,-1.885656438299999849e+01
1.771885885900000090e+01,-3.734413025500000316e+01,-3.703902619699999832e+01,-2.019577244799999960e+01,-2.223376654100000138e+01,-5.652970049400000363e+00
1.773886886900000093e+01,-1.883243815399999832e+01,-3.147629372000000103e+01,-2.166900635800000074e+01,-3.111037741199999829e+01,-2.313727357499999826e+01
1.775887887900000095e+01,-3.646608715299999659e+01,-4.059526038399999948e+01,-3.509546871999999951e+01,-2.310255452599999870e+01,-2.944289361799999938e+01
1.777888888900000097e+01,-3.320198987300000226e+01,-2.744564494999999837e+01,-3.068348329299999833e+01,-2.826968740299999894e+01,-2.340535382599999892e+01
1.779889889900000099e+01,-2.836534710999999831e+01,-3.183305720999999977e+01,-2.033697342399999997e+01,-2.047859262500000099e+01,-1.657418523200000138e+01
1.781890890900000102e+01,-3.462049758999999938e+01,-4.491641042799999894e+01,-2.847191744699999916e+01,-3.514497990299999941e+01,-2.951653741899999872e+01
1.783891891900000104e+01,-7.490704292600000258e+01,-3.047147900399999898e+01,-2.477328500799999844e+01,-3.145811548100000010e+01,-2.826413481000000161e+01
1.785892892900000106e+01,-3.116801232599999949e+01,-2.772789834499999984e+01,-4.061312152099999651e+01,-2.705562052399999828e+01,-2.732365895499999908e+01
1.787893893900000108e+01,-4.565392967199999674e+01,-3.716606571399999837e+01,-2.605427480499999859e+01,-3.327723506400000275e+01,-2.949980754199999922e+01
1.789894894900000111e+01,-3.219663185299999952e+01,-3.145898405299999823e+01,-2.408854179000000073e+01,-3.058214603500000095e+01,-2.304522593200000102e+01
1.791895895900000113e+01,-3.537198231299999662e+01,-3.528355430700000284e+01,-2.501389900299999880e+01,-2.024441455199999851e+01,-3.338744057000000254e+01
1.793896896900000115e+01,-3.966334618599999828e+01,-2.686266653999999932e+01,-2.039784113100000074e+00,-2.340624901199999996e+00,-1.998707891500000144e+01
1.795897897900000117e+01,-2.572848400199999830e+01,-3.046974988599999890e+01,-2.492527141100000065e+01,-3.531415119700000105e+01,-3.150814531700000032e+01
1.797898898900000120e+01,-3.766070191600000072e+01,-2.050421139099999834e+01,-2.606352402499999954e+01,-2.723344067300000049e+01,-2.367941976699999884e+01
1.799899899900000122e+01,-3.844891315000000276e+01,-3.304198845700000220e+01,-2.597698575300000101e+01,-2.953195575199999823e+01,-2.371252421000000155e+01
1.801900900900000124e+01,-3.056616246999999831e+01,-4.476738542799999721e+01,-2.001013299299999915e+01,-2.089297317100000129e+01,-2.444870230800000144e+01
1.803901901900000126e+01,-3.312802232300000327e+01,-4.616868511999999924e+01,-2.862456594400000043e+01,-2.786961605200000136e+01,-2.720610230899999848e+01
1.805902902900000129e+01,-4.141155447100000231e+01,-2.902545414800000145e+01,-2.834013154899999876e+01,-2.984001741899999871e+01,-3.080226712199999994e+01
1.807903903900000131e+01,-3.878803163300000278e+01,-5.239782600400000234e+01,-2.655888051000000161e+01,-2.706150220900000036e+01,-2.828688872200000048e+01
1.809904904900000133e+01,-4.124574572400000250e+01,-3.402809828899999900e+01,-2.694785651500000156e+01,-2.515029274100000123e+01,-2.514414214399999992e+01
1.811905905900000135e+01,-3.672564363200000059e+01,-6.415778254100000133e+00,-2.589359839800000174e+01,-2.756486616600000161e+01,-1.720382954100000106e+01
1.813906906900000138e+01,-5.055171803300000022e+01,-3.615946817300000049e+01,-2.473816925799999922e+01,-3.358032135900000270e+01,-2.358291048099999898e+01
1.815907907900000140e+01,-3.529625086000000067e+01,-3.100457100999999938e+01,-2.821609679599999865e+01,-1.973508292600000047e+01,-2.785826873499999934e+01
1.817908908900000142e+01,-4.751449780299999759e+01,-4.216246060600000334e+01,-2.800180331400000000e+01,-2.436809366800000021e+01,-2.818446442700000176e+01
1.819909909900000144e+01,-3.752112168699999728e+01,-3.362647262299999795e+01,-2.384220535900000115e+01,-3.026622829200000098e+01,-2.171974347300000119e+01
1.821910910900000147e+01,-4.010077288299999765e+01,-3.728355792699999682e+01,-2.802264818400000124e+01,-2.751995464299999838e+01,-2.980616462100000064e+01
1.823911911900000149e+01,-4.167176841199999870e+01,-2.827824262100000041e+01,-2.656841075199999835e+01,-2.714849471100000144e+01,-2.957740464100000111e+01
1.825912912900000151e+01,-4.644004621599999894e+01,-3.716286032499999692e+01,-2.698097992099999942e+01,-3.400719963000000234e+01,-4.309096205700000404e+00
1.827913913900000153e+01,-6.699805217700000526e+01,-3.362980381599999902e+01,-2.406226875100000129e+01,-2.817871215599999957e+01,-3.859821654600000329e+01
1.829914914900000156e+01,-3.294095296199999723e+01,-2.670246966099999852e+01,-2.594983447599999948e+01,-2.439910745399999925e+01,-3.096649498700000080e+01
1.831915915900000158e+01,-1.388278210100000010e+01,-4.628219264799999877e+01,-2.534787942199999833e+01,-3.426736891899999904e+01,-1.892773018899999826e+01
1.833916916900000160e+01,-3.819352875900000299e+01,-2.223794834599999959e+01,-2.904881252199999864e+01,-2.556567079399999898e+01,-1.970544886000000062e+01
1.835917917900000162e+01,-2.861508386999999942e+01,-2.623315677300000104e+01,-1.975156819500000083e+01,-2.670448446400000009e+01,-1.737886140000000168e+01
1.837918918900000165e+01,-4.417923186299999827e+01,-3.290164956499999960e+01,-2.432682449600000041e+01,-4.310255608500000335e+01,-2.528512220400000032e+01
1.839919919900000167e+01,-3.400386765999999739e+01,-3.026780167400000110e+01,-2.383198440700000020e+01,-2.177317451400000081e+01,-1.342956788699999926e+01
1.841920920900000169e+01,-2.082404154099999971e+01,-2.674560668100000171e+01,-2.056377184000000113e+01,-2.308469009099999880e+01,-2.014126796200000058e+01
1.843921921900000171e+01,-3.203446170000000137e+01,-3.917133069799999845e+01,-3.402452671799999706e+01,-2.750767399900000143e+01,-3.486967909700000234e+01
1.845922922900000174e+01,-2.612333750799999876e+01,-2.984951285800000065e+01,-4.575426664999999815e+01,-3.445302495100000328e+01,-2.326776039900000015e+01
1.847923923900000176e+01,-3.780869134200000303e+01,-3.213408779099999890e+01,-2.495518210799999892e+01,-2.512164931699999926e+01,-1.702347843300000108e+01
1.849924924899999823e+01,-4.600132461900000180e+01,-3.156200078799999886e+01,-2.496237745499999860e+01,-2.514012351699999925e+01,-2.101481741199999931e+01
1.851925925899999825e+01,-4.020971619400000208e+01,-3.973076590099999805e+01,-2.864410870900000106e+01,-3.456750973900000190e+01,-2.572892618899999917e+01
1.853926926899999827e+01,-2.550827877400000077e+01,-3.162047670999999838e+01,-2.678464363300000173e+01,-2.125789722500000067e+01,-1.947839944700000103e+01
1.855927927899999830e+01,-5.388377723699999677e+01,-4.556187031300000001e+01,-4.016285795699999994e+01,-2.977769413900000117e+01,-2.387476493100000141e+01
1.857928928899999832e+01,-2.371495793000000063e+01,-3.155993293699999924e+01,-3.752294963599999988e+01,-3.294300453299999987e+01,-2.349790012500000103e+01
1.859929929899999834e+01,-3.593429932600000143e+01,-4.044027857399999704e+01,-2.640304712400000042e+01,-1.902471061900000038e+01,-1.440797062400000073e+01
1.861930930899999836e+01,-3.346844197499999751e+01,-4.608400158399999924e+01,-3.703849264000000119e+01,-3.928990646999999825e+01,-2.561527420099999830e+01
1.863931931899999839e+01,-3.313717761499999881e+01,-2.549001728200000016e+01,-2.367173898000000065e+01,-3.200719399300000134e+01,-3.113883562699999885e+01
1.865932932899999841e+01,-3.906999628700000216e+01,-2.923338672999999943e+01,-2.562975830299999913e+01,-3.507604522500000144e+01,-2.306644005400000097e+01
1.867933933899999843e+01,-4.489021492500000221e+01,-4.322285120400000125e+01,-1.543772994799999942e+01,-2.390896911000000102e+01,-9.549448543800000522e+00
1.869934934899999845e+01,-3.450462740300000064e+01,-4.816893767900000256e+01,-1.914110216799999975e+01,-1.828046163100000143e+01,-2.527166361600000144e+01
1.871935935899999848e+01,-3.487264933699999858e+01,-3.560918415599999776e+01,-2.631790462200000036e+01,-3.257955963700000268e+01,-3.032492684600000032e+01
1.873936936899999850e+01,-2.429822700300000093e+01,-4.263703654799999754e+01,-2.976326085000000177e+01,-4.513007180400000351e+01,-2.768839545699999860e+01
1.875937937899999852e+01,-3.298576856900000109e+01,-3.015155431499999850e+01,-3.931550711500000261e+01,-2.263178626599999888e+01,-2.216318070399999840e+01
1.877938938899999854e+01,-4.549722150600000248e+01,-4.414160752099999740e+01,-1.376920965799999941e+01,-2.954128958000000083e+01,-7.390715457299999791e+00
1.879939939899999857e+01,-4.897683543499999814e+01,-2.062342008099999902e+01,-2.248220771900000159e+01,-3.368056802099999913e+01,-1.875233614500000101e+01
1.881940940899999859e+01,-4.763207574300000147e+01,-4.861087750000000085e+01,-3.789657883499999969e+01,-3.415406318200000158e+01,-2.334550790000000120e+01
1.883941941899999861e+01,-4.648149913900000030e+01,-4.026390062800000180e+01,-1.571311395899999930e+01,-1.296696555499999981e+01,-1.878801129100000011e+01
1.885942942899999863e+01,-3.828787852500000355e+01,-3.345779133599999966e+01,-1.911841921299999925e+01,-2.224070368499999972e+01,-2.508574603099999933e+01
1.887943943899999866e+01,-3.353451657699999799e+01,-2.436736460899999912e+01,-2.074209649599999850e+01,-2.069480335000000082e+01,-3.369119844600000135e+01
1.889944944899999868e+01,-4.380188837299999705e+01,-3.502975740099999769e+01,-3.363450878399999766e+01,-2.971492604199999832e+01,-3.665423106699999778e+01
1.891945945899999870e+01,-3.363123370899999998e+01,-5.029531441099999967e+01,-2.503856171199999991e+01,-3.251617161299999736e+01,-2.556733426199999926e+01
1.893946946899999872e+01,-4.218937134600000149e+01,-5.065526881400000292e+01,-3.876667260400000004e+01,-3.023708803599999939e+01,-2.201721877399999983e+01
1.895947947899999875e+01,-3.864170844000000216e+01,-3.731278442899999703e+01,-2.660525087299999925e+01,-3.022759893699999978e+01,-3.526243094699999858e+01
1.897948948899999877e+01,-3.002352591900000078e+01,-1.124546871299999928e+01,-2.688998474799999983e+01,-2.884436462600000084e+01,-1.297039994100000015e+01
1.899949949899999879e+01,-3.732395886599999812e+01,-5.494721715499999704e+01,-3.636032428899999758e+01,-2.536607599199999896e+01,-3.048061492500000114e+01
1.901950950999999890e+01,-4.353467950499999972e+01,-5.858127684800000168e+01,-2.304796012199999922e+01,-3.473978107500000334e+01,-2.861474503000000169e+01
1.903951951999999892e+01,-3.822072765499999747e+01,-2.293681882899999991e+01,-1.074693876099999912e+01,-1.863700296600000073e+01,-3.324773010599999878e+01
1.905952952999999894e+01,-5.578049431000000169e+01,-4.838065458100000171e+01,-2.779013422899999952e+01,-2.773354423099999977e+01,-2.657399838599999953e+01
1.907953953999999896e+01,-3.317418081200000302e+01,-5.099958464800000257e+01,-1.509189001300000044e+01,-1.075256922199999998e+01,-3.373143995400000250e+01
1.909954954999999899e+01,-2.851415055600000059e+01,-2.861196351799999960e+01,-1.952534324599999849e+01,-2.218873382399999983e+01,-1.921151621499999962e+01
1.911955955999999901e+01,-3.940635381700000295e+01,-4.389238255899999785e+01,-2.716687472199999931e+01,-4.399171540700000094e+01,-2.626985076900000138e+01
1.913956956999999903e+01,-2.765190050800000066e+01,-2.699906937800000151e+01,-2.632361767300000110e+01,-2.153975727599999956e+01,-2.545575971499999923e+01
1.915957957999999905e+01,-3.240850610799999743e+01,-4.096147720999999819e+01,-2.740302993099999895e+01,-2.800460092200000162e+01,-4.836536807600000287e+01
1.917958958999999908e+01,-3.344899441700000153e+01,-3.264295477999999662e+01,-3.647508589699999959e+01,-3.726004307600000232e+01,-3.709283471999999904e+01
1.919959959999999910e+01,-3.064636751899999823e+01,-2.218226468299999965e+01,-2.084802175300000115e+01,-2.871980022300000002e+01,-2.168732500300000154e+01
1.921960960999999912e+01,-3.171502809600000106e+01,-4.002049326899999926e+01,-2.290557598499999870e+01,-3.513518166400000098e+01,-2.752694672399999831e+01
1.923961961999999914e+01,-4.088459038799999945e+01,-4.963290840799999870e+01,-3.397191912400000291e+01,-3.505440498499999791e+01,-3.259404212599999795e+01
1.925962962999999917e+01,-2.234668911099999988e+01,-4.318045855999999816e+01,-2.960016849999999877e+01,-3.018709054500000022e+01,-3.671672766500000051e+01
1.927963963999999919e+01,-5.882919358899999906e+01,-4.590371551999999866e+01,-3.508877171000000317e+01,-4.383690610099999674e+01,-3.891566570399999847e+01
1.929964964999999921e+01,-3.382525417800000156e+01,-4.584608777500000087e+01,-3.961600489500000322e+01,-3.966440872900000159e+01,-3.727661746599999759e+01
1.931965965999999923e+01,-2.130608420800000147e+01,-3.145866103599999875e+01,-1.808956595500000120e+01,-2.252063884700000074e+01,-3.212382553199999791e+01
1.933966966999999926e+01,-4.159538500899999747e+01,-3.910180374000000114e+01,-3.005788588100000069e+01,-3.661969282500000133e+01,-3.820275894499999936e+01
1.935967967999999928e+01,-4.113110177400000111e+01,-4.333784996400000011e+01,-2.895523819499999973e+01,-2.773902126600000173e+01,-2.754857198099999849e+01
1.937968968999999930e+01,-3.096406163500000019e+01,-3.511283928699999990e+01,-1.496857777199999973e+01,-2.879423232599999949e+01,-1.292502244800000000e+01
1.939969969999999932e+01,-1.176281495499999963e+01,-4.765870350200000161e+01,-2.842817857000000004e+01,-3.289573699999999690e+01,-5.006723628000000303e+01
1.941970970999999935e+01,-4.166598589800000241e+01,-3.718492312499999741e+01,-2.539256604199999856e+01,-2.878389830200000077e+01,-3.278980151599999715e+01
1.943971971999999937e+01,-3.335160762299999959e+01,-4.303914362399999760e+01,-2.796290053599999936e+01,-3.919894478399999826e+01,-2.520054231900000019e+01
1.945972972999999939e+01,-5.921272642400000308e+01,-5.296046466800000019e+01,-2.992274366999999913e+01,-3.393715232400000303e+01,-3.395483785399999732e+01
1.947973973999999941e+01,-3.778728126200000048e+01,-3.443559214300000093e+01,-2.873296401600000038e+01,-4.088873382399999912e+01,-2.246335500800000062e+01
1.949974974999999944e+01,-4.393087273700000139e+01,-3.461696293499999655e+01,-2.013243023500000106e+01,-3.159303913100000116e+01,-3.706888247500000233e+01
1.951975975999999946e+01,-3.914058899999999852e+01,-3.562364224899999954e+01,-2.509704139500000153e+01,-3.667670267900000169e+01,-2.563591515099999896e+01
1.953976976999999948e+01,-4.202350020499999772e+01,-3.321200789400000275e+01,-7.446871207900000122e+00,-1.540930369500000019e+01,-3.643596351999999872e+00
1.955977977999999950e+01,-2.608301977600000043e+01,-3.791141973799999931e+01,-3.754674297599999733e+01,-3.750088533200000285e+01,-6.154294332999999995e+01
1.957978978999999953e+01,-3.941128533900000264e+01,-4.306600757100000010e+01,-6.774582727000000659e+01,-3.985923763200000280e+01,-2.632435973899999837e+01
1.959979979999999955e+01,-2.881656537900000004e+01,-5.368206207899999782e+01,-2.503486181899999963e+01,-3.870047972799999769e+01,-2.554843711999999911e+01
1.961980980999999957e+01,-3.605245973299999918e+01,-3.732835608199999911e+01,-6.062049363999999940e+00,-4.467762547400000273e+01,-2.333567889900000125e+01
1.963981981999999959e+01,-3.330890687299999797e+01,-3.794274142799999794e+01,-3.353560149599999818e+01,-3.531097221200000291e+01,-2.850289055300000030e+01
1.965982982999999962e+01,-5.387166085999999865e+01,-2.950786820200000093e+01,-1.244399347599999928e+01,-1.451496826500000026e+01,-1.698759668599999983e+01
1.967983983999999964e+01,-3.538544009299999971e+01,-4.837996988700000145e+01,-2.450982780900000080e+01,-3.530365979399999787e+01,-4.328982978100000167e+01
1.969984984999999966e+01,-3.746174476899999917e+01,-4.316513099200000170e+01,-3.961292245500000320e+01,-3.573429669400000108e+01,-3.615995564699999676e+01
1.971985985999999968e+01,-2.947200901600000122e+01,-3.470442440899999781e+01,-2.940176872500000016e+01,-3.353544406999999694e+01,-2.640124744899999953e+01
1.973986986999999971e+01,-4.187159258100000159e+01,-3.359609784999999960e+01,-2.648183665499999861e+01,-2.127869598099999848e+01,-2.368904607700000042e+01
1.975987987999999973e+01,-4.846254342600000342e+01,-3.579013102399999724e+01,-2.672179852500000052e+01,-4.064943592600000244e+01,-3.861757745100000250e+01
1.977988988999999975e+01,-3.165885923900000165e+01,-3.622543267799999711e+01,-3.148224046900000062e+01,-3.721475245799999954e+01,-3.180458129499999842e+01
1.979989989999999977e+01,-4.845239839500000301e+01,-5.487480024500000297e+01,-2.404425278600000127e+01,-2.812575930299999882e+01,-3.027718970500000140e+01
1.981990990999999980e+01,-4.166317977899999647e+01,-3.980433747400000044e+01,-1.439852832499999913e+01,-2.542417094900000052e+01,-2.446812200800000170e+01
1.983991991999999982e+01,-2.368213822599999929e+01,-3.181528384399999965e+01,-3.089864597900000120e+01,-2.652837276700000047e+01,-3.474816979999999944e+01
1.985992992999999984e+01,-4.905904139799999797e+01,-4.401034139099999720e+01,-2.608545146799999870e+01,-3.122621559199999908e+01,-3.058690788899999902e+01
1.987993993999999986e+01,-3.033702387499999986e+01,-3.377255079100000046e+01,-3.746099898199999956e+01,-4.074387677400000030e+01,-3.548152475999999922e+01
1.989994994999999989e+01,-5.624739350699999818e+01,-3.789578104499999966e+01,-2.548143012899999960e+01,-3.206922893299999799e+01,-2.420239573299999947e+01
1.991995995999999991e+01,-3.874331131299999953e+01,-4.558678105500000299e+01,-1.090237380599999995e+01,-7.534599638199999561e+00,-2.178443660099999946e+01
1.993996996999999993e+01,-3.487792396700000097e+01,-2.716767654999999948e+01,-3.066194352699999826e+01,-1.942682806599999878e+01,-1.670847515899999891e+01
1.995997997999999995e+01,-2.989762899000000118e+01,-4.601769931100000122e+01,-4.558811991200000335e+01,-4.437616536800000233e+01,-4.416594542699999693e+01
1.997998998999999998e+01,-3.897577991299999667e+01,-6.019644599800000151e+01,-2.486145798400000118e+01,-3.028765490199999988e+01,-3.372312543099999971e+01
2.000000000000000000e+01,-2.995561752200000072e+01,-3.685469835399999994e+01,-3.856969834699999922e+01,-2.788863379200000026e+01,-2.392382081999999954e+01
