freq_GHz,S21_dB,S31_dB,S41_dB,S51_dB,S61_dB
1.000000000000000021e-02,-7.164399242800000422e+01,-9.515815256700000191e+01,-7.622610564699999713e+01,-7.874047652699999844e+01,-8.259345008600000426e+01
3.001001001000000099e-02,-9.715168649999999673e+01,-7.572365624600000444e+01,-9.118475391299999444e+01,-8.022381367600000601e+01,-7.368478370699999402e+01
5.002002002000000003e-02,-7.846257581199999720e+01,-8.518819449100000440e+01,-7.962276592499999595e+01,-8.482920405199999436e+01,-8.128543046199999367e+01
7.003003002999999560e-02,-8.772540632599999810e+01,-8.190712572099999988e+01,-8.603524823799999410e+01,-8.054026628500000129e+01,-7.976509448100000554e+01
9.004004004000000505e-02,-8.498921267100000421e+01,-7.684532375599999909e+01,-8.679801750000000027e+01,-1.003514061199999929e+02,-8.160516986599999711e+01
1.100500500500000006e-01,-8.489122097099999564e+01,-7.962524395900000229e+01,-8.397254947300000083e+01,-8.877758621300000641e+01,-9.068666028399999846e+01
1.300600600600000101e-01,-8.631535142900000324e+01,-8.373108141900000589e+01,-8.215113572799999986e+01,-7.576014547900000196e+01,-7.899848768100000029e+01
1.500700700700000056e-01,-7.841759584300000085e+01,-8.453612139199999831e+01,-8.590713166300000125e+01,-8.711090703000000701e+01,-9.331319582800000489e+01
1.700800800800000012e-01,-7.935769814699999358e+01,-7.870387708600000565e+01,-7.425391838500000574e+01,-8.292328754800000468e+01,-9.151747350399999448e+01
1.900900900899999968e-01,-8.183860104100000399e+01,-7.618735863099999506e+01,-7.269255485499999736e+01,-7.938215185500000359e+01,-7.948921229299999425e+01
2.101001000999999924e-01,-8.631660477500000184e+01,-8.160212432999999521e+01,-8.120533896899999604e+01,-7.637919008199999382e+01,-8.428741021199999750e+01
2.301101101100000157e-01,-8.361977805200000091e+01,-8.402903962000000604e+01,-7.944005317200000604e+01,-8.452062021300000083e+01,-7.471657279599999413e+01
2.501201201200000113e-01,-8.701794468299999608e+01,-8.032216653199999712e+01,-7.734476643799999351e+01,-9.271187821399999507e+01,-9.141630590500000153e+01
2.701301301299999791e-01,-7.584242368499999998e+01,-7.539908554800000218e+01,-7.408199021699999776e+01,-8.017713802400000134e+01,-7.709891389899999581e+01
2.901401401400000024e-01,-8.556963670899999386e+01,-7.798482893899999624e+01,-8.362539413300000035e+01,-8.921222539000000040e+01,-9.769425627299999348e+01
3.101501501499999702e-01,-7.605780965099999946e+01,-7.049986586100000352e+01,-7.849190869199999554e+01,-8.134014080100000399e+01,-7.748825061499999833e+01
3.301601601600000491e-01,-8.427967027399999722e+01,-8.961196011200000555e+01,-8.790743879500000446e+01,-7.524007188299999882e+01,-7.707734735100000023e+01
3.501701701700000169e-01,-8.214217729099999588e+01,-7.850580709499999443e+01,-7.828477227999999855e+01,-7.776329475900000432e+01,-8.727014368899999397e+01
3.701801801799999847e-01,-7.882277983299999846e+01,-7.519081841800000632e+01,-7.168569598999999926e+01,-8.898311575300000698e+01,-7.568218649099999595e+01
3.901901901900000080e-01,-7.743405500800000141e+01,-7.829522806699999649e+01,-7.002515969499999926e+01,-9.034788505800000280e+01,-7.194947031099999890e+01
4.102002001999999758e-01,-7.724195800100000042e+01,-7.661084200099999464e+01,-7.243202336999999602e+01,-7.681136297000000468e+01,-7.844826840400000378e+01
4.302102102099999992e-01,-7.499159648600000594e+01,-8.618174611999999968e+01,-7.314868336899999690e+01,-8.361326243199999908e+01,-7.751106858800000055e+01
4.502202202200000225e-01,-7.440958545499999843e+01,-7.840725827699999684e+01,-7.669564807800000494e+01,-8.330179665500000397e+01,-7.813436654000000203e+01
4.702302302300000458e-01,-7.282639502799999320e+01,-8.240257470299999909e+01,-9.011274366300000338e+01,-8.087168743799999504e+01,-7.315191435399999875e+01
4.902402402400000136e-01,-7.030775157799999420e+01,-7.914847177999999417e+01,-7.092524041999999440e+01,-7.322724707499999397e+01,-7.159608501099999955e+01
5.102502502500000370e-01,-8.132992281100000298e+01,-7.942546492799999669e+01,-6.539893899400000521e+01,-7.324261701700000060e+01,-7.388593399600000566e+01
5.302602602599999493e-01,-7.165587657700000079e+01,-7.522186487899999463e+01,-6.849816804399999626e+01,-7.351411360400000206e+01,-7.004356313200000272e+01
5.502702702699999726e-01,-7.614076996199999314e+01,-7.886299737900000650e+01,-6.041451365700000053e+01,-8.038138592299999630e+01,-7.285205218500000512e+01
5.702802802799999959e-01,-7.832968805100000509e+01,-7.535855947500000696e+01,-5.965710272700000161e+01,-7.613061501299999634e+01,-6.355584511400000025e+01
5.902902902899999082e-01,-8.500875827299999798e+01,-7.477487311800000214e+01,-5.784101820600000110e+01,-6.762038345000000561e+01,-6.117854333900000086e+01
6.103003002999999316e-01,-7.893317963600000553e+01,-7.185897363200000143e+01,-5.337108191699999793e+01,-7.450333499100000267e+01,-6.048062631700000225e+01
6.303103103099999549e-01,-6.588531000999999776e+01,-6.408815538400000378e+01,-5.237740565800000070e+01,-6.412420828000000483e+01,-5.763993050799999907e+01
6.503203203200000893e-01,-6.684389706899999339e+01,-7.745462167700000577e+01,-5.128842975199999898e+01,-7.107768193100000076e+01,-5.640478294700000106e+01
6.703303303300000016e-01,-7.350308370400000513e+01,-6.853910783099999549e+01,-4.893927371600000242e+01,-7.361971370599999887e+01,-5.652000719499999803e+01
6.903403403400000249e-01,-7.212829439600000114e+01,-7.092042580700000087e+01,-4.857258885400000281e+01,-7.859319231400000660e+01,-5.304117752599999847e+01
7.103503503500000482e-01,-6.846986101999999619e+01,-6.308515685500000103e+01,-4.787494434500000295e+01,-6.704204495899999472e+01,-5.145468302999999821e+01
7.303603603599999605e-01,-6.277067760199999924e+01,-6.091347568799999834e+01,-4.893044491100000215e+01,-6.402896843499999591e+01,-5.002260505200000296e+01
7.503703703699999839e-01,-6.610309510199999750e+01,-6.270776724600000307e+01,-5.004660794200000140e+01,-6.736786606299999391e+01,-5.067228107399999715e+01
7.703803803800000072e-01,-6.284590742700000021e+01,-6.111009545699999990e+01,-5.023974309900000179e+01,-6.753871536200000492e+01,-4.837964018699999968e+01
7.903903903900000305e-01,-6.091908181000000155e+01,-6.232803322600000229e+01,-5.017702391800000328e+01,-6.623022351699999888e+01,-4.857800273699999849e+01
8.104004003999999428e-01,-5.925995595100000202e+01,-6.813337670800000012e+01,-5.088494963099999779e+01,-6.323804420999999820e+01,-4.769447307299999750e+01
8.304104104099999661e-01,-5.777274681699999803e+01,-7.129941954699999940e+01,-4.944220561699999905e+01,-5.978031133500000038e+01,-4.827444559799999979e+01
8.504204204199999895e-01,-5.581675325999999870e+01,-6.046535766000000223e+01,-4.920329237199999994e+01,-5.844253787800000310e+01,-4.718142872500000351e+01
8.704304304299999018e-01,-5.733226885100000203e+01,-5.872179666600000303e+01,-4.908147266900000005e+01,-6.081938569100000080e+01,-4.796515531200000027e+01
8.904404404400000361e-01,-5.552378654700000027e+01,-5.731738175400000301e+01,-5.033950690100000003e+01,-6.014852996999999846e+01,-4.767209530699999931e+01
9.104504504500000595e-01,-5.521780914600000045e+01,-5.802124461999999738e+01,-5.057756710299999980e+01,-6.024957603800000072e+01,-4.840484817000000106e+01
9.304604604600000828e-01,-5.770981177899999892e+01,-5.941520898499999959e+01,-5.042685985499999646e+01,-6.334555328799999785e+01,-5.038023996500000123e+01
9.504704704699999951e-01,-5.485575435700000213e+01,-6.046159948300000053e+01,-5.109058226100000155e+01,-6.280255303100000219e+01,-5.037147854100000188e+01
9.704804804800000184e-01,-5.796351796199999740e+01,-6.233128961100000254e+01,-5.092098107199999646e+01,-6.260359279600000093e+01,-5.015047777299999865e+01
9.904904904900000417e-01,-5.848395602800000148e+01,-6.204320079600000071e+01,-5.022926766300000168e+01,-6.534021637700000440e+01,-4.920648662300000353e+01
1.010500500500000065e+00,-6.118588096100000229e+01,-6.540979513700000325e+01,-5.062530949700000349e+01,-6.273932029800000265e+01,-4.911894707199999743e+01
1.030510510500000088e+00,-6.081664004200000306e+01,-6.175417896900000159e+01,-5.133226619599999907e+01,-6.772412040899999397e+01,-5.056907117699999787e+01
1.050520520500000110e+00,-6.235742493000000053e+01,-6.381762905699999777e+01,-5.172267560800000297e+01,-6.314281927700000097e+01,-4.917712871900000238e+01
1.070530530499999911e+00,-6.504594729000000086e+01,-6.746024391000000264e+01,-5.165097083900000285e+01,-6.527038804400000060e+01,-4.839167596200000077e+01
1.090540540499999933e+00,-6.590197895599999356e+01,-6.529853946199999370e+01,-5.141071060699999862e+01,-7.152735718600000325e+01,-4.671924697499999724e+01
1.110550550599999964e+00,-6.874404102799999805e+01,-6.333830529699999801e+01,-4.899020477700000242e+01,-6.847362627699999393e+01,-4.634554393799999872e+01
1.130560560599999986e+00,-6.953752697299999852e+01,-6.230235522800000325e+01,-5.010797414299999986e+01,-6.785224744600000690e+01,-4.532117100399999998e+01
1.150570570600000009e+00,-6.298026037900000063e+01,-6.076197414100000316e+01,-5.107062643399999757e+01,-6.637660678800000369e+01,-4.464500133500000345e+01
1.170580580599999809e+00,-6.163699897899999769e+01,-6.111836177200000009e+01,-5.025477670800000141e+01,-6.868427143099999910e+01,-4.577229106099999711e+01
1.190590590599999832e+00,-6.808558802199999604e+01,-6.507466236599999831e+01,-4.790589249500000335e+01,-6.733720137699999952e+01,-4.464369790199999954e+01
1.210600600599999854e+00,-6.272053327399999745e+01,-6.923899441300000035e+01,-4.811680764999999838e+01,-6.652377891800000498e+01,-4.340653498199999660e+01
1.230610610599999877e+00,-6.984244943100000569e+01,-6.935921797400000344e+01,-4.708324544999999972e+01,-6.693365124299999991e+01,-4.181683348600000016e+01
1.250620620599999899e+00,-6.088339601799999912e+01,-7.015322546900000589e+01,-4.624111828200000218e+01,-6.138545447100000274e+01,-4.121260524400000236e+01
1.270630630599999922e+00,-5.756942010699999912e+01,-6.722276209199999641e+01,-4.507238750500000179e+01,-5.882843086999999827e+01,-4.026520725599999651e+01
1.290640640599999944e+00,-5.799731151499999982e+01,-6.593622715499999742e+01,-4.472652982000000321e+01,-6.124081000900000049e+01,-4.008820229900000243e+01
1.310650650699999975e+00,-5.895412869500000141e+01,-6.081640209599999736e+01,-4.433354922099999840e+01,-6.119815996500000210e+01,-3.993731879199999923e+01
1.330660660699999998e+00,-5.764617638899999719e+01,-6.018556735899999666e+01,-4.436825189799999691e+01,-5.833230614899999722e+01,-3.945669438400000217e+01
1.350670670700000020e+00,-5.853998475699999915e+01,-5.488468649499999685e+01,-4.451694193299999824e+01,-5.940826114699999749e+01,-3.908813727799999782e+01
1.370680680700000043e+00,-5.969761465999999928e+01,-5.386347499499999714e+01,-4.433520603299999863e+01,-5.766445806400000151e+01,-3.807583566400000308e+01
1.390690690700000065e+00,-5.430294578400000205e+01,-5.372158658499999717e+01,-4.247611327999999986e+01,-5.714489987799999682e+01,-3.722310018799999654e+01
1.410700700700000088e+00,-5.284475625999999693e+01,-5.271588860600000004e+01,-4.133917297800000057e+01,-5.551921404200000154e+01,-3.639138673699999771e+01
1.430710710700000110e+00,-5.220941903700000353e+01,-5.700985357900000139e+01,-4.037307613499999803e+01,-5.236176623400000096e+01,-3.541348056199999661e+01
1.450720720700000133e+00,-4.970655991200000301e+01,-5.784329318999999714e+01,-3.992048231399999736e+01,-5.468565755600000244e+01,-3.480820366500000063e+01
1.470730730700000155e+00,-4.747510437900000113e+01,-5.463609006600000129e+01,-3.986323276899999968e+01,-5.732697422399999709e+01,-3.407293808000000013e+01
1.490740740699999956e+00,-4.704161138799999975e+01,-5.478424295500000341e+01,-3.935231425399999949e+01,-5.895067665300000215e+01,-3.309505765899999830e+01
1.510750750799999986e+00,-4.702409463099999698e+01,-5.334882954100000063e+01,-3.756955749499999797e+01,-5.942355863899999946e+01,-3.198087819899999928e+01
1.530760760800000009e+00,-4.681777836500000234e+01,-5.465334117100000100e+01,-3.615686412099999814e+01,-6.125683217299999939e+01,-3.094643642200000144e+01
1.550770770800000031e+00,-4.664594244900000319e+01,-6.255882675200000165e+01,-3.520588626400000010e+01,-5.544447044999999719e+01,-3.015889217699999847e+01
1.570780780800000054e+00,-4.504234954700000060e+01,-5.649694191599999726e+01,-3.459886011700000097e+01,-5.455926143500000336e+01,-2.954978024700000105e+01
1.590790790799999854e+00,-4.487533587000000068e+01,-5.297074812799999677e+01,-3.384111242800000241e+01,-5.074016598899999764e+01,-2.944920334000000040e+01
1.610800800799999877e+00,-4.402100467599999689e+01,-4.998156619400000267e+01,-3.343799087899999734e+01,-5.127492860899999982e+01,-2.958290370899999999e+01
1.630810810799999899e+00,-4.292049316599999997e+01,-4.783648651000000029e+01,-3.211771423999999797e+01,-5.124013568699999865e+01,-2.960725803000000056e+01
1.650820820799999922e+00,-4.243008372399999928e+01,-4.712914822399999792e+01,-3.126546100599999889e+01,-4.904152199800000034e+01,-2.946155364499999862e+01
1.670830830799999944e+00,-4.307963411899999784e+01,-4.758376891199999648e+01,-3.038937685799999855e+01,-4.873126308999999878e+01,-2.873685346299999921e+01
1.690840840799999967e+00,-4.448754570500000227e+01,-4.730773024799999860e+01,-2.935597918999999933e+01,-5.023355119200000019e+01,-2.835275737599999957e+01
1.710850850899999998e+00,-4.279247552900000073e+01,-4.447297920999999832e+01,-2.874322809699999937e+01,-5.480410331800000279e+01,-2.793281309900000053e+01
1.730860860900000020e+00,-4.400538326699999914e+01,-4.389257025799999923e+01,-2.879406428600000112e+01,-6.042260878799999801e+01,-2.784126515899999887e+01
1.750870870900000043e+00,-4.185915554700000030e+01,-4.616515239600000342e+01,-2.997728815900000043e+01,-5.587104369099999701e+01,-2.794082230700000125e+01
1.770880880900000065e+00,-4.151456546200000020e+01,-4.767289456299999983e+01,-3.042685206399999842e+01,-5.356370791799999864e+01,-2.831388594299999895e+01
1.790890890900000088e+00,-4.242689313300000009e+01,-4.650362651999999741e+01,-3.082426588199999884e+01,-5.504309282300000206e+01,-2.906154362399999869e+01
1.810900900900000110e+00,-4.325961187200000069e+01,-4.789664985000000286e+01,-3.171678850199999999e+01,-6.159456770999999975e+01,-2.972088776000000010e+01
1.830910910900000133e+00,-4.610036104400000312e+01,-4.896923148500000167e+01,-3.260905164999999784e+01,-6.901577025900000706e+01,-3.073287702700000068e+01
1.850920920900000155e+00,-4.907599325999999706e+01,-5.107792681499999787e+01,-3.350378071099999744e+01,-6.825598298100000250e+01,-3.181714014699999993e+01
1.870930930900000178e+00,-5.092541761500000064e+01,-5.377812564999999978e+01,-3.424448008800000309e+01,-6.880042146799999614e+01,-3.276765980900000130e+01
1.890940940900000200e+00,-5.236467505200000261e+01,-5.903467306200000309e+01,-3.423035490099999834e+01,-6.970271361099999297e+01,-3.359061505500000067e+01
1.910950951000000009e+00,-5.289737865600000077e+01,-5.529085051599999900e+01,-3.445479373900000297e+01,-5.901670801400000244e+01,-3.415938309399999895e+01
1.930960961000000031e+00,-5.161768808000000064e+01,-5.317759418499999668e+01,-3.422369615299999879e+01,-5.621285564699999782e+01,-3.356666836400000165e+01
1.950970971000000054e+00,-4.962008563599999889e+01,-5.260942383900000152e+01,-3.389958348900000118e+01,-5.957186450599999716e+01,-3.274473065899999824e+01
1.970980981000000076e+00,-4.969260212999999737e+01,-5.216116024200000112e+01,-3.390095671400000299e+01,-6.121226189200000078e+01,-3.156940063700000110e+01
1.990990991000000099e+00,-4.928086005600000163e+01,-5.555756487899999740e+01,-3.447111787699999752e+01,-6.752628515400000708e+01,-3.151382203700000062e+01
2.011001000999999899e+00,-4.936171408999999954e+01,-5.298754716100000195e+01,-3.462373543500000039e+01,-7.208294421700000498e+01,-3.122662662999999839e+01
2.031011010999999922e+00,-4.901355777300000227e+01,-5.489365739299999802e+01,-3.497538919499999821e+01,-5.971094528900000142e+01,-3.124895714199999830e+01
2.051021020999999944e+00,-4.921976152500000268e+01,-5.528805112199999883e+01,-3.479003004399999810e+01,-5.904027294600000175e+01,-3.124088183699999988e+01
2.071031030999999967e+00,-5.116108168899999953e+01,-5.292171987799999755e+01,-3.448197150400000055e+01,-6.500065819200000305e+01,-3.177570820500000082e+01
2.091041040999999989e+00,-5.167165849399999900e+01,-5.394406976100000151e+01,-3.356723046599999805e+01,-6.236336426799999799e+01,-3.206785805700000225e+01
2.111051051100000020e+00,-5.243035935099999989e+01,-5.389226345400000184e+01,-3.350667743799999698e+01,-5.920365054300000196e+01,-3.230066750900000017e+01
2.131061061100000043e+00,-5.094839306899999798e+01,-5.815065405600000048e+01,-3.371581067599999670e+01,-5.708644309400000338e+01,-3.236580157600000263e+01
2.151071071100000065e+00,-5.129678033500000112e+01,-5.755808795699999791e+01,-3.375267819900000177e+01,-5.644259644499999951e+01,-3.239947024199999959e+01
2.171081081100000088e+00,-4.990766975500000058e+01,-6.001666044600000305e+01,-3.347580933999999786e+01,-5.808249246999999826e+01,-3.275915016999999807e+01
2.191091091100000110e+00,-4.923323786299999938e+01,-5.602396032600000098e+01,-3.322799062699999695e+01,-5.773192798299999851e+01,-3.304360204399999645e+01
2.211101101099999688e+00,-4.959914659700000072e+01,-5.574027143600000045e+01,-3.317570909500000198e+01,-5.976966857899999752e+01,-3.334918374099999738e+01
2.231111111099999711e+00,-5.015567140999999651e+01,-5.201481187299999931e+01,-3.311717727100000275e+01,-5.965132394900000179e+01,-3.372771401199999985e+01
2.251121121099999733e+00,-5.017155058200000184e+01,-5.004833994799999886e+01,-3.322881112799999670e+01,-6.475404306599999416e+01,-3.398926575499999814e+01
2.271131131099999756e+00,-5.084928208099999836e+01,-5.169889852899999738e+01,-3.392317583999999897e+01,-5.824857600299999660e+01,-3.488466619999999807e+01
2.291141141099999778e+00,-5.164033357800000346e+01,-5.187442935400000010e+01,-3.404410707699999961e+01,-5.546461892599999999e+01,-3.512136713400000332e+01
2.311151151199999809e+00,-5.274468633000000040e+01,-5.428146857299999795e+01,-3.422270257600000321e+01,-5.830667038600000041e+01,-3.524127887200000231e+01
2.331161161199999832e+00,-5.256141010300000005e+01,-5.599978474200000278e+01,-3.405313712899999956e+01,-5.393343243900000061e+01,-3.447740162000000197e+01
2.351171171199999854e+00,-5.143368003799999855e+01,-6.075971717800000249e+01,-3.340136842700000130e+01,-5.467143026000000106e+01,-3.271805065699999915e+01
2.371181181199999877e+00,-5.184601852000000122e+01,-5.445104393999999814e+01,-3.291052455900000240e+01,-5.593820647700000137e+01,-3.114323784600000167e+01
2.391191191199999899e+00,-5.194056100299999912e+01,-5.028208569800000305e+01,-3.286179499200000009e+01,-5.510314616000000143e+01,-3.017870533500000008e+01
2.411201201199999922e+00,-5.372082013899999708e+01,-5.203757816400000280e+01,-3.300401565399999981e+01,-5.344146708899999965e+01,-3.001170466299999973e+01
2.431211211199999944e+00,-5.340504064699999986e+01,-5.171632409499999739e+01,-3.304059313700000189e+01,-5.295975015199999802e+01,-2.997934604399999969e+01
2.451221221199999967e+00,-5.230069642699999832e+01,-5.196493792999999783e+01,-3.246551687499999872e+01,-5.458745635900000082e+01,-2.977258726399999844e+01
2.471231231199999989e+00,-5.169483488899999912e+01,-5.042138308399999858e+01,-3.260125340799999805e+01,-6.079143141200000144e+01,-3.009325309200000120e+01
2.491241241200000012e+00,-5.169997528700000089e+01,-4.996944656099999804e+01,-3.245176853800000316e+01,-5.364239370300000331e+01,-3.026651632800000158e+01
2.511251251300000042e+00,-5.051809379699999880e+01,-4.984232396499999851e+01,-3.283214439799999695e+01,-5.346784073100000256e+01,-3.051721970399999861e+01
2.531261261300000065e+00,-4.965978027300000264e+01,-5.005140120299999751e+01,-3.341076851700000105e+01,-5.906738216600000158e+01,-3.091947953200000043e+01
2.551271271300000087e+00,-5.597953540200000333e+01,-4.990866785800000116e+01,-3.396595066199999735e+01,-5.730184668599999753e+01,-3.174190083199999890e+01
2.571281281300000110e+00,-5.453758209099999732e+01,-4.801809553399999686e+01,-3.464330110899999937e+01,-6.394994979500000198e+01,-3.255255254200000081e+01
2.591291291300000132e+00,-5.418500603500000068e+01,-4.661189362300000028e+01,-3.536458033000000256e+01,-5.722648145099999795e+01,-3.317146983199999966e+01
2.611301301300000155e+00,-5.667895150700000073e+01,-4.578992070500000011e+01,-3.621260476100000147e+01,-5.151147946399999711e+01,-3.375801042599999846e+01
2.631311311300000177e+00,-5.581834758400000140e+01,-4.508055785100000179e+01,-3.642313483600000268e+01,-5.025573288199999666e+01,-3.391137995100000069e+01
2.651321321300000200e+00,-5.332707929000000036e+01,-4.516340808100000004e+01,-3.722066953299999881e+01,-5.080737993900000049e+01,-3.422554181400000317e+01
2.671331331300000222e+00,-5.145964897700000051e+01,-4.536961392700000317e+01,-3.797767139500000155e+01,-5.298156700500000227e+01,-3.429451083299999681e+01
2.691341341300000245e+00,-5.211990764499999784e+01,-4.497991953900000084e+01,-3.831585488999999711e+01,-5.294750918700000142e+01,-3.420265636500000284e+01
2.711351351400000276e+00,-5.500308274500000039e+01,-4.391887355200000087e+01,-3.913095288000000238e+01,-5.335339836299999661e+01,-3.321684773700000193e+01
2.731361361400000298e+00,-5.704059441300000088e+01,-4.519611516300000176e+01,-3.974625694200000225e+01,-5.406964513999999866e+01,-3.278042026899999684e+01
2.751371371399999877e+00,-5.399412826199999671e+01,-4.480359545700000012e+01,-4.101858531799999952e+01,-5.417191669000000331e+01,-3.230401373299999790e+01
2.771381381399999899e+00,-5.412867566900000327e+01,-4.514815301499999833e+01,-4.121677207599999804e+01,-5.530040845500000302e+01,-3.215807768599999861e+01
2.791391391399999922e+00,-5.431209575999999828e+01,-4.600461351100000229e+01,-4.045693489899999662e+01,-5.801527288599999821e+01,-3.231895022199999801e+01
2.811401401399999944e+00,-5.644984693899999684e+01,-4.546419157500000097e+01,-3.961748248300000341e+01,-5.961474393000000305e+01,-3.208256537999999836e+01
2.831411411399999967e+00,-5.442579170300000158e+01,-4.515290609699999891e+01,-3.878472264199999842e+01,-5.823194562700000176e+01,-3.203169758399999978e+01
2.851421421399999989e+00,-5.752901326599999976e+01,-4.543827814000000132e+01,-3.872111344199999650e+01,-5.214528093999999925e+01,-3.217602335200000141e+01
2.871431431400000012e+00,-5.502091994700000299e+01,-4.401751752100000203e+01,-3.840023364500000014e+01,-5.240096614499999816e+01,-3.262944882899999754e+01
2.891441441400000034e+00,-5.499293565300000353e+01,-4.411505212400000175e+01,-3.862257947500000199e+01,-5.114599250900000271e+01,-3.250620459200000312e+01
2.911451451500000065e+00,-5.868364493299999651e+01,-4.466247618799999941e+01,-3.878361551100000071e+01,-5.243491281699999718e+01,-3.226834587500000140e+01
2.931461461500000087e+00,-5.448171479599999856e+01,-4.482123006300000156e+01,-3.895322127899999742e+01,-5.125840903999999654e+01,-3.203913837399999665e+01
2.951471471500000110e+00,-5.781401288299999663e+01,-4.823995525899999848e+01,-3.915075680100000000e+01,-5.246914840800000235e+01,-3.160788741000000002e+01
2.971481481500000132e+00,-5.062222481999999957e+01,-4.706726375600000267e+01,-3.867571998500000063e+01,-5.507381148200000354e+01,-3.149017848400000119e+01
2.991491491500000155e+00,-4.832014344400000283e+01,-4.943074300600000015e+01,-3.886327853099999885e+01,-5.439711193200000139e+01,-3.114851550899999921e+01
3.011501501500000177e+00,-4.869867185300000045e+01,-4.613162901999999832e+01,-3.721787597299999817e+01,-5.216995254599999754e+01,-3.090860230799999897e+01
3.031511511500000200e+00,-4.722266728799999669e+01,-4.524757206099999962e+01,-3.640486516899999714e+01,-5.490980951000000232e+01,-3.026298678799999919e+01
3.051521521499999778e+00,-4.677393937099999732e+01,-4.557067135300000160e+01,-3.574773381899999691e+01,-5.520267315299999922e+01,-2.981046132199999832e+01
3.071531531499999801e+00,-4.526859324899999848e+01,-4.719901565899999696e+01,-3.509010451999999702e+01,-5.432165065800000292e+01,-2.937014077999999984e+01
3.091541541499999823e+00,-4.467599832399999826e+01,-4.679130118599999832e+01,-3.427389498000000145e+01,-5.686675170299999849e+01,-2.907127934000000025e+01
3.111551551599999854e+00,-4.599970995700000032e+01,-4.862090173800000059e+01,-3.322141231900000236e+01,-5.821986891899999961e+01,-2.880343574400000151e+01
3.131561561599999877e+00,-4.684524473199999761e+01,-5.065600463300000200e+01,-3.303038062400000285e+01,-5.542650219299999748e+01,-2.849204221400000137e+01
3.151571571599999899e+00,-4.980789915599999773e+01,-4.927960778199999936e+01,-3.269065231999999810e+01,-6.340778158199999837e+01,-2.806745271799999841e+01
3.171581581599999922e+00,-5.018235518000000184e+01,-4.999436488399999945e+01,-3.225671329800000109e+01,-6.680974067900000080e+01,-2.755713499599999849e+01
3.191591591599999944e+00,-5.132900072599999675e+01,-5.282859372499999751e+01,-3.212670594200000096e+01,-6.121832974800000216e+01,-2.701635033000000163e+01
3.211601601599999967e+00,-4.787086922200000316e+01,-5.511925638499999991e+01,-3.183655923999999970e+01,-6.368906205100000051e+01,-2.655147133099999834e+01
3.231611611599999989e+00,-4.620565825700000318e+01,-5.097578524400000077e+01,-3.136785111000000015e+01,-6.138228710900000351e+01,-2.588521436199999926e+01
3.251621621600000012e+00,-4.487904339300000345e+01,-4.948688011699999834e+01,-3.090990380999999942e+01,-7.060323627699999349e+01,-2.523320653700000094e+01
3.271631631600000034e+00,-4.518268538699999937e+01,-4.799194984599999714e+01,-3.052776088199999904e+01,-6.529796188900000686e+01,-2.451042298899999849e+01
3.291641641600000057e+00,-4.510109210699999949e+01,-5.105968960799999934e+01,-3.013995539800000145e+01,-6.249584762100000290e+01,-2.391868991999999849e+01
3.311651651699999643e+00,-4.423964723600000326e+01,-4.792231535300000189e+01,-2.953262511499999832e+01,-5.597399393799999956e+01,-2.317807285700000008e+01
3.331661661699999666e+00,-4.352315175100000033e+01,-4.793064647799999989e+01,-2.931824849099999852e+01,-5.743522879799999714e+01,-2.270450614700000003e+01
3.351671671699999688e+00,-4.245739526700000255e+01,-4.823209350199999790e+01,-2.907157686400000074e+01,-5.835150523899999797e+01,-2.210580875899999853e+01
3.371681681699999711e+00,-4.240093342600000170e+01,-4.890861454499999894e+01,-2.898423323400000129e+01,-5.321927670499999863e+01,-2.176088783599999843e+01
3.391691691699999733e+00,-4.530495965699999772e+01,-4.909512837700000176e+01,-2.902028750099999854e+01,-5.292876101000000233e+01,-2.126602474099999895e+01
3.411701701699999756e+00,-4.633390970600000003e+01,-4.613948962900000339e+01,-2.845426050600000067e+01,-5.332369642599999793e+01,-2.097051068600000079e+01
3.431711711699999778e+00,-4.690797312099999772e+01,-4.528801331399999697e+01,-2.842628046700000155e+01,-5.512947925600000332e+01,-2.058198310299999889e+01
3.451721721699999801e+00,-4.842742879800000111e+01,-4.606998803399999787e+01,-2.788164773800000162e+01,-5.570279797700000302e+01,-2.026298085099999824e+01
3.471731731699999823e+00,-4.598561704699999808e+01,-4.501229082300000073e+01,-2.750717243000000067e+01,-5.291873489799999675e+01,-2.002734052399999953e+01
3.491741741699999846e+00,-4.805985040899999916e+01,-4.432148891700000348e+01,-2.713511226099999973e+01,-5.270143358100000341e+01,-1.990906073800000087e+01
3.511751751800000321e+00,-4.865770398699999788e+01,-4.568136823199999696e+01,-2.688366235100000168e+01,-5.454879534599999857e+01,-1.969039780700000009e+01
3.531761761800000343e+00,-4.819881427300000354e+01,-4.496887805600000121e+01,-2.675267603100000002e+01,-5.952541423299999934e+01,-1.981450599400000101e+01
3.551771771800000366e+00,-4.514727559300000337e+01,-4.333233532199999871e+01,-2.634402679100000100e+01,-5.712426520900000071e+01,-1.986133957199999855e+01
3.571781781800000388e+00,-4.717477829900000330e+01,-4.127840503000000183e+01,-2.624984878000000066e+01,-5.234895408599999911e+01,-2.005194150000000164e+01
3.591791791800000411e+00,-4.882787884599999728e+01,-4.024835525900000022e+01,-2.637806763000000032e+01,-5.672315220099999777e+01,-2.041088964300000086e+01
3.611801801799999989e+00,-4.776554144899999699e+01,-3.932769084099999901e+01,-2.639698451900000009e+01,-5.906681703699999986e+01,-2.062658548799999991e+01
3.631811811800000012e+00,-4.799548306100000161e+01,-3.805871193699999822e+01,-2.617011637599999929e+01,-8.427980614099999457e+01,-2.071888530900000092e+01
3.651821821800000034e+00,-4.742660149200000319e+01,-3.792429313200000252e+01,-2.562014026900000019e+01,-6.015627509400000150e+01,-2.103538668999999928e+01
3.671831831800000057e+00,-4.693724910499999936e+01,-3.817206101800000084e+01,-2.555748264700000050e+01,-5.888836626700000210e+01,-2.112895760400000000e+01
3.691841841800000079e+00,-4.583069490599999796e+01,-3.831613797899999696e+01,-2.596892961300000024e+01,-5.403167780300000089e+01,-2.123025550699999897e+01
3.711851851900000110e+00,-4.424041742400000032e+01,-3.874438095899999723e+01,-2.588307710200000145e+01,-5.283618264399999731e+01,-2.135241676200000072e+01
3.731861861900000132e+00,-4.553509975800000120e+01,-3.781871075400000137e+01,-2.570370548200000016e+01,-6.117624181499999736e+01,-2.151983555400000014e+01
3.751871871900000155e+00,-4.546647219199999768e+01,-3.623657363899999950e+01,-2.557112598799999859e+01,-6.448243195599999922e+01,-2.187025324900000101e+01
3.771881881900000177e+00,-4.630593692600000111e+01,-3.585978717100000068e+01,-2.570918044900000154e+01,-5.825411980399999834e+01,-2.208197719600000042e+01
3.791891891900000200e+00,-4.543042741499999693e+01,-3.621869369699999908e+01,-2.649300809800000067e+01,-5.410665534599999660e+01,-2.226988038900000078e+01
3.811901901900000222e+00,-4.536127701600000250e+01,-3.502767762599999912e+01,-2.690063673499999908e+01,-5.576683452000000329e+01,-2.227068745700000107e+01
3.831911911900000245e+00,-4.579127545499999741e+01,-3.347980997500000200e+01,-2.638243202499999995e+01,-5.238229750699999698e+01,-2.250360188300000175e+01
3.851921921900000267e+00,-4.644946040300000334e+01,-3.295274226499999770e+01,-2.631937718700000062e+01,-5.688753959799999649e+01,-2.258917947400000159e+01
3.871931931900000290e+00,-4.532851819300000074e+01,-3.359157699699999711e+01,-2.670634309500000114e+01,-6.209442950900000113e+01,-2.272674788300000159e+01
3.891941941900000312e+00,-4.708231454199999888e+01,-3.358132704100000154e+01,-2.657213418399999938e+01,-5.654694381400000225e+01,-2.278157433599999848e+01
3.911951951999999899e+00,-4.514600326600000102e+01,-3.339641278500000254e+01,-2.650719974600000128e+01,-5.707150774200000143e+01,-2.294801587899999973e+01
3.931961961999999922e+00,-4.407382246400000270e+01,-3.271687643100000287e+01,-2.636956749999999872e+01,-5.853984887000000015e+01,-2.349564628199999916e+01
3.951971971999999944e+00,-4.576000261000000080e+01,-3.198600704000000050e+01,-2.611618649100000056e+01,-5.461022717299999840e+01,-2.366976801899999927e+01
3.971981981999999967e+00,-4.503490811700000052e+01,-3.256035854000000285e+01,-2.638947325399999855e+01,-5.244748122699999726e+01,-2.384549205600000121e+01
3.991991991999999989e+00,-4.341067114799999871e+01,-3.246265283200000340e+01,-2.679896264199999933e+01,-5.531116062400000288e+01,-2.422905637899999931e+01
4.012002002000000012e+00,-4.446843682000000086e+01,-3.203379191599999842e+01,-2.703766800400000037e+01,-5.402713891399999824e+01,-2.434177507100000071e+01
4.032012012000000034e+00,-4.356240248000000292e+01,-3.236121328800000185e+01,-2.721448334300000127e+01,-6.408587737000000573e+01,-2.461715169800000069e+01
4.052022022000000057e+00,-4.334884897100000245e+01,-3.193117125599999895e+01,-2.690890060899999980e+01,-5.721761815299999654e+01,-2.510897760900000009e+01
4.072032032000000079e+00,-4.212369843700000160e+01,-3.225220435500000349e+01,-2.691964458400000026e+01,-5.359640391800000003e+01,-2.531434321800000120e+01
4.092042042000000102e+00,-4.412864606800000189e+01,-3.225963451199999810e+01,-2.773392543799999999e+01,-5.070314466899999672e+01,-2.580124423699999880e+01
4.112052052100000132e+00,-4.243981269100000020e+01,-3.329753109199999983e+01,-2.792079070500000171e+01,-5.100359068699999909e+01,-2.602818363100000099e+01
4.132062062100000155e+00,-4.350500156500000060e+01,-3.321081844399999738e+01,-2.822731665499999920e+01,-5.252608317699999674e+01,-2.628498330200000055e+01
4.152072072100000177e+00,-4.132482377099999837e+01,-3.244676565299999993e+01,-2.843954810900000041e+01,-5.848431864399999824e+01,-2.613170405800000040e+01
4.172082082100000200e+00,-4.200849809399999657e+01,-3.302532789800000046e+01,-2.863508613899999844e+01,-5.870752502700000264e+01,-2.593075289100000091e+01
4.192092092100000222e+00,-4.097231405200000154e+01,-3.381147300599999994e+01,-2.990699083100000166e+01,-5.794139088200000032e+01,-2.582826814099999879e+01
4.212102102100000245e+00,-4.126168993600000334e+01,-3.457763075199999747e+01,-3.146645822199999998e+01,-5.642427100799999806e+01,-2.544749131200000036e+01
4.232112112100000267e+00,-4.125930548499999873e+01,-3.347167991999999970e+01,-3.170189471899999845e+01,-5.353533756899999929e+01,-2.515224592099999867e+01
4.252122122100000290e+00,-4.240828244499999755e+01,-3.211576962800000246e+01,-3.138889730900000075e+01,-6.394279641899999689e+01,-2.427039306500000038e+01
4.272132132100000312e+00,-4.169791169799999864e+01,-3.312271958699999885e+01,-3.163175657000000029e+01,-5.412360997100000048e+01,-2.354964139100000153e+01
4.292142142100000335e+00,-4.360618033299999752e+01,-3.386391856800000255e+01,-3.353411598400000315e+01,-5.659394084000000191e+01,-2.306760604500000156e+01
4.312152152199999477e+00,-4.369280921600000056e+01,-3.345012977999999748e+01,-3.370935415699999993e+01,-5.725507769299999694e+01,-2.247873569100000068e+01
4.332162162199999500e+00,-4.189493574400000142e+01,-3.301885166999999655e+01,-3.360710047999999972e+01,-5.594237746900000019e+01,-2.185848701600000155e+01
4.352172172199999522e+00,-4.273606120600000224e+01,-3.250098325300000113e+01,-3.335447380200000111e+01,-5.803550331699999987e+01,-2.126497877299999928e+01
4.372182182199999545e+00,-4.415612478999999979e+01,-3.297006130100000121e+01,-3.365415885000000173e+01,-5.662298062899999707e+01,-2.058396714399999894e+01
4.392192192199999567e+00,-4.490178256099999743e+01,-3.240327620499999739e+01,-3.519512155799999675e+01,-5.565000715299999712e+01,-2.028549200599999836e+01
4.412202202199999590e+00,-4.330767074500000291e+01,-3.258109117699999757e+01,-3.608855504499999967e+01,-5.683830725800000039e+01,-1.994510710599999825e+01
4.432212212199999612e+00,-4.323111357100000163e+01,-3.271242065900000284e+01,-3.542161404600000196e+01,-8.187604849000000229e+01,-1.936882323600000078e+01
4.452222222199999635e+00,-4.272114919399999877e+01,-3.151544143299999945e+01,-3.432803481700000248e+01,-5.364637231199999690e+01,-1.903718735300000020e+01
4.472232232199999657e+00,-4.263507058199999733e+01,-3.194413881499999874e+01,-3.413300545799999952e+01,-5.254304030400000158e+01,-1.869580221000000009e+01
4.492242242199999680e+00,-4.112691567299999917e+01,-3.182974205100000020e+01,-3.595902260799999794e+01,-4.964710210300000170e+01,-1.844719653699999995e+01
4.512252252300000599e+00,-4.069410091499999993e+01,-3.167735431299999860e+01,-3.511593860299999648e+01,-5.524732342800000140e+01,-1.811932664800000126e+01
4.532262262300000621e+00,-4.130480854799999690e+01,-3.131649138899999940e+01,-3.360000350300000349e+01,-5.057497574199999946e+01,-1.795858932899999871e+01
4.552272272299999756e+00,-4.183904944999999742e+01,-3.187231206199999889e+01,-3.289533791800000273e+01,-5.006216871000000168e+01,-1.772962907899999863e+01
4.572282282299999778e+00,-4.087637623500000217e+01,-3.124683529900000067e+01,-3.333128821799999741e+01,-4.929195069899999737e+01,-1.764135422700000078e+01
4.592292292299999801e+00,-4.043025244799999740e+01,-3.073238655000000108e+01,-3.460935313699999938e+01,-4.679587982099999977e+01,-1.770063950200000136e+01
4.612302302299999823e+00,-3.962674263600000302e+01,-3.120066627199999942e+01,-3.350940660399999871e+01,-4.803559817600000059e+01,-1.773128767200000055e+01
4.632312312299999846e+00,-3.951564879099999672e+01,-3.068339444600000121e+01,-3.224391821300000061e+01,-4.715190391400000181e+01,-1.777744302900000051e+01
4.652322322299999868e+00,-4.016972802099999740e+01,-3.048920961099999971e+01,-3.164851170300000049e+01,-4.434172693200000026e+01,-1.779823986599999941e+01
4.672332332299999891e+00,-4.012136246800000094e+01,-3.013222196299999922e+01,-3.140617141799999956e+01,-4.367936562599999917e+01,-1.786468526699999870e+01
4.692342342299999913e+00,-4.167199750099999989e+01,-2.985019062399999967e+01,-3.055584367399999834e+01,-4.389949256599999927e+01,-1.810072109300000065e+01
4.712352352399999944e+00,-4.208412230799999776e+01,-2.978635690200000141e+01,-2.972343828700000046e+01,-4.513590862800000281e+01,-1.819321034200000042e+01
4.732362362399999967e+00,-4.152045705399999775e+01,-2.984093439500000144e+01,-2.898090810100000070e+01,-4.448458261399999714e+01,-1.859941303500000132e+01
4.752372372399999989e+00,-4.081014281400000243e+01,-2.966376741299999864e+01,-2.832203378499999857e+01,-4.365432747599999885e+01,-1.872336480199999897e+01
4.772382382400000012e+00,-4.096327649300000218e+01,-2.913558997100000170e+01,-2.869597596999999922e+01,-4.572012703099999698e+01,-1.899720006800000149e+01
4.792392392400000034e+00,-4.414104401099999819e+01,-2.941168229000000167e+01,-2.754655294899999873e+01,-4.391458336400000206e+01,-1.920711418599999831e+01
4.812402402400000057e+00,-4.445667257099999858e+01,-2.914423095400000108e+01,-2.755257492300000166e+01,-4.391267273199999721e+01,-1.955912248599999970e+01
4.832412412399999191e+00,-4.550718540500000131e+01,-2.963607452300000134e+01,-2.756843328600000120e+01,-4.602240551300000249e+01,-1.963263671500000029e+01
4.852422422399999213e+00,-4.859901708499999984e+01,-3.001886930099999873e+01,-2.692159045700000064e+01,-4.292688456300000155e+01,-1.989443841900000010e+01
4.872432432399999236e+00,-5.386080542999999921e+01,-3.021561453400000019e+01,-2.678244576000000166e+01,-4.435318894899999975e+01,-2.017775146399999997e+01
4.892442442399999258e+00,-5.698714477899999764e+01,-3.088818159999999935e+01,-2.644063590500000061e+01,-4.365355050600000197e+01,-2.026200516300000132e+01
4.912452452500000177e+00,-5.080878817899999689e+01,-3.078282913099999973e+01,-2.600525224900000154e+01,-4.493733929300000085e+01,-2.035759721100000164e+01
4.932462462500000200e+00,-4.773882381199999969e+01,-3.148192380900000131e+01,-2.620323182399999951e+01,-4.540955837300000297e+01,-2.057739514100000022e+01
4.952472472500000222e+00,-4.563947000800000353e+01,-3.239655517399999951e+01,-2.608930436800000052e+01,-4.476647323800000322e+01,-2.069092667099999971e+01
4.972482482500000245e+00,-4.919638069999999885e+01,-3.272861573000000135e+01,-2.611727227700000142e+01,-4.605382790099999823e+01,-2.077537601399999900e+01
4.992492492500000267e+00,-4.422785115399999967e+01,-3.277722849599999932e+01,-2.594268053500000093e+01,-4.513459812100000335e+01,-2.087352876899999998e+01
5.012502502500000290e+00,-4.074523676399999772e+01,-3.307856694899999894e+01,-2.569122307499999991e+01,-4.426366550699999891e+01,-2.118202480600000115e+01
5.032512512500000312e+00,-3.869647450299999747e+01,-3.504014920499999874e+01,-2.564787530799999971e+01,-4.651920627700000210e+01,-2.118460470599999823e+01
5.052522522500000335e+00,-3.879408943699999668e+01,-3.635532223199999891e+01,-2.566881611299999832e+01,-4.847811419199999960e+01,-2.152360665599999834e+01
5.072532532500000357e+00,-3.752371713000000142e+01,-3.797548664100000337e+01,-2.572920583100000158e+01,-4.855989093200000184e+01,-2.170396136000000098e+01
5.092542542500000380e+00,-3.611177471500000280e+01,-3.815156339100000338e+01,-2.567683868299999972e+01,-4.952019337800000187e+01,-2.187251210299999826e+01
5.112552552600000411e+00,-3.625213306100000210e+01,-4.024328521399999659e+01,-2.574129519099999897e+01,-5.476414237800000251e+01,-2.197896854000000033e+01
5.132562562600000433e+00,-3.650647662699999785e+01,-4.537478461799999963e+01,-2.583808206200000157e+01,-4.993462180499999903e+01,-2.214015089800000169e+01
5.152572572600000456e+00,-3.620440145799999954e+01,-5.141634465500000317e+01,-2.603632968899999867e+01,-4.774092676499999754e+01,-2.204514368199999907e+01
5.172582582600000478e+00,-3.525148828799999734e+01,-5.166300769499999745e+01,-2.624325749300000155e+01,-4.944427713799999680e+01,-2.219726484999999983e+01
5.192592592600000501e+00,-3.570355304699999976e+01,-4.906771915200000223e+01,-2.670450577900000155e+01,-5.321536597800000123e+01,-2.226625746499999892e+01
5.212602602600000523e+00,-3.537885922200000266e+01,-4.911963781899999759e+01,-2.704481302599999992e+01,-4.822792225999999971e+01,-2.241901424899999995e+01
5.232612612600000546e+00,-3.579475191099999876e+01,-4.472599121500000052e+01,-2.698573593500000101e+01,-5.058697144500000320e+01,-2.253595654300000106e+01
5.252622622600000568e+00,-3.498974134400000224e+01,-4.311007341100000190e+01,-2.749654505699999874e+01,-5.282087073000000288e+01,-2.236077685100000068e+01
5.272632632600000591e+00,-3.411835846099999969e+01,-4.030395121600000152e+01,-2.788748499900000155e+01,-5.630098256699999837e+01,-2.244004403299999950e+01
5.292642642600000613e+00,-3.629679141199999748e+01,-4.130408432800000185e+01,-2.792175430100000000e+01,-4.826338857799999715e+01,-2.231431171599999885e+01
5.312652652699999756e+00,-3.686066398399999855e+01,-3.867781075799999968e+01,-2.837401881799999970e+01,-5.640503477400000065e+01,-2.238351756300000162e+01
5.332662662699999778e+00,-3.681540649800000153e+01,-3.993958017399999960e+01,-2.871851315600000021e+01,-4.796237732600000214e+01,-2.256932411000000016e+01
5.352672672699999801e+00,-3.713737794400000070e+01,-3.843640819099999817e+01,-2.832874689399999824e+01,-5.045615649399999825e+01,-2.243583957799999951e+01
5.372682682699999823e+00,-3.808055597900000322e+01,-3.799534561600000160e+01,-2.940970194200000165e+01,-4.878176056299999885e+01,-2.244071685500000157e+01
5.392692692699999846e+00,-4.114141178300000234e+01,-3.753387977100000228e+01,-3.019758072600000176e+01,-4.699139594199999692e+01,-2.258984188299999829e+01
5.412702702699999868e+00,-4.229171798299999807e+01,-3.815548113900000260e+01,-3.175355577299999865e+01,-4.829984908400000165e+01,-2.266552852899999948e+01
5.432712712699999891e+00,-4.297936636800000088e+01,-3.818890344999999797e+01,-3.112320674000000054e+01,-5.083354529500000041e+01,-2.244923937000000080e+01
5.452722722699999913e+00,-4.699160002400000025e+01,-4.087749330300000139e+01,-3.152667702300000130e+01,-5.597712784800000207e+01,-2.222375720999999871e+01
5.472732732699999936e+00,-4.683692147200000022e+01,-4.085817534800000317e+01,-3.218008908299999860e+01,-4.822404319299999997e+01,-2.253015926000000135e+01
5.492742742699999958e+00,-4.584795181399999819e+01,-3.980322724599999873e+01,-3.330225618200000071e+01,-5.249826215800000284e+01,-2.257579999700000073e+01
5.512752752799999989e+00,-4.725546565399999821e+01,-4.061317377099999959e+01,-3.333828811400000092e+01,-5.156828138099999848e+01,-2.259265277900000157e+01
5.532762762800000012e+00,-5.013327876299999986e+01,-4.427093683399999691e+01,-3.430736100699999724e+01,-4.985822046700000243e+01,-2.276716713500000111e+01
5.552772772800000034e+00,-4.242863176299999850e+01,-4.355699526600000127e+01,-3.355093249600000149e+01,-5.104894785399999790e+01,-2.278043295599999851e+01
5.572782782800000057e+00,-3.867237650900000290e+01,-4.086168602499999736e+01,-3.376773334599999998e+01,-5.248955749499999968e+01,-2.277550132100000013e+01
5.592792792800000079e+00,-3.551003992700000111e+01,-4.279279609400000339e+01,-3.447192561899999674e+01,-5.518839674499999859e+01,-2.324488092200000011e+01
5.612802802800000102e+00,-3.449745750799999655e+01,-4.436192248700000107e+01,-3.578741323900000282e+01,-4.764465702999999763e+01,-2.299491474199999885e+01
5.632812812800000124e+00,-3.321712154899999803e+01,-4.327896288499999855e+01,-3.530304173300000059e+01,-4.905840323099999978e+01,-2.331702792800000168e+01
5.652822822800000147e+00,-3.150327270100000021e+01,-4.291208720099999852e+01,-3.590254309800000243e+01,-4.818342641800000337e+01,-2.355693416400000118e+01
5.672832832800000169e+00,-2.983218849700000064e+01,-4.389602786799999734e+01,-3.641971591499999761e+01,-5.320302225100000015e+01,-2.330379285400000100e+01
5.692842842800000192e+00,-2.891986679000000038e+01,-4.362556588700000049e+01,-3.828880645099999924e+01,-4.663052386100000035e+01,-2.327989576999999954e+01
5.712852852899999334e+00,-2.846891689299999939e+01,-4.754291339800000316e+01,-3.778403921999999682e+01,-4.453148294900000081e+01,-2.375074206800000098e+01
5.732862862899999357e+00,-2.829007100899999827e+01,-5.211442332800000088e+01,-4.080360822499999784e+01,-4.468828464700000325e+01,-2.368199221500000107e+01
5.752872872899999379e+00,-2.694234732600000015e+01,-4.288762630299999756e+01,-4.057007075399999962e+01,-4.377771875700000237e+01,-2.409826599299999828e+01
5.772882882899999402e+00,-2.721479569999999981e+01,-5.617644202500000006e+01,-4.256257532499999741e+01,-4.310088531099999898e+01,-2.460058629999999980e+01
5.792892892899999424e+00,-2.750149253600000065e+01,-4.574543199600000065e+01,-4.437371462299999791e+01,-4.420715906499999903e+01,-2.533501429800000082e+01
5.812902902899999447e+00,-2.667505116699999945e+01,-4.153176143599999648e+01,-4.805636823799999746e+01,-4.620422343300000279e+01,-2.584965287600000039e+01
5.832912912899999469e+00,-2.664159176100000082e+01,-3.744282980500000235e+01,-4.806719637300000159e+01,-4.402176582300000263e+01,-2.711708718499999904e+01
5.852922922899999492e+00,-2.634646887299999918e+01,-3.778196854400000149e+01,-4.868570104100000151e+01,-4.531784338500000331e+01,-2.850845279400000010e+01
5.872932932899999514e+00,-2.614039262500000049e+01,-3.832512125299999894e+01,-4.921912470600000233e+01,-4.391115763500000213e+01,-2.984224588900000086e+01
5.892942942899999537e+00,-2.611161630699999847e+01,-3.744592735599999855e+01,-4.579694549100000245e+01,-4.417527468000000113e+01,-3.179985682299999894e+01
5.912952952999999567e+00,-2.628937166100000056e+01,-3.440714583199999765e+01,-4.326421728799999755e+01,-4.521403619200000179e+01,-3.388944115599999662e+01
5.932962962999999590e+00,-2.588655185400000036e+01,-3.479082195200000172e+01,-3.967547741199999933e+01,-4.340308917200000138e+01,-3.535601850500000154e+01
5.952972972999999612e+00,-2.611070785700000130e+01,-3.406010473399999938e+01,-3.793101675300000153e+01,-4.648386793299999908e+01,-3.640626041600000207e+01
5.972982982999999635e+00,-2.562521890200000030e+01,-3.237399283300000263e+01,-3.546662471399999816e+01,-4.706191470200000282e+01,-3.584201506400000170e+01
5.992992992999999657e+00,-2.569500123999999985e+01,-3.279217869499999694e+01,-3.410958045900000002e+01,-5.009712793900000349e+01,-3.492689832599999988e+01
6.013003002999999680e+00,-2.565727755400000021e+01,-3.204895560399999965e+01,-3.244763688799999812e+01,-4.648731454100000349e+01,-3.426652525699999785e+01
6.033013012999999702e+00,-2.571261108399999884e+01,-3.230916635599999864e+01,-3.095665062300000159e+01,-4.567662160100000079e+01,-3.251451481099999796e+01
6.053023022999999725e+00,-2.554833625999999924e+01,-3.168545058100000134e+01,-2.989594385499999873e+01,-4.803534280000000223e+01,-3.105082862700000135e+01
6.073033032999999747e+00,-2.536997669300000169e+01,-3.171959441399999946e+01,-2.887719639699999874e+01,-4.836033436299999977e+01,-3.078140942299999949e+01
6.093043042999999770e+00,-2.554267000899999829e+01,-3.185750077300000171e+01,-2.794072029299999826e+01,-4.646062190300000339e+01,-2.910070350899999880e+01
6.113053053100000689e+00,-2.527282280000000014e+01,-3.082783904700000122e+01,-2.760932476400000013e+01,-4.674989186399999852e+01,-2.862442757499999857e+01
6.133063063100000711e+00,-2.486408274900000137e+01,-3.148608011399999995e+01,-2.755812956400000147e+01,-4.779222469500000159e+01,-2.754029328300000046e+01
6.153073073100000734e+00,-2.554529542999999947e+01,-3.220688980900000331e+01,-2.718623770700000009e+01,-4.601831672699999842e+01,-2.700638483099999831e+01
6.173083083100000756e+00,-2.524529916599999879e+01,-3.330815914099999731e+01,-2.709371932499999858e+01,-4.338133155700000287e+01,-2.667017614099999889e+01
6.193093093100000779e+00,-2.487402282900000117e+01,-3.437199289200000152e+01,-2.748711151199999847e+01,-4.448512103600000245e+01,-2.647196801100000130e+01
6.213103103100000801e+00,-2.491781728799999840e+01,-3.417560191199999764e+01,-2.732609648000000035e+01,-4.350669027499999686e+01,-2.608499841500000116e+01
6.233113113100000824e+00,-2.477610937400000068e+01,-3.452509724400000124e+01,-2.795372609100000005e+01,-4.573339111199999962e+01,-2.564999893799999953e+01
6.253123123099999958e+00,-2.513593930400000076e+01,-3.588758927100000307e+01,-2.771238490200000015e+01,-4.574966421399999916e+01,-2.535801048100000088e+01
6.273133133099999981e+00,-2.497936807500000000e+01,-3.835516164799999927e+01,-2.827434536699999867e+01,-4.344479559700000237e+01,-2.498640151100000040e+01
6.293143143100000003e+00,-2.503617905200000138e+01,-3.839546400999999776e+01,-2.813876369700000168e+01,-4.654730980200000090e+01,-2.456701964799999871e+01
6.313153153200000034e+00,-2.506992762899999860e+01,-3.758951469099999798e+01,-2.818705971500000018e+01,-4.422752367399999684e+01,-2.410800219800000121e+01
6.333163163200000056e+00,-2.503193193299999919e+01,-4.010503889600000349e+01,-2.846608928299999874e+01,-4.443510981000000015e+01,-2.394860635899999934e+01
6.353173173200000079e+00,-2.521435031000000038e+01,-3.920548566299999749e+01,-2.896388457700000174e+01,-5.220909973700000251e+01,-2.348453553299999896e+01
6.373183183200000101e+00,-2.583832198900000066e+01,-3.913067494999999951e+01,-2.872468141999999958e+01,-4.941784022299999890e+01,-2.346178113599999904e+01
6.393193193200000124e+00,-2.619210960899999918e+01,-3.664934878900000115e+01,-2.848906930600000109e+01,-4.927308853299999925e+01,-2.292340774999999908e+01
6.413203203200000146e+00,-2.654334315999999916e+01,-3.704358713300000261e+01,-2.820888101699999950e+01,-5.267128722799999707e+01,-2.292797733800000159e+01
6.433213213200000169e+00,-2.700342048999999989e+01,-3.850977432399999856e+01,-2.813953765999999845e+01,-4.787108345600000092e+01,-2.294657626100000058e+01
6.453223223200000191e+00,-2.668457161199999916e+01,-3.669458360699999844e+01,-2.748375456400000161e+01,-4.830098660800000232e+01,-2.273894952699999905e+01
6.473233233200000214e+00,-2.800338617799999952e+01,-3.655603403199999946e+01,-2.735970980200000113e+01,-4.838916763499999973e+01,-2.261379087499999940e+01
6.493243243200000236e+00,-2.806471388199999950e+01,-3.679312052200000238e+01,-2.678089606400000022e+01,-4.525983592000000044e+01,-2.260741422899999975e+01
6.513253253300000267e+00,-2.818460526699999846e+01,-3.850643912700000016e+01,-2.647638856300000043e+01,-4.501965863200000229e+01,-2.316964878099999936e+01
6.533263263300000290e+00,-2.942634529800000109e+01,-3.765615731399999788e+01,-2.647259662300000116e+01,-4.386146071699999993e+01,-2.336359339999999918e+01
6.553273273300000312e+00,-2.996201272400000093e+01,-3.852279833800000119e+01,-2.621596173900000082e+01,-4.178632521299999780e+01,-2.262342727400000086e+01
6.573283283300000335e+00,-3.011572209599999894e+01,-3.817729626799999920e+01,-2.600280545400000065e+01,-4.223862751299999729e+01,-2.327375359499999874e+01
6.593293293300000357e+00,-3.057076005500000093e+01,-3.939875036800000174e+01,-2.598246884599999973e+01,-4.060482809100000168e+01,-2.301844268800000037e+01
6.613303303300000380e+00,-3.118651241699999943e+01,-3.932627221100000270e+01,-2.540358146799999872e+01,-4.129853820600000347e+01,-2.314513491599999995e+01
6.633313313300000402e+00,-2.994822517400000095e+01,-3.752657436900000221e+01,-2.503033848899999825e+01,-3.936014147200000224e+01,-2.263309403799999941e+01
6.653323323300000425e+00,-3.069793017599999985e+01,-3.724388173100000188e+01,-2.495224613299999916e+01,-3.853639253400000086e+01,-2.231353986899999953e+01
6.673333333300000447e+00,-3.061437588900000151e+01,-3.722099450200000348e+01,-2.487024022099999954e+01,-3.926538525499999821e+01,-2.177100036699999919e+01
6.693343343300000470e+00,-3.073373233699999929e+01,-3.602919344299999693e+01,-2.497214109500000134e+01,-3.682740855800000190e+01,-2.163806116099999954e+01
6.713353353399999612e+00,-3.054923570000000055e+01,-3.720377422699999670e+01,-2.525145992499999892e+01,-3.933052637600000168e+01,-2.130946368800000101e+01
6.733363363399999635e+00,-3.050993776800000035e+01,-3.750672151500000240e+01,-2.504841999799999996e+01,-3.832250913899999745e+01,-2.087214947200000026e+01
6.753373373399999657e+00,-2.940920234400000055e+01,-3.638716084800000061e+01,-2.532201666899999992e+01,-3.721469186699999909e+01,-2.034635319999999936e+01
6.773383383399999680e+00,-2.968299316499999918e+01,-3.798066510799999662e+01,-2.530807605300000063e+01,-3.680349601599999687e+01,-2.003950327300000112e+01
6.793393393399999702e+00,-2.929320027199999998e+01,-3.650354408599999800e+01,-2.629751410200000095e+01,-3.575057796200000126e+01,-1.966659904899999844e+01
6.813403403399999725e+00,-2.931910669399999847e+01,-3.656963633600000207e+01,-2.711900467199999909e+01,-3.615909321800000242e+01,-1.927684861099999836e+01
6.833413413399999747e+00,-2.867853100900000030e+01,-3.490802204100000239e+01,-2.772705317100000144e+01,-3.513688841500000137e+01,-1.873244371099999839e+01
6.853423423399999770e+00,-2.860476271699999984e+01,-3.459490294900000151e+01,-2.838116315299999926e+01,-3.489962290300000092e+01,-1.833024448300000131e+01
6.873433433399999792e+00,-2.886645071099999882e+01,-3.459599057599999838e+01,-2.932227863800000023e+01,-3.404248052700000216e+01,-1.807318644200000080e+01
6.893443443399999815e+00,-2.805033416399999879e+01,-3.561339374700000349e+01,-3.068204005899999842e+01,-3.453423198000000127e+01,-1.771289857800000078e+01
6.913453453499999846e+00,-2.856387200900000067e+01,-3.467955502299999893e+01,-3.206569490700000102e+01,-3.507425781199999903e+01,-1.750699258799999924e+01
6.933463463499999868e+00,-2.812105555200000140e+01,-3.423703384800000293e+01,-3.454272859900000014e+01,-3.382232107600000148e+01,-1.741265472599999953e+01
6.953473473499999891e+00,-2.822121505899999860e+01,-3.630707904900000216e+01,-3.560599153500000114e+01,-3.357734092599999798e+01,-1.706992340000000041e+01
6.973483483499999913e+00,-2.906435986800000038e+01,-3.721090971400000313e+01,-3.817897599700000200e+01,-3.468072337299999930e+01,-1.707899841000000052e+01
6.993493493499999936e+00,-2.796505438200000171e+01,-3.644892476300000084e+01,-3.675424418899999779e+01,-3.493426204600000062e+01,-1.710595163800000051e+01
7.013503503499999958e+00,-2.808288443000000001e+01,-3.747678937900000307e+01,-3.345342681700000043e+01,-3.498124059500000271e+01,-1.697349324900000056e+01
7.033513513499999981e+00,-2.872024544199999951e+01,-3.839187302399999879e+01,-3.098540407899999849e+01,-3.448595029100000176e+01,-1.717628299300000094e+01
7.053523523500000003e+00,-2.851669647800000007e+01,-4.226660952299999963e+01,-2.960832870300000152e+01,-3.423847037600000220e+01,-1.722330943300000072e+01
7.073533533500000026e+00,-2.837766144100000076e+01,-4.120929653500000001e+01,-2.891296985500000005e+01,-3.510901444200000299e+01,-1.749835569900000110e+01
7.093543543500000048e+00,-2.772021804799999956e+01,-4.294974096300000355e+01,-2.759839864799999987e+01,-3.422843889199999978e+01,-1.783533070100000018e+01
7.113553553600000079e+00,-2.795685509699999827e+01,-4.039804756000000197e+01,-2.637879653999999974e+01,-3.427875106799999827e+01,-1.785614119999999971e+01
7.133563563600000101e+00,-2.690403322099999883e+01,-3.814816179900000037e+01,-2.573497094800000085e+01,-3.466143733700000240e+01,-1.812992098799999852e+01
7.153573573600000124e+00,-2.665144721600000111e+01,-4.252090003899999715e+01,-2.502937378000000024e+01,-3.471532124000000152e+01,-1.868726853900000151e+01
7.173583583600000146e+00,-2.610617253599999898e+01,-4.415609154100000211e+01,-2.427295224399999896e+01,-3.329898599999999931e+01,-1.882895794099999875e+01
7.193593593600000169e+00,-2.615883317799999830e+01,-4.076708109399999813e+01,-2.390725670200000152e+01,-3.286138468899999765e+01,-1.919427291499999910e+01
7.213603603600000191e+00,-2.616552352000000070e+01,-4.286217149800000215e+01,-2.385301558500000141e+01,-3.364486180699999807e+01,-1.935774839799999825e+01
7.233613613600000214e+00,-2.609540199999999999e+01,-3.983215981000000028e+01,-2.370306705200000152e+01,-3.487783373700000311e+01,-1.950565214799999936e+01
7.253623623600000236e+00,-2.594943789999999950e+01,-4.022963000099999675e+01,-2.340675145799999868e+01,-3.414085887899999960e+01,-1.938464446600000102e+01
7.273633633600000259e+00,-2.584204510200000016e+01,-3.853050779600000197e+01,-2.389584292400000010e+01,-3.508546044100000216e+01,-1.970965380100000175e+01
7.293643643600000281e+00,-2.661239022999999904e+01,-4.009072669700000091e+01,-2.399452955599999981e+01,-3.620018159100000332e+01,-1.986180193799999927e+01
7.313653653699999424e+00,-2.669061963500000090e+01,-4.449041749799999934e+01,-2.389104452999999850e+01,-3.715775875100000292e+01,-2.012900048199999858e+01
7.333663663699999447e+00,-2.767930640200000170e+01,-4.458433846300000170e+01,-2.413853914399999923e+01,-3.888266484700000092e+01,-2.022006256199999896e+01
7.353673673699999469e+00,-2.748462534600000140e+01,-4.673909477200000140e+01,-2.442157729599999882e+01,-4.005161299899999960e+01,-2.046297249899999926e+01
7.373683683699999492e+00,-2.830236202400000067e+01,-4.491061605000000156e+01,-2.478646093600000100e+01,-4.321058980099999758e+01,-2.088599786700000038e+01
7.393693693699999514e+00,-2.971714606900000177e+01,-4.328092050699999760e+01,-2.487103425500000142e+01,-4.225055469600000180e+01,-2.134560551099999870e+01
7.413703703699999537e+00,-3.025711979100000093e+01,-4.231924118199999896e+01,-2.493702224900000175e+01,-4.486261532099999982e+01,-2.155637080099999991e+01
7.433713713699999559e+00,-3.099222108100000028e+01,-3.861803946300000234e+01,-2.541071944999999843e+01,-4.740730954400000030e+01,-2.217521889800000068e+01
7.453723723699999582e+00,-3.132670330299999861e+01,-3.866301495500000129e+01,-2.571411676600000007e+01,-4.795011604599999799e+01,-2.226914621399999916e+01
7.473733733699999604e+00,-3.397724186599999996e+01,-3.783262188999999864e+01,-2.665104896900000142e+01,-4.486239511200000152e+01,-2.285470412600000145e+01
7.493743743699999627e+00,-3.398674018300000199e+01,-3.510552615400000320e+01,-2.761357201899999936e+01,-4.306500486400000227e+01,-2.308691440300000153e+01
7.513753753800000545e+00,-3.509795349400000219e+01,-3.608647503299999926e+01,-2.828421703100000073e+01,-4.315491331999999858e+01,-2.323918494899999843e+01
7.533763763800000568e+00,-3.695315021700000102e+01,-3.416711041500000334e+01,-3.048540093800000150e+01,-4.156773468400000127e+01,-2.339006712600000171e+01
7.553773773800000590e+00,-3.560611724599999661e+01,-3.475886911900000342e+01,-3.256359685900000045e+01,-4.367926148299999767e+01,-2.431505412499999963e+01
7.573783783800000613e+00,-3.587757652300000188e+01,-3.445179612199999752e+01,-3.493774311100000318e+01,-3.889034927099999805e+01,-2.466048149199999884e+01
7.593793793799999747e+00,-3.568770236000000295e+01,-3.377192412099999785e+01,-3.584451128199999914e+01,-4.021874353399999791e+01,-2.500962169800000012e+01
7.613803803799999770e+00,-3.459615416500000151e+01,-3.328427933199999700e+01,-3.701543440599999713e+01,-4.156440278899999896e+01,-2.612373536400000162e+01
7.633813813799999792e+00,-3.267235275899999891e+01,-3.284753348200000289e+01,-3.828972987699999919e+01,-4.114036123599999684e+01,-2.671465940899999936e+01
7.653823823799999815e+00,-3.138730040800000154e+01,-3.552985552199999830e+01,-3.863715857199999704e+01,-4.031212189000000023e+01,-2.753659392000000139e+01
7.673833833799999837e+00,-2.962689689400000148e+01,-3.502808603599999770e+01,-3.610842724900000178e+01,-4.068132181699999705e+01,-2.839911986599999949e+01
7.693843843799999860e+00,-2.919561205200000131e+01,-3.448891122199999870e+01,-3.465567883899999657e+01,-3.907637899899999923e+01,-2.933839314200000103e+01
7.713853853899999891e+00,-2.924002041900000037e+01,-3.455736477800000017e+01,-3.349881914299999863e+01,-4.063036231400000275e+01,-3.048547092200000108e+01
7.733863863899999913e+00,-2.822855302800000032e+01,-3.578672238400000083e+01,-3.219725102900000024e+01,-4.083838835699999947e+01,-3.147519627300000167e+01
7.753873873899999936e+00,-2.824985710200000000e+01,-3.782218153699999874e+01,-3.263350601399999817e+01,-4.176969948699999691e+01,-3.300267356999999890e+01
7.773883883899999958e+00,-2.794721982500000124e+01,-3.717417405100000138e+01,-3.131194357300000064e+01,-4.013058522000000039e+01,-3.369590754899999752e+01
7.793893893899999981e+00,-2.759809733399999843e+01,-3.989051810400000164e+01,-3.178220775999999859e+01,-4.048986370200000096e+01,-3.458297567500000014e+01
7.813903903900000003e+00,-2.794299826399999986e+01,-3.945348511499999944e+01,-3.126940075499999949e+01,-3.840886951800000304e+01,-3.329882464300000322e+01
7.833913913900000026e+00,-2.818491692599999965e+01,-4.148775069500000257e+01,-3.028585304499999964e+01,-3.718231140299999993e+01,-3.443660094399999849e+01
7.853923923900000048e+00,-2.855342576600000015e+01,-4.111392841699999678e+01,-3.085226273700000021e+01,-3.873950619600000067e+01,-3.527818006199999701e+01
7.873933933899999182e+00,-2.885045435700000027e+01,-3.968920817800000123e+01,-3.047118945900000142e+01,-3.573839620599999733e+01,-3.536106396499999960e+01
7.893943943899999205e+00,-2.947180842699999914e+01,-4.427129658900000209e+01,-3.175918003399999989e+01,-3.684507621800000265e+01,-3.491260069799999854e+01
7.913953954000000124e+00,-2.883999091100000101e+01,-3.756188630199999778e+01,-3.241917662000000178e+01,-3.498536153799999937e+01,-3.527808271100000326e+01
7.933963964000000146e+00,-2.960305276700000121e+01,-4.009500233100000344e+01,-3.146104492399999941e+01,-3.658713255400000008e+01,-3.544249595699999844e+01
7.953973974000000169e+00,-2.908805175799999887e+01,-4.058946626899999899e+01,-3.174271678499999894e+01,-3.414700889899999936e+01,-3.505239601099999902e+01
7.973983984000000191e+00,-2.809691950699999907e+01,-4.408166200800000212e+01,-3.236299584500000037e+01,-3.335031887099999892e+01,-3.443627066599999864e+01
7.993993994000000214e+00,-2.864934946700000040e+01,-3.885470143799999931e+01,-3.270234965299999885e+01,-3.415454281699999939e+01,-3.262623386199999942e+01
8.014004004000000236e+00,-2.791566708599999913e+01,-3.657401602200000212e+01,-3.437469316699999666e+01,-3.333838133700000128e+01,-3.243060847299999949e+01
8.034014014000000259e+00,-2.806782997299999849e+01,-3.541053339100000130e+01,-3.347321853799999758e+01,-3.268910786200000018e+01,-3.101712450999999859e+01
8.054024024000000281e+00,-2.756829316700000021e+01,-3.661840571500000152e+01,-3.266567809800000077e+01,-3.415766476200000312e+01,-3.075322242400000050e+01
8.074034034000000304e+00,-2.744259247200000118e+01,-3.592360550000000075e+01,-3.269741491300000291e+01,-3.321230468499999944e+01,-2.954652956300000000e+01
8.094044044000000326e+00,-2.709788000400000030e+01,-3.640528952399999696e+01,-3.290379189600000132e+01,-3.356627827700000211e+01,-2.791725680500000095e+01
8.114054054100000357e+00,-2.622271097999999867e+01,-3.552202773199999797e+01,-3.088302933800000005e+01,-3.363885057899999964e+01,-2.819732508899999956e+01
8.134064064100000380e+00,-2.559378799399999949e+01,-3.447537491599999981e+01,-3.104503770399999851e+01,-3.381110638799999890e+01,-2.746995251299999907e+01
8.154074074100000402e+00,-2.534770018900000110e+01,-3.422313589600000228e+01,-3.024170707400000069e+01,-3.471707302200000100e+01,-2.656222646699999856e+01
8.174084084100000425e+00,-2.493062412500000136e+01,-3.426959670200000119e+01,-3.087596699099999853e+01,-3.502716147299999960e+01,-2.659014522100000022e+01
8.194094094100000447e+00,-2.510039046099999993e+01,-3.296850822799999747e+01,-3.088448916400000144e+01,-3.800898410700000341e+01,-2.689235154800000061e+01
8.214104104100000470e+00,-2.554349556200000038e+01,-3.225954830599999923e+01,-2.985052476499999941e+01,-3.798589628599999912e+01,-2.693209285600000058e+01
8.234114114100000492e+00,-2.465991550900000107e+01,-3.223262339899999773e+01,-2.847861106499999906e+01,-3.920526995600000220e+01,-2.785411154999999894e+01
8.254124124100000515e+00,-2.507435971600000002e+01,-3.167991043500000004e+01,-2.794940753699999902e+01,-4.168108844300000015e+01,-2.846805328099999954e+01
8.274134134100000537e+00,-2.386011722800000001e+01,-3.194934038499999929e+01,-2.775570807700000131e+01,-4.403858756099999994e+01,-2.905484961999999882e+01
8.294144144100000560e+00,-2.430199245100000027e+01,-3.062692934500000064e+01,-2.706707483399999958e+01,-5.193263438999999693e+01,-2.949650469499999872e+01
8.314154154200000590e+00,-2.461808134400000014e+01,-3.049481225399999929e+01,-2.673406864000000027e+01,-4.796606144999999799e+01,-2.965201515300000068e+01
8.334164164200000613e+00,-2.438727883700000021e+01,-3.157747834199999915e+01,-2.616301759599999954e+01,-4.963647095599999659e+01,-3.062193989400000049e+01
8.354174174200000635e+00,-2.407897392799999992e+01,-3.095131238999999823e+01,-2.661086274399999851e+01,-6.532755266499999891e+01,-3.082828855500000031e+01
8.374184184200000658e+00,-2.454091881700000144e+01,-3.207971958000000257e+01,-2.621883111600000049e+01,-4.835241887200000122e+01,-3.047568776600000007e+01
8.394194194200000680e+00,-2.493620174599999828e+01,-3.139813691999999890e+01,-2.656859926999999999e+01,-4.524481211799999869e+01,-3.124004321500000003e+01
8.414204204199998927e+00,-2.497987184799999838e+01,-3.235219533800000136e+01,-2.636117978100000059e+01,-4.918928807300000017e+01,-3.236328384499999800e+01
8.434214214199998949e+00,-2.614932820900000010e+01,-3.321523614699999882e+01,-2.637518953100000019e+01,-4.351920658200000247e+01,-3.195511281399999959e+01
8.454224224199998972e+00,-2.623178893400000078e+01,-3.331791060199999777e+01,-2.654507881900000044e+01,-4.385009312399999715e+01,-3.253491095100000052e+01
8.474234234199998994e+00,-2.625190689000000077e+01,-3.495957685799999837e+01,-2.730179402999999994e+01,-4.216703377200000347e+01,-3.527912461999999749e+01
8.494244244199999017e+00,-2.628813197199999863e+01,-3.471215228799999863e+01,-2.739551749800000024e+01,-4.196102466899999683e+01,-3.735412739600000265e+01
8.514254254300000824e+00,-2.643013103799999897e+01,-3.475650620500000088e+01,-2.727532058699999951e+01,-4.086281681100000185e+01,-3.853628316700000056e+01
8.534264264300000846e+00,-2.600690790499999849e+01,-3.463580788299999824e+01,-2.752528092000000015e+01,-3.888816512900000077e+01,-4.070715199600000034e+01
8.554274274300000869e+00,-2.583033337099999827e+01,-4.079297235899999663e+01,-2.863265030699999869e+01,-3.545345566299999973e+01,-4.170507067999999862e+01
8.574284284300000891e+00,-2.648015821299999928e+01,-3.717527329299999650e+01,-2.851107888099999954e+01,-3.496953335300000276e+01,-4.241329284700000102e+01
8.594294294299999137e+00,-2.519582364600000091e+01,-4.234608417199999764e+01,-2.843718611999999979e+01,-3.452364816000000047e+01,-4.073180827200000209e+01
8.614304304299999160e+00,-2.513289661800000019e+01,-4.112289751400000171e+01,-2.854343321900000063e+01,-3.396254144200000269e+01,-3.831825432000000120e+01
8.634314314299999182e+00,-2.542660926199999949e+01,-4.643153086299999899e+01,-2.896138934100000029e+01,-3.354477327499999717e+01,-3.901748386999999951e+01
8.654324324299999205e+00,-2.527075579199999922e+01,-5.165128433499999971e+01,-3.012292666100000105e+01,-3.247325820500000049e+01,-3.821462686800000341e+01
8.674334334299999227e+00,-2.419313115900000000e+01,-4.480092693600000331e+01,-2.993786135899999934e+01,-3.312280948899999800e+01,-3.936068726399999917e+01
8.694344344299999250e+00,-2.420059652999999855e+01,-3.897289321800000295e+01,-3.092789015099999972e+01,-3.202460575300000301e+01,-3.797360730999999845e+01
8.714354354399999281e+00,-2.338868396599999855e+01,-3.743416299799999791e+01,-3.210211376600000222e+01,-3.247246191800000048e+01,-3.865012907799999908e+01
8.734364364399999303e+00,-2.367972713800000051e+01,-4.362533948000000095e+01,-3.397752481100000210e+01,-3.277183817699999935e+01,-4.068728709999999893e+01
8.754374374399999326e+00,-2.254532471899999990e+01,-3.876315583400000264e+01,-3.421768875899999784e+01,-3.199235883700000116e+01,-4.422113947900000142e+01
8.774384384399999348e+00,-2.308109642999999878e+01,-3.558618827899999815e+01,-3.730692354499999652e+01,-3.311007302499999838e+01,-4.263570960500000240e+01
8.794394394399999371e+00,-2.262351369399999967e+01,-3.726265383500000183e+01,-3.826812994000000145e+01,-3.278129343399999840e+01,-4.414152647299999899e+01
8.814404404399999393e+00,-2.293329262399999990e+01,-3.533745294700000272e+01,-4.331933702500000294e+01,-3.257172451499999966e+01,-5.377008932599999724e+01
8.834414414399999416e+00,-2.354346121300000050e+01,-3.314904215399999998e+01,-4.511212230099999942e+01,-3.147043136599999968e+01,-4.336214086599999717e+01
8.854424424399999438e+00,-2.292576023599999857e+01,-3.548569965000000082e+01,-4.173152921999999876e+01,-3.178705405399999862e+01,-5.275911703700000288e+01
8.874434434399999461e+00,-2.349997955799999971e+01,-3.659986314300000032e+01,-3.914240495300000333e+01,-3.292733674400000154e+01,-4.500208384799999806e+01
8.894444444399999483e+00,-2.243658547000000070e+01,-3.343651165899999711e+01,-3.793116593700000294e+01,-3.161350919799999915e+01,-4.143496609900000038e+01
8.914454454499999514e+00,-2.381702391800000029e+01,-3.446617557700000134e+01,-3.608800524000000109e+01,-3.113421931399999920e+01,-4.071955014899999981e+01
8.934464464499999536e+00,-2.353788009100000167e+01,-3.234642073399999873e+01,-3.764450767700000000e+01,-3.002344330900000102e+01,-4.063997467800000152e+01
8.954474474499999559e+00,-2.386777766000000156e+01,-3.137787446100000111e+01,-3.390671645100000120e+01,-2.914982587600000130e+01,-3.734096029700000230e+01
8.974484484499999581e+00,-2.463878773800000133e+01,-3.411207590600000117e+01,-3.494007322000000215e+01,-2.885553911699999929e+01,-3.631473995399999666e+01
8.994494494499999604e+00,-2.440328150899999926e+01,-3.253479973500000000e+01,-3.346818540799999653e+01,-2.849966950099999963e+01,-3.433588608099999817e+01
9.014504504499999626e+00,-2.460002537900000164e+01,-3.237985639600000098e+01,-3.241353443500000253e+01,-2.878712042800000148e+01,-3.324190495599999906e+01
9.034514514499999649e+00,-2.616268264600000037e+01,-3.210335194099999967e+01,-3.140651894599999849e+01,-2.816718752399999914e+01,-3.179917946799999839e+01
9.054524524499999671e+00,-2.502508960300000140e+01,-3.435053186199999686e+01,-3.087150016400000041e+01,-2.981943003199999964e+01,-3.141553375000000159e+01
9.074534534499999694e+00,-2.478446964800000174e+01,-3.416281730699999741e+01,-2.988379500799999988e+01,-2.949481476700000115e+01,-2.960890774299999961e+01
9.094544544499999716e+00,-2.594878054100000142e+01,-3.420258424800000085e+01,-2.902953421100000142e+01,-3.021416692600000076e+01,-3.006692252699999912e+01
9.114554554599999747e+00,-2.549908350799999823e+01,-3.354147952900000007e+01,-2.921112645999999913e+01,-3.030624233200000006e+01,-2.864693924599999875e+01
9.134564564599999770e+00,-2.592241008299999905e+01,-3.417211727299999779e+01,-2.757832324199999974e+01,-3.114104626199999970e+01,-2.794618904000000015e+01
9.154574574599999792e+00,-2.543736706299999994e+01,-3.618790019600000107e+01,-2.748594591000000165e+01,-3.132057807199999999e+01,-2.668717026699999906e+01
9.174584584599999815e+00,-2.612338879600000041e+01,-3.495195232799999729e+01,-2.712980243200000174e+01,-3.143335079599999915e+01,-2.679817024300000128e+01
9.194594594599999837e+00,-2.506999884000000023e+01,-3.585671722699999719e+01,-2.640467226499999853e+01,-3.278383676100000343e+01,-2.645343141500000073e+01
9.214604604599999860e+00,-2.585278456900000066e+01,-3.460395521899999949e+01,-2.560131696199999851e+01,-3.366292888099999914e+01,-2.613506613099999853e+01
9.234614614599999882e+00,-2.615306080099999875e+01,-3.431391367999999886e+01,-2.509353076300000041e+01,-3.478792625199999833e+01,-2.608362145899999973e+01
9.254624624599999905e+00,-2.571905913699999857e+01,-3.435251791000000310e+01,-2.536042890899999946e+01,-3.775391437700000097e+01,-2.582349691900000010e+01
9.274634634599999927e+00,-2.576743835899999979e+01,-3.430476263100000267e+01,-2.519663291699999874e+01,-3.616456542000000240e+01,-2.561725553599999827e+01
9.294644644599999950e+00,-2.698068514599999901e+01,-3.548884803499999663e+01,-2.466938915800000132e+01,-3.640450606999999650e+01,-2.559808741399999832e+01
9.314654654699999980e+00,-2.559202971999999932e+01,-3.560053041900000181e+01,-2.459626469199999832e+01,-3.717079066800000220e+01,-2.487849628000000024e+01
9.334664664700000003e+00,-2.497293771900000081e+01,-3.310054499900000025e+01,-2.439723668599999939e+01,-3.518798161499999821e+01,-2.505750104199999839e+01
9.354674674700000025e+00,-2.557248067200000108e+01,-3.584665634299999937e+01,-2.418562817000000109e+01,-3.408537214900000123e+01,-2.506104655100000045e+01
9.374684684700000048e+00,-2.477379638600000078e+01,-3.838402279700000008e+01,-2.464672926900000149e+01,-3.222371108400000139e+01,-2.519012414499999863e+01
9.394694694700000070e+00,-2.495114521400000029e+01,-3.814161597100000023e+01,-2.419984844700000082e+01,-3.409396734799999962e+01,-2.500433734699999988e+01
9.414704704700000093e+00,-2.522921879800000156e+01,-3.920812909600000040e+01,-2.455857857100000174e+01,-3.190484144099999853e+01,-2.423151930899999940e+01
9.434714714700000115e+00,-2.509211949799999886e+01,-3.622963294099999843e+01,-2.441906030499999858e+01,-3.147826982100000137e+01,-2.440569509499999867e+01
9.454724724700000138e+00,-2.634609153899999967e+01,-3.831407212900000303e+01,-2.489980948099999836e+01,-3.235826665999999818e+01,-2.414389679199999961e+01
9.474734734700000161e+00,-2.659980235900000167e+01,-3.374962659799999898e+01,-2.512233688599999937e+01,-3.202438473000000130e+01,-2.448904439800000077e+01
9.494744744700000183e+00,-2.670351283700000167e+01,-3.466962330500000178e+01,-2.476327656200000149e+01,-3.205047014499999847e+01,-2.383913772400000042e+01
9.514754754799998437e+00,-2.690016661199999959e+01,-3.448689571399999920e+01,-2.481622363399999998e+01,-3.316396292400000334e+01,-2.420513911200000123e+01
9.534764764799998460e+00,-2.637547216800000172e+01,-3.222856373100000127e+01,-2.470992476099999990e+01,-3.301757033100000172e+01,-2.427208632299999991e+01
9.554774774799998482e+00,-2.642773530899999912e+01,-2.935587962800000028e+01,-2.424289258900000021e+01,-3.349052614499999692e+01,-2.397480777599999868e+01
9.574784784799998505e+00,-2.583906755499999974e+01,-3.277859326800000161e+01,-2.515569698499999873e+01,-3.373923476499999907e+01,-2.434469372299999890e+01
9.594794794799998527e+00,-2.540908578799999873e+01,-2.948320718200000101e+01,-2.537420391699999911e+01,-3.527470331199999976e+01,-2.445807761200000030e+01
9.614804804799998550e+00,-2.481220828100000020e+01,-2.935116593000000051e+01,-2.496500969099999878e+01,-3.398454566200000215e+01,-2.478661200299999834e+01
9.634814814799998572e+00,-2.480812908300000075e+01,-2.878749862300000117e+01,-2.603485281800000095e+01,-3.693709218600000099e+01,-2.505419502599999859e+01
9.654824824799998595e+00,-2.425957310400000111e+01,-2.943984264099999848e+01,-2.571726012099999892e+01,-3.630750949400000138e+01,-2.431104966899999908e+01
9.674834834799998617e+00,-2.476809022999999854e+01,-3.060404810600000047e+01,-2.608006218199999893e+01,-3.464221112399999924e+01,-2.509216164900000123e+01
9.694844844799998640e+00,-2.496034911899999997e+01,-3.033590271599999966e+01,-2.609102886000000154e+01,-3.679944136299999968e+01,-2.546253636699999845e+01
9.714854854900000447e+00,-2.405181750599999901e+01,-3.132072890999999970e+01,-2.632881525799999878e+01,-3.641440677899999656e+01,-2.660484079200000096e+01
9.734864864900000470e+00,-2.573478393799999964e+01,-3.163409108600000152e+01,-2.668776096999999936e+01,-3.623865238799999844e+01,-2.694836602799999881e+01
9.754874874900000492e+00,-2.526783475299999893e+01,-3.091268562500000172e+01,-2.758239177700000155e+01,-4.019512759799999913e+01,-2.761500800099999964e+01
9.774884884899998738e+00,-2.523570609400000109e+01,-3.255837308299999933e+01,-2.912593337699999907e+01,-3.774651748600000190e+01,-2.898007521099999906e+01
9.794894894899998761e+00,-2.486409452399999864e+01,-3.104634920899999884e+01,-2.805819032000000135e+01,-3.733656266199999862e+01,-2.834155015700000035e+01
9.814904904899998783e+00,-2.500480609299999912e+01,-3.140458412699999968e+01,-2.907909649500000171e+01,-3.701767147500000021e+01,-2.963365393100000134e+01
9.834914914899998806e+00,-2.415331579700000120e+01,-3.159221990900000065e+01,-2.851168705299999928e+01,-3.796501780500000223e+01,-3.027251832600000014e+01
9.854924924899998828e+00,-2.284208009199999978e+01,-3.125944962699999863e+01,-2.887821381999999915e+01,-3.906293558800000199e+01,-3.198916150799999869e+01
9.874934934899998851e+00,-2.223334411800000154e+01,-3.171109538700000030e+01,-2.925870496399999965e+01,-3.946452993799999831e+01,-3.264679794500000298e+01
9.894944944899998873e+00,-2.220478750199999851e+01,-3.194525935400000094e+01,-2.876136372399999885e+01,-3.976790964300000297e+01,-3.414812780599999797e+01
9.914954955000000680e+00,-2.184860084299999983e+01,-3.141983015099999932e+01,-2.918427566200000101e+01,-4.122295129700000160e+01,-3.701670125900000130e+01
9.934964965000000703e+00,-2.260593262900000155e+01,-3.335019332200000264e+01,-3.073409236799999888e+01,-3.886869683500000150e+01,-3.614582333399999925e+01
9.954974975000000725e+00,-2.155735493799999958e+01,-3.374977555899999970e+01,-3.060170195799999959e+01,-4.041838485899999966e+01,-3.899651020700000004e+01
9.974984985000000748e+00,-2.078961935499999925e+01,-3.436144192700000133e+01,-3.028320945300000133e+01,-3.802086306999999721e+01,-3.875924850199999838e+01
9.994994995000000770e+00,-2.162224150899999842e+01,-3.395165460100000132e+01,-3.091225658899999829e+01,-3.980031659299999802e+01,-3.766153786000000281e+01
1.001500500500000079e+01,-2.078252248600000129e+01,-3.576159192699999778e+01,-3.015953361500000085e+01,-3.961219666499999903e+01,-3.771216273800000351e+01
1.003501501500000082e+01,-2.211068868199999926e+01,-3.440358064499999813e+01,-3.101473278799999989e+01,-3.779927753399999801e+01,-3.524328394700000189e+01
1.005502502500000084e+01,-2.217742912599999983e+01,-3.447068342200000046e+01,-2.984492786199999870e+01,-3.913529959000000247e+01,-3.911584192600000165e+01
1.007503503500000086e+01,-2.115560251500000177e+01,-3.481998083100000230e+01,-2.985951700000000031e+01,-4.099390915299999705e+01,-3.376096633200000241e+01
1.009504504500000088e+01,-2.318871681599999945e+01,-3.594417052600000062e+01,-2.910602527500000036e+01,-3.959210300099999813e+01,-3.733127695600000351e+01
1.011505505499999913e+01,-2.299799463200000105e+01,-3.533078719400000267e+01,-2.879349635299999832e+01,-4.027341867100000172e+01,-3.637246341899999891e+01
1.013506506499999915e+01,-2.542529185600000119e+01,-3.359442671299999716e+01,-2.933460833599999873e+01,-4.007829218500000223e+01,-3.776764914599999656e+01
1.015507507499999917e+01,-2.573926094699999823e+01,-3.424895458600000353e+01,-2.860682899900000109e+01,-3.887419806100000130e+01,-3.800519755799999899e+01
1.017508508499999920e+01,-2.848260360000000091e+01,-3.450677540000000221e+01,-2.867802287499999991e+01,-3.553250916599999698e+01,-3.642699894100000080e+01
1.019509509499999922e+01,-2.922867883600000027e+01,-3.606418487399999862e+01,-2.731124597000000165e+01,-3.514374185500000181e+01,-3.777391803300000106e+01
1.021510510499999924e+01,-3.156764590499999912e+01,-3.443386705999999720e+01,-3.098598359800000068e+01,-3.439856573600000189e+01,-3.935631250800000203e+01
1.023511511499999926e+01,-3.082927390600000095e+01,-3.222965805199999778e+01,-2.847418679000000097e+01,-3.416308873599999885e+01,-3.839322397400000142e+01
1.025512512499999929e+01,-3.381525448499999698e+01,-3.092821680100000137e+01,-2.914731223500000112e+01,-3.401427927299999965e+01,-3.814070834999999704e+01
1.027513513499999931e+01,-3.212659494100000046e+01,-3.623304992399999946e+01,-2.962115164200000095e+01,-3.346078860400000110e+01,-3.714699273299999760e+01
1.029514514499999933e+01,-3.251994999800000130e+01,-3.224523255599999771e+01,-2.979939704399999911e+01,-3.211666778699999725e+01,-3.382086113599999777e+01
1.031515515499999935e+01,-3.017736411099999927e+01,-3.338891081100000235e+01,-2.976706698599999967e+01,-3.389912008099999952e+01,-3.281573781099999820e+01
1.033516516499999938e+01,-3.028105364099999974e+01,-3.337345065400000266e+01,-3.086666276200000070e+01,-3.307217207800000125e+01,-3.494486829099999881e+01
1.035517517499999940e+01,-3.145523863700000078e+01,-3.519196386499999818e+01,-2.997045333399999834e+01,-3.352453306599999650e+01,-3.293036116999999763e+01
1.037518518499999942e+01,-3.247387895399999991e+01,-4.008997962499999801e+01,-3.231405430400000256e+01,-3.166824673700000048e+01,-3.323314927999999924e+01
1.039519519499999944e+01,-2.858200133000000065e+01,-3.719077428300000321e+01,-3.118452840200000153e+01,-3.299335871200000270e+01,-3.361473495300000280e+01
1.041520520499999947e+01,-2.967802538799999823e+01,-3.619576981099999813e+01,-3.047001528599999887e+01,-3.190853752900000018e+01,-3.046784550399999958e+01
1.043521521499999949e+01,-3.155385556099999889e+01,-3.725029375900000161e+01,-2.978019666300000168e+01,-3.395074980599999748e+01,-2.933085570200000092e+01
1.045522522499999951e+01,-2.761600263200000072e+01,-4.041024491999999668e+01,-2.872829451200000150e+01,-3.465559715999999923e+01,-2.981163950399999862e+01
1.047523523499999953e+01,-2.839034295300000110e+01,-4.205174542299999985e+01,-2.894865686199999999e+01,-3.616474163800000241e+01,-2.799269350799999856e+01
1.049524524499999956e+01,-2.792306604199999853e+01,-3.777241794999999769e+01,-2.738463383799999917e+01,-3.590706820300000146e+01,-3.029622302900000008e+01
1.051525525499999958e+01,-2.671862417299999848e+01,-4.403635013600000292e+01,-2.634125779000000023e+01,-4.402060794300000168e+01,-2.725478723999999886e+01
1.053526526499999960e+01,-2.582250436600000043e+01,-3.540645366999999766e+01,-2.748654321700000125e+01,-4.643375339499999654e+01,-2.771091656500000155e+01
1.055527527499999962e+01,-2.749980765700000163e+01,-3.501813684500000079e+01,-2.556851093599999913e+01,-3.656162850300000144e+01,-2.808926483400000151e+01
1.057528528499999965e+01,-2.419200582799999921e+01,-3.795732155299999988e+01,-2.542279835600000126e+01,-4.532749953900000150e+01,-2.858247057399999846e+01
1.059529529499999967e+01,-2.446836658699999845e+01,-3.321541746100000125e+01,-2.504565762900000081e+01,-3.626785069000000306e+01,-2.721702619499999898e+01
1.061530530499999969e+01,-2.565416645799999884e+01,-3.271882625500000330e+01,-2.488975764399999946e+01,-3.599261913200000151e+01,-2.656573967199999942e+01
1.063531531499999971e+01,-2.479362349000000165e+01,-3.184829475500000129e+01,-2.493362158600000100e+01,-3.339116536400000257e+01,-2.685003862099999949e+01
1.065532532499999974e+01,-2.481428785099999956e+01,-3.026519483399999899e+01,-2.510257811500000003e+01,-3.207592343900000031e+01,-2.617010979899999867e+01
1.067533533499999976e+01,-2.338422772499999880e+01,-3.351684963900000014e+01,-2.449300908400000054e+01,-3.108268393599999868e+01,-2.662075421000000119e+01
1.069534534499999978e+01,-2.419485290100000086e+01,-3.244554199699999941e+01,-2.467472441900000035e+01,-2.995020060099999881e+01,-2.625486787599999872e+01
1.071535535499999980e+01,-2.388588533200000086e+01,-3.425566844800000155e+01,-2.520435735899999941e+01,-2.975837107499999945e+01,-2.608148426400000019e+01
1.073536536499999983e+01,-2.731163907499999866e+01,-3.136682686500000017e+01,-2.611619056600000022e+01,-3.152968390999999926e+01,-2.732783360599999867e+01
1.075537537499999985e+01,-2.598792047999999966e+01,-3.334129473600000182e+01,-2.567635091800000069e+01,-2.962482540599999936e+01,-2.541953620500000000e+01
1.077538538499999987e+01,-3.085874215300000145e+01,-3.221552513599999656e+01,-2.699001999900000115e+01,-2.862181157499999884e+01,-2.755970155199999994e+01
1.079539539499999989e+01,-2.501668421200000125e+01,-3.300649122699999793e+01,-2.588169105800000125e+01,-2.934940776499999870e+01,-2.700734264999999823e+01
1.081540540499999992e+01,-2.865442978400000129e+01,-3.198702418699999939e+01,-2.580403830399999876e+01,-2.906542562899999993e+01,-2.584736491399999991e+01
1.083541541499999994e+01,-2.926639361000000150e+01,-3.150246904600000164e+01,-2.770183461299999905e+01,-2.990279548999999903e+01,-2.567835253699999853e+01
1.085542542499999996e+01,-2.974609746599999838e+01,-3.022024321399999991e+01,-2.588058066700000026e+01,-3.011706536999999884e+01,-2.611697093600000130e+01
1.087543543499999998e+01,-3.249596361799999755e+01,-2.798337000200000091e+01,-2.592889858199999864e+01,-2.949509737200000004e+01,-2.637576268899999832e+01
1.089544544500000001e+01,-2.798458508099999875e+01,-3.199646003899999869e+01,-2.655462033799999944e+01,-2.861539948800000133e+01,-2.686709574500000031e+01
1.091545545500000003e+01,-2.910045928199999921e+01,-2.863263199800000081e+01,-2.595671672799999996e+01,-2.909135484700000163e+01,-2.764424407299999942e+01
1.093546546500000005e+01,-3.068264187600000170e+01,-3.126702350400000086e+01,-2.637318731099999880e+01,-2.901036546399999949e+01,-2.779859343500000080e+01
1.095547547500000007e+01,-2.878230008599999934e+01,-2.955717039800000023e+01,-2.609107600000000105e+01,-2.831599046799999897e+01,-2.819464338099999878e+01
1.097548548500000010e+01,-3.184325631200000117e+01,-3.248404613699999999e+01,-2.531536600700000150e+01,-2.846075260599999979e+01,-2.897933310399999840e+01
1.099549549500000012e+01,-2.943124040800000074e+01,-3.141790751299999940e+01,-2.482642993600000025e+01,-2.950150408200000030e+01,-3.035226044799999912e+01
1.101550550600000022e+01,-3.185359010499999854e+01,-3.252299641399999786e+01,-2.603826536100000055e+01,-2.867635589800000062e+01,-3.062158496600000035e+01
1.103551551600000025e+01,-2.723388771700000177e+01,-3.261488343999999984e+01,-2.438445990099999960e+01,-2.852888652500000077e+01,-3.213219635000000096e+01
1.105552552600000027e+01,-2.785676179500000060e+01,-2.926176885099999936e+01,-2.451961726200000058e+01,-2.744157977700000117e+01,-3.291433647800000273e+01
1.107553553600000029e+01,-2.561129904599999918e+01,-3.212134077999999704e+01,-2.457341345600000082e+01,-2.779596413000000155e+01,-3.409943761200000267e+01
1.109554554600000031e+01,-2.840389865899999933e+01,-3.198790223399999988e+01,-2.409819558399999906e+01,-2.684016283800000124e+01,-3.589104213400000276e+01
1.111555555600000034e+01,-2.608970504299999860e+01,-3.205882220200000177e+01,-2.427644693099999884e+01,-2.808339948100000072e+01,-3.385025024400000149e+01
1.113556556600000036e+01,-2.605098783300000065e+01,-3.272836940199999844e+01,-2.381508940200000168e+01,-2.746176397800000046e+01,-3.659933291000000111e+01
1.115557557600000038e+01,-2.659145528499999855e+01,-3.299797211199999936e+01,-2.468930352699999986e+01,-2.748846181000000044e+01,-3.666532870999999716e+01
1.117558558600000040e+01,-2.482655725700000104e+01,-3.185906016299999877e+01,-2.473767441600000083e+01,-2.898910668899999976e+01,-3.172378682000000083e+01
1.119559559600000043e+01,-2.346298099299999862e+01,-2.941098321500000168e+01,-2.510975270200000153e+01,-2.818280474399999846e+01,-3.218931597299999936e+01
1.121560560600000045e+01,-2.418391489800000116e+01,-3.402220231500000125e+01,-2.681891923199999894e+01,-2.916422563400000101e+01,-3.047040244200000103e+01
1.123561561600000047e+01,-2.591586709599999949e+01,-3.218307960700000336e+01,-2.605813814900000125e+01,-2.926766239100000178e+01,-3.065040976099999881e+01
1.125562562600000049e+01,-2.595196744700000124e+01,-3.491057316500000240e+01,-2.754201124600000128e+01,-3.093095432000000145e+01,-3.031503120300000020e+01
1.127563563600000052e+01,-2.617709214299999942e+01,-3.325504179499999680e+01,-2.801826996000000136e+01,-2.955008474799999973e+01,-2.870960785200000132e+01
1.129564564600000054e+01,-2.664014485999999948e+01,-3.371631783499999813e+01,-2.840048742899999823e+01,-2.982353611399999949e+01,-2.821562111000000073e+01
1.131565565600000056e+01,-2.647248656600000061e+01,-3.398189136700000290e+01,-2.780366758999999988e+01,-2.921595037599999856e+01,-2.852937109200000165e+01
1.133566566600000058e+01,-2.624395202699999885e+01,-3.737770533100000137e+01,-2.858383310299999991e+01,-3.109200220600000009e+01,-2.775789853299999876e+01
1.135567567600000061e+01,-2.575853891999999945e+01,-3.106375534500000057e+01,-2.862174341900000130e+01,-3.030075157099999927e+01,-2.769992917300000101e+01
1.137568568600000063e+01,-2.635817195999999996e+01,-3.454979657700000217e+01,-3.006146806099999935e+01,-3.077824261099999958e+01,-2.712066320399999952e+01
1.139569569600000065e+01,-2.667522320300000160e+01,-3.099832949900000045e+01,-3.050057937200000069e+01,-3.259520217099999684e+01,-2.656484171800000027e+01
1.141570570600000067e+01,-2.599828457199999932e+01,-3.247458656500000274e+01,-2.966872976499999837e+01,-3.130503567599999926e+01,-2.730021210600000003e+01
1.143571571600000070e+01,-2.528847933699999828e+01,-2.993588733700000049e+01,-3.297586227499999723e+01,-3.172930614899999924e+01,-2.935578566499999909e+01
1.145572572600000072e+01,-2.483280701400000012e+01,-3.112647200500000011e+01,-3.459710743400000155e+01,-2.988150513000000075e+01,-2.416252495000000167e+01
1.147573573600000074e+01,-2.545200826199999966e+01,-3.054751793999999876e+01,-3.635899057099999965e+01,-3.222686434500000274e+01,-2.590479367700000068e+01
1.149574574600000076e+01,-2.375971975099999867e+01,-3.124840694799999952e+01,-3.563386640400000260e+01,-3.138016338299999930e+01,-2.672063445799999926e+01
1.151575575600000079e+01,-2.216658039800000068e+01,-2.819530094299999945e+01,-3.884536980400000061e+01,-3.114571679699999862e+01,-2.777156340200000173e+01
1.153576576600000081e+01,-2.355879715300000043e+01,-3.191874435700000134e+01,-3.672330430200000251e+01,-2.921331552299999856e+01,-2.904811671899999936e+01
1.155577577600000083e+01,-2.428311500799999934e+01,-3.234541915399999823e+01,-3.537532649900000337e+01,-2.986242881300000107e+01,-2.849168327599999984e+01
1.157578578600000085e+01,-2.449629873199999963e+01,-2.674577927800000055e+01,-3.279367762599999736e+01,-2.859408665899999846e+01,-2.953877149999999929e+01
1.159579579600000088e+01,-2.457231504399999977e+01,-3.540514562300000279e+01,-3.185553158400000129e+01,-2.883146383200000074e+01,-2.873359764900000002e+01
1.161580580599999912e+01,-2.600191378799999953e+01,-3.171221059999999881e+01,-3.197774084499999958e+01,-2.718569784099999964e+01,-2.917753016900000063e+01
1.163581581599999915e+01,-2.953460320599999989e+01,-3.514858787499999693e+01,-3.273748603199999962e+01,-2.708128030800000019e+01,-3.453884825400000125e+01
1.165582582599999917e+01,-2.767376644799999852e+01,-3.007474174800000100e+01,-3.276185647300000170e+01,-2.817182858800000034e+01,-3.449972278100000267e+01
1.167583583599999919e+01,-2.585044530200000068e+01,-3.227936278899999678e+01,-2.939520696599999994e+01,-2.526058658299999848e+01,-3.285935826800000115e+01
1.169584584599999921e+01,-2.736642315499999967e+01,-3.265409723900000216e+01,-2.986597224300000164e+01,-2.638932092299999965e+01,-3.387458342200000061e+01
1.171585585599999924e+01,-2.799773687900000141e+01,-3.319604737299999897e+01,-3.113415819700000142e+01,-2.649399024499999911e+01,-3.473180297300000063e+01
1.173586586599999926e+01,-2.514309962900000173e+01,-2.915066635000000161e+01,-2.828710121900000019e+01,-2.605865018100000086e+01,-3.437838955800000207e+01
1.175587587599999928e+01,-2.654562231299999908e+01,-3.183121827100000090e+01,-2.953445823699999906e+01,-2.842447034099999925e+01,-3.558767683500000345e+01
1.177588588599999930e+01,-3.042183661800000039e+01,-2.815939467999999835e+01,-2.971363387099999898e+01,-2.626144229200000169e+01,-3.968296097399999667e+01
1.179589589599999933e+01,-2.757116619900000032e+01,-3.214931746199999907e+01,-2.863931135700000041e+01,-2.468830524499999868e+01,-3.399316230699999863e+01
1.181590590599999935e+01,-3.384940368699999880e+01,-3.021227377800000014e+01,-3.050679651900000167e+01,-2.659768007699999970e+01,-3.305599424799999753e+01
1.183591591599999937e+01,-2.695212874299999939e+01,-2.703453786500000078e+01,-3.007776385200000036e+01,-2.527118162700000070e+01,-3.861818817300000006e+01
1.185592592599999939e+01,-2.866997091200000014e+01,-3.060450528499999834e+01,-3.102401157999999981e+01,-2.545301757300000034e+01,-3.877311158599999885e+01
1.187593593599999942e+01,-3.077341847499999972e+01,-3.143479341800000171e+01,-3.293975962799999735e+01,-2.644515142199999858e+01,-3.640844015399999734e+01
1.189594594599999944e+01,-2.972908675500000086e+01,-2.903997219000000030e+01,-3.457837243899999891e+01,-2.602212705000000170e+01,-3.593563077600000355e+01
1.191595595599999946e+01,-2.960914964599999877e+01,-3.051059978199999989e+01,-3.247099346000000253e+01,-2.475895757600000024e+01,-4.024272960399999732e+01
1.193596596599999948e+01,-3.756250144100000199e+01,-2.837618926600000080e+01,-3.884273067499999854e+01,-2.663476951199999831e+01,-3.572280883999999901e+01
1.195597597599999951e+01,-3.587950819499999966e+01,-3.311490175899999855e+01,-3.785807446900000173e+01,-2.599057858500000151e+01,-3.700106561999999855e+01
1.197598598599999953e+01,-2.926911115700000110e+01,-3.069756521300000074e+01,-4.329398886700000304e+01,-2.650419679599999867e+01,-3.726451896799999730e+01
1.199599599599999955e+01,-2.959767717900000150e+01,-2.824276636400000129e+01,-3.684723892200000250e+01,-2.783254643000000073e+01,-3.558628936099999862e+01
1.201600600599999957e+01,-2.757868972099999993e+01,-3.089356436299999942e+01,-4.347723504399999683e+01,-2.673657366799999835e+01,-3.403451115600000065e+01
1.203601601599999960e+01,-2.577394962400000011e+01,-2.648273739800000115e+01,-4.210709287000000245e+01,-2.871813707800000159e+01,-3.661873527899999914e+01
1.205602602599999962e+01,-2.885497391299999848e+01,-3.701748949899999985e+01,-3.444410597200000268e+01,-2.880472855900000084e+01,-3.704675848000000116e+01
1.207603603599999964e+01,-2.664849380400000101e+01,-3.232243684400000205e+01,-4.242100938899999818e+01,-2.806448699399999924e+01,-3.150318031400000152e+01
1.209604604599999966e+01,-3.012133300800000058e+01,-3.497051616800000318e+01,-3.979590554800000035e+01,-3.046155008499999894e+01,-3.761309606599999711e+01
1.211605605599999969e+01,-2.561800107799999893e+01,-4.098785122999999686e+01,-4.063559864900000207e+01,-3.019731735999999955e+01,-3.441228557800000232e+01
1.213606606599999971e+01,-2.785611270600000111e+01,-2.985630333399999969e+01,-3.126421520299999912e+01,-3.181382165000000128e+01,-3.744983451200000246e+01
1.215607607599999973e+01,-2.732129581999999957e+01,-4.142536632400000229e+01,-3.454590815899999967e+01,-2.886997610399999914e+01,-4.102097631800000244e+01
1.217608608599999975e+01,-2.988117264199999923e+01,-4.337295312799999891e+01,-3.271753273299999876e+01,-3.111012497000000110e+01,-3.204353525500000188e+01
1.219609609599999978e+01,-3.237019570999999729e+01,-3.867248134500000134e+01,-3.407924577899999719e+01,-3.037203175799999855e+01,-3.417148167399999892e+01
1.221610610599999980e+01,-2.908340143299999880e+01,-4.533077646699999974e+01,-3.505584827100000211e+01,-3.291017204399999940e+01,-3.069395619300000178e+01
1.223611611599999982e+01,-3.021469320199999942e+01,-4.238642502700000136e+01,-3.240431133100000238e+01,-3.280315253900000272e+01,-3.411702077099999997e+01
1.225612612599999984e+01,-3.521115668400000231e+01,-4.388439337399999829e+01,-3.463711913099999862e+01,-3.120121175099999888e+01,-3.193251603499999902e+01
1.227613613599999987e+01,-3.691690146900000258e+01,-4.331949378499999881e+01,-3.854233130499999760e+01,-3.450597528600000174e+01,-3.431274237299999896e+01
1.229614614599999989e+01,-4.476211436399999855e+01,-4.253330086199999727e+01,-3.634929637500000155e+01,-3.127077625700000141e+01,-3.565402750900000228e+01
1.231615615599999991e+01,-3.633161828400000104e+01,-4.634461035500000037e+01,-3.401840939299999889e+01,-3.401102972500000021e+01,-3.802944259499999902e+01
1.233616616599999993e+01,-3.231566790200000128e+01,-4.572064848800000192e+01,-3.284328234899999899e+01,-3.587260266399999864e+01,-3.761303440500000050e+01
1.235617617599999996e+01,-3.927398708900000202e+01,-5.203560710000000000e+01,-3.239822176199999859e+01,-3.325389285699999675e+01,-4.368889355200000324e+01
1.237618618599999998e+01,-3.374872115600000200e+01,-3.719652154999999993e+01,-3.161374289800000170e+01,-3.393727893399999829e+01,-4.026813635300000271e+01
1.239619619600000000e+01,-3.312491990600000236e+01,-4.862924615699999720e+01,-3.358966700500000258e+01,-3.656531810900000323e+01,-3.600283800500000098e+01
1.241620620600000002e+01,-3.100201679499999941e+01,-3.660597936399999952e+01,-3.487331920700000154e+01,-3.533636206500000299e+01,-4.242111489500000232e+01
1.243621621600000005e+01,-3.307514098499999733e+01,-5.111490264199999700e+01,-3.385241586099999722e+01,-3.591046262100000064e+01,-3.922217392200000319e+01
1.245622622600000007e+01,-3.428982434000000268e+01,-6.111534113100000098e+01,-3.603933735999999755e+01,-3.531381607200000161e+01,-3.413857650500000318e+01
1.247623623600000009e+01,-2.556797400499999995e+01,-4.823535334099999972e+01,-3.471860099100000241e+01,-3.583627103599999941e+01,-3.676068010099999839e+01
1.249624624600000011e+01,-4.282973305600000202e+01,-4.435579100300000022e+01,-3.397194198500000084e+01,-4.654629327600000011e+01,-3.729626429300000012e+01
1.251625625600000014e+01,-3.273889761299999890e+01,-3.847210438199999771e+01,-3.626432409600000284e+01,-3.922624368900000036e+01,-3.586321906900000300e+01
1.253626626600000016e+01,-3.246666529299999837e+01,-3.430123210899999719e+01,-3.812466517400000043e+01,-4.548954742899999815e+01,-3.086187589400000064e+01
1.255627627600000018e+01,-4.956037196300000147e+01,-3.583867956499999963e+01,-3.567727591599999926e+01,-3.871606981000000047e+01,-3.145764406700000038e+01
1.257628628600000020e+01,-3.411198363700000158e+01,-4.009626197000000047e+01,-3.603888121500000352e+01,-4.355835939800000034e+01,-2.820906877899999898e+01
1.259629629600000023e+01,-3.209981903799999969e+01,-5.065843429200000259e+01,-4.043975150600000035e+01,-4.415105414500000336e+01,-2.830662957299999860e+01
1.261630630600000025e+01,-3.539521580099999909e+01,-4.071081932599999931e+01,-4.710176107200000217e+01,-3.782739330100000075e+01,-3.292610896200000070e+01
1.263631631600000027e+01,-2.989173949199999925e+01,-3.313938649400000003e+01,-3.379455053699999922e+01,-4.292216273500000057e+01,-2.789958761400000142e+01
1.265632632600000029e+01,-3.125194474399999933e+01,-3.923847499600000077e+01,-3.938126249900000175e+01,-3.888656802599999907e+01,-2.973324442799999900e+01
1.267633633600000032e+01,-3.007008632899999867e+01,-3.109570537000000101e+01,-3.687095483899999948e+01,-4.891569150400000154e+01,-2.956349152800000013e+01
1.269634634600000034e+01,-3.542230835200000172e+01,-3.443573388499999766e+01,-3.410128749700000128e+01,-4.422893314899999950e+01,-2.881522179499999936e+01
1.271635635600000036e+01,-4.357161317599999961e+01,-3.891647922800000003e+01,-4.047251965000000240e+01,-3.653498202699999808e+01,-2.884482339499999881e+01
1.273636636600000038e+01,-4.048458137400000112e+01,-3.410247195699999878e+01,-4.087100181699999979e+01,-3.347426852099999905e+01,-2.933803290000000175e+01
1.275637637600000041e+01,-3.641495962900000194e+01,-3.234703614600000066e+01,-3.186145779099999942e+01,-3.301644580399999995e+01,-2.842469024400000066e+01
1.277638638600000043e+01,-4.237063198799999952e+01,-3.211112258499999683e+01,-4.053888361500000315e+01,-3.526678210600000085e+01,-2.881337911199999979e+01
1.279639639600000045e+01,-3.518176102000000327e+01,-3.407110039999999884e+01,-4.375399462000000028e+01,-3.450536818399999817e+01,-2.803510643899999977e+01
1.281640640600000047e+01,-3.594105983699999740e+01,-3.165186217200000129e+01,-4.182829203400000040e+01,-3.323487692199999799e+01,-2.851899959700000053e+01
1.283641641600000050e+01,-3.118507961999999978e+01,-2.841200239000000138e+01,-3.921357402699999994e+01,-3.189316580999999928e+01,-2.899503716599999947e+01
1.285642642600000052e+01,-3.803311458299999970e+01,-2.869153527199999942e+01,-3.437445808199999675e+01,-3.543039910099999901e+01,-2.862684353599999909e+01
1.287643643600000054e+01,-3.744389023699999797e+01,-3.093821952700000111e+01,-3.597611699600000179e+01,-3.315483170200000274e+01,-2.717467810899999847e+01
1.289644644600000056e+01,-3.417222461099999720e+01,-3.784692784599999982e+01,-3.149749618999999967e+01,-3.346820323299999700e+01,-2.901775080499999859e+01
1.291645645600000059e+01,-4.626352965200000256e+01,-3.012323890400000082e+01,-3.533540243000000203e+01,-3.035936824299999870e+01,-3.016137676399999989e+01
1.293646646600000061e+01,-3.774587695999999681e+01,-3.241280959299999864e+01,-3.015511588300000057e+01,-2.998773488799999853e+01,-3.075970345400000028e+01
1.295647647600000063e+01,-3.709736305399999878e+01,-3.354243414199999762e+01,-3.059823811200000065e+01,-3.680147494900000282e+01,-3.091534794100000028e+01
1.297648648600000065e+01,-3.296853574000000009e+01,-3.071073717299999828e+01,-2.972631326000000129e+01,-3.189661230300000128e+01,-3.488384293299999683e+01
1.299649649600000068e+01,-4.038966999600000207e+01,-2.930155470400000084e+01,-2.876299475900000147e+01,-3.522933519699999749e+01,-3.336534776700000293e+01
1.301650650700000078e+01,-4.288771252000000089e+01,-3.202257634800000119e+01,-2.988245782299999931e+01,-3.454761997199999968e+01,-3.361754945100000214e+01
1.303651651700000080e+01,-4.214002236999999695e+01,-3.384753191099999725e+01,-3.064524166600000044e+01,-5.114470421699999747e+01,-3.306556115200000079e+01
1.305652652700000083e+01,-3.888758569699999867e+01,-2.975920637999999840e+01,-3.419730390899999861e+01,-3.918755963699999967e+01,-3.352328149200000240e+01
1.307653653700000085e+01,-4.163572561299999819e+01,-3.578016797200000099e+01,-3.410066308199999696e+01,-3.893410755200000040e+01,-2.977443242000000012e+01
1.309654654700000087e+01,-3.160204213600000145e+01,-3.914271439000000186e+01,-2.944768870200000066e+01,-3.942788810399999733e+01,-3.467383528700000284e+01
1.311655655699999912e+01,-3.288449083399999751e+01,-3.634324689099999972e+01,-3.245770563100000317e+01,-3.779557569600000022e+01,-3.412140826600000310e+01
1.313656656699999914e+01,-3.919186966200000199e+01,-4.412316407099999793e+01,-3.185174866899999913e+01,-4.106800316700000053e+01,-3.337123759699999681e+01
1.315657657699999916e+01,-4.079323878799999648e+01,-3.238805426599999748e+01,-3.291270967599999864e+01,-4.117258083299999782e+01,-3.060288905399999848e+01
1.317658658699999918e+01,-3.764650701200000071e+01,-3.013383442499999987e+01,-3.143425608100000090e+01,-3.730944076000000109e+01,-3.396911145199999993e+01
1.319659659699999921e+01,-2.969507013599999823e+01,-3.172817228899999975e+01,-3.357172002200000094e+01,-4.590750640099999913e+01,-3.229265243199999702e+01
1.321660660699999923e+01,-3.948064730099999764e+01,-3.524170365100000168e+01,-3.046780328099999835e+01,-5.717364950200000351e+01,-3.179442175399999826e+01
1.323661661699999925e+01,-3.687820586499999820e+01,-3.436521650899999969e+01,-3.241641439499999677e+01,-3.987643710500000083e+01,-3.564471164500000100e+01
1.325662662699999927e+01,-3.315578506100000311e+01,-3.921055058200000332e+01,-3.218321306400000026e+01,-3.668883037799999869e+01,-4.316526362900000180e+01
1.327663663699999930e+01,-3.407801908900000143e+01,-3.342130572399999977e+01,-3.663767401300000159e+01,-4.350098561499999761e+01,-3.249587234199999841e+01
1.329664664699999932e+01,-3.100540495199999924e+01,-3.510313477700000107e+01,-3.743605366500000287e+01,-3.560388296699999700e+01,-3.747310509199999728e+01
1.331665665699999934e+01,-3.191809038499999929e+01,-3.920282197099999877e+01,-3.636440396100000072e+01,-3.750040168499999993e+01,-3.551364399500000246e+01
1.333666666699999936e+01,-3.114859943100000095e+01,-3.991857567400000306e+01,-4.127158440299999853e+01,-3.915740686499999867e+01,-3.679372121800000173e+01
1.335667667699999939e+01,-3.258937005800000009e+01,-2.434973976899999926e+01,-3.700169216900000180e+01,-4.147362174399999901e+01,-3.655406892999999968e+01
1.337668668699999941e+01,-3.313355257700000323e+01,-3.525672044699999930e+01,-3.820838608199999697e+01,-3.654276668699999675e+01,-3.664962038099999830e+01
1.339669669699999943e+01,-2.633762026000000134e+01,-3.857852053799999936e+01,-4.694653407900000275e+01,-3.960179491299999910e+01,-3.619881427800000040e+01
1.341670670699999945e+01,-2.333607860100000053e+01,-3.437624296599999951e+01,-3.839612158399999942e+01,-3.283034313499999968e+01,-3.167075117599999956e+01
1.343671671699999948e+01,-3.780405619999999800e+01,-5.503828310299999771e+01,-3.660977069500000169e+01,-3.707479794500000025e+01,-3.460560060200000265e+01
1.345672672699999950e+01,-3.815659459999999825e+01,-2.999096255399999933e+01,-3.632925691700000215e+01,-3.568661141900000189e+01,-3.090180400599999899e+01
1.347673673699999952e+01,-3.940599009599999647e+01,-3.563783039300000155e+01,-4.056264574400000100e+01,-3.126292776300000043e+01,-3.295708199500000291e+01
1.349674674699999954e+01,-3.521179256199999941e+01,-2.950267970799999873e+01,-4.342492337000000191e+01,-3.671014451900000353e+01,-3.228169350600000342e+01
1.351675675699999957e+01,-3.602083087500000147e+01,-2.423487772600000056e+01,-4.104221372100000309e+01,-3.600042557999999815e+01,-3.244112976299999929e+01
1.353676676699999959e+01,-3.194717144099999828e+01,-3.387594639600000335e+01,-3.787574304299999994e+01,-4.405039408199999684e+01,-2.804564923399999898e+01
1.355677677699999961e+01,-3.493424677899999864e+01,-3.582890195299999903e+01,-3.525342069500000264e+01,-3.138607867800000051e+01,-3.156225732700000108e+01
1.357678678699999963e+01,-3.113719796799999884e+01,-3.918161132299999849e+01,-3.498252083300000237e+01,-3.318195891999999958e+01,-3.202722910500000353e+01
1.359679679699999966e+01,-3.567321247000000284e+01,-2.984746270999999851e+01,-4.271554981399999917e+01,-3.261905242499999957e+01,-2.971928003900000093e+01
1.361680680699999968e+01,-4.865016066100000103e+01,-3.441824584999999814e+01,-3.339498754099999900e+01,-3.095827260400000114e+01,-3.040325412400000005e+01
1.363681681699999970e+01,-4.809489577400000115e+01,-3.905966746099999654e+01,-4.122334559400000131e+01,-2.707579830999999970e+01,-2.882175669400000118e+01
1.365682682699999972e+01,-4.303292708200000050e+01,-3.713945712799999654e+01,-3.276023172899999736e+01,-3.299550538100000097e+01,-2.906925934699999914e+01
1.367683683699999975e+01,-3.784207707499999884e+01,-2.713988307700000036e+01,-3.493427830800000322e+01,-3.171531727700000047e+01,-3.210721985800000056e+01
1.369684684699999977e+01,-3.871768522800000056e+01,-3.595202910300000099e+01,-3.111769465600000117e+01,-3.223512269500000116e+01,-2.952683956899999984e+01
1.371685685699999979e+01,-4.187926212200000009e+01,-3.364593697000000105e+01,-3.264483399699999921e+01,-2.812392161200000018e+01,-3.261012382999999915e+01
1.373686686699999981e+01,-4.160391019200000073e+01,-3.149189781200000127e+01,-3.577174039399999828e+01,-3.258646963700000043e+01,-3.176728072699999927e+01
1.375687687699999984e+01,-3.850933953300000212e+01,-4.287912970899999721e+01,-3.291461314600000065e+01,-2.857659168600000044e+01,-2.971356001199999852e+01
1.377688688699999986e+01,-4.274271261900000241e+01,-3.885093559199999902e+01,-3.406963119299999931e+01,-3.054814151000000066e+01,-2.927930387800000034e+01
1.379689689699999988e+01,-4.054133226900000153e+01,-3.598605179700000178e+01,-4.257443226299999850e+01,-3.253112898599999880e+01,-2.882422354599999892e+01
1.381690690699999990e+01,-4.288216690699999845e+01,-3.570412806200000233e+01,-3.679680467899999741e+01,-3.178476542900000013e+01,-2.841117667600000019e+01
1.383691691699999993e+01,-3.524212330600000342e+01,-2.001418774500000097e+01,-3.215886864699999848e+01,-3.259002847200000019e+01,-3.026805567899999971e+01
1.385692692699999995e+01,-5.109501729299999795e+01,-3.756388609199999706e+01,-3.632885373500000270e+01,-2.841364560799999950e+01,-2.710485896000000139e+01
1.387693693699999997e+01,-3.623543133199999744e+01,-3.746614303300000159e+01,-3.758550179800000279e+01,-3.004011437200000145e+01,-2.962221853300000163e+01
1.389694694699999999e+01,-3.862113981000000251e+01,-3.515207705299999930e+01,-4.942062407400000268e+01,-3.248787015199999928e+01,-2.787331800500000156e+01
1.391695695700000002e+01,-3.606462670300000184e+01,-3.594300756399999841e+01,-3.834770077099999952e+01,-3.491747517400000334e+01,-2.657541175100000075e+01
1.393696696700000004e+01,-4.003925591899999858e+01,-3.797749732700000180e+01,-3.647601993499999651e+01,-3.185837582599999962e+01,-2.861902626999999910e+01
1.395697697700000006e+01,-3.447462071799999705e+01,-3.014409974599999842e+01,-3.538965193300000323e+01,-3.151188947200000001e+01,-2.488915567700000153e+01
1.397698698700000008e+01,-3.750460197499999992e+01,-3.835105833699999778e+01,-4.265789334000000110e+01,-3.434210664900000154e+01,-3.076484679600000050e+01
1.399699699700000011e+01,-3.592281774300000308e+01,-3.912434061500000126e+01,-3.274347489200000183e+01,-3.216093953600000077e+01,-3.097978884300000146e+01
1.401700700700000013e+01,-3.105313036500000123e+01,-3.832771408800000046e+01,-3.048387772599999934e+01,-3.307414155299999692e+01,-2.647504938200000169e+01
1.403701701700000015e+01,-3.450640019800000147e+01,-2.765762021500000145e+01,-3.473197391499999753e+01,-3.062203561400000140e+01,-2.890773332999999923e+01
1.405702702700000017e+01,-4.207382321000000047e+01,-3.210406519600000053e+01,-3.237379988899999717e+01,-3.623887061199999948e+01,-2.758975823600000155e+01
1.407703703700000020e+01,-3.707899289000000209e+01,-3.586376288700000003e+01,-3.098712173699999894e+01,-3.167821967700000130e+01,-2.805937709499999855e+01
1.409704704700000022e+01,-3.399183939299999935e+01,-4.122005714899999873e+01,-3.313857245700000220e+01,-3.659780844800000210e+01,-2.781865988699999903e+01
1.411705705700000024e+01,-4.215842444700000158e+01,-2.489322653700000032e+01,-3.706389098300000029e+01,-3.146258057300000033e+01,-2.807695060800000064e+01
1.413706706700000026e+01,-3.285178721599999818e+01,-4.015160943699999763e+01,-3.656602416399999811e+01,-3.763976794199999887e+01,-3.265561635499999937e+01
1.415707707700000029e+01,-3.548331039600000025e+01,-2.999757118400000167e+01,-3.277741087300000089e+01,-3.996592781500000058e+01,-3.527007078799999817e+01
1.417708708700000031e+01,-3.094873616799999994e+01,-3.585981359600000218e+01,-3.188365588699999975e+01,-3.633150401900000048e+01,-2.807191829799999994e+01
1.419709709700000033e+01,-3.966738524000000155e+01,-3.676583403600000111e+01,-3.289403613399999671e+01,-3.606407577600000280e+01,-2.982065270700000070e+01
1.421710710700000035e+01,-4.245133282399999786e+01,-4.843798550199999653e+01,-3.343596703699999750e+01,-3.411141894699999710e+01,-3.430474019399999719e+01
1.423711711700000038e+01,-3.303555386299999697e+01,-3.634821527599999769e+01,-3.324812120200000010e+01,-3.247751558899999935e+01,-3.260091758299999753e+01
1.425712712700000040e+01,-2.874524609299999867e+01,-2.794855459600000103e+01,-3.553730712899999844e+01,-3.583489005799999916e+01,-3.372077346100000028e+01
1.427713713700000042e+01,-3.540552524799999645e+01,-4.199975523199999827e+01,-3.702439674499999711e+01,-3.938769945100000314e+01,-3.155588348799999920e+01
1.429714714700000044e+01,-3.655415544099999892e+01,-4.812593225500000216e+01,-4.691931605300000285e+01,-4.047134298400000318e+01,-2.962517810699999998e+01
1.431715715700000047e+01,-4.285557603299999840e+01,-3.645844924000000020e+01,-4.160235506099999725e+01,-3.946762954900000153e+01,-3.451988310499999812e+01
1.433716716700000049e+01,-5.094157733299999791e+01,-4.076425754099999921e+01,-3.727354571099999703e+01,-3.422215846299999953e+01,-2.963558895399999926e+01
1.435717717700000051e+01,-4.628959919999999784e+01,-3.082359757000000045e+01,-4.052295056399999851e+01,-3.538082395699999694e+01,-3.190042810199999934e+01
1.437718718700000053e+01,-3.997187437899999907e+01,-4.600960546299999976e+01,-4.031218112599999870e+01,-4.282267270399999859e+01,-3.100656365700000094e+01
1.439719719700000056e+01,-3.250077291899999921e+01,-4.490118042400000320e+01,-3.775949340199999682e+01,-4.369959810499999975e+01,-2.846770056000000082e+01
1.441720720700000058e+01,-5.868954971299999812e+01,-4.540629967999999650e+01,-4.066779158899999658e+01,-3.759419946199999885e+01,-3.899350735800000223e+01
1.443721721700000060e+01,-3.698947875900000071e+01,-3.404464477300000169e+01,-3.639113858700000037e+01,-3.700833645200000177e+01,-2.706918615300000042e+01
1.445722722700000062e+01,-3.346577614299999937e+01,-3.783917233399999702e+01,-3.834486239499999982e+01,-4.071781811799999673e+01,-3.124743467400000085e+01
1.447723723700000065e+01,-4.674248479300000270e+01,-3.505145723799999757e+01,-3.357575444300000100e+01,-3.714966763799999683e+01,-2.762837050999999988e+01
1.449724724700000067e+01,-3.567839788900000286e+01,-3.539773964700000164e+01,-3.552254966600000330e+01,-4.724299185899999998e+01,-3.960902417399999820e+01
1.451725725700000069e+01,-4.216836556799999869e+01,-3.993745796099999978e+01,-4.048468898299999807e+01,-3.454357281299999727e+01,-3.489340198099999668e+01
1.453726726700000071e+01,-3.975099894000000234e+01,-4.436421145799999977e+01,-4.199904902600000156e+01,-3.404554129899999992e+01,-4.151369959000000165e+01
1.455727727700000074e+01,-4.615286852700000253e+01,-3.627973191800000308e+01,-3.985458878400000060e+01,-3.702493488399999677e+01,-2.908139610199999936e+01
1.457728728700000076e+01,-4.496950029300000296e+01,-3.025370901699999848e+01,-3.248149753700000275e+01,-4.052894749400000052e+01,-2.351642224400000103e+01
1.459729729700000078e+01,-4.024566653099999769e+01,-4.284474990500000047e+01,-3.503411744800000349e+01,-4.473886446400000239e+01,-3.532845366099999751e+01
1.461730730700000080e+01,-3.914392553700000121e+01,-3.152167349100000138e+01,-3.813254473500000330e+01,-4.194674056600000256e+01,-3.445948809299999738e+01
1.463731731700000083e+01,-3.559069333800000123e+01,-3.978557655299999851e+01,-3.510161319299999860e+01,-4.123247008799999946e+01,-3.396191220699999747e+01
1.465732732700000085e+01,-2.531470765399999934e+01,-3.933477589299999977e+01,-5.101558718399999748e+01,-4.821009612200000305e+01,-3.418677156900000114e+01
1.467733733700000087e+01,-3.517320262199999803e+01,-3.694985721500000153e+01,-4.892262037100000072e+01,-3.596009505300000342e+01,-3.032685218199999966e+01
1.469734734699999912e+01,-2.225031850299999903e+01,-4.115924687599999743e+01,-3.878072055900000237e+01,-5.141951508399999682e+01,-3.014388803900000013e+01
1.471735735699999914e+01,-3.746107233600000086e+01,-4.023437118500000054e+01,-3.928246878899999928e+01,-4.164519127999999881e+01,-2.661753922400000150e+01
1.473736736699999916e+01,-3.295920031099999647e+01,-3.457550302599999981e+01,-4.523687513099999791e+01,-4.778475947199999752e+01,-2.988859603499999906e+01
1.475737737699999919e+01,-4.320334905099999645e+01,-3.106501613700000064e+01,-3.796605969200000175e+01,-4.005527454799999987e+01,-3.174762718799999917e+01
1.477738738699999921e+01,-3.792750249800000262e+01,-3.778002794999999736e+01,-4.065478507299999933e+01,-3.742612096799999932e+01,-3.037203612300000088e+01
1.479739739699999923e+01,-3.124462883700000049e+01,-3.738399589800000200e+01,-3.373868125500000303e+01,-3.393247253700000243e+01,-2.942095294399999972e+01
1.481740740699999925e+01,-2.803743943199999933e+01,-4.550190420999999930e+01,-3.404979134900000304e+01,-3.533819551999999931e+01,-4.280346358399999929e+01
1.483741741699999928e+01,-4.957996757600000137e+01,-3.841783299299999754e+01,-3.482251596300000074e+01,-4.929878498800000131e+01,-2.689888879900000163e+01
1.485742742699999930e+01,-3.608000176499999867e+01,-3.276051418600000176e+01,-3.178964256200000094e+01,-3.686112898399999693e+01,-2.840682736799999830e+01
1.487743743699999932e+01,-3.762220049599999783e+01,-3.723245536200000316e+01,-3.344853928500000251e+01,-3.348591364800000036e+01,-2.946609260700000021e+01
1.489744744699999934e+01,-4.455794099700000288e+01,-3.660039030299999752e+01,-3.170486600599999960e+01,-5.105601111000000003e+01,-2.681799877399999943e+01
1.491745745699999937e+01,-4.046800395300000019e+01,-3.186452691399999892e+01,-3.166244808000000077e+01,-4.158961182099999832e+01,-2.697269783300000157e+01
1.493746746699999939e+01,-3.847107786499999804e+01,-3.242714552300000008e+01,-3.126030551799999913e+01,-3.437745573099999774e+01,-3.085229439600000134e+01
1.495747747699999941e+01,-3.805264783599999845e+01,-3.762459988500000208e+01,-3.171447193599999892e+01,-4.101967514500000078e+01,-2.476863613900000161e+01
1.497748748699999943e+01,-3.237483107500000301e+01,-3.434318517199999832e+01,-3.326604870300000272e+01,-4.320977609900000260e+01,-2.828130554599999869e+01
1.499749749699999946e+01,-3.017332109299999843e+01,-4.195412591200000207e+01,-2.715683403899999959e+01,-4.664437939500000141e+01,-2.991949796200000122e+01
1.501750750799999956e+01,-4.002494313500000089e+01,-2.755543361200000163e+01,-2.814889645199999890e+01,-3.506755485200000066e+01,-3.154501092799999995e+01
1.503751751799999958e+01,-2.073314800400000024e+01,-4.915123581299999955e+01,-2.841147278400000076e+01,-3.713714669299999827e+01,-3.363770129699999956e+01
1.505752752799999961e+01,-3.311145076799999742e+01,-3.982908943500000021e+01,-3.017466400200000010e+01,-2.802677884399999897e+01,-2.721091193399999852e+01
1.507753753799999963e+01,-3.146411406800000066e+01,-3.299214400000000325e+01,-2.804419182999999904e+01,-4.976947565700000098e+01,-2.561396214199999832e+01
1.509754754799999965e+01,-3.666173486200000298e+01,-3.693379448700000012e+01,-2.826272664500000076e+01,-4.003672005300000336e+01,-2.514481728299999830e+01
1.511755755799999967e+01,-2.915759596399999865e+01,-2.577162712999999883e+01,-2.448098794899999930e+01,-3.497077641199999931e+01,-3.168504403600000074e+01
1.513756756799999970e+01,-3.886885968100000355e+01,-4.277204060799999752e+01,-2.853180705899999836e+01,-3.244227068299999672e+01,-2.943492475300000066e+01
1.515757757799999972e+01,-3.981781527100000062e+01,-4.022903776300000089e+01,-2.722693862499999895e+01,-3.247631999299999705e+01,-2.692990560599999839e+01
1.517758758799999974e+01,-3.187013821200000052e+01,-2.006609404599999991e+01,-2.399260108200000019e+01,-2.794608262999999937e+01,-3.010273559399999854e+01
1.519759759799999976e+01,-3.382168376500000306e+01,-2.899824718900000065e+01,-2.823029060800000067e+01,-3.828284036499999843e+01,-2.582844050099999933e+01
1.521760760799999979e+01,-3.551709365800000029e+01,-3.735081155999999680e+01,-2.752641326399999855e+01,-5.078493482799999725e+01,-2.669287744800000084e+01
1.523761761799999981e+01,-4.307270215900000210e+01,-3.539517105400000219e+01,-2.949539822199999861e+01,-4.670680804599999902e+01,-2.591850154400000150e+01
1.525762762799999983e+01,-3.972636862299999905e+01,-3.596887937799999690e+01,-2.919125834900000172e+01,-4.306943382600000092e+01,-2.903481738700000037e+01
1.527763763799999985e+01,-4.701269558100000268e+01,-3.961400631800000127e+01,-2.872659204600000038e+01,-3.798207368900000347e+01,-3.533784818400000205e+01
1.529764764799999988e+01,-3.515028987600000221e+01,-3.727062560299999916e+01,-3.143915287500000133e+01,-4.077879573999999963e+01,-3.025772042699999886e+01
1.531765765799999990e+01,-4.590078082499999823e+01,-3.496027091500000239e+01,-3.051137433699999946e+01,-4.267920597700000229e+01,-2.288817229400000031e+01
1.533766766799999992e+01,-3.398880364499999729e+01,-3.890544180900000271e+01,-3.150062459400000137e+01,-4.352515035100000063e+01,-3.238330884599999848e+01
1.535767767799999994e+01,-3.696213773600000252e+01,-3.431117966299999722e+01,-2.778130279599999852e+01,-4.063956719299999776e+01,-3.054479340800000031e+01
1.537768768799999997e+01,-3.705917841800000190e+01,-3.577998233999999655e+01,-3.600949725299999926e+01,-3.751138146099999915e+01,-3.542760984899999954e+01
1.539769769799999999e+01,-2.560071558899999999e+01,-4.125971992499999885e+01,-2.898904454899999905e+01,-4.430484535400000112e+01,-3.061531516399999830e+01
1.541770770800000001e+01,-3.768080778800000274e+01,-3.823672649499999920e+01,-3.176271972400000010e+01,-3.582556812100000343e+01,-2.629444777899999863e+01
1.543771771800000003e+01,-4.160452003700000034e+01,-3.315123309900000237e+01,-3.074690209199999913e+01,-4.292872296600000226e+01,-2.524757314600000058e+01
1.545772772800000006e+01,-3.083139938600000107e+01,-3.283127784799999915e+01,-3.083281883400000112e+01,-4.053846731400000181e+01,-2.919582412100000113e+01
1.547773773800000008e+01,-5.279908938900000237e+01,-4.670356142400000010e+01,-2.878027973800000083e+01,-3.659648949999999701e+01,-2.945337325899999925e+01
1.549774774800000010e+01,-3.816651525300000003e+01,-3.037463627300000013e+01,-3.784358430300000009e+01,-4.824967911899999962e+01,-3.012483742999999947e+01
1.551775775800000012e+01,-3.550750516499999776e+01,-3.990522471799999948e+01,-3.300085196300000234e+01,-3.493756196599999697e+01,-2.624730105000000080e+01
1.553776776800000015e+01,-4.017552329600000149e+01,-2.533744854300000071e+01,-3.094390907400000046e+01,-3.874478465100000335e+01,-3.430976789099999991e+01
1.555777777800000017e+01,-3.271799057700000191e+01,-4.866934934100000021e+01,-3.160418087800000109e+01,-4.584833854899999750e+01,-2.517367114299999997e+01
1.557778778800000019e+01,-3.614468129000000118e+01,-3.445565920199999965e+01,-3.120708887199999992e+01,-3.459582124399999969e+01,-3.197962120500000083e+01
1.559779779800000021e+01,-3.502142365099999921e+01,-3.875482677800000175e+01,-3.172724373100000150e+01,-4.287770592199999697e+01,-3.587765620100000064e+01
1.561780780800000024e+01,-3.489621309700000040e+01,-2.981802584900000141e+01,-3.441993089799999694e+01,-3.727649034299999897e+01,-3.084771726399999991e+01
1.563781781800000026e+01,-2.566368038799999951e+01,-4.320894570899999820e+01,-3.160454470599999865e+01,-2.819289626500000168e+01,-2.205244725900000091e+01
1.565782782800000028e+01,-3.181497653499999956e+01,-3.844261923599999875e+01,-2.832970498099999901e+01,-3.725080761000000251e+01,-3.063870936100000009e+01
1.567783783800000030e+01,-2.726710194300000012e+01,-3.138877891599999970e+01,-2.807354447999999891e+01,-3.823037988299999768e+01,-2.985320893000000098e+01
1.569784784800000033e+01,-3.378638976399999905e+01,-2.525588016900000099e+01,-2.863812564299999863e+01,-3.317736425900000086e+01,-2.730052511199999898e+01
1.571785785800000035e+01,-3.192635366700000077e+01,-3.018210881299999926e+01,-3.288955885400000057e+01,-3.564564003099999923e+01,-2.960520471999999970e+01
1.573786786800000037e+01,-3.369205392799999998e+01,-3.257501276800000056e+01,-3.349935696299999677e+01,-3.816996736899999831e+01,-3.426834813800000035e+01
1.575787787800000039e+01,-3.631155311399999874e+01,-3.453401422599999648e+01,-2.904456955799999918e+01,-4.871216589499999827e+01,-3.273702081999999791e+01
1.577788788800000042e+01,-3.301450055699999808e+01,-3.466418242600000355e+01,-2.961071162300000026e+01,-3.742379844500000274e+01,-2.754239980399999865e+01
1.579789789800000044e+01,-3.183231586200000152e+01,-2.615710593000000017e+01,-2.725351353499999973e+01,-3.961221347299999707e+01,-2.335468587900000159e+01
1.581790790800000046e+01,-4.398585606999999698e+01,-3.625399540000000087e+01,-2.851647064899999862e+01,-3.094766651400000157e+01,-2.322688837999999834e+01
1.583791791800000048e+01,-4.959801646999999747e+01,-3.458160064799999844e+01,-2.950357760700000043e+01,-2.995908665900000045e+01,-2.733273860699999958e+01
1.585792792800000051e+01,-3.498258227499999862e+01,-3.251980913300000253e+01,-2.823088372999999862e+01,-3.487500201200000305e+01,-2.646906538200000014e+01
1.587793793800000053e+01,-3.732000528799999728e+01,-2.642623562300000017e+01,-2.901938310599999937e+01,-3.424426810100000296e+01,-2.865281869500000056e+01
1.589794794800000055e+01,-4.004876472600000170e+01,-4.196628711700000025e+01,-2.905486592900000176e+01,-3.330977840300000281e+01,-2.666266140000000107e+01
1.591795795800000057e+01,-3.631354237099999693e+01,-3.536339591899999846e+01,-2.597802367999999973e+01,-3.083105570000000029e+01,-2.995885177199999916e+01
1.593796796800000060e+01,-3.315594057500000247e+01,-4.464855804399999784e+01,-2.752643486299999864e+01,-3.476411715799999769e+01,-2.768565741200000119e+01
1.595797797800000062e+01,-4.205123542399999792e+01,-3.411560837399999713e+01,-2.586537168599999958e+01,-3.008995367900000062e+01,-3.073848952100000176e+01
1.597798798800000064e+01,-3.408121473100000287e+01,-2.842353650800000153e+01,-2.490894201800000118e+01,-3.192079915300000081e+01,-3.408868309799999707e+01
1.599799799800000066e+01,-3.455373398500000093e+01,-3.248933973700000166e+01,-2.630273269399999947e+01,-3.468736014899999986e+01,-2.879137408400000098e+01
1.601800800799999891e+01,-2.550456683599999863e+01,-3.421055323499999901e+01,-2.672226592699999870e+01,-3.263669802100000084e+01,-3.012874826999999911e+01
1.603801801799999893e+01,-3.233224793699999822e+01,-2.761287787999999921e+01,-2.426100886600000095e+01,-2.653458328800000032e+01,-2.823206018500000170e+01
1.605802802799999895e+01,-3.704786382500000030e+01,-4.677144877399999956e+01,-2.555318302099999883e+01,-3.736567923599999830e+01,-2.756419253099999978e+01
1.607803803799999898e+01,-2.669133416800000091e+01,-4.658069254000000115e+01,-2.581485746799999959e+01,-3.240726644600000128e+01,-2.744638848499999995e+01
1.609804804799999900e+01,-3.457078135900000149e+01,-4.019080019300000117e+01,-2.396682757900000027e+01,-3.677114559200000343e+01,-2.710135026100000033e+01
1.611805805799999902e+01,-3.677799450999999920e+01,-3.659213392800000264e+01,-2.520829559699999933e+01,-3.572294402600000041e+01,-2.629840434300000140e+01
1.613806806799999904e+01,-2.600629508400000134e+01,-2.537789533999999847e+01,-2.374973263000000046e+01,-4.405470054900000321e+01,-2.583523724100000152e+01
1.615807807799999907e+01,-2.555381107499999871e+01,-4.155227452500000140e+01,-2.887489332499999861e+01,-3.506791683299999818e+01,-2.918467255499999879e+01
1.617808808799999909e+01,-2.945592648399999902e+01,-4.888112135200000097e+01,-2.603138121699999985e+01,-3.869696253699999744e+01,-2.613151440900000111e+01
1.619809809799999911e+01,-3.142435467600000010e+01,-3.723702339500000136e+01,-2.620940134900000018e+01,-3.874693837400000263e+01,-3.179969340599999938e+01
1.621810810799999913e+01,-2.035490997200000152e+01,-4.094257173599999788e+01,-2.651195676800000101e+01,-3.274887441199999927e+01,-2.379468854699999980e+01
1.623811811799999916e+01,-3.643946624200000173e+01,-3.887580488199999706e+01,-2.778825188000000068e+01,-4.531250574599999936e+01,-2.437254094200000054e+01
1.625812812799999918e+01,-3.921315087899999696e+01,-2.324222436100000166e+01,-2.826875161699999950e+01,-3.025375114199999871e+01,-2.195841675799999848e+01
1.627813813799999920e+01,-2.901919733700000137e+01,-4.895540386500000096e+01,-3.182365275700000140e+01,-3.439502379999999704e+01,-2.785502960299999842e+01
1.629814814799999922e+01,-2.870277001699999886e+01,-3.434292226200000187e+01,-2.785753166399999969e+01,-3.475873120199999988e+01,-2.207615708699999857e+01
1.631815815799999925e+01,-2.658967633399999997e+01,-3.869231798399999889e+01,-2.671954972800000050e+01,-3.103547570199999939e+01,-2.000966705300000115e+01
1.633816816799999927e+01,-2.610537260199999920e+01,-3.369417738899999648e+01,-2.738356999200000175e+01,-3.623323549399999877e+01,-2.887117161800000176e+01
1.635817817799999929e+01,-3.021685777100000081e+01,-3.096925034999999937e+01,-2.678778178099999963e+01,-3.917588261800000282e+01,-2.750628328299999836e+01
1.637818818799999931e+01,-1.677261435200000150e+01,-3.715201876399999747e+01,-2.639459217699999982e+01,-4.310667055599999742e+01,-3.040022572299999837e+01
1.639819819799999934e+01,-3.493925299200000012e+01,-3.541291778499999765e+01,-2.667993563399999957e+01,-3.466710496099999972e+01,-3.039955613000000056e+01
1.641820820799999936e+01,-2.404729615500000151e+01,-3.385940905700000059e+01,-2.328548809799999830e+01,-2.914390331699999948e+01,-2.985802750599999911e+01
1.643821821799999938e+01,-2.693280404500000103e+01,-3.825909054099999906e+01,-2.885731763900000146e+01,-3.406789159299999881e+01,-2.331728488199999916e+01
1.645822822799999940e+01,-9.380720817700000325e+00,-3.120910271700000038e+01,-2.434776151999999882e+01,-3.463367417900000333e+01,-2.387681732100000076e+01
1.647823823799999943e+01,-3.338912673499999784e+01,-3.634237101200000097e+01,-2.758940173799999940e+01,-3.495181806299999749e+01,-5.169966326699999826e+01
1.649824824799999945e+01,-7.046762850099999298e+01,-3.117141984299999891e+01,-2.957868965200000133e+01,-3.343216034000000292e+01,-3.187941279800000061e+01
1.651825825799999947e+01,-3.886286975000000155e+01,-3.600380909500000115e+01,-2.689358407299999953e+01,-3.474625060500000018e+01,-2.958170213500000045e+01
1.653826826799999949e+01,-2.636748325299999962e+01,-3.085441541000000143e+01,-2.870249031399999851e+01,-3.476856258200000127e+01,-2.524146583199999938e+01
1.655827827799999952e+01,-3.144015187899999830e+01,-3.570903754700000121e+01,-2.902404598000000036e+01,-3.072114606599999931e+01,-3.056412370099999976e+01
1.657828828799999954e+01,-2.800429470299999934e+01,-3.278394949199999786e+01,-3.142817092800000012e+01,-4.082352998500000041e+01,-3.244543301000000213e+01
1.659829829799999956e+01,-2.634119127099999957e+01,-3.630982394899999832e+01,-2.891294101300000108e+01,-4.268424269700000195e+01,-2.884733748100000028e+01
1.661830830799999958e+01,-3.988508602299999950e+01,-3.615137181800000121e+01,-2.992930309999999849e+01,-3.949457191399999800e+01,-3.646434273999999931e+01
1.663831831799999961e+01,-2.682651551100000020e+01,-3.614157845300000105e+01,-3.446707298100000116e+01,-3.981088280200000185e+01,-3.665039191999999701e+01
1.665832832799999963e+01,-2.716736236299999874e+01,-3.068496654699999837e+01,-3.036312602699999985e+01,-3.791434025400000252e+01,-2.498804809499999990e+01
1.667833833799999965e+01,-2.794985597200000171e+01,-5.133023512399999788e+01,-3.176242735299999964e+01,-3.330998034499999960e+01,-2.703664877299999958e+01
1.669834834799999967e+01,-2.322287892399999976e+01,-4.812404412899999784e+01,-3.175530792700000049e+01,-3.533546332800000300e+01,-2.659970054800000128e+01
1.671835835799999970e+01,-3.566141488000000237e+01,-3.901364913399999779e+01,-4.571922623900000104e+01,-3.975034108500000229e+01,-2.868397547100000011e+01
1.673836836799999972e+01,-2.932643711200000070e+01,-4.488384428700000228e+01,-3.511327940999999697e+01,-3.325277115400000127e+01,-2.435647734200000158e+01
1.675837837799999974e+01,-1.608092491300000049e+01,-4.500396875700000265e+01,-3.284174712800000151e+01,-3.303845495600000248e+01,-3.149868611599999824e+01
1.677838838799999976e+01,-2.857282666100000057e+01,-4.923398503100000312e+01,-4.060303094900000076e+01,-3.110263912299999944e+01,-2.663556204500000035e+01
1.679839839799999979e+01,-2.868449887299999901e+01,-2.380095594799999859e+01,-3.299665970699999917e+01,-3.233621258400000187e+01,-2.974198528300000177e+01
1.681840840799999981e+01,-2.678080512500000054e+01,-3.210192873199999752e+01,-3.624526698599999719e+01,-3.189470827599999936e+01,-3.063164572799999874e+01
1.683841841799999983e+01,-2.436528511999999935e+01,-3.239786225299999955e+01,-3.479801357400000228e+01,-2.835516669400000112e+01,-2.445182522100000000e+01
1.685842842799999985e+01,-2.859456883600000054e+01,-2.623988611900000123e+01,-3.398079033799999848e+01,-3.262825743399999823e+01,-2.457802608200000094e+01
1.687843843799999988e+01,-3.632568686700000171e+01,-3.796765535299999783e+01,-4.509031016699999839e+01,-2.611965051800000026e+01,-2.483543405400000026e+01
1.689844844799999990e+01,-2.908196763799999829e+01,-4.052589247099999881e+01,-3.587417659500000156e+01,-2.902118795699999865e+01,-2.497561852100000124e+01
1.691845845799999992e+01,-4.309139197799999721e+01,-3.291126488199999756e+01,-5.668028088999999881e+01,-2.979773537299999830e+01,-3.145949604899999841e+01
1.693846846799999994e+01,-2.905324638000000093e+01,-3.675833364900000078e+01,-3.453573701399999862e+01,-2.892140935200000129e+01,-3.557812406000000038e+01
1.695847847799999997e+01,-3.157718406100000053e+01,-2.940916490600000088e+01,-3.381055785200000230e+01,-2.834658345100000076e+01,-1.639351260000000110e+01
1.697848848799999999e+01,-2.822695156099999991e+01,-2.662194891500000082e+01,-3.044568265599999890e+01,-2.819009410900000034e+01,-2.867896053400000156e+01
1.699849849800000001e+01,-3.343688082599999944e+01,-3.305270761700000293e+01,-2.776747370100000012e+01,-2.078261294500000034e+01,-2.263477752900000084e+01
1.701850850900000012e+01,-4.027514364400000346e+01,-4.541639031300000084e+01,-3.620157264499999883e+01,-3.036748069300000097e+01,-3.102021909600000171e+01
1.703851851900000014e+01,-3.324279052499999665e+01,-3.110022627900000103e+01,-3.266927052999999859e+01,-3.073195416000000080e+01,-3.000554166899999942e+01
1.705852852900000016e+01,-6.345166622200000006e+01,-2.983842319500000073e+01,-3.182113338999999996e+01,-3.512676470699999953e+01,-2.337702665000000124e+01
1.707853853900000018e+01,-4.296502487699999762e+01,-3.979493864100000167e+01,-3.774960502799999773e+01,-3.036575548900000143e+01,-3.245238763599999743e+01
1.709854854900000021e+01,-2.797751893799999934e+01,-2.943472366900000026e+01,-3.462335405400000354e+01,-2.543135171200000144e+01,-3.700448168100000146e+01
1.711855855900000023e+01,-4.733738114700000210e+01,-4.105497553899999730e+01,-2.718342040099999934e+01,-3.188656112500000006e+01,-2.740199054200000006e+01
1.713856856900000025e+01,-4.541194045099999954e+01,-3.096010867600000083e+01,-4.270945426099999764e+01,-3.903629360000000048e+01,-2.807810657599999971e+01
1.715857857900000027e+01,-3.007382640799999862e+01,-2.924682945099999998e+01,-2.190450999800000176e+01,-2.427529218300000124e+01,-2.990440378399999943e+01
1.717858858900000030e+01,-3.676037980000000260e+01,-3.581940424799999789e+01,-3.240372708000000301e+01,-4.019299432700000096e+01,-2.870481884100000158e+01
1.719859859900000032e+01,-4.637538830100000098e+01,-3.303128731099999982e+01,-2.626468803299999877e+01,-3.183585325800000021e+01,-3.028975551699999968e+01
1.721860860900000034e+01,-3.653052211499999657e+01,-2.853219889000000009e+01,-2.841575075000000083e+01,-2.935407091100000088e+01,-3.769552358899999689e+01
1.723861861900000036e+01,-2.675866183000000120e+01,-3.335795312599999818e+01,-3.021551409499999963e+01,-2.808821286899999947e+01,-3.229539554499999809e+01
1.725862862900000039e+01,-3.666487313500000056e+01,-3.666475622699999803e+01,-2.409039078800000055e+01,-3.330876693999999816e+01,-2.970209670799999913e+01
1.727863863900000041e+01,-3.851294534099999822e+01,-2.635430665100000169e+01,-2.448876019400000104e+01,-2.925965366000000145e+01,-2.354242829900000089e+01
1.729864864900000043e+01,-3.678651379600000126e+01,-2.929868932999999842e+01,-3.533171377400000068e+01,-3.330419972400000006e+01,-2.955006690900000166e+01
1.731865865900000045e+01,-3.272313337700000346e+01,-3.319442218300000036e+01,-2.745686719500000095e+01,-2.836402837900000051e+01,-2.074971532300000021e+01
1.733866866900000048e+01,-3.890362313600000022e+01,-2.934628221099999834e+01,-2.761508194900000035e+01,-2.298503221500000038e+01,-2.920328937900000099e+01
1.735867867900000050e+01,-3.972774385900000027e+01,-2.980077979500000041e+01,-3.161524987199999970e+01,-3.077233201499999993e+01,-3.555896719300000086e+01
1.737868868900000052e+01,-3.067709947799999881e+01,-3.047279396400000095e+01,-2.750295883800000141e+01,-3.543889145200000002e+01,-3.634743048899999707e+01
1.739869869900000054e+01,-3.839107840500000179e+01,-3.502057996399999951e+01,-2.436136655600000012e+01,-2.827625929299999896e+01,-3.326549489100000301e+01
1.741870870900000057e+01,-2.909403349000000105e+01,-3.098428855299999896e+01,-2.996099527100000159e+01,-2.317602754500000017e+01,-2.271339665800000063e+01
1.743871871900000059e+01,-3.946823987300000169e+01,-2.576690570099999888e+01,-3.008220382800000081e+01,-3.040383544099999824e+01,-3.997784710399999852e+01
1.745872872900000061e+01,-2.948953859299999891e+01,-3.733094731199999927e+01,-2.995342630900000103e+01,-3.101778834499999959e+01,-3.348266705900000062e+01
1.747873873900000063e+01,-3.167847379999999902e+01,-3.511374370200000072e+01,-2.955917941099999879e+01,-2.740077609700000139e+01,-2.484704805699999852e+01
1.749874874900000066e+01,-2.046654207699999972e+01,-2.198659908300000154e+01,-2.038207545699999912e+01,-3.218126500599999673e+01,-3.053236775199999897e+01
1.751875875900000068e+01,-3.997712517899999796e+01,-2.313662152799999916e+01,-3.052846961799999903e+01,-3.109531877799999933e+01,-3.069522924199999991e+01
1.753876876900000070e+01,-3.477239346500000039e+01,-3.765260180800000001e+01,-2.910948882799999993e+01,-2.500631496800000164e+01,-2.266496867100000046e+01
1.755877877900000072e+01,-3.186455891099999960e+01,-3.033829501600000000e+01,-2.721260069299999884e+01,-3.277744397099999674e+01,-3.040152619999999928e+01
1.757878878900000075e+01,-4.077138791499999826e+01,-2.554805280900000142e+01,-2.030756762100000046e+01,-2.171273412600000086e+01,-4.978706044399999797e+01
1.759879879900000077e+01,-3.167511953900000066e+01,-2.766332336400000003e+01,-2.820875555800000001e+01,-2.483396468500000154e+01,-2.753637738000000112e+01
1.761880880900000079e+01,-1.842789215399999847e+01,-2.551544536200000124e+01,-2.535992634500000165e+01,-3.102538309899999902e+01,-3.139266912200000093e+01
1.763881881900000081e+01,-3.852597469399999852e+01,-2.441043276999999989e+01,-2.902090152099999898e+01,-4.349098439800000193e+01,-4.224520237699999825e+01
1.765882882900000084e+01,-3.815400312100000235e+01,-3.094324960899999866e+01,-2.927355453299999866e+01,-2.807067631099999971e+01,-3.890982434200000029e+01
1.767883883900000086e+01,-2.521111730599999845e+01,-3.052656296400000002e+01,-2.198483650800000078e+01,-2.693559831099999968e+01,-3.293918490299999746e+01
1.769884884900000088e+01,-3.512606657999999982e+01,-3.357201120999999944e+01,-2.695514013000000020e+01,-1.719450530099999952e+01,-2.632729294299999978e+01
1.771885885900000090e+01,-4.621124533300000081e+01,-2.601420699000000170e+01,-2.910152481600000129e+01,-3.064795149300000077e+01,-2.065590145099999830e+01
1.773886886900000093e+01,-2.200762971500000020e+01,-3.307891241299999763e+01,-3.248034516300000263e+01,-3.482332977899999804e+01,-2.966484309899999872e+01
1.775887887900000095e+01,-4.374431162799999839e+01,-3.058302326700000151e+01,-3.116424106099999847e+01,-2.469862947800000086e+01,-4.206834831700000166e+01
1.777888888900000097e+01,-3.165530986599999963e+01,-3.451018921499999692e+01,-2.808371566499999972e+01,-3.176778976499999985e+01,-2.813146971600000157e+01
1.779889889900000099e+01,-3.095999335400000163e+01,-3.662785050099999751e+01,-3.047460852100000039e+01,-2.538992756600000078e+01,-1.397530528000000061e+01
1.781890890900000102e+01,-3.822047677799999832e+01,-3.595107074799999936e+01,-2.853347493500000098e+01,-2.677531194000000170e+01,-3.143469247499999852e+01
1.783891891900000104e+01,-2.389535154000000006e+01,-3.025119714699999918e+01,-2.514146660200000127e+01,-2.803153387700000110e+01,-3.814083359100000337e+01
1.785892892900000106e+01,-2.494354958599999961e+01,-1.968150434200000021e+01,-2.961164558200000130e+01,-2.281055683299999970e+01,-3.750010163099999971e+01
1.787893893900000108e+01,-3.960114602099999814e+01,-4.208553750499999779e+01,-3.086433891700000132e+01,-2.754504806399999950e+01,-3.171860071100000056e+01
1.789894894900000111e+01,-2.504180621000000073e+01,-3.412710827800000146e+01,-2.741849334300000152e+01,-2.957689657799999949e+01,-2.675580941899999843e+01
1.791895895900000113e+01,-4.686280521900000196e+01,-2.510374807999999902e+01,-2.766179643299999924e+01,-2.200624395399999855e+01,-2.611410296900000105e+01
1.793896896900000115e+01,-3.563536458099999749e+01,-2.717884821799999884e+01,-6.608914523900000226e+00,-4.279441528799999617e+00,-2.423590894599999856e+01
1.795897897900000117e+01,-2.984675412700000052e+01,-3.859950289999999740e+01,-2.780522536499999831e+01,-2.618565220300000007e+01,-2.578598055899999864e+01
1.797898898900000120e+01,-3.376932309400000065e+01,-2.697394283299999884e+01,-2.885965257399999828e+01,-3.037617949499999881e+01,-2.726571291899999849e+01
1.799899899900000122e+01,-3.198923581600000077e+01,-3.374743188499999746e+01,-2.564990603300000060e+01,-2.378652184699999950e+01,-2.164696659000000167e+01
1.801900900900000124e+01,-3.255480562099999986e+01,-3.432298782000000159e+01,-4.460378883500000313e+01,-2.486416973000000041e+01,-2.416082685199999958e+01
1.803901901900000126e+01,-3.471877253099999905e+01,-4.932795803700000192e+01,-3.761636829799999759e+01,-3.268672185100000149e+01,-2.759104132799999931e+01
1.805902902900000129e+01,-2.749057149200000083e+01,-2.709094033599999918e+01,-2.934532860899999918e+01,-2.487301294199999901e+01,-2.829131765500000029e+01
1.807903903900000131e+01,-4.818429125699999815e+01,-4.421558479200000136e+01,-3.029753107000000156e+01,-2.617007038399999885e+01,-2.738432798199999851e+01
1.809904904900000133e+01,-3.846451834999999875e+01,-3.614274609900000002e+01,-3.171017408100000168e+01,-2.203344438799999949e+01,-2.379356286299999823e+01
1.811905905900000135e+01,-2.297674282199999851e+01,-2.479375905399999880e+01,-3.579473565400000012e+01,-3.201741841500000163e+01,-2.439416526899999837e+01
1.813906906900000138e+01,-3.696470010099999826e+01,-3.308868870300000253e+01,-2.828781650000000170e+01,-3.452318738599999648e+01,-1.777307387999999833e+01
1.815907907900000140e+01,-2.493884778099999977e+01,-3.921623311399999778e+01,-4.137343704199999905e+01,-2.832110752599999870e+01,-2.822631307700000036e+01
1.817908908900000142e+01,-3.003231854499999898e+01,-3.088851366999999826e+01,-4.145228677899999781e+01,-3.002132811899999965e+01,-3.049722676000000021e+01
1.819909909900000144e+01,-3.754980074099999854e+01,-3.212522891500000100e+01,-3.717374865099999681e+01,-3.385081377099999855e+01,-2.393367935199999863e+01
1.821910910900000147e+01,-2.926114308800000074e+01,-3.749616342200000219e+01,-3.282632337799999789e+01,-3.529602360599999855e+01,-3.020886880200000135e+01
1.823911911900000149e+01,-3.482658337800000226e+01,-2.739311013200000033e+01,-3.073924187500000116e+01,-3.481164614000000057e+01,-2.986457342699999984e+01
1.825912912900000151e+01,-3.970784823299999999e+01,-4.963514626100000271e+01,-3.137386957800000076e+01,-4.131857512300000224e+01,-1.107202799400000082e+01
1.827913913900000153e+01,-4.177147846199999748e+01,-2.933001701299999908e+01,-2.975029129400000016e+01,-3.457746316899999783e+01,-4.329322071800000060e+01
1.829914914900000156e+01,-3.099652437499999991e+01,-3.807663455099999794e+01,-2.814182751999999965e+01,-2.987578411999999872e+01,-3.811166124500000052e+01
1.831915915900000158e+01,-1.137634217099999923e+01,-4.349984306500000031e+01,-3.123971110800000162e+01,-3.754033101400000305e+01,-3.940883591899999772e+01
1.833916916900000160e+01,-3.377624433199999743e+01,-2.386564230700000167e+01,-2.636966077599999991e+01,-2.019845418999999964e+01,-2.858576416200000025e+01
1.835917917900000162e+01,-3.422415657199999828e+01,-1.350629100499999957e+01,-1.671364868899999934e+01,-2.395856524399999898e+01,-1.894826229599999934e+01
1.837918918900000165e+01,-2.830810395800000023e+01,-3.844977525099999838e+01,-3.435875266200000056e+01,-3.421046057800000284e+01,-3.284372662999999903e+01
1.839919919900000167e+01,-3.553964649400000297e+01,-3.767008128300000180e+01,-3.753589199500000007e+01,-2.894413840600000043e+01,-2.615548018400000174e+01
1.841920920900000169e+01,-2.703164376200000163e+01,-2.935880159399999911e+01,-2.746532912900000056e+01,-2.132252713200000116e+01,-2.898724198100000038e+01
1.843921921900000171e+01,-2.971683001599999940e+01,-3.388307732599999866e+01,-2.170115349900000012e+01,-2.318093818299999853e+01,-4.833993206699999945e+01
1.845922922900000174e+01,-3.028252930100000029e+01,-3.655708298399999734e+01,-4.500027450299999998e+01,-3.635178751499999805e+01,-4.324259776400000277e+01
1.847923923900000176e+01,-3.808040807399999750e+01,-3.201419756100000313e+01,-4.662030510000000305e+01,-3.115133565100000013e+01,-3.076417101299999857e+01
1.849924924899999823e+01,-4.227816676599999823e+01,-3.747425894799999924e+01,-2.862474211199999985e+01,-2.398928249500000121e+01,-3.456401784399999855e+01
1.851925925899999825e+01,-3.386845050200000173e+01,-3.144704037900000060e+01,-3.415256259699999930e+01,-2.610870499800000033e+01,-3.190500692299999841e+01
1.853926926899999827e+01,-2.932874235399999918e+01,-3.399154342500000325e+01,-2.492352347299999948e+01,-1.876186507199999909e+01,-2.029308087300000096e+01
1.855927927899999830e+01,-4.543009218800000326e+01,-4.336948161699999815e+01,-3.128988862900000001e+01,-2.773873531899999989e+01,-3.810755863600000026e+01
1.857928928899999832e+01,-2.445348187000000095e+01,-3.008894535599999998e+01,-2.614633779300000072e+01,-2.610962777399999979e+01,-3.172401772499999950e+01
1.859929929899999834e+01,-3.003648473699999855e+01,-4.761315486299999833e+01,-3.837844522000000325e+01,-2.855049937900000145e+01,-3.013725611799999982e+01
1.861930930899999836e+01,-2.768708435399999956e+01,-4.583554630799999785e+01,-3.089837813300000136e+01,-3.109047565299999860e+01,-3.221186738899999824e+01
1.863931931899999839e+01,-1.767098861899999918e+01,-3.157135395199999905e+01,-2.895629620800000126e+01,-4.068058756700000345e+01,-2.871412288200000162e+01
1.865932932899999841e+01,-2.987563454400000040e+01,-3.430204736799999665e+01,-2.873011527599999937e+01,-3.176369562600000052e+01,-3.656592960500000089e+01
1.867933933899999843e+01,-3.409048656699999924e+01,-4.180469393900000341e+01,-2.156736556399999927e+01,-1.678388310900000135e+01,-1.343470519499999938e+01
1.869934934899999845e+01,-3.422606011399999915e+01,-3.279296453500000297e+01,-2.787943724399999823e+01,-3.312567073700000009e+01,-4.157448747000000111e+01
1.871935935899999848e+01,-3.596893959100000160e+01,-3.189672215299999891e+01,-2.206102137399999918e+01,-1.732972031699999960e+01,-3.839981221699999736e+01
1.873936936899999850e+01,-2.576835462500000062e+01,-5.877215327100000053e+01,-3.204860092199999855e+01,-3.039483863399999919e+01,-4.878740233999999987e+01
1.875937937899999852e+01,-4.123048218800000342e+01,-4.071913612800000237e+01,-3.162597226200000122e+01,-3.367051994500000234e+01,-3.986988256699999766e+01
1.877938938899999854e+01,-3.728374161100000350e+01,-4.811364313899999701e+01,-4.341798646499999847e+01,-2.797795063199999888e+01,-2.504290621099999825e+01
1.879939939899999857e+01,-3.284771552600000177e+01,-2.281625673899999995e+01,-3.506019518000000090e+01,-5.154257766900000348e+01,-3.799513247600000199e+01
1.881940940899999859e+01,-3.488893530899999718e+01,-4.158241678600000313e+01,-3.912943363099999772e+01,-4.339735054599999842e+01,-3.117103470700000045e+01
1.883941941899999861e+01,-5.044782181699999768e+01,-5.034831013800000221e+01,-2.603568577000000062e+01,-3.000081642299999984e+01,-3.097648911799999993e+01
1.885942942899999863e+01,-2.783693997700000011e+01,-3.106198369199999831e+01,-2.595328420399999914e+01,-2.398780809599999841e+01,-2.335821790099999973e+01
1.887943943899999866e+01,-3.329808972600000061e+01,-3.524876705900000218e+01,-1.838927785899999989e+01,-2.685308830099999966e+01,-3.179653724599999975e+01
1.889944944899999868e+01,-4.291896059300000132e+01,-4.080160186500000208e+01,-3.974265472100000096e+01,-3.779742287700000247e+01,-4.897595004099999727e+01
1.891945945899999870e+01,-3.573819219800000013e+01,-3.229730335699999699e+01,-3.038380803300000110e+01,-3.485657702499999999e+01,-3.967189544099999665e+01
1.893946946899999872e+01,-4.054470630699999845e+01,-6.563727241399999457e+01,-3.752244355199999859e+01,-3.059132487300000136e+01,-3.185721269500000119e+01
1.895947947899999875e+01,-4.030670357900000056e+01,-4.331823863000000330e+01,-2.860660235599999979e+01,-2.969764633300000156e+01,-3.870905204400000343e+01
1.897948948899999877e+01,-2.308032232500000092e+01,-2.290214716499999881e+01,-3.909480389699999847e+01,-3.337802683700000017e+01,-2.761506585500000099e+01
1.899949949899999879e+01,-3.713453794099999783e+01,-6.924543732899999782e+01,-4.323855091499999759e+01,-2.543837723000000040e+01,-4.152806972100000138e+01
1.901950950999999890e+01,-3.962970494000000343e+01,-4.810815632700000322e+01,-2.905146946500000027e+01,-3.468735290099999702e+01,-6.136238506000000115e+01
1.903951951999999892e+01,-3.282854066099999812e+01,-2.941310793099999898e+01,-1.768893874500000152e+01,-2.830696213799999938e+01,-4.473987033499999910e+01
1.905952952999999894e+01,-4.727440414699999849e+01,-4.407745453300000094e+01,-3.371370979699999992e+01,-2.931222861699999882e+01,-3.247591408800000323e+01
1.907953953999999896e+01,-3.208873965800000150e+01,-4.201134432199999935e+01,-3.905080931100000186e+01,-2.398499552599999873e+01,-3.162443324999999916e+01
1.909954954999999899e+01,-2.770524125800000093e+01,-3.172091799100000031e+01,-2.755260591900000122e+01,-2.222748893500000023e+01,-2.399016578299999836e+01
1.911955955999999901e+01,-5.646104116200000078e+01,-4.284954453699999988e+01,-2.943204642499999935e+01,-4.482280882700000291e+01,-3.326002006800000288e+01
1.913956956999999903e+01,-2.606254153100000082e+01,-2.423995134700000165e+01,-3.419822881300000006e+01,-2.908240478800000162e+01,-1.961536202099999926e+01
1.915957957999999905e+01,-3.531518686799999784e+01,-4.061346766100000139e+01,-3.659494375599999927e+01,-2.876228843699999871e+01,-4.489517249200000037e+01
1.917958958999999908e+01,-3.377117674299999805e+01,-4.280031584299999992e+01,-3.782409064299999812e+01,-3.542341788000000236e+01,-3.355128135399999678e+01
1.919959959999999910e+01,-3.630795499199999909e+01,-3.381797236100000248e+01,-2.035317187700000119e+01,-2.531500357699999881e+01,-2.162113917099999938e+01
1.921960960999999912e+01,-3.005929034500000085e+01,-4.652469013300000000e+01,-2.847609860400000059e+01,-2.932900517299999876e+01,-3.259384129899999749e+01
1.923961961999999914e+01,-3.356530308399999996e+01,-5.448420703400000065e+01,-3.819811083100000104e+01,-3.071884991800000009e+01,-2.917807216399999959e+01
1.925962962999999917e+01,-2.502935400899999863e+01,-2.467122365799999884e+01,-2.486978482900000031e+01,-4.180202839999999753e+01,-3.332180082299999668e+01
1.927963963999999919e+01,-5.836681936000000093e+01,-4.683493111599999992e+01,-4.385200550700000122e+01,-4.752393479300000223e+01,-4.241899790499999767e+01
1.929964964999999921e+01,-3.534451866500000250e+01,-4.389278839699999679e+01,-3.377671194900000273e+01,-4.165891900700000150e+01,-4.229773414999999659e+01
1.931965965999999923e+01,-2.773706461600000139e+01,-2.706973752400000066e+01,-1.903075260499999999e+01,-2.921137975599999947e+01,-3.666801761199999987e+01
1.933966966999999926e+01,-4.088986091000000300e+01,-4.056206325000000135e+01,-2.856811177399999835e+01,-2.841338918599999985e+01,-3.399608417299999985e+01
1.935967967999999928e+01,-4.139632200300000164e+01,-4.021927328799999657e+01,-2.451095669500000085e+01,-3.118534738099999970e+01,-3.011528550399999915e+01
1.937968968999999930e+01,-3.084052305899999880e+01,-3.586501891799999697e+01,-3.003650922899999998e+01,-2.459505575300000046e+01,-2.869638897999999827e+01
1.939969969999999932e+01,-2.854151644399999910e+01,-4.964140356200000070e+01,-2.466959121600000060e+01,-2.685831504400000114e+01,-4.877532519999999749e+01
1.941970970999999935e+01,-4.094095741499999974e+01,-3.993400177200000201e+01,-1.297697031500000087e+01,-3.419665199500000341e+01,-3.271643285199999696e+01
1.943971971999999937e+01,-3.084185099600000157e+01,-2.617997031000000163e+01,-2.833008625900000155e+01,-2.585261934800000105e+01,-2.946542612600000055e+01
1.945972972999999939e+01,-3.853947927400000140e+01,-4.443705563700000027e+01,-2.892404675199999886e+01,-2.967000100499999959e+01,-2.933611979699999850e+01
1.947973973999999941e+01,-4.042696813700000291e+01,-4.156071637099999805e+01,-2.649431770900000060e+01,-2.715551119199999874e+01,-2.837795306800000006e+01
1.949974974999999944e+01,-3.196518634999999975e+01,-3.649530329299999920e+01,-1.424631529700000065e+01,-2.977829645599999964e+01,-4.504705846800000302e+01
1.951975975999999946e+01,-5.292769538200000312e+01,-4.326174968400000154e+01,-2.972826266199999878e+01,-3.064542771400000021e+01,-3.799608173600000072e+01
1.953976976999999948e+01,-3.946042555500000049e+01,-3.367827256900000066e+01,-6.475749711899999816e+00,-1.745091090700000080e+01,-2.531531745699999902e+01
1.955977977999999950e+01,-2.837654875699999835e+01,-4.659799859400000344e+01,-2.895097817499999948e+01,-3.411172202099999851e+01,-4.395197585900000092e+01
1.957978978999999953e+01,-5.224678291899999749e+01,-5.423059730699999648e+01,-4.047638092799999754e+01,-4.040415939199999684e+01,-2.661820343200000138e+01
1.959979979999999955e+01,-2.161895400099999875e+01,-3.814365389700000009e+01,-3.599436707200000285e+01,-3.034700618500000147e+01,-2.703736594300000107e+01
1.961980980999999957e+01,-3.580989013199999960e+01,-3.290954833800000046e+01,-2.071443040000000124e+01,-3.162711406300000050e+01,-3.097837114100000022e+01
1.963981981999999959e+01,-4.225495926600000018e+01,-4.770974161200000196e+01,-4.988726752600000225e+01,-3.416022803999999979e+01,-2.819729300399999872e+01
1.965982982999999962e+01,-2.772100695500000000e+01,-2.474850594799999826e+01,-1.458962440700000052e+01,-1.317618492199999913e+01,-4.765280479700000349e+00
1.967983983999999964e+01,-3.238657913800000188e+01,-4.494256977199999881e+01,-2.783484077499999998e+01,-4.130445491700000105e+01,-3.547421388899999783e+01
1.969984984999999966e+01,-4.473628618600000095e+01,-4.856156875500000325e+01,-3.155644323499999970e+01,-4.306385205299999797e+01,-4.346861181100000238e+01
1.971985985999999968e+01,-2.198422879099999960e+01,-2.979530639400000069e+01,-3.408065498399999882e+01,-3.206796237399999683e+01,-3.993302878600000128e+01
1.973986986999999971e+01,-5.509153579200000195e+01,-4.257860270100000122e+01,-2.781693558999999993e+01,-4.010315839900000157e+01,-3.262657155000000131e+01
1.975987987999999973e+01,-5.077850870099999980e+01,-4.019663584599999950e+01,-3.349819161300000303e+01,-3.239399248800000208e+01,-3.083702415999999857e+01
1.977988988999999975e+01,-4.526555865200000284e+01,-3.744164956099999841e+01,-3.013918191599999830e+01,-5.180358470800000248e+01,-2.358497588799999889e+01
1.979989989999999977e+01,-5.122263602600000354e+01,-4.557534726699999794e+01,-1.961181296399999852e+01,-3.196171983700000041e+01,-2.876406063800000013e+01
1.981990990999999980e+01,-2.797800104599999926e+01,-3.639659541799999687e+01,-1.760451695700000130e+01,-2.655881378799999837e+01,-2.106790722099999869e+01
1.983991991999999982e+01,-5.181325333899999919e+01,-3.890346055700000250e+01,-2.929206182300000094e+01,-3.494549006999999818e+01,-2.807942654200000021e+01
1.985992992999999984e+01,-5.097992396499999757e+01,-4.872838424999999773e+01,-2.446073427099999975e+01,-4.108614715800000283e+01,-3.388598442800000043e+01
1.987993993999999986e+01,-2.536009811399999947e+01,-4.556927814099999807e+01,-3.541801033400000165e+01,-3.885266550499999738e+01,-3.039864462399999923e+01
1.989994994999999989e+01,-4.784551820099999730e+01,-3.937578110999999836e+01,-2.561131261899999956e+01,-3.504653149199999973e+01,-3.113190552600000061e+01
1.991995995999999991e+01,-5.220048755199999846e+01,-4.349148807899999980e+01,-5.450567634199999567e+00,-6.892643517299999800e+00,-2.443478203900000167e+01
1.993996996999999993e+01,-2.753561174000000022e+01,-3.850878685100000354e+01,-3.010047704899999843e+01,-3.196788192300000020e+01,-2.431980361400000135e+01
1.995997997999999995e+01,-4.374090063500000269e+01,-4.272126881399999832e+01,-2.573022711699999832e+01,-3.899227313600000144e+01,-6.227483003100000047e+01
1.997998998999999998e+01,-3.355157193600000198e+01,-5.865450649900000002e+01,-2.000769101299999875e+01,-3.208771065500000219e+01,-4.731735687100000121e+01
2.000000000000000000e+01,-2.980512127700000136e+01,-2.076554113899999976e+01,-2.781837732199999991e+01,-3.147851329599999914e+01,-2.299008205499999846e+01
