freq_GHz,S21_dB,S31_dB,S41_dB,S51_dB,S61_dB
1.000000000000000021e-02,-9.055121649199999467e+01,-6.799115120499999421e+01,-7.064365421200000128e+01,-7.947724315799999317e+01,-8.314501451399999610e+01
3.001001001000000099e-02,-7.500566085600000577e+01,-7.949419053900000165e+01,-7.375438713200000507e+01,-8.141757381499999724e+01,-7.621059059300000627e+01
5.002002002000000003e-02,-8.203488435600000628e+01,-7.595425253199999815e+01,-8.802124134500000707e+01,-8.424927843000000394e+01,-8.683027202300000624e+01
7.003003002999999560e-02,-7.324023530499999879e+01,-8.006492603799999586e+01,-7.677690990700000384e+01,-7.542179010700000674e+01,-7.859294826199999306e+01
9.004004004000000505e-02,-7.699893719599999997e+01,-7.615612837999999840e+01,-7.669272938899999303e+01,-8.756016788300000542e+01,-8.041458009800000184e+01
1.100500500500000006e-01,-1.002110506199999946e+02,-8.306044429099999604e+01,-8.045642597100000160e+01,-7.526338066499999968e+01,-7.721569538500000363e+01
1.300600600600000101e-01,-7.880406908800000565e+01,-8.305089877899999351e+01,-7.914203608100000054e+01,-8.049627594899999394e+01,-8.712543876899999873e+01
1.500700700700000056e-01,-8.490468599899999447e+01,-7.954534201799999948e+01,-8.887867788699999494e+01,-7.761747631000000069e+01,-7.723547139599999412e+01
1.700800800800000012e-01,-8.351057873300000267e+01,-7.800999274100000491e+01,-8.532185710800000322e+01,-7.738199458699999411e+01,-8.289466355999999791e+01
1.900900900899999968e-01,-8.338725760200000536e+01,-8.539251697999999635e+01,-9.245462768599999492e+01,-7.486509979800000281e+01,-7.984162909299999455e+01
2.101001000999999924e-01,-8.914834894700000234e+01,-7.844183094900000697e+01,-7.970247713999999917e+01,-8.546067705699999806e+01,-8.655837545200000704e+01
2.301101101100000157e-01,-8.211891255099999398e+01,-8.869415220400000521e+01,-8.130604628899999398e+01,-7.649523919700000363e+01,-8.520892535699999826e+01
2.501201201200000113e-01,-7.686347373499999946e+01,-8.093750801699999897e+01,-8.005015577300000018e+01,-8.827378186900000401e+01,-7.766353349700000308e+01
2.701301301299999791e-01,-7.309230425900000228e+01,-8.325916028000000324e+01,-7.548842863900000566e+01,-8.030160294099999874e+01,-8.818187318500000060e+01
2.901401401400000024e-01,-8.455603167799999653e+01,-7.777061163999999849e+01,-7.889780301300000076e+01,-9.957793433800000571e+01,-8.333974038499999892e+01
3.101501501499999702e-01,-7.840241855899999734e+01,-7.817457434700000363e+01,-8.103677036800000621e+01,-7.930976987100000031e+01,-7.521389995600000589e+01
3.301601601600000491e-01,-8.482160953199999653e+01,-8.104146560700000634e+01,-8.238649831200000051e+01,-8.044404352700000516e+01,-7.509252181399999415e+01
3.501701701700000169e-01,-7.665055444799999407e+01,-7.682725227599999585e+01,-7.442685819199999742e+01,-8.698412774800000591e+01,-7.856397400999999547e+01
3.701801801799999847e-01,-7.540854543300000046e+01,-7.993864071599999477e+01,-8.871746416899999588e+01,-7.248537068000000261e+01,-8.120764714199999901e+01
3.901901901900000080e-01,-8.067629886299999953e+01,-7.709917360100000394e+01,-9.273230135500000415e+01,-7.988619468199999574e+01,-7.352963807199999735e+01
4.102002001999999758e-01,-8.169849838000000375e+01,-7.475733573899999840e+01,-7.629903890399999966e+01,-8.114535851399999444e+01,-7.270463912600000356e+01
4.302102102099999992e-01,-7.633550315799999453e+01,-7.934678208299999369e+01,-7.596828405099999770e+01,-7.659103457199999809e+01,-7.560487980800000685e+01
4.502202202200000225e-01,-7.622005195399999877e+01,-7.613379134100000556e+01,-8.379896760100000108e+01,-7.628263724400000001e+01,-7.350263336400000469e+01
4.702302302300000458e-01,-7.643223937899999498e+01,-7.115444644599999435e+01,-7.620784991099999672e+01,-7.519909964299999672e+01,-8.073737341800000422e+01
4.902402402400000136e-01,-8.596243296900000530e+01,-8.094740779699999678e+01,-7.475107814999999789e+01,-8.106712811200000601e+01,-8.287683123499999738e+01
5.102502502500000370e-01,-8.150919476900000404e+01,-7.507910063200000650e+01,-7.445407961499999772e+01,-7.722725362399999938e+01,-9.334465388200000291e+01
5.302602602599999493e-01,-7.080445371400000454e+01,-8.016747841599999447e+01,-7.073425509899999497e+01,-7.592732034399999463e+01,-7.943266440099999670e+01
5.502702702699999726e-01,-7.817583246499999916e+01,-7.731422448200000019e+01,-6.948685284799999806e+01,-7.395996893999999600e+01,-6.719301204999999300e+01
5.702802802799999959e-01,-7.622493219599999748e+01,-6.773293098999999984e+01,-7.046847418199999424e+01,-7.677621496300000103e+01,-6.666454236600000627e+01
5.902902902899999082e-01,-8.382555197300000316e+01,-6.792611530400000674e+01,-6.740333738399999675e+01,-7.297616103500000406e+01,-6.091717430900000352e+01
6.103003002999999316e-01,-7.661730391599999734e+01,-6.904852304499999605e+01,-7.140878370900000505e+01,-7.037215362999999968e+01,-5.711607838900000189e+01
6.303103103099999549e-01,-8.164932035799999710e+01,-7.054052844900000707e+01,-6.098322634899999883e+01,-6.517015910499999620e+01,-5.982100713799999880e+01
6.503203203200000893e-01,-7.451978075799999601e+01,-6.893400509699999645e+01,-6.218446107999999839e+01,-6.444059846899999400e+01,-5.670203198000000100e+01
6.703303303300000016e-01,-6.885156536399999538e+01,-6.498943423800000119e+01,-5.775293302499999726e+01,-6.381818644500000204e+01,-5.293636810900000000e+01
6.903403403400000249e-01,-8.268843254700000500e+01,-6.273416687600000330e+01,-5.560115496299999904e+01,-7.248886151300000336e+01,-5.167650030400000105e+01
7.103503503500000482e-01,-7.213265745799999706e+01,-6.540161482599999943e+01,-5.563895318000000145e+01,-7.019834877499999948e+01,-4.937668289999999871e+01
7.303603603599999605e-01,-6.770424808500000324e+01,-6.026465548099999836e+01,-5.567848564700000225e+01,-6.497507905199999811e+01,-4.753779524299999792e+01
7.503703703699999839e-01,-6.016400664300000045e+01,-5.771385688200000175e+01,-5.832671101700000094e+01,-6.943400908899999990e+01,-4.694423167000000063e+01
7.703803803800000072e-01,-5.893860776399999679e+01,-5.821693291999999786e+01,-5.399604130000000168e+01,-6.609502399400000172e+01,-4.655054647899999765e+01
7.903903903900000305e-01,-5.456902700100000203e+01,-5.924140779300000048e+01,-5.239479722099999748e+01,-8.273127603199999669e+01,-4.601890019799999720e+01
8.104004003999999428e-01,-5.762808125299999773e+01,-6.068972241600000217e+01,-5.043568929700000325e+01,-6.600629517400000168e+01,-4.534101034300000066e+01
8.304104104099999661e-01,-5.502411777100000023e+01,-5.893240613300000064e+01,-4.912786517499999661e+01,-5.934304705299999938e+01,-4.545800312400000109e+01
8.504204204199999895e-01,-5.345427557699999710e+01,-5.241502371199999999e+01,-4.938470937900000024e+01,-5.512601126999999934e+01,-4.516875060299999944e+01
8.704304304299999018e-01,-5.451288352699999962e+01,-5.257364423100000295e+01,-4.911118891099999928e+01,-5.543895947800000101e+01,-4.456204621900000262e+01
8.904404404400000361e-01,-5.444694344700000244e+01,-5.262675098799999773e+01,-4.895505666900000108e+01,-5.307109178900000046e+01,-4.453117303100000157e+01
9.104504504500000595e-01,-5.352176095000000089e+01,-5.506454080799999673e+01,-4.815890462099999780e+01,-5.522969691600000175e+01,-4.424632207999999878e+01
9.304604604600000828e-01,-5.340221145799999647e+01,-5.491492152000000004e+01,-4.643041356199999825e+01,-5.495585111900000186e+01,-4.410515156499999989e+01
9.504704704699999951e-01,-5.309165728300000353e+01,-5.260842498800000300e+01,-4.609638484799999958e+01,-5.518685453999999879e+01,-4.415168515900000301e+01
9.704804804800000184e-01,-5.475220630100000108e+01,-5.500279263899999904e+01,-4.757742545699999681e+01,-5.764795130499999942e+01,-4.438803114499999936e+01
9.904904904900000417e-01,-5.459273504699999791e+01,-5.559943573900000047e+01,-4.824632855499999806e+01,-5.859362529199999869e+01,-4.387103564400000266e+01
1.010500500500000065e+00,-5.450421189499999741e+01,-6.054811954899999904e+01,-4.862190648199999998e+01,-5.867399971100000045e+01,-4.454450282999999899e+01
1.030510510500000088e+00,-5.806527432000000033e+01,-5.837383658499999939e+01,-4.846387097400000243e+01,-6.235566689099999849e+01,-4.504203343199999665e+01
1.050520520500000110e+00,-6.006058367400000009e+01,-5.993851253199999718e+01,-4.941981094599999835e+01,-5.994702561599999768e+01,-4.519873362700000285e+01
1.070530530499999911e+00,-6.433095000299999811e+01,-5.927359234600000093e+01,-4.940268755299999981e+01,-6.135803525099999689e+01,-4.508896193000000352e+01
1.090540540499999933e+00,-6.405527093599999944e+01,-5.852630165299999732e+01,-4.978458128399999794e+01,-6.268791764899999919e+01,-4.411570381899999660e+01
1.110550550599999964e+00,-7.080258727400000396e+01,-6.117744485099999707e+01,-4.846885573899999855e+01,-6.872909504999999797e+01,-4.324481402800000041e+01
1.130560560599999986e+00,-6.808310530699999674e+01,-6.332384540000000328e+01,-4.825845157700000243e+01,-5.991462230199999794e+01,-4.275633055899999846e+01
1.150570570600000009e+00,-6.039581965200000013e+01,-6.174638716799999827e+01,-4.852899142999999782e+01,-5.977415521999999726e+01,-4.230624882600000092e+01
1.170580580599999809e+00,-6.093654525600000227e+01,-6.634605521299999964e+01,-4.906835051400000225e+01,-6.163124996599999861e+01,-4.267042858300000319e+01
1.190590590599999832e+00,-6.372122837700000275e+01,-6.256706312200000042e+01,-4.689476352900000222e+01,-6.243967012400000272e+01,-4.222578067500000287e+01
1.210600600599999854e+00,-6.524413545500000566e+01,-6.205391368400000118e+01,-4.603680883599999873e+01,-6.446315200799999445e+01,-4.008024692400000077e+01
1.230610610599999877e+00,-6.501466235799999538e+01,-7.036759565699999541e+01,-4.438817478600000044e+01,-6.821661844099999428e+01,-3.968092976599999844e+01
1.250620620599999899e+00,-6.313100841100000338e+01,-6.333845073799999881e+01,-4.298901844800000305e+01,-6.524120791900000427e+01,-3.948409616600000049e+01
1.270630630599999922e+00,-6.085234130700000321e+01,-6.679492276300000242e+01,-4.113143565699999726e+01,-5.845629981399999764e+01,-3.808573238900000035e+01
1.290640640599999944e+00,-5.464217861099999851e+01,-6.717205923599999551e+01,-4.066782629600000121e+01,-5.914775813300000351e+01,-3.780888673900000185e+01
1.310650650699999975e+00,-5.486774344399999848e+01,-6.174321208599999977e+01,-4.069979553799999650e+01,-5.826809836200000348e+01,-3.717868377399999957e+01
1.330660660699999998e+00,-5.660332876399999691e+01,-5.783118631300000345e+01,-4.024964353499999703e+01,-5.623378259100000065e+01,-3.727445759100000089e+01
1.350670670700000020e+00,-5.486392750600000312e+01,-5.708384351000000123e+01,-4.018038242600000132e+01,-5.722741556599999768e+01,-3.704476536800000019e+01
1.370680680700000043e+00,-5.420187757200000078e+01,-5.149925762099999815e+01,-4.019214764800000239e+01,-5.498048527899999982e+01,-3.658640298200000274e+01
1.390690690700000065e+00,-5.093982634500000017e+01,-5.533748491800000124e+01,-3.876667308199999695e+01,-5.432969859100000320e+01,-3.592264851499999878e+01
1.410700700700000088e+00,-5.086963402199999962e+01,-5.372159262299999938e+01,-3.780907560699999692e+01,-5.093043788300000330e+01,-3.505177074699999906e+01
1.430710710700000110e+00,-4.769597894200000354e+01,-5.580821705799999677e+01,-3.688574553200000139e+01,-5.150499982899999907e+01,-3.447617163500000004e+01
1.450720720700000133e+00,-4.590333725699999690e+01,-5.628971589399999687e+01,-3.658273343399999789e+01,-5.171968522000000235e+01,-3.408481833799999805e+01
1.470730730700000155e+00,-4.608111311199999705e+01,-5.401283362600000260e+01,-3.725658934999999872e+01,-5.302077213599999794e+01,-3.352977656800000261e+01
1.490740740699999956e+00,-4.401679559099999750e+01,-5.047253619600000007e+01,-3.697506744399999690e+01,-5.388429932399999700e+01,-3.312284881400000103e+01
1.510750750799999986e+00,-4.396840733900000231e+01,-5.009040591200000136e+01,-3.507075493399999999e+01,-5.340982562199999961e+01,-3.229655773399999674e+01
1.530760760800000009e+00,-4.552158588100000003e+01,-5.095030602799999997e+01,-3.287081964800000122e+01,-5.635331242099999827e+01,-3.120046021499999966e+01
1.550770770800000031e+00,-4.624424333900000050e+01,-5.133061926999999969e+01,-3.178364137499999842e+01,-5.437801634200000223e+01,-3.079039716500000168e+01
1.570780780800000054e+00,-4.361940377300000193e+01,-4.775264117799999752e+01,-3.109205313300000029e+01,-5.110445233299999757e+01,-3.056214703999999927e+01
1.590790790799999854e+00,-4.373338252899999645e+01,-4.581589826799999798e+01,-3.036309441999999947e+01,-4.795431425799999658e+01,-3.022379571100000106e+01
1.610800800799999877e+00,-4.346659431900000214e+01,-4.537713374599999838e+01,-3.044805885399999923e+01,-4.764193709799999965e+01,-3.057536181700000100e+01
1.630810810799999899e+00,-4.382062092500000006e+01,-4.399369015599999955e+01,-2.971011714999999853e+01,-4.750976675799999782e+01,-3.036441551600000111e+01
1.650820820799999922e+00,-4.410774070499999766e+01,-4.392966381400000131e+01,-2.964680420499999869e+01,-4.629995345199999690e+01,-2.953914329299999864e+01
1.670830830799999944e+00,-4.369817630299999678e+01,-4.389427633100000037e+01,-2.886590117000000077e+01,-4.769374797999999771e+01,-2.840864710800000026e+01
1.690840840799999967e+00,-4.435317598299999986e+01,-4.233138534999999791e+01,-2.780224237999999914e+01,-4.999481510399999706e+01,-2.775694572400000126e+01
1.710850850899999998e+00,-4.298466257799999823e+01,-4.069081277200000102e+01,-2.661814354699999896e+01,-5.203541465699999691e+01,-2.750942438099999876e+01
1.730860860900000020e+00,-4.476096823499999999e+01,-4.090008985400000086e+01,-2.660840383500000073e+01,-6.174897337499999850e+01,-2.736949379300000018e+01
1.750870870900000043e+00,-4.513940480000000122e+01,-4.242104569699999672e+01,-2.747107943500000005e+01,-5.499466200399999849e+01,-2.751273708100000093e+01
1.770880880900000065e+00,-4.381364107699999977e+01,-4.331369792000000274e+01,-2.783117694899999961e+01,-5.608795278400000228e+01,-2.782895798499999884e+01
1.790890890900000088e+00,-4.358877510699999647e+01,-4.243131618500000002e+01,-2.842811422799999832e+01,-5.418788871099999938e+01,-2.852489007899999862e+01
1.810900900900000110e+00,-4.381998869499999927e+01,-4.351871012000000150e+01,-2.972651516699999874e+01,-5.654130520900000079e+01,-2.917220208299999840e+01
1.830910910900000133e+00,-4.591666293699999812e+01,-4.419015499300000016e+01,-3.103145586600000172e+01,-5.702141304500000274e+01,-3.026178248500000123e+01
1.850920920900000155e+00,-4.957147351900000132e+01,-4.635971234699999854e+01,-3.269531029600000238e+01,-5.436184770199999861e+01,-3.102086377699999886e+01
1.870930930900000178e+00,-5.189456942999999711e+01,-5.320838766300000344e+01,-3.362847669399999972e+01,-5.706763440900000006e+01,-3.160589151199999947e+01
1.890940940900000200e+00,-5.323274410100000154e+01,-5.264997287799999981e+01,-3.477808031699999702e+01,-5.492617596699999893e+01,-3.192529960499999930e+01
1.910950951000000009e+00,-4.988622833099999809e+01,-5.063997348800000253e+01,-3.545913983100000166e+01,-5.594884557900000033e+01,-3.246799374900000146e+01
1.930960961000000031e+00,-4.942595038299999999e+01,-5.306514100599999750e+01,-3.468325890900000275e+01,-7.903980309000000659e+01,-3.199879487700000169e+01
1.950970971000000054e+00,-4.798085569100000214e+01,-5.189017551999999966e+01,-3.335997807700000095e+01,-5.511473816000000170e+01,-3.089558273400000132e+01
1.970980981000000076e+00,-4.719524688399999945e+01,-5.028345970299999834e+01,-3.248776661200000149e+01,-5.618355788899999936e+01,-2.987848306200000081e+01
1.990990991000000099e+00,-4.972936214700000335e+01,-5.018897894399999871e+01,-3.235019027599999930e+01,-5.575078412199999889e+01,-2.976493332200000097e+01
2.011001000999999899e+00,-4.862409333899999808e+01,-4.818037519100000310e+01,-3.196601443999999859e+01,-5.720251359699999938e+01,-2.963509786299999860e+01
2.031011010999999922e+00,-4.871532170700000108e+01,-4.854471085000000130e+01,-3.215533466299999787e+01,-6.808955753600000094e+01,-2.956926198100000036e+01
2.051021020999999944e+00,-4.953946600900000163e+01,-4.697545586500000070e+01,-3.191845453599999871e+01,-7.560784522500000548e+01,-2.976373118500000103e+01
2.071031030999999967e+00,-4.979673830299999793e+01,-4.617966918300000145e+01,-3.143609566800000010e+01,-6.742611338599999726e+01,-3.031659148299999984e+01
2.091041040999999989e+00,-5.015466240100000306e+01,-4.437764837499999970e+01,-3.111817432100000147e+01,-5.755185709300000241e+01,-3.054365646899999831e+01
2.111051051100000020e+00,-5.098896227000000181e+01,-4.490787421499999965e+01,-3.139484327999999991e+01,-5.689651137799999958e+01,-3.069753902800000134e+01
2.131061061100000043e+00,-4.959109171800000126e+01,-4.471611292299999718e+01,-3.131884119000000055e+01,-5.258498359099999675e+01,-3.043270188199999993e+01
2.151071071100000065e+00,-5.071964464300000230e+01,-4.516856401900000151e+01,-3.134810900000000089e+01,-5.377780328099999707e+01,-3.059039965299999864e+01
2.171081081100000088e+00,-5.226667924000000198e+01,-4.801312018200000153e+01,-3.099167191800000154e+01,-5.030258468699999952e+01,-3.064478864399999836e+01
2.191091091100000110e+00,-4.970849958600000207e+01,-5.076144764499999695e+01,-3.084538472999999925e+01,-5.131302414200000328e+01,-3.098366225799999896e+01
2.211101101099999688e+00,-4.899591599499999717e+01,-4.923167107199999748e+01,-3.019075088600000001e+01,-5.154533147600000120e+01,-3.114179545500000046e+01
2.231111111099999711e+00,-4.880059513500000179e+01,-5.153308475600000094e+01,-2.981530730400000095e+01,-5.165095408500000218e+01,-3.133032068300000006e+01
2.251121121099999733e+00,-4.812914130899999776e+01,-5.288385422300000016e+01,-3.014642185900000015e+01,-5.419629314299999834e+01,-3.136913694200000080e+01
2.271131131099999756e+00,-4.844307675900000021e+01,-6.098071041099999690e+01,-3.043285418800000031e+01,-5.243770267200000035e+01,-3.157554512100000110e+01
2.291141141099999778e+00,-4.673131936099999706e+01,-7.534846361699999306e+01,-3.082712043200000096e+01,-5.126846020800000048e+01,-3.168282696300000012e+01
2.311151151199999809e+00,-4.843524849399999965e+01,-5.854605688400000219e+01,-3.052573286999999880e+01,-5.082902869299999793e+01,-3.152085641600000088e+01
2.331161161199999832e+00,-4.788683128400000300e+01,-5.491701355899999726e+01,-3.006416778299999848e+01,-4.778830678300000301e+01,-3.097380793900000029e+01
2.351171171199999854e+00,-4.676801676400000218e+01,-4.991438964599999650e+01,-2.949890790899999971e+01,-4.967670258199999722e+01,-3.027079829199999850e+01
2.371181181199999877e+00,-4.457767282799999720e+01,-4.812713281599999959e+01,-2.876737815999999981e+01,-4.974765964499999882e+01,-2.944896561699999893e+01
2.391191191199999899e+00,-4.659635765600000212e+01,-4.874958832499999772e+01,-2.844039818099999906e+01,-5.072264686799999822e+01,-2.897592195700000062e+01
2.411201201199999922e+00,-4.591775073800000229e+01,-5.005564298200000195e+01,-2.812824642800000063e+01,-4.928487312800000097e+01,-2.908875519600000104e+01
2.431211211199999944e+00,-4.534125741399999754e+01,-4.879341656399999749e+01,-2.755560122199999995e+01,-4.922520586099999917e+01,-2.925488276400000132e+01
2.451221221199999967e+00,-4.463076559800000354e+01,-4.949511685899999947e+01,-2.738288527899999991e+01,-5.095814964200000219e+01,-2.946767759100000106e+01
2.471231231199999989e+00,-4.522762678600000186e+01,-4.643959296599999931e+01,-2.733848020699999992e+01,-5.257500112299999984e+01,-2.944234693199999953e+01
2.491241241200000012e+00,-4.472162551600000313e+01,-4.664635266300000183e+01,-2.693034641699999909e+01,-5.257696458699999909e+01,-2.974295186299999827e+01
2.511251251300000042e+00,-4.399957704599999886e+01,-4.771960546100000045e+01,-2.698479972899999879e+01,-5.147809269100000051e+01,-3.011157392200000160e+01
2.531261261300000065e+00,-4.372153707799999722e+01,-4.648095918300000307e+01,-2.744046155799999909e+01,-5.344845234499999975e+01,-3.091819753500000090e+01
2.551271271300000087e+00,-4.428352706100000091e+01,-4.587710448100000349e+01,-2.769050197099999977e+01,-5.250975691299999681e+01,-3.188510974000000076e+01
2.571281281300000110e+00,-4.563957063299999817e+01,-4.497843046500000241e+01,-2.754576637399999939e+01,-5.556516131400000091e+01,-3.267158172199999910e+01
2.591291291300000132e+00,-4.670098458100000016e+01,-4.369245781299999720e+01,-2.718321993500000033e+01,-5.518328658099999728e+01,-3.375018471300000300e+01
2.611301301300000155e+00,-4.662724853699999983e+01,-4.438687873599999989e+01,-2.706487367500000119e+01,-5.360999416599999989e+01,-3.544104042800000087e+01
2.631311311300000177e+00,-4.707346889699999792e+01,-4.514181368199999866e+01,-2.680318918100000047e+01,-5.028232152199999661e+01,-3.731241842699999722e+01
2.651321321300000200e+00,-4.650853655400000264e+01,-4.471234911599999862e+01,-2.658929035699999943e+01,-4.986333658200000229e+01,-3.891358743299999645e+01
2.671331331300000222e+00,-4.570536834800000037e+01,-4.521828883399999910e+01,-2.634576719500000053e+01,-4.975521231999999827e+01,-3.949362970699999664e+01
2.691341341300000245e+00,-4.633216196600000103e+01,-4.692983023299999701e+01,-2.639797355800000034e+01,-5.044873068399999738e+01,-4.117319543499999668e+01
2.711351351400000276e+00,-4.694601842299999817e+01,-4.715968772299999756e+01,-2.648804867000000129e+01,-5.413459348800000015e+01,-4.174000383999999997e+01
2.731361361400000298e+00,-4.692111171700000227e+01,-4.973188047899999731e+01,-2.653758232699999908e+01,-5.665606739399999725e+01,-4.203393247199999649e+01
2.751371371399999877e+00,-4.640259900899999934e+01,-5.107507314099999718e+01,-2.643560866099999984e+01,-6.104435709999999915e+01,-4.314061309400000255e+01
2.771381381399999899e+00,-4.781678176900000210e+01,-5.542126800500000172e+01,-2.591606654199999937e+01,-6.663756784199999572e+01,-4.291411530799999952e+01
2.791391391399999922e+00,-4.679732594600000084e+01,-6.485703704399999481e+01,-2.581775691900000069e+01,-5.742957567500000238e+01,-4.457147915299999852e+01
2.811401401399999944e+00,-4.480293415199999885e+01,-6.001118396199999694e+01,-2.570184226299999963e+01,-5.182992065100000190e+01,-4.316747036000000293e+01
2.831411411399999967e+00,-4.616834386400000056e+01,-6.083148447699999650e+01,-2.561183867100000100e+01,-4.989294182599999772e+01,-4.186086108800000005e+01
2.851421421399999989e+00,-4.465853726200000295e+01,-5.476187506299999797e+01,-2.536546428899999839e+01,-4.884668250200000017e+01,-4.142040336200000183e+01
2.871431431400000012e+00,-4.355523459500000172e+01,-5.512924153699999863e+01,-2.502660072400000146e+01,-4.798356498799999770e+01,-3.916240052199999866e+01
2.891441441400000034e+00,-4.266175305299999820e+01,-5.402140187999999910e+01,-2.506372858399999970e+01,-4.756372682100000304e+01,-3.699171833900000195e+01
2.911451451500000065e+00,-4.349116983700000105e+01,-5.254432790399999931e+01,-2.519132116200000127e+01,-4.547023660800000044e+01,-3.559964789200000013e+01
2.931461461500000087e+00,-4.188395629200000059e+01,-5.083584533199999811e+01,-2.503109022299999964e+01,-4.722027737300000183e+01,-3.513013011099999972e+01
2.951471471500000110e+00,-4.294332433999999665e+01,-4.711447349400000206e+01,-2.511765545000000088e+01,-4.738137565800000317e+01,-3.432200661699999955e+01
2.971481481500000132e+00,-4.124273931700000162e+01,-4.590132387599999930e+01,-2.538062143000000148e+01,-4.687055172099999822e+01,-3.393509923999999955e+01
2.991491491500000155e+00,-4.106628834899999703e+01,-4.532053947400000027e+01,-2.539847304399999928e+01,-4.523021158800000308e+01,-3.381504012399999937e+01
3.011501501500000177e+00,-4.093411546200000117e+01,-4.437406871299999978e+01,-2.512972742899999901e+01,-4.440458952400000214e+01,-3.322115778799999930e+01
3.031511511500000200e+00,-4.067400884799999972e+01,-4.286056211799999716e+01,-2.511409378899999822e+01,-4.572956903899999759e+01,-3.322248150800000133e+01
3.051521521499999778e+00,-4.029197700600000331e+01,-4.325749437500000028e+01,-2.515781514900000104e+01,-4.577678683199999909e+01,-3.343977634099999818e+01
3.071531531499999801e+00,-4.086304321800000139e+01,-4.195868690100000009e+01,-2.497882264100000071e+01,-4.741413016500000310e+01,-3.343509739200000297e+01
3.091541541499999823e+00,-4.104326682399999981e+01,-3.994040973100000258e+01,-2.482120500299999932e+01,-4.683809220700000253e+01,-3.373878554099999860e+01
3.111551551599999854e+00,-4.256043540900000011e+01,-3.947305457800000283e+01,-2.452748428199999964e+01,-4.775698375999999712e+01,-3.332286031499999979e+01
3.131561561599999877e+00,-4.243998985700000048e+01,-3.849141599499999700e+01,-2.444922057400000170e+01,-4.930797295200000008e+01,-3.321034417599999955e+01
3.151571571599999899e+00,-4.322238099500000175e+01,-3.803981425700000329e+01,-2.458903668700000011e+01,-4.934910048300000085e+01,-3.199696112499999856e+01
3.171581581599999922e+00,-4.292373088200000097e+01,-3.809743855899999687e+01,-2.468982530599999947e+01,-5.120723045199999746e+01,-3.068586402500000077e+01
3.191591591599999944e+00,-4.114631754100000194e+01,-3.810209121999999837e+01,-2.462920157099999940e+01,-5.000887339999999881e+01,-2.979094491900000108e+01
3.211601601599999967e+00,-4.265135906199999738e+01,-3.711811953800000197e+01,-2.442086765199999832e+01,-5.112625039800000337e+01,-2.931106030000000118e+01
3.231611611599999989e+00,-4.178707663200000155e+01,-3.664020367300000203e+01,-2.420800806200000110e+01,-5.234711027899999891e+01,-2.836244826500000116e+01
3.251621621600000012e+00,-4.036098380899999682e+01,-3.746662435799999713e+01,-2.452853308799999965e+01,-5.812989819399999902e+01,-2.743781576900000019e+01
3.271631631600000034e+00,-3.878869456099999979e+01,-3.819437261200000222e+01,-2.476724681399999994e+01,-5.359414554300000333e+01,-2.644054210799999893e+01
3.291641641600000057e+00,-3.814533658300000241e+01,-3.691637592299999682e+01,-2.484730057699999861e+01,-5.149048984400000251e+01,-2.608401411599999875e+01
3.311651651699999643e+00,-3.641031284799999668e+01,-3.635642796300000157e+01,-2.473308341199999916e+01,-5.260089463399999943e+01,-2.538934246999999900e+01
3.331661661699999666e+00,-3.622476979300000011e+01,-3.731003014800000273e+01,-2.505828124800000012e+01,-5.183042204400000230e+01,-2.500467072800000068e+01
3.351671671699999688e+00,-3.530996964199999866e+01,-3.861312598600000001e+01,-2.522035665699999996e+01,-5.067019563200000221e+01,-2.450992314899999869e+01
3.371681681699999711e+00,-3.413426642799999655e+01,-3.855061896699999835e+01,-2.512170163800000111e+01,-4.909507413499999728e+01,-2.410755756500000047e+01
3.391691691699999733e+00,-3.409255777999999992e+01,-3.937019082100000134e+01,-2.527486330099999989e+01,-4.816218069899999676e+01,-2.376001563999999888e+01
3.411701701699999756e+00,-3.332335821600000259e+01,-3.936159680099999747e+01,-2.561555114800000155e+01,-4.697553132899999895e+01,-2.367469618299999823e+01
3.431711711699999778e+00,-3.249652579600000024e+01,-3.970225043199999959e+01,-2.557694628499999823e+01,-4.565416889099999764e+01,-2.354379775299999977e+01
3.451721721699999801e+00,-3.203498870699999657e+01,-4.194987307299999912e+01,-2.606822803000000022e+01,-4.595461279900000306e+01,-2.337629981799999968e+01
3.471731731699999823e+00,-3.164000804799999855e+01,-4.321648161400000276e+01,-2.617388093799999993e+01,-4.606268966999999748e+01,-2.378148589799999968e+01
3.491741741699999846e+00,-3.183758803899999990e+01,-4.495306820300000084e+01,-2.642470634700000076e+01,-4.705830354399999749e+01,-2.383857388699999902e+01
3.511751751800000321e+00,-3.187547203300000120e+01,-4.636665976100000108e+01,-2.752888058599999965e+01,-4.602154928600000261e+01,-2.402278715499999961e+01
3.531761761800000343e+00,-3.147524622499999936e+01,-4.537512476500000247e+01,-2.759247606199999936e+01,-4.678120767000000058e+01,-2.445679679999999934e+01
3.551771771800000366e+00,-3.149164164800000165e+01,-4.819513964699999775e+01,-2.757261116300000126e+01,-4.614656690200000355e+01,-2.494413035799999889e+01
3.571781781800000388e+00,-3.119787380200000015e+01,-4.672961136499999668e+01,-2.795352529299999844e+01,-5.040852350299999785e+01,-2.539576886400000078e+01
3.591791791800000411e+00,-3.107595905899999877e+01,-4.399957370599999962e+01,-2.849827682400000128e+01,-5.060735596100000322e+01,-2.608559408300000015e+01
3.611801801799999989e+00,-3.206313947900000016e+01,-4.476711790400000268e+01,-2.862324402599999829e+01,-4.744326520399999936e+01,-2.687562239000000019e+01
3.631811811800000012e+00,-3.254629231799999900e+01,-4.351934831599999853e+01,-2.885613752100000085e+01,-4.724738699499999939e+01,-2.733414426799999930e+01
3.651821821800000034e+00,-3.306580253500000310e+01,-4.205834155200000168e+01,-2.920134263299999944e+01,-5.219776182199999681e+01,-2.754273596499999854e+01
3.671831831800000057e+00,-3.400306916200000273e+01,-4.107173686699999848e+01,-3.071096257299999976e+01,-5.072737895200000224e+01,-2.818701578099999949e+01
3.691841841800000079e+00,-3.436410781499999700e+01,-4.064234022699999827e+01,-3.190430397200000101e+01,-5.441996494299999654e+01,-2.854909755399999938e+01
3.711851851900000110e+00,-3.541579624500000278e+01,-3.871992592600000194e+01,-3.182524149400000013e+01,-5.465305758600000274e+01,-2.905357882799999913e+01
3.731861861900000132e+00,-3.469491531100000259e+01,-3.925931718700000062e+01,-3.113537043799999893e+01,-5.662740337000000324e+01,-2.960319642500000015e+01
3.751871871900000155e+00,-3.503010444299999904e+01,-3.998123264200000193e+01,-3.135627017699999897e+01,-6.742180547200000262e+01,-2.966413027500000155e+01
3.771881881900000177e+00,-3.516823583400000075e+01,-4.038700245700000124e+01,-3.112727960400000171e+01,-6.229346211699999714e+01,-3.008571488500000157e+01
3.791891891900000200e+00,-3.505350512900000126e+01,-3.837388896099999869e+01,-3.108178400099999905e+01,-5.599584227599999764e+01,-3.012683505100000048e+01
3.811901901900000222e+00,-3.483853029099999787e+01,-3.808835487099999995e+01,-3.067166536799999932e+01,-5.860536724100000328e+01,-3.004634137600000088e+01
3.831911911900000245e+00,-3.627101585399999806e+01,-3.835606434799999676e+01,-2.985596143300000094e+01,-5.592549151600000101e+01,-2.999635381899999942e+01
3.851921921900000267e+00,-3.572862988400000006e+01,-3.831731769799999654e+01,-3.046904415899999918e+01,-5.717125956699999989e+01,-2.997888476600000018e+01
3.871931931900000290e+00,-3.583816782699999948e+01,-3.710557162300000300e+01,-3.061020482500000028e+01,-5.563445281900000339e+01,-2.982632116099999919e+01
3.891941941900000312e+00,-3.791416234199999735e+01,-3.691006876099999801e+01,-2.977758428299999949e+01,-6.079278538199999815e+01,-3.038270835200000164e+01
3.911951951999999899e+00,-3.880983025999999825e+01,-3.699671644600000064e+01,-2.956123156600000002e+01,-6.169774318099999988e+01,-3.047014820100000065e+01
3.931961961999999922e+00,-3.761833689200000208e+01,-3.721051281999999816e+01,-2.875708981400000042e+01,-5.698691679800000287e+01,-3.078049245500000097e+01
3.951971971999999944e+00,-3.925487885900000151e+01,-3.818471596100000198e+01,-2.802872745899999885e+01,-5.154906429900000120e+01,-3.094908731599999996e+01
3.971981981999999967e+00,-4.012572253999999816e+01,-3.619399878200000131e+01,-2.766093711999999982e+01,-5.147375797899999839e+01,-3.134703371100000169e+01
3.991991991999999989e+00,-4.176566874699999943e+01,-3.545715943599999775e+01,-2.738847104799999954e+01,-4.936223885100000075e+01,-3.169427658400000070e+01
4.012002002000000012e+00,-4.414055599800000351e+01,-3.510558594900000173e+01,-2.705674144099999978e+01,-5.201696402400000352e+01,-3.238864511199999896e+01
4.032012012000000034e+00,-4.302975296099999980e+01,-3.567776019000000076e+01,-2.676119014300000032e+01,-5.071773740399999753e+01,-3.308017336999999713e+01
4.052022022000000057e+00,-4.481435957699999761e+01,-3.549309059499999819e+01,-2.639693367699999982e+01,-4.724475492199999849e+01,-3.389320449400000257e+01
4.072032032000000079e+00,-4.449016806000000201e+01,-3.410620999799999709e+01,-2.631487530300000088e+01,-4.659962998499999998e+01,-3.408859663799999851e+01
4.092042042000000102e+00,-4.605525230700000350e+01,-3.428641495499999792e+01,-2.614698255700000118e+01,-4.584439105300000250e+01,-3.469524254699999943e+01
4.112052052100000132e+00,-4.531771526899999714e+01,-3.475272064600000022e+01,-2.582330363299999831e+01,-4.531429772300000280e+01,-3.560189914400000077e+01
4.132062062100000155e+00,-4.505369223600000339e+01,-3.363513226500000286e+01,-2.562414840099999935e+01,-4.347303045200000327e+01,-3.644394307900000030e+01
4.152072072100000177e+00,-4.415216614799999917e+01,-3.302746579600000132e+01,-2.536590782100000041e+01,-4.388258552100000287e+01,-3.738538322299999805e+01
4.172082082100000200e+00,-4.378066820600000142e+01,-3.244342769000000004e+01,-2.503343035600000022e+01,-4.477006224499999831e+01,-3.817055370300000305e+01
4.192092092100000222e+00,-4.207207012899999654e+01,-3.168857295200000124e+01,-2.497352620999999928e+01,-4.431834796599999748e+01,-3.949107920299999819e+01
4.212102102100000245e+00,-4.177243097099999858e+01,-3.229921882899999730e+01,-2.519294192699999968e+01,-4.191477784899999648e+01,-3.801935362500000082e+01
4.232112112100000267e+00,-4.246812731200000002e+01,-3.165088709600000172e+01,-2.471905160700000081e+01,-4.137603527000000270e+01,-3.832438387500000232e+01
4.252122122100000290e+00,-4.089126890000000003e+01,-3.156894923100000128e+01,-2.455085387100000105e+01,-4.349950678999999809e+01,-3.698326654499999933e+01
4.272132132100000312e+00,-4.126434841599999714e+01,-3.161995347699999925e+01,-2.465429535499999858e+01,-4.521897574500000161e+01,-3.647265834499999926e+01
4.292142142100000335e+00,-4.144004096599999798e+01,-3.154670839899999990e+01,-2.511897976099999852e+01,-4.203824022399999905e+01,-3.623559550299999898e+01
4.312152152199999477e+00,-4.146601235899999693e+01,-3.106613007400000015e+01,-2.492139655700000134e+01,-4.133249262599999696e+01,-3.597872660099999820e+01
4.332162162199999500e+00,-4.118097334800000198e+01,-3.178401725399999833e+01,-2.466157423199999954e+01,-4.156829792799999979e+01,-3.588167710100000107e+01
4.352172172199999522e+00,-4.039336258699999860e+01,-3.100642149600000153e+01,-2.483040320799999989e+01,-4.331358393400000040e+01,-3.549352429500000028e+01
4.372182182199999545e+00,-4.031409655899999933e+01,-3.180649783999999869e+01,-2.511370566500000123e+01,-4.303696650500000231e+01,-3.528103422200000239e+01
4.392192192199999567e+00,-4.070755140499999669e+01,-3.118781390499999873e+01,-2.545041346200000021e+01,-4.233654835699999808e+01,-3.428295765299999687e+01
4.412202202199999590e+00,-3.957363880500000164e+01,-3.135114491199999875e+01,-2.594072497399999833e+01,-4.012060847400000085e+01,-3.498544289499999849e+01
4.432212212199999612e+00,-3.810923242700000202e+01,-3.126655268600000070e+01,-2.586805247899999927e+01,-4.110483837400000340e+01,-3.435655447399999929e+01
4.452222222199999635e+00,-3.765391295399999905e+01,-3.122853679299999996e+01,-2.585153706699999887e+01,-4.085982192800000234e+01,-3.462048506699999706e+01
4.472232232199999657e+00,-3.846657175899999714e+01,-3.114307658999999973e+01,-2.657372788600000035e+01,-4.113768638199999828e+01,-3.462790496899999937e+01
4.492242242199999680e+00,-3.824318550200000288e+01,-3.117860804200000047e+01,-2.733535799199999872e+01,-4.093827695099999886e+01,-3.401477337499999720e+01
4.512252252300000599e+00,-3.828293957399999670e+01,-3.082973715700000028e+01,-2.759345908099999889e+01,-3.960374610699999920e+01,-3.419773211900000121e+01
4.532262262300000621e+00,-3.802417002300000348e+01,-3.052854294799999835e+01,-2.793863472500000000e+01,-3.961840557899999737e+01,-3.390422630399999804e+01
4.552272272299999756e+00,-3.690294021999999785e+01,-3.132338230299999893e+01,-2.795254963600000053e+01,-3.867427687499999678e+01,-3.365232799999999713e+01
4.572282282299999778e+00,-3.687841267000000300e+01,-3.142793458299999898e+01,-2.839665179900000069e+01,-3.843923956500000116e+01,-3.376988597300000094e+01
4.592292292299999801e+00,-3.581980105299999906e+01,-3.046994098600000100e+01,-2.836929300799999965e+01,-3.788569804200000135e+01,-3.362591376999999682e+01
4.612302302299999823e+00,-3.672538595299999997e+01,-2.987629695100000049e+01,-2.880157567999999912e+01,-3.751841719200000114e+01,-3.403137672300000105e+01
4.632312312299999846e+00,-3.627936625299999918e+01,-2.964608018699999903e+01,-2.818749689899999922e+01,-3.686785952299999991e+01,-3.334905346099999690e+01
4.652322322299999868e+00,-3.560638491600000322e+01,-2.948290444999999949e+01,-2.795888376099999917e+01,-3.622010017899999923e+01,-3.221950623899999755e+01
4.672332332299999891e+00,-3.545127697800000277e+01,-2.980442694199999920e+01,-2.792773084399999917e+01,-3.682051019200000042e+01,-3.263710233300000141e+01
4.692342342299999913e+00,-3.475439527300000009e+01,-2.951992429499999915e+01,-2.880026068900000169e+01,-3.631554073600000265e+01,-3.227959683600000318e+01
4.712352352399999944e+00,-3.504020827899999802e+01,-2.862952396400000055e+01,-2.835676810500000045e+01,-3.621287457199999693e+01,-3.211437206499999775e+01
4.732362362399999967e+00,-3.510779791899999935e+01,-2.924559432099999867e+01,-2.878349953200000044e+01,-3.558845760700000227e+01,-3.099273154600000169e+01
4.752372372399999989e+00,-3.416892586899999884e+01,-2.898472199300000085e+01,-2.802481615299999973e+01,-3.617406136900000035e+01,-3.026371367799999845e+01
4.772382382400000012e+00,-3.448380625499999752e+01,-2.982661091299999967e+01,-2.811863105400000151e+01,-3.660458031499999976e+01,-3.025165019599999994e+01
4.792392392400000034e+00,-3.460689696200000043e+01,-2.915696808499999904e+01,-2.804487991699999938e+01,-3.583962319900000182e+01,-2.958099690999999964e+01
4.812402402400000057e+00,-3.509220310500000295e+01,-2.934158572500000162e+01,-2.788385284800000008e+01,-3.582966343599999703e+01,-2.931999049399999890e+01
4.832412412399999191e+00,-3.488156966599999720e+01,-2.882391659900000036e+01,-2.749998582799999980e+01,-3.560952170299999864e+01,-2.896932743900000062e+01
4.852422422399999213e+00,-3.618080768899999811e+01,-2.911511938800000010e+01,-2.762291803000000101e+01,-3.571682382099999842e+01,-2.866807095300000086e+01
4.872432432399999236e+00,-3.563608084999999903e+01,-2.910519450399999997e+01,-2.731923733900000073e+01,-3.611817300399999908e+01,-2.807244268099999829e+01
4.892442442399999258e+00,-3.570074360800000335e+01,-2.870664258100000055e+01,-2.740591790699999919e+01,-3.555420615700000297e+01,-2.781460310299999961e+01
4.912452452500000177e+00,-3.614284413099999682e+01,-2.851061263600000117e+01,-2.750587908600000020e+01,-3.666278567599999860e+01,-2.766251056700000177e+01
4.932462462500000200e+00,-3.768742786400000000e+01,-2.795788469800000087e+01,-2.766627996100000075e+01,-3.608703115200000155e+01,-2.793381422199999875e+01
4.952472472500000222e+00,-3.865590919099999923e+01,-2.833198086299999829e+01,-2.746575494600000056e+01,-3.597502728199999922e+01,-2.772575649599999892e+01
4.972482482500000245e+00,-4.049527565999999723e+01,-2.827351638800000089e+01,-2.784308358099999836e+01,-3.567285209300000304e+01,-2.844585672399999865e+01
4.992492492500000267e+00,-4.034687686400000217e+01,-2.791168925699999903e+01,-2.733473279000000034e+01,-3.590830354500000254e+01,-2.839449244500000091e+01
5.012502502500000290e+00,-4.047670303400000336e+01,-2.764408845299999840e+01,-2.775381777600000177e+01,-3.605786026399999855e+01,-2.899474368199999930e+01
5.032512512500000312e+00,-4.252142034100000245e+01,-2.741046396799999840e+01,-2.769942434700000078e+01,-3.563780868900000343e+01,-2.875650782599999999e+01
5.052522522500000335e+00,-4.248945447599999881e+01,-2.690113598800000005e+01,-2.789173455999999973e+01,-3.525430011400000296e+01,-2.980888439099999943e+01
5.072532532500000357e+00,-4.272257730300000134e+01,-2.632942154999999929e+01,-2.837695966600000119e+01,-3.643189187600000167e+01,-3.034534987500000014e+01
5.092542542500000380e+00,-4.935144421900000111e+01,-2.631622333500000011e+01,-2.882854877700000173e+01,-3.657593371000000104e+01,-3.084277993799999962e+01
5.112552552600000411e+00,-4.439308736800000332e+01,-2.585805585800000017e+01,-2.883067589099999850e+01,-3.712365220400000254e+01,-3.163810591600000066e+01
5.132562562600000433e+00,-4.685411492800000133e+01,-2.566694736599999871e+01,-2.902186427799999890e+01,-3.747839631000000082e+01,-3.206150853900000186e+01
5.152572572600000456e+00,-4.640836228700000277e+01,-2.552658301600000001e+01,-2.937053983999999929e+01,-3.852322758199999697e+01,-3.146454181100000014e+01
5.172582582600000478e+00,-4.182598321999999769e+01,-2.477107058800000061e+01,-2.989064110300000010e+01,-3.840992282999999929e+01,-3.181618939799999879e+01
5.192592592600000501e+00,-4.562906028199999753e+01,-2.430674008000000086e+01,-2.990344186300000118e+01,-3.867783878099999839e+01,-3.318314696600000246e+01
5.212602602600000523e+00,-4.065496487899999778e+01,-2.439498660900000004e+01,-3.005620315699999878e+01,-3.914042588400000255e+01,-3.229983395699999704e+01
5.232612612600000546e+00,-3.934832646000000267e+01,-2.422374419699999848e+01,-3.011607060000000047e+01,-4.102668667599999708e+01,-3.238728678999999744e+01
5.252622622600000568e+00,-4.073481188600000280e+01,-2.382054277599999992e+01,-3.047877664299999978e+01,-4.027247190599999982e+01,-3.289895382400000301e+01
5.272632632600000591e+00,-3.962714171599999702e+01,-2.324033941500000111e+01,-3.069865959199999850e+01,-4.003482286100000209e+01,-3.282001479400000221e+01
5.292642642600000613e+00,-4.320699120700000151e+01,-2.294618287799999834e+01,-3.070853167399999961e+01,-4.113095451200000241e+01,-3.300812429100000145e+01
5.312652652699999756e+00,-4.251278037499999840e+01,-2.271852775900000054e+01,-3.062277326699999946e+01,-4.020493373699999751e+01,-3.279016696400000086e+01
5.332662662699999778e+00,-4.399242259799999744e+01,-2.252640691799999928e+01,-3.071671216800000082e+01,-4.353022800499999789e+01,-3.280558792000000068e+01
5.352672672699999801e+00,-4.209993731600000189e+01,-2.257221749300000013e+01,-3.160789586499999970e+01,-4.294541079700000097e+01,-3.259852510700000039e+01
5.372682682699999823e+00,-4.045111818200000187e+01,-2.210787388900000039e+01,-3.300146671000000254e+01,-4.125983469999999897e+01,-3.306225153100000114e+01
5.392692692699999846e+00,-4.224629075800000066e+01,-2.197961823400000014e+01,-3.362947613000000047e+01,-4.363498012800000225e+01,-3.197081139000000150e+01
5.412702702699999868e+00,-4.225956685300000260e+01,-2.238608016999999961e+01,-3.489964740900000351e+01,-4.363532365799999724e+01,-3.156419910199999990e+01
5.432712712699999891e+00,-4.408724550099999817e+01,-2.285828636200000119e+01,-3.601432991800000138e+01,-4.382675345599999872e+01,-3.263081379500000168e+01
5.452722722699999913e+00,-4.280605084300000129e+01,-2.323458374100000157e+01,-3.945166822299999865e+01,-4.377390939000000003e+01,-3.180176129299999843e+01
5.472732732699999936e+00,-4.017536629300000328e+01,-2.336651621700000092e+01,-4.516731904000000242e+01,-4.566047678000000332e+01,-3.173750615200000169e+01
5.492742742699999958e+00,-4.272943734999999776e+01,-2.380711512899999960e+01,-5.162407259700000139e+01,-5.453064255900000035e+01,-3.184706477699999994e+01
5.512752752799999989e+00,-4.019781442899999746e+01,-2.404429919400000060e+01,-4.266807158700000002e+01,-4.821008861899999687e+01,-3.153993592599999829e+01
5.532762762800000012e+00,-3.922821848499999930e+01,-2.464647742200000025e+01,-3.827698229100000304e+01,-4.742446815499999957e+01,-3.100903936199999933e+01
5.552772772800000034e+00,-3.889996705000000077e+01,-2.487854795399999830e+01,-3.685682973299999787e+01,-4.404245276500000017e+01,-3.071555452500000172e+01
5.572782782800000057e+00,-3.770632768000000112e+01,-2.477410452799999874e+01,-3.359251346199999944e+01,-4.042548816200000061e+01,-3.137654616200000035e+01
5.592792792800000079e+00,-3.907233309899999796e+01,-2.485238213199999890e+01,-3.207472458099999812e+01,-4.124833506800000293e+01,-3.029567461099999903e+01
5.612802802800000102e+00,-3.783299425500000268e+01,-2.480532475700000106e+01,-3.014916955300000012e+01,-3.988719997799999817e+01,-3.031606750099999914e+01
5.632812812800000124e+00,-3.898380138899999992e+01,-2.552678193299999876e+01,-2.941011913799999888e+01,-4.010178793200000058e+01,-2.951157929100000032e+01
5.652822822800000147e+00,-3.931845808900000350e+01,-2.560686248200000037e+01,-2.862993085000000093e+01,-4.085758205399999810e+01,-2.911036338699999959e+01
5.672832832800000169e+00,-3.944986616199999929e+01,-2.553850330599999907e+01,-2.802014941799999903e+01,-3.848533089800000084e+01,-2.932578064100000148e+01
5.692842842800000192e+00,-4.116984245300000111e+01,-2.559203952100000024e+01,-2.736603198499999934e+01,-3.796311184799999694e+01,-3.015497394599999836e+01
5.712852852899999334e+00,-3.951104383799999908e+01,-2.585248166199999886e+01,-2.695206775100000129e+01,-3.983439318599999979e+01,-2.940182801299999937e+01
5.732862862899999357e+00,-4.056447795700000114e+01,-2.532756886199999968e+01,-2.630339225699999872e+01,-3.966591649299999744e+01,-2.988227693900000048e+01
5.752872872899999379e+00,-4.096816142699999830e+01,-2.619301461899999950e+01,-2.651807966000000150e+01,-3.972418655900000317e+01,-3.110404579100000078e+01
5.772882882899999402e+00,-3.931463190200000213e+01,-2.595247338800000136e+01,-2.552668310800000029e+01,-3.976356143900000006e+01,-3.129568504999999945e+01
5.792892892899999424e+00,-4.268125632400000313e+01,-2.627369234400000053e+01,-2.528815430099999872e+01,-3.837378949899999725e+01,-3.139439534799999976e+01
5.812902902899999447e+00,-3.950874784799999873e+01,-2.628067687500000105e+01,-2.524233840699999831e+01,-3.889307167500000162e+01,-3.248721782700000205e+01
5.832912912899999469e+00,-3.889745237999999716e+01,-2.684198775300000150e+01,-2.508577118599999878e+01,-4.025642031400000320e+01,-3.378568519499999923e+01
5.852922922899999492e+00,-4.192598767399999815e+01,-2.617137320799999856e+01,-2.477949620400000086e+01,-4.245816396499999712e+01,-3.461084447599999692e+01
5.872932932899999514e+00,-4.105246980599999773e+01,-2.653033473600000036e+01,-2.432451394799999989e+01,-4.000184020700000076e+01,-3.659479611399999754e+01
5.892942942899999537e+00,-4.038492679899999871e+01,-2.681744606299999845e+01,-2.443158529999999828e+01,-4.027432509700000196e+01,-3.813051675199999835e+01
5.912952952999999567e+00,-3.992126433399999996e+01,-2.619221445299999829e+01,-2.378104422099999837e+01,-4.274148670400000327e+01,-3.990891252499999808e+01
5.932962962999999590e+00,-4.265632949799999807e+01,-2.661456551099999857e+01,-2.357078167199999896e+01,-4.336412619099999688e+01,-4.004378007500000081e+01
5.952972972999999612e+00,-4.094533089899999823e+01,-2.647240813299999829e+01,-2.337485887800000128e+01,-4.047384447799999663e+01,-3.840753064399999772e+01
5.972982982999999635e+00,-4.134693276800000206e+01,-2.615427029700000006e+01,-2.333958124799999823e+01,-4.038479652699999889e+01,-3.974669427199999916e+01
5.992992992999999657e+00,-3.901147905100000202e+01,-2.598107692499999999e+01,-2.349639251600000023e+01,-4.244347899299999938e+01,-3.688021014600000314e+01
6.013003002999999680e+00,-3.960791886300000186e+01,-2.683852311000000057e+01,-2.338478683299999972e+01,-4.018529293899999999e+01,-3.572622251699999651e+01
6.033013012999999702e+00,-3.811346434499999702e+01,-2.657417225200000033e+01,-2.325071441800000116e+01,-3.864569107599999853e+01,-3.267098797500000273e+01
6.053023022999999725e+00,-3.834966051699999667e+01,-2.698970027800000082e+01,-2.323189066200000141e+01,-4.058349647299999674e+01,-3.134515668099999885e+01
6.073033032999999747e+00,-3.693974706899999916e+01,-2.744910465199999905e+01,-2.261028505199999827e+01,-3.932736203599999669e+01,-3.002649564200000043e+01
6.093043042999999770e+00,-3.915303587999999735e+01,-2.717266002099999866e+01,-2.262365170400000025e+01,-3.806524700399999972e+01,-2.871251961999999835e+01
6.113053053100000689e+00,-3.695081342299999960e+01,-2.752812552800000034e+01,-2.216528773099999938e+01,-3.786779685100000137e+01,-2.803137394899999890e+01
6.133063063100000711e+00,-3.876490505700000000e+01,-2.749223626699999912e+01,-2.183156625799999873e+01,-3.963146306099999805e+01,-2.716116071600000126e+01
6.153073073100000734e+00,-3.677171048700000000e+01,-2.797774013300000107e+01,-2.152885138199999915e+01,-4.032887164499999955e+01,-2.656369453299999961e+01
6.173083083100000756e+00,-3.632617293900000277e+01,-2.759599743700000118e+01,-2.123342942500000063e+01,-4.058163187000000249e+01,-2.613373400200000063e+01
6.193093093100000779e+00,-3.599977869800000008e+01,-2.825051352099999846e+01,-2.106143516199999866e+01,-4.049871447200000318e+01,-2.558616119299999880e+01
6.213103103100000801e+00,-3.478429281900000092e+01,-2.787944631799999939e+01,-2.098193596699999830e+01,-4.047583894400000304e+01,-2.548392831099999967e+01
6.233113113100000824e+00,-3.454621358100000350e+01,-2.811660246099999938e+01,-2.064869156900000036e+01,-3.968439162300000334e+01,-2.502040922200000139e+01
6.253123123099999958e+00,-3.515359744500000261e+01,-2.760096666200000115e+01,-2.052659473599999984e+01,-3.960493799900000056e+01,-2.503685638199999985e+01
6.273133133099999981e+00,-3.442508257499999758e+01,-2.780062717599999900e+01,-2.039120450100000070e+01,-3.972512454799999659e+01,-2.484680110500000083e+01
6.293143143100000003e+00,-3.394237546499999780e+01,-2.723238976900000097e+01,-2.012107517300000126e+01,-3.922561960600000219e+01,-2.504314771499999992e+01
6.313153153200000034e+00,-3.424684115800000228e+01,-2.719617252899999826e+01,-1.978516263899999927e+01,-4.015081225699999834e+01,-2.524532179899999917e+01
6.333163163200000056e+00,-3.451796650699999702e+01,-2.649044684600000110e+01,-1.954291278399999854e+01,-3.979031717600000206e+01,-2.534500405600000050e+01
6.353173173200000079e+00,-3.368368358400000062e+01,-2.650190093799999858e+01,-1.940265886899999970e+01,-3.905016333900000092e+01,-2.548823266799999843e+01
6.373183183200000101e+00,-3.331456289500000167e+01,-2.643118903799999941e+01,-1.914594465600000106e+01,-3.949003960600000340e+01,-2.543784246299999907e+01
6.393193193200000124e+00,-3.197703256100000146e+01,-2.633338977200000031e+01,-1.894336414800000057e+01,-3.801637056500000256e+01,-2.575142374200000006e+01
6.413203203200000146e+00,-3.217496851899999655e+01,-2.638416894199999874e+01,-1.898123355099999898e+01,-3.709212392399999914e+01,-2.623826976400000177e+01
6.433213213200000169e+00,-3.167329304600000128e+01,-2.601135549099999977e+01,-1.888014818699999964e+01,-3.779445197399999756e+01,-2.626549883099999860e+01
6.453223223200000191e+00,-3.184746144100000009e+01,-2.574246812799999873e+01,-1.891366617999999988e+01,-3.724559226499999909e+01,-2.677021946200000002e+01
6.473233233200000214e+00,-3.097834677099999823e+01,-2.535688177000000110e+01,-1.884948892799999953e+01,-3.515874778999999961e+01,-2.695572641900000121e+01
6.493243243200000236e+00,-3.163981866800000020e+01,-2.543215156600000171e+01,-1.894861275899999953e+01,-3.554035870900000305e+01,-2.718995036700000156e+01
6.513253253300000267e+00,-3.081266953100000094e+01,-2.533523608100000146e+01,-1.893660179600000149e+01,-3.593566808500000320e+01,-2.767204703199999827e+01
6.533263263300000290e+00,-3.157153031800000065e+01,-2.540499594199999933e+01,-1.899555613000000065e+01,-3.485918871399999830e+01,-2.818703590999999875e+01
6.553273273300000312e+00,-3.205105792199999826e+01,-2.500487649300000115e+01,-1.897667656699999839e+01,-3.520503957100000036e+01,-2.880078872400000023e+01
6.573283283300000335e+00,-3.166983679899999871e+01,-2.535039891099999920e+01,-1.885994721100000149e+01,-3.413178424899999897e+01,-3.000517523699999956e+01
6.593293293300000357e+00,-3.204653689900000302e+01,-2.497040661400000161e+01,-1.885275330900000057e+01,-3.509666552600000244e+01,-3.039587558899999920e+01
6.613303303300000380e+00,-3.082472253799999962e+01,-2.465501626300000027e+01,-1.894865508299999846e+01,-3.558960771600000328e+01,-3.171359319800000165e+01
6.633313313300000402e+00,-3.216352884799999856e+01,-2.446496093000000016e+01,-1.891140691900000093e+01,-3.564297674499999857e+01,-3.222845668299999744e+01
6.653323323300000425e+00,-3.397080378199999728e+01,-2.464533816499999830e+01,-1.871153250100000065e+01,-3.716992852500000311e+01,-3.230383039699999870e+01
6.673333333300000447e+00,-3.389212701400000327e+01,-2.472454687899999826e+01,-1.886302525400000007e+01,-3.757810280599999686e+01,-3.189293020699999914e+01
6.693343343300000470e+00,-3.261829902099999856e+01,-2.522743263999999996e+01,-1.894863549300000116e+01,-3.837040500300000190e+01,-3.174374109900000107e+01
6.713353353399999612e+00,-3.320959917999999789e+01,-2.433678132500000046e+01,-1.895019760299999945e+01,-3.880201233999999744e+01,-3.117915928000000036e+01
6.733363363399999635e+00,-3.273179762200000198e+01,-2.481154151999999868e+01,-1.920437276899999901e+01,-3.998140634300000329e+01,-3.054404608899999829e+01
6.753373373399999657e+00,-3.185628010499999974e+01,-2.496214666099999846e+01,-1.929811233599999909e+01,-4.013671115999999728e+01,-3.046822927899999911e+01
6.773383383399999680e+00,-3.209779240999999672e+01,-2.496492881100000005e+01,-1.944996995200000001e+01,-4.204009268600000127e+01,-2.954526922699999858e+01
6.793393393399999702e+00,-3.197883299500000120e+01,-2.508817902699999891e+01,-1.966644683000000171e+01,-4.316655468199999746e+01,-2.895092876900000078e+01
6.813403403399999725e+00,-3.218247858000000150e+01,-2.424757464900000059e+01,-1.959747783399999932e+01,-4.379310451399999948e+01,-2.826858039100000042e+01
6.833413413399999747e+00,-3.167622715299999925e+01,-2.416049602100000016e+01,-1.963025762599999879e+01,-4.183972649500000074e+01,-2.787151875500000031e+01
6.853423423399999770e+00,-3.102823869799999912e+01,-2.434167206100000058e+01,-1.966178940800000063e+01,-4.210713265799999760e+01,-2.806815576300000004e+01
6.873433433399999792e+00,-3.114558117700000039e+01,-2.416706172299999977e+01,-1.953740986900000109e+01,-4.279594700100000182e+01,-2.690323280300000164e+01
6.893443443399999815e+00,-3.086514026700000102e+01,-2.402588110900000018e+01,-1.956849761899999862e+01,-4.219055591299999719e+01,-2.637399727400000060e+01
6.913453453499999846e+00,-3.068496345499999833e+01,-2.401091270799999933e+01,-1.973606230900000114e+01,-4.213015663099999841e+01,-2.639159678500000084e+01
6.933463463499999868e+00,-3.166149274300000016e+01,-2.379627163800000034e+01,-1.981416264799999993e+01,-4.133382306699999731e+01,-2.565021580000000156e+01
6.953473473499999891e+00,-3.095237116899999918e+01,-2.344181589800000154e+01,-1.996415550500000080e+01,-4.010988484599999992e+01,-2.542584331600000169e+01
6.973483483499999913e+00,-3.161575807799999893e+01,-2.342703057800000011e+01,-2.021758767300000059e+01,-3.863700902699999773e+01,-2.498588953300000171e+01
6.993493493499999936e+00,-3.227595654499999966e+01,-2.375333413499999935e+01,-2.052010669999999948e+01,-3.675738952300000051e+01,-2.491547435100000030e+01
7.013503503499999958e+00,-3.267156672200000145e+01,-2.317233094199999854e+01,-2.069561313499999855e+01,-3.634499430000000331e+01,-2.468349199100000035e+01
7.033513513499999981e+00,-3.353077142800000132e+01,-2.336466568999999893e+01,-2.134549947800000069e+01,-3.585912303100000287e+01,-2.451693789100000131e+01
7.053523523500000003e+00,-3.625527820700000348e+01,-2.315214440700000154e+01,-2.177099093700000054e+01,-3.592351447800000130e+01,-2.429385735600000018e+01
7.073533533500000026e+00,-3.438127010000000183e+01,-2.345971198699999860e+01,-2.181932508999999953e+01,-3.459540858300000110e+01,-2.436996581900000081e+01
7.093543543500000048e+00,-3.416782793499999826e+01,-2.368571114199999883e+01,-2.216919202500000097e+01,-3.498534611000000183e+01,-2.413381211600000142e+01
7.113553553600000079e+00,-3.331961023499999897e+01,-2.388794054899999963e+01,-2.213289267600000088e+01,-3.536193494100000123e+01,-2.431529799600000175e+01
7.133563563600000101e+00,-3.368594986899999810e+01,-2.339898922500000111e+01,-2.225436645699999971e+01,-3.358765290000000192e+01,-2.459049997300000001e+01
7.153573573600000124e+00,-3.585865145199999660e+01,-2.367081244099999893e+01,-2.242501088899999928e+01,-3.453169610700000192e+01,-2.514861252700000094e+01
7.173583583600000146e+00,-3.620816108000000355e+01,-2.342957222200000089e+01,-2.258047211099999885e+01,-3.380280910300000130e+01,-2.553599558399999836e+01
7.193593593600000169e+00,-3.577750105599999841e+01,-2.312540481499999956e+01,-2.290629529099999928e+01,-3.472507649799999996e+01,-2.576511573000000155e+01
7.213603603600000191e+00,-3.692443492799999660e+01,-2.356357995999999844e+01,-2.271035260600000072e+01,-3.571444257600000327e+01,-2.587024152900000118e+01
7.233613613600000214e+00,-3.603184309899999960e+01,-2.291925911699999929e+01,-2.270778425800000022e+01,-3.702906322599999811e+01,-2.622449808500000046e+01
7.253623623600000236e+00,-3.627855315699999750e+01,-2.347914817799999909e+01,-2.271009563499999828e+01,-3.756824919900000026e+01,-2.644610514800000090e+01
7.273633633600000259e+00,-3.550683857399999965e+01,-2.366042965800000175e+01,-2.226510594200000170e+01,-3.906338129000000237e+01,-2.687506288999999882e+01
7.293643643600000281e+00,-3.477938426499999736e+01,-2.396267953799999972e+01,-2.204135013300000168e+01,-4.162621696299999741e+01,-2.685266129500000076e+01
7.313653653699999424e+00,-3.582150591799999972e+01,-2.385098308999999972e+01,-2.185725047700000090e+01,-4.213679777800000181e+01,-2.734379445200000092e+01
7.333663663699999447e+00,-3.563631106900000134e+01,-2.388469784700000176e+01,-2.157636348600000176e+01,-4.383485194200000024e+01,-2.779145405799999935e+01
7.353673673699999469e+00,-3.677779519999999991e+01,-2.431756577000000163e+01,-2.142485643799999906e+01,-4.494180157099999917e+01,-2.826083247600000092e+01
7.373683683699999492e+00,-3.721188275899999809e+01,-2.504267239500000031e+01,-2.144905169600000150e+01,-4.720375227400000284e+01,-2.876606127799999868e+01
7.393693693699999514e+00,-3.838227922800000158e+01,-2.478712397500000009e+01,-2.170362118899999970e+01,-5.524028298100000001e+01,-2.984237315800000090e+01
7.413703703699999537e+00,-3.864915682299999844e+01,-2.527272839899999823e+01,-2.203424591099999930e+01,-5.064011470900000234e+01,-2.978010120500000113e+01
7.433713713699999559e+00,-3.567743886699999933e+01,-2.540896992900000129e+01,-2.238182585999999930e+01,-4.932854871800000041e+01,-3.106310019400000044e+01
7.453723723699999582e+00,-3.555767462800000089e+01,-2.590587978399999969e+01,-2.281360665900000129e+01,-4.690618082499999986e+01,-3.218562515499999677e+01
7.473733733699999604e+00,-3.592756042799999960e+01,-2.661580082600000097e+01,-2.322215929500000087e+01,-4.549068274300000070e+01,-3.305479947700000309e+01
7.493743743699999627e+00,-3.623351879799999864e+01,-2.652789664200000175e+01,-2.383516719500000036e+01,-4.091488615299999765e+01,-3.343799525499999703e+01
7.513753753800000545e+00,-3.325044965400000052e+01,-2.708351807800000088e+01,-2.442802412600000039e+01,-4.239477220999999929e+01,-3.379375335799999647e+01
7.533763763800000568e+00,-3.432233173200000209e+01,-2.797132276399999995e+01,-2.438848889200000158e+01,-4.047670492700000011e+01,-3.385544684900000334e+01
7.553773773800000590e+00,-3.475987204199999780e+01,-2.855346386800000147e+01,-2.481014955499999886e+01,-4.148098473200000313e+01,-3.535319015200000337e+01
7.573783783800000613e+00,-3.462759769800000242e+01,-2.931740293800000074e+01,-2.551537229099999848e+01,-3.994225741700000043e+01,-3.366393918400000018e+01
7.593793793799999747e+00,-3.256426016099999998e+01,-3.022844168600000003e+01,-2.568456860399999897e+01,-3.893075451600000036e+01,-3.412121894500000252e+01
7.613803803799999770e+00,-3.185046933299999949e+01,-3.103128141699999887e+01,-2.638755078000000154e+01,-3.925756764500000173e+01,-3.546496206999999856e+01
7.633813813799999792e+00,-3.225610606800000113e+01,-3.212205595799999713e+01,-2.670021985400000020e+01,-3.730419489900000229e+01,-3.453870848599999732e+01
7.653823823799999815e+00,-3.236595482999999973e+01,-3.355125772800000306e+01,-2.678713755000000063e+01,-3.529899644700000039e+01,-3.394061760999999677e+01
7.673833833799999837e+00,-3.311476127899999966e+01,-3.548114560199999801e+01,-2.750608962000000091e+01,-3.554964394800000349e+01,-3.508630049300000309e+01
7.693843843799999860e+00,-3.203663763299999800e+01,-3.589648800500000192e+01,-2.743455073100000163e+01,-3.700954201700000112e+01,-3.473574520599999715e+01
7.713853853899999891e+00,-3.175637322400000073e+01,-3.702099392299999892e+01,-2.829245344399999951e+01,-3.526421595200000070e+01,-3.377674591899999967e+01
7.733863863899999913e+00,-3.490807564699999688e+01,-3.854798403499999893e+01,-2.862464713099999969e+01,-3.380923534200000091e+01,-3.462005108700000022e+01
7.753873873899999936e+00,-3.223938366800000210e+01,-4.461977480699999887e+01,-2.946539247700000175e+01,-3.345642231099999719e+01,-3.472757379899999819e+01
7.773883883899999958e+00,-3.279301593499999967e+01,-4.380858340199999645e+01,-3.026936055999999908e+01,-3.448485910000000132e+01,-3.402307185000000089e+01
7.793893893899999981e+00,-3.291081922299999718e+01,-4.104569635400000038e+01,-2.974661488499999962e+01,-3.383800016499999685e+01,-3.363827991600000189e+01
7.813903903900000003e+00,-3.307581006800000267e+01,-4.324622297500000201e+01,-3.043951794299999847e+01,-3.302655802700000010e+01,-3.243779720399999889e+01
7.833913913900000026e+00,-3.269625381800000241e+01,-4.383616896000000196e+01,-3.110692936699999933e+01,-3.483999526400000235e+01,-3.288778821700000066e+01
7.853923923900000048e+00,-3.234208365599999979e+01,-4.313154110600000024e+01,-3.189673298099999954e+01,-3.293408741199999668e+01,-3.288631035099999878e+01
7.873933933899999182e+00,-3.106001202599999900e+01,-4.015469661299999871e+01,-3.084734972000000042e+01,-3.348810305199999959e+01,-3.166549243600000096e+01
7.893943943899999205e+00,-3.169987145800000050e+01,-4.349115514399999682e+01,-3.155832273300000068e+01,-3.383850898899999748e+01,-3.102770960599999839e+01
7.913953954000000124e+00,-3.021310103300000094e+01,-4.624842590400000120e+01,-3.213524138700000066e+01,-3.304811960699999673e+01,-3.044521791800000088e+01
7.933963964000000146e+00,-2.968507465200000084e+01,-4.626228364699999673e+01,-3.346521901799999910e+01,-3.369362034000000250e+01,-3.073829351699999890e+01
7.953973974000000169e+00,-2.996536304299999998e+01,-4.454710557599999987e+01,-3.451132916200000267e+01,-3.328726371999999856e+01,-2.963378980399999918e+01
7.973983984000000191e+00,-2.876766270299999917e+01,-4.013459056300000327e+01,-3.531182317100000034e+01,-3.364827906600000063e+01,-3.037529383800000105e+01
7.993993994000000214e+00,-2.959659984500000007e+01,-4.826893900099999968e+01,-3.629118694699999992e+01,-3.309836408700000021e+01,-2.996456890800000039e+01
8.014004004000000236e+00,-2.932374417200000138e+01,-4.443768094400000024e+01,-3.804028909200000186e+01,-3.170463405799999990e+01,-2.987325216800000049e+01
8.034014014000000259e+00,-2.894206563199999849e+01,-4.208672148899999854e+01,-3.771946783199999942e+01,-3.163179824199999857e+01,-3.041144952399999823e+01
8.054024024000000281e+00,-2.812634387099999955e+01,-3.854459371800000156e+01,-3.605346817699999917e+01,-3.164013696600000003e+01,-3.002928742199999945e+01
8.074034034000000304e+00,-2.833409595099999834e+01,-3.806531759899999656e+01,-3.559309935200000297e+01,-3.138735692899999918e+01,-3.092113213200000033e+01
8.094044044000000326e+00,-2.804058140600000115e+01,-3.509776889300000136e+01,-3.415747151400000092e+01,-3.152121581200000122e+01,-3.017560310900000076e+01
8.114054054100000357e+00,-2.752341769999999954e+01,-3.439702979500000168e+01,-3.217894908099999896e+01,-3.168969303800000148e+01,-3.051832270099999889e+01
8.134064064100000380e+00,-2.701218436499999953e+01,-3.369607300399999872e+01,-3.230673862799999796e+01,-3.229589838199999718e+01,-3.075512774099999902e+01
8.154074074100000402e+00,-2.705698641400000071e+01,-3.410064116200000228e+01,-3.125133053100000069e+01,-3.364799285400000173e+01,-3.044201432799999907e+01
8.174084084100000425e+00,-2.724224494699999966e+01,-3.181562862699999883e+01,-3.149581090999999944e+01,-3.297752351799999815e+01,-3.067010594499999954e+01
8.194094094100000447e+00,-2.629452106800000166e+01,-3.077313001099999923e+01,-3.247599649899999719e+01,-3.487908015400000039e+01,-2.996380676100000073e+01
8.214104104100000470e+00,-2.646498108200000132e+01,-2.987126434700000033e+01,-3.214532802200000106e+01,-3.550440787600000192e+01,-3.068829754200000082e+01
8.234114114100000492e+00,-2.781817790199999862e+01,-2.850304991000000143e+01,-3.193285424899999825e+01,-3.433815135999999768e+01,-3.076705416200000087e+01
8.254124124100000515e+00,-2.836490316400000111e+01,-2.833188012600000150e+01,-3.217393434699999943e+01,-3.485531158399999896e+01,-2.994888055699999896e+01
8.274134134100000537e+00,-2.815798746899999827e+01,-2.873773072799999895e+01,-3.203678625700000282e+01,-3.713187766699999770e+01,-3.214902092500000208e+01
8.294144144100000560e+00,-2.823249909200000118e+01,-2.868104306400000070e+01,-3.383638878699999708e+01,-3.555326363700000059e+01,-3.110769347300000121e+01
8.314154154200000590e+00,-2.851241637100000048e+01,-2.808248332999999874e+01,-3.420181681999999768e+01,-3.682587772899999834e+01,-3.281547838699999886e+01
8.334164164200000613e+00,-2.948732461199999833e+01,-2.720123188999999897e+01,-3.507065175900000042e+01,-3.637005750699999851e+01,-3.237804718299999962e+01
8.354174174200000635e+00,-3.024877997300000132e+01,-2.627631387399999952e+01,-3.512458914999999848e+01,-3.893806576200000080e+01,-3.302903349399999655e+01
8.374184184200000658e+00,-3.091793955500000024e+01,-2.715164437700000022e+01,-3.653241700899999955e+01,-3.818381568600000264e+01,-3.324136480599999999e+01
8.394194194200000680e+00,-3.076976925600000001e+01,-2.721629009999999838e+01,-3.870005321099999662e+01,-3.870069253500000173e+01,-3.368963567000000126e+01
8.414204204199998927e+00,-3.046214955499999988e+01,-2.732264211300000056e+01,-3.997494334099999946e+01,-4.096863835500000306e+01,-3.483332791499999814e+01
8.434214214199998949e+00,-3.252572307700000209e+01,-2.726929521699999981e+01,-3.925661314799999957e+01,-4.579531007799999998e+01,-3.413503527600000353e+01
8.454224224199998972e+00,-3.398512035600000303e+01,-2.654373893900000070e+01,-4.001279206099999897e+01,-4.765442079200000336e+01,-3.463589105199999807e+01
8.474234234199998994e+00,-3.653472193700000048e+01,-2.751362098399999923e+01,-3.937637271599999877e+01,-5.279224905899999953e+01,-3.712512617200000165e+01
8.494244244199999017e+00,-3.781631634099999673e+01,-2.675261890599999859e+01,-3.924749819899999892e+01,-5.506989937099999821e+01,-3.569052275699999655e+01
8.514254254300000824e+00,-4.088476731099999739e+01,-2.702487470200000175e+01,-3.920378325600000124e+01,-4.771610140899999664e+01,-3.624833991700000269e+01
8.534264264300000846e+00,-3.854215873399999737e+01,-2.732470752100000055e+01,-4.028282693700000294e+01,-4.593840698000000344e+01,-3.692674680100000018e+01
8.554274274300000869e+00,-3.956763161599999989e+01,-2.645203484299999985e+01,-3.647761220499999979e+01,-4.341639193500000005e+01,-3.548557440700000143e+01
8.574284284300000891e+00,-3.590491747699999792e+01,-2.663363200099999872e+01,-3.642832002299999772e+01,-4.350150972600000188e+01,-3.681441711099999736e+01
8.594294294299999137e+00,-3.623758191400000328e+01,-2.705568919499999936e+01,-3.589783803200000278e+01,-4.052876876500000236e+01,-3.645483878299999958e+01
8.614304304299999160e+00,-3.431799542699999961e+01,-2.638743656000000115e+01,-3.478904480199999938e+01,-3.925236505499999851e+01,-3.493112918300000302e+01
8.634314314299999182e+00,-3.445045719899999881e+01,-2.738740622799999969e+01,-3.586476248299999980e+01,-3.825352584800000244e+01,-3.674840910700000052e+01
8.654324324299999205e+00,-3.362032890399999729e+01,-2.766408842799999945e+01,-3.655773612099999781e+01,-4.170625572299999817e+01,-3.902588784699999991e+01
8.674334334299999227e+00,-3.314276279100000266e+01,-2.676963091800000072e+01,-3.425720171399999714e+01,-4.143356643399999939e+01,-3.719305277400000165e+01
8.694344344299999250e+00,-3.437584754400000264e+01,-2.855410695400000165e+01,-3.403976025200000066e+01,-4.024957177299999955e+01,-3.909430780299999952e+01
8.714354354399999281e+00,-3.352215509799999893e+01,-2.622448075399999823e+01,-3.317629078699999923e+01,-3.900165160800000308e+01,-3.769212642000000102e+01
8.734364364399999303e+00,-3.475185610599999819e+01,-2.696052726199999938e+01,-3.359059257700000245e+01,-3.786673856499999857e+01,-3.816956185600000140e+01
8.754374374399999326e+00,-3.271656783699999949e+01,-2.608234999300000112e+01,-3.354486695399999974e+01,-3.581573532899999890e+01,-3.912767988800000296e+01
8.774384384399999348e+00,-3.275579217100000307e+01,-2.571354040699999999e+01,-3.277830070600000312e+01,-3.614671387199999941e+01,-4.029216907800000058e+01
8.794394394399999371e+00,-3.198841748099999904e+01,-2.648241764200000148e+01,-3.224505006799999762e+01,-3.582150011099999887e+01,-3.754411047400000001e+01
8.814404404399999393e+00,-3.419247932199999696e+01,-2.589386693799999861e+01,-3.242152161900000351e+01,-3.485276743499999696e+01,-3.863497018399999661e+01
8.834414414399999416e+00,-3.480279715300000021e+01,-2.543949018900000070e+01,-3.162750457499999968e+01,-3.497713590099999692e+01,-3.398206524700000131e+01
8.854424424399999438e+00,-3.435198377199999697e+01,-2.738545047299999879e+01,-3.138841054499999927e+01,-3.386926938399999898e+01,-3.533085823300000072e+01
8.874434434399999461e+00,-3.913985256099999788e+01,-2.742376463900000161e+01,-3.071480976999999868e+01,-3.470669664199999715e+01,-3.186395936799999973e+01
8.894444444399999483e+00,-3.785853906900000254e+01,-2.781159881299999981e+01,-3.068126555699999969e+01,-3.609969209799999845e+01,-3.144006592699999914e+01
8.914454454499999514e+00,-3.743423377300000254e+01,-2.881132128200000153e+01,-3.142010053799999980e+01,-3.611079794799999831e+01,-3.077119885200000127e+01
8.934464464499999536e+00,-3.845105526500000082e+01,-2.769708301400000039e+01,-3.104523904199999862e+01,-3.798376769299999722e+01,-2.980851814700000091e+01
8.954474474499999559e+00,-4.415288275599999679e+01,-2.776013741299999893e+01,-3.016601994799999886e+01,-3.728694540499999732e+01,-2.898601690199999936e+01
8.974484484499999581e+00,-4.459705890699999742e+01,-2.849968333900000061e+01,-3.097308889299999990e+01,-3.380106295099999869e+01,-2.838449860700000116e+01
8.994494494499999604e+00,-4.866461968600000176e+01,-2.748758774299999885e+01,-3.148030081399999958e+01,-3.319073036199999649e+01,-2.844205393500000056e+01
9.014504504499999626e+00,-4.457817437599999977e+01,-2.750988882000000046e+01,-3.197233870699999869e+01,-3.279471849400000139e+01,-2.781822684899999842e+01
9.034514514499999649e+00,-4.423372111199999779e+01,-2.729083503700000080e+01,-3.086635757799999880e+01,-3.196634331699999976e+01,-2.798836526599999885e+01
9.054524524499999671e+00,-4.194591015900000031e+01,-2.802096635699999894e+01,-3.088754577599999962e+01,-3.189174263299999978e+01,-2.872617660399999906e+01
9.074534534499999694e+00,-5.162056610399999812e+01,-2.697703930799999839e+01,-3.124361042099999963e+01,-3.125347080399999911e+01,-2.837025415900000169e+01
9.094544544499999716e+00,-4.281809307000000331e+01,-2.737710591300000118e+01,-3.127027590200000162e+01,-3.160145177000000061e+01,-3.040792973900000007e+01
9.114554554599999747e+00,-4.304208994999999760e+01,-2.663915534699999910e+01,-3.076046315399999997e+01,-3.126266550500000108e+01,-3.089154168299999981e+01
9.134564564599999770e+00,-4.386059183700000119e+01,-2.740758521900000133e+01,-3.276897462699999863e+01,-3.152725776699999827e+01,-3.238427908799999955e+01
9.154574574599999792e+00,-5.360366412399999803e+01,-2.833018012200000157e+01,-3.157504530099999940e+01,-3.106933278500000029e+01,-3.434093152700000218e+01
9.174584584599999815e+00,-4.587426665699999973e+01,-2.785040466999999964e+01,-3.310404035300000203e+01,-3.130663351600000155e+01,-3.570511044199999873e+01
9.194594594599999837e+00,-3.976078093800000346e+01,-2.835596219600000012e+01,-3.340993267399999667e+01,-3.208414584999999875e+01,-3.775613859599999955e+01
9.214604604599999860e+00,-4.732422807500000062e+01,-2.862870315199999993e+01,-3.278217169599999892e+01,-3.174075444099999999e+01,-4.058766938099999777e+01
9.234614614599999882e+00,-4.588684210499999949e+01,-2.855857292900000033e+01,-3.250329858399999949e+01,-3.147926316399999891e+01,-4.208027937500000348e+01
9.254624624599999905e+00,-4.214625169499999657e+01,-3.115809346099999999e+01,-3.231503676799999880e+01,-3.184790896200000176e+01,-4.089210861400000141e+01
9.274634634599999927e+00,-5.808911535499999701e+01,-3.173181242800000135e+01,-3.133035389999999865e+01,-3.236798577599999760e+01,-4.087517838299999795e+01
9.294644644599999950e+00,-4.850635965200000044e+01,-3.146103483699999970e+01,-3.051581781899999868e+01,-3.371957145999999739e+01,-3.948080126400000012e+01
9.314654654699999980e+00,-4.885354224000000301e+01,-3.333808400400000238e+01,-2.988504168700000108e+01,-3.236597235499999670e+01,-3.726021698800000337e+01
9.334664664700000003e+00,-4.638522470099999850e+01,-3.385100501499999837e+01,-2.861833679700000133e+01,-3.391671917299999706e+01,-3.719005244499999918e+01
9.354674674700000025e+00,-4.354760716300000212e+01,-3.284368147899999713e+01,-2.831066146099999870e+01,-3.317517815099999723e+01,-3.915774950099999785e+01
9.374684684700000048e+00,-3.916173401399999676e+01,-3.203750539899999694e+01,-2.693043371399999941e+01,-3.302216330299999925e+01,-3.618439972299999852e+01
9.394694694700000070e+00,-3.618033411700000102e+01,-3.258510642099999899e+01,-2.674810762999999980e+01,-3.571848083500000115e+01,-3.796836903300000188e+01
9.414704704700000093e+00,-3.656676841499999853e+01,-2.969318973700000086e+01,-2.702644146100000100e+01,-3.480777474700000340e+01,-3.754934428499999655e+01
9.434714714700000115e+00,-4.183159923299999861e+01,-2.990524712399999885e+01,-2.786137734700000124e+01,-3.561742002999999812e+01,-4.151445502400000009e+01
9.454724724700000138e+00,-3.455837067699999920e+01,-2.815667662599999943e+01,-2.860567328999999859e+01,-3.613895166599999698e+01,-3.893401444799999922e+01
9.474734734700000161e+00,-3.915010335800000263e+01,-2.977880525999999861e+01,-2.958098445799999965e+01,-3.495208354100000037e+01,-4.002802686100000074e+01
9.494744744700000183e+00,-3.476182983799999704e+01,-2.771774089699999877e+01,-3.022570016799999948e+01,-3.636280667900000196e+01,-3.975814544400000017e+01
9.514754754799998437e+00,-3.335268108500000039e+01,-2.759960417799999988e+01,-3.108366787499999973e+01,-3.969708503599999716e+01,-4.160857952300000306e+01
9.534764764799998460e+00,-3.388889732799999877e+01,-2.667653061400000070e+01,-3.075938312999999980e+01,-4.377367985299999731e+01,-4.290610047900000268e+01
9.554774774799998482e+00,-2.944057758099999944e+01,-2.696921156100000161e+01,-2.867993513200000066e+01,-4.301748211799999666e+01,-5.863319466699999793e+01
9.574784784799998505e+00,-3.074089421000000044e+01,-2.939731821899999886e+01,-2.837063025499999824e+01,-4.307063101499999647e+01,-4.723346415799999676e+01
9.594794794799998527e+00,-2.906211183599999970e+01,-2.821349790900000087e+01,-2.738466553700000006e+01,-4.170036475599999903e+01,-5.029043953400000078e+01
9.614804804799998550e+00,-2.964779181999999835e+01,-2.872347348799999978e+01,-2.706459867099999883e+01,-4.246798256999999666e+01,-5.637772525799999812e+01
9.634814814799998572e+00,-2.894684262799999885e+01,-2.750338493299999953e+01,-2.668687060999999972e+01,-3.854808605099999852e+01,-4.361829100199999942e+01
9.654824824799998595e+00,-2.862818917599999935e+01,-2.777597500499999938e+01,-2.595702776199999917e+01,-4.613869144699999936e+01,-4.167767278600000225e+01
9.674834834799998617e+00,-2.836702869799999860e+01,-2.741511571799999913e+01,-2.644481805799999918e+01,-3.837614628899999758e+01,-3.952399110799999704e+01
9.694844844799998640e+00,-2.902690234299999972e+01,-2.872136380499999930e+01,-2.588436717000000087e+01,-3.968419469399999855e+01,-3.715854523000000142e+01
9.714854854900000447e+00,-2.861375133499999990e+01,-2.949134646099999912e+01,-2.647973193700000039e+01,-3.946911362000000167e+01,-3.933613204000000252e+01
9.734864864900000470e+00,-2.924745185200000108e+01,-2.734458496199999900e+01,-2.616771333000000155e+01,-3.823172661699999964e+01,-3.584826056899999713e+01
9.754874874900000492e+00,-2.978459249999999869e+01,-2.936480562899999924e+01,-2.660597956899999872e+01,-3.871635482100000303e+01,-3.605405492500000264e+01
9.774884884899998738e+00,-2.874289608599999823e+01,-2.750441212699999838e+01,-2.501924666100000039e+01,-4.035378643399999987e+01,-3.491580479999999653e+01
9.794894894899998761e+00,-2.965990886599999854e+01,-2.953414644100000075e+01,-2.563984495700000110e+01,-3.751465486200000043e+01,-3.391114847899999774e+01
9.814904904899998783e+00,-2.880236610100000050e+01,-2.868817858399999920e+01,-2.597323296200000087e+01,-4.627058135299999719e+01,-3.268099755800000139e+01
9.834914914899998806e+00,-2.852682378900000160e+01,-2.958659439299999860e+01,-2.522823069200000035e+01,-4.038661913600000020e+01,-3.100592129200000002e+01
9.854924924899998828e+00,-2.950492802100000134e+01,-2.831816873300000026e+01,-2.507750292700000116e+01,-3.805603051899999656e+01,-3.234261261999999704e+01
9.874934934899998851e+00,-2.698559549100000154e+01,-2.788078290400000014e+01,-2.513436344599999828e+01,-3.926103184400000146e+01,-3.070151508100000015e+01
9.894944944899998873e+00,-2.749634077700000034e+01,-2.643555166299999826e+01,-2.456326455800000019e+01,-3.962938770600000282e+01,-3.017590351899999845e+01
9.914954955000000680e+00,-2.763258887199999947e+01,-2.670613208900000046e+01,-2.528539568800000126e+01,-4.134574519299999906e+01,-3.138079211100000165e+01
9.934964965000000703e+00,-2.852185219100000069e+01,-2.700249324199999990e+01,-2.542689333399999896e+01,-4.494049530499999889e+01,-3.231046549799999923e+01
9.954974975000000725e+00,-2.701101290800000143e+01,-2.616731612399999918e+01,-2.566588230400000015e+01,-4.989745538199999686e+01,-3.239134144799999859e+01
9.974984985000000748e+00,-2.630765938100000056e+01,-2.691584075800000164e+01,-2.622929669599999869e+01,-4.241533232900000172e+01,-3.252433457600000111e+01
9.994994995000000770e+00,-2.797167724999999905e+01,-2.825654249800000173e+01,-2.653381120299999907e+01,-5.126313489500000031e+01,-3.135803529000000012e+01
1.001500500500000079e+01,-2.638966109600000109e+01,-2.627315644400000139e+01,-2.630181616100000142e+01,-5.254896942300000262e+01,-3.112793159799999998e+01
1.003501501500000082e+01,-2.726969469499999832e+01,-2.739335317600000153e+01,-2.691884906700000002e+01,-5.565922524300000163e+01,-3.201318387399999921e+01
1.005502502500000084e+01,-2.672950368300000079e+01,-2.717090943899999900e+01,-2.628742303499999977e+01,-4.825001452899999776e+01,-3.147194494300000045e+01
1.007503503500000086e+01,-2.596584422600000153e+01,-2.708674132100000165e+01,-2.834330156800000111e+01,-5.652813916600000255e+01,-3.206552879099999842e+01
1.009504504500000088e+01,-2.561035213099999908e+01,-2.634335305500000146e+01,-2.750099253200000149e+01,-4.260254915600000203e+01,-3.004892822200000069e+01
1.011505505499999913e+01,-2.637783463999999967e+01,-2.773250887400000053e+01,-2.925599814699999968e+01,-5.356905130100000179e+01,-2.982136565000000061e+01
1.013506506499999915e+01,-2.760268498199999954e+01,-2.644917192600000178e+01,-3.081910563199999942e+01,-4.431675183000000118e+01,-2.846098922299999856e+01
1.015507507499999917e+01,-2.750884026800000015e+01,-2.648543462800000015e+01,-3.007536296399999998e+01,-4.938421308000000209e+01,-2.903344541399999912e+01
1.017508508499999920e+01,-2.692735019699999910e+01,-2.732860396599999930e+01,-3.111415977500000096e+01,-4.485599492899999774e+01,-2.732565239999999918e+01
1.019509509499999922e+01,-2.581988060100000126e+01,-2.800915415800000119e+01,-3.243715856800000097e+01,-4.603286118300000140e+01,-2.730204256500000071e+01
1.021510510499999924e+01,-2.856006049200000163e+01,-2.651931142700000166e+01,-3.455265062000000142e+01,-6.599548580500000128e+01,-2.697768669799999941e+01
1.023511511499999926e+01,-2.507250785900000167e+01,-2.775815198300000120e+01,-3.575951052799999985e+01,-4.279213119100000284e+01,-2.649756138900000124e+01
1.025512512499999929e+01,-2.654761977100000081e+01,-2.713498561800000175e+01,-3.716720660000000009e+01,-4.160663285199999706e+01,-2.561366207900000092e+01
1.027513513499999931e+01,-2.919620765899999881e+01,-2.577663974700000082e+01,-4.307282546900000142e+01,-4.010496397000000002e+01,-2.660562866400000104e+01
1.029514514499999933e+01,-3.003668691200000040e+01,-2.515829706499999929e+01,-4.280981183000000101e+01,-4.761304932800000245e+01,-2.557968557699999934e+01
1.031515515499999935e+01,-2.923010986099999897e+01,-2.542857409100000154e+01,-3.923104386400000010e+01,-3.637694044999999932e+01,-2.552582525100000055e+01
1.033516516499999938e+01,-3.031841388499999823e+01,-2.640308759799999905e+01,-4.239683833299999804e+01,-3.632556369200000290e+01,-2.436912037600000147e+01
1.035517517499999940e+01,-3.132081224699999922e+01,-2.610944736900000152e+01,-4.322570341600000177e+01,-3.711364500100000186e+01,-2.465338967099999934e+01
1.037518518499999942e+01,-3.420005422700000253e+01,-2.566459494400000096e+01,-4.531911732599999709e+01,-3.575357622100000299e+01,-2.429987911299999936e+01
1.039519519499999944e+01,-3.029673416900000049e+01,-2.664266321099999857e+01,-4.014064906299999791e+01,-3.750183802499999786e+01,-2.479378641499999958e+01
1.041520520499999947e+01,-3.024302921399999988e+01,-2.752601553599999917e+01,-4.162215006299999942e+01,-3.394006692500000355e+01,-2.460376135099999928e+01
1.043521521499999949e+01,-3.008521890200000115e+01,-2.664171486000000044e+01,-4.650954269700000054e+01,-3.384161019100000090e+01,-2.380331912400000149e+01
1.045522522499999951e+01,-3.206611971200000255e+01,-2.644487985700000010e+01,-4.164120712100000077e+01,-3.525892118899999872e+01,-2.575779354499999840e+01
1.047523523499999953e+01,-2.860823389999999833e+01,-2.561127649499999848e+01,-3.870724063400000148e+01,-3.392026529500000009e+01,-2.643017191999999937e+01
1.049524524499999956e+01,-2.766511738899999884e+01,-2.788285204399999984e+01,-3.931603246299999910e+01,-3.387898720700000155e+01,-2.817086928299999826e+01
1.051525525499999958e+01,-2.739542629800000029e+01,-2.583515965000000136e+01,-4.400963390500000116e+01,-3.145573782800000018e+01,-2.624805151600000030e+01
1.053526526499999960e+01,-2.585333995199999890e+01,-2.577625278700000067e+01,-4.996222980999999663e+01,-3.242806271599999945e+01,-2.834943191600000034e+01
1.055527527499999962e+01,-2.959425231399999845e+01,-2.720758484199999927e+01,-4.283833948200000208e+01,-3.264537514900000303e+01,-2.842847675200000168e+01
1.057528528499999965e+01,-2.787147871299999835e+01,-2.569867088499999852e+01,-4.760678233600000198e+01,-3.136422718800000098e+01,-2.810884757199999839e+01
1.059529529499999967e+01,-2.897686786599999920e+01,-2.609805916199999842e+01,-4.200796516500000166e+01,-3.074988189000000105e+01,-2.762087972300000160e+01
1.061530530499999969e+01,-2.980466473399999927e+01,-2.549828455600000154e+01,-4.192108009999999751e+01,-3.282202596399999805e+01,-2.615256180900000160e+01
1.063531531499999971e+01,-2.692667914000000096e+01,-2.521334637500000042e+01,-3.673109227900000207e+01,-2.989586421599999966e+01,-2.591218406999999857e+01
1.065532532499999974e+01,-2.778536207000000147e+01,-2.574612861700000011e+01,-3.565718948800000021e+01,-3.045074658800000122e+01,-2.674040694099999982e+01
1.067533533499999976e+01,-2.847668527000000083e+01,-2.804798266599999934e+01,-3.566352841100000148e+01,-3.146161660399999960e+01,-2.470743702200000058e+01
1.069534534499999978e+01,-2.570875262299999875e+01,-2.634748480200000031e+01,-3.545423606699999652e+01,-3.056314393999999979e+01,-2.512662751399999905e+01
1.071535535499999980e+01,-3.128415808000000098e+01,-2.860631237699999829e+01,-3.173082925799999998e+01,-3.089490862499999935e+01,-2.488981099100000094e+01
1.073536536499999983e+01,-2.985145275200000015e+01,-2.847058389700000092e+01,-3.339319875599999676e+01,-2.942918365499999922e+01,-2.598141724899999971e+01
1.075537537499999985e+01,-2.731741022199999946e+01,-2.855674355100000028e+01,-3.238634573699999919e+01,-3.245176040900000203e+01,-2.439956427899999980e+01
1.077538538499999987e+01,-2.886490082099999910e+01,-2.872080763299999973e+01,-3.162769288699999848e+01,-3.265965132800000248e+01,-2.629282677899999854e+01
1.079539539499999989e+01,-2.936778903900000159e+01,-2.804602389600000123e+01,-3.269118329100000153e+01,-3.168922905699999859e+01,-2.569377487099999868e+01
1.081540540499999992e+01,-2.990049610000000158e+01,-3.020944096499999887e+01,-3.107451728899999921e+01,-3.026694973300000058e+01,-2.564407583399999879e+01
1.083541541499999994e+01,-2.818313029600000164e+01,-2.633844627699999918e+01,-3.383687752000000160e+01,-3.115865800699999966e+01,-2.628552120699999861e+01
1.085542542499999996e+01,-2.946901715799999977e+01,-2.976427450199999925e+01,-3.331973954299999718e+01,-3.250408853799999775e+01,-2.717556666000000121e+01
1.087543543499999998e+01,-3.684720579300000054e+01,-2.700685128499999976e+01,-3.661726228900000280e+01,-3.202416095699999943e+01,-2.630557185199999992e+01
1.089544544500000001e+01,-3.344081697600000069e+01,-2.866400942099999938e+01,-3.648239707599999804e+01,-3.201349165300000266e+01,-2.667716056400000113e+01
1.091545545500000003e+01,-3.142330890799999921e+01,-2.672033189600000114e+01,-3.760804866699999849e+01,-3.207502449500000097e+01,-2.591771766500000140e+01
1.093546546500000005e+01,-3.426224706200000014e+01,-2.555909976999999955e+01,-4.265440720600000191e+01,-3.241973596599999752e+01,-2.753141057899999922e+01
1.095547547500000007e+01,-3.073715536999999998e+01,-2.511167288000000042e+01,-3.719797132099999715e+01,-3.253392246199999960e+01,-3.033906615100000081e+01
1.097548548500000010e+01,-3.450655096799999910e+01,-2.953856333699999936e+01,-4.297104198699999955e+01,-3.126251924500000001e+01,-3.017592520999999905e+01
1.099549549500000012e+01,-3.129195025900000005e+01,-3.104975696900000059e+01,-4.186147801100000265e+01,-3.182165704000000161e+01,-2.965154236600000104e+01
1.101550550600000022e+01,-3.657575711999999868e+01,-2.922201811600000099e+01,-3.641715381600000256e+01,-3.075388591700000163e+01,-3.216466074899999938e+01
1.103551551600000025e+01,-3.334105774100000019e+01,-3.245323482300000251e+01,-4.019973434700000325e+01,-3.147805859600000034e+01,-3.121425322500000021e+01
1.105552552600000027e+01,-3.489071233500000346e+01,-2.979746493700000087e+01,-3.570368274999999869e+01,-3.223160133100000024e+01,-3.157740360600000074e+01
1.107553553600000029e+01,-3.898018726299999770e+01,-3.418955226599999975e+01,-3.521528595899999914e+01,-3.079696910499999873e+01,-3.278454195300000151e+01
1.109554554600000031e+01,-3.191473249299999893e+01,-3.178325783000000015e+01,-3.328908386799999874e+01,-3.295658555899999698e+01,-3.184744224099999954e+01
1.111555555600000034e+01,-3.536783416499999788e+01,-3.019766098699999901e+01,-3.091994531199999940e+01,-3.088137876600000098e+01,-3.186824941500000108e+01
1.113556556600000036e+01,-3.213278650000000169e+01,-3.245658662299999975e+01,-3.054497856500000097e+01,-3.432988712899999939e+01,-3.126222643899999909e+01
1.115557557600000038e+01,-3.373448149899999748e+01,-3.369927208400000040e+01,-3.137551715300000055e+01,-3.400469418299999802e+01,-3.024751756499999900e+01
1.117558558600000040e+01,-3.213764119700000066e+01,-3.201687108800000203e+01,-2.930768855699999875e+01,-3.391536781700000347e+01,-3.075302052099999983e+01
1.119559559600000043e+01,-2.940973851600000089e+01,-3.334651289499999649e+01,-3.156093369999999965e+01,-3.208293156199999885e+01,-3.146664210599999834e+01
1.121560560600000045e+01,-3.419973807600000271e+01,-3.012974568899999994e+01,-2.889497413000000137e+01,-3.482406855699999682e+01,-3.004246616600000053e+01
1.123561561600000047e+01,-3.482853243200000293e+01,-3.236633005699999899e+01,-2.934484662199999860e+01,-3.234682274299999705e+01,-2.949529559000000134e+01
1.125562562600000049e+01,-3.218047779999999847e+01,-3.238970301799999874e+01,-2.865778621300000140e+01,-3.374589710499999740e+01,-3.165396262899999869e+01
1.127563563600000052e+01,-3.434605007399999721e+01,-3.362311162999999681e+01,-2.985865930199999951e+01,-3.183325962400000009e+01,-3.107772513000000103e+01
1.129564564600000054e+01,-3.278995599900000002e+01,-3.615400394899999981e+01,-2.768798973899999893e+01,-3.037761794300000062e+01,-2.980968737299999916e+01
1.131565565600000056e+01,-3.369728965299999857e+01,-3.858273949600000208e+01,-2.928855535299999957e+01,-3.463691346400000270e+01,-3.153113734800000145e+01
1.133566566600000058e+01,-3.329643529500000199e+01,-3.427110525199999813e+01,-3.167653797699999885e+01,-3.327198200000000128e+01,-3.042273839299999949e+01
1.135567567600000061e+01,-3.787734374499999745e+01,-3.570207715200000109e+01,-2.998928808799999857e+01,-3.332595492499999779e+01,-3.097325493600000001e+01
1.137568568600000063e+01,-3.668657820600000008e+01,-3.483393793900000190e+01,-3.175646771499999943e+01,-3.555121606099999809e+01,-3.064206034100000053e+01
1.139569569600000065e+01,-3.628918616899999705e+01,-3.751476105900000135e+01,-3.215435422200000204e+01,-3.613274421900000277e+01,-2.955410032900000061e+01
1.141570570600000067e+01,-3.178784142700000004e+01,-4.181443274000000088e+01,-3.444400372599999827e+01,-3.672718866000000304e+01,-3.038832440799999901e+01
1.143571571600000070e+01,-3.198226849499999958e+01,-4.148945434800000243e+01,-3.369451545399999759e+01,-3.434161896199999831e+01,-2.964100754800000104e+01
1.145572572600000072e+01,-3.308048682999999812e+01,-3.381420273199999826e+01,-4.047370038399999714e+01,-3.716043703199999726e+01,-2.820274747999999931e+01
1.147573573600000074e+01,-3.926806383200000283e+01,-4.663980487799999963e+01,-3.812317266800000226e+01,-3.415464063699999997e+01,-2.936981750500000032e+01
1.149574574600000076e+01,-3.458883700300000186e+01,-3.657989782199999951e+01,-3.763864604199999775e+01,-3.320091435199999808e+01,-3.048684812000000122e+01
1.151575575600000079e+01,-3.573750405100000194e+01,-3.723993363499999987e+01,-3.511564648499999919e+01,-3.440649974899999819e+01,-2.995140210299999950e+01
1.153576576600000081e+01,-3.828676603800000322e+01,-4.817547185099999751e+01,-3.419226293700000241e+01,-3.624985276900000031e+01,-3.254091562600000032e+01
1.155577577600000083e+01,-3.507157537100000155e+01,-3.156731629400000116e+01,-3.459944858600000117e+01,-3.611897343300000074e+01,-3.203698070699999789e+01
1.157578578600000085e+01,-3.865489070000000282e+01,-3.436709848800000344e+01,-3.155890690900000095e+01,-3.171563540500000045e+01,-3.137397729499999954e+01
1.159579579600000088e+01,-3.374361125800000138e+01,-4.051480344899999864e+01,-3.231420493099999902e+01,-3.396417086699999999e+01,-3.115826693600000041e+01
1.161580580599999912e+01,-3.984348294400000157e+01,-3.503248410100000143e+01,-3.050117452699999987e+01,-3.568745512200000292e+01,-3.385206703200000078e+01
1.163581581599999915e+01,-4.507807605800000061e+01,-3.841972452200000276e+01,-3.061070816699999853e+01,-3.156954893300000009e+01,-3.744252569399999686e+01
1.165582582599999917e+01,-4.419481345399999839e+01,-3.965717975700000153e+01,-3.023541281199999986e+01,-3.412244347899999752e+01,-3.706212666900000130e+01
1.167583583599999919e+01,-3.254053858000000332e+01,-3.510760470099999964e+01,-2.763726698900000045e+01,-3.134974494200000095e+01,-3.922033157999999986e+01
1.169584584599999921e+01,-3.553432784200000327e+01,-3.899683898800000037e+01,-2.958156114200000175e+01,-3.240034395699999692e+01,-3.929253218699999906e+01
1.171585585599999924e+01,-3.430206983400000098e+01,-3.830012744399999747e+01,-2.934598445900000030e+01,-3.132544026500000101e+01,-3.721648570100000342e+01
1.173586586599999926e+01,-3.532653277800000069e+01,-3.575785049299999940e+01,-2.867820641300000162e+01,-3.112218536800000024e+01,-3.786710891799999956e+01
1.175587587599999928e+01,-3.215744544900000079e+01,-4.233754029600000024e+01,-3.049223244499999907e+01,-3.063458600099999884e+01,-3.801285540300000321e+01
1.177588588599999930e+01,-3.902488890000000055e+01,-3.579479948699999881e+01,-2.973800466100000151e+01,-3.067944804000000047e+01,-3.814669643700000279e+01
1.179589589599999933e+01,-3.759799075200000118e+01,-3.520984074799999775e+01,-3.011834849499999933e+01,-3.037958300500000064e+01,-4.053741310899999917e+01
1.181590590599999935e+01,-4.393852856400000206e+01,-3.548297886200000306e+01,-3.038680558100000084e+01,-2.914484445700000137e+01,-4.043721886400000187e+01
1.183591591599999937e+01,-3.821994604799999706e+01,-2.931886363099999926e+01,-3.070489259000000004e+01,-2.795664698999999942e+01,-4.275677053599999766e+01
1.185592592599999939e+01,-3.325572880600000047e+01,-3.730381214199999818e+01,-3.263779250599999671e+01,-2.703607702200000062e+01,-3.664004319600000059e+01
1.187593593599999942e+01,-3.147281002100000080e+01,-3.595909851799999757e+01,-3.212349260500000270e+01,-2.832348531899999955e+01,-4.614056962000000084e+01
1.189594594599999944e+01,-3.609494246799999928e+01,-3.210017061199999944e+01,-3.101501796799999866e+01,-2.753536710999999926e+01,-4.719677191899999968e+01
1.191595595599999946e+01,-3.698103928100000104e+01,-3.605431109199999895e+01,-3.591914721999999927e+01,-2.840325372799999926e+01,-4.166753863699999982e+01
1.193596596599999948e+01,-3.337079563100000001e+01,-3.141824794800000120e+01,-3.302631487800000087e+01,-2.705127201099999823e+01,-3.754182251699999995e+01
1.195597597599999951e+01,-3.844483735299999694e+01,-3.455963849500000151e+01,-3.447118543199999863e+01,-2.689041196599999850e+01,-4.301988175599999664e+01
1.197598598599999953e+01,-3.593927590399999872e+01,-3.273265002899999843e+01,-3.317814881500000013e+01,-2.875919625399999902e+01,-4.607278051499999805e+01
1.199599599599999955e+01,-3.805568238299999706e+01,-3.460109930499999820e+01,-3.273698931300000226e+01,-2.891944654899999989e+01,-4.246643373999999937e+01
1.201600600599999957e+01,-3.492268804799999771e+01,-3.627498047699999972e+01,-3.077290438700000053e+01,-2.683342313800000056e+01,-3.794936244000000158e+01
1.203601601599999960e+01,-3.067941648200000060e+01,-3.115969653899999869e+01,-3.015261597900000012e+01,-2.801971196299999889e+01,-3.903474617799999891e+01
1.205602602599999962e+01,-4.363830943699999665e+01,-3.471459676599999966e+01,-2.788052023999999918e+01,-2.801978900699999997e+01,-3.992066720100000055e+01
1.207603603599999964e+01,-3.757413890899999842e+01,-3.867679352599999731e+01,-2.829219132700000117e+01,-2.909769132999999997e+01,-3.264385976700000214e+01
1.209604604599999966e+01,-3.741060654700000043e+01,-3.399745954499999812e+01,-2.934118729200000075e+01,-2.900350037999999842e+01,-4.054248476899999787e+01
1.211605605599999969e+01,-3.496948962100000102e+01,-4.667004254900000149e+01,-2.915903089900000111e+01,-3.243749889800000119e+01,-3.713375641900000090e+01
1.213606606599999971e+01,-3.417087865199999897e+01,-3.541046009099999736e+01,-2.786892044300000038e+01,-2.958787635499999880e+01,-3.950750682599999664e+01
1.215607607599999973e+01,-3.186686335699999972e+01,-3.742431543099999658e+01,-2.950927646599999932e+01,-2.858876858500000040e+01,-4.941555893700000013e+01
1.217608608599999975e+01,-3.604214221800000217e+01,-4.342205021099999840e+01,-2.732424289800000139e+01,-2.943317235900000028e+01,-3.909212104600000259e+01
1.219609609599999978e+01,-3.358042321500000327e+01,-3.179806523999999968e+01,-3.000404677199999881e+01,-2.933870840899999877e+01,-4.245789220900000061e+01
1.221610610599999980e+01,-3.450725274900000272e+01,-4.786103802400000262e+01,-3.054190271499999909e+01,-2.958242683799999995e+01,-4.768106516200000300e+01
1.223611611599999982e+01,-3.316347456300000118e+01,-3.025059944299999870e+01,-3.196378168500000072e+01,-2.914567149499999843e+01,-4.507811997499999990e+01
1.225612612599999984e+01,-4.013624603899999954e+01,-3.610483971899999744e+01,-3.331101970699999981e+01,-2.850702769100000111e+01,-3.820626325799999989e+01
1.227613613599999987e+01,-3.876575838800000184e+01,-4.288780469499999981e+01,-3.025928153999999992e+01,-2.852293697300000019e+01,-4.306922072199999718e+01
1.229614614599999989e+01,-3.702318950800000152e+01,-3.544385273799999680e+01,-3.116234230299999908e+01,-2.701854788099999993e+01,-4.138293309000000164e+01
1.231615615599999991e+01,-4.219657904400000348e+01,-3.329256912299999982e+01,-2.932106864300000026e+01,-2.852120322100000038e+01,-4.387811035899999723e+01
1.233616616599999993e+01,-3.772779660100000143e+01,-4.828704042799999741e+01,-3.098366216999999878e+01,-2.973975280299999824e+01,-3.717450943800000118e+01
1.235617617599999996e+01,-4.724491792300000270e+01,-3.289108455000000220e+01,-2.946637543499999978e+01,-2.808951958300000129e+01,-4.009938543799999877e+01
1.237618618599999998e+01,-4.903550314799999654e+01,-3.648183234799999752e+01,-2.877648495400000073e+01,-3.614447147300000296e+01,-4.375882998099999810e+01
1.239619619600000000e+01,-3.713804987099999977e+01,-4.134940234300000128e+01,-3.016746045200000026e+01,-3.134008078100000105e+01,-3.453838180000000335e+01
1.241620620600000002e+01,-3.742002004199999732e+01,-3.640643397099999845e+01,-3.023880881599999881e+01,-3.426903812199999777e+01,-4.357048151200000063e+01
1.243621621600000005e+01,-4.286568258100000151e+01,-3.982666810199999929e+01,-2.957063797100000002e+01,-3.389067372400000266e+01,-3.513624506699999728e+01
1.245622622600000007e+01,-3.614715110499999895e+01,-2.895403713700000026e+01,-2.909002873700000080e+01,-3.346475037399999763e+01,-4.295279037400000277e+01
1.247623623600000009e+01,-3.330212216599999664e+01,-2.767867256599999948e+01,-2.937054461600000010e+01,-3.212772925299999827e+01,-4.700233858099999651e+01
1.249624624600000011e+01,-3.350282626300000288e+01,-3.559954614200000123e+01,-2.898563749299999870e+01,-3.574536695999999836e+01,-4.368886246400000317e+01
1.251625625600000014e+01,-3.068398657599999879e+01,-3.476485418899999758e+01,-2.993164939100000055e+01,-3.226215865599999688e+01,-4.001643314900000092e+01
1.253626626600000016e+01,-3.796741678600000114e+01,-3.186519917300000060e+01,-2.949865392399999919e+01,-3.121814282800000129e+01,-4.541177795699999820e+01
1.255627627600000018e+01,-3.707709494099999858e+01,-3.603276724500000228e+01,-3.111936415799999978e+01,-3.073593972800000174e+01,-4.979452379399999984e+01
1.257628628600000020e+01,-4.583183653199999696e+01,-3.765406958399999837e+01,-3.018986566899999957e+01,-2.817058359900000042e+01,-4.346627993700000303e+01
1.259629629600000023e+01,-3.840535367500000064e+01,-3.331634381100000297e+01,-2.946520604299999846e+01,-2.619705500599999937e+01,-4.309937474499999865e+01
1.261630630600000025e+01,-3.410212815199999881e+01,-3.545166971999999816e+01,-3.354795191499999873e+01,-2.866490579999999966e+01,-6.199912923400000153e+01
1.263631631600000027e+01,-3.767175106999999912e+01,-3.903505977799999727e+01,-2.930843683499999841e+01,-2.668095582899999840e+01,-5.336826158200000236e+01
1.265632632600000029e+01,-4.143613816500000269e+01,-4.547168576499999659e+01,-2.677099729600000089e+01,-2.773045901200000074e+01,-3.532323001200000334e+01
1.267633633600000032e+01,-3.457174982200000102e+01,-3.382333280400000319e+01,-3.221471545600000042e+01,-2.667229493500000004e+01,-5.125906490100000212e+01
1.269634634600000034e+01,-4.938473077700000147e+01,-3.655524877799999928e+01,-3.157429769100000172e+01,-2.705778586899999993e+01,-3.848457132299999728e+01
1.271635635600000036e+01,-4.457679384800000122e+01,-3.934999703900000156e+01,-3.381964731499999743e+01,-2.733380173300000138e+01,-4.335915582100000165e+01
1.273636636600000038e+01,-3.759541464299999802e+01,-4.845543629600000202e+01,-3.061040762800000081e+01,-2.868105992699999973e+01,-4.245554921600000142e+01
1.275637637600000041e+01,-3.621896518799999853e+01,-3.847384589400000010e+01,-3.528387915900000138e+01,-2.926083252200000118e+01,-4.026025471599999861e+01
1.277638638600000043e+01,-3.812154821600000076e+01,-4.192107671800000190e+01,-3.064403971899999846e+01,-2.830329417800000158e+01,-3.766975654400000195e+01
1.279639639600000045e+01,-3.390839654199999842e+01,-5.119715991900000063e+01,-3.574385069000000215e+01,-2.775085870899999918e+01,-3.816537530600000139e+01
1.281640640600000047e+01,-4.600507604700000286e+01,-3.663286761399999847e+01,-3.171613966299999987e+01,-3.213818455599999879e+01,-4.144133046700000023e+01
1.283641641600000050e+01,-5.084003632900000014e+01,-3.577822588600000131e+01,-3.218908250300000162e+01,-2.951872431299999988e+01,-4.312138666999999970e+01
1.285642642600000052e+01,-4.336424513699999750e+01,-3.754039448200000351e+01,-2.916364813399999889e+01,-2.870817994500000125e+01,-4.011282239100000169e+01
1.287643643600000054e+01,-3.241044159700000193e+01,-3.502361616900000030e+01,-2.898062758000000017e+01,-3.031649331399999880e+01,-3.878355739300000238e+01
1.289644644600000056e+01,-3.336873659399999781e+01,-4.313771493200000151e+01,-3.191257561999999837e+01,-3.042084926200000083e+01,-3.721303807099999972e+01
1.291645645600000059e+01,-5.472935482199999768e+01,-4.401869968399999777e+01,-2.828713156799999950e+01,-3.206263529200000306e+01,-3.995073049500000195e+01
1.293646646600000061e+01,-4.073591574600000342e+01,-4.271104774900000223e+01,-2.799264337600000019e+01,-2.812138240499999853e+01,-4.305093483899999995e+01
1.295647647600000063e+01,-4.574010963500000315e+01,-2.986197453200000140e+01,-3.201324572099999699e+01,-3.174477088400000113e+01,-3.774907480099999901e+01
1.297648648600000065e+01,-3.460308045699999724e+01,-3.171060755499999928e+01,-3.025054497800000064e+01,-2.894402159999999924e+01,-3.916229745799999762e+01
1.299649649600000068e+01,-3.962206512099999856e+01,-3.358650088000000267e+01,-2.988954151500000123e+01,-2.699573306899999992e+01,-4.760336877000000300e+01
1.301650650700000078e+01,-3.660906975599999669e+01,-3.453769728999999700e+01,-3.031942687100000100e+01,-2.877559792899999991e+01,-3.400738487400000309e+01
1.303651651700000080e+01,-3.674679442899999771e+01,-3.759801303999999789e+01,-3.110509387800000169e+01,-2.760416963200000140e+01,-4.517467555000000345e+01
1.305652652700000083e+01,-3.682856372999999905e+01,-3.241132454800000318e+01,-3.149893159899999873e+01,-2.999572808399999957e+01,-4.545137907400000188e+01
1.307653653700000085e+01,-3.740395773299999860e+01,-4.089047332999999895e+01,-3.278811180000000292e+01,-2.710838274400000003e+01,-4.861349455199999881e+01
1.309654654700000087e+01,-3.816860511099999798e+01,-3.429585239400000063e+01,-3.503087648799999698e+01,-2.864493112299999922e+01,-3.411133131799999774e+01
1.311655655699999912e+01,-3.185865961800000079e+01,-4.102012654499999655e+01,-2.942598204000000095e+01,-3.053064369200000172e+01,-3.691069159599999949e+01
1.313656656699999914e+01,-3.687096842399999730e+01,-3.794110119399999803e+01,-3.954421928600000058e+01,-2.934510986900000162e+01,-3.273197724799999975e+01
1.315657657699999916e+01,-3.491393314799999814e+01,-3.345463001699999950e+01,-3.809043244200000089e+01,-2.882329090100000002e+01,-3.548792631999999969e+01
1.317658658699999918e+01,-3.908038221799999690e+01,-3.947126807899999790e+01,-3.366073581999999931e+01,-3.151225800799999988e+01,-3.299177915799999994e+01
1.319659659699999921e+01,-3.722398994600000321e+01,-4.455736834399999680e+01,-3.727666765000000026e+01,-2.866907536600000128e+01,-3.247221675699999821e+01
1.321660660699999923e+01,-4.238046972000000068e+01,-3.710194632900000045e+01,-4.548687912599999805e+01,-3.201091962200000296e+01,-3.514979192199999858e+01
1.323661661699999925e+01,-5.432359201900000301e+01,-5.139409169799999688e+01,-3.517205295099999773e+01,-3.077958715999999839e+01,-3.801794600600000251e+01
1.325662662699999927e+01,-3.531771390600000160e+01,-3.785492955400000170e+01,-3.763847281900000041e+01,-3.107772981600000151e+01,-4.080951428000000192e+01
1.327663663699999930e+01,-3.697546999000000056e+01,-4.599975566100000179e+01,-4.023369377600000263e+01,-2.904533080599999906e+01,-3.359732833799999696e+01
1.329664664699999932e+01,-3.288116960100000341e+01,-3.385879741699999812e+01,-3.462147941700000331e+01,-3.030939203200000165e+01,-3.383985940200000186e+01
1.331665665699999934e+01,-3.498586418699999712e+01,-3.612880365699999885e+01,-3.629464752399999838e+01,-3.064017131299999974e+01,-3.777910782499999698e+01
1.333666666699999936e+01,-3.161521467400000063e+01,-3.220193542100000172e+01,-3.657853875499999674e+01,-3.114650075200000146e+01,-3.294993040699999653e+01
1.335667667699999939e+01,-3.452639952500000220e+01,-2.473544636600000146e+01,-3.738818089499999786e+01,-3.563019970100000222e+01,-3.234889602700000211e+01
1.337668668699999941e+01,-3.500707730100000248e+01,-3.517125567299999744e+01,-3.734281444999999877e+01,-2.850254775100000160e+01,-2.668559876899999850e+01
1.339669669699999943e+01,-3.407511470699999734e+01,-3.492081831699999839e+01,-3.540929257900000238e+01,-3.815411565400000171e+01,-3.129845654700000068e+01
1.341670670699999945e+01,-3.241795737900000063e+01,-3.271963344400000295e+01,-3.611904905099999752e+01,-4.003033736900000150e+01,-2.778066201800000101e+01
1.343671671699999948e+01,-4.876204078800000019e+01,-2.908711840699999840e+01,-3.217343248400000277e+01,-3.853616728000000080e+01,-3.405283911299999744e+01
1.345672672699999950e+01,-3.979639585099999977e+01,-2.627132147500000059e+01,-3.852133812200000307e+01,-3.609746710400000325e+01,-3.100260576100000165e+01
1.347673673699999952e+01,-3.719838559699999792e+01,-2.974593040499999930e+01,-3.736508779100000055e+01,-5.164715352500000023e+01,-3.202017925599999870e+01
1.349674674699999954e+01,-4.354894849299999748e+01,-4.748552853700000043e+01,-3.585395086900000194e+01,-4.150067442900000003e+01,-3.040389937100000139e+01
1.351675675699999957e+01,-3.255945450800000174e+01,-2.465509913500000039e+01,-3.537317736499999654e+01,-3.941795237699999888e+01,-2.990569074400000105e+01
1.353676676699999959e+01,-4.297176658299999730e+01,-3.315716818899999652e+01,-3.564823753999999667e+01,-3.949769646699999726e+01,-2.460869449200000147e+01
1.355677677699999961e+01,-3.230098850000000255e+01,-3.097664923500000000e+01,-3.387349631299999686e+01,-3.470375391500000006e+01,-3.194420907399999976e+01
1.357678678699999963e+01,-3.134626988300000150e+01,-3.169060017800000040e+01,-3.841319529300000113e+01,-3.619122369499999792e+01,-3.114646644700000166e+01
1.359679679699999966e+01,-3.910388770099999789e+01,-2.996137912100000023e+01,-3.713725398599999750e+01,-3.545764282599999717e+01,-2.730757204300000041e+01
1.361680680699999968e+01,-4.924124258999999881e+01,-3.186857363700000079e+01,-3.445273155499999973e+01,-3.102534782400000068e+01,-2.895219649899999936e+01
1.363681681699999970e+01,-4.094126038899999998e+01,-3.745276282599999718e+01,-3.388270557700000296e+01,-2.854815359699999888e+01,-2.619434936500000077e+01
1.365682682699999972e+01,-3.701801697500000188e+01,-3.606088648299999733e+01,-3.348063765700000260e+01,-3.111004589199999870e+01,-2.998423093399999928e+01
1.367683683699999975e+01,-3.811366396599999717e+01,-2.484295127700000094e+01,-2.846457172499999899e+01,-3.347604442800000157e+01,-3.075218480999999926e+01
1.369684684699999977e+01,-4.034901431400000149e+01,-3.853814069999999958e+01,-3.650976920800000158e+01,-3.003806224199999875e+01,-2.967866291099999998e+01
1.371685685699999979e+01,-3.880169188200000008e+01,-3.267994014500000333e+01,-3.983760976599999992e+01,-3.169931161199999892e+01,-3.270524582800000246e+01
1.373686686699999981e+01,-4.689945709300000232e+01,-2.949854181099999906e+01,-3.007376643499999957e+01,-3.052638852000000114e+01,-3.195844848999999854e+01
1.375687687699999984e+01,-4.372592198200000269e+01,-3.147652681900000005e+01,-3.036447309100000069e+01,-2.856465146100000041e+01,-2.945164422599999909e+01
1.377688688699999986e+01,-3.070820521199999931e+01,-3.248845765299999755e+01,-3.523238658999999728e+01,-2.821707024299999844e+01,-2.840528837000000095e+01
1.379689689699999988e+01,-4.830207784200000276e+01,-4.062368640799999753e+01,-3.217548160999999851e+01,-2.945366228399999997e+01,-2.882829038099999863e+01
1.381690690699999990e+01,-3.003723153600000018e+01,-3.429824679400000065e+01,-3.136273235699999873e+01,-2.669626528399999899e+01,-3.088412970299999927e+01
1.383691691699999993e+01,-3.899512443799999772e+01,-2.366988495000000015e+01,-3.336435512500000300e+01,-2.890784555899999830e+01,-3.404101682699999998e+01
1.385692692699999995e+01,-4.045225995799999907e+01,-3.628754225800000199e+01,-3.118266036500000027e+01,-2.953171943999999982e+01,-3.360069625799999926e+01
1.387693693699999997e+01,-3.577392358299999842e+01,-3.025996086600000012e+01,-3.440895356000000049e+01,-2.728980386199999941e+01,-3.593820005599999945e+01
1.389694694699999999e+01,-3.237349419299999909e+01,-2.912203227299999853e+01,-3.292875864500000205e+01,-2.657082258399999830e+01,-3.374721810500000174e+01
1.391695695700000002e+01,-4.444079883999999936e+01,-3.456805473499999692e+01,-3.305034324500000054e+01,-2.677913708099999823e+01,-3.252459651099999860e+01
1.393696696700000004e+01,-3.584621738500000276e+01,-2.586572383900000105e+01,-3.538064288300000015e+01,-2.798028951199999881e+01,-4.740812006699999870e+01
1.395697697700000006e+01,-3.159376644099999965e+01,-3.889527329599999916e+01,-3.405960986499999876e+01,-2.799657845799999834e+01,-3.527284292099999874e+01
1.397698698700000008e+01,-2.921391020000000083e+01,-3.491725472299999922e+01,-3.338928650399999754e+01,-3.065847329700000046e+01,-4.022712573100000100e+01
1.399699699700000011e+01,-4.176548546099999726e+01,-4.038774295900000055e+01,-3.371812059100000170e+01,-3.002894351999999856e+01,-3.360636214299999835e+01
1.401700700700000013e+01,-3.713167341799999832e+01,-3.484830936899999898e+01,-3.995181421099999852e+01,-2.884301186900000147e+01,-2.773742581100000137e+01
1.403701701700000015e+01,-3.855503955300000030e+01,-4.010748257400000227e+01,-3.533812511099999654e+01,-2.788658088000000035e+01,-3.357199053800000144e+01
1.405702702700000017e+01,-4.529498625200000106e+01,-3.929923299600000064e+01,-3.390046436099999738e+01,-3.000138111600000101e+01,-3.471856945500000080e+01
1.407703703700000020e+01,-5.034881140000000244e+01,-4.094895479600000243e+01,-3.017720870699999836e+01,-2.924823351999999943e+01,-3.199066055400000153e+01
1.409704704700000022e+01,-3.440248428600000352e+01,-3.350953356499999813e+01,-3.685221502800000337e+01,-2.837893827599999952e+01,-3.560462131100000249e+01
1.411705705700000024e+01,-3.899927320900000183e+01,-3.317032228699999763e+01,-3.949962069299999712e+01,-2.972283980199999931e+01,-3.154601431600000083e+01
1.413706706700000026e+01,-3.385361564499999787e+01,-3.362019713600000159e+01,-3.802342296900000207e+01,-3.308806749200000041e+01,-3.476390333500000196e+01
1.415707707700000029e+01,-3.527569274300000046e+01,-3.177038687199999956e+01,-3.680875715300000195e+01,-2.886266445400000080e+01,-4.415965267699999686e+01
1.417708708700000031e+01,-3.108259971400000055e+01,-3.173319266700000085e+01,-2.975110706199999910e+01,-2.627747285799999943e+01,-5.126075490600000251e+01
1.419709709700000033e+01,-5.082492121199999957e+01,-3.168189068999999947e+01,-3.752083610500000077e+01,-2.960627518600000130e+01,-3.782330813000000092e+01
1.421710710700000035e+01,-4.265308862799999901e+01,-3.142809987500000091e+01,-3.246980786299999977e+01,-3.216322321100000181e+01,-3.933336322200000268e+01
1.423711711700000038e+01,-3.850590193499999714e+01,-3.469666326200000128e+01,-3.865446109399999841e+01,-3.092422757799999999e+01,-4.811452452999999707e+01
1.425712712700000040e+01,-3.622241074200000099e+01,-3.341744292199999933e+01,-3.081412372899999852e+01,-3.199166937000000033e+01,-5.175782360699999884e+01
1.427713713700000042e+01,-5.128681619500000011e+01,-3.922319994800000131e+01,-3.711019519999999972e+01,-3.349222658699999755e+01,-3.909955247199999917e+01
1.429714714700000044e+01,-4.197122976800000060e+01,-2.723230714500000005e+01,-3.460607749799999766e+01,-3.645288674500000070e+01,-4.626447214000000230e+01
1.431715715700000047e+01,-4.886123984000000320e+01,-3.352942422200000294e+01,-3.995603084599999733e+01,-3.258939030900000233e+01,-4.726311811000000063e+01
1.433716716700000049e+01,-4.115404712200000148e+01,-3.232157817299999891e+01,-3.836015526900000339e+01,-3.183069168899999823e+01,-3.611236866899999853e+01
1.435717717700000051e+01,-4.189649384500000195e+01,-3.452498973499999835e+01,-3.609643991899999804e+01,-3.294987564299999860e+01,-6.255357273700000320e+01
1.437718718700000053e+01,-3.492785401399999756e+01,-3.360127618100000291e+01,-4.195469461100000075e+01,-3.614010441100000293e+01,-4.135693063200000097e+01
1.439719719700000056e+01,-3.299202110400000265e+01,-3.589825450299999687e+01,-4.947669697300000280e+01,-3.893127158299999735e+01,-4.382196833900000144e+01
1.441720720700000058e+01,-5.038567835100000281e+01,-3.270544613300000236e+01,-6.190226752800000298e+01,-3.257392312900000064e+01,-3.931931612500000028e+01
1.443721721700000060e+01,-3.868680481500000212e+01,-3.482725410300000135e+01,-4.006854524500000281e+01,-3.906716268299999939e+01,-3.720866767199999714e+01
1.445722722700000062e+01,-3.490694217600000115e+01,-3.252309243399999872e+01,-3.583749065599999994e+01,-3.518152534800000097e+01,-3.944854354600000335e+01
1.447723723700000065e+01,-3.318245393099999774e+01,-3.944116683899999742e+01,-3.459697244699999885e+01,-5.598597436000000016e+01,-4.427845957600000304e+01
1.449724724700000067e+01,-3.373335113600000312e+01,-4.014948164900000194e+01,-3.329644283900000090e+01,-4.460267203600000130e+01,-4.383982002199999783e+01
1.451725725700000069e+01,-3.617579804500000051e+01,-3.142862756999999974e+01,-3.872987309100000175e+01,-3.864444858400000271e+01,-4.355060837700000320e+01
1.453726726700000071e+01,-3.463640178200000008e+01,-3.447455984599999823e+01,-3.834654937399999852e+01,-3.784108401999999671e+01,-5.009653745100000322e+01
1.455727727700000074e+01,-3.964794203499999981e+01,-5.151616467200000216e+01,-3.130659988100000035e+01,-4.060371061499999712e+01,-4.245151810299999795e+01
1.457728728700000076e+01,-4.181035949999999701e+01,-4.019379069499999702e+01,-3.358541736600000149e+01,-3.768026731199999801e+01,-4.035078257299999649e+01
1.459729729700000078e+01,-5.818018161199999838e+01,-3.735439940100000200e+01,-3.630724934999999931e+01,-3.898825916500000233e+01,-3.982124258000000339e+01
1.461730730700000080e+01,-3.857375768800000060e+01,-3.172532258000000027e+01,-3.162639897300000058e+01,-2.980659813799999824e+01,-5.119434569999999951e+01
1.463731731700000083e+01,-5.032835558899999739e+01,-3.455040981599999839e+01,-3.404801943799999719e+01,-3.099219198100000128e+01,-4.435612847899999878e+01
1.465732732700000085e+01,-3.439380548599999798e+01,-3.057665613800000060e+01,-4.207612598400000081e+01,-4.351977208699999977e+01,-3.811152985399999693e+01
1.467733733700000087e+01,-2.853649171800000062e+01,-4.274737271099999703e+01,-2.838251942300000152e+01,-4.592934015200000175e+01,-3.780866379599999760e+01
1.469734734699999912e+01,-2.987375283100000090e+01,-3.449246346399999652e+01,-3.448791340799999716e+01,-3.606213929900000181e+01,-2.444477556700000065e+01
1.471735735699999914e+01,-3.862902811699999717e+01,-5.501863561399999725e+01,-3.335204378899999966e+01,-3.278956223800000203e+01,-3.397972362099999799e+01
1.473736736699999916e+01,-4.033694659399999694e+01,-3.586549367599999982e+01,-3.618554137200000298e+01,-5.123221185399999911e+01,-3.172600563299999976e+01
1.475737737699999919e+01,-3.479201610599999839e+01,-3.463221477900000167e+01,-3.317005501999999950e+01,-4.202182288200000215e+01,-3.682728123300000078e+01
1.477738738699999921e+01,-3.538901938099999711e+01,-3.712659165299999842e+01,-2.958167005900000035e+01,-3.590543344999999675e+01,-3.804647125500000016e+01
1.479739739699999923e+01,-3.119787741600000075e+01,-3.257721504500000265e+01,-3.361916321500000038e+01,-3.615919426699999661e+01,-2.854784284699999830e+01
1.481740740699999925e+01,-3.833501523599999672e+01,-3.518546792200000084e+01,-2.711478215300000016e+01,-3.616642311399999699e+01,-4.818998126500000012e+01
1.483741741699999928e+01,-4.854837787700000007e+01,-3.263762068999999855e+01,-2.991589627300000132e+01,-5.660946568199999973e+01,-3.984396088399999769e+01
1.485742742699999930e+01,-2.884959821400000024e+01,-3.504346933000000064e+01,-2.657402561299999988e+01,-2.786183534299999920e+01,-3.323703831200000280e+01
1.487743743699999932e+01,-3.240828331800000228e+01,-2.531610650800000073e+01,-2.980036546799999897e+01,-3.085527418999999938e+01,-3.269730938400000042e+01
1.489744744699999934e+01,-3.330850904199999718e+01,-3.089081630000000089e+01,-2.753048109099999863e+01,-3.766380113499999993e+01,-2.924161681200000018e+01
1.491745745699999937e+01,-2.868268505800000057e+01,-3.006861637200000104e+01,-2.685878505000000160e+01,-5.110209569199999891e+01,-2.659031019800000095e+01
1.493746746699999939e+01,-4.871406239899999946e+01,-2.874468170200000117e+01,-3.044942965899999976e+01,-4.265867680699999909e+01,-2.686757772500000030e+01
1.495747747699999941e+01,-3.269864516900000240e+01,-3.165692167399999946e+01,-2.525873820199999997e+01,-4.578517549800000097e+01,-2.653811438900000041e+01
1.497748748699999943e+01,-3.282556593099999986e+01,-2.986906171900000118e+01,-2.599309551900000059e+01,-4.128826964000000288e+01,-2.806542971400000042e+01
1.499749749699999946e+01,-3.383978928700000210e+01,-2.875549743799999902e+01,-2.901353740600000108e+01,-4.657660238900000138e+01,-3.434728046699999737e+01
1.501750750799999956e+01,-4.566217486499999723e+01,-3.096209497999999982e+01,-3.462560727700000029e+01,-3.828780822899999947e+01,-3.145655498700000052e+01
1.503751751799999958e+01,-2.328406299499999932e+01,-3.200347835699999877e+01,-2.998631401400000129e+01,-3.379292200799999790e+01,-3.020071363799999986e+01
1.505752752799999961e+01,-3.502879201300000034e+01,-3.099193448300000142e+01,-2.719857176700000068e+01,-3.472434272200000294e+01,-2.861345949900000107e+01
1.507753753799999963e+01,-3.093102623600000101e+01,-2.903187145000000058e+01,-3.069085078199999828e+01,-3.318739056799999787e+01,-3.344034477600000344e+01
1.509754754799999965e+01,-3.417285168200000101e+01,-3.473130306600000239e+01,-2.860255507700000166e+01,-3.882327923100000078e+01,-2.707287153300000071e+01
1.511755755799999967e+01,-4.125749319599999865e+01,-3.330605701399999674e+01,-3.019743438800000135e+01,-3.169563010899999966e+01,-3.357158523100000025e+01
1.513756756799999970e+01,-3.240867335600000132e+01,-3.970713015900000187e+01,-2.956441191300000071e+01,-2.769052918399999896e+01,-2.809583303100000151e+01
1.515757757799999972e+01,-4.166001429599999994e+01,-3.877734321100000159e+01,-3.347178918099999834e+01,-3.466715267800000078e+01,-3.497247842600000212e+01
1.517758758799999974e+01,-3.751441024100000021e+01,-3.584699312800000115e+01,-2.959501438299999876e+01,-3.505072790199999844e+01,-3.214664582399999659e+01
1.519759759799999976e+01,-3.541933454600000175e+01,-1.969698244900000006e+01,-2.726838847699999846e+01,-3.774826842499999913e+01,-2.834031723900000088e+01
1.521760760799999979e+01,-3.623708956899999833e+01,-5.527194284899999843e+01,-3.229494329599999958e+01,-3.675959092000000084e+01,-3.103403381100000047e+01
1.523761761799999981e+01,-3.820096340999999995e+01,-3.676525820500000208e+01,-3.538963715199999882e+01,-4.957337185699999793e+01,-3.030605290500000137e+01
1.525762762799999983e+01,-3.454626805000000189e+01,-4.282564114699999891e+01,-3.081017122500000127e+01,-3.202352169899999978e+01,-3.622029310700000337e+01
1.527763763799999985e+01,-5.755838194599999724e+01,-4.146549646199999728e+01,-2.510078710000000157e+01,-3.593851724799999658e+01,-3.969784501400000210e+01
1.529764764799999988e+01,-4.335645424199999809e+01,-4.880543676199999936e+01,-2.732592046799999963e+01,-3.727328800099999739e+01,-3.406665013100000294e+01
1.531765765799999990e+01,-4.766730547200000245e+01,-4.155974445300000042e+01,-2.784907447799999858e+01,-5.697064686699999925e+01,-4.890701179399999887e+01
1.533766766799999992e+01,-3.626583045400000316e+01,-3.606808351600000151e+01,-2.687911714399999852e+01,-4.033142941199999854e+01,-4.400147815799999762e+01
1.535767767799999994e+01,-4.620852528700000050e+01,-2.300788950200000116e+01,-2.698982648699999842e+01,-3.944635837900000297e+01,-5.475375256499999921e+01
1.537768768799999997e+01,-3.711222139400000231e+01,-3.200511468399999870e+01,-3.136799712099999837e+01,-3.400147949000000125e+01,-3.908740613199999814e+01
1.539769769799999999e+01,-3.096198788699999938e+01,-4.073369352099999929e+01,-3.147393504600000114e+01,-3.362666995899999733e+01,-3.867615911099999693e+01
1.541770770800000001e+01,-4.737443479400000257e+01,-3.978484491799999745e+01,-3.181058764200000155e+01,-3.849696933700000301e+01,-2.904425322499999851e+01
1.543771771800000003e+01,-5.031822153800000308e+01,-2.664379773099999937e+01,-2.817772513699999948e+01,-3.499288833699999657e+01,-3.113926707499999935e+01
1.545772772800000006e+01,-2.851592659299999966e+01,-3.070771562399999866e+01,-4.003738109100000031e+01,-3.387604016299999898e+01,-3.300979431500000061e+01
1.547773773800000008e+01,-5.788302560599999680e+01,-3.535761495900000284e+01,-3.205393332300000253e+01,-4.014933515700000299e+01,-2.668903085899999894e+01
1.549774774800000010e+01,-4.129313718400000255e+01,-4.427088598099999928e+01,-3.679250670100000065e+01,-4.204846051700000231e+01,-3.790326896300000215e+01
1.551775775800000012e+01,-3.197786135500000171e+01,-3.500406323600000036e+01,-3.483501992499999744e+01,-3.333848581499999852e+01,-2.986699941599999875e+01
1.553776776800000015e+01,-3.186585197899999855e+01,-3.168415686299999834e+01,-3.917302973700000024e+01,-3.104835857300000157e+01,-2.816871298199999885e+01
1.555777777800000017e+01,-2.635088569599999886e+01,-3.616123805000000146e+01,-3.194676778299999853e+01,-3.795398143199999907e+01,-2.909255903500000073e+01
1.557778778800000019e+01,-4.260550691800000322e+01,-4.146449578000000002e+01,-3.175374835599999912e+01,-3.560486267499999968e+01,-2.667250194300000032e+01
1.559779779800000021e+01,-4.006907838000000055e+01,-4.031821482400000178e+01,-3.198530852500000066e+01,-2.666589845300000050e+01,-3.432106122700000128e+01
1.561780780800000024e+01,-3.495882884200000262e+01,-5.046257217400000172e+01,-2.918154644000000175e+01,-3.115826224599999961e+01,-2.697087273200000013e+01
1.563781781800000026e+01,-2.781889458599999898e+01,-4.649153347600000075e+01,-2.995521258100000139e+01,-3.351410661599999941e+01,-2.314347175099999987e+01
1.565782782800000028e+01,-3.993874952200000195e+01,-4.467471590000000248e+01,-3.094369179099999911e+01,-3.002432870999999892e+01,-2.709512141600000135e+01
1.567783783800000030e+01,-4.026475049100000092e+01,-3.524697633600000302e+01,-2.937522276500000018e+01,-3.019601485100000104e+01,-3.197021938199999980e+01
1.569784784800000033e+01,-3.285575227799999709e+01,-2.828673616800000090e+01,-2.707430330700000098e+01,-3.269302931299999671e+01,-1.901884630300000012e+01
1.571785785800000035e+01,-3.730986473099999756e+01,-4.038040443199999885e+01,-2.596819930499999884e+01,-3.852539354599999655e+01,-2.691914210599999890e+01
1.573786786800000037e+01,-3.337996503099999757e+01,-4.557997987699999953e+01,-2.501171886599999894e+01,-3.133542102699999887e+01,-3.509269349400000237e+01
1.575787787800000039e+01,-3.053864780099999976e+01,-4.556914634700000022e+01,-2.500659847300000038e+01,-3.359338824099999954e+01,-3.249938372900000161e+01
1.577788788800000042e+01,-3.386665102700000318e+01,-4.289852315899999979e+01,-2.704232846400000057e+01,-3.741111746499999668e+01,-3.593800610600000311e+01
1.579789789800000044e+01,-2.535544435899999982e+01,-3.586111771699999906e+01,-2.449438288300000011e+01,-3.015404413699999964e+01,-2.577163798999999855e+01
1.581790790800000046e+01,-3.596078914900000001e+01,-3.210828131200000257e+01,-2.544916920200000021e+01,-2.813325032299999862e+01,-2.551995391399999846e+01
1.583791791800000048e+01,-4.710727555500000108e+01,-3.009530778099999893e+01,-2.460806656200000120e+01,-3.041905309799999912e+01,-2.909888476600000118e+01
1.585792792800000051e+01,-2.687966643800000099e+01,-3.705779827300000306e+01,-2.357523455799999823e+01,-3.429010741900000170e+01,-3.222055569100000127e+01
1.587793793800000053e+01,-3.265244496799999752e+01,-3.182944050700000105e+01,-2.354535776599999863e+01,-3.798987284300000056e+01,-3.325814448399999890e+01
1.589794794800000055e+01,-3.475039298299999757e+01,-5.827898523100000006e+01,-2.304230882599999930e+01,-4.032798885199999717e+01,-3.434196831700000274e+01
1.591795795800000057e+01,-2.535111555599999988e+01,-4.309701746599999694e+01,-2.337494161500000089e+01,-2.645054943099999889e+01,-2.943925985799999978e+01
1.593796796800000060e+01,-3.061776676899999927e+01,-4.463355605099999934e+01,-2.266332775600000105e+01,-2.943274542500000024e+01,-3.366026248499999696e+01
1.595797797800000062e+01,-2.715572364699999852e+01,-4.871910843999999940e+01,-2.259962218600000128e+01,-2.954365156400000103e+01,-3.385542470899999756e+01
1.597798798800000064e+01,-3.374812549399999995e+01,-4.306704787000000323e+01,-2.297114600900000170e+01,-2.704669320300000024e+01,-3.190825889499999946e+01
1.599799799800000066e+01,-2.754498006900000107e+01,-4.688119040800000192e+01,-2.247975939699999870e+01,-3.171775534600000057e+01,-2.879119097099999891e+01
1.601800800799999891e+01,-2.604909857999999900e+01,-3.616170346700000238e+01,-2.343240480400000081e+01,-3.010110474500000066e+01,-3.166198044800000133e+01
1.603801801799999893e+01,-3.012129377500000160e+01,-2.980872725700000103e+01,-1.991473410300000069e+01,-3.101803560400000137e+01,-3.608267123000000254e+01
1.605802802799999895e+01,-3.979663341500000229e+01,-3.778448957300000188e+01,-2.133133004000000099e+01,-3.230193099400000278e+01,-2.900415856700000106e+01
1.607803803799999898e+01,-2.990066966399999870e+01,-3.314199635300000324e+01,-2.130146822100000037e+01,-2.219952986499999881e+01,-2.856224905299999861e+01
1.609804804799999900e+01,-2.868872777600000035e+01,-4.074982417599999707e+01,-2.210536882899999966e+01,-2.741276502599999887e+01,-2.934289536200000015e+01
1.611805805799999902e+01,-3.271379187099999797e+01,-2.808290322099999869e+01,-2.420696037000000089e+01,-2.626266679800000148e+01,-2.856160877299999967e+01
1.613806806799999904e+01,-3.259595127200000064e+01,-3.323566234599999802e+01,-2.157951850899999968e+01,-3.512642705100000029e+01,-3.206178120500000261e+01
1.615807807799999907e+01,-2.288527682699999843e+01,-4.213236765199999923e+01,-2.295474377600000082e+01,-2.825995278999999982e+01,-3.188517418700000050e+01
1.617808808799999909e+01,-2.545657381199999847e+01,-4.755911818100000232e+01,-2.395642292699999842e+01,-2.648740841200000062e+01,-2.659706159299999939e+01
1.619809809799999911e+01,-2.247093325499999850e+01,-4.554043667500000225e+01,-2.439069569899999834e+01,-3.057381653899999918e+01,-3.488941559599999920e+01
1.621810810799999913e+01,-1.626791268599999896e+01,-4.236370112299999846e+01,-2.526833281800000108e+01,-3.047537231200000107e+01,-2.608141282000000061e+01
1.623811811799999916e+01,-3.205531562099999832e+01,-4.337827190800000210e+01,-2.366907821899999931e+01,-2.838975689400000135e+01,-2.737573212999999939e+01
1.625812812799999918e+01,-3.108837088499999979e+01,-3.007555651199999858e+01,-2.638399002899999957e+01,-3.317783980699999802e+01,-2.913597853899999990e+01
1.627813813799999920e+01,-2.770723635699999932e+01,-4.597940633200000349e+01,-2.618495532400000059e+01,-3.305897757399999648e+01,-3.734800134599999666e+01
1.629814814799999922e+01,-2.621751387600000172e+01,-2.880698353000000012e+01,-2.777535182900000166e+01,-3.285898158700000238e+01,-3.294250515699999937e+01
1.631815815799999925e+01,-2.864905661099999890e+01,-3.504106846700000233e+01,-2.868275804099999959e+01,-3.595683166199999903e+01,-2.828771126699999883e+01
1.633816816799999927e+01,-2.726199125799999834e+01,-3.677951728699999734e+01,-3.231312211200000206e+01,-3.187398052200000009e+01,-3.933271228600000313e+01
1.635817817799999929e+01,-3.109142433599999933e+01,-2.587433096099999830e+01,-2.781223099500000018e+01,-3.660661413900000127e+01,-4.885907524899999999e+01
1.637818818799999931e+01,-2.704280938899999853e+01,-2.723376569299999872e+01,-3.261941245500000264e+01,-3.127008782100000062e+01,-4.576487065399999921e+01
1.639819819799999934e+01,-3.042018222100000102e+01,-5.160803857100000158e+01,-3.147788398699999846e+01,-3.526840973200000207e+01,-3.661446014199999865e+01
1.641820820799999936e+01,-3.225931023399999731e+01,-3.064864010499999836e+01,-3.275561838699999839e+01,-3.970589188499999977e+01,-3.599960051200000066e+01
1.643821821799999938e+01,-2.668110907799999865e+01,-3.218122833000000327e+01,-3.008027139500000047e+01,-3.690673980399999721e+01,-3.164078468900000018e+01
1.645822822799999940e+01,-1.669391034499999904e+01,-3.526255620500000276e+01,-4.025454042500000185e+01,-4.415456606600000100e+01,-3.740912283499999802e+01
1.647823823799999943e+01,-3.365661555500000190e+01,-3.386169502700000322e+01,-3.229630066800000066e+01,-4.273283821599999754e+01,-5.651373648999999943e+01
1.649824824799999945e+01,-4.602154381199999733e+01,-3.030992551900000009e+01,-3.048734941400000054e+01,-3.423416686800000264e+01,-3.339846327000000059e+01
1.651825825799999947e+01,-2.563135868299999842e+01,-2.951990334099999913e+01,-3.248558262000000241e+01,-2.883414022999999915e+01,-3.863447570299999967e+01
1.653826826799999949e+01,-2.721972451999999976e+01,-2.862963828599999871e+01,-2.463775815400000013e+01,-4.469112082600000235e+01,-2.905360828599999934e+01
1.655827827799999952e+01,-3.236764814699999704e+01,-2.777320506699999925e+01,-2.827005059100000040e+01,-4.657832460499999883e+01,-3.480272052400000149e+01
1.657828828799999954e+01,-3.082215769500000135e+01,-4.016917935000000028e+01,-2.771842790999999906e+01,-3.690704011500000092e+01,-3.119247028599999894e+01
1.659829829799999956e+01,-2.328022874799999897e+01,-3.570714628900000065e+01,-2.625403406199999878e+01,-4.013816053600000089e+01,-2.715770529399999944e+01
1.661830830799999958e+01,-3.556988935700000098e+01,-3.172042720800000026e+01,-2.817308183300000124e+01,-2.894905900999999915e+01,-3.059527474000000069e+01
1.663831831799999961e+01,-3.374604973299999955e+01,-2.801069647099999926e+01,-2.363866256200000038e+01,-2.525662062399999996e+01,-3.670620733700000216e+01
1.665832832799999963e+01,-2.923049191799999846e+01,-3.355311134099999748e+01,-2.667897983699999997e+01,-2.874306006200000141e+01,-2.762874968399999887e+01
1.667833833799999965e+01,-3.618680574100000058e+01,-5.771174785899999904e+01,-2.678090085699999889e+01,-4.643918248399999982e+01,-2.892077853900000051e+01
1.669834834799999967e+01,-2.494048607499999903e+01,-3.679850356800000100e+01,-2.692445669499999994e+01,-3.027290246200000112e+01,-2.565418633199999832e+01
1.671835835799999970e+01,-3.720921208000000036e+01,-6.200705530500000151e+01,-2.756894127800000049e+01,-3.032019017200000022e+01,-2.972760930900000176e+01
1.673836836799999972e+01,-3.919003850000000000e+01,-4.647464738499999726e+01,-2.543831746900000113e+01,-2.551386495599999904e+01,-3.358019652299999791e+01
1.675837837799999974e+01,-1.103635290100000077e+01,-4.600529593899999981e+01,-2.424497488200000106e+01,-3.552789262900000011e+01,-3.158074231000000154e+01
1.677838838799999976e+01,-4.315558609499999676e+01,-4.284381121799999903e+01,-2.362367314000000107e+01,-3.127042815500000117e+01,-2.880945014399999948e+01
1.679839839799999979e+01,-3.128573754099999960e+01,-2.782591222699999989e+01,-2.297834491900000131e+01,-3.345629128899999927e+01,-3.480558810099999789e+01
1.681840840799999981e+01,-2.946717592499999938e+01,-3.179912486299999941e+01,-2.550909052000000088e+01,-3.226183481900000061e+01,-3.777307492100000275e+01
1.683841841799999983e+01,-3.328019016700000066e+01,-4.787087612599999886e+01,-2.375780463399999931e+01,-2.741860660300000063e+01,-3.087500148299999836e+01
1.685842842799999985e+01,-3.411250971399999798e+01,-3.339222112800000275e+01,-2.648830995300000168e+01,-3.005861153300000055e+01,-2.757389743899999957e+01
1.687843843799999988e+01,-3.831917244299999936e+01,-4.502618369599999681e+01,-2.279036475099999848e+01,-3.760809611900000249e+01,-2.754268587600000018e+01
1.689844844799999990e+01,-4.149801391799999806e+01,-4.227983292399999726e+01,-2.308523843000000042e+01,-3.256081209500000284e+01,-2.795086880599999901e+01
1.691845845799999992e+01,-5.040422881399999966e+01,-6.026340428200000332e+01,-2.498385595899999956e+01,-3.057547630599999877e+01,-3.446244917199999946e+01
1.693846846799999994e+01,-2.483552989800000077e+01,-4.115426875899999715e+01,-2.257900213199999939e+01,-3.430179918299999997e+01,-2.967875317100000032e+01
1.695847847799999997e+01,-3.738449622200000277e+01,-3.799614891000000227e+01,-2.430337642099999940e+01,-2.795908679000000063e+01,-2.229368854999999883e+01
1.697848848799999999e+01,-2.506175490300000064e+01,-3.455987313499999658e+01,-2.567426053999999880e+01,-3.229050560200000319e+01,-3.305576709099999988e+01
1.699849849800000001e+01,-3.381783234200000265e+01,-3.661840443399999856e+01,-2.644043944299999893e+01,-3.254699591400000003e+01,-3.899139698199999771e+01
1.701850850900000012e+01,-3.258470063099999692e+01,-4.320178444399999762e+01,-2.487502306300000043e+01,-3.088766440499999888e+01,-3.022040411400000082e+01
1.703851851900000014e+01,-3.369818729400000024e+01,-3.319120731400000324e+01,-2.384509630699999860e+01,-2.750598549600000098e+01,-2.831275201500000094e+01
1.705852852900000016e+01,-7.763514922800000306e+01,-4.158570829899999666e+01,-2.903644598600000037e+01,-3.502516871499999951e+01,-2.263307559900000143e+01
1.707853853900000018e+01,-4.460375308599999755e+01,-3.340161481599999860e+01,-2.850864477800000074e+01,-3.212392933999999656e+01,-3.118462994000000066e+01
1.709854854900000021e+01,-3.136393916899999823e+01,-4.324189945500000221e+01,-2.256723828699999856e+01,-2.434925732900000028e+01,-3.402722368300000255e+01
1.711855855900000023e+01,-4.773470447300000075e+01,-3.565302106600000087e+01,-3.131499816599999875e+01,-3.273904817199999684e+01,-2.860256726100000080e+01
1.713856856900000025e+01,-4.640432186599999653e+01,-3.575388987000000185e+01,-2.448478663699999913e+01,-2.796390322299999909e+01,-2.901627728300000086e+01
1.715857857900000027e+01,-3.780452104199999752e+01,-3.490436263099999792e+01,-2.145089568099999866e+01,-2.142130167899999904e+01,-2.849941063800000052e+01
1.717858858900000030e+01,-3.639021470099999789e+01,-3.340965751600000289e+01,-2.738684870999999887e+01,-3.373960746299999869e+01,-2.375255619500000037e+01
1.719859859900000032e+01,-3.891006572500000260e+01,-2.698429380700000024e+01,-2.454666807899999981e+01,-1.958657534800000022e+01,-3.010074564099999961e+01
1.721860860900000034e+01,-3.359199597100000290e+01,-4.339268455700000260e+01,-2.815523356199999938e+01,-2.789606098999999872e+01,-3.299892624400000329e+01
1.723861861900000036e+01,-3.180054589999999948e+01,-3.225252190500000182e+01,-2.115886937499999831e+01,-2.837526943099999954e+01,-2.778350568100000118e+01
1.725862862900000039e+01,-2.911108149700000070e+01,-3.418916940100000090e+01,-2.440077206200000148e+01,-2.843333132300000088e+01,-4.942241336499999704e+01
1.727863863900000041e+01,-3.180420868599999906e+01,-2.098958182300000175e+01,-1.978504013899999947e+01,-2.892080889300000024e+01,-2.472337252399999841e+01
1.729864864900000043e+01,-2.760814518200000123e+01,-3.010134612499999918e+01,-3.020024935100000008e+01,-4.023875960699999865e+01,-2.800786968499999929e+01
1.731865865900000045e+01,-2.782770877400000131e+01,-3.097456869799999879e+01,-2.428105963200000161e+01,-2.833671461300000161e+01,-1.738962689699999942e+01
1.733866866900000048e+01,-4.169909594800000008e+01,-3.399791457399999928e+01,-2.329286264599999967e+01,-2.287735659799999866e+01,-3.224120405200000050e+01
1.735867867900000050e+01,-4.146817734500000086e+01,-3.873495991000000060e+01,-2.969213196500000151e+01,-2.981078412500000141e+01,-4.313665594100000078e+01
1.737868868900000052e+01,-2.849125845600000062e+01,-2.637453506199999964e+01,-2.342060315200000176e+01,-2.972433802000000114e+01,-3.750212658000000232e+01
1.739869869900000054e+01,-3.113768962099999982e+01,-2.831195551900000140e+01,-2.783746436099999855e+01,-2.782234806499999991e+01,-3.633664663700000119e+01
1.741870870900000057e+01,-3.632121388299999865e+01,-2.729516581800000097e+01,-2.421654576399999925e+01,-3.026593345799999923e+01,-3.148211766000000011e+01
1.743871871900000059e+01,-2.828641858599999992e+01,-2.829755290299999970e+01,-2.554819856299999969e+01,-2.865616707399999896e+01,-3.573963238399999653e+01
1.745872872900000061e+01,-4.035559124099999906e+01,-3.630612307799999883e+01,-2.549592532899999853e+01,-2.626119350900000171e+01,-3.767113508500000307e+01
1.747873873900000063e+01,-4.251737270999999652e+01,-3.171943901899999929e+01,-2.516553680399999848e+01,-2.517109053000000074e+01,-2.669422282200000041e+01
1.749874874900000066e+01,-2.654319360399999894e+01,-3.273008019600000296e+01,-2.021852472300000159e+01,-3.250399598100000276e+01,-2.817326559700000033e+01
1.751875875900000068e+01,-3.601720769799999999e+01,-2.528104175400000031e+01,-2.423875228600000042e+01,-2.785069516400000111e+01,-3.601488058500000022e+01
1.753876876900000070e+01,-3.257362272000000303e+01,-4.166613557400000190e+01,-2.433788748599999963e+01,-2.568066451800000038e+01,-1.815672667200000134e+01
1.755877877900000072e+01,-2.906806854199999890e+01,-2.838940903499999990e+01,-2.450896029300000123e+01,-2.666956533999999834e+01,-2.935483844999999903e+01
1.757878878900000075e+01,-4.095548260599999679e+01,-3.312280437999999805e+01,-2.034028221699999861e+01,-2.047355832199999881e+01,-4.249934540099999936e+01
1.759879879900000077e+01,-3.776385902399999850e+01,-4.688864659000000046e+01,-2.739316810900000121e+01,-1.645270257600000008e+01,-3.077811595700000069e+01
1.761880880900000079e+01,-2.385355001599999980e+01,-2.826179189599999830e+01,-2.669398879399999913e+01,-3.376586241100000052e+01,-3.661314810199999670e+01
1.763881881900000081e+01,-4.265315924200000097e+01,-3.124969127099999966e+01,-2.359923236299999871e+01,-2.986144376900000097e+01,-4.476656265100000098e+01
1.765882882900000084e+01,-5.775083988099999743e+01,-3.285796725299999821e+01,-2.212014793799999879e+01,-3.034155457800000022e+01,-3.220942153800000085e+01
1.767883883900000086e+01,-2.986700542499999855e+01,-3.021458588000000134e+01,-2.185439964100000054e+01,-2.793966833200000011e+01,-4.298442844600000257e+01
1.769884884900000088e+01,-3.962084633999999994e+01,-4.237408682000000226e+01,-2.736678662499999959e+01,-1.905497534899999934e+01,-3.054606298699999911e+01
1.771885885900000090e+01,-3.983620818600000035e+01,-3.532386964300000187e+01,-1.989212362600000006e+01,-2.366384464800000131e+01,-2.159339429499999952e+01
1.773886886900000093e+01,-2.514396041399999859e+01,-3.271296928900000012e+01,-2.258858040399999823e+01,-3.877586966599999840e+01,-3.782383440200000280e+01
1.775887887900000095e+01,-4.922895775500000326e+01,-3.047151609499999836e+01,-2.745429859600000100e+01,-3.224919975899999969e+01,-4.995768691800000028e+01
1.777888888900000097e+01,-3.215261476300000254e+01,-2.736680079099999929e+01,-2.375307460000000148e+01,-2.840526979299999866e+01,-3.726833244099999831e+01
1.779889889900000099e+01,-2.904936096100000142e+01,-3.154487212200000101e+01,-2.483369280399999823e+01,-1.250115546700000024e+01,-9.483412377900000578e+00
1.781890890900000102e+01,-3.595324775000000272e+01,-3.558793220900000165e+01,-2.514380576599999984e+01,-2.753441971699999868e+01,-4.820322622700000181e+01
1.783891891900000104e+01,-3.172187927499999915e+01,-4.017266628099999792e+01,-2.545986177800000050e+01,-3.237439862899999810e+01,-4.422615179699999999e+01
1.785892892900000106e+01,-3.054783230900000035e+01,-2.007271763900000039e+01,-2.401413346500000046e+01,-2.995643326400000106e+01,-2.836735608200000058e+01
1.787893893900000108e+01,-4.794532184399999863e+01,-4.227299876299999681e+01,-3.065181174700000000e+01,-2.917151067400000031e+01,-3.225847935600000227e+01
1.789894894900000111e+01,-2.588482809599999968e+01,-3.734920818799999864e+01,-2.773893447800000089e+01,-2.741533243800000008e+01,-2.974338810000000066e+01
1.791895895900000113e+01,-4.121575802400000299e+01,-3.240895532300000070e+01,-2.594982656399999854e+01,-2.253383091999999976e+01,-3.657610332600000191e+01
1.793896896900000115e+01,-6.088682372099999895e+01,-2.904825990100000155e+01,-2.164039403499999992e+01,-1.096823612500000067e+01,-2.374234449800000135e+01
1.795897897900000117e+01,-2.956365334299999859e+01,-3.068243474499999834e+01,-3.105492666499999999e+01,-2.404923517199999949e+01,-2.750631399999999971e+01
1.797898898900000120e+01,-3.622840363400000285e+01,-3.973191171700000268e+01,-3.535849270199999950e+01,-2.978538886300000144e+01,-2.962441878199999934e+01
1.799899899900000122e+01,-3.597473675300000195e+01,-2.932376439700000148e+01,-2.655704588600000093e+01,-2.682064996200000095e+01,-2.452524304700000002e+01
1.801900900900000124e+01,-3.205470984600000151e+01,-4.476278187599999825e+01,-2.714977491200000159e+01,-2.204487073499999994e+01,-3.058157264200000114e+01
1.803901901900000126e+01,-3.650624694900000122e+01,-3.598634561400000109e+01,-3.449942534099999847e+01,-2.757610821600000151e+01,-3.775044123100000348e+01
1.805902902900000129e+01,-2.997801427899999993e+01,-2.500887183800000102e+01,-3.571860457399999689e+01,-2.181480258299999875e+01,-4.072365134000000353e+01
1.807903903900000131e+01,-4.500845465199999751e+01,-4.176852553199999818e+01,-3.221866155600000070e+01,-2.919353456300000005e+01,-4.504168130299999717e+01
1.809904904900000133e+01,-4.277621722599999998e+01,-3.275235887699999893e+01,-3.195251637799999855e+01,-2.827808503900000048e+01,-4.149264103800000214e+01
1.811905905900000135e+01,-2.906406850400000152e+01,-2.079367878900000122e+01,-3.237630552299999920e+01,-2.129661822199999932e+01,-3.368327088000000202e+01
1.813906906900000138e+01,-3.771819890999999814e+01,-3.275378495599999695e+01,-2.914716549799999967e+01,-2.953402099699999894e+01,-2.872339824799999874e+01
1.815907907900000140e+01,-2.617616857300000177e+01,-3.703753209300000293e+01,-3.674537250699999902e+01,-2.821776483300000038e+01,-4.066064430400000163e+01
1.817908908900000142e+01,-3.424803626799999989e+01,-3.797972186900000224e+01,-2.873786756699999856e+01,-2.818389786199999847e+01,-4.219632074399999766e+01
1.819909909900000144e+01,-4.325302122099999735e+01,-3.664977400400000107e+01,-3.532247393099999755e+01,-3.415928271399999971e+01,-3.378786059299999778e+01
1.821910910900000147e+01,-3.610099346799999864e+01,-4.575448565100000309e+01,-3.361394273799999866e+01,-2.684033655500000037e+01,-4.015154637199999854e+01
1.823911911900000149e+01,-3.685569472899999965e+01,-2.942313646799999916e+01,-3.764902292400000050e+01,-3.710723641500000269e+01,-3.771224819100000047e+01
1.825912912900000151e+01,-3.792433320199999969e+01,-3.346715263099999760e+01,-4.435694197299999786e+01,-4.010309469300000274e+01,-3.621668273699999929e+01
1.827913913900000153e+01,-4.091536622600000328e+01,-3.746725550699999729e+01,-4.916248367000000030e+01,-2.648651785299999872e+01,-4.633723222799999775e+01
1.829914914900000156e+01,-3.358483069199999704e+01,-2.932638877699999824e+01,-2.640140140400000135e+01,-2.646051449000000133e+01,-5.717692890800000072e+01
1.831915915900000158e+01,-1.711720142000000067e+01,-4.055254350599999924e+01,-2.699774487399999856e+01,-3.391717210899999912e+01,-3.751361506199999951e+01
1.833916916900000160e+01,-3.525053986599999689e+01,-2.705867497299999869e+01,-2.747211033399999991e+01,-2.947497003399999826e+01,-3.839911112099999713e+01
1.835917917900000162e+01,-2.217421635699999882e+01,-2.585733563499999832e+01,-2.427309111099999939e+01,-2.803446137999999976e+01,-2.170112979900000028e+01
1.837918918900000165e+01,-3.038086271799999949e+01,-4.010608831900000126e+01,-2.429137460800000170e+01,-4.360809701600000210e+01,-3.615425018300000204e+01
1.839919919900000167e+01,-3.996268598300000008e+01,-4.223422163400000073e+01,-3.172896718499999835e+01,-2.542013332399999825e+01,-2.624604825300000144e+01
1.841920920900000169e+01,-2.980171202000000008e+01,-2.928835219899999842e+01,-2.747397972499999952e+01,-2.587356150800000165e+01,-5.010742569800000012e+01
1.843921921900000171e+01,-2.905349842200000055e+01,-3.290069522999999663e+01,-2.806359615099999871e+01,-2.491776755500000107e+01,-5.174038488400000091e+01
1.845922922900000174e+01,-5.244612759799999679e+01,-2.788152974500000170e+01,-2.381326636400000041e+01,-3.584727323300000279e+01,-3.081182189200000110e+01
1.847923923900000176e+01,-4.068914573299999660e+01,-3.439754348400000339e+01,-2.986374680899999845e+01,-2.256333712300000016e+01,-3.129639395299999904e+01
1.849924924899999823e+01,-4.367880885699999993e+01,-3.588182428599999696e+01,-3.027077153999999837e+01,-2.962838726500000064e+01,-3.231869865099999828e+01
1.851925925899999825e+01,-4.758871245499999958e+01,-3.900793468500000216e+01,-2.954759752800000072e+01,-3.327456114000000298e+01,-3.035905258900000092e+01
1.853926926899999827e+01,-3.911280920200000111e+01,-3.036947805499999831e+01,-2.449397543499999941e+01,-1.969106395600000070e+01,-2.606991132599999972e+01
1.855927927899999830e+01,-5.343835299900000280e+01,-3.417360440899999929e+01,-2.906608198200000004e+01,-2.488840005300000158e+01,-3.052636109099999828e+01
1.857928928899999832e+01,-2.611100723599999895e+01,-3.250005315899999658e+01,-4.861386471699999845e+01,-2.866803424100000086e+01,-2.874258689699999891e+01
1.859929929899999834e+01,-2.912825270000000089e+01,-3.454888141800000056e+01,-2.931924138600000163e+01,-2.511523118499999896e+01,-2.567528058599999952e+01
1.861930930899999836e+01,-3.842590185499999933e+01,-3.035437948299999888e+01,-3.199899061800000055e+01,-2.940454082500000155e+01,-2.644532876299999913e+01
1.863931931899999839e+01,-2.992260087500000054e+01,-2.650311226799999886e+01,-3.047804226899999946e+01,-2.874778320500000106e+01,-2.862931605200000007e+01
1.865932932899999841e+01,-3.912471716999999671e+01,-3.643947675900000149e+01,-2.965686217400000046e+01,-3.572012278700000110e+01,-2.986520979999999881e+01
1.867933933899999843e+01,-4.847534453499999785e+01,-4.200919508500000177e+01,-2.898615189599999908e+01,-1.590421196399999992e+01,-1.544963756599999982e+01
1.869934934899999845e+01,-6.074031208699999951e+01,-4.510165460999999709e+01,-3.636308977200000214e+01,-2.723482892000000177e+01,-4.173816186100000181e+01
1.871935935899999848e+01,-3.600029445700000252e+01,-3.775027427300000227e+01,-2.268427553500000116e+01,-1.538341339499999982e+01,-3.361313372000000044e+01
1.873936936899999850e+01,-3.474059843100000222e+01,-3.680927140099999662e+01,-3.437396255200000184e+01,-3.322503504400000196e+01,-2.740627195700000129e+01
1.875937937899999852e+01,-6.401277877299999375e+01,-3.788198142200000262e+01,-2.660903653700000149e+01,-2.755142040999999864e+01,-2.438575059500000108e+01
1.877938938899999854e+01,-4.644470099800000185e+01,-4.482847217900000203e+01,-3.159324149300000073e+01,-3.863033971800000188e+01,-2.519292528900000150e+01
1.879939939899999857e+01,-2.929661329600000030e+01,-1.993458314900000161e+01,-3.328859868299999647e+01,-3.768734711799999815e+01,-2.311836439500000040e+01
1.881940940899999859e+01,-3.993569859400000155e+01,-3.725006287899999791e+01,-3.727186293300000131e+01,-3.497876763000000011e+01,-2.755636102500000106e+01
1.883941941899999861e+01,-5.294787518500000090e+01,-5.569146109100000075e+01,-3.224426472100000041e+01,-3.364089635900000275e+01,-3.512134563000000043e+01
1.885942942899999863e+01,-2.685640229199999851e+01,-3.482135800999999731e+01,-2.037470153199999956e+01,-2.164136992299999918e+01,-1.446565553900000012e+01
1.887943943899999866e+01,-3.929368731600000331e+01,-2.827315977499999988e+01,-1.685198653599999830e+01,-2.193398952100000088e+01,-2.493426886299999978e+01
1.889944944899999868e+01,-4.564966637700000263e+01,-4.275730897700000099e+01,-3.558392952100000173e+01,-4.030225690500000013e+01,-3.754854111499999902e+01
1.891945945899999870e+01,-2.526982694399999829e+01,-2.963750200899999854e+01,-2.287076582399999936e+01,-2.829325731500000174e+01,-2.778081326699999920e+01
1.893946946899999872e+01,-4.025629552800000255e+01,-4.253760113799999942e+01,-2.774070181100000099e+01,-4.058731995699999828e+01,-3.016668243399999838e+01
1.895947947899999875e+01,-5.398737824100000182e+01,-3.729173350100000306e+01,-3.256547575199999756e+01,-2.931423039899999949e+01,-4.336455122499999959e+01
1.897948948899999877e+01,-1.993902527999999919e+01,-2.984473693600000033e+01,-2.666033466700000076e+01,-4.542439650499999715e+01,-1.973547539000000128e+01
1.899949949899999879e+01,-3.924536319900000336e+01,-6.772561171499999944e+01,-2.801219326000000009e+01,-2.878197055700000107e+01,-3.354005070400000221e+01
1.901950950999999890e+01,-3.942685302499999977e+01,-5.359205347799999686e+01,-3.363345230400000219e+01,-3.576599601099999859e+01,-4.516356518700000322e+01
1.903951951999999892e+01,-3.079889406599999901e+01,-3.820226343099999866e+01,-3.871589193700000209e+00,-1.455407127500000009e+01,-2.827783503399999887e+01
1.905952952999999894e+01,-3.875988910099999885e+01,-3.734226499799999743e+01,-3.078235287300000067e+01,-3.418993146900000113e+01,-3.908366699999999838e+01
1.907953953999999896e+01,-3.484266772800000211e+01,-3.861018437100000256e+01,-2.961570183299999925e+01,-1.598074333799999991e+01,-3.143021508200000014e+01
1.909954954999999899e+01,-3.077162989300000007e+01,-4.078321072500000355e+01,-4.837745752499999696e+01,-2.986643820899999824e+01,-1.177944843799999930e+01
1.911955955999999901e+01,-3.739531814400000087e+01,-4.677718185500000203e+01,-2.745270857599999914e+01,-4.815457853000000199e+01,-4.257690060699999890e+01
1.913956956999999903e+01,-2.849223952299999851e+01,-2.486995726600000012e+01,-2.311990209700000065e+01,-3.139272164699999834e+01,-1.942817300800000169e+01
1.915957957999999905e+01,-2.878231827999999837e+01,-3.562271626700000127e+01,-2.340467265999999924e+01,-3.794107479600000232e+01,-4.032939283999999702e+01
1.917958958999999908e+01,-4.231066462900000147e+01,-3.481785551499999798e+01,-3.045448905599999989e+01,-3.482446338799999808e+01,-3.282479368500000305e+01
1.919959959999999910e+01,-2.682059739399999998e+01,-1.397486462400000029e+01,-1.109310433899999992e+01,-2.501371839400000141e+01,-1.369597380899999983e+01
1.921960960999999912e+01,-4.421841622600000221e+01,-4.001256940599999723e+01,-2.386027587999999966e+01,-3.932937377500000053e+01,-3.172749547600000142e+01
1.923961961999999914e+01,-4.386821867900000171e+01,-6.967660168199999760e+01,-2.922993794699999981e+01,-5.935642089299999924e+01,-3.141729903199999896e+01
1.925962962999999917e+01,-2.906787367600000138e+01,-2.942560500000000090e+01,-3.408927336899999716e+01,-4.348398085800000246e+01,-3.046168690000000012e+01
1.927963963999999919e+01,-6.548617239700000425e+01,-5.237889190399999961e+01,-2.586424427600000087e+01,-4.078072398300000145e+01,-5.334547043999999971e+01
1.929964964999999921e+01,-3.591166540799999751e+01,-4.609628126300000162e+01,-2.431356232899999981e+01,-3.293209190999999691e+01,-4.161476991199999986e+01
1.931965965999999923e+01,-3.185239719000000136e+01,-2.584645528100000078e+01,-2.019295848100000157e+01,-2.880355447199999830e+01,-3.574843440899999791e+01
1.933966966999999926e+01,-4.508995213800000101e+01,-3.190391418200000118e+01,-2.440459985300000056e+01,-3.333848409600000195e+01,-4.473170621900000299e+01
1.935967967999999928e+01,-4.852730779499999869e+01,-4.650578594699999968e+01,-4.426177492099999711e+01,-4.370677035700000346e+01,-3.223636981500000331e+01
1.937968968999999930e+01,-3.174129253099999914e+01,-4.699372693600000161e+01,-3.273958378300000049e+01,-3.246291816200000113e+01,-2.878621631300000061e+01
1.939969969999999932e+01,-3.651108932399999674e+01,-5.156884806800000121e+01,-3.962240888000000183e+01,-3.248580322299999779e+01,-4.392819062499999916e+01
1.941970970999999935e+01,-4.549667358699999653e+01,-5.147272692199999966e+01,-1.672492164299999828e+01,-3.082610870699999950e+01,-3.208136405900000199e+01
1.943971971999999937e+01,-3.473116288100000304e+01,-2.295235888899999921e+01,-2.779930033799999833e+01,-3.675625776799999755e+01,-2.993216492999999900e+01
1.945972972999999939e+01,-4.014446510599999840e+01,-4.529344754600000300e+01,-3.120134474299999994e+01,-3.359611679999999723e+01,-2.499816120099999850e+01
1.947973973999999941e+01,-3.383138377000000219e+01,-3.986764086600000212e+01,-3.767669878600000288e+01,-4.225312225500000096e+01,-2.520277020800000045e+01
1.949974974999999944e+01,-3.405330105000000174e+01,-4.483366604599999761e+01,-1.526486204100000066e+01,-3.230574505999999957e+01,-2.853174052900000035e+01
1.951975975999999946e+01,-5.146077748100000093e+01,-4.558264208100000303e+01,-2.974177054100000106e+01,-3.383987510099999696e+01,-2.973433198600000082e+01
1.953976976999999948e+01,-3.513144793699999724e+01,-2.928274240000000006e+01,9.680377017599999689e+00,6.963918686599999575e+00,-6.506449950599999532e-01
1.955977977999999950e+01,-3.745306786199999749e+01,-4.610780703900000077e+01,-2.287920501900000048e+01,-4.108958304400000117e+01,-3.901514645599999653e+01
1.957978978999999953e+01,-4.796446389100000118e+01,-4.678588517200000041e+01,-3.329826945399999971e+01,-3.799575652000000048e+01,-3.598017830500000258e+01
1.959979979999999955e+01,-2.698806543299999916e+01,-4.116530905900000192e+01,-3.219756337199999763e+01,-3.139219180699999967e+01,-2.464245020899999972e+01
1.961980980999999957e+01,-4.594114121500000181e+01,-3.170736150100000117e+01,-1.873130479699999995e+01,-3.374689702500000266e+01,-3.203460345300000256e+01
1.963981981999999959e+01,-4.162508904700000301e+01,-4.111747240300000072e+01,-3.675894380999999811e+01,-2.996282253800000106e+01,-3.654260841100000334e+01
1.965982982999999962e+01,-3.873113755400000002e+01,-3.028013628800000134e+01,-1.454244971500000005e+01,-1.877799784100000124e+01,-1.523575634400000034e+01
1.967983983999999964e+01,-4.136297935300000006e+01,-4.915119158899999974e+01,-3.907220535999999811e+01,-3.547220986399999987e+01,-4.314363967999999971e+01
1.969984984999999966e+01,-4.847737985900000268e+01,-5.116629361700000089e+01,-2.511676582100000132e+01,-3.884603199299999687e+01,-4.456186281899999813e+01
1.971985985999999968e+01,-2.664944668300000075e+01,-3.114418304100000157e+01,-4.054031937700000299e+01,-3.416527670300000352e+01,-3.229168133499999982e+01
1.973986986999999971e+01,-4.909373700199999746e+01,-4.058856501000000350e+01,-3.197431479899999829e+01,-2.885068917499999941e+01,-3.115567182899999921e+01
1.975987987999999973e+01,-5.330532020999999787e+01,-5.586631171599999846e+01,-3.432495379000000213e+01,-5.031280101099999769e+01,-3.438834711700000213e+01
1.977988988999999975e+01,-2.835932567700000106e+01,-3.769513021000000208e+01,-2.564377662000000058e+01,-4.981015817800000178e+01,-1.893308636500000119e+01
1.979989989999999977e+01,-4.826728082199999648e+01,-4.900056146299999682e+01,-2.769591066899999987e+01,-2.963672580400000101e+01,-2.301553444299999995e+01
1.981990990999999980e+01,-3.168128680599999925e+01,-3.291011336700000101e+01,-1.899083397700000120e+01,-1.786861625199999892e+01,-2.491335224999999909e+01
1.983991991999999982e+01,-3.121631585300000111e+01,-2.810645089000000141e+01,-3.415209211700000225e+01,-2.836967287199999888e+01,-2.842684037100000083e+01
1.985992992999999984e+01,-4.994022167899999687e+01,-4.930226509500000276e+01,-3.280852668099999647e+01,-3.296433768499999672e+01,-4.283162499699999870e+01
1.987993993999999986e+01,-2.350096556700000150e+01,-3.517312040099999848e+01,-2.163065668400000163e+01,-3.240093651400000141e+01,-2.960164004399999982e+01
1.989994994999999989e+01,-5.665835202699999940e+01,-4.485026587499999806e+01,-2.964050180599999962e+01,-3.655191262099999960e+01,-3.263760436399999776e+01
1.991995995999999991e+01,-4.178612090099999676e+01,-4.053499028800000303e+01,-1.840369185300000154e+01,-7.301005675199999878e+00,-3.040947398500000176e+01
1.993996996999999993e+01,-3.364759989600000267e+01,-3.685593356700000101e+01,-2.432211217100000056e+01,-3.970534879400000250e+01,-2.785107362100000117e+01
1.995997997999999995e+01,-4.670166456700000168e+01,-6.242058182800000310e+01,-3.765545319499999977e+01,-4.079896252999999717e+01,-4.957267835900000108e+01
1.997998998999999998e+01,-3.069609501700000109e+01,-5.977743127299999770e+01,-3.337440859699999862e+01,-2.892492493199999970e+01,-3.671270966699999860e+01
2.000000000000000000e+01,-1.888920396299999993e+01,-2.450250893700000177e+01,-3.000711721200000071e+01,-2.746210421299999993e+01,-2.432646188900000084e+01
