freq_GHz,S21_dB,S31_dB,S41_dB,S51_dB,S61_dB
1.000000000000000021e-02,-7.601575787100000525e+01,-7.153022202500000049e+01,-7.793529301300000611e+01,-7.685195951000000036e+01,-7.282618037899999308e+01
3.001001001000000099e-02,-9.758893153299999312e+01,-7.753699460500000384e+01,-8.363739293800000496e+01,-8.885034918099999857e+01,-8.145812709999999868e+01
5.002002002000000003e-02,-9.165220730599999399e+01,-7.995376180300000613e+01,-8.719189041500000314e+01,-8.282242061399999500e+01,-8.423855872100000397e+01
7.003003002999999560e-02,-8.661017533499999388e+01,-7.762460722599999485e+01,-7.917950706599999933e+01,-1.023001221899999962e+02,-8.495400440999999603e+01
9.004004004000000505e-02,-8.445071772699999713e+01,-7.750616741599999671e+01,-1.016887279000000035e+02,-8.436955062699999530e+01,-7.831118904500000610e+01
1.100500500500000006e-01,-8.930667046599999992e+01,-8.719657716499999367e+01,-7.718772797299999411e+01,-7.521009510300000045e+01,-7.823974359700000036e+01
1.300600600600000101e-01,-7.395228852200000347e+01,-7.473541661199999453e+01,-8.420292672600000117e+01,-8.026876656000000310e+01,-7.757935512000000244e+01
1.500700700700000056e-01,-8.238644043600000089e+01,-8.758108780800000659e+01,-8.644123223100000075e+01,-8.769370649100000037e+01,-8.185879177699999332e+01
1.700800800800000012e-01,-8.114352815700000576e+01,-7.912852150400000539e+01,-8.198640448199999753e+01,-9.269433120799999415e+01,-8.161668455000000222e+01
1.900900900899999968e-01,-7.872655266700000709e+01,-7.643423856900000146e+01,-7.796099364799999876e+01,-8.280797050900000045e+01,-8.520758136899999613e+01
2.101001000999999924e-01,-8.428067423800000313e+01,-7.861768347500000687e+01,-7.905390450999999530e+01,-8.408993402400000150e+01,-8.910621745400000293e+01
2.301101101100000157e-01,-7.674931646100000648e+01,-7.713021883400000434e+01,-7.624598993099999689e+01,-7.993716348700000651e+01,-8.860932416599999328e+01
2.501201201200000113e-01,-8.283605631599999697e+01,-8.016408788500000071e+01,-7.488367331199999910e+01,-8.838331226100000038e+01,-9.843597274500000083e+01
2.701301301299999791e-01,-8.096798204600000304e+01,-7.319127548400000194e+01,-7.689811710499999720e+01,-8.638483591300000342e+01,-8.466220153499999412e+01
2.901401401400000024e-01,-8.256042641499999490e+01,-8.252743407200000547e+01,-7.615199762800000371e+01,-8.376455370200000061e+01,-8.543658289699999386e+01
3.101501501499999702e-01,-7.984383409500000539e+01,-1.106934676900000056e+02,-8.896307636100000593e+01,-7.763869938599999898e+01,-7.860443026299999758e+01
3.301601601600000491e-01,-7.386910292700000014e+01,-7.610041813700000546e+01,-7.468964004900000475e+01,-7.695099718599999505e+01,-7.645688293400000646e+01
3.501701701700000169e-01,-7.918250251400000650e+01,-7.847424409699999615e+01,-7.489595589299999290e+01,-8.086862218000000269e+01,-7.799761599699999692e+01
3.701801801799999847e-01,-8.164909567499999810e+01,-7.816607275100000152e+01,-7.529000279500000659e+01,-8.516012844700000528e+01,-7.735828571400000442e+01
3.901901901900000080e-01,-7.934368094600000632e+01,-8.102228047500000230e+01,-7.470906419799999298e+01,-7.881100034000000676e+01,-8.626241371199999719e+01
4.102002001999999758e-01,-8.410434113499999853e+01,-8.475317733500000372e+01,-7.125112015499999529e+01,-8.436068500300000039e+01,-7.359939733199999523e+01
4.302102102099999992e-01,-8.282008346800000709e+01,-7.544102064400000529e+01,-7.559211808899999596e+01,-7.696605910700000663e+01,-7.907191484999999886e+01
4.502202202200000225e-01,-7.551377669199999332e+01,-7.742164655800000617e+01,-7.578829332200000124e+01,-7.751023429900000394e+01,-6.782368865200000130e+01
4.702302302300000458e-01,-8.466816205099999593e+01,-7.850665248299999632e+01,-7.607737547700000391e+01,-8.583512391799999364e+01,-8.990389723299999503e+01
4.902402402400000136e-01,-9.470614073599999472e+01,-8.429585181500000601e+01,-7.589611805600000594e+01,-7.681698795299999460e+01,-7.146506213499999660e+01
5.102502502500000370e-01,-7.590252870599999824e+01,-7.697344467700000337e+01,-7.345889948900000377e+01,-7.373288966399999822e+01,-6.665166513799999848e+01
5.302602602599999493e-01,-7.672146488200000647e+01,-7.190402771099999768e+01,-6.806011721000000136e+01,-7.105545247000000586e+01,-6.912819569299999500e+01
5.502702702699999726e-01,-7.322382678300000691e+01,-7.571303353800000480e+01,-6.552102644100000362e+01,-8.327020067899999844e+01,-6.275450373200000342e+01
5.702802802799999959e-01,-6.884005824499999449e+01,-7.313230991400000391e+01,-6.421650054699999544e+01,-7.691675277800000288e+01,-6.366003442800000300e+01
5.902902902899999082e-01,-6.892654014999999390e+01,-7.036825016100000596e+01,-5.960506801199999671e+01,-7.390317474500000117e+01,-6.037963434699999965e+01
6.103003002999999316e-01,-7.969695680300000618e+01,-6.689266802199999518e+01,-5.777297075799999959e+01,-6.878490737100000274e+01,-5.768246089800000220e+01
6.303103103099999549e-01,-7.000026859499999432e+01,-8.054872301700000037e+01,-5.896615601799999951e+01,-7.030172509000000503e+01,-5.932489652600000340e+01
6.503203203200000893e-01,-6.793769973599999901e+01,-7.373510331100000315e+01,-5.593822799899999865e+01,-6.734919331599999737e+01,-5.338510859800000219e+01
6.703303303300000016e-01,-7.361960660299999404e+01,-6.240818418199999940e+01,-5.301747531800000246e+01,-6.245288816899999773e+01,-5.306473676499999925e+01
6.903403403400000249e-01,-7.529689388299999564e+01,-6.047532034099999976e+01,-5.214842917899999719e+01,-6.712547051200000681e+01,-5.030517961000000327e+01
7.103503503500000482e-01,-6.726501716699999633e+01,-6.530112489100000062e+01,-5.159637413099999748e+01,-6.950909421299999735e+01,-4.908519390899999735e+01
7.303603603599999605e-01,-6.339312503200000037e+01,-6.179245775300000076e+01,-5.098816607900000264e+01,-6.845400104099999794e+01,-4.791950270499999931e+01
7.503703703699999839e-01,-5.985775789499999888e+01,-7.040058325299999353e+01,-5.120851632299999778e+01,-7.804954460499999414e+01,-4.719535884100000089e+01
7.703803803800000072e-01,-6.032475146499999852e+01,-5.694725396399999795e+01,-4.998097728300000142e+01,-6.776620833399999810e+01,-4.691248409399999986e+01
7.903903903900000305e-01,-5.916119666000000166e+01,-5.325267963200000310e+01,-4.793643668299999661e+01,-6.265921390900000176e+01,-4.564579832700000139e+01
8.104004003999999428e-01,-5.648552670600000170e+01,-5.550608536800000081e+01,-4.725867304399999824e+01,-6.230754377600000282e+01,-4.556677511000000180e+01
8.304104104099999661e-01,-5.486093989999999820e+01,-5.668989718000000266e+01,-4.738417359999999690e+01,-7.091578586800000039e+01,-4.512637278100000060e+01
8.504204204199999895e-01,-5.657332143400000035e+01,-5.652616786000000104e+01,-4.709590404899999783e+01,-6.930627053400000648e+01,-4.447057802500000179e+01
8.704304304299999018e-01,-5.497390298599999880e+01,-5.347151611700000018e+01,-4.706078769399999828e+01,-6.153413427499999955e+01,-4.452273886599999742e+01
8.904404404400000361e-01,-5.420055670499999678e+01,-5.204313393799999687e+01,-4.743663114900000011e+01,-6.010712707300000091e+01,-4.376046982999999813e+01
9.104504504500000595e-01,-5.637543094000000110e+01,-5.291785290600000025e+01,-4.811468697800000172e+01,-6.191695854200000326e+01,-4.398120534899999967e+01
9.304604604600000828e-01,-5.542449177000000304e+01,-5.427507849700000264e+01,-4.864144911700000051e+01,-6.525160378900000069e+01,-4.447055117400000057e+01
9.504704704699999951e-01,-5.588319946299999685e+01,-5.652173397800000032e+01,-4.834522241399999842e+01,-6.611825869899999475e+01,-4.562878285400000067e+01
9.704804804800000184e-01,-5.933985716899999829e+01,-5.954690135700000297e+01,-4.867163840799999974e+01,-6.504059447000000205e+01,-4.678381907200000001e+01
9.904904904900000417e-01,-5.826149764600000225e+01,-5.648988759600000265e+01,-4.926289268299999691e+01,-6.185000730600000196e+01,-4.735342071200000191e+01
1.010500500500000065e+00,-5.850837261299999881e+01,-5.781756875100000315e+01,-4.954169169099999692e+01,-6.390194774100000075e+01,-4.755077516899999779e+01
1.030510510500000088e+00,-6.296662623400000314e+01,-6.446721338499999376e+01,-4.964345534699999973e+01,-6.084454425900000274e+01,-4.740854205299999791e+01
1.050520520500000110e+00,-5.966424141600000297e+01,-6.077719592599999743e+01,-4.887549624599999731e+01,-6.214826606700000156e+01,-4.727167712300000346e+01
1.070530530499999911e+00,-6.264503765500000299e+01,-6.552604605700000207e+01,-4.947536191300000041e+01,-6.708291562099999794e+01,-4.681857131900000013e+01
1.090540540499999933e+00,-6.704179725699999892e+01,-5.879222745799999927e+01,-4.917548429800000065e+01,-7.638746733000000688e+01,-4.600109740199999919e+01
1.110550550599999964e+00,-7.225875090899999975e+01,-5.990498292200000208e+01,-4.880044282299999736e+01,-7.821508756000000062e+01,-4.468294426199999947e+01
1.130560560599999986e+00,-6.945143058200000041e+01,-6.504487694600000225e+01,-4.895357068599999906e+01,-6.907105630300000598e+01,-4.461289029900000003e+01
1.150570570600000009e+00,-6.778793493199999887e+01,-5.699689315199999839e+01,-4.931237973799999708e+01,-7.653001038300000403e+01,-4.388719803699999744e+01
1.170580580599999809e+00,-6.682752150199999619e+01,-6.485856753000000197e+01,-4.765166164099999691e+01,-6.816244706800000586e+01,-4.378733738700000089e+01
1.190590590599999832e+00,-7.517292312799999365e+01,-6.478569355700000187e+01,-4.696999096199999713e+01,-7.001704651000000013e+01,-4.386133985499999710e+01
1.210600600599999854e+00,-6.690286862000000667e+01,-7.087043189800000675e+01,-4.621784498000000241e+01,-7.184352761700000656e+01,-4.347683433699999966e+01
1.230610610599999877e+00,-6.867397387900000183e+01,-6.159292231700000286e+01,-4.516425756400000324e+01,-6.944345322499999895e+01,-4.234410756100000128e+01
1.250620620599999899e+00,-6.683718950499999778e+01,-6.354971864800000247e+01,-4.433825061600000339e+01,-6.446316055900000208e+01,-4.188790793799999790e+01
1.270630630599999922e+00,-6.411813911599999471e+01,-7.954359905699999445e+01,-4.291922017400000300e+01,-6.594698477100000389e+01,-4.146307249099999837e+01
1.290640640599999944e+00,-5.968450961100000285e+01,-6.056518582399999673e+01,-4.280299880900000176e+01,-6.190976868900000341e+01,-4.090995918099999784e+01
1.310650650699999975e+00,-6.483353839699999810e+01,-6.275482659000000041e+01,-4.253799340399999807e+01,-6.036344433800000076e+01,-4.003459532899999829e+01
1.330660660699999998e+00,-6.197074338299999852e+01,-7.366256892699999526e+01,-4.210577722000000023e+01,-5.710002377299999665e+01,-3.987112433699999769e+01
1.350670670700000020e+00,-5.575222114000000317e+01,-6.699276638300000286e+01,-4.226774625000000185e+01,-5.976919964199999669e+01,-3.932733047800000037e+01
1.370680680700000043e+00,-5.696797526200000306e+01,-5.928959616499999896e+01,-4.169079565900000262e+01,-6.094379038600000342e+01,-3.844776945499999954e+01
1.390690690700000065e+00,-5.781162047000000115e+01,-5.812644406900000149e+01,-3.991117787499999991e+01,-6.079289606999999762e+01,-3.755649186699999831e+01
1.410700700700000088e+00,-5.929970086200000168e+01,-5.760470984399999850e+01,-3.860378353200000134e+01,-5.746697687999999715e+01,-3.695422867300000291e+01
1.430710710700000110e+00,-5.567712989399999657e+01,-5.273874670200000025e+01,-3.731883774799999998e+01,-5.593337603500000199e+01,-3.650289877000000160e+01
1.450720720700000133e+00,-5.322292502900000244e+01,-5.178392023800000032e+01,-3.638523556100000178e+01,-5.390490935100000058e+01,-3.575922503400000352e+01
1.470730730700000155e+00,-5.288409393700000294e+01,-5.052314167200000128e+01,-3.565577444600000234e+01,-5.509875363300000117e+01,-3.550676491800000179e+01
1.490740740699999956e+00,-5.109634435800000318e+01,-5.414442007899999965e+01,-3.479257557399999712e+01,-5.823763794199999921e+01,-3.546511120699999964e+01
1.510750750799999986e+00,-5.179297840899999983e+01,-5.178600980299999890e+01,-3.381957597499999935e+01,-6.684400116700000183e+01,-3.474818022499999870e+01
1.530760760800000009e+00,-5.070910564599999759e+01,-5.338117103100000094e+01,-3.276493296200000316e+01,-6.884590338499999973e+01,-3.314218813299999766e+01
1.550770770800000031e+00,-5.150939443000000040e+01,-5.293857453300000060e+01,-3.189527482500000133e+01,-5.962777426400000280e+01,-3.173274888299999930e+01
1.570780780800000054e+00,-4.929374066399999776e+01,-5.390861705500000056e+01,-3.159326016300000006e+01,-5.503488947299999978e+01,-3.092310554599999861e+01
1.590790790799999854e+00,-4.891910175699999996e+01,-5.429502887400000333e+01,-3.067021925499999924e+01,-5.340765013299999708e+01,-3.064820180499999935e+01
1.610800800799999877e+00,-4.972909965299999868e+01,-5.461259175800000065e+01,-3.007247181700000027e+01,-5.231660344299999821e+01,-3.055195732199999981e+01
1.630810810799999899e+00,-4.862116911300000055e+01,-5.073737154199999821e+01,-2.947453691899999839e+01,-5.306656618299999906e+01,-3.125055686900000040e+01
1.650820820799999922e+00,-4.581600320599999776e+01,-4.982224554999999810e+01,-2.905908401800000007e+01,-5.024340958100000165e+01,-3.072407694900000052e+01
1.670830830799999944e+00,-4.486505034599999675e+01,-4.998660955999999800e+01,-2.873294041200000137e+01,-5.261408492000000336e+01,-2.963949336199999962e+01
1.690840840799999967e+00,-4.509154757099999955e+01,-5.078525230900000054e+01,-2.761778368199999889e+01,-6.113707943299999670e+01,-2.933999517299999837e+01
1.710850850899999998e+00,-4.253629185500000176e+01,-4.933900372099999743e+01,-2.708063750099999822e+01,-6.104567930500000017e+01,-2.875510594800000064e+01
1.730860860900000020e+00,-4.271185754199999707e+01,-4.726149387099999899e+01,-2.740768569700000157e+01,-6.336721456499999761e+01,-2.859815153899999984e+01
1.750870870900000043e+00,-4.260404776699999729e+01,-4.983134722300000163e+01,-2.847663772900000012e+01,-5.962894534200000152e+01,-2.834991056599999837e+01
1.770880880900000065e+00,-4.203739053599999664e+01,-5.895590552000000173e+01,-2.875624593899999937e+01,-5.324453877199999852e+01,-2.822440730299999956e+01
1.790890890900000088e+00,-4.327570381200000327e+01,-4.947331520600000232e+01,-2.905198920500000170e+01,-5.263460566900000259e+01,-2.862851740400000011e+01
1.810900900900000110e+00,-4.281492228799999822e+01,-4.785149527499999778e+01,-2.976024121200000039e+01,-4.980266148500000156e+01,-2.922258469599999842e+01
1.830910910900000133e+00,-4.315694506999999902e+01,-4.850294612300000097e+01,-3.003990460600000034e+01,-5.216119131500000350e+01,-3.076128602400000034e+01
1.850920920900000155e+00,-4.548225905000000324e+01,-5.338027989300000087e+01,-3.099718155900000127e+01,-5.203520233599999756e+01,-3.212317412099999814e+01
1.870930930900000178e+00,-4.806932161999999664e+01,-5.786094387100000347e+01,-3.173053016500000112e+01,-5.684878267799999918e+01,-3.317619778600000302e+01
1.890940940900000200e+00,-4.904160844700000155e+01,-6.553168594500000665e+01,-3.203374198299999875e+01,-5.934021075399999745e+01,-3.346473377600000276e+01
1.910950951000000009e+00,-4.866422785200000334e+01,-5.952305369799999823e+01,-3.232233272100000221e+01,-6.099196930400000127e+01,-3.343420395900000130e+01
1.930960961000000031e+00,-4.953259124699999916e+01,-5.395279239100000268e+01,-3.206115860999999967e+01,-6.019807736900000350e+01,-3.317461066100000266e+01
1.950970971000000054e+00,-5.042513582000000127e+01,-5.291561241299999807e+01,-3.218747880899999814e+01,-5.769885183400000273e+01,-3.217397783999999916e+01
1.970980981000000076e+00,-5.162350645800000137e+01,-5.209318369500000045e+01,-3.217553125999999963e+01,-5.585325371100000069e+01,-3.114286171999999908e+01
1.990990991000000099e+00,-5.246410217900000106e+01,-5.227656544999999966e+01,-3.255715530999999885e+01,-5.746481877000000082e+01,-3.049269941000000017e+01
2.011001000999999899e+00,-5.316552168900000197e+01,-5.399951712600000064e+01,-3.271570103300000198e+01,-5.928233613399999768e+01,-3.008555731499999908e+01
2.031011010999999922e+00,-5.532709033799999787e+01,-5.467427441499999929e+01,-3.305217428000000268e+01,-5.884627617499999985e+01,-3.019044930100000101e+01
2.051021020999999944e+00,-5.985861761999999686e+01,-5.175351352799999916e+01,-3.284688358500000049e+01,-6.102953839900000332e+01,-3.007772335499999983e+01
2.071031030999999967e+00,-5.910162180500000062e+01,-4.988584443999999962e+01,-3.265283289300000291e+01,-7.310404584399999806e+01,-2.989318251999999987e+01
2.091041040999999989e+00,-5.775979167700000261e+01,-4.968397439900000023e+01,-3.225501190699999654e+01,-6.579553867600000672e+01,-3.025801086599999934e+01
2.111051051100000020e+00,-5.411506764500000344e+01,-4.855677058599999896e+01,-3.217808499499999897e+01,-6.908324822599999493e+01,-3.026779993299999916e+01
2.131061061100000043e+00,-5.082002614700000009e+01,-4.798773265100000174e+01,-3.203213265899999840e+01,-6.167640278199999671e+01,-3.020754050100000043e+01
2.151071071100000065e+00,-4.963466433600000016e+01,-4.892157842900000020e+01,-3.215210251500000282e+01,-6.349930013099999826e+01,-3.049865842299999841e+01
2.171081081100000088e+00,-4.764361636900000008e+01,-5.205671270100000214e+01,-3.221251888100000116e+01,-6.525814905299999680e+01,-3.072457586799999874e+01
2.191091091100000110e+00,-4.737223053599999645e+01,-5.507082232100000141e+01,-3.215090027099999759e+01,-7.114421733400000392e+01,-3.070689089500000080e+01
2.211101101099999688e+00,-4.633805818100000096e+01,-5.288586553100000032e+01,-3.212346036600000332e+01,-7.478123729300000377e+01,-3.102971744399999920e+01
2.231111111099999711e+00,-4.489055380899999648e+01,-5.458644263299999722e+01,-3.165260336900000127e+01,-6.568931741999999474e+01,-3.119389078300000051e+01
2.251121121099999733e+00,-4.490470440299999666e+01,-5.360967799499999842e+01,-3.176000582500000036e+01,-6.060870674000000236e+01,-3.126904707699999975e+01
2.271131131099999756e+00,-4.515740533900000031e+01,-5.652094972100000092e+01,-3.156925163700000070e+01,-5.997591195900000116e+01,-3.174535595800000110e+01
2.291141141099999778e+00,-4.451934969799999919e+01,-5.987459221400000331e+01,-3.137481468700000065e+01,-6.276373765400000337e+01,-3.158331562900000122e+01
2.311151151199999809e+00,-4.704855518099999756e+01,-6.441848395600000288e+01,-3.100704985000000136e+01,-6.081976171000000164e+01,-3.125180571299999954e+01
2.331161161199999832e+00,-4.588828287599999811e+01,-5.807642984099999950e+01,-3.046475991699999852e+01,-5.991840259699999649e+01,-3.054040311299999999e+01
2.351171171199999854e+00,-4.543894361200000276e+01,-5.135651590799999866e+01,-2.977714941800000048e+01,-5.845336168899999763e+01,-2.993983390500000041e+01
2.371181181199999877e+00,-4.632998807999999968e+01,-4.956305516199999772e+01,-2.963500832300000098e+01,-6.224639816799999892e+01,-2.948755445500000150e+01
2.391191191199999899e+00,-4.604683289900000176e+01,-5.069375928400000220e+01,-2.947464915200000135e+01,-5.901608292800000299e+01,-2.869393516799999944e+01
2.411201201199999922e+00,-4.595407035600000256e+01,-5.099029657100000179e+01,-2.946511900599999834e+01,-5.379335149399999949e+01,-2.834760396000000071e+01
2.431211211199999944e+00,-4.656390003300000302e+01,-5.413623785299999724e+01,-2.904123545299999876e+01,-5.132940493699999962e+01,-2.811450188699999941e+01
2.451221221199999967e+00,-4.704858078099999830e+01,-5.367044034700000310e+01,-2.870895578900000089e+01,-5.201056432400000062e+01,-2.826945922899999886e+01
2.471231231199999989e+00,-4.500770134500000097e+01,-4.924051906100000053e+01,-2.848159220499999833e+01,-5.389828520399999690e+01,-2.828321355799999992e+01
2.491241241200000012e+00,-4.680116322199999956e+01,-5.336071547600000287e+01,-2.820897409899999886e+01,-5.363452853700000134e+01,-2.839906795299999942e+01
2.511251251300000042e+00,-4.590848733199999998e+01,-5.140677912299999974e+01,-2.823800330199999920e+01,-5.261643388600000293e+01,-2.869309648300000148e+01
2.531261261300000065e+00,-4.509634522999999717e+01,-5.075986017900000036e+01,-2.856504269999999934e+01,-5.494115464099999713e+01,-2.904095343599999879e+01
2.551271271300000087e+00,-4.523829252200000184e+01,-5.286191732300000012e+01,-2.861205782100000050e+01,-5.157358236799999673e+01,-2.951135490400000094e+01
2.571281281300000110e+00,-4.593892766100000102e+01,-5.470853333800000229e+01,-2.865884022399999864e+01,-5.386775657700000153e+01,-3.006066374299999922e+01
2.591291291300000132e+00,-5.026418169299999761e+01,-4.953127763399999850e+01,-2.875391215300000169e+01,-5.957377209199999868e+01,-3.085932640300000074e+01
2.611301301300000155e+00,-4.775257482899999673e+01,-4.777954979399999758e+01,-2.883162591600000013e+01,-5.558889583599999895e+01,-3.134454023700000036e+01
2.631311311300000177e+00,-4.914783611499999694e+01,-4.620982476900000080e+01,-2.892058442300000110e+01,-5.866176986400000004e+01,-3.260421252700000139e+01
2.651321321300000200e+00,-4.984051462000000043e+01,-4.707859137500000202e+01,-2.893792177099999918e+01,-5.343277971100000201e+01,-3.368360179300000112e+01
2.671331331300000222e+00,-5.108987915800000223e+01,-4.822202377100000348e+01,-2.892114497600000078e+01,-5.458571955800000097e+01,-3.532504077699999812e+01
2.691341341300000245e+00,-5.070798426100000000e+01,-4.943234893199999647e+01,-2.873689029399999839e+01,-5.265905685300000272e+01,-3.702633174900000057e+01
2.711351351400000276e+00,-5.016573522800000262e+01,-4.888112294700000149e+01,-2.871875102599999963e+01,-4.956222567799999723e+01,-3.861976511499999987e+01
2.731361361400000298e+00,-5.024247525300000206e+01,-5.071674171000000086e+01,-2.867940741399999993e+01,-5.118867027900000011e+01,-4.031898810900000285e+01
2.751371371399999877e+00,-5.179113377400000218e+01,-5.301988405499999857e+01,-2.873660297700000044e+01,-5.238470836199999781e+01,-4.203128834000000325e+01
2.771381381399999899e+00,-5.274860136499999896e+01,-5.353694970600000147e+01,-2.879205408900000052e+01,-5.519272118800000015e+01,-4.350663183500000031e+01
2.791391391399999922e+00,-5.491229855899999990e+01,-5.845115548399999739e+01,-2.850128898399999855e+01,-5.937505765499999910e+01,-4.463780101799999755e+01
2.811401401399999944e+00,-5.462960704799999689e+01,-6.830829235299999880e+01,-2.837895117000000056e+01,-6.040314529100000129e+01,-4.648235333299999894e+01
2.831411411399999967e+00,-5.370328949200000324e+01,-6.207810166000000152e+01,-2.820775552899999994e+01,-5.961430045099999830e+01,-4.858793756099999683e+01
2.851421421399999989e+00,-5.398672568599999977e+01,-6.179465194499999825e+01,-2.797904292400000159e+01,-6.054739718399999759e+01,-5.317061538800000164e+01
2.871431431400000012e+00,-5.391701903399999907e+01,-5.543886067199999701e+01,-2.767577327200000070e+01,-5.341848311700000096e+01,-5.851995762699999659e+01
2.891441441400000034e+00,-5.107362332799999649e+01,-6.730263130500000557e+01,-2.743930878999999834e+01,-5.954290897799999982e+01,-5.350609676599999887e+01
2.911451451500000065e+00,-5.314194519299999797e+01,-6.235851624400000048e+01,-2.725781483500000135e+01,-5.740653985499999834e+01,-4.716157115800000099e+01
2.931461461500000087e+00,-5.100637814299999917e+01,-6.568842424499999311e+01,-2.709635311599999952e+01,-5.330450836199999998e+01,-4.462418812800000012e+01
2.951471471500000110e+00,-4.838194943300000261e+01,-6.023869162199999749e+01,-2.721352202599999970e+01,-5.409797919199999683e+01,-4.198375900300000296e+01
2.971481481500000132e+00,-4.828476152700000057e+01,-6.439066359999999634e+01,-2.696788835899999981e+01,-5.686033459600000128e+01,-4.050226107299999967e+01
2.991491491500000155e+00,-4.774147737700000249e+01,-5.681594757500000270e+01,-2.666128086200000169e+01,-5.394289666200000255e+01,-3.932194537099999820e+01
3.011501501500000177e+00,-4.799172913599999646e+01,-5.666775859399999860e+01,-2.650520197399999844e+01,-5.180806406800000019e+01,-3.778172667199999779e+01
3.031511511500000200e+00,-4.794395715400000313e+01,-5.634546597399999968e+01,-2.658987805499999979e+01,-5.172123786299999892e+01,-3.633274924900000258e+01
3.051521521499999778e+00,-4.662831471199999811e+01,-5.539754502000000258e+01,-2.627199227999999920e+01,-5.119408452900000128e+01,-3.484728163399999801e+01
3.071531531499999801e+00,-4.553175054300000113e+01,-5.740338352300000224e+01,-2.601876169899999880e+01,-5.293980543400000016e+01,-3.388176056199999664e+01
3.091541541499999823e+00,-4.694171239899999648e+01,-5.712081359900000166e+01,-2.559157467400000030e+01,-5.636328072599999928e+01,-3.298913799399999647e+01
3.111551551599999854e+00,-4.670094360400000255e+01,-5.359458238999999935e+01,-2.521602627600000091e+01,-5.389774338499999828e+01,-3.240593037299999679e+01
3.131561561599999877e+00,-4.737712778299999883e+01,-5.143603299200000123e+01,-2.506773917599999990e+01,-5.408771978299999716e+01,-3.214783470399999743e+01
3.151571571599999899e+00,-4.620204157300000247e+01,-5.284773943700000132e+01,-2.488911451499999927e+01,-5.615338717699999904e+01,-3.173711374799999874e+01
3.171581581599999922e+00,-4.843132057900000120e+01,-5.059382980000000174e+01,-2.472405686400000135e+01,-5.467969557400000014e+01,-3.088358018899999990e+01
3.191591591599999944e+00,-4.692376153200000033e+01,-4.920007253100000355e+01,-2.459074644400000054e+01,-5.434155244299999765e+01,-3.036716447899999949e+01
3.211601601599999967e+00,-4.409281050199999896e+01,-4.869107730799999700e+01,-2.454491832400000106e+01,-5.574947125199999931e+01,-2.992444443400000154e+01
3.231611611599999989e+00,-4.609808766999999818e+01,-4.869247905099999940e+01,-2.452529826800000023e+01,-5.675071843999999999e+01,-2.958317559500000016e+01
3.251621621600000012e+00,-4.556547088199999962e+01,-5.113152232699999900e+01,-2.420964817600000174e+01,-5.712073480400000136e+01,-2.924705914700000164e+01
3.271631631600000034e+00,-4.672043663299999849e+01,-5.217114566000000053e+01,-2.404447608699999961e+01,-6.181741536700000239e+01,-2.869152577899999912e+01
3.291641641600000057e+00,-4.369823264200000068e+01,-5.078015444199999706e+01,-2.387982178900000108e+01,-6.079724929500000030e+01,-2.827100286499999982e+01
3.311651651699999643e+00,-4.493914246399999968e+01,-4.769361847900000129e+01,-2.367695819500000098e+01,-6.249894875999999755e+01,-2.781126955899999942e+01
3.331661661699999666e+00,-4.281764983699999760e+01,-5.140845879799999807e+01,-2.357262642899999960e+01,-5.849575829199999788e+01,-2.745965059299999922e+01
3.351671671699999688e+00,-4.437855687799999771e+01,-5.249223784000000137e+01,-2.341848869400000055e+01,-6.223969707700000242e+01,-2.727508226100000144e+01
3.371681681699999711e+00,-4.571211480000000194e+01,-6.005269879099999741e+01,-2.362985253000000085e+01,-6.104041956900000088e+01,-2.700469535299999890e+01
3.391691691699999733e+00,-4.475936669099999676e+01,-5.486610158500000267e+01,-2.381954124299999975e+01,-5.707944924800000308e+01,-2.673157028099999977e+01
3.411701701699999756e+00,-4.337570210500000201e+01,-4.881128593300000063e+01,-2.406999777500000093e+01,-6.090362057800000173e+01,-2.636619674199999963e+01
3.431711711699999778e+00,-4.222362991399999999e+01,-4.697654317899999654e+01,-2.407445721899999924e+01,-5.955371976200000006e+01,-2.601659021200000055e+01
3.451721721699999801e+00,-4.392607725199999891e+01,-4.676149281200000019e+01,-2.436147320399999927e+01,-5.782554117499999791e+01,-2.541930186900000166e+01
3.471731731699999823e+00,-4.133717671699999840e+01,-5.158612011599999647e+01,-2.458856486000000174e+01,-5.563477841699999971e+01,-2.478425993100000113e+01
3.491741741699999846e+00,-4.044417295800000289e+01,-5.237836824600000085e+01,-2.494236893200000083e+01,-5.545025071100000247e+01,-2.460136028200000169e+01
3.511751751800000321e+00,-4.055135895800000156e+01,-5.188034090000000020e+01,-2.526471335999999823e+01,-6.049307271699999689e+01,-2.410764026500000057e+01
3.531761761800000343e+00,-3.945944672600000303e+01,-4.849110644099999945e+01,-2.566092797099999956e+01,-5.651585720700000337e+01,-2.406819828400000105e+01
3.551771771800000366e+00,-3.876267033999999967e+01,-5.137794533699999988e+01,-2.607214260099999947e+01,-5.372793695299999683e+01,-2.390670401299999881e+01
3.571781781800000388e+00,-3.834800797300000141e+01,-5.382836941600000102e+01,-2.663278647399999954e+01,-5.028378224899999793e+01,-2.395190502000000166e+01
3.591791791800000411e+00,-3.681559544200000289e+01,-5.289269549499999812e+01,-2.696082375299999967e+01,-5.765309123400000146e+01,-2.389013590000000065e+01
3.611801801799999989e+00,-3.785956108300000267e+01,-5.309172459999999916e+01,-2.742013954800000164e+01,-6.080365962199999785e+01,-2.400455837100000167e+01
3.631811811800000012e+00,-3.851292317200000070e+01,-5.421772391700000071e+01,-2.747387885999999924e+01,-5.707218945200000348e+01,-2.412599648200000146e+01
3.651821821800000034e+00,-3.802391620400000249e+01,-5.017596976200000114e+01,-2.790979055800000097e+01,-5.511831385699999686e+01,-2.437507043200000112e+01
3.671831831800000057e+00,-3.751772451699999777e+01,-5.197809365999999898e+01,-2.811996500600000104e+01,-6.205854603099999878e+01,-2.442766981400000148e+01
3.691841841800000079e+00,-3.864257152199999723e+01,-5.169104796399999913e+01,-2.871359079100000145e+01,-6.499451030000000173e+01,-2.455440199299999904e+01
3.711851851900000110e+00,-3.875851795900000241e+01,-5.327292214300000239e+01,-2.923788465200000175e+01,-5.761680241399999858e+01,-2.482824262600000154e+01
3.731861861900000132e+00,-3.873436644299999898e+01,-4.980052390400000206e+01,-2.966042918599999823e+01,-5.893383294000000205e+01,-2.512480634899999998e+01
3.751871871900000155e+00,-3.908875002100000273e+01,-4.757183289099999968e+01,-3.002162555299999980e+01,-6.942921011299999634e+01,-2.563944147300000154e+01
3.771881881900000177e+00,-3.984102755499999660e+01,-5.050492195799999706e+01,-3.007736466100000072e+01,-6.956175556300000551e+01,-2.606015018700000141e+01
3.791891891900000200e+00,-3.978447756300000293e+01,-4.942355668399999757e+01,-3.046253625099999951e+01,-6.635216650399999594e+01,-2.639793139500000052e+01
3.811901901900000222e+00,-3.916695051100000313e+01,-4.864951707899999889e+01,-3.008413478199999957e+01,-6.242208439899999917e+01,-2.699295207700000176e+01
3.831911911900000245e+00,-3.952642179499999742e+01,-4.672419169900000213e+01,-3.038157102399999943e+01,-5.632823012200000079e+01,-2.746919481100000127e+01
3.851921921900000267e+00,-4.018603234100000066e+01,-4.819108855700000049e+01,-3.022794152999999895e+01,-5.664627029199999697e+01,-2.783231787300000093e+01
3.871931931900000290e+00,-4.076577096399999789e+01,-4.784628864700000150e+01,-3.083487678099999840e+01,-5.715306866499999927e+01,-2.812606963700000051e+01
3.891941941900000312e+00,-4.097012564300000292e+01,-4.589820253700000308e+01,-3.097649799399999893e+01,-6.851603326199999344e+01,-2.855707709200000011e+01
3.911951951999999899e+00,-4.123927428999999734e+01,-4.497717284800000215e+01,-3.135998449099999874e+01,-5.985417067699999905e+01,-2.874962693799999869e+01
3.931961961999999922e+00,-4.128228250099999741e+01,-4.566576794200000222e+01,-3.172683260599999855e+01,-5.808181415800000025e+01,-2.935896311600000175e+01
3.951971971999999944e+00,-4.089854996399999720e+01,-4.405572976399999874e+01,-3.172317589400000060e+01,-5.828734110999999984e+01,-2.948499637999999834e+01
3.971981981999999967e+00,-4.061834960699999897e+01,-4.660323300499999988e+01,-3.183345629800000154e+01,-6.390800004999999828e+01,-2.955424323100000095e+01
3.991991991999999989e+00,-4.194137253200000259e+01,-4.326351928100000066e+01,-3.250467676200000255e+01,-6.020692588299999670e+01,-3.002332634100000064e+01
4.012002002000000012e+00,-4.552389759500000110e+01,-4.591767251200000288e+01,-3.253908792400000038e+01,-5.604198439999999692e+01,-2.987844767600000040e+01
4.032012012000000034e+00,-4.233499467000000038e+01,-4.165254551900000024e+01,-3.359477295199999958e+01,-6.089201264900000155e+01,-3.014327555499999889e+01
4.052022022000000057e+00,-4.395605939000000006e+01,-4.298572122000000206e+01,-3.435135600899999986e+01,-5.836146754800000025e+01,-3.045426517699999991e+01
4.072032032000000079e+00,-4.451986242200000277e+01,-4.141359376799999836e+01,-3.524535767599999758e+01,-6.117304603000000185e+01,-3.126725197000000023e+01
4.092042042000000102e+00,-4.785279849900000215e+01,-4.116245493600000316e+01,-3.612157704100000188e+01,-6.344360041600000244e+01,-3.122533741999999890e+01
4.112052052100000132e+00,-4.722652484799999684e+01,-4.045591399500000307e+01,-3.660840160400000087e+01,-6.452731318899999735e+01,-3.185192797099999851e+01
4.132062062100000155e+00,-4.647300088800000140e+01,-3.944272652400000112e+01,-3.787752827500000308e+01,-5.712243179699999729e+01,-3.264713247299999921e+01
4.152072072100000177e+00,-4.843076427999999822e+01,-4.117463923199999698e+01,-3.881587123900000336e+01,-5.517068515599999756e+01,-3.300844582599999910e+01
4.172082082100000200e+00,-5.020064692500000092e+01,-4.156716906999999850e+01,-3.846311018800000170e+01,-6.097369354199999947e+01,-3.337573932400000132e+01
4.192092092100000222e+00,-5.578853900000000010e+01,-4.146808835400000248e+01,-3.908759939800000183e+01,-6.326613419800000315e+01,-3.414395663900000244e+01
4.212102102100000245e+00,-5.674313593499999797e+01,-4.202891701400000102e+01,-3.925390144699999695e+01,-6.840569864600000471e+01,-3.511579998999999930e+01
4.232112112100000267e+00,-5.745784791300000194e+01,-4.042542065899999670e+01,-3.863306480499999651e+01,-5.665542261600000273e+01,-3.663334814699999953e+01
4.252122122100000290e+00,-5.081861485600000350e+01,-4.071131057200000214e+01,-3.789919092499999920e+01,-5.919309665600000159e+01,-3.725560335600000172e+01
4.272132132100000312e+00,-5.286133902099999915e+01,-4.118710299300000344e+01,-3.705134299299999867e+01,-5.994246842900000161e+01,-3.961731117000000069e+01
4.292142142100000335e+00,-5.482635413900000287e+01,-3.831758074900000111e+01,-3.748247908199999756e+01,-6.754815990699999873e+01,-4.121506588900000168e+01
4.312152152199999477e+00,-5.408511666100000070e+01,-3.891488157399999892e+01,-3.744558498699999660e+01,-6.080473439200000030e+01,-4.416726742499999858e+01
4.332162162199999500e+00,-5.288753797700000092e+01,-3.859336683099999732e+01,-3.585110237600000005e+01,-5.704550799700000141e+01,-4.635434347300000013e+01
4.352172172199999522e+00,-5.019574025699999709e+01,-3.997582600599999836e+01,-3.600356813799999856e+01,-6.317619739199999884e+01,-5.145384743399999650e+01
4.372182182199999545e+00,-4.902584851700000002e+01,-3.809925145100000066e+01,-3.499074803399999922e+01,-6.173190600000000217e+01,-5.109185623900000195e+01
4.392192192199999567e+00,-5.029415309899999897e+01,-3.931855633899999702e+01,-3.378494004099999870e+01,-5.975459113200000161e+01,-4.792800998999999962e+01
4.412202202199999590e+00,-4.856200751200000099e+01,-3.877597814300000323e+01,-3.345240493800000081e+01,-4.870008497799999958e+01,-4.416494949399999825e+01
4.432212212199999612e+00,-4.552086479399999774e+01,-3.818048570100000205e+01,-3.229174196200000324e+01,-4.906081968699999862e+01,-4.166662421899999913e+01
4.452222222199999635e+00,-5.580571262299999802e+01,-3.716939165200000161e+01,-3.068399295400000071e+01,-5.078673878000000030e+01,-4.239097464200000331e+01
4.472232232199999657e+00,-4.664946282100000019e+01,-3.684012737900000189e+01,-2.971694434100000137e+01,-4.810203329400000172e+01,-3.976138997799999686e+01
4.492242242199999680e+00,-4.823091500599999648e+01,-3.644325195500000092e+01,-2.926517869799999971e+01,-4.934501418300000353e+01,-3.858072828800000309e+01
4.512252252300000599e+00,-4.944407395999999721e+01,-3.562137197500000241e+01,-2.881451033000000095e+01,-4.872140015000000091e+01,-3.845941939499999762e+01
4.532262262300000621e+00,-5.223022597700000347e+01,-3.475523086100000114e+01,-2.812489164799999841e+01,-4.595289326000000329e+01,-3.781214761300000049e+01
4.552272272299999756e+00,-4.855983301100000205e+01,-3.519951553300000313e+01,-2.738690445900000014e+01,-4.787454365499999653e+01,-3.828958266600000115e+01
4.572282282299999778e+00,-4.653738691499999902e+01,-3.488183998499999916e+01,-2.703593304700000033e+01,-4.575979487800000101e+01,-3.695864921700000139e+01
4.592292292299999801e+00,-4.301773146699999728e+01,-3.491414757599999774e+01,-2.649280284600000002e+01,-4.442802815299999963e+01,-3.646268365699999947e+01
4.612302302299999823e+00,-4.792591861399999686e+01,-3.483722548899999794e+01,-2.555524421000000146e+01,-4.369342059899999953e+01,-3.597918173499999739e+01
4.632312312299999846e+00,-4.769000028199999974e+01,-3.509554673000000236e+01,-2.552586615399999914e+01,-4.357834138799999835e+01,-3.480729672999999735e+01
4.652322322299999868e+00,-4.861253452300000077e+01,-3.540546218699999770e+01,-2.558742381200000082e+01,-4.499193681799999922e+01,-3.388410050400000273e+01
4.672332332299999891e+00,-4.600734758200000130e+01,-3.575318678899999725e+01,-2.508900053300000010e+01,-4.511737316600000014e+01,-3.280630744500000162e+01
4.692342342299999913e+00,-4.653251981199999676e+01,-3.474353575100000313e+01,-2.482974756300000152e+01,-4.496908400600000277e+01,-3.217210195799999894e+01
4.712352352399999944e+00,-4.550570673699999702e+01,-3.496102703199999695e+01,-2.492494584199999963e+01,-4.410713673499999743e+01,-3.114806035000000151e+01
4.732362362399999967e+00,-4.676702986800000161e+01,-3.627634757300000246e+01,-2.500678346400000152e+01,-4.318599847400000158e+01,-3.039789547399999847e+01
4.752372372399999989e+00,-4.461389688700000278e+01,-3.637110668100000055e+01,-2.520533187499999883e+01,-4.390072281599999826e+01,-2.957301332600000165e+01
4.772382382400000012e+00,-4.510482283500000023e+01,-3.800431945599999750e+01,-2.519915725699999953e+01,-4.486553331399999678e+01,-2.944161386300000061e+01
4.792392392400000034e+00,-4.549682117300000073e+01,-3.794162162800000004e+01,-2.501765978099999899e+01,-4.332711656099999686e+01,-2.916071944100000124e+01
4.812402402400000057e+00,-4.647674520999999714e+01,-3.789624251299999713e+01,-2.507182633500000080e+01,-4.379737435599999884e+01,-2.880102537599999835e+01
4.832412412399999191e+00,-4.656348643599999804e+01,-3.678183941099999998e+01,-2.500694065700000124e+01,-4.511676724800000216e+01,-2.853769665300000113e+01
4.852422422399999213e+00,-4.357962765599999955e+01,-3.910765021400000307e+01,-2.546793268100000063e+01,-4.344125616899999898e+01,-2.813291217500000130e+01
4.872432432399999236e+00,-4.566713726500000092e+01,-3.781317559000000017e+01,-2.556402865800000157e+01,-4.442439013599999953e+01,-2.811626058799999939e+01
4.892442442399999258e+00,-4.558206671800000009e+01,-3.739131567399999767e+01,-2.539128942099999975e+01,-4.522936589399999718e+01,-2.825981239500000086e+01
4.912452452500000177e+00,-4.695885068900000192e+01,-3.786553103499999651e+01,-2.486468344500000072e+01,-4.437867133999999680e+01,-2.854231483199999886e+01
4.932462462500000200e+00,-4.815651356299999719e+01,-3.720937479700000239e+01,-2.496317328499999988e+01,-4.428205038200000132e+01,-2.838700981399999890e+01
4.952472472500000222e+00,-5.075470071600000210e+01,-3.813412311999999815e+01,-2.508099299999999943e+01,-4.435241757899999726e+01,-2.820903518900000151e+01
4.972482482500000245e+00,-4.326195531399999794e+01,-3.851257159600000080e+01,-2.476183390599999967e+01,-4.440278372099999871e+01,-2.772626361900000092e+01
4.992492492500000267e+00,-4.584017317499999677e+01,-3.742661295300000290e+01,-2.450409604700000088e+01,-4.681317109300000112e+01,-2.809714885100000004e+01
5.012502502500000290e+00,-4.666199454299999871e+01,-3.623660267900000065e+01,-2.396585513100000142e+01,-4.721027022799999884e+01,-2.847809821199999902e+01
5.032512512500000312e+00,-4.892938944000000134e+01,-3.631880052500000033e+01,-2.401087431699999897e+01,-4.505065109200000251e+01,-2.896858304199999878e+01
5.052522522500000335e+00,-4.785459506200000135e+01,-3.549745680000000192e+01,-2.376958707500000045e+01,-4.655935005900000334e+01,-2.950483182199999987e+01
5.072532532500000357e+00,-4.506210822700000307e+01,-3.510517458399999668e+01,-2.388746537500000144e+01,-4.713399971999999849e+01,-2.971171263999999823e+01
5.092542542500000380e+00,-4.898336776600000064e+01,-3.399341579800000090e+01,-2.320106473099999889e+01,-4.860556362100000172e+01,-3.006399416100000010e+01
5.112552552600000411e+00,-4.749784239400000274e+01,-3.498081045600000039e+01,-2.309230992299999841e+01,-5.062979201699999976e+01,-3.073133437099999909e+01
5.132562562600000433e+00,-5.312550382999999954e+01,-3.373375898599999800e+01,-2.274678126799999944e+01,-4.717616860700000103e+01,-3.084646415599999969e+01
5.152572572600000456e+00,-4.825447967699999907e+01,-3.228520199700000148e+01,-2.265556984899999904e+01,-4.641938121799999806e+01,-3.153955089900000175e+01
5.172582582600000478e+00,-4.518472510299999811e+01,-3.247858350300000296e+01,-2.254911298800000097e+01,-4.650579968000000264e+01,-3.239878637199999645e+01
5.192592592600000501e+00,-5.112180501000000277e+01,-3.199368922800000092e+01,-2.268061436800000052e+01,-4.820488422500000070e+01,-3.236673601399999711e+01
5.212602602600000523e+00,-4.575643166900000125e+01,-3.213036676600000163e+01,-2.245369922700000131e+01,-4.451615802100000252e+01,-3.244428836600000210e+01
5.232612612600000546e+00,-4.697162698900000066e+01,-3.131963207300000107e+01,-2.220359883900000142e+01,-4.583365071899999776e+01,-3.400302580299999988e+01
5.252622622600000568e+00,-5.759908622199999684e+01,-3.125962960800000090e+01,-2.252981312700000061e+01,-4.726939935600000098e+01,-3.288279029699999967e+01
5.272632632600000591e+00,-4.636889311499999877e+01,-3.200325477300000188e+01,-2.244987408600000123e+01,-4.951795881500000007e+01,-3.457596478100000326e+01
5.292642642600000613e+00,-4.465607868699999727e+01,-3.084289126699999883e+01,-2.259716965799999855e+01,-4.869059527299999957e+01,-3.449962183099999891e+01
5.312652652699999756e+00,-4.375047410799999881e+01,-3.097727030000000070e+01,-2.237438909300000134e+01,-6.428619950300000596e+01,-3.512764982000000202e+01
5.332662662699999778e+00,-4.642446939799999939e+01,-3.028376753899999940e+01,-2.259753895300000082e+01,-5.706682049500000176e+01,-3.506765431099999830e+01
5.352672672699999801e+00,-5.462344248699999838e+01,-3.095336762199999825e+01,-2.231378820500000160e+01,-6.307425034599999947e+01,-3.375663426199999861e+01
5.372682682699999823e+00,-4.973641597099999956e+01,-3.075999468699999895e+01,-2.266184049199999961e+01,-5.568049586499999748e+01,-3.606093896000000143e+01
5.392692692699999846e+00,-5.256115441499999719e+01,-3.067800611699999891e+01,-2.262163108600000072e+01,-5.538882225799999759e+01,-3.537137615399999646e+01
5.412702702699999868e+00,-5.557675023200000197e+01,-3.152599031999999823e+01,-2.282972958099999872e+01,-5.409896577899999670e+01,-3.703433922100000331e+01
5.432712712699999891e+00,-5.391100638599999684e+01,-3.132403045099999872e+01,-2.279787576700000074e+01,-5.373770319599999823e+01,-3.657544842000000074e+01
5.452722722699999913e+00,-6.069576643900000334e+01,-3.113365031500000057e+01,-2.259256953899999942e+01,-6.324357340899999969e+01,-3.743289270599999696e+01
5.472732732699999936e+00,-5.595247037299999704e+01,-3.044226208199999917e+01,-2.311235921400000137e+01,-5.214337078100000156e+01,-3.818258390900000165e+01
5.492742742699999958e+00,-5.717822760899999679e+01,-3.102574796500000076e+01,-2.313673912400000177e+01,-5.720805267200000088e+01,-3.838388487699999985e+01
5.512752752799999989e+00,-4.971918982700000100e+01,-3.037468041300000010e+01,-2.337636202299999866e+01,-5.702279717700000106e+01,-3.811852576300000095e+01
5.532762762800000012e+00,-5.380713479500000318e+01,-3.144829626800000000e+01,-2.364526134400000146e+01,-5.006424378999999902e+01,-4.007651898000000301e+01
5.552772772800000034e+00,-5.144690411399999874e+01,-3.008557520300000121e+01,-2.367822540399999909e+01,-4.862758074700000321e+01,-3.862313433399999951e+01
5.572782782800000057e+00,-5.331914677799999680e+01,-3.025810761299999996e+01,-2.399907140699999886e+01,-4.847192564000000203e+01,-3.896696416599999679e+01
5.592792792800000079e+00,-5.828581790700000198e+01,-2.990021257400000110e+01,-2.434216911000000039e+01,-4.607503929500000339e+01,-3.972706112000000189e+01
5.612802802800000102e+00,-5.513072371799999871e+01,-2.893040765299999961e+01,-2.467770038600000149e+01,-4.966072155900000240e+01,-3.934697001400000005e+01
5.632812812800000124e+00,-4.645386231100000174e+01,-2.943737248000000051e+01,-2.511102715699999877e+01,-5.332675615800000202e+01,-4.059955484599999664e+01
5.652822822800000147e+00,-4.979049098400000162e+01,-2.944114507900000177e+01,-2.537257252399999885e+01,-4.958683908199999735e+01,-4.215564956699999755e+01
5.672832832800000169e+00,-4.892986998100000307e+01,-2.829372308900000021e+01,-2.576946864099999956e+01,-4.729873374099999950e+01,-4.038845160700000037e+01
5.692842842800000192e+00,-5.793216126000000088e+01,-2.894713622400000119e+01,-2.595631351300000134e+01,-5.028785938000000044e+01,-4.241397945500000333e+01
5.712852852899999334e+00,-6.213021816300000211e+01,-2.772871985000000095e+01,-2.601406172800000149e+01,-4.657110419800000045e+01,-4.634157358699999918e+01
5.732862862899999357e+00,-5.292989150199999671e+01,-2.788603582600000053e+01,-2.648902995399999938e+01,-4.968822980499999886e+01,-4.370264241000000283e+01
5.752872872899999379e+00,-5.703890997100000249e+01,-2.749196315200000029e+01,-2.712749166300000070e+01,-5.256934214200000355e+01,-4.240826253099999832e+01
5.772882882899999402e+00,-5.926249469500000089e+01,-2.708000733000000082e+01,-2.700424537600000008e+01,-5.194283057700000228e+01,-4.571938832699999722e+01
5.792892892899999424e+00,-5.428857577200000151e+01,-2.685068265700000012e+01,-2.668657542300000074e+01,-4.641200628400000028e+01,-4.492599258999999989e+01
5.812902902899999447e+00,-5.177592008999999962e+01,-2.583683549799999923e+01,-2.683520515500000059e+01,-4.791599759599999686e+01,-4.472074399299999925e+01
5.832912912899999469e+00,-5.292019590799999662e+01,-2.587638044099999846e+01,-2.689443512200000086e+01,-5.237281034200000107e+01,-4.491611646199999797e+01
5.852922922899999492e+00,-5.732904990899999831e+01,-2.522969889699999868e+01,-2.697880080699999894e+01,-4.585370229699999811e+01,-4.907215534099999843e+01
5.872932932899999514e+00,-5.278234926300000041e+01,-2.470117061399999869e+01,-2.683544991200000140e+01,-4.992299816599999929e+01,-4.522910301499999974e+01
5.892942942899999537e+00,-5.220622937400000296e+01,-2.454049524599999899e+01,-2.653030842200000095e+01,-5.781760462599999784e+01,-4.419748069599999951e+01
5.912952952999999567e+00,-5.315675979099999893e+01,-2.379236224299999947e+01,-2.633158203900000061e+01,-4.536843512800000155e+01,-4.621224230800000043e+01
5.932962962999999590e+00,-4.872863629599999769e+01,-2.334174543900000032e+01,-2.641333367800000076e+01,-4.925360543800000102e+01,-4.532782522099999767e+01
5.952972972999999612e+00,-5.339956707599999675e+01,-2.335811686199999926e+01,-2.633298818400000130e+01,-5.298472053700000117e+01,-4.416719054400000033e+01
5.972982982999999635e+00,-5.268768574700000329e+01,-2.311591638200000176e+01,-2.630097949800000023e+01,-4.868055523299999976e+01,-4.612004147199999693e+01
5.992992992999999657e+00,-4.690124252100000035e+01,-2.263023882299999912e+01,-2.593433029899999909e+01,-5.504317170499999889e+01,-4.528818707100000296e+01
6.013003002999999680e+00,-5.176227055399999699e+01,-2.232975938199999888e+01,-2.592598073999999997e+01,-5.204026395100000002e+01,-4.303108596700000277e+01
6.033013012999999702e+00,-4.717453629999999976e+01,-2.236029872800000007e+01,-2.581409620399999838e+01,-5.020642896199999683e+01,-4.206563233199999985e+01
6.053023022999999725e+00,-4.603051605800000345e+01,-2.209301796000000095e+01,-2.534173504600000015e+01,-5.003835347300000080e+01,-4.114137072799999828e+01
6.073033032999999747e+00,-4.593552182999999900e+01,-2.241786526599999974e+01,-2.481927001500000074e+01,-4.654551420800000017e+01,-4.091764472999999924e+01
6.093043042999999770e+00,-4.712250266699999912e+01,-2.243440143000000120e+01,-2.490208261400000112e+01,-4.558372054400000195e+01,-3.999702754700000185e+01
6.113053053100000689e+00,-4.559917411100000351e+01,-2.201166903700000077e+01,-2.440335989200000100e+01,-4.550158391299999749e+01,-3.889675602300000179e+01
6.133063063100000711e+00,-4.319072882799999746e+01,-2.259517408299999985e+01,-2.407711679299999830e+01,-4.455893482100000114e+01,-3.953588787099999990e+01
6.153073073100000734e+00,-4.227962733500000070e+01,-2.284714025899999967e+01,-2.364236379100000107e+01,-4.644547235000000285e+01,-3.925266139600000059e+01
6.173083083100000756e+00,-4.147229372099999978e+01,-2.268886774799999984e+01,-2.327723158699999928e+01,-4.514389085399999857e+01,-4.007487070100000182e+01
6.193093093100000779e+00,-4.230581018899999890e+01,-2.267262546399999934e+01,-2.283899990200000119e+01,-4.257590171399999690e+01,-3.791680797499999755e+01
6.213103103100000801e+00,-3.960553271799999919e+01,-2.310213623900000002e+01,-2.236578611099999847e+01,-4.476790701899999902e+01,-3.891273402499999889e+01
6.233113113100000824e+00,-4.040966896399999797e+01,-2.320188478300000057e+01,-2.232038038199999974e+01,-4.381113092399999687e+01,-3.813695608199999754e+01
6.253123123099999958e+00,-3.975802240699999857e+01,-2.335878658500000071e+01,-2.172585714799999934e+01,-4.335957716200000078e+01,-3.975904479999999808e+01
6.273133133099999981e+00,-4.058227683300000166e+01,-2.339530025099999833e+01,-2.140145083999999898e+01,-4.178434866300000294e+01,-3.755136639100000195e+01
6.293143143100000003e+00,-3.972993084800000219e+01,-2.378206014499999910e+01,-2.123903659899999852e+01,-4.165926678099999947e+01,-4.023170173300000130e+01
6.313153153200000034e+00,-3.832817951500000220e+01,-2.424080505099999883e+01,-2.081625492699999924e+01,-4.320400300899999735e+01,-4.336801909799999777e+01
6.333163163200000056e+00,-3.962139597099999833e+01,-2.397079840600000011e+01,-2.047789546699999974e+01,-4.108943786300000056e+01,-4.226330709900000215e+01
6.353173173200000079e+00,-3.809137363399999998e+01,-2.456911330000000149e+01,-1.981579158999999990e+01,-4.136348027300000041e+01,-4.503261213599999735e+01
6.373183183200000101e+00,-3.827368485299999890e+01,-2.525684420600000024e+01,-1.958748261399999890e+01,-3.872828477000000191e+01,-4.470339696300000298e+01
6.393193193200000124e+00,-3.676153297300000133e+01,-2.598463932700000001e+01,-1.936362204199999937e+01,-3.750710782899999884e+01,-4.921215919899999847e+01
6.413203203200000146e+00,-3.623310609600000021e+01,-2.607345279700000162e+01,-1.897232598100000089e+01,-3.909308397499999899e+01,-5.474323435299999829e+01
6.433213213200000169e+00,-3.567305712800000350e+01,-2.711397752899999958e+01,-1.877623958899999934e+01,-3.837944240499999893e+01,-5.507009622900000068e+01
6.453223223200000191e+00,-3.658375585400000318e+01,-2.702367400700000033e+01,-1.855577475699999823e+01,-3.803396450700000031e+01,-7.930950276500000484e+01
6.473233233200000214e+00,-3.425262784299999907e+01,-2.753267715799999849e+01,-1.831829001599999884e+01,-3.659911825799999718e+01,-5.677435471999999805e+01
6.493243243200000236e+00,-3.472087513700000017e+01,-2.792750812399999916e+01,-1.827248248100000083e+01,-3.732045872100000139e+01,-4.926128826699999763e+01
6.513253253300000267e+00,-3.461729567999999801e+01,-2.794065558599999832e+01,-1.811212893100000088e+01,-3.477361109600000333e+01,-4.751699162300000268e+01
6.533263263300000290e+00,-3.383661994999999933e+01,-2.817540889200000009e+01,-1.824314537600000108e+01,-3.515584965000000039e+01,-4.499870909100000205e+01
6.553273273300000312e+00,-3.324455623600000109e+01,-2.914999419700000161e+01,-1.818096991199999835e+01,-3.415689340000000129e+01,-4.233442213000000010e+01
6.573283283300000335e+00,-3.382236773599999680e+01,-2.943772587899999849e+01,-1.834450947799999909e+01,-3.375007583600000061e+01,-4.474552049199999715e+01
6.593293293300000357e+00,-3.283259315699999803e+01,-2.914221573100000029e+01,-1.840959472400000152e+01,-3.288961599099999944e+01,-4.122222962099999677e+01
6.613303303300000380e+00,-3.221264539900000301e+01,-2.981982461799999840e+01,-1.836817842099999964e+01,-3.201913089100000320e+01,-4.020537862799999829e+01
6.633313313300000402e+00,-3.096691729200000154e+01,-2.945272244099999881e+01,-1.868102149699999970e+01,-3.199841685999999896e+01,-3.883320639200000102e+01
6.653323323300000425e+00,-3.162248530500000143e+01,-3.040296968199999839e+01,-1.896376658200000165e+01,-3.167967484600000105e+01,-3.943248462100000040e+01
6.673333333300000447e+00,-3.244729410299999728e+01,-3.035404949699999833e+01,-1.894913683900000123e+01,-3.042903453899999988e+01,-3.798929119200000315e+01
6.693343343300000470e+00,-3.278096933700000193e+01,-3.141785836400000065e+01,-1.940185783500000127e+01,-2.965256877499999888e+01,-3.866392702800000336e+01
6.713353353399999612e+00,-3.114713578299999952e+01,-3.226595828600000004e+01,-1.959417136600000120e+01,-2.916080770700000002e+01,-3.741504409299999878e+01
6.733363363399999635e+00,-3.044575209299999941e+01,-3.289080045600000091e+01,-1.994026573600000063e+01,-2.957976043800000099e+01,-3.626765604300000234e+01
6.753373373399999657e+00,-3.044916199300000059e+01,-3.295944289399999860e+01,-2.001737621599999883e+01,-2.888537881299999910e+01,-3.554463684299999926e+01
6.773383383399999680e+00,-2.971547312399999896e+01,-3.324573230099999677e+01,-2.009271014100000130e+01,-2.829438538500000178e+01,-3.497772093700000084e+01
6.793393393399999702e+00,-2.997252809600000134e+01,-3.415061683599999753e+01,-2.030360577400000111e+01,-2.876116807100000017e+01,-3.391561079600000284e+01
6.813403403399999725e+00,-2.986094056600000002e+01,-3.397637063700000226e+01,-2.033627134500000011e+01,-2.816464022899999975e+01,-3.349478837000000198e+01
6.833413413399999747e+00,-2.844943602900000101e+01,-3.365327296499999932e+01,-2.046336085200000099e+01,-2.799282025300000143e+01,-3.393842220799999865e+01
6.853423423399999770e+00,-2.882822338200000090e+01,-3.298552522500000350e+01,-2.050730915700000168e+01,-2.762414858300000020e+01,-3.265672932900000092e+01
6.873433433399999792e+00,-2.847595342199999990e+01,-3.093364216000000155e+01,-2.043935636599999839e+01,-2.715597718600000121e+01,-3.206393405000000030e+01
6.893443443399999815e+00,-2.846863312300000004e+01,-3.146428405700000042e+01,-2.042159175800000170e+01,-2.782969883199999828e+01,-3.177098907999999966e+01
6.913453453499999846e+00,-2.781915664099999930e+01,-3.159909456200000122e+01,-2.060382772199999835e+01,-2.766848343599999893e+01,-3.203533315199999976e+01
6.933463463499999868e+00,-2.866153999000000141e+01,-3.040344839100000129e+01,-2.060036797300000089e+01,-2.771586642899999831e+01,-3.190064505300000164e+01
6.953473473499999891e+00,-2.820183381800000078e+01,-3.007906811399999825e+01,-2.068579894799999863e+01,-2.805363495199999946e+01,-3.127782996799999893e+01
6.973483483499999913e+00,-2.747818143299999960e+01,-2.997848988399999826e+01,-2.076574744299999864e+01,-2.821630933599999835e+01,-3.297353386799999697e+01
6.993493493499999936e+00,-2.817522299199999836e+01,-2.973161589100000057e+01,-2.080023944499999899e+01,-2.898303101799999837e+01,-3.288498543099999694e+01
7.013503503499999958e+00,-2.742866696999999832e+01,-3.028640188700000024e+01,-2.083508065499999873e+01,-2.863493971500000157e+01,-3.333071657800000054e+01
7.033513513499999981e+00,-2.775568401600000001e+01,-2.907570007400000023e+01,-2.095618701600000122e+01,-2.874289552700000172e+01,-3.403183924399999682e+01
7.053523523500000003e+00,-2.800543716399999994e+01,-2.949903257600000117e+01,-2.113640690300000102e+01,-2.899381646200000162e+01,-3.440865472299999794e+01
7.073533533500000026e+00,-2.705865816700000082e+01,-2.963746058099999914e+01,-2.090414563299999884e+01,-2.915271023400000061e+01,-3.475443075399999771e+01
7.093543543500000048e+00,-2.767186320800000132e+01,-2.928923635599999997e+01,-2.124998801199999932e+01,-2.928323017199999967e+01,-3.757638192200000304e+01
7.113553553600000079e+00,-2.762311045699999923e+01,-3.065682663400000152e+01,-2.089176906300000169e+01,-2.860517598099999859e+01,-3.780240933799999681e+01
7.133563563600000101e+00,-2.780665357199999832e+01,-2.949917202099999969e+01,-2.094959367999999955e+01,-2.892119329399999828e+01,-3.820004170600000037e+01
7.153573573600000124e+00,-2.799747333499999868e+01,-3.050731725600000033e+01,-2.114263545900000096e+01,-2.912004206099999948e+01,-3.882430095600000186e+01
7.173583583600000146e+00,-2.835832519299999888e+01,-3.002567732400000011e+01,-2.113781653599999899e+01,-2.850688981700000113e+01,-3.985650447700000143e+01
7.193593593600000169e+00,-2.794793077099999934e+01,-3.069014518599999874e+01,-2.124923826599999899e+01,-2.907039253700000003e+01,-4.194520819800000311e+01
7.213603603600000191e+00,-2.787952253099999922e+01,-3.064943866699999830e+01,-2.127825561299999890e+01,-2.892610117799999969e+01,-3.995041352599999840e+01
7.233613613600000214e+00,-2.902880074899999840e+01,-3.062835108899999881e+01,-2.129469221300000115e+01,-2.826268933500000102e+01,-4.049331883199999993e+01
7.253623623600000236e+00,-2.844371410899999830e+01,-3.028126689799999838e+01,-2.130268937800000018e+01,-2.846332307999999855e+01,-4.158938697899999681e+01
7.273633633600000259e+00,-2.876457515399999920e+01,-3.088253691299999915e+01,-2.138096925199999987e+01,-2.824980044899999854e+01,-3.912747849000000144e+01
7.293643643600000281e+00,-2.926376500800000002e+01,-3.176808091099999842e+01,-2.151265888800000070e+01,-2.794147216500000042e+01,-3.961696127300000114e+01
7.313653653699999424e+00,-2.971810784299999852e+01,-3.367161951500000328e+01,-2.155296813800000066e+01,-2.735461541500000138e+01,-3.728764055999999982e+01
7.333663663699999447e+00,-3.070227616800000092e+01,-3.424791081000000048e+01,-2.163808972800000063e+01,-2.748252733300000017e+01,-3.646475853700000158e+01
7.353673673699999469e+00,-2.993146838999999915e+01,-3.472906271200000106e+01,-2.155865443500000111e+01,-2.671942084100000159e+01,-3.597132099099999891e+01
7.373683683699999492e+00,-3.093514312199999949e+01,-3.624466361599999686e+01,-2.164766745300000039e+01,-2.647826928199999941e+01,-3.485325775399999770e+01
7.393693693699999514e+00,-3.157822323199999914e+01,-3.745892843099999681e+01,-2.160307855199999949e+01,-2.612751464000000112e+01,-3.382324526699999723e+01
7.413703703699999537e+00,-3.263702593400000040e+01,-3.697223390599999959e+01,-2.170698028600000029e+01,-2.578571048299999902e+01,-3.487710166699999803e+01
7.433713713699999559e+00,-3.278422883199999660e+01,-3.656036960899999855e+01,-2.183122017099999823e+01,-2.545836254800000020e+01,-3.453322220300000112e+01
7.453723723699999582e+00,-3.324480031299999894e+01,-3.568093414999999879e+01,-2.188906672399999920e+01,-2.549083012999999909e+01,-3.302268614199999774e+01
7.473733733699999604e+00,-3.439708808099999970e+01,-3.413156671400000164e+01,-2.186972968699999953e+01,-2.515018205300000176e+01,-3.337670216099999720e+01
7.493743743699999627e+00,-3.318454638000000045e+01,-3.397543903100000051e+01,-2.219559843300000068e+01,-2.593058127899999832e+01,-3.294058301300000124e+01
7.513753753800000545e+00,-3.454137076500000347e+01,-3.321213388000000322e+01,-2.259332994900000102e+01,-2.559752617399999863e+01,-3.383273828699999797e+01
7.533763763800000568e+00,-3.517470952200000056e+01,-3.276809259200000213e+01,-2.247037827300000146e+01,-2.585047289499999934e+01,-3.372935606400000097e+01
7.553773773800000590e+00,-3.418913268099999669e+01,-3.093089575699999827e+01,-2.242052543200000159e+01,-2.618241508899999914e+01,-3.380318790799999817e+01
7.573783783800000613e+00,-3.492927428499999820e+01,-3.062877058799999830e+01,-2.298157832700000114e+01,-2.609428328899999983e+01,-3.506834174200000120e+01
7.593793793799999747e+00,-3.531340695699999799e+01,-3.090492490600000153e+01,-2.327978576599999982e+01,-2.643774612200000007e+01,-3.465991573400000192e+01
7.613803803799999770e+00,-3.494790422100000171e+01,-2.938528372300000058e+01,-2.409530582800000076e+01,-2.683448076899999890e+01,-3.548226882400000193e+01
7.633813813799999792e+00,-3.525372339500000152e+01,-2.890918754699999837e+01,-2.461932546299999913e+01,-2.664167610200000169e+01,-3.666644773200000174e+01
7.653823823799999815e+00,-3.479741574900000245e+01,-2.856487440000000078e+01,-2.484784643100000068e+01,-2.721926717399999873e+01,-3.704484131499999933e+01
7.673833833799999837e+00,-3.476676959899999986e+01,-2.897660643300000061e+01,-2.578481617699999973e+01,-2.761266530600000024e+01,-3.896760417200000148e+01
7.693843843799999860e+00,-3.422877124499999724e+01,-2.823470929999999868e+01,-2.601455234999999888e+01,-2.778109083600000062e+01,-3.775770086099999645e+01
7.713853853899999891e+00,-3.431798726200000260e+01,-2.771984295300000056e+01,-2.685050588500000046e+01,-2.841204910600000133e+01,-3.933718080399999906e+01
7.733863863899999913e+00,-3.358382213600000199e+01,-2.765985555299999987e+01,-2.697728023399999842e+01,-2.896029423399999914e+01,-3.951128448400000082e+01
7.753873873899999936e+00,-3.414817384300000214e+01,-2.747666637700000081e+01,-2.763476698799999909e+01,-2.934921935999999931e+01,-4.264676486999999838e+01
7.773883883899999958e+00,-3.320149098299999935e+01,-2.776859328000000104e+01,-2.834626063299999998e+01,-2.972485363199999853e+01,-4.207876107799999943e+01
7.793893893899999981e+00,-3.419482660500000293e+01,-2.845137645100000157e+01,-2.890161546599999909e+01,-2.937681890300000020e+01,-4.300600320000000210e+01
7.813903903900000003e+00,-3.368842719300000255e+01,-2.859496240400000033e+01,-2.950101931600000071e+01,-3.025524400500000155e+01,-4.297446306500000190e+01
7.833913913900000026e+00,-3.447669885300000203e+01,-2.823858741200000111e+01,-2.979457084399999900e+01,-3.038739961199999939e+01,-4.563844405500000079e+01
7.853923923900000048e+00,-3.524434723000000247e+01,-2.896024021699999906e+01,-3.055179667399999843e+01,-3.065873665200000175e+01,-4.383536764600000168e+01
7.873933933899999182e+00,-3.602505173499999813e+01,-2.880646209800000079e+01,-3.048932286799999858e+01,-3.142418708399999971e+01,-4.324229766900000271e+01
7.893943943899999205e+00,-3.845410017399999703e+01,-2.928888332800000072e+01,-3.033693029899999871e+01,-3.200914623100000256e+01,-4.368193716900000112e+01
7.913953954000000124e+00,-3.924885266999999800e+01,-2.879932477599999885e+01,-3.138239689999999982e+01,-3.212802921699999814e+01,-4.451552828199999823e+01
7.933963964000000146e+00,-4.077734240299999868e+01,-2.987909521599999962e+01,-3.057901632400000125e+01,-3.249509775599999983e+01,-4.257831384499999672e+01
7.953973974000000169e+00,-3.822849651300000318e+01,-2.944242769999999965e+01,-3.173566149099999834e+01,-3.243581320999999917e+01,-4.605203726100000239e+01
7.973983984000000191e+00,-4.004756761299999823e+01,-2.877300691199999960e+01,-3.237165660200000161e+01,-3.412229346400000196e+01,-4.214653641099999959e+01
7.993993994000000214e+00,-3.863203384599999879e+01,-2.864728544100000107e+01,-3.237785904900000133e+01,-3.326119297399999652e+01,-4.345381181700000184e+01
8.014004004000000236e+00,-4.262222310500000333e+01,-2.853159516399999873e+01,-3.249506873800000051e+01,-3.365727221899999932e+01,-4.241830083899999693e+01
8.034014014000000259e+00,-4.750906797199999687e+01,-2.712398328500000133e+01,-3.343628977600000240e+01,-3.537636852600000026e+01,-4.253847334299999972e+01
8.054024024000000281e+00,-6.444066493799999762e+01,-2.699110801100000145e+01,-3.364685515200000054e+01,-3.550414801000000153e+01,-4.334195243799999986e+01
8.074034034000000304e+00,-4.184964335800000157e+01,-2.582899968899999976e+01,-3.278753332800000209e+01,-3.648402104899999898e+01,-4.447265304500000127e+01
8.094044044000000326e+00,-4.036072624900000250e+01,-2.678619245599999843e+01,-3.285823153599999813e+01,-3.715635433500000318e+01,-4.437885874999999913e+01
8.114054054100000357e+00,-4.311241281800000280e+01,-2.608442575200000135e+01,-3.367454605399999679e+01,-3.795841327499999807e+01,-4.208698886900000247e+01
8.134064064100000380e+00,-4.236277368300000035e+01,-2.498510800800000098e+01,-3.468074537500000076e+01,-3.685767227699999893e+01,-4.112045670799999897e+01
8.154074074100000402e+00,-3.876405286300000341e+01,-2.520987823100000114e+01,-3.516122859099999687e+01,-3.617631401399999902e+01,-4.225527876400000338e+01
8.174084084100000425e+00,-3.401711164900000028e+01,-2.508073855800000018e+01,-3.342484141700000322e+01,-3.879937643499999922e+01,-4.043716421900000313e+01
8.194094094100000447e+00,-3.743199237700000026e+01,-2.507901955899999891e+01,-3.560630636100000146e+01,-3.904407009100000181e+01,-3.990945082000000355e+01
8.214104104100000470e+00,-3.488071819700000020e+01,-2.596686465699999857e+01,-3.688512927699999722e+01,-3.892567714500000164e+01,-3.921539125000000325e+01
8.234114114100000492e+00,-3.409482506599999851e+01,-2.623355231100000040e+01,-3.806666442600000266e+01,-3.969639134700000227e+01,-4.123593569700000216e+01
8.254124124100000515e+00,-3.381861709599999699e+01,-2.603373979099999858e+01,-3.818445866900000141e+01,-4.550346414799999906e+01,-4.415880186199999713e+01
8.274134134100000537e+00,-3.352426921600000043e+01,-2.629158838600000081e+01,-4.137881218300000086e+01,-5.130627325100000036e+01,-4.189284319699999770e+01
8.294144144100000560e+00,-3.496071242800000078e+01,-2.672103897799999928e+01,-4.557383455499999769e+01,-5.834572232800000080e+01,-4.105786461900000006e+01
8.314154154200000590e+00,-3.422387411599999751e+01,-2.703682435200000000e+01,-4.382503366899999975e+01,-5.297555953700000231e+01,-4.208404462000000024e+01
8.334164164200000613e+00,-3.457566903299999694e+01,-2.676943151200000059e+01,-4.060933700100000010e+01,-4.778564793099999974e+01,-4.363708712700000092e+01
8.354174174200000635e+00,-3.525177113600000212e+01,-2.805711845600000132e+01,-4.293681464099999801e+01,-4.918059230200000087e+01,-4.364578113299999984e+01
8.374184184200000658e+00,-3.508036291199999823e+01,-2.850092504099999857e+01,-4.117651611099999798e+01,-4.280690332700000056e+01,-4.245332228400000218e+01
8.394194194200000680e+00,-3.444236256800000007e+01,-2.879655555200000094e+01,-3.924305114999999944e+01,-4.239948603999999932e+01,-4.273165290000000027e+01
8.414204204199998927e+00,-3.361190719999999743e+01,-2.931539777300000083e+01,-3.726813478700000104e+01,-4.169301133700000150e+01,-4.710692704200000236e+01
8.434214214199998949e+00,-3.765192857499999946e+01,-3.013233614199999977e+01,-3.527330514399999828e+01,-3.963610420300000214e+01,-4.373786191199999962e+01
8.454224224199998972e+00,-3.642855440999999672e+01,-3.002301618899999980e+01,-3.504045781199999965e+01,-4.118047968700000183e+01,-4.197406128899999800e+01
8.474234234199998994e+00,-3.810696561200000332e+01,-3.029683807600000023e+01,-3.504584521900000027e+01,-4.107176602500000229e+01,-4.094836382999999813e+01
8.494244244199999017e+00,-3.927312320200000073e+01,-3.010289707900000167e+01,-3.568344531099999983e+01,-3.935724105599999945e+01,-4.220985048099999659e+01
8.514254254300000824e+00,-3.809938548299999894e+01,-2.910693070499999990e+01,-3.492059033599999651e+01,-4.289750784999999667e+01,-4.269486619300000285e+01
8.534264264300000846e+00,-4.251061323100000067e+01,-3.099833928400000005e+01,-3.261749563800000118e+01,-3.735621899899999931e+01,-4.594381552499999799e+01
8.554274274300000869e+00,-3.896697513499999843e+01,-3.003776796600000054e+01,-3.416080855500000268e+01,-3.945250146400000091e+01,-4.425593537099999963e+01
8.574284284300000891e+00,-4.254151955100000038e+01,-2.951040272399999864e+01,-3.218478649899999766e+01,-3.639003361200000342e+01,-4.922261098999999973e+01
8.594294294299999137e+00,-4.094994775199999992e+01,-3.029742058900000146e+01,-3.164212880999999911e+01,-3.417347909499999759e+01,-5.050634099999999904e+01
8.614304304299999160e+00,-4.349086912199999944e+01,-3.067082945499999980e+01,-3.040190856199999914e+01,-3.392940047900000167e+01,-5.740818690300000071e+01
8.634314314299999182e+00,-4.602812956399999678e+01,-2.990858270200000035e+01,-3.062626977000000039e+01,-3.450342377300000152e+01,-4.620805380400000217e+01
8.654324324299999205e+00,-4.679411386000000306e+01,-3.002862706399999837e+01,-2.933053137799999988e+01,-3.354606167000000028e+01,-5.132947439600000195e+01
8.674334334299999227e+00,-4.762131369600000141e+01,-3.187573529399999828e+01,-2.865200244000000041e+01,-3.262135967900000111e+01,-4.333417214300000353e+01
8.694344344299999250e+00,-4.150004219600000255e+01,-3.196681124699999899e+01,-2.677038473900000071e+01,-3.305767525800000328e+01,-4.190000132400000155e+01
8.714354354399999281e+00,-4.140768968799999783e+01,-2.962039837700000078e+01,-2.630231286300000093e+01,-3.421486223499999824e+01,-4.137022141399999953e+01
8.734364364399999303e+00,-3.871426928500000031e+01,-3.089271757599999901e+01,-2.505138332199999951e+01,-3.361302532300000223e+01,-4.075139571100000069e+01
8.754374374399999326e+00,-3.574195200700000186e+01,-2.979135549500000124e+01,-2.458850356900000023e+01,-3.367919172900000291e+01,-4.251475446500000288e+01
8.774384384399999348e+00,-3.646242543399999647e+01,-2.826362061800000092e+01,-2.501464515099999986e+01,-3.294834901000000116e+01,-4.224388801599999965e+01
8.794394394399999371e+00,-3.672287351599999994e+01,-2.804357537899999997e+01,-2.408713475100000068e+01,-3.495738454100000325e+01,-3.828216058800000354e+01
8.814404404399999393e+00,-3.563539058300000306e+01,-2.895711561699999947e+01,-2.458330291300000070e+01,-3.400413344900000112e+01,-3.986432079099999726e+01
8.834414414399999416e+00,-3.263751194299999980e+01,-2.816351749500000068e+01,-2.402398455100000163e+01,-3.497860962800000095e+01,-3.960929232600000205e+01
8.854424424399999438e+00,-3.264922908100000143e+01,-2.804251289899999833e+01,-2.408465848799999875e+01,-3.379313908999999683e+01,-3.777347515600000349e+01
8.874434434399999461e+00,-3.357083582300000302e+01,-2.772022925599999965e+01,-2.444020264699999956e+01,-3.424843933799999718e+01,-4.108379129400000096e+01
8.894444444399999483e+00,-3.519361318800000049e+01,-2.710615623700000043e+01,-2.382683591500000020e+01,-3.470175977000000245e+01,-3.851308161299999711e+01
8.914454454499999514e+00,-3.529733686499999834e+01,-2.747773194499999860e+01,-2.450055689299999884e+01,-3.350830220000000281e+01,-4.011901228899999694e+01
8.934464464499999536e+00,-3.727491817500000337e+01,-2.749607846500000008e+01,-2.466993509499999959e+01,-3.394808088100000276e+01,-3.751036214999999885e+01
8.954474474499999559e+00,-3.719633830099999727e+01,-2.853864889899999824e+01,-2.491350394599999873e+01,-3.368308390499999661e+01,-4.054942210899999822e+01
8.974484484499999581e+00,-4.227343165300000294e+01,-2.860633792400000175e+01,-2.490316734600000004e+01,-3.468222603000000248e+01,-3.656966084700000152e+01
8.994494494499999604e+00,-4.413922700599999871e+01,-3.002227410400000096e+01,-2.442796400399999968e+01,-3.450875453700000151e+01,-3.779416505100000023e+01
9.014504504499999626e+00,-4.804115399599999847e+01,-2.971763709700000078e+01,-2.469606783700000108e+01,-3.712108121400000016e+01,-3.762001052200000117e+01
9.034514514499999649e+00,-4.627312774899999681e+01,-2.930187619699999857e+01,-2.391121269699999985e+01,-3.699984908399999739e+01,-3.665205212200000062e+01
9.054524524499999671e+00,-4.061104253500000283e+01,-3.131780227999999866e+01,-2.433884128000000047e+01,-3.630732351500000021e+01,-3.633355702699999767e+01
9.074534534499999694e+00,-3.870247709400000247e+01,-3.126583652700000115e+01,-2.452945557199999982e+01,-3.782673339899999831e+01,-3.639920348100000069e+01
9.094544544499999716e+00,-4.046539954400000028e+01,-3.129422142199999968e+01,-2.456052297200000112e+01,-3.736853645600000107e+01,-3.670933276200000250e+01
9.114554554599999747e+00,-3.991240499999999969e+01,-3.211135748699999937e+01,-2.490926059499999923e+01,-3.672671472599999731e+01,-3.536973717400000083e+01
9.134564564599999770e+00,-3.699278042400000288e+01,-3.150882882300000176e+01,-2.504521173299999859e+01,-3.447537321499999763e+01,-3.391877782699999955e+01
9.154574574599999792e+00,-3.557071552299999695e+01,-3.210484355900000253e+01,-2.472346228299999993e+01,-3.491427663599999676e+01,-3.379796782599999716e+01
9.174584584599999815e+00,-3.429141347899999914e+01,-3.309216301099999669e+01,-2.557064643900000078e+01,-3.481346303299999789e+01,-3.423006551999999658e+01
9.194594594599999837e+00,-3.404763558799999856e+01,-3.502733797100000146e+01,-2.604321238200000010e+01,-3.424843257199999869e+01,-3.348710645700000299e+01
9.214604604599999860e+00,-3.481788839200000041e+01,-3.468977475599999849e+01,-2.648251408400000173e+01,-3.396250294099999678e+01,-3.314921433100000314e+01
9.234614614599999882e+00,-3.328998562900000024e+01,-3.556221100199999796e+01,-2.679337329999999895e+01,-3.350396951700000159e+01,-3.264403809600000272e+01
9.254624624599999905e+00,-3.425807917499999888e+01,-3.890364864200000028e+01,-2.801294714000000141e+01,-3.363280968400000148e+01,-3.168469956899999929e+01
9.274634634599999927e+00,-3.489125054899999867e+01,-4.097567793500000022e+01,-2.833471778599999880e+01,-3.402242836500000323e+01,-3.174250583999999975e+01
9.294644644599999950e+00,-3.351861850099999884e+01,-3.797808246200000326e+01,-3.011205442500000018e+01,-3.231297101500000224e+01,-3.208504678999999982e+01
9.314654654699999980e+00,-3.123818458099999873e+01,-3.876422305399999857e+01,-3.096304313499999949e+01,-3.429927153599999912e+01,-3.077270726800000133e+01
9.334664664700000003e+00,-3.161676625500000171e+01,-4.349826592400000180e+01,-3.315528186899999952e+01,-3.450272075499999858e+01,-3.181885170700000032e+01
9.354674674700000025e+00,-3.298920337700000260e+01,-3.675628557000000285e+01,-3.381521247500000271e+01,-3.392181801299999933e+01,-3.105567742499999895e+01
9.374684684700000048e+00,-3.293213701799999882e+01,-3.840028068099999814e+01,-3.364963941999999975e+01,-3.455010243800000325e+01,-2.981490931800000155e+01
9.394694694700000070e+00,-3.163958496600000103e+01,-3.753315744300000034e+01,-3.267776647699999870e+01,-3.548153324700000155e+01,-3.066737124100000145e+01
9.414704704700000093e+00,-3.085572504099999946e+01,-3.291469476099999980e+01,-3.198776309100000148e+01,-3.506768565200000154e+01,-3.068491939000000102e+01
9.434714714700000115e+00,-3.312191646099999787e+01,-3.354302791399999961e+01,-3.102452014500000033e+01,-3.423743522800000250e+01,-2.955486704500000172e+01
9.454724724700000138e+00,-2.849738166899999925e+01,-3.451944843599999757e+01,-2.947087150000000122e+01,-3.216111334299999669e+01,-2.975563824700000026e+01
9.474734734700000161e+00,-3.064690412199999869e+01,-3.466922845300000233e+01,-2.937096321799999998e+01,-3.243349457200000074e+01,-3.054214231999999996e+01
9.494744744700000183e+00,-2.902721348900000109e+01,-3.225848856799999709e+01,-2.927690884600000132e+01,-3.131489886800000022e+01,-2.974681125400000070e+01
9.514754754799998437e+00,-2.864081859199999869e+01,-3.080812283899999926e+01,-2.857651807399999910e+01,-3.090049456499999891e+01,-2.929674078600000087e+01
9.534764764799998460e+00,-2.887468176899999861e+01,-3.286955352599999713e+01,-2.898171223900000015e+01,-3.099607341200000121e+01,-2.852524378000000027e+01
9.554774774799998482e+00,-2.841909651399999959e+01,-3.104281003699999886e+01,-2.887067687700000107e+01,-3.055260629400000028e+01,-2.908834995400000167e+01
9.574784784799998505e+00,-2.977379644299999839e+01,-3.148630096600000172e+01,-2.912408578899999867e+01,-3.034730786800000146e+01,-2.904733521500000037e+01
9.594794794799998527e+00,-2.854486877300000103e+01,-3.136800651700000131e+01,-2.938106310799999932e+01,-3.055535201500000042e+01,-2.805027117099999856e+01
9.614804804799998550e+00,-2.961055830400000133e+01,-2.945351321600000105e+01,-3.065940443499999901e+01,-3.040857733700000054e+01,-2.815590732700000132e+01
9.634814814799998572e+00,-2.776018525599999975e+01,-2.955279988499999888e+01,-3.029248653799999857e+01,-2.911253415899999908e+01,-2.789723254200000113e+01
9.654824824799998595e+00,-2.890597498400000021e+01,-3.186988783700000027e+01,-3.076916138500000031e+01,-2.984921477400000001e+01,-2.674632126299999868e+01
9.674834834799998617e+00,-2.814588631399999841e+01,-2.968900595299999878e+01,-2.996364603900000034e+01,-3.056745951799999972e+01,-2.837675223100000110e+01
9.694844844799998640e+00,-2.836275823100000082e+01,-2.940234163199999884e+01,-3.000472434599999971e+01,-2.990373697500000105e+01,-2.699779875899999837e+01
9.714854854900000447e+00,-2.871697636900000106e+01,-3.123776266599999829e+01,-3.010618050900000142e+01,-2.977378415900000164e+01,-2.584175433600000105e+01
9.734864864900000470e+00,-2.801715992300000124e+01,-2.959045728399999931e+01,-2.936731463799999986e+01,-2.982100119700000107e+01,-2.750795733500000040e+01
9.754874874900000492e+00,-2.632759179099999969e+01,-3.004311100600000017e+01,-2.913310967399999996e+01,-2.953888430800000009e+01,-2.661858076200000056e+01
9.774884884899998738e+00,-2.748941505599999857e+01,-2.979242260799999897e+01,-2.853604501799999937e+01,-2.928642815999999982e+01,-2.607691282200000060e+01
9.794894894899998761e+00,-2.548458598399999886e+01,-3.059147815900000111e+01,-2.811496149299999914e+01,-2.863627796400000136e+01,-2.570029982399999824e+01
9.814904904899998783e+00,-2.554225689700000146e+01,-3.053835094500000125e+01,-2.839808213999999964e+01,-2.983759598500000010e+01,-2.650171051199999894e+01
9.834914914899998806e+00,-2.569580630500000140e+01,-3.104920050999999859e+01,-2.966103611799999840e+01,-2.978568518399999832e+01,-2.682939593100000053e+01
9.854924924899998828e+00,-2.423741514800000019e+01,-3.180608695600000146e+01,-2.933422801300000060e+01,-2.951833278200000166e+01,-2.677359430899999992e+01
9.874934934899998851e+00,-2.470389166200000020e+01,-3.190518477999999902e+01,-2.932491244799999919e+01,-2.877409605300000095e+01,-2.678820805999999877e+01
9.894944944899998873e+00,-2.438417383699999874e+01,-3.109709336199999896e+01,-2.966436535400000096e+01,-2.904898830699999834e+01,-2.715740330499999899e+01
9.914954955000000680e+00,-2.345568128000000030e+01,-3.149747804900000148e+01,-2.882288462500000037e+01,-2.833479424000000080e+01,-2.711969368100000111e+01
9.934964965000000703e+00,-2.450566631999999956e+01,-3.101196296000000174e+01,-2.998444823799999881e+01,-2.780979379200000068e+01,-2.785208629599999952e+01
9.954974975000000725e+00,-2.370753776400000135e+01,-3.124862888199999844e+01,-3.063860383000000098e+01,-2.812719606299999953e+01,-2.844541440300000090e+01
9.974984985000000748e+00,-2.437946015300000013e+01,-3.025461750999999921e+01,-3.089576572300000024e+01,-2.722151107299999850e+01,-2.806534023800000099e+01
9.994994995000000770e+00,-2.432733615300000096e+01,-3.182973637099999920e+01,-3.124934166099999899e+01,-2.665339365899999891e+01,-2.867610612700000061e+01
1.001500500500000079e+01,-2.339093984699999851e+01,-3.290058980199999894e+01,-3.072435265500000057e+01,-2.540305443200000113e+01,-2.867607365299999955e+01
1.003501501500000082e+01,-2.437899263099999914e+01,-3.145787095900000097e+01,-3.190865802500000115e+01,-2.477317405000000150e+01,-2.805310918800000053e+01
1.005502502500000084e+01,-2.518064386500000040e+01,-3.029473027499999915e+01,-3.119739043199999884e+01,-2.572749757800000125e+01,-2.884546572900000072e+01
1.007503503500000086e+01,-2.406587887799999947e+01,-2.936020890300000019e+01,-3.423077956400000232e+01,-2.549556860099999867e+01,-2.809071487800000000e+01
1.009504504500000088e+01,-2.583962421500000062e+01,-3.198788377300000008e+01,-3.303497941500000223e+01,-2.566669749900000141e+01,-2.770801855099999855e+01
1.011505505499999913e+01,-2.565690664699999957e+01,-3.075248793600000141e+01,-3.265909780599999834e+01,-2.568595158500000153e+01,-2.741352990400000067e+01
1.013506506499999915e+01,-2.613298574899999949e+01,-3.044752486799999858e+01,-3.154049134799999976e+01,-2.527423742199999879e+01,-2.574893636499999872e+01
1.015507507499999917e+01,-2.515499941999999933e+01,-3.120787116800000049e+01,-3.446932953000000310e+01,-2.525173857500000096e+01,-2.621850191800000118e+01
1.017508508499999920e+01,-2.625086761900000099e+01,-3.064968519299999983e+01,-3.460321437599999683e+01,-2.461842667899999881e+01,-2.652340888699999866e+01
1.019509509499999922e+01,-2.558945466699999827e+01,-3.079125400099999865e+01,-3.352264868900000039e+01,-2.498639885100000058e+01,-2.636511383699999911e+01
1.021510510499999924e+01,-2.683925221499999836e+01,-2.955032813600000097e+01,-3.699790170299999659e+01,-2.573540713499999910e+01,-2.547487596199999871e+01
1.023511511499999926e+01,-2.532504578100000003e+01,-3.036502874500000004e+01,-3.335607825000000304e+01,-2.468623763400000115e+01,-2.507393902300000121e+01
1.025512512499999929e+01,-2.392446626799999976e+01,-3.093843654100000151e+01,-3.676478169399999985e+01,-2.550468614700000103e+01,-2.643922040700000053e+01
1.027513513499999931e+01,-2.681067359000000039e+01,-3.330370344800000026e+01,-3.333068044800000251e+01,-2.524843596899999909e+01,-2.628078790900000072e+01
1.029514514499999933e+01,-2.572534787100000031e+01,-3.169664227699999870e+01,-3.636374024399999882e+01,-2.365657813600000026e+01,-2.724654027900000131e+01
1.031515515499999935e+01,-2.452515172700000079e+01,-3.497147525100000109e+01,-3.464321592699999997e+01,-2.416559174300000024e+01,-2.660740447099999884e+01
1.033516516499999938e+01,-2.549561560200000088e+01,-3.330147513400000037e+01,-3.397162980299999901e+01,-2.403670453799999862e+01,-2.887023022200000000e+01
1.035517517499999940e+01,-2.769873019399999947e+01,-3.216284118000000092e+01,-3.385365098900000191e+01,-2.396780590899999908e+01,-2.977695656899999932e+01
1.037518518499999942e+01,-2.822362936700000091e+01,-3.526921713600000174e+01,-3.319735023199999802e+01,-2.369464013600000030e+01,-3.107256097200000156e+01
1.039519519499999944e+01,-2.664211456900000030e+01,-3.105475366900000012e+01,-3.097401224500000083e+01,-2.407782460299999983e+01,-3.399452779300000316e+01
1.041520520499999947e+01,-2.644848201499999973e+01,-3.395257338199999708e+01,-3.365318029800000232e+01,-2.402351734599999844e+01,-3.540173749099999867e+01
1.043521521499999949e+01,-2.660720750500000165e+01,-3.944721372200000076e+01,-3.219784708800000317e+01,-2.351116055800000026e+01,-3.325874513600000171e+01
1.045522522499999951e+01,-2.880620076699999998e+01,-3.559354740900000280e+01,-3.229747266399999717e+01,-2.429838231900000167e+01,-3.462841239000000115e+01
1.047523523499999953e+01,-2.738900728400000162e+01,-3.385369788399999891e+01,-3.285596687000000315e+01,-2.367541265999999922e+01,-3.306221569099999869e+01
1.049524524499999956e+01,-2.869050546700000126e+01,-3.122745710999999957e+01,-3.251337028399999696e+01,-2.459482009199999908e+01,-3.200101943699999651e+01
1.051525525499999958e+01,-2.826618610799999942e+01,-3.663161445699999774e+01,-3.430125103700000011e+01,-2.369512003099999831e+01,-2.957577991699999842e+01
1.053526526499999960e+01,-2.886842042199999980e+01,-3.164910787000000170e+01,-3.686771291299999831e+01,-2.359184136100000018e+01,-3.014815023999999966e+01
1.055527527499999962e+01,-2.754703221300000138e+01,-3.163916082400000107e+01,-3.469872766999999669e+01,-2.346352437599999874e+01,-3.040444702299999946e+01
1.057528528499999965e+01,-2.794581289399999946e+01,-3.643610604399999886e+01,-3.550216950899999802e+01,-2.267948114300000029e+01,-2.838167433499999959e+01
1.059529529499999967e+01,-2.771369518199999860e+01,-3.701327935599999819e+01,-4.018939450700000293e+01,-2.282668209099999856e+01,-2.883390212500000160e+01
1.061530530499999969e+01,-2.673997176199999970e+01,-3.587836001000000152e+01,-3.784414898899999713e+01,-2.262132680399999884e+01,-3.132050630199999830e+01
1.063531531499999971e+01,-2.680514513099999974e+01,-4.118205375699999848e+01,-3.604005384199999895e+01,-2.237361452900000103e+01,-2.902668749400000081e+01
1.065532532499999974e+01,-2.518164365499999846e+01,-3.373994553699999699e+01,-3.733309260899999771e+01,-2.238504923500000032e+01,-2.851267732299999835e+01
1.067533533499999976e+01,-3.080870315299999973e+01,-3.925530355600000121e+01,-3.976645781500000254e+01,-2.196907428700000153e+01,-3.052993600099999938e+01
1.069534534499999978e+01,-2.675701352700000157e+01,-3.979009411199999846e+01,-4.260217369099999729e+01,-2.244366986600000047e+01,-2.922814082400000046e+01
1.071535535499999980e+01,-2.473022299999999873e+01,-4.199365690199999790e+01,-3.696034472299999862e+01,-2.227174282600000055e+01,-3.130241487300000003e+01
1.073536536499999983e+01,-2.781306018700000138e+01,-5.630946740899999980e+01,-3.627690093599999699e+01,-2.210624322700000022e+01,-3.136016782100000100e+01
1.075537537499999985e+01,-2.603432814700000009e+01,-3.997109575100000001e+01,-3.552674034399999670e+01,-2.129539747600000155e+01,-3.234587732499999646e+01
1.077538538499999987e+01,-2.766107277200000070e+01,-4.230848773599999646e+01,-3.624569645799999762e+01,-2.169621398900000031e+01,-3.255017189200000161e+01
1.079539539499999989e+01,-2.617835400799999945e+01,-3.962232858699999838e+01,-3.333533284899999671e+01,-2.139008935600000072e+01,-3.393662475800000067e+01
1.081540540499999992e+01,-2.657910402299999930e+01,-4.176723307200000335e+01,-3.241447298899999652e+01,-2.107328775399999898e+01,-3.322598426399999738e+01
1.083541541499999994e+01,-2.712083913500000065e+01,-4.493180005199999982e+01,-3.560103689000000315e+01,-2.074829794900000124e+01,-3.604806133000000301e+01
1.085542542499999996e+01,-2.663930913200000106e+01,-4.203356630900000113e+01,-3.178646550799999915e+01,-2.174495510899999928e+01,-3.552271690599999943e+01
1.087543543499999998e+01,-2.984946415199999947e+01,-3.342314019100000166e+01,-3.338073727199999752e+01,-2.139657934199999900e+01,-3.554187716300000233e+01
1.089544544500000001e+01,-2.711951950099999920e+01,-3.774530860699999835e+01,-3.337339525699999854e+01,-2.126518824000000052e+01,-3.702220287699999801e+01
1.091545545500000003e+01,-2.854518400899999975e+01,-4.188423500199999694e+01,-3.346321922399999949e+01,-2.113304760300000140e+01,-3.509337216400000159e+01
1.093546546500000005e+01,-3.006903374599999879e+01,-3.900397942299999698e+01,-3.382704536600000012e+01,-2.185547258100000079e+01,-3.440342576900000182e+01
1.095547547500000007e+01,-2.747418787899999870e+01,-3.757774169199999648e+01,-3.623742391199999702e+01,-2.184430634900000001e+01,-3.434975992700000091e+01
1.097548548500000010e+01,-3.289009392100000184e+01,-3.767983833400000293e+01,-3.643665165099999825e+01,-2.136762243100000092e+01,-3.314312197000000282e+01
1.099549549500000012e+01,-3.032123638099999852e+01,-3.932365836000000314e+01,-3.299818079100000290e+01,-2.114895476299999899e+01,-3.627943727600000301e+01
1.101550550600000022e+01,-3.079416350800000046e+01,-3.725055371999999920e+01,-3.738539349700000258e+01,-2.130197926099999961e+01,-3.751731127800000110e+01
1.103551551600000025e+01,-3.336594758799999738e+01,-4.042658114099999977e+01,-3.432054841299999737e+01,-2.133418237900000136e+01,-3.361667746599999873e+01
1.105552552600000027e+01,-3.301735205300000331e+01,-4.025852650200000227e+01,-3.407068053300000088e+01,-2.113391170299999899e+01,-3.736963317000000018e+01
1.107553553600000029e+01,-3.246360131499999824e+01,-3.738452529799999979e+01,-3.476289991299999826e+01,-2.204084858299999894e+01,-3.577643224900000263e+01
1.109554554600000031e+01,-3.268197372699999903e+01,-4.941905483200000049e+01,-3.591838750400000180e+01,-2.153956297499999906e+01,-3.310486407500000183e+01
1.111555555600000034e+01,-3.022676009599999958e+01,-4.738246010299999966e+01,-3.457311351999999971e+01,-2.146216850400000098e+01,-3.723705394099999921e+01
1.113556556600000036e+01,-2.936447555499999851e+01,-3.697712939899999895e+01,-3.411192717200000146e+01,-2.125080876199999835e+01,-3.799446108000000066e+01
1.115557557600000038e+01,-3.015537807400000148e+01,-3.936959096599999697e+01,-3.238469915700000001e+01,-2.234938882799999860e+01,-3.486236662299999978e+01
1.117558558600000040e+01,-3.234647877300000118e+01,-4.234528404000000279e+01,-3.214673022099999855e+01,-2.226076340599999881e+01,-3.556513725199999953e+01
1.119559559600000043e+01,-3.163627375500000127e+01,-3.756608544499999880e+01,-3.295079690400000061e+01,-2.189344446899999852e+01,-3.663365514099999842e+01
1.121560560600000045e+01,-3.183712835600000091e+01,-3.864878037199999739e+01,-3.421049756800000097e+01,-2.242038652100000107e+01,-3.863950671500000311e+01
1.123561561600000047e+01,-3.098554678700000053e+01,-3.550110667399999897e+01,-3.143793146799999860e+01,-2.261857380600000056e+01,-3.555588293699999980e+01
1.125562562600000049e+01,-3.064733469300000124e+01,-3.050463614599999929e+01,-3.271752517200000199e+01,-2.274867036299999867e+01,-3.975304234200000053e+01
1.127563563600000052e+01,-3.409233449100000257e+01,-3.472386028300000049e+01,-3.173769278099999980e+01,-2.240000363400000083e+01,-3.697473463699999741e+01
1.129564564600000054e+01,-3.447760248099999814e+01,-3.780800511300000011e+01,-2.898806701899999894e+01,-2.218279823299999975e+01,-3.523613042299999876e+01
1.131565565600000056e+01,-3.349005061799999794e+01,-3.085092151199999932e+01,-3.146412310599999884e+01,-2.215559081600000013e+01,-3.588285622000000075e+01
1.133566566600000058e+01,-3.019868504600000136e+01,-3.779127063100000328e+01,-3.215620122699999683e+01,-2.174070401499999861e+01,-3.656573696699999942e+01
1.135567567600000061e+01,-3.288144530900000007e+01,-3.356797810300000151e+01,-3.116074024099999917e+01,-2.080252536500000105e+01,-3.832392730699999817e+01
1.137568568600000063e+01,-3.353206634400000041e+01,-2.903801399199999977e+01,-3.323370980400000008e+01,-2.178870794999999916e+01,-3.796391121700000326e+01
1.139569569600000065e+01,-3.563668401000000330e+01,-2.964213226200000051e+01,-3.412280940000000129e+01,-2.184747262599999829e+01,-3.966717369700000262e+01
1.141570570600000067e+01,-3.613957932900000003e+01,-3.490189204600000039e+01,-3.490359949799999839e+01,-2.031473772200000028e+01,-3.791027202800000140e+01
1.143571571600000070e+01,-3.518087274100000172e+01,-3.082424376599999860e+01,-3.992578875000000238e+01,-2.096584151200000079e+01,-4.375941550000000291e+01
1.145572572600000072e+01,-3.607588709099999846e+01,-2.986273518699999840e+01,-4.137736056600000012e+01,-2.015528972999999979e+01,-4.095814503900000147e+01
1.147573573600000074e+01,-3.295395152700000097e+01,-3.393098350100000005e+01,-4.271976283200000069e+01,-2.029310660799999866e+01,-4.797610302199999666e+01
1.149574574600000076e+01,-3.660006815999999930e+01,-3.456005090600000074e+01,-5.486958356200000253e+01,-2.095315170299999963e+01,-3.905447322100000207e+01
1.151575575600000079e+01,-3.663707315999999992e+01,-2.914307702900000052e+01,-4.991858427900000095e+01,-2.011165197500000090e+01,-3.737751230300000316e+01
1.153576576600000081e+01,-4.555131782000000129e+01,-3.424355485099999896e+01,-4.174024341100000157e+01,-2.071625203299999995e+01,-3.618108269700000079e+01
1.155577577600000083e+01,-3.928326337200000040e+01,-3.229795991999999671e+01,-3.712255027799999851e+01,-2.022598389999999924e+01,-4.176101887099999743e+01
1.157578578600000085e+01,-5.153891746699999743e+01,-3.766312219299999953e+01,-3.637218264799999901e+01,-1.933258342699999943e+01,-3.588463891699999664e+01
1.159579579600000088e+01,-4.640181553000000036e+01,-3.640311341400000344e+01,-3.687407012900000325e+01,-2.079321225400000017e+01,-3.536811448800000335e+01
1.161580580599999912e+01,-4.024762778899999915e+01,-3.221018214400000090e+01,-3.635327852599999687e+01,-2.014063578300000046e+01,-3.929381291299999646e+01
1.163581581599999915e+01,-5.504881986000000182e+01,-4.230575183500000236e+01,-3.418118247700000012e+01,-1.943587174700000020e+01,-4.040478458500000158e+01
1.165582582599999917e+01,-4.029121227099999913e+01,-3.650478117299999781e+01,-3.163796028799999860e+01,-2.037426014100000060e+01,-3.437387423599999892e+01
1.167583583599999919e+01,-4.648911976899999843e+01,-3.829966680999999795e+01,-3.115562684200000021e+01,-1.911351557200000073e+01,-3.636259444099999882e+01
1.169584584599999921e+01,-3.754388285000000280e+01,-4.044580632000000264e+01,-3.171700255000000013e+01,-1.945587977399999957e+01,-3.372113875600000199e+01
1.171585585599999924e+01,-3.433435693999999927e+01,-5.419356249100000156e+01,-3.137396565099999890e+01,-2.050761786400000020e+01,-3.124141712600000176e+01
1.173586586599999926e+01,-3.413540600700000027e+01,-3.601693496600000088e+01,-3.158430689500000099e+01,-1.980761296100000024e+01,-3.245288984599999793e+01
1.175587587599999928e+01,-3.047517326599999876e+01,-5.043261161800000281e+01,-2.970349873199999990e+01,-1.968613998300000034e+01,-3.495574944599999867e+01
1.177588588599999930e+01,-3.559639219799999665e+01,-4.384097232599999927e+01,-3.205356336399999861e+01,-2.048157570300000074e+01,-3.180105281999999889e+01
1.179589589599999933e+01,-3.156478826900000101e+01,-4.332184960099999671e+01,-2.976906936700000017e+01,-1.911250848699999949e+01,-3.155994984699999861e+01
1.181590590599999935e+01,-3.838823160500000142e+01,-3.377219734100000181e+01,-3.190578572700000137e+01,-2.059987633100000082e+01,-3.662656799300000188e+01
1.183591591599999937e+01,-3.663320904900000130e+01,-4.976226787800000295e+01,-2.969636831300000068e+01,-1.952336536900000041e+01,-3.369347194000000201e+01
1.185592592599999939e+01,-3.141645247699999999e+01,-4.244232233299999990e+01,-3.228983836100000104e+01,-1.979079855399999843e+01,-3.467720301399999983e+01
1.187593593599999942e+01,-3.265935836100000245e+01,-4.189240686699999827e+01,-3.242403335299999867e+01,-2.074127303799999922e+01,-3.407770398899999975e+01
1.189594594599999944e+01,-2.740362079499999837e+01,-3.571090198600000321e+01,-3.375547611999999731e+01,-2.071999842199999975e+01,-3.432233044099999830e+01
1.191595595599999946e+01,-2.708459803099999874e+01,-4.385012005099999755e+01,-3.180124466499999869e+01,-2.039245876900000098e+01,-3.190923037700000009e+01
1.193596596599999948e+01,-2.982048016299999915e+01,-3.680450089200000008e+01,-3.259267443899999961e+01,-2.150003136400000159e+01,-3.557068234300000142e+01
1.195597597599999951e+01,-3.184444556100000057e+01,-4.006407647200000355e+01,-3.177070843599999961e+01,-2.084244854399999980e+01,-3.389117672399999748e+01
1.197598598599999953e+01,-2.739922075699999837e+01,-3.698616470000000334e+01,-3.452213969499999990e+01,-2.131682021900000024e+01,-3.311574075800000116e+01
1.199599599599999955e+01,-2.924820062599999915e+01,-3.710340319899999884e+01,-3.359443978699999889e+01,-2.176106625299999919e+01,-3.134894238800000110e+01
1.201600600599999957e+01,-2.721031897299999969e+01,-6.083423196799999744e+01,-3.505437751699999893e+01,-2.059386894400000045e+01,-3.468614175300000113e+01
1.203601601599999960e+01,-2.472578123799999972e+01,-3.982359846800000014e+01,-3.694775133200000283e+01,-2.190572160500000010e+01,-3.361014874199999980e+01
1.205602602599999962e+01,-3.232831804700000333e+01,-4.651543698900000123e+01,-3.646765241500000343e+01,-2.130797636300000164e+01,-3.444338585199999869e+01
1.207603603599999964e+01,-2.901414723599999945e+01,-4.615467809700000146e+01,-3.434193447599999871e+01,-2.175688003499999823e+01,-2.942455062399999832e+01
1.209604604599999966e+01,-2.856951239200000003e+01,-4.122564776699999811e+01,-3.412269663299999678e+01,-2.284700927000000092e+01,-3.424286667500000192e+01
1.211605605599999969e+01,-2.733709631900000048e+01,-4.859469923900000055e+01,-3.827981925699999977e+01,-2.271521515399999913e+01,-3.269503349299999684e+01
1.213606606599999971e+01,-2.557338923800000074e+01,-3.434784762599999652e+01,-4.191876245699999970e+01,-2.228005581500000076e+01,-3.806630862699999795e+01
1.215607607599999973e+01,-3.186375209599999891e+01,-3.612076284100000123e+01,-3.993906041500000015e+01,-2.239239380100000076e+01,-3.622556745199999995e+01
1.217608608599999975e+01,-2.830519986899999907e+01,-3.383602216799999951e+01,-3.283816005399999938e+01,-2.212535289499999891e+01,-3.813839314599999852e+01
1.219609609599999978e+01,-3.011009643899999944e+01,-3.300403277499999888e+01,-3.928778468200000162e+01,-2.271735349800000137e+01,-3.732675866200000314e+01
1.221610610599999980e+01,-3.052808361599999998e+01,-4.013479094299999872e+01,-3.562327461499999970e+01,-2.219038751500000117e+01,-3.722019597900000321e+01
1.223611611599999982e+01,-3.162400907199999978e+01,-2.875651777699999911e+01,-3.289179370400000124e+01,-2.318206217999999907e+01,-4.320171159400000249e+01
1.225612612599999984e+01,-2.624726099000000090e+01,-3.317025964900000190e+01,-3.247699509899999981e+01,-2.206348316200000070e+01,-4.688198011699999768e+01
1.227613613599999987e+01,-2.629655686099999912e+01,-3.326969350600000297e+01,-3.275183862699999793e+01,-2.369119341300000059e+01,-4.521760971599999834e+01
1.229614614599999989e+01,-3.171871444099999948e+01,-3.695882033699999880e+01,-3.268509546500000340e+01,-2.273159062299999889e+01,-3.973491313600000296e+01
1.231615615599999991e+01,-2.980501744300000055e+01,-2.913761015400000076e+01,-3.178482298899999847e+01,-2.419931067999999996e+01,-3.662587036899999759e+01
1.233616616599999993e+01,-2.662741134799999898e+01,-5.554453233699999970e+01,-2.955466403899999861e+01,-2.514829242700000123e+01,-3.365464547900000269e+01
1.235617617599999996e+01,-3.147562983099999911e+01,-3.411641951499999692e+01,-3.171471982899999986e+01,-2.364358905099999930e+01,-3.540990486500000145e+01
1.237618618599999998e+01,-2.846793647599999844e+01,-3.518567649399999908e+01,-2.913589280700000117e+01,-2.482942815999999908e+01,-2.926229899000000145e+01
1.239619619600000000e+01,-3.028725571300000041e+01,-3.533449850200000242e+01,-3.083708340600000142e+01,-2.420653139999999937e+01,-2.706105842699999897e+01
1.241620620600000002e+01,-2.705139074899999940e+01,-3.394943682800000317e+01,-3.350369954699999653e+01,-2.517244576299999892e+01,-2.817060340700000154e+01
1.243621621600000005e+01,-3.020501948700000128e+01,-3.476789249099999779e+01,-2.963319631699999945e+01,-2.424409813300000138e+01,-2.703744307699999894e+01
1.245622622600000007e+01,-2.998772798999999978e+01,-3.643634312199999670e+01,-3.085964856000000012e+01,-2.486928959300000130e+01,-2.713302964100000025e+01
1.247623623600000009e+01,-2.835361946100000097e+01,-3.479937747599999653e+01,-3.111830440900000028e+01,-2.386345623200000077e+01,-2.899529634800000011e+01
1.249624624600000011e+01,-2.765790877699999939e+01,-3.127550753599999922e+01,-3.245409814399999959e+01,-2.391696027200000074e+01,-2.596282379999999890e+01
1.251625625600000014e+01,-2.536744525399999972e+01,-3.041795233999999937e+01,-3.028240945800000006e+01,-2.435114890699999890e+01,-2.556267998599999913e+01
1.253626626600000016e+01,-2.709248817299999956e+01,-3.495481069499999904e+01,-2.889877588999999958e+01,-2.455859250299999985e+01,-2.666538389500000150e+01
1.255627627600000018e+01,-2.925180764799999977e+01,-2.886333845100000062e+01,-2.738590263100000044e+01,-2.362403112799999860e+01,-2.546936916800000006e+01
1.257628628600000020e+01,-2.738046595200000155e+01,-3.698561115300000068e+01,-3.022633542999999889e+01,-2.297758444700000169e+01,-2.488850893900000116e+01
1.259629629600000023e+01,-2.888981475499999974e+01,-3.855778315999999961e+01,-2.849847992500000160e+01,-2.324220914400000026e+01,-2.574628631899999931e+01
1.261630630600000025e+01,-2.898634002000000010e+01,-3.640722381300000166e+01,-2.723108127500000109e+01,-2.265850523699999997e+01,-2.740490614100000144e+01
1.263631631600000027e+01,-2.721825771099999969e+01,-3.550835652500000350e+01,-2.870998518100000041e+01,-2.279890550800000071e+01,-2.694743588900000120e+01
1.265632632600000029e+01,-3.199938894399999967e+01,-4.073431503199999781e+01,-2.619726793499999928e+01,-2.174511440599999901e+01,-2.645897017700000120e+01
1.267633633600000032e+01,-2.680841808899999990e+01,-3.157577154999999891e+01,-2.994049635000000009e+01,-2.052486149199999943e+01,-2.773738283799999849e+01
1.269634634600000034e+01,-2.721277759299999843e+01,-4.438549340699999846e+01,-2.784550436299999987e+01,-2.113397644300000167e+01,-3.008452203199999886e+01
1.271635635600000036e+01,-2.722578942699999871e+01,-3.774701231200000251e+01,-2.655443897900000039e+01,-2.095612059400000149e+01,-2.809545377299999913e+01
1.273636636600000038e+01,-3.024216756199999878e+01,-3.970688987199999787e+01,-2.823602494800000073e+01,-2.225216491600000168e+01,-2.873838078700000054e+01
1.275637637600000041e+01,-2.763672411599999990e+01,-5.211147449500000306e+01,-2.875328899499999835e+01,-2.268234913499999905e+01,-2.854405924699999986e+01
1.277638638600000043e+01,-3.569292377200000033e+01,-4.365308796600000107e+01,-2.899413437300000140e+01,-2.258904123199999958e+01,-3.041617784099999966e+01
1.279639639600000045e+01,-3.277013830100000291e+01,-3.636989347200000111e+01,-2.984462326499999918e+01,-2.328686375599999892e+01,-2.997093797400000170e+01
1.281640640600000047e+01,-2.910628914999999850e+01,-3.693320360199999897e+01,-2.918168004400000015e+01,-2.450288575000000080e+01,-3.019870530800000097e+01
1.283641641600000050e+01,-3.725287050800000088e+01,-4.035243269299999724e+01,-2.933062055799999968e+01,-2.528505776300000107e+01,-3.111024809699999949e+01
1.285642642600000052e+01,-2.830531865200000041e+01,-3.862812069699999995e+01,-3.010159776500000106e+01,-2.680004804500000049e+01,-2.986113135300000110e+01
1.287643643600000054e+01,-3.030954267299999927e+01,-3.686518111800000241e+01,-2.998575778300000039e+01,-2.573033542900000015e+01,-3.366150362900000204e+01
1.289644644600000056e+01,-3.176714891399999985e+01,-3.359342945299999883e+01,-3.262396239299999934e+01,-2.547276533599999837e+01,-3.317907922199999859e+01
1.291645645600000059e+01,-3.049540698099999858e+01,-3.710357821499999886e+01,-3.091824528100000080e+01,-2.697737374100000096e+01,-3.400311488999999909e+01
1.293646646600000061e+01,-3.514206239699999657e+01,-3.456895051499999738e+01,-3.269161431900000281e+01,-2.655540146799999945e+01,-3.497722861599999788e+01
1.295647647600000063e+01,-3.178545157799999998e+01,-3.286203084999999646e+01,-3.259208214200000242e+01,-2.851887738299999953e+01,-3.372418334399999651e+01
1.297648648600000065e+01,-3.365402564200000057e+01,-3.854239423100000295e+01,-3.278885818100000193e+01,-3.028086439699999843e+01,-4.298251479599999669e+01
1.299649649600000068e+01,-3.223412260700000331e+01,-3.266474016800000157e+01,-3.335660613799999652e+01,-2.891179134800000128e+01,-3.883877279899999735e+01
1.301650650700000078e+01,-3.598941435199999717e+01,-3.091530138399999927e+01,-3.395169017399999944e+01,-2.765539028699999946e+01,-3.584393043400000067e+01
1.303651651700000080e+01,-3.222825097100000136e+01,-3.439403568499999864e+01,-3.851211916100000110e+01,-2.941988426600000039e+01,-3.686954572700000199e+01
1.305652652700000083e+01,-4.006288754999999924e+01,-2.842723156599999967e+01,-3.590379481600000133e+01,-2.696257526899999846e+01,-3.717436305900000093e+01
1.307653653700000085e+01,-2.983204968800000145e+01,-3.027987554399999937e+01,-3.795270247199999858e+01,-3.115518056899999877e+01,-4.103184139700000088e+01
1.309654654700000087e+01,-3.463597446699999693e+01,-2.898042453500000093e+01,-5.002515120599999676e+01,-2.824534444900000096e+01,-4.862643410199999749e+01
1.311655655699999912e+01,-3.377919107400000343e+01,-3.571040796300000153e+01,-4.242955572599999670e+01,-2.728431212899999991e+01,-3.889468547599999937e+01
1.313656656699999914e+01,-3.053236357200000128e+01,-3.668970049600000038e+01,-3.826909352500000239e+01,-2.973009827499999957e+01,-4.361622613800000181e+01
1.315657657699999916e+01,-3.259047035300000061e+01,-3.231840803800000117e+01,-4.508509276099999852e+01,-2.935954174300000119e+01,-4.641696804699999745e+01
1.317658658699999918e+01,-3.429064433799999989e+01,-3.629453452399999946e+01,-3.512873825199999800e+01,-2.781611508700000002e+01,-3.770974426499999765e+01
1.319659659699999921e+01,-3.584390379799999948e+01,-2.797281966199999914e+01,-3.266066842699999739e+01,-2.873339478799999824e+01,-3.681852424099999865e+01
1.321660660699999923e+01,-3.239448063999999761e+01,-3.185894591199999937e+01,-3.392533677200000142e+01,-2.904894774299999938e+01,-4.295313908899999689e+01
1.323661661699999925e+01,-3.628220662100000027e+01,-3.090786365800000013e+01,-3.593443206700000303e+01,-2.906337369099999890e+01,-3.610985264699999675e+01
1.325662662699999927e+01,-3.067651258600000119e+01,-4.179624223100000080e+01,-3.298481063599999885e+01,-3.134967996600000006e+01,-4.625869473200000215e+01
1.327663663699999930e+01,-4.121044802499999804e+01,-3.056522590399999828e+01,-3.142953828299999941e+01,-3.198766599500000041e+01,-5.851814667200000031e+01
1.329664664699999932e+01,-3.410024741899999867e+01,-2.813605264299999931e+01,-3.179967509100000100e+01,-2.760363315400000062e+01,-3.898655967199999850e+01
1.331665665699999934e+01,-3.020397609000000116e+01,-3.179436189400000146e+01,-3.409464940200000171e+01,-3.044594647099999918e+01,-4.023355516899999884e+01
1.333666666699999936e+01,-2.952331710200000003e+01,-3.752929125699999702e+01,-4.556306458099999901e+01,-3.361963341999999955e+01,-4.007084411200000318e+01
1.335667667699999939e+01,-2.990980756800000151e+01,-2.444707604099999898e+01,-2.988522369300000037e+01,-3.045937186700000154e+01,-4.155925485299999877e+01
1.337668668699999941e+01,-3.454497124299999911e+01,-3.574844842200000272e+01,-3.467020999900000078e+01,-4.189902358700000207e+01,-3.529854667299999704e+01
1.339669669699999943e+01,-2.601693390799999861e+01,-4.297391809199999813e+01,-3.202625553099999678e+01,-3.746993341900000019e+01,-3.885530299399999876e+01
1.341670670699999945e+01,-2.622704336600000019e+01,-4.700715792599999787e+01,-3.240457639800000322e+01,-3.755149136600000048e+01,-4.879226073800000307e+01
1.343671671699999948e+01,-3.275459825499999766e+01,-3.490628687299999910e+01,-3.332881999300000331e+01,-3.351725615000000147e+01,-4.715029582900000094e+01
1.345672672699999950e+01,-2.965351529499999828e+01,-3.413294831099999982e+01,-3.512785894000000297e+01,-3.365277514099999934e+01,-4.480450854000000049e+01
1.347673673699999952e+01,-3.116936711500000001e+01,-3.632662908100000010e+01,-2.970267128900000131e+01,-3.257034322999999887e+01,-4.324451491300000328e+01
1.349674674699999954e+01,-3.343537793699999838e+01,-3.408046664999999820e+01,-3.154585781899999830e+01,-4.622743057400000311e+01,-3.471867383899999737e+01
1.351675675699999957e+01,-2.963151963600000016e+01,-4.159250237999999911e+01,-3.121142849499999983e+01,-3.550539546499999943e+01,-3.856185144100000173e+01
1.353676676699999959e+01,-3.248888195100000331e+01,-4.717472179100000318e+01,-3.365809280399999892e+01,-3.469329140400000000e+01,-4.070604936299999821e+01
1.355677677699999961e+01,-2.505613900000000172e+01,-4.141887550500000259e+01,-3.049759829699999969e+01,-3.870197003599999874e+01,-3.538137455100000039e+01
1.357678678699999963e+01,-2.729240569099999902e+01,-4.062459968200000304e+01,-2.955401562000000126e+01,-3.772094419799999798e+01,-4.120001515199999886e+01
1.359679679699999966e+01,-3.324241330699999963e+01,-3.632740046499999664e+01,-2.742351490800000136e+01,-3.301755600900000331e+01,-3.458409731799999776e+01
1.361680680699999968e+01,-3.544771132200000352e+01,-3.773384297500000173e+01,-2.896196424600000086e+01,-3.516195389699999652e+01,-4.136699888599999753e+01
1.363681681699999970e+01,-4.986327217600000239e+01,-3.673317443700000240e+01,-2.838098611399999882e+01,-3.067074812799999961e+01,-3.845961870899999724e+01
1.365682682699999972e+01,-3.996946649600000256e+01,-3.707207453600000235e+01,-2.857298089200000035e+01,-3.548302839299999789e+01,-4.033690461500000168e+01
1.367683683699999975e+01,-3.441517803600000036e+01,-3.577121612300000209e+01,-2.890504897699999987e+01,-3.119111079900000050e+01,-4.005809852099999802e+01
1.369684684699999977e+01,-3.971358536500000014e+01,-3.975824069499999780e+01,-2.782477680899999939e+01,-2.899885386200000070e+01,-3.506899913299999838e+01
1.371685685699999979e+01,-3.377719555200000201e+01,-4.791117556900000096e+01,-2.867778143399999990e+01,-2.931473110199999965e+01,-3.923123739700000101e+01
1.373686686699999981e+01,-3.794224213799999745e+01,-4.117521949199999654e+01,-3.011104756399999971e+01,-2.900029890400000099e+01,-3.810479001000000210e+01
1.375687687699999984e+01,-4.176630931599999741e+01,-3.827913549200000176e+01,-2.824553017999999938e+01,-2.847938468799999967e+01,-3.691708474600000045e+01
1.377688688699999986e+01,-3.739876437099999862e+01,-3.582944725099999772e+01,-2.879878311599999918e+01,-2.723826778200000120e+01,-4.122544642900000156e+01
1.379689689699999988e+01,-3.646928412599999803e+01,-3.684998259599999670e+01,-2.545092797999999945e+01,-3.107575105600000143e+01,-3.859504794099999714e+01
1.381690690699999990e+01,-4.344342614300000349e+01,-3.520430403499999983e+01,-2.637421464099999824e+01,-2.881383448200000075e+01,-4.046203468800000280e+01
1.383691691699999993e+01,-3.939055950499999881e+01,-4.097496134899999731e+01,-2.848858378599999952e+01,-2.947414751999999893e+01,-4.833441371499999661e+01
1.385692692699999995e+01,-3.497966300099999870e+01,-3.279443397499999691e+01,-2.740223734199999939e+01,-2.808614377099999970e+01,-4.564389117900000059e+01
1.387693693699999997e+01,-4.028715993899999859e+01,-3.055566772799999953e+01,-2.806074397800000142e+01,-3.060774857499999868e+01,-4.418572882200000151e+01
1.389694694699999999e+01,-3.990827534000000298e+01,-3.238521891700000310e+01,-2.859113032400000165e+01,-2.873026980999999935e+01,-3.690435781099999701e+01
1.391695695700000002e+01,-4.312555295599999994e+01,-3.205263119499999647e+01,-2.713809143199999951e+01,-2.926610009399999868e+01,-4.118277609900000158e+01
1.393696696700000004e+01,-4.099996469500000273e+01,-3.812076111999999739e+01,-2.714550437799999827e+01,-2.820568388399999904e+01,-3.918351770099999953e+01
1.395697697700000006e+01,-3.897507089599999830e+01,-3.550883387100000022e+01,-2.813075345800000093e+01,-2.740993483500000139e+01,-3.857931715400000172e+01
1.397698698700000008e+01,-2.811671137000000087e+01,-4.874323626500000017e+01,-2.644152204399999917e+01,-2.853321229999999886e+01,-4.787415258800000117e+01
1.399699699700000011e+01,-3.967575161100000258e+01,-3.934008727199999811e+01,-2.825029813000000090e+01,-2.972980344500000172e+01,-4.436381043499999777e+01
1.401700700700000013e+01,-3.640611363499999698e+01,-3.209947220699999804e+01,-2.526242337300000074e+01,-3.081255629500000026e+01,-4.623390718400000310e+01
1.403701701700000015e+01,-3.692028312600000106e+01,-3.245892256700000189e+01,-2.557002056700000026e+01,-3.119096345899999889e+01,-3.718414530100000093e+01
1.405702702700000017e+01,-4.599464596499999658e+01,-3.393490710599999716e+01,-2.754992548599999935e+01,-3.088040904900000072e+01,-4.177882183599999877e+01
1.407703703700000020e+01,-3.625905301200000252e+01,-3.724474303499999905e+01,-2.624464167400000036e+01,-2.920855235799999861e+01,-4.099172167900000119e+01
1.409704704700000022e+01,-3.753870937199999958e+01,-4.456776402900000278e+01,-2.752253341200000136e+01,-3.380963472999999908e+01,-3.380452859399999710e+01
1.411705705700000024e+01,-4.072267301899999836e+01,-3.309569804499999890e+01,-3.083484768900000006e+01,-2.840844360499999866e+01,-4.531131283500000251e+01
1.413706706700000026e+01,-4.311262107000000299e+01,-3.939161205199999927e+01,-2.812615838600000018e+01,-3.606796322999999660e+01,-4.790476977299999817e+01
1.415707707700000029e+01,-2.816516699299999971e+01,-3.093747499199999851e+01,-3.000763561300000148e+01,-3.359075568200000106e+01,-4.480356602799999877e+01
1.417708708700000031e+01,-3.538121998100000098e+01,-3.622687697199999945e+01,-2.720681146600000133e+01,-3.296194823900000159e+01,-3.765828233700000283e+01
1.419709709700000033e+01,-3.947192087599999866e+01,-3.515124625600000030e+01,-2.798127161400000062e+01,-3.478213488699999800e+01,-3.496599592500000142e+01
1.421710710700000035e+01,-4.210233315100000340e+01,-4.681037684300000024e+01,-3.006332897500000101e+01,-3.415324646900000261e+01,-3.774990698100000230e+01
1.423711711700000038e+01,-5.160598168399999963e+01,-3.613849442699999770e+01,-2.596879312500000125e+01,-3.194284400600000140e+01,-3.807721049700000293e+01
1.425712712700000040e+01,-4.178126250599999736e+01,-3.352916182199999895e+01,-2.862420855599999925e+01,-3.975771518599999865e+01,-3.288977083900000054e+01
1.427713713700000042e+01,-5.150770009699999719e+01,-3.765248513899999949e+01,-2.842221848799999862e+01,-4.028615376700000184e+01,-3.214099674799999917e+01
1.429714714700000044e+01,-3.286383874100000213e+01,-3.415181164999999908e+01,-2.790777222999999907e+01,-4.051889446700000263e+01,-3.077481738299999847e+01
1.431715715700000047e+01,-3.963404399899999930e+01,-3.042368998799999957e+01,-2.763184688699999825e+01,-4.162006355199999774e+01,-3.066130636800000175e+01
1.433716716700000049e+01,-4.229840159599999794e+01,-4.565397183799999681e+01,-2.682625309299999827e+01,-3.457981055199999787e+01,-3.307993503400000179e+01
1.435717717700000051e+01,-4.495361668500000007e+01,-3.802316530600000277e+01,-3.028159942299999940e+01,-3.310566952599999979e+01,-3.426223561799999828e+01
1.437718718700000053e+01,-3.442964272999999764e+01,-3.028938146999999859e+01,-3.204243179699999899e+01,-3.633397594800000263e+01,-3.486090347900000097e+01
1.439719719700000056e+01,-3.654713995600000231e+01,-4.253141211900000229e+01,-2.903812147500000052e+01,-3.382411641400000235e+01,-2.896084327699999861e+01
1.441720720700000058e+01,-3.895302559200000303e+01,-4.608168418300000013e+01,-3.077589673800000014e+01,-3.736389674699999830e+01,-3.120554994500000134e+01
1.443721721700000060e+01,-2.578763701400000130e+01,-3.458686843299999936e+01,-2.894553327799999920e+01,-3.894679142399999705e+01,-2.652424751499999900e+01
1.445722722700000062e+01,-3.664111343399999754e+01,-3.834694777899999707e+01,-3.047428952899999999e+01,-3.682635902500000213e+01,-3.026622754399999948e+01
1.447723723700000065e+01,-3.543243109400000179e+01,-4.022721440899999834e+01,-2.837179200199999940e+01,-4.863173443000000162e+01,-3.258871534400000058e+01
1.449724724700000067e+01,-2.797109716599999985e+01,-4.245314725099999720e+01,-2.540770399000000168e+01,-3.504473919800000203e+01,-3.335248807899999690e+01
1.451725725700000069e+01,-3.706204097700000233e+01,-3.933736410699999908e+01,-2.997920405900000063e+01,-4.405916476099999812e+01,-3.472122716999999881e+01
1.453726726700000071e+01,-4.446960950100000076e+01,-3.851283880399999759e+01,-3.043196891899999912e+01,-3.517504990500000162e+01,-4.750901921599999866e+01
1.455727727700000074e+01,-3.695793992299999786e+01,-3.399570521999999784e+01,-2.666129863800000166e+01,-5.436674003400000288e+01,-3.669548543900000226e+01
1.457728728700000076e+01,-4.756073247999999865e+01,-4.353692602499999964e+01,-2.555433589600000133e+01,-4.415712319400000041e+01,-2.960243386499999829e+01
1.459729729700000078e+01,-4.306972654599999828e+01,-3.138958343499999870e+01,-3.254662115899999719e+01,-4.197161315999999687e+01,-3.728498869799999937e+01
1.461730730700000080e+01,-3.501829169100000172e+01,-3.757002345200000093e+01,-2.824518979899999849e+01,-4.420707394400000112e+01,-4.992631410599999953e+01
1.463731731700000083e+01,-4.073374458199999992e+01,-3.642606297300000051e+01,-2.843922523299999838e+01,-4.365617805400000151e+01,-3.697622397699999652e+01
1.465732732700000085e+01,-3.012106252399999917e+01,-3.113921173199999970e+01,-2.578218980400000149e+01,-4.284476742500000057e+01,-3.749976648399999846e+01
1.467733733700000087e+01,-3.860525021899999842e+01,-4.232620584000000008e+01,-2.249179544000000064e+01,-3.304089804800000252e+01,-3.622449145800000281e+01
1.469734734699999912e+01,-3.129730165699999844e+01,-4.003854367499999967e+01,-2.669290994099999992e+01,-3.539568101399999733e+01,-2.956535303600000120e+01
1.471735735699999914e+01,-3.339407226499999837e+01,-3.932179789100000278e+01,-2.783067277700000020e+01,-3.780106495599999761e+01,-2.971034980800000014e+01
1.473736736699999916e+01,-3.585567842700000085e+01,-3.398063778200000229e+01,-2.326136983900000033e+01,-3.206457684800000152e+01,-3.096876482500000094e+01
1.475737737699999919e+01,-3.203669913699999938e+01,-3.216352139100000329e+01,-2.735482541200000028e+01,-3.785043570500000243e+01,-5.087676100000000190e+01
1.477738738699999921e+01,-5.482413617800000338e+01,-3.503272990199999981e+01,-2.251094479500000034e+01,-3.128844368400000064e+01,-4.611329045099999746e+01
1.479739739699999923e+01,-3.052058441200000161e+01,-3.448589052100000174e+01,-2.423402777800000152e+01,-3.351223573699999747e+01,-3.454113304300000209e+01
1.481740740699999925e+01,-2.958347203699999994e+01,-3.125087409500000035e+01,-2.436048616100000075e+01,-3.174654959000000076e+01,-5.068103667399999779e+01
1.483741741699999928e+01,-3.104191016300000072e+01,-3.179991663599999896e+01,-2.154615113799999904e+01,-5.068938877400000109e+01,-2.962014488000000156e+01
1.485742742699999930e+01,-2.865153950199999855e+01,-2.939238280200000020e+01,-2.188625834400000159e+01,-4.011059208999999726e+01,-4.289041216900000109e+01
1.487743743699999932e+01,-4.402870444500000247e+01,-2.951336513400000072e+01,-2.207499405700000139e+01,-4.413146759199999991e+01,-3.468121934900000269e+01
1.489744744699999934e+01,-3.014237799700000053e+01,-4.422274253700000202e+01,-2.264231151299999922e+01,-4.967526535300000035e+01,-3.592606659100000144e+01
1.491745745699999937e+01,-3.342384309700000244e+01,-3.183806446299999848e+01,-2.264454667600000093e+01,-4.243245827599999842e+01,-4.500900785900000045e+01
1.493746746699999939e+01,-4.848373475399999677e+01,-3.251953517399999782e+01,-2.174730158099999855e+01,-3.919484061899999716e+01,-3.348097688099999658e+01
1.495747747699999941e+01,-4.421568424000000164e+01,-3.090051763900000026e+01,-2.083366927300000171e+01,-4.658002082400000177e+01,-3.190896702599999912e+01
1.497748748699999943e+01,-4.908392462399999800e+01,-5.878270636599999932e+01,-2.105857755699999956e+01,-5.575445304400000168e+01,-3.879417980000000199e+01
1.499749749699999946e+01,-2.730120459899999830e+01,-3.877896303400000022e+01,-2.154267753899999960e+01,-5.088404349500000023e+01,-3.450161749899999819e+01
1.501750750799999956e+01,-2.962991372000000112e+01,-3.138007233300000109e+01,-2.156311953000000159e+01,-4.057634850200000187e+01,-4.470277275299999786e+01
1.503751751799999958e+01,-1.977046442600000020e+01,-3.325954538900000301e+01,-2.088317527799999951e+01,-3.277413387200000017e+01,-3.641342559000000279e+01
1.505752752799999961e+01,-3.661671849599999717e+01,-3.294566747700000064e+01,-2.089172730399999978e+01,-3.278422487600000323e+01,-3.538349955099999988e+01
1.507753753799999963e+01,-4.173887838299999942e+01,-3.707531059099999737e+01,-2.018281572400000101e+01,-5.113800414899999680e+01,-3.626841748500000051e+01
1.509754754799999965e+01,-3.765712416800000284e+01,-3.451577754099999851e+01,-2.176388874699999931e+01,-3.429803900999999655e+01,-3.060906293700000091e+01
1.511755755799999967e+01,-3.020131784300000177e+01,-2.969835369999999841e+01,-2.242405637699999943e+01,-3.843655958699999786e+01,-3.367853295399999780e+01
1.513756756799999970e+01,-3.666480950999999777e+01,-3.778392502500000205e+01,-2.343755495699999969e+01,-2.987642663100000107e+01,-3.552271393299999858e+01
1.515757757799999972e+01,-4.151540500200000139e+01,-3.346014230899999831e+01,-2.339359149599999910e+01,-2.915600274699999872e+01,-2.935740030299999859e+01
1.517758758799999974e+01,-3.845417074499999899e+01,-2.279277734900000141e+01,-2.125839143199999981e+01,-3.547666819300000185e+01,-3.327684600399999937e+01
1.519759759799999976e+01,-3.410655664200000103e+01,-3.103050618400000005e+01,-2.533344227899999979e+01,-3.181343484599999982e+01,-3.005892779699999906e+01
1.521760760799999979e+01,-5.852165621399999651e+01,-3.215087517900000336e+01,-2.374288784899999882e+01,-3.477076893000000268e+01,-3.446350922700000297e+01
1.523761761799999981e+01,-3.418456672599999990e+01,-3.992731157299999722e+01,-2.454801670000000158e+01,-3.386064907099999743e+01,-3.144175229500000057e+01
1.525762762799999983e+01,-3.231395325300000110e+01,-3.800733767799999896e+01,-2.788717503799999875e+01,-3.978641355700000304e+01,-2.911900325999999950e+01
1.527763763799999985e+01,-4.192109207200000043e+01,-3.796509933499999789e+01,-2.244594989799999851e+01,-3.554957070399999708e+01,-3.301079549199999974e+01
1.529764764799999988e+01,-3.546144601999999679e+01,-3.164237308699999929e+01,-2.737635312600000148e+01,-4.973888397999999711e+01,-3.544336223300000199e+01
1.531765765799999990e+01,-3.612495144999999752e+01,-3.759150616899999875e+01,-2.702037145899999970e+01,-4.046381322799999936e+01,-2.638464032799999970e+01
1.533766766799999992e+01,-3.253611824299999711e+01,-3.835402694300000093e+01,-2.572085502599999884e+01,-3.886244435999999780e+01,-3.139814336199999900e+01
1.535767767799999994e+01,-4.137899379099999919e+01,-3.183528073200000108e+01,-2.684240876100000150e+01,-3.446652220600000049e+01,-3.414188627400000087e+01
1.537768768799999997e+01,-4.254020782500000308e+01,-3.836950509300000078e+01,-2.661277503000000166e+01,-4.545774344099999809e+01,-3.352124362299999660e+01
1.539769769799999999e+01,-2.835140029700000142e+01,-4.312473161599999827e+01,-2.606482207499999859e+01,-3.762349773199999703e+01,-3.538602950599999986e+01
1.541770770800000001e+01,-4.704593191800000085e+01,-3.788747355000000283e+01,-2.938618423200000151e+01,-4.396648210899999754e+01,-3.247191913000000341e+01
1.543771771800000003e+01,-3.184011536699999922e+01,-3.613508528300000222e+01,-2.905812254800000005e+01,-3.677366226699999885e+01,-3.216699366299999951e+01
1.545772772800000006e+01,-3.280295807800000318e+01,-4.041116054100000099e+01,-2.859590299199999919e+01,-4.592367460700000237e+01,-3.494144094400000000e+01
1.547773773800000008e+01,-5.846601327999999853e+01,-3.308456804699999765e+01,-2.808968580000000159e+01,-3.896489163900000108e+01,-2.760323158599999971e+01
1.549774774800000010e+01,-3.909516618600000015e+01,-3.690675540400000187e+01,-2.855263227100000023e+01,-4.566537478000000050e+01,-3.865640456399999891e+01
1.551775775800000012e+01,-3.888419122999999900e+01,-3.976343554900000044e+01,-2.603340716399999977e+01,-4.004521670799999811e+01,-3.540045787199999694e+01
1.553776776800000015e+01,-3.917250031199999682e+01,-2.624262128200000177e+01,-2.885445444799999848e+01,-4.524276156399999849e+01,-3.746031568499999764e+01
1.555777777800000017e+01,-2.947139772599999930e+01,-3.555258341300000069e+01,-2.807040335700000000e+01,-4.841584310599999696e+01,-3.413139621300000215e+01
1.557778778800000019e+01,-3.434547646299999712e+01,-3.379800257499999816e+01,-2.896481676599999844e+01,-3.650357091499999740e+01,-2.959322313099999846e+01
1.559779779800000021e+01,-2.860341241400000101e+01,-4.123185540600000110e+01,-2.968149945800000111e+01,-3.422103447300000312e+01,-4.073683230200000338e+01
1.561780780800000024e+01,-3.385678334199999995e+01,-3.087812245699999991e+01,-2.749388869599999907e+01,-3.702887623499999847e+01,-3.235062909799999886e+01
1.563781781800000026e+01,-3.922790403300000150e+01,-3.750397943499999798e+01,-2.634800519099999860e+01,-3.416720123500000028e+01,-2.909261175600000016e+01
1.565782782800000028e+01,-3.505321670699999714e+01,-4.550261264099999892e+01,-2.578935999500000165e+01,-3.906912295099999710e+01,-3.117023004300000011e+01
1.567783783800000030e+01,-2.969562626300000119e+01,-4.635192334900000333e+01,-2.571393623299999831e+01,-4.246424564099999799e+01,-3.164509845899999974e+01
1.569784784800000033e+01,-2.899776840499999864e+01,-4.050099016899999782e+01,-2.559761972200000102e+01,-4.300333519499999824e+01,-2.523488786800000128e+01
1.571785785800000035e+01,-3.367645352000000258e+01,-3.519302078199999784e+01,-2.518865788400000127e+01,-3.637699453700000163e+01,-2.898698351399999851e+01
1.573786786800000037e+01,-4.171198282000000290e+01,-3.260269660600000208e+01,-2.444666851699999910e+01,-3.600031637899999737e+01,-2.989356383499999836e+01
1.575787787800000039e+01,-3.679286745200000297e+01,-2.914584483899999867e+01,-2.531676132000000123e+01,-3.174418665399999995e+01,-3.161135171900000174e+01
1.577788788800000042e+01,-4.127533813899999871e+01,-4.022375678000000221e+01,-2.641062950899999962e+01,-4.074623073499999748e+01,-3.309475711300000000e+01
1.579789789800000044e+01,-2.869275169599999842e+01,-2.528739055899999855e+01,-2.401922345499999878e+01,-3.515363294899999858e+01,-2.845613737300000068e+01
1.581790790800000046e+01,-3.747083627399999983e+01,-3.351510496200000233e+01,-2.450404970199999966e+01,-3.090376437700000167e+01,-2.759550281699999985e+01
1.583791791800000048e+01,-4.029332470699999647e+01,-3.037507121000000154e+01,-2.549696914200000109e+01,-3.900171749799999787e+01,-2.847964105699999848e+01
1.585792792800000051e+01,-3.027818479100000104e+01,-3.562783621700000225e+01,-2.236505352100000010e+01,-3.496730814400000042e+01,-3.206565417099999848e+01
1.587793793800000053e+01,-3.486162372700000134e+01,-3.748125505200000163e+01,-2.681746412800000101e+01,-3.447369777400000146e+01,-2.795736577699999970e+01
1.589794794800000055e+01,-3.073775564700000018e+01,-4.231227089000000063e+01,-2.545694544399999870e+01,-3.172510092899999989e+01,-2.688126781300000090e+01
1.591795795800000057e+01,-4.659155784200000028e+01,-4.978576019500000172e+01,-3.512401633000000345e+01,-2.728929690300000033e+01,-2.528668044100000145e+01
1.593796796800000060e+01,-3.792923578199999923e+01,-3.233162898900000215e+01,-2.362992867799999885e+01,-3.758816571100000203e+01,-2.423445180899999940e+01
1.595797797800000062e+01,-3.118395260000000135e+01,-4.681299590599999760e+01,-2.443976980600000104e+01,-4.143800569999999794e+01,-2.739447722299999910e+01
1.597798798800000064e+01,-3.049161149600000087e+01,-3.428064813000000299e+01,-2.312950347700000009e+01,-2.705503173700000019e+01,-2.999287230099999846e+01
1.599799799800000066e+01,-2.982192459699999887e+01,-2.816552289599999881e+01,-2.064309773900000167e+01,-3.098937072900000089e+01,-2.709781050699999838e+01
1.601800800799999891e+01,-2.441345767299999991e+01,-2.980919155400000164e+01,-2.279554515099999890e+01,-3.840982366099999723e+01,-2.686991809899999950e+01
1.603801801799999893e+01,-2.569294200599999911e+01,-2.977017779699999878e+01,-2.066967381799999970e+01,-3.620129510200000311e+01,-2.902043874299999970e+01
1.605802802799999895e+01,-3.823460935899999669e+01,-3.916073715299999947e+01,-2.243566160900000028e+01,-4.191849152799999700e+01,-2.708354531199999826e+01
1.607803803799999898e+01,-2.987209588300000007e+01,-3.136427082000000155e+01,-2.242860729399999897e+01,-3.158576835099999869e+01,-2.768431672099999830e+01
1.609804804799999900e+01,-3.314120240199999756e+01,-2.514391328299999984e+01,-2.128807223700000151e+01,-3.459791851699999654e+01,-2.730893067499999916e+01
1.611805805799999902e+01,-3.088233849899999939e+01,-3.482944155300000233e+01,-2.391817568600000143e+01,-3.168207959000000074e+01,-2.704542976000000110e+01
1.613806806799999904e+01,-3.213348336100000324e+01,-3.280070626500000230e+01,-2.509643304400000119e+01,-4.246701705299999929e+01,-3.128808919900000163e+01
1.615807807799999907e+01,-2.437207995099999991e+01,-3.158301542399999917e+01,-2.224913591900000043e+01,-2.896822998400000060e+01,-3.526142599799999999e+01
1.617808808799999909e+01,-2.502864607500000105e+01,-3.978401132799999829e+01,-2.832241726000000170e+01,-2.950984357900000177e+01,-3.297627892900000290e+01
1.619809809799999911e+01,-2.095959789999999856e+01,-3.146701876499999884e+01,-2.578356289399999923e+01,-3.021833776200000088e+01,-3.779263416900000294e+01
1.621810810799999913e+01,-1.466737156499999983e+01,-3.406833868100000018e+01,-2.306111606300000005e+01,-2.936847674299999866e+01,-2.730027571999999836e+01
1.623811811799999916e+01,-3.282360752499999990e+01,-3.541991279599999842e+01,-2.544664331399999924e+01,-2.985828502200000045e+01,-4.067565563000000139e+01
1.625812812799999918e+01,-2.806470242900000045e+01,-2.543296184800000148e+01,-2.289198827799999947e+01,-3.700808753599999790e+01,-2.999375051199999831e+01
1.627813813799999920e+01,-3.124077280799999912e+01,-4.718068546399999974e+01,-2.852972008700000117e+01,-3.058176946200000046e+01,-3.365081980699999775e+01
1.629814814799999922e+01,-2.601354711600000158e+01,-2.536733171499999884e+01,-2.733924728099999868e+01,-3.282420731700000260e+01,-3.220546775500000081e+01
1.631815815799999925e+01,-3.612111379499999941e+01,-2.889569724200000067e+01,-2.581047770600000035e+01,-3.190992968100000127e+01,-2.435524728700000097e+01
1.633816816799999927e+01,-2.835136938300000153e+01,-3.221075656299999679e+01,-2.933710819099999867e+01,-3.026916431300000099e+01,-3.564341906300000318e+01
1.635817817799999929e+01,-3.042694038999999862e+01,-2.744856134000000125e+01,-2.811855326199999894e+01,-3.349754130800000240e+01,-3.674482031400000182e+01
1.637818818799999931e+01,-2.529956630799999928e+01,-3.464001946799999843e+01,-2.680621331900000115e+01,-3.161294801100000029e+01,-3.055678657800000053e+01
1.639819819799999934e+01,-2.724018475600000144e+01,-3.025177615999999858e+01,-2.799145868300000117e+01,-2.850820295700000173e+01,-3.451242663699999724e+01
1.641820820799999936e+01,-2.795169129299999966e+01,-4.173634021299999830e+01,-2.991868048399999935e+01,-3.680152834300000109e+01,-3.074520213599999963e+01
1.643821821799999938e+01,-2.895637845399999932e+01,-3.332544953200000037e+01,-2.638869658899999848e+01,-4.121017014400000278e+01,-2.514669884399999944e+01
1.645822822799999940e+01,-1.661828526300000064e+01,-3.151695203399999912e+01,-2.973395612899999918e+01,-3.555002384000000148e+01,-2.499680822499999877e+01
1.647823823799999943e+01,-3.105158594399999927e+01,-4.389129788399999654e+01,-3.094767953499999891e+01,-2.921401326399999832e+01,-4.088684857199999811e+01
1.649824824799999945e+01,-3.660296082200000001e+01,-4.898739814999999709e+01,-2.735378904399999911e+01,-3.261271798100000296e+01,-3.162013410300000160e+01
1.651825825799999947e+01,-2.866571583500000031e+01,-3.293324621200000024e+01,-2.656021678000000108e+01,-3.101806540600000162e+01,-2.689028123199999953e+01
1.653826826799999949e+01,-2.759824985399999875e+01,-2.575921359599999860e+01,-2.965392412299999947e+01,-3.861419294899999954e+01,-2.419215981700000029e+01
1.655827827799999952e+01,-3.311894816299999889e+01,-2.889935292999999916e+01,-2.951608540599999841e+01,-3.656678220300000248e+01,-3.048055293299999846e+01
1.657828828799999954e+01,-1.786699836700000077e+01,-4.161432009399999998e+01,-2.627195149399999963e+01,-4.134407393000000042e+01,-2.770285124000000110e+01
1.659829829799999956e+01,-2.317226816700000136e-01,-2.647698908499999959e+01,-3.370885956600000100e+01,-3.398320234999999911e+01,-2.444803773499999977e+01
1.661830830799999958e+01,-3.542712449599999758e+01,-3.285850043100000306e+01,-2.574462936400000146e+01,-3.683573427700000025e+01,-2.885163860300000138e+01
1.663831831799999961e+01,-2.540783079499999886e+01,-2.873754143600000077e+01,-2.932674296700000127e+01,-3.059671654699999976e+01,-3.403977358600000258e+01
1.665832832799999963e+01,-2.872347702300000094e+01,-1.959399895099999966e+01,-2.297960546699999895e+01,-3.182856659100000130e+01,-2.699645819199999863e+01
1.667833833799999965e+01,-2.919817152699999951e+01,-5.260431786299999857e+01,-2.750570715499999963e+01,-3.881263699299999814e+01,-2.646829410300000163e+01
1.669834834799999967e+01,-2.919979922899999991e+01,-2.645999309600000160e+01,-2.795934769899999850e+01,-3.142546676699999963e+01,-2.981804480499999954e+01
1.671835835799999970e+01,-3.237661165299999766e+01,-3.112475882400000060e+01,-2.723623982299999824e+01,-2.968639291599999908e+01,-3.234746155100000209e+01
1.673836836799999972e+01,-3.091928070699999864e+01,-4.547330016000000086e+01,-2.806093052800000009e+01,-2.932180935599999927e+01,-2.804584152700000033e+01
1.675837837799999974e+01,-2.268899182699999884e+01,-3.288033449899999994e+01,-2.690093612500000120e+01,-3.108656954599999978e+01,-3.177224052200000060e+01
1.677838838799999976e+01,-3.626033071900000238e+01,-3.160438824499999910e+01,-2.478682608000000087e+01,-2.954830760200000128e+01,-2.726582944999999825e+01
1.679839839799999979e+01,-3.026807765699999919e+01,-1.097165974099999985e+01,-2.396102658199999880e+01,-3.141441673199999940e+01,-3.223034189500000224e+01
1.681840840799999981e+01,-2.866566638999999839e+01,-3.515702575899999971e+01,-2.603007311400000034e+01,-3.237600305400000167e+01,-3.460117660400000261e+01
1.683841841799999983e+01,-2.283761107899999843e+01,-3.015726648300000079e+01,-2.521966198200000164e+01,-2.674355499500000022e+01,-2.955393765799999883e+01
1.685842842799999985e+01,-1.859276935999999836e+01,-3.503314064199999933e+01,-2.392290339399999866e+01,-2.852332408699999888e+01,-2.719333604099999846e+01
1.687843843799999988e+01,-2.313051333700000001e+01,-3.386257090099999800e+01,-2.600059022299999967e+01,-3.514560611000000279e+01,-2.764547820900000019e+01
1.689844844799999990e+01,-3.399042439200000132e+01,-2.964458832400000077e+01,-2.575426358700000051e+01,-2.719558984700000082e+01,-3.267866493799999716e+01
1.691845845799999992e+01,-2.534374465100000151e+01,-3.876749585000000309e+01,-2.560260060199999899e+01,-2.790567018300000157e+01,-3.564567983300000265e+01
1.693846846799999994e+01,-2.179150423200000120e+01,-5.351765128400000293e+01,-2.471475548300000113e+01,-2.629377061499999968e+01,-3.569356686799999778e+01
1.695847847799999997e+01,-3.191503771200000017e+01,-3.182075112800000127e+01,-2.824793208699999880e+01,-2.824685908900000086e+01,-2.591308683300000126e+01
1.697848848799999999e+01,-2.803692841699999860e+01,-3.266753298199999733e+01,-2.596266500200000138e+01,-3.222461752099999899e+01,-3.524373277800000182e+01
1.699849849800000001e+01,-3.246994830700000279e+01,-3.375581674699999724e+01,-2.730285870200000176e+01,-2.688617283199999974e+01,-4.301222036600000109e+01
1.701850850900000012e+01,-2.463054256599999903e+01,-4.590363760999999698e+01,-2.457626220899999936e+01,-3.304137066100000197e+01,-3.555050258400000018e+01
1.703851851900000014e+01,-2.847878781700000062e+01,-2.347371551899999886e+01,-2.207465912099999983e+01,-3.081617490200000020e+01,-3.093490874700000148e+01
1.705852852900000016e+01,-4.427238814999999761e+01,-2.698498754699999935e+01,-2.703983748399999953e+01,-2.940699520100000086e+01,-3.108575714699999892e+01
1.707853853900000018e+01,-3.523263667500000196e+01,-2.863159483000000094e+01,-2.359616397699999979e+01,-2.963694986400000175e+01,-3.243464460599999910e+01
1.709854854900000021e+01,-3.513516827699999823e+01,-3.038956117200000051e+01,-2.696272795799999855e+01,-2.582714574699999943e+01,-3.514492228099999949e+01
1.711855855900000023e+01,-3.700183527899999802e+01,-3.773936955399999960e+01,-3.676150442099999793e+01,-2.972558747000000068e+01,-2.570110718100000113e+01
1.713856856900000025e+01,-5.675456159899999875e+01,-3.475389201800000194e+01,-2.835764475599999912e+01,-2.978903320499999907e+01,-3.103913277299999862e+01
1.715857857900000027e+01,-4.093892400899999728e+01,-3.515187880100000228e+01,-1.870674598700000146e+01,-2.548253003800000016e+01,-3.691045807100000076e+01
1.717858858900000030e+01,-4.329794538299999829e+01,-3.496385192300000000e+01,-2.810880622299999843e+01,-3.250855810600000240e+01,-2.217606699999999975e+01
1.719859859900000032e+01,-5.414895906999999653e+01,-3.315244039600000292e+01,-2.652726790499999865e+01,-2.336641988999999953e+01,-3.297929785099999833e+01
1.721860860900000034e+01,-3.159361675199999908e+01,-3.330454767900000235e+01,-2.567399465900000166e+01,-2.756010609300000169e+01,-3.656835806499999819e+01
1.723861861900000036e+01,-3.093897051200000092e+01,-3.383342243799999949e+01,-2.536516444600000142e+01,-3.064574166199999894e+01,-2.762156479400000109e+01
1.725862862900000039e+01,-3.184432663400000152e+01,-3.833477354099999701e+01,-2.517036286900000164e+01,-3.201695070299999912e+01,-3.324618300200000220e+01
1.727863863900000041e+01,-3.218793752100000205e+01,-3.549844424500000173e+01,-2.412400899600000059e+01,-2.477885249699999903e+01,-3.044981758999999855e+01
1.729864864900000043e+01,-3.537315130900000071e+01,-4.351529370699999788e+01,-2.694633702400000175e+01,-4.048454305100000283e+01,-2.675971901000000130e+01
1.731865865900000045e+01,-3.179936120400000021e+01,-3.051620055800000131e+01,-2.451612649799999843e+01,-3.503293383700000163e+01,-1.736684670800000063e+01
1.733866866900000048e+01,-4.757940172899999709e+01,-4.865064848099999750e+01,-2.639963361699999922e+01,-2.523265092800000176e+01,-2.879954925499999874e+01
1.735867867900000050e+01,-4.704890679599999714e+01,-3.741714718499999748e+01,-2.402573346699999846e+01,-3.453436831700000198e+01,-4.472598218200000275e+01
1.737868868900000052e+01,-3.506092889500000354e+01,-2.916866866799999869e+01,-2.528667857499999982e+01,-3.191218738599999938e+01,-4.975616592699999785e+01
1.739869869900000054e+01,-3.202113224099999655e+01,-3.747022605400000117e+01,-2.514907194099999899e+01,-2.993076460700000041e+01,-3.449194120300000321e+01
1.741870870900000057e+01,-3.491791609399999885e+01,-2.593408022099999855e+01,-2.667804096600000108e+01,-2.649270123499999841e+01,-2.397516518700000177e+01
1.743871871900000059e+01,-4.086428122400000262e+01,-2.961364148499999871e+01,-2.727444774299999963e+01,-3.378841885500000330e+01,-4.000647556399999871e+01
1.745872872900000061e+01,-3.206107241000000130e+01,-3.705167213800000070e+01,-2.553344139300000037e+01,-3.275506446100000346e+01,-3.683756219100000351e+01
1.747873873900000063e+01,-3.547908694200000213e+01,-3.193035559599999829e+01,-2.950547776799999866e+01,-2.775019751199999973e+01,-2.689947901500000071e+01
1.749874874900000066e+01,-2.696519715599999856e+01,-2.826847176300000086e+01,-2.745285016300000080e+01,-3.487693007800000089e+01,-2.336873615700000073e+01
1.751875875900000068e+01,-3.874802151099999747e+01,-2.610970660399999943e+01,-2.874660259999999923e+01,-3.559968060700000336e+01,-4.614866907999999768e+01
1.753876876900000070e+01,-3.218047443100000038e+01,-3.616242124299999716e+01,-3.153527020399999969e+01,-3.027427563000000177e+01,-1.949685890900000018e+01
1.755877877900000072e+01,-3.725231188600000110e+01,-3.458723914299999791e+01,-3.766419366699999927e+01,-3.446931442999999717e+01,-3.338179910299999875e+01
1.757878878900000075e+01,-3.377601512599999722e+01,-2.723728646600000047e+01,-2.242073921000000070e+01,-2.372417114399999960e+01,-4.383808088400000003e+01
1.759879879900000077e+01,-3.825467895199999901e+01,-3.451535485099999789e+01,-3.024037354200000038e+01,-2.816986178999999879e+01,-3.043115486299999972e+01
1.761880880900000079e+01,-1.954948172699999986e+01,-2.911042266500000153e+01,-3.021890158000000071e+01,-3.340081080299999883e+01,-2.446244085300000037e+01
1.763881881900000081e+01,-3.821537620099999799e+01,-2.903863787399999907e+01,-2.622316636700000103e+01,-3.090029648200000167e+01,-3.951320689399999964e+01
1.765882882900000084e+01,-3.904135086499999829e+01,-2.909294884399999859e+01,-2.912879703999999847e+01,-3.024788487000000003e+01,-3.312481688399999769e+01
1.767883883900000086e+01,-2.769777215099999879e+01,-3.533463135699999924e+01,-2.651625652299999913e+01,-3.587390252499999832e+01,-4.172557700899999844e+01
1.769884884900000088e+01,-3.888810145200000079e+01,-3.333491340300000161e+01,-3.816504724899999701e+01,-2.700618106199999957e+01,-2.775251126999999940e+01
1.771885885900000090e+01,-4.164640453999999892e+01,-3.028476093900000166e+01,-3.256965849200000207e+01,-2.324323935299999988e+01,-1.745268835599999946e+01
1.773886886900000093e+01,-2.244895396900000151e+01,-3.176924564899999837e+01,-2.547266448099999891e+01,-3.188562420899999950e+01,-3.102265654500000025e+01
1.775887887900000095e+01,-4.841118537700000246e+01,-2.803743834200000151e+01,-3.883198173099999906e+01,-2.293956417600000108e+01,-3.782845901299999980e+01
1.777888888900000097e+01,-3.480366688699999855e+01,-3.014185230100000012e+01,-3.050858910099999832e+01,-2.989617619599999898e+01,-3.328212131200000101e+01
1.779889889900000099e+01,-3.346056549499999733e+01,-2.990277954400000127e+01,-1.482303259500000081e+01,-2.743569555299999863e+01,-1.569547526000000026e+01
1.781890890900000102e+01,-3.592688786299999748e+01,-3.322608641600000112e+01,-3.061281012499999932e+01,-2.869995502200000104e+01,-3.766930731200000082e+01
1.783891891900000104e+01,-4.191463602000000321e+01,-3.006526621400000110e+01,-2.887169152999999966e+01,-2.673683713999999867e+01,-3.893926818399999945e+01
1.785892892900000106e+01,-2.960657630500000081e+01,-2.931883286900000130e+01,-3.285192072200000268e+01,-2.697231189400000062e+01,-2.488120451900000063e+01
1.787893893900000108e+01,-4.632479475899999954e+01,-3.147438839300000168e+01,-2.447672797399999922e+01,-3.083533865500000104e+01,-2.855948044499999838e+01
1.789894894900000111e+01,-2.367627134600000005e+01,-2.973990104900000020e+01,-2.376377109299999901e+01,-3.099967151699999945e+01,-2.898562946699999898e+01
1.791895895900000113e+01,-4.008161019599999975e+01,-2.808030492500000008e+01,-2.425573217000000170e+01,-2.129099792499999921e+01,-2.678902601700000119e+01
1.793896896900000115e+01,-3.806484888300000335e+01,-2.725390027399999937e+01,2.542429658700000150e+00,4.783917435300000243e+00,-2.413471596899999838e+01
1.795897897900000117e+01,-3.106005568499999825e+01,-2.968172005299999938e+01,-3.036350095999999965e+01,-4.928517108199999797e+01,-3.099605544299999949e+01
1.797898898900000120e+01,-3.486324736099999910e+01,-2.326884872100000123e+01,-2.549556187700000009e+01,-2.510498302599999931e+01,-2.721871073100000160e+01
1.799899899900000122e+01,-4.059166541199999756e+01,-2.838292098300000177e+01,-1.578123156100000024e+01,-2.685808916699999926e+01,-2.169352888399999912e+01
1.801900900900000124e+01,-4.091725702299999767e+01,-3.179599728799999880e+01,-3.360163791200000105e+01,-1.980327972099999911e+01,-2.886458779000000163e+01
1.803901901900000126e+01,-3.722168804999999736e+01,-3.335902299199999987e+01,-2.742337996599999883e+01,-3.293895717699999892e+01,-3.000819639399999872e+01
1.805902902900000129e+01,-3.687396124499999672e+01,-2.549956997800000025e+01,-3.674893531200000041e+01,-2.564874689299999844e+01,-3.871729766100000347e+01
1.807903903900000131e+01,-4.130053617699999791e+01,-5.166937219500000111e+01,-2.189676427399999881e+01,-3.107827243599999889e+01,-3.176000972599999983e+01
1.809904904900000133e+01,-3.896744185600000066e+01,-2.410827031599999870e+01,-2.484127388799999991e+01,-2.437607827300000096e+01,-3.233428549900000348e+01
1.811905905900000135e+01,-3.987554558099999724e+01,-2.037012797599999914e+01,-3.011107527500000103e+01,-3.988003230999999715e+01,-2.107435992999999996e+01
1.813906906900000138e+01,-3.793946831699999933e+01,-3.196581510800000103e+01,-3.145422476699999947e+01,-3.990015286399999894e+01,-2.351324916900000161e+01
1.815907907900000140e+01,-2.847199982200000079e+01,-3.168411398599999984e+01,-2.702861386700000068e+01,-2.618188921599999830e+01,-3.307294776599999864e+01
1.817908908900000142e+01,-3.700311675799999733e+01,-3.751204660199999807e+01,-2.557387825800000059e+01,-3.208114796899999988e+01,-3.830308272700000316e+01
1.819909909900000144e+01,-4.116544715399999887e+01,-2.858446467299999938e+01,-2.303438566699999868e+01,-2.746450722999999883e+01,-2.225667753999999832e+01
1.821910910900000147e+01,-3.584734072900000257e+01,-3.792117829099999682e+01,-2.500243930799999958e+01,-2.630538518299999851e+01,-3.895245496599999768e+01
1.823911911900000149e+01,-4.406796886299999727e+01,-3.230716437000000241e+01,-2.600460076299999912e+01,-3.465897137000000328e+01,-4.552334848099999931e+01
1.825912912900000151e+01,-4.245442786600000318e+01,-3.721991694599999789e+01,-2.708000661599999859e+01,-3.327164301900000254e+01,-2.464318500999999983e+01
1.827913913900000153e+01,-4.648218835899999846e+01,-2.973426289200000028e+01,-3.313940953899999897e+01,-3.867933115200000316e+01,-4.208969214700000094e+01
1.829914914900000156e+01,-4.500809101800000178e+01,-2.751315838900000088e+01,-3.388714794599999891e+01,-3.305360319700000105e+01,-4.899664524100000307e+01
1.831915915900000158e+01,-1.918741977099999829e+01,-4.604998353799999933e+01,-3.416010906199999653e+01,-3.421314011300000146e+01,-2.686073539799999921e+01
1.833916916900000160e+01,-3.794797071200000005e+01,-1.965358733700000116e+01,-3.367093691400000210e+01,-2.091844649700000147e+01,-3.554872444800000153e+01
1.835917917900000162e+01,-2.717942383100000114e+01,-1.898544370600000164e+01,-1.136370938499999994e+01,-1.672991386100000000e+01,-1.591938513200000038e+01
1.837918918900000165e+01,-4.457954660600000096e+01,-3.236403329800000250e+01,-2.786030764599999898e+01,-3.358176491300000066e+01,-3.473658617699999951e+01
1.839919919900000167e+01,-4.639640598300000107e+01,-3.267184332400000102e+01,-2.985827210000000065e+01,-2.362324859900000007e+01,-4.558876925799999924e+01
1.841920920900000169e+01,-2.716702871700000088e+01,-2.355844855899999857e+01,-2.438407806800000088e+01,-2.044401273800000141e+01,-2.645852945500000075e+01
1.843921921900000171e+01,-3.098073340299999856e+01,-3.525220892299999775e+01,-2.688423912300000040e+01,-3.037160753099999866e+01,-4.099857111400000065e+01
1.845922922900000174e+01,-3.460743452199999837e+01,-3.046698739099999997e+01,-2.683010848199999998e+01,-3.527804291500000033e+01,-2.815602728800000065e+01
1.847923923900000176e+01,-5.102468271299999714e+01,-3.461414252200000163e+01,-1.894716291800000008e+01,-1.707987543200000147e+01,-1.822936662700000099e+01
1.849924924899999823e+01,-5.383955523499999885e+01,-3.211173725100000098e+01,-3.148006278700000138e+01,-2.355870342300000075e+01,-3.240823593700000060e+01
1.851925925899999825e+01,-3.636608827399999910e+01,-3.796548162100000212e+01,-3.454832078700000153e+01,-3.222044481399999682e+01,-3.111931145200000159e+01
1.853926926899999827e+01,-3.386794338899999701e+01,-3.087877390199999894e+01,-1.869132967099999831e+01,-2.141785024900000067e+01,-2.356602538899999999e+01
1.855927927899999830e+01,-5.066910406400000255e+01,-3.477269487899999945e+01,-2.792088409000000127e+01,-2.598188088999999934e+01,-2.756089594099999829e+01
1.857928928899999832e+01,-3.613371542699999850e+01,-3.908318055200000174e+01,-2.830044981400000026e+01,-3.043134179999999844e+01,-2.842406745599999951e+01
1.859929929899999834e+01,-2.520581973199999837e+01,-3.823217225700000199e+01,-3.224737750199999908e+01,-3.735741803399999839e+01,-2.087540304899999910e+01
1.861930930899999836e+01,-2.937466571799999926e+01,-3.346328399899999795e+01,-3.328452549000000005e+01,-3.376961220700000155e+01,-4.149559291100000280e+01
1.863931931899999839e+01,-3.443233419399999917e+01,-3.042216024300000043e+01,-2.850539856099999980e+01,-3.079940207199999946e+01,-2.913392643099999901e+01
1.865932932899999841e+01,-4.095387312300000104e+01,-2.896238283499999966e+01,-2.251513571499999955e+01,-3.169318643400000113e+01,-3.051292608500000014e+01
1.867933933899999843e+01,-3.580905878099999740e+01,-3.305086225099999808e+01,-2.212259845999999897e+01,-2.754416688499999921e+01,-2.301555026300000151e+01
1.869934934899999845e+01,-4.370009807000000279e+01,-3.954631484400000119e+01,-3.064841055000000125e+01,-2.218425015800000111e+01,-3.531297721800000033e+01
1.871935935899999848e+01,-2.895639111999999926e+01,-3.341168170899999978e+01,-2.955477417599999868e+01,-1.526248977000000018e+01,-3.704693877399999735e+01
1.873936936899999850e+01,-2.100295476599999844e+01,-3.417010737199999681e+01,-3.006214153100000175e+01,-2.625022551200000009e+01,-4.513362575600000071e+01
1.875937937899999852e+01,-4.233668657199999785e+01,-4.140136779800000255e+01,-3.305697922200000249e+01,-2.456776799100000019e+01,-2.757575633500000123e+01
1.877938938899999854e+01,-4.320484108800000200e+01,-4.115670690900000039e+01,-3.182372531300000063e+01,-2.878432770399999896e+01,-3.057634377500000156e+01
1.879939939899999857e+01,-1.996680132699999888e+01,-1.815586754299999939e+01,-3.553310168000000147e+01,-2.688134816899999890e+01,-2.193107793400000105e+01
1.881940940899999859e+01,-4.377355572100000103e+01,-4.224363815200000261e+01,-3.293989340899999974e+01,-3.545755254099999831e+01,-3.519968731200000178e+01
1.883941941899999861e+01,-4.762952302699999763e+01,-4.416149003999999678e+01,-2.276769805800000057e+01,-2.750154271999999978e+01,-3.839724977899999914e+01
1.885942942899999863e+01,-3.079139566199999933e+01,-4.067998813100000177e+01,-2.242958865499999987e+01,-2.841840545499999848e+01,-3.654854221299999750e+01
1.887943943899999866e+01,-4.229206437100000215e+01,-2.546761979900000128e+01,-2.796194029700000172e+01,-1.768203246499999892e+01,-2.667896204299999852e+01
1.889944944899999868e+01,-3.611663060099999711e+01,-3.329132708000000207e+01,-3.382997911999999729e+01,-3.265997804100000224e+01,-3.668358184400000255e+01
1.891945945899999870e+01,-2.964195642199999980e+01,-3.252914498599999860e+01,-2.378403604300000040e+01,-2.820843745100000177e+01,-4.594351735800000114e+01
1.893946946899999872e+01,-4.273329427800000246e+01,-4.988605369900000142e+01,-3.139247778500000052e+01,-2.864226079699999872e+01,-3.177671933899999956e+01
1.895947947899999875e+01,-3.518031502499999874e+01,-3.512974753900000024e+01,-2.749375484999999841e+01,-3.052110778600000174e+01,-4.439371456599999988e+01
1.897948948899999877e+01,-2.169233041500000070e+01,-1.505770810499999968e+01,-1.833931415500000028e+01,-2.774959724100000003e+01,-2.085614578199999869e+01
1.899949949899999879e+01,-3.368133406799999818e+01,-6.140343696000000051e+01,-3.822027645699999709e+01,-2.931017663500000126e+01,-3.380210577599999766e+01
1.901950950999999890e+01,-4.086348329599999829e+01,-3.793799613299999862e+01,-2.562639224500000168e+01,-4.129097236700000195e+01,-3.152963540300000034e+01
1.903951951999999892e+01,-2.979765873499999884e+01,-2.307109136300000074e+01,-1.564130813200000070e+01,-2.037216677700000034e+01,-2.155479213099999924e+01
1.905952952999999894e+01,-4.427857649599999945e+01,-3.929909776400000254e+01,-3.517678503700000192e+01,-2.841826971000000057e+01,-4.353684214100000105e+01
1.907953953999999896e+01,-3.132689172899999974e+01,-3.249012529099999824e+01,-2.510258938599999823e+01,-1.611089965000000035e+01,-2.807447193499999827e+01
1.909954954999999899e+01,-3.594408629099999786e+01,-2.753940498000000048e+01,-1.606177746999999911e+01,-2.577963711499999988e+01,-8.525808626699999948e+00
1.911955955999999901e+01,-4.532987131499999833e+01,-5.370792687499999829e+01,-3.139621363999999915e+01,-6.167325223600000328e+01,-4.602757029100000352e+01
1.913956956999999903e+01,-2.725999570600000155e+01,-2.438595613000000029e+01,-2.941409898599999906e+01,-2.961260389299999929e+01,-2.483069494600000127e+01
1.915957957999999905e+01,-3.083695853700000100e+01,-4.416935364199999725e+01,-3.032316034600000165e+01,-3.050236453699999828e+01,-4.039894698500000203e+01
1.917958958999999908e+01,-3.384010093700000255e+01,-3.544608852500000040e+01,-2.511761568000000011e+01,-3.549623305600000123e+01,-3.592349594299999893e+01
1.919959959999999910e+01,-3.106771695000000122e+01,-2.679244308799999885e+01,-2.640518999200000039e+01,-2.307620761700000145e+01,-1.911740825000000044e+01
1.921960960999999912e+01,-3.655433534299999820e+01,-3.869009486899999928e+01,-3.072302111600000174e+01,-3.535929484399999723e+01,-2.999332985299999876e+01
1.923961961999999914e+01,-3.505330682400000342e+01,-5.480713178300000266e+01,-3.270473581400000285e+01,-3.734442307100000136e+01,-3.088753973400000064e+01
1.925962962999999917e+01,-2.160512937900000097e+01,-3.405430679900000257e+01,-3.540033430900000155e+01,-3.445519892800000150e+01,-5.504887056199999762e+01
1.927963963999999919e+01,-6.583099804200000449e+01,-4.902457966099999709e+01,-2.636440718700000119e+01,-4.132924332099999987e+01,-5.578773071599999867e+01
1.929964964999999921e+01,-3.677136923900000198e+01,-5.506345878100000135e+01,-2.959364670800000141e+01,-3.656762547600000346e+01,-4.449205681099999765e+01
1.931965965999999923e+01,-1.595095386799999915e+01,-2.468366417600000062e+01,-2.163203412100000023e+01,-2.032864449199999868e+01,-3.258363006700000142e+01
1.933966966999999926e+01,-4.859115265300000175e+01,-3.852727355500000073e+01,-2.873158605200000082e+01,-3.508248516900000169e+01,-4.074869013299999665e+01
1.935967967999999928e+01,-4.401718063399999892e+01,-4.625361623399999900e+01,-2.961891411799999929e+01,-2.923359614800000017e+01,-3.242197465400000311e+01
1.937968968999999930e+01,-3.262879148900000104e+01,-4.725212643900000131e+01,-3.628950384600000234e+01,-3.225232584700000160e+01,-5.384628845000000297e+01
1.939969969999999932e+01,-2.899956286600000155e+01,-4.702619185300000026e+01,-3.600037314800000132e+01,-2.940043960199999873e+01,-5.268036465400000168e+01
1.941970970999999935e+01,-4.527028280700000096e+01,-4.676498711200000002e+01,-3.010677547699999934e+01,-2.943183071800000050e+01,-3.863728536499999677e+01
1.943971971999999937e+01,-3.272613338099999680e+01,-3.650502884899999856e+01,-2.417765213199999863e+01,-2.760851715700000142e+01,-3.272620967200000308e+01
1.945972972999999939e+01,-3.798162767499999859e+01,-3.995729731400000162e+01,-4.617129704599999940e+01,-3.798161125400000060e+01,-3.237261312700000104e+01
1.947973973999999941e+01,-3.676287464499999658e+01,-4.608187709599999948e+01,-2.028227031400000158e+01,-4.175508832399999903e+01,-3.645529350999999707e+01
1.949974974999999944e+01,-2.616814625599999999e+01,-2.854165858600000050e+01,-3.207434039799999681e+01,-3.517362303899999887e+01,-3.474395301700000260e+01
1.951975975999999946e+01,-5.476023603600000200e+01,-3.640263858000000141e+01,-2.128003327800000122e+01,-3.066959683500000011e+01,-2.800019514499999929e+01
1.953976976999999948e+01,-4.062119195799999716e+01,-3.331572256500000151e+01,-1.495307996899999914e+01,-3.091407790099999886e+01,-1.451068328300000054e+01
1.955977977999999950e+01,-4.956412403299999880e+01,-3.045185585200000133e+01,-3.079994649200000012e+01,-3.558747469800000118e+01,-5.670523725599999665e+01
1.957978978999999953e+01,-4.524846849899999768e+01,-5.252418183000000340e+01,-3.579439201200000298e+01,-5.375320073999999693e+01,-2.647012443299999873e+01
1.959979979999999955e+01,-4.949627505800000193e+01,-4.453252836600000109e+01,-2.704390568000000172e+01,-3.174596356200000002e+01,-2.821856637300000159e+01
1.961980980999999957e+01,-5.230441870899999657e+01,-3.752720374300000117e+01,-1.282460898699999952e+01,-3.228687902400000098e+01,-2.783323465699999844e+01
1.963981981999999959e+01,-4.116659312800000237e+01,-3.505116650499999764e+01,-3.477461541800000333e+01,-3.192152582199999955e+01,-3.081899886600000116e+01
1.965982982999999962e+01,-2.899854120299999849e+01,-2.519652187399999832e+01,-1.655264157699999927e+01,-2.086477346599999905e+01,-2.059765327999999940e+01
1.967983983999999964e+01,-3.442575470900000312e+01,-5.526779358600000336e+01,-3.136091190100000148e+01,-4.021273659300000247e+01,-3.737843700100000177e+01
1.969984984999999966e+01,-5.168737281100000303e+01,-5.956214977100000141e+01,-2.761626395400000078e+01,-3.428794665400000241e+01,-3.457235360300000337e+01
1.971985985999999968e+01,-2.117764470499999874e+01,-2.961873394099999857e+01,-2.819514681100000075e+01,-3.279397887700000069e+01,-3.413377512400000313e+01
1.973986986999999971e+01,-4.423014327700000337e+01,-4.399001574799999759e+01,-3.161030925600000074e+01,-3.100233579800000072e+01,-3.458992424800000265e+01
1.975987987999999973e+01,-5.099524840299999795e+01,-5.132348695900000024e+01,-3.028149409699999950e+01,-4.821765175899999889e+01,-4.439532868100000229e+01
1.977988988999999975e+01,-3.561078415899999783e+01,-4.031584936899999860e+01,-2.553633438299999980e+01,-3.728240249000000262e+01,-1.876513581100000039e+01
1.979989989999999977e+01,-4.773866189499999990e+01,-5.198561109399999935e+01,-3.191361684800000020e+01,-2.980207632999999845e+01,-3.627636272200000178e+01
1.981990990999999980e+01,-3.691526404500000069e+01,-3.352791149299999773e+01,-1.353572201899999961e+01,-2.114511590000000041e+01,-1.976600971399999906e+01
1.983991991999999982e+01,-3.679841086799999772e+01,-2.786203333599999965e+01,-3.858150154500000184e+01,-4.127609029100000271e+01,-2.447230167800000089e+01
1.985992992999999984e+01,-4.654042919500000153e+01,-5.270834918100000266e+01,-3.225675631800000076e+01,-2.918284156400000029e+01,-4.300979018999999681e+01
1.987993993999999986e+01,-3.775978106800000234e+01,-4.394280308500000132e+01,-2.284685754699999904e+01,-3.760437401899999799e+01,-3.174325590300000144e+01
1.989994994999999989e+01,-5.019892813999999959e+01,-3.767970238600000243e+01,-2.500192645299999938e+01,-3.367449274100000167e+01,-2.797918946400000095e+01
1.991995995999999991e+01,-4.702144824300000181e+01,-4.795783492099999989e+01,-3.791585857300000129e+01,-3.267662118500000190e+01,-3.014496030700000162e+01
1.993996996999999993e+01,-3.424069830900000255e+01,-2.945839135900000016e+01,-2.552893501599999837e+01,-3.030848243599999847e+01,-3.536360146599999865e+01
1.995997997999999995e+01,-3.573407428400000185e+01,-3.971079680199999729e+01,-2.975448843199999871e+01,-4.700989278800000193e+01,-4.761679106100000070e+01
1.997998998999999998e+01,-5.228161753700000247e+01,-5.068889721800000103e+01,-3.213993286499999869e+01,-3.705957486599999839e+01,-4.079296670400000124e+01
2.000000000000000000e+01,-2.649577371199999831e+01,-2.985761540800000091e+01,-3.063339154000000164e+01,-3.385856783100000200e+01,-2.977735726499999913e+01
