freq_GHz,S21_dB,S31_dB,S41_dB,S51_dB,S61_dB
1.000000000000000021e-02,-8.208464057400000513e+01,-7.001161341799999605e+01,-8.033508518300000389e+01,-7.409022901500000557e+01,-7.267509676900000670e+01
3.001001001000000099e-02,-7.365453976700000283e+01,-7.456031211699999517e+01,-7.685898300899999924e+01,-7.830451885600000139e+01,-7.631101936899999316e+01
5.002002002000000003e-02,-8.144644985099999701e+01,-8.050164083200000675e+01,-7.852060251100000698e+01,-8.028010569500000315e+01,-8.071921376999999609e+01
7.003003002999999560e-02,-8.157938519799999710e+01,-8.608581930500000112e+01,-8.361385348199999612e+01,-7.781705986900000482e+01,-7.879667200999999466e+01
9.004004004000000505e-02,-8.447782769299999472e+01,-7.452595291699999791e+01,-7.558087942000000226e+01,-8.669430299699999409e+01,-8.013320801000000415e+01
1.100500500500000006e-01,-8.633658036500000321e+01,-8.162352129800000000e+01,-7.621826195600000631e+01,-8.188326367999999889e+01,-9.194071952800000247e+01
1.300600600600000101e-01,-9.162403163700000164e+01,-8.373904631099999563e+01,-7.664379864100000361e+01,-7.891098130299999980e+01,-7.879304143100000601e+01
1.500700700700000056e-01,-7.853715972999999906e+01,-9.109417494900000634e+01,-7.677230463300000451e+01,-8.574969857000000673e+01,-8.745522703999999692e+01
1.700800800800000012e-01,-8.199186918200000207e+01,-9.620118296600000463e+01,-8.111197306699999388e+01,-8.029211727300000234e+01,-7.851243692600000657e+01
1.900900900899999968e-01,-8.509234540699999627e+01,-7.967784933299999750e+01,-9.164386434799999392e+01,-7.489394978200000708e+01,-7.816379575999999929e+01
2.101001000999999924e-01,-8.352479774299999349e+01,-8.993897484800000086e+01,-7.773615247600000089e+01,-7.714540259300000002e+01,-8.202787001400000122e+01
2.301101101100000157e-01,-7.544348247400000673e+01,-7.652519838199999924e+01,-7.948265895400000147e+01,-8.214351138199999980e+01,-7.499998205599999324e+01
2.501201201200000113e-01,-8.117667391499999496e+01,-8.139341566900000657e+01,-7.702062616300000286e+01,-8.355182139800000130e+01,-8.698460074899999483e+01
2.701301301299999791e-01,-7.795962921000000279e+01,-8.358684681600000488e+01,-8.809855004599999972e+01,-8.332183238999999730e+01,-8.722562893999999289e+01
2.901401401400000024e-01,-8.351869254700000056e+01,-7.455495289799999625e+01,-9.532552990300000317e+01,-7.831636878199999785e+01,-7.382668611100000078e+01
3.101501501499999702e-01,-8.233538563499999441e+01,-8.173619442300000060e+01,-8.036234045000000492e+01,-7.613928693399999759e+01,-7.801833232500000292e+01
3.301601601600000491e-01,-8.006806266600000299e+01,-7.578273244400000408e+01,-8.431442665599999486e+01,-8.047300909499999477e+01,-7.911397286800000472e+01
3.501701701700000169e-01,-8.653746732999999836e+01,-7.409341704800000628e+01,-7.527192133299999455e+01,-8.603131464199999812e+01,-7.964744317199999557e+01
3.701801801799999847e-01,-8.125277131199999303e+01,-8.288072362799999837e+01,-8.179001438999999607e+01,-8.581577995300000339e+01,-6.847339216700000009e+01
3.901901901900000080e-01,-7.455289439099999527e+01,-9.465738456500000098e+01,-7.543097685499999727e+01,-8.420583114999999452e+01,-7.017250126000000421e+01
4.102002001999999758e-01,-7.509947841299999993e+01,-7.648093781500000432e+01,-7.574228731300000561e+01,-8.269839987500000689e+01,-6.994547319900000559e+01
4.302102102099999992e-01,-7.072616137100000344e+01,-7.628752375700000243e+01,-7.564552699799999402e+01,-7.805183673099999453e+01,-7.339569472300000541e+01
4.502202202200000225e-01,-7.958341687799999420e+01,-7.247757129800000087e+01,-7.551494666700000380e+01,-8.105436048100000335e+01,-7.501208676100000616e+01
4.702302302300000458e-01,-7.257855085399999950e+01,-8.253299575399999810e+01,-7.099104326500000184e+01,-7.917264966300000140e+01,-7.097343465199999457e+01
4.902402402400000136e-01,-8.043044328000000576e+01,-7.655764808600000038e+01,-7.933248147400000505e+01,-7.367872932400000252e+01,-6.728816198200000542e+01
5.102502502500000370e-01,-7.187453882600000554e+01,-7.619182996499999661e+01,-7.263411595200000193e+01,-7.881652315399999509e+01,-6.990342727600000217e+01
5.302602602599999493e-01,-7.241754881999999327e+01,-7.042141616600000020e+01,-7.746699201500000243e+01,-8.634773686699999473e+01,-6.377080523099999709e+01
5.502702702699999726e-01,-7.567333228699999381e+01,-7.858823343599999589e+01,-7.330130824399999767e+01,-8.035147755799999914e+01,-6.249611104699999942e+01
5.702802802799999959e-01,-7.248809376799999882e+01,-7.646382123499999750e+01,-6.675156477299999835e+01,-7.878938903899999957e+01,-6.178977403399999702e+01
5.902902902899999082e-01,-7.623296734400000219e+01,-7.208482474299999865e+01,-6.522861273399999504e+01,-6.737443548500000645e+01,-5.873662819799999824e+01
6.103003002999999316e-01,-8.527913380399999710e+01,-8.018274108999999328e+01,-6.345524781000000303e+01,-6.572073577899999464e+01,-5.975591672499999873e+01
6.303103103099999549e-01,-7.019592876100000467e+01,-7.758112509100000409e+01,-6.061404044999999741e+01,-6.710582263300000250e+01,-5.493889848999999970e+01
6.503203203200000893e-01,-7.013356608399999459e+01,-6.923817893099999310e+01,-5.896657957200000055e+01,-7.352146549100000072e+01,-5.270661753000000260e+01
6.703303303300000016e-01,-8.094741974500000481e+01,-6.852778503999999771e+01,-5.617751065400000243e+01,-6.386496974800000004e+01,-5.093359628599999667e+01
6.903403403400000249e-01,-7.802601458799999534e+01,-6.392276887300000254e+01,-5.623790152499999806e+01,-7.998706983099999945e+01,-5.012573119000000332e+01
7.103503503500000482e-01,-6.391646176700000126e+01,-6.729784515900000486e+01,-5.528344184499999869e+01,-8.459643728800000417e+01,-4.924793673300000307e+01
7.303603603599999605e-01,-6.073902029399999947e+01,-6.265361831799999948e+01,-5.424208863700000194e+01,-7.572100942299999815e+01,-4.884601985399999791e+01
7.503703703699999839e-01,-6.095011992799999945e+01,-6.864491201200000603e+01,-5.289297548399999727e+01,-7.632494586800000036e+01,-4.706670127499999978e+01
7.703803803800000072e-01,-5.941434325899999891e+01,-5.934337481600000075e+01,-5.150945346200000330e+01,-6.849068927000000429e+01,-4.607096144500000179e+01
7.903903903900000305e-01,-5.747859846499999747e+01,-5.518736768000000126e+01,-5.067361550900000111e+01,-6.537584345400000529e+01,-4.677393101599999881e+01
8.104004003999999428e-01,-5.973331544199999854e+01,-5.710093972800000017e+01,-5.091394100800000189e+01,-6.909329879800000640e+01,-4.635660888700000015e+01
8.304104104099999661e-01,-5.799173952900000018e+01,-5.536849050299999675e+01,-5.139713961799999709e+01,-6.540848569999999995e+01,-4.592430283699999904e+01
8.504204204199999895e-01,-5.590409767199999891e+01,-5.407396060699999651e+01,-5.025930689799999840e+01,-6.428051016899999581e+01,-4.462087047400000017e+01
8.704304304299999018e-01,-5.405053319799999656e+01,-5.483554850600000208e+01,-4.945357444399999736e+01,-6.305679612899999853e+01,-4.345127957199999713e+01
8.904404404400000361e-01,-5.277020829399999968e+01,-5.410022866300000288e+01,-4.887374510299999741e+01,-6.307300953699999724e+01,-4.239204442199999789e+01
9.104504504500000595e-01,-5.254592706900000110e+01,-5.648262381499999663e+01,-4.755171480700000330e+01,-6.656813018799999782e+01,-4.178643938199999752e+01
9.304604604600000828e-01,-5.225220101499999714e+01,-5.873299472699999768e+01,-4.716481390100000226e+01,-5.958574115900000123e+01,-4.148551694799999723e+01
9.504704704699999951e-01,-5.469017480299999789e+01,-5.866538551200000029e+01,-4.795045781599999657e+01,-6.393496853700000315e+01,-4.265100356300000328e+01
9.704804804800000184e-01,-6.076631405199999847e+01,-5.901500285200000206e+01,-4.874353478999999822e+01,-6.778088758299999483e+01,-4.335035020400000150e+01
9.904904904900000417e-01,-5.685500560199999853e+01,-5.900752325199999859e+01,-4.855753593000000023e+01,-6.849493083900000556e+01,-4.444591244699999777e+01
1.010500500500000065e+00,-5.969881771800000081e+01,-6.143394815100000272e+01,-4.955425251300000156e+01,-7.416106472100000246e+01,-4.577982675999999884e+01
1.030510510500000088e+00,-6.002808222099999824e+01,-6.232496472999999781e+01,-4.964846511100000015e+01,-6.380713102499999678e+01,-4.555653599400000076e+01
1.050520520500000110e+00,-6.244645531100000113e+01,-6.264394901200000021e+01,-4.960455533199999678e+01,-6.544247090300000025e+01,-4.415240265100000272e+01
1.070530530499999911e+00,-6.223501268799999764e+01,-6.276256078499999802e+01,-4.924593477799999874e+01,-6.123346254300000169e+01,-4.397960276300000260e+01
1.090540540499999933e+00,-6.921661573900000519e+01,-6.039228433800000317e+01,-4.848422431899999907e+01,-6.870024434200000485e+01,-4.379849042400000059e+01
1.110550550599999964e+00,-6.759913768699999537e+01,-6.301305155499999699e+01,-4.773990714600000018e+01,-6.601808442499999785e+01,-4.294664273699999768e+01
1.130560560599999986e+00,-7.050880280799999866e+01,-6.881507925900000089e+01,-4.810139346199999721e+01,-6.093639678499999945e+01,-4.256705949999999916e+01
1.150570570600000009e+00,-7.112722438400000158e+01,-6.223549699600000196e+01,-4.749761975300000216e+01,-6.600580063499999994e+01,-4.197945699099999928e+01
1.170580580599999809e+00,-7.016515500799999927e+01,-6.446512135199999705e+01,-4.728084010999999975e+01,-6.207370854500000235e+01,-4.229979202999999899e+01
1.190590590599999832e+00,-6.785839773499999694e+01,-6.331285175699999712e+01,-4.680767301899999921e+01,-6.435161512099999470e+01,-4.267315788799999865e+01
1.210600600599999854e+00,-7.135813860700000077e+01,-6.206511204899999967e+01,-4.572753227100000117e+01,-6.470030600100000129e+01,-4.095968847200000340e+01
1.230610610599999877e+00,-7.303280294299999298e+01,-6.465328476899999544e+01,-4.511927598199999778e+01,-6.606029715900000099e+01,-4.091409859800000248e+01
1.250620620599999899e+00,-6.429757936400000062e+01,-5.927925144600000351e+01,-4.419674032300000022e+01,-6.470072593700000141e+01,-3.911137261500000051e+01
1.270630630599999922e+00,-6.512327772099999379e+01,-7.199452156799999614e+01,-4.364145820600000292e+01,-5.658539099600000100e+01,-3.889768257600000112e+01
1.290640640599999944e+00,-6.386982832900000062e+01,-6.635191725699999665e+01,-4.205466417699999937e+01,-5.674137458799999933e+01,-3.817738154300000275e+01
1.310650650699999975e+00,-6.121487841399999752e+01,-6.181920481299999892e+01,-4.202576598800000340e+01,-5.851204471999999868e+01,-3.749791600500000044e+01
1.330660660699999998e+00,-6.071444314499999706e+01,-5.790262965800000217e+01,-4.186379020199999701e+01,-5.617512602499999730e+01,-3.717170331999999888e+01
1.350670670700000020e+00,-5.677564105900000158e+01,-5.878826272399999908e+01,-4.184954462599999658e+01,-5.458386681900000070e+01,-3.624399144800000272e+01
1.370680680700000043e+00,-6.188430826399999773e+01,-5.623269381699999769e+01,-4.307146561799999773e+01,-5.749601990299999699e+01,-3.540974322999999657e+01
1.390690690700000065e+00,-5.568837201800000258e+01,-5.471315308300000169e+01,-4.155910259000000195e+01,-5.706528280399999886e+01,-3.451098402200000237e+01
1.410700700700000088e+00,-6.433086865299999602e+01,-5.718491759799999841e+01,-4.056807653599999952e+01,-5.574717208700000270e+01,-3.366702695800000100e+01
1.430710710700000110e+00,-5.666241563700000228e+01,-5.364837923300000000e+01,-3.939141628600000189e+01,-5.305853700899999836e+01,-3.267794191099999779e+01
1.450720720700000133e+00,-5.831580672999999848e+01,-5.562667909200000338e+01,-3.824494835000000137e+01,-5.455913975400000027e+01,-3.204687748500000311e+01
1.470730730700000155e+00,-5.539373496299999999e+01,-5.758550854700000343e+01,-3.801685936399999832e+01,-5.637448386700000214e+01,-3.101156685699999827e+01
1.490740740699999956e+00,-5.193434090200000242e+01,-5.869851057599999677e+01,-3.745905855000000173e+01,-5.474048119700000115e+01,-3.056864233700000000e+01
1.510750750799999986e+00,-4.980805461700000336e+01,-5.370317187500000244e+01,-3.624141573400000027e+01,-5.883122392199999950e+01,-3.000804253500000129e+01
1.530760760800000009e+00,-5.070062490299999780e+01,-5.123273611100000124e+01,-3.461649996100000237e+01,-6.507633358200000373e+01,-2.903078356099999979e+01
1.550770770800000031e+00,-4.951177160200000316e+01,-5.408637164000000297e+01,-3.385768769900000308e+01,-6.219261225599999676e+01,-2.836094544599999878e+01
1.570780780800000054e+00,-5.046849266200000272e+01,-5.473987731100000076e+01,-3.336400605899999761e+01,-5.986845010100000053e+01,-2.786184651900000020e+01
1.590790790799999854e+00,-4.829383112400000044e+01,-5.907339368800000301e+01,-3.288175889200000057e+01,-5.788327598899999771e+01,-2.784878055100000083e+01
1.610800800799999877e+00,-4.823581750700000015e+01,-5.815606118400000213e+01,-3.266093623500000120e+01,-5.866210489800000261e+01,-2.780967933299999828e+01
1.630810810799999899e+00,-4.546075952199999648e+01,-5.205585359300000192e+01,-3.207625867899999861e+01,-5.378747095100000308e+01,-2.762009819300000046e+01
1.650820820799999922e+00,-4.439225459200000046e+01,-5.208642040299999820e+01,-3.145266798700000166e+01,-5.130270016400000088e+01,-2.734136593099999857e+01
1.670830830799999944e+00,-4.310160147900000283e+01,-6.155114698599999912e+01,-3.098179992700000085e+01,-5.112656782999999905e+01,-2.724068871700000116e+01
1.690840840799999967e+00,-4.208365457499999707e+01,-5.611986644200000285e+01,-3.030075227600000076e+01,-5.337247245199999668e+01,-2.715958085899999830e+01
1.710850850899999998e+00,-4.097307920800000147e+01,-4.902237023200000010e+01,-2.930334952899999834e+01,-5.874139991999999921e+01,-2.692671350199999836e+01
1.730860860900000020e+00,-4.179149265899999932e+01,-4.871043787400000014e+01,-2.935451455600000159e+01,-5.326931581499999879e+01,-2.663915486499999830e+01
1.750870870900000043e+00,-4.281182024099999950e+01,-5.355558417299999974e+01,-3.067783662000000078e+01,-4.957683553700000090e+01,-2.603125927199999978e+01
1.770880880900000065e+00,-4.349910462599999761e+01,-5.211724269399999798e+01,-3.073286286400000122e+01,-4.979730236000000332e+01,-2.608320630800000117e+01
1.790890890900000088e+00,-4.399658648100000136e+01,-5.087106144799999896e+01,-3.125677191000000121e+01,-5.381994722700000011e+01,-2.619842125799999977e+01
1.810900900900000110e+00,-4.500847583299999854e+01,-5.423295756800000333e+01,-3.190014721400000042e+01,-5.750364796000000212e+01,-2.685885912099999828e+01
1.830910910900000133e+00,-4.717711023999999753e+01,-5.985675733499999751e+01,-3.242019601300000176e+01,-5.433518700199999785e+01,-2.793241981899999971e+01
1.850920920900000155e+00,-4.988378334699999783e+01,-5.850720484600000049e+01,-3.321892584999999798e+01,-5.471981211199999962e+01,-2.883942036399999864e+01
1.870930930900000178e+00,-5.202364906500000075e+01,-5.203205070799999987e+01,-3.358343382200000349e+01,-5.470440857999999906e+01,-2.964005257699999873e+01
1.890940940900000200e+00,-5.637790452400000163e+01,-6.110896896500000253e+01,-3.377738991399999691e+01,-6.497615813900000603e+01,-3.025887412999999881e+01
1.910950951000000009e+00,-5.558669180100000062e+01,-6.411563562099999558e+01,-3.385954414999999784e+01,-6.181963860500000152e+01,-3.066343756499999884e+01
1.930960961000000031e+00,-6.322417786599999801e+01,-6.217496643300000159e+01,-3.349152066999999988e+01,-5.671296092699999747e+01,-3.053363412399999888e+01
1.950970971000000054e+00,-5.509219205099999783e+01,-5.867911154899999815e+01,-3.376250311799999793e+01,-5.546508064300000029e+01,-2.999546562400000127e+01
1.970980981000000076e+00,-5.416494598700000296e+01,-5.601862553600000183e+01,-3.382589145299999700e+01,-5.510503025300000246e+01,-2.962340167300000005e+01
1.990990991000000099e+00,-5.300459198800000138e+01,-5.593995835199999789e+01,-3.353769643199999706e+01,-5.516650624300000061e+01,-2.921118675900000028e+01
2.011001000999999899e+00,-5.122777859199999995e+01,-6.120500226800000121e+01,-3.344613408600000071e+01,-5.678490836499999972e+01,-2.880530927099999872e+01
2.031011010999999922e+00,-5.093791076299999787e+01,-5.575936169900000294e+01,-3.367185031799999706e+01,-5.598414561300000258e+01,-2.830664528999999874e+01
2.051021020999999944e+00,-4.988232625199999859e+01,-5.462646963099999908e+01,-3.339944785899999857e+01,-5.429480058400000075e+01,-2.831847477599999863e+01
2.071031030999999967e+00,-5.226459473300000269e+01,-5.133553778999999651e+01,-3.332647022999999820e+01,-5.880053241600000291e+01,-2.833370383100000112e+01
2.091041040999999989e+00,-5.506323972300000236e+01,-4.910020684900000276e+01,-3.326408828600000334e+01,-5.722876923399999782e+01,-2.822279319100000095e+01
2.111051051100000020e+00,-5.188419001300000133e+01,-4.992848345200000182e+01,-3.341908030599999790e+01,-5.633596648500000015e+01,-2.813535053300000044e+01
2.131061061100000043e+00,-5.014933395700000318e+01,-4.779738546299999769e+01,-3.331121584699999971e+01,-5.508584322099999753e+01,-2.848471645600000102e+01
2.151071071100000065e+00,-4.961231369800000124e+01,-4.787220691099999925e+01,-3.322481952100000058e+01,-5.077563292199999978e+01,-2.872125051800000151e+01
2.171081081100000088e+00,-5.003715522400000282e+01,-4.826293928599999816e+01,-3.308327772900000241e+01,-4.976289697299999659e+01,-2.907679127800000174e+01
2.191091091100000110e+00,-4.860820770400000157e+01,-5.045839812199999841e+01,-3.275221892700000126e+01,-5.034376818799999853e+01,-2.940452821999999955e+01
2.211101101099999688e+00,-4.777309246200000103e+01,-5.064609982300000013e+01,-3.249176449400000166e+01,-5.322856700399999852e+01,-3.013293951600000042e+01
2.231111111099999711e+00,-4.785066835100000304e+01,-5.156598973399999863e+01,-3.255343810000000104e+01,-5.559206696599999731e+01,-3.012090371700000091e+01
2.251121121099999733e+00,-4.904570703899999984e+01,-5.115437095499999742e+01,-3.254338970399999909e+01,-5.658453543299999922e+01,-2.989196102400000044e+01
2.271131131099999756e+00,-4.788365804600000075e+01,-5.056402443999999718e+01,-3.264231713600000262e+01,-5.707469268999999912e+01,-3.003552490599999913e+01
2.291141141099999778e+00,-4.955880973099999665e+01,-5.056136230399999931e+01,-3.307914347700000235e+01,-6.288172550600000221e+01,-3.000714372899999915e+01
2.311151151199999809e+00,-5.131525867700000276e+01,-4.994059454399999964e+01,-3.360886573300000180e+01,-6.651778161299999681e+01,-2.969358229799999904e+01
2.331161161199999832e+00,-5.229629628099999650e+01,-5.189050209700000238e+01,-3.334615650100000295e+01,-5.986484206499999772e+01,-2.897848394800000094e+01
2.351171171199999854e+00,-5.261349786800000317e+01,-5.054006898400000125e+01,-3.262975329399999680e+01,-5.582973214599999778e+01,-2.826997806700000027e+01
2.371181181199999877e+00,-5.072024907200000143e+01,-4.814600306199999835e+01,-3.209642551599999649e+01,-5.534531968799999646e+01,-2.739961185199999960e+01
2.391191191199999899e+00,-4.972788295299999817e+01,-4.987289936799999879e+01,-3.175146645199999895e+01,-5.634787975900000134e+01,-2.632446493999999859e+01
2.411201201199999922e+00,-4.750120428099999970e+01,-4.986384405100000095e+01,-3.182989365599999942e+01,-5.168159336099999734e+01,-2.582799290399999848e+01
2.431211211199999944e+00,-4.894666473800000261e+01,-5.075469323000000088e+01,-3.136903433799999874e+01,-5.107975992899999795e+01,-2.560769378099999827e+01
2.451221221199999967e+00,-4.718525494400000042e+01,-4.934922420099999840e+01,-3.117006108700000055e+01,-5.280000934000000257e+01,-2.569641631900000078e+01
2.471231231199999989e+00,-4.640145570300000344e+01,-4.878507305099999769e+01,-3.104623734400000146e+01,-5.612179076299999991e+01,-2.589281599799999967e+01
2.491241241200000012e+00,-4.736647296000000296e+01,-4.951097382399999702e+01,-3.117252374699999962e+01,-5.786054502199999661e+01,-2.617316808900000069e+01
2.511251251300000042e+00,-4.667163918899999686e+01,-4.911661116399999827e+01,-3.130129720100000057e+01,-5.475739461799999930e+01,-2.634135829499999915e+01
2.531261261300000065e+00,-4.759328835299999838e+01,-4.958400391499999671e+01,-3.211412433400000310e+01,-5.950821572899999978e+01,-2.663920407899999887e+01
2.551271271300000087e+00,-4.853004838900000095e+01,-5.072820166099999994e+01,-3.212937555300000270e+01,-5.616519404400000326e+01,-2.705515130499999898e+01
2.571281281300000110e+00,-4.962445250700000088e+01,-4.772534074800000070e+01,-3.280414252199999936e+01,-5.852822728600000346e+01,-2.763058819100000107e+01
2.591291291300000132e+00,-5.352048012099999852e+01,-4.698823261900000148e+01,-3.325717050299999755e+01,-6.031607075000000151e+01,-2.811269711399999949e+01
2.611301301300000155e+00,-5.285050344300000091e+01,-4.498305253600000242e+01,-3.354002730300000223e+01,-5.491873192999999986e+01,-2.854018986899999888e+01
2.631311311300000177e+00,-5.647311484099999745e+01,-4.753093592999999828e+01,-3.360947683799999908e+01,-5.452785781800000109e+01,-2.886364164800000154e+01
2.651321321300000200e+00,-5.209504799999999847e+01,-4.532937743299999767e+01,-3.421023894799999709e+01,-5.462762615199999772e+01,-2.913035084999999924e+01
2.671331331300000222e+00,-5.164065221399999928e+01,-4.627615804500000252e+01,-3.474690030299999677e+01,-5.395404543899999794e+01,-2.912491036600000172e+01
2.691341341300000245e+00,-5.207766073700000220e+01,-4.709309970599999673e+01,-3.472335509100000195e+01,-5.132744309299999941e+01,-2.943567218500000138e+01
2.711351351400000276e+00,-5.538336820399999993e+01,-4.737674601799999863e+01,-3.450706591099999798e+01,-5.663419867500000038e+01,-2.938742253199999865e+01
2.731361361400000298e+00,-5.272897058299999884e+01,-4.916999160299999971e+01,-3.481378650500000305e+01,-5.427384504300000145e+01,-2.928228350399999869e+01
2.751371371399999877e+00,-5.578677055699999698e+01,-4.934996368699999891e+01,-3.504623993300000251e+01,-5.425094419700000259e+01,-2.889928875900000094e+01
2.771381381399999899e+00,-5.712922695299999987e+01,-5.200166971299999830e+01,-3.485948151299999864e+01,-5.492995326500000175e+01,-2.884029275099999978e+01
2.791391391399999922e+00,-5.932105566399999930e+01,-5.340356562899999915e+01,-3.478930699499999690e+01,-6.371657910700000116e+01,-2.865584379399999904e+01
2.811401401399999944e+00,-5.422838137699999805e+01,-5.262704400999999876e+01,-3.458949676200000312e+01,-6.744995965799999738e+01,-2.887504336299999963e+01
2.831411411399999967e+00,-5.418655130100000150e+01,-5.193130185500000096e+01,-3.414257509000000113e+01,-6.836969536200000164e+01,-2.924660087499999861e+01
2.851421421399999989e+00,-5.277080409900000291e+01,-5.752057825199999996e+01,-3.385257622000000310e+01,-6.214136975800000329e+01,-2.944819246699999837e+01
2.871431431400000012e+00,-5.401281842600000260e+01,-6.062736879999999928e+01,-3.341573990599999888e+01,-5.767074582800000115e+01,-2.966661430899999985e+01
2.891441441400000034e+00,-5.290100732300000175e+01,-5.813567887800000022e+01,-3.345219728699999706e+01,-6.014599332400000264e+01,-2.956287899799999863e+01
2.911451451500000065e+00,-4.821902022799999799e+01,-5.415578838199999723e+01,-3.324099776399999939e+01,-5.944476199900000069e+01,-2.916875210799999962e+01
2.931461461500000087e+00,-5.025218459100000246e+01,-6.405960586199999796e+01,-3.312439650700000016e+01,-5.927869353300000199e+01,-2.890654063099999860e+01
2.951471471500000110e+00,-4.872701539900000256e+01,-6.237583432000000272e+01,-3.329753883899999778e+01,-6.210427676100000127e+01,-2.857579822800000002e+01
2.971481481500000132e+00,-4.888482728299999991e+01,-5.806037589700000012e+01,-3.310510389800000297e+01,-5.530491030200000324e+01,-2.827400511600000144e+01
2.991491491500000155e+00,-4.770471565900000144e+01,-5.424327080799999834e+01,-3.288597684999999871e+01,-6.294087421300000074e+01,-2.797104509300000075e+01
3.011501501500000177e+00,-4.621365953499999790e+01,-5.493552667000000156e+01,-3.252905620300000322e+01,-5.587897519799999912e+01,-2.738014144999999999e+01
3.031511511500000200e+00,-4.558916121800000099e+01,-6.088669542400000267e+01,-3.244772447799999782e+01,-5.834889367800000315e+01,-2.700465821099999886e+01
3.051521521499999778e+00,-4.530878129599999937e+01,-6.295366755399999903e+01,-3.201072656499999880e+01,-5.611806920400000109e+01,-2.631010454400000143e+01
3.071531531499999801e+00,-4.489503429100000176e+01,-5.411814198900000150e+01,-3.194626288099999911e+01,-5.714410438499999856e+01,-2.555883389899999969e+01
3.091541541499999823e+00,-4.407086222400000253e+01,-4.980104266600000074e+01,-3.115664276500000085e+01,-5.456163094400000091e+01,-2.469847448599999851e+01
3.111551551599999854e+00,-4.376194366699999705e+01,-5.091820222599999823e+01,-3.054141263300000020e+01,-5.514180458900000303e+01,-2.393763084400000096e+01
3.131561561599999877e+00,-4.369282353599999880e+01,-5.040822271300000068e+01,-3.040863072999999872e+01,-5.486671423899999667e+01,-2.336641429100000167e+01
3.151571571599999899e+00,-4.235362080099999815e+01,-4.829946432700000258e+01,-3.000636284799999842e+01,-5.559846319900000111e+01,-2.272427555799999865e+01
3.171581581599999922e+00,-4.252343541900000190e+01,-5.349722561800000165e+01,-2.941912382900000011e+01,-5.584687994800000155e+01,-2.204417134799999900e+01
3.191591591599999944e+00,-4.331055674400000299e+01,-5.323178321200000340e+01,-2.924852166799999864e+01,-5.215522847199999745e+01,-2.150476357000000149e+01
3.211601601599999967e+00,-4.354170348099999899e+01,-5.179455166700000035e+01,-2.882279741400000006e+01,-5.571935796999999724e+01,-2.096345533999999944e+01
3.231611611599999989e+00,-4.222605434700000160e+01,-4.750448912499999921e+01,-2.859321686399999862e+01,-5.803609029599999758e+01,-2.041756530099999978e+01
3.251621621600000012e+00,-4.063346705499999700e+01,-4.753138162599999816e+01,-2.831305289799999869e+01,-5.926378078399999794e+01,-1.983789975899999902e+01
3.271631631600000034e+00,-3.964412285899999944e+01,-5.130518255999999866e+01,-2.802376448800000119e+01,-5.478253937600000256e+01,-1.937820820099999963e+01
3.291641641600000057e+00,-3.994419161900000148e+01,-5.217087619699999834e+01,-2.777744724800000142e+01,-5.301587340199999687e+01,-1.895956913099999852e+01
3.311651651699999643e+00,-3.853823604099999756e+01,-5.055017633100000296e+01,-2.735320665200000079e+01,-5.415719900199999870e+01,-1.860759770099999955e+01
3.331661661699999666e+00,-3.957312861999999853e+01,-4.818986081100000263e+01,-2.686409831199999942e+01,-5.171630861900000298e+01,-1.834600099900000103e+01
3.351671671699999688e+00,-3.967447479100000152e+01,-4.794107599600000214e+01,-2.637975602599999903e+01,-5.303018823800000092e+01,-1.826676535700000059e+01
3.371681681699999711e+00,-3.958570411400000211e+01,-4.909524713399999740e+01,-2.606988516199999850e+01,-5.899143092500000307e+01,-1.830876420699999940e+01
3.391691691699999733e+00,-3.977560188900000071e+01,-4.797392982600000266e+01,-2.554535992699999980e+01,-5.844936685799999765e+01,-1.840309871299999855e+01
3.411701701699999756e+00,-3.931777055799999943e+01,-4.954355942499999799e+01,-2.526692850299999904e+01,-5.142573616899999678e+01,-1.852630075200000093e+01
3.431711711699999778e+00,-3.907653709299999889e+01,-5.290128798799999998e+01,-2.510810894100000112e+01,-5.382614423999999786e+01,-1.863390758199999908e+01
3.451721721699999801e+00,-4.045111545000000319e+01,-5.174643062399999849e+01,-2.493195455000000038e+01,-5.258200076199999984e+01,-1.881009279899999953e+01
3.471731731699999823e+00,-3.943797964000000178e+01,-4.508164240400000011e+01,-2.490450385899999830e+01,-5.863237678299999800e+01,-1.911469022100000004e+01
3.491741741699999846e+00,-3.943592676000000097e+01,-4.322944860999999861e+01,-2.503209422000000117e+01,-5.513641438900000225e+01,-1.931347743199999911e+01
3.511751751800000321e+00,-4.066892752199999705e+01,-4.343034383599999870e+01,-2.503476738100000176e+01,-5.843567708599999833e+01,-1.953249326199999913e+01
3.531761761800000343e+00,-4.021183193400000278e+01,-4.800273603099999775e+01,-2.522227103000000170e+01,-5.827635616300000265e+01,-1.966639191399999831e+01
3.551771771800000366e+00,-3.981441143100000346e+01,-5.099768404999999660e+01,-2.569052380700000171e+01,-5.184582099200000016e+01,-1.987429352999999921e+01
3.571781781800000388e+00,-4.068554328199999759e+01,-4.516824329599999999e+01,-2.593889011699999969e+01,-5.048755655000000075e+01,-2.023754567099999946e+01
3.591791791800000411e+00,-4.025717435699999669e+01,-4.342430368499999815e+01,-2.654990392099999852e+01,-5.218821733800000118e+01,-2.038958440600000088e+01
3.611801801799999989e+00,-4.003338037500000013e+01,-4.508005055200000299e+01,-2.742247787499999845e+01,-5.764908638299999666e+01,-2.051491299999999995e+01
3.631811811800000012e+00,-3.990506861499999758e+01,-4.632758421900000201e+01,-2.834497254900000129e+01,-6.310107941300000078e+01,-2.071227490300000085e+01
3.651821821800000034e+00,-4.029116838800000266e+01,-4.359992124000000047e+01,-2.915430026399999974e+01,-6.224712416500000245e+01,-2.080604217300000158e+01
3.671831831800000057e+00,-3.919147842900000001e+01,-4.176546808599999849e+01,-2.986429457599999893e+01,-5.683319680900000037e+01,-2.083292417499999871e+01
3.691841841800000079e+00,-3.851820982099999924e+01,-3.986642320899999703e+01,-3.074688901100000038e+01,-5.635586776299999912e+01,-2.068563089199999894e+01
3.711851851900000110e+00,-3.774382769700000040e+01,-3.891273897699999651e+01,-3.143800156800000067e+01,-5.457933630400000169e+01,-2.057128031399999912e+01
3.731861861900000132e+00,-3.728659577799999880e+01,-4.204399114900000001e+01,-3.221358121699999799e+01,-5.982435660499999841e+01,-2.063794039700000127e+01
3.751871871900000155e+00,-3.611175858499999691e+01,-4.086368102600000185e+01,-3.368786583899999698e+01,-5.730025867700000219e+01,-2.076316636800000026e+01
3.771881881900000177e+00,-3.639783507399999962e+01,-3.858628783000000340e+01,-3.361592533999999688e+01,-6.366250683199999827e+01,-2.080775374999999983e+01
3.791891891900000200e+00,-3.631698002400000291e+01,-3.870209101500000060e+01,-3.347744683399999843e+01,-5.917296292300000005e+01,-2.085374905999999839e+01
3.811901901900000222e+00,-3.558310219999999902e+01,-3.993214145299999984e+01,-3.346891810500000020e+01,-5.406883327500000291e+01,-2.101273915200000175e+01
3.831911911900000245e+00,-3.579128585200000146e+01,-3.980139475699999707e+01,-3.290987060100000150e+01,-5.719872502799999836e+01,-2.107024417099999880e+01
3.851921921900000267e+00,-3.656509811600000148e+01,-3.817272028499999692e+01,-3.301019838999999934e+01,-5.958051330600000028e+01,-2.119678267899999824e+01
3.871931931900000290e+00,-3.621213632500000301e+01,-3.853831553199999860e+01,-3.252597553599999713e+01,-5.330548758199999781e+01,-2.117771488900000065e+01
3.891941941900000312e+00,-3.564940395600000045e+01,-3.766805442700000128e+01,-3.153970908499999837e+01,-5.403985273800000044e+01,-2.109047494500000042e+01
3.911951951999999899e+00,-3.648476649999999921e+01,-3.793134318199999910e+01,-3.104966893699999986e+01,-5.775317522000000281e+01,-2.118275522200000083e+01
3.931961961999999922e+00,-3.581802677400000334e+01,-3.729168118900000195e+01,-3.033923856099999838e+01,-5.345716058699999707e+01,-2.130583041599999916e+01
3.951971971999999944e+00,-3.616789520999999752e+01,-3.745876916699999981e+01,-3.008697791999999893e+01,-5.406434947700000038e+01,-2.141613396099999989e+01
3.971981981999999967e+00,-3.643848430500000291e+01,-3.659086651900000220e+01,-2.964510213300000174e+01,-6.546679021999999293e+01,-2.149993604100000155e+01
3.991991991999999989e+00,-3.550598660299999665e+01,-3.661614170800000068e+01,-2.929733921100000060e+01,-5.424051715200000245e+01,-2.127714993100000029e+01
4.012002002000000012e+00,-3.564496794299999749e+01,-3.686798060999999649e+01,-2.913972833700000109e+01,-5.311362012000000021e+01,-2.136095022199999960e+01
4.032012012000000034e+00,-3.542528818299999926e+01,-3.550828777000000258e+01,-2.860660032799999897e+01,-5.434280937999999850e+01,-2.143224651999999963e+01
4.052022022000000057e+00,-3.662941582599999890e+01,-3.527829912199999995e+01,-2.831018064599999917e+01,-5.184432573099999786e+01,-2.130529706500000131e+01
4.072032032000000079e+00,-3.645361605499999769e+01,-3.534015443100000198e+01,-2.849828743400000164e+01,-4.980896398299999817e+01,-2.136887274600000097e+01
4.092042042000000102e+00,-3.650093470299999865e+01,-3.490107089400000007e+01,-2.851234885899999938e+01,-5.006692495099999718e+01,-2.131448585500000092e+01
4.112052052100000132e+00,-3.609585349900000040e+01,-3.404197289199999688e+01,-2.855505348999999882e+01,-4.769157584599999922e+01,-2.118231993699999904e+01
4.132062062100000155e+00,-3.719721435900000017e+01,-3.369250611900000081e+01,-2.790841845499999962e+01,-4.519988244900000041e+01,-2.111490896000000106e+01
4.152072072100000177e+00,-3.633820234099999880e+01,-3.318670402200000069e+01,-2.747117817699999875e+01,-4.519065894599999922e+01,-2.102030934500000114e+01
4.172082082100000200e+00,-3.598439019799999983e+01,-3.423545983399999670e+01,-2.756623321600000054e+01,-4.577822375600000271e+01,-2.093913888999999884e+01
4.192092092100000222e+00,-3.592449169700000056e+01,-3.410964993000000334e+01,-2.760332111299999980e+01,-4.323562250500000204e+01,-2.102611963700000075e+01
4.212102102100000245e+00,-3.560387600899999683e+01,-3.404258391500000158e+01,-2.718440158499999981e+01,-4.361059652699999845e+01,-2.099746226199999910e+01
4.232112112100000267e+00,-3.523622420400000266e+01,-3.387021814999999947e+01,-2.644164464900000056e+01,-4.336851212900000263e+01,-2.084542064100000047e+01
4.252122122100000290e+00,-3.627109538300000224e+01,-3.340614690499999995e+01,-2.609582085799999973e+01,-4.304897204699999946e+01,-2.061767595999999969e+01
4.272132132100000312e+00,-3.662974104599999947e+01,-3.386041451199999841e+01,-2.615030300900000171e+01,-4.206181899500000299e+01,-2.057155238400000030e+01
4.292142142100000335e+00,-3.525301588199999969e+01,-3.511944039299999787e+01,-2.639873388099999829e+01,-4.076377044699999885e+01,-2.041269590199999939e+01
4.312152152199999477e+00,-3.512362988099999939e+01,-3.473335960600000050e+01,-2.581434733400000070e+01,-4.123634362899999672e+01,-2.029629313299999893e+01
4.332162162199999500e+00,-3.576589320899999791e+01,-3.370074281000000127e+01,-2.539918931600000107e+01,-4.114445347699999900e+01,-2.026322714200000163e+01
4.352172172199999522e+00,-3.497589240599999982e+01,-3.433042188900000014e+01,-2.544291227700000135e+01,-4.214618772299999705e+01,-2.011216716299999874e+01
4.372182182199999545e+00,-3.623400639399999790e+01,-3.446801004000000290e+01,-2.546030324399999856e+01,-4.069944960600000172e+01,-2.010102211999999966e+01
4.392192192199999567e+00,-3.597813748499999775e+01,-3.434935386099999732e+01,-2.567202613999999983e+01,-4.107801739800000007e+01,-2.014304708799999943e+01
4.412202202199999590e+00,-3.564842345999999651e+01,-3.516920065899999770e+01,-2.556904926400000022e+01,-4.131889794700000351e+01,-2.016948555500000140e+01
4.432212212199999612e+00,-3.550920471399999911e+01,-3.553025655900000146e+01,-2.510053877600000050e+01,-4.189841012000000120e+01,-2.022846042100000119e+01
4.452222222199999635e+00,-3.498709008800000220e+01,-3.550052935899999795e+01,-2.498573460700000126e+01,-4.110980206400000014e+01,-2.055946711400000027e+01
4.472232232199999657e+00,-3.581416646200000287e+01,-3.478524078899999949e+01,-2.490115102000000036e+01,-4.196609858200000076e+01,-2.092638748199999910e+01
4.492242242199999680e+00,-3.586276043899999877e+01,-3.516792489299999858e+01,-2.510386278600000054e+01,-4.292722806599999785e+01,-2.125618498500000086e+01
4.512252252300000599e+00,-3.690443089400000076e+01,-3.547977968800000070e+01,-2.487239893299999949e+01,-4.289323092200000076e+01,-2.170840826799999945e+01
4.532262262300000621e+00,-3.706180500400000000e+01,-3.528019515100000092e+01,-2.446527966600000070e+01,-4.113829101900000040e+01,-2.220853250200000062e+01
4.552272272299999756e+00,-3.687515165399999972e+01,-3.483996165700000347e+01,-2.438356984400000016e+01,-4.369670856700000172e+01,-2.282535193400000040e+01
4.572282282299999778e+00,-3.864153871399999929e+01,-3.485711283300000218e+01,-2.453717190800000125e+01,-4.597068756200000195e+01,-2.361776533700000158e+01
4.592292292299999801e+00,-3.887270533200000244e+01,-3.507805392400000244e+01,-2.428890409099999914e+01,-4.479637815299999914e+01,-2.440151121699999948e+01
4.612302302299999823e+00,-4.009687358899999765e+01,-3.376982719099999741e+01,-2.429864715600000125e+01,-4.490539744800000221e+01,-2.508490231600000087e+01
4.632312312299999846e+00,-4.067505412999999947e+01,-3.518396055699999891e+01,-2.417666936000000177e+01,-4.648876103999999998e+01,-2.572015426300000129e+01
4.652322322299999868e+00,-4.181911145499999805e+01,-3.397348548200000096e+01,-2.418993508300000173e+01,-4.618351314600000279e+01,-2.685584376199999923e+01
4.672332332299999891e+00,-4.025324414899999681e+01,-3.445608101500000231e+01,-2.414125064499999951e+01,-4.528973408000000234e+01,-2.756019308600000173e+01
4.692342342299999913e+00,-4.415475882999999868e+01,-3.345343299700000017e+01,-2.397528343400000139e+01,-4.368445308199999744e+01,-2.883053225500000138e+01
4.712352352399999944e+00,-4.462168853699999715e+01,-3.409741787400000135e+01,-2.407996693699999824e+01,-4.460964708200000217e+01,-2.938580841199999938e+01
4.732362362399999967e+00,-4.164414597599999723e+01,-3.347895475299999646e+01,-2.372932684299999906e+01,-4.454909290999999882e+01,-3.033997177499999864e+01
4.752372372399999989e+00,-4.469764677100000227e+01,-3.325615402199999693e+01,-2.345759994200000165e+01,-4.421586605099999900e+01,-3.128015200500000148e+01
4.772382382400000012e+00,-4.217956570100000135e+01,-3.412344359099999735e+01,-2.400856451800000002e+01,-4.519934077599999966e+01,-3.232868813900000049e+01
4.792392392400000034e+00,-4.181652395599999750e+01,-3.477318267100000071e+01,-2.391625662699999921e+01,-4.236159948299999911e+01,-3.275260930799999670e+01
4.812402402400000057e+00,-4.158612810300000007e+01,-3.470094008899999949e+01,-2.353164003599999887e+01,-4.219312443599999796e+01,-3.412232321799999823e+01
4.832412412399999191e+00,-4.155992553800000167e+01,-3.394109283400000265e+01,-2.349973088000000132e+01,-4.199675817800000033e+01,-3.480764458200000178e+01
4.852422422399999213e+00,-3.895854561899999879e+01,-3.377957855100000018e+01,-2.344557380299999849e+01,-4.235195860299999993e+01,-3.615110452300000077e+01
4.872432432399999236e+00,-3.904433426899999660e+01,-3.489625401299999652e+01,-2.397126253500000104e+01,-4.178960104099999739e+01,-3.874449693700000097e+01
4.892442442399999258e+00,-4.001384258800000282e+01,-3.458607812799999692e+01,-2.388220085300000051e+01,-4.181415063699999735e+01,-4.198537018399999710e+01
4.912452452500000177e+00,-3.902803391500000174e+01,-3.519572862300000082e+01,-2.368783124000000129e+01,-4.081119789400000286e+01,-4.100451934600000214e+01
4.932462462500000200e+00,-3.722786469700000112e+01,-3.452992293399999824e+01,-2.335435425200000026e+01,-4.068022176000000201e+01,-4.387694844300000341e+01
4.952472472500000222e+00,-3.692775318700000042e+01,-3.465731739400000322e+01,-2.352237606999999997e+01,-4.010458684099999971e+01,-4.589843574300000029e+01
4.972482482500000245e+00,-3.707075199500000195e+01,-3.368907457000000250e+01,-2.359395393400000174e+01,-4.121412562500000121e+01,-4.640587658799999815e+01
4.992492492500000267e+00,-3.713000228500000333e+01,-3.536107414199999965e+01,-2.398014165300000045e+01,-4.146525767499999660e+01,-4.452218597600000294e+01
5.012502502500000290e+00,-3.743136926399999709e+01,-3.637122704400000117e+01,-2.365866311899999985e+01,-4.248580909300000030e+01,-4.361891605600000332e+01
5.032512512500000312e+00,-3.747353949600000078e+01,-3.631633913400000324e+01,-2.360554224499999876e+01,-4.190131190000000316e+01,-4.079405090600000250e+01
5.052522522500000335e+00,-3.789274666299999694e+01,-3.642439898899999662e+01,-2.395191683299999852e+01,-4.238690569500000294e+01,-3.838157243199999868e+01
5.072532532500000357e+00,-3.774465694799999937e+01,-3.769255729000000343e+01,-2.403519401599999838e+01,-4.417465620899999834e+01,-3.805777507199999832e+01
5.092542542500000380e+00,-3.755104054800000313e+01,-3.582170543099999804e+01,-2.426843246600000015e+01,-4.611518474399999690e+01,-3.752214597199999702e+01
5.112552552600000411e+00,-3.743261686099999963e+01,-3.616563251299999848e+01,-2.456867073100000098e+01,-4.800715688799999725e+01,-3.664960328000000089e+01
5.132562562600000433e+00,-3.858668156899999957e+01,-3.885824274600000194e+01,-2.444241677300000148e+01,-4.903057817799999896e+01,-3.528550365000000255e+01
5.152572572600000456e+00,-3.734638281099999801e+01,-3.837227568899999852e+01,-2.503055053599999979e+01,-4.536129277700000273e+01,-3.516711329700000022e+01
5.172582582600000478e+00,-3.929972458400000335e+01,-3.919457378300000272e+01,-2.512272258699999838e+01,-4.613240069199999738e+01,-3.501268808199999683e+01
5.192592592600000501e+00,-3.665438398599999914e+01,-3.811218208700000076e+01,-2.554889711699999921e+01,-4.497162307899999689e+01,-3.479511824600000125e+01
5.212602602600000523e+00,-3.809744293100000334e+01,-3.860402752699999951e+01,-2.629496512400000086e+01,-4.558663459000000273e+01,-3.504294433300000122e+01
5.232612612600000546e+00,-3.865434916499999929e+01,-4.482770764499999672e+01,-2.607442398399999917e+01,-4.779166351599999985e+01,-3.436589809899999892e+01
5.252622622600000568e+00,-3.751694831500000049e+01,-3.981510023199999893e+01,-2.619272277700000018e+01,-4.494493008700000303e+01,-3.394759600700000135e+01
5.272632632600000591e+00,-3.856388325900000069e+01,-4.183647246099999961e+01,-2.663719363999999956e+01,-4.593563075600000190e+01,-3.339794842100000238e+01
5.292642642600000613e+00,-3.758322470899999956e+01,-4.029626096599999840e+01,-2.655271750500000039e+01,-4.476431585299999938e+01,-3.273903736100000117e+01
5.312652652699999756e+00,-3.927465997699999889e+01,-4.074881983400000252e+01,-2.720600672799999842e+01,-4.586038727100000045e+01,-3.209404868499999708e+01
5.332662662699999778e+00,-4.211529174399999675e+01,-4.715731813000000017e+01,-2.697025267800000137e+01,-4.420299095699999725e+01,-3.185735873799999851e+01
5.352672672699999801e+00,-4.032966021499999698e+01,-4.346983239200000071e+01,-2.708289397900000139e+01,-4.792579442899999975e+01,-3.153057334300000036e+01
5.372682682699999823e+00,-4.095325857899999988e+01,-4.679161043399999897e+01,-2.698479561199999921e+01,-4.756684221599999773e+01,-3.046131433400000077e+01
5.392692692699999846e+00,-4.287003435999999823e+01,-4.758033463900000015e+01,-2.777027025699999996e+01,-4.522331557100000055e+01,-3.056867317800000095e+01
5.412702702699999868e+00,-4.376709878300000156e+01,-4.796229908899999828e+01,-2.820282948199999851e+01,-4.644252640999999926e+01,-2.970692585200000124e+01
5.432712712699999891e+00,-4.481320809000000338e+01,-4.429916026000000073e+01,-2.816729419199999995e+01,-4.826282287499999768e+01,-2.944516476900000157e+01
5.452722722699999913e+00,-4.255668587600000308e+01,-4.140281227799999897e+01,-2.821760629499999951e+01,-4.919683035799999971e+01,-2.971532009999999957e+01
5.472732732699999936e+00,-4.462997875399999970e+01,-3.821588517499999682e+01,-2.875639853999999929e+01,-4.680651078300000023e+01,-2.950745052899999976e+01
5.492742742699999958e+00,-4.533311669799999777e+01,-3.903527720299999970e+01,-2.866219622599999894e+01,-5.539304640299999960e+01,-2.975192575399999839e+01
5.512752752799999989e+00,-4.455179083299999832e+01,-3.729420089900000335e+01,-2.939505754199999998e+01,-4.686913740899999681e+01,-2.922066103399999903e+01
5.532762762800000012e+00,-4.663478394700000251e+01,-3.486112779399999795e+01,-2.987726338899999945e+01,-5.307047281799999894e+01,-2.872698688399999867e+01
5.552772772800000034e+00,-4.865528485400000136e+01,-3.371945104800000337e+01,-3.043683579400000028e+01,-4.850865436899999850e+01,-2.946664287700000173e+01
5.572782782800000057e+00,-4.381697670300000169e+01,-3.294221685000000122e+01,-3.124156556100000159e+01,-4.947189614599999885e+01,-2.876216803200000172e+01
5.592792792800000079e+00,-4.212113993700000236e+01,-3.215467245699999665e+01,-3.089838465400000089e+01,-4.510682848700000136e+01,-2.934728924099999858e+01
5.612802802800000102e+00,-4.544869065599999658e+01,-3.116458899499999902e+01,-3.237285880600000354e+01,-4.308997919200000126e+01,-2.917180406700000006e+01
5.632812812800000124e+00,-4.444888661200000257e+01,-3.020767702199999860e+01,-3.213939597499999934e+01,-4.578162825399999747e+01,-2.906562451799999991e+01
5.652822822800000147e+00,-4.463527229999999690e+01,-2.934355881600000160e+01,-3.112050857299999862e+01,-4.438666922699999873e+01,-2.897402861500000171e+01
5.672832832800000169e+00,-4.399531970400000347e+01,-2.899338318899999933e+01,-3.045918948199999932e+01,-4.646387821199999735e+01,-2.876614841299999981e+01
5.692842842800000192e+00,-4.629550099200000091e+01,-2.834928534000000155e+01,-2.992968140600000027e+01,-4.223153887099999793e+01,-2.914818446499999993e+01
5.712852852899999334e+00,-4.792632627300000081e+01,-2.781540548399999935e+01,-2.929622901100000121e+01,-4.613242923499999648e+01,-2.904259218800000042e+01
5.732862862899999357e+00,-4.668741742600000322e+01,-2.770195234399999862e+01,-2.834339881300000030e+01,-4.297989994499999966e+01,-2.877345804400000162e+01
5.752872872899999379e+00,-4.995833211600000112e+01,-2.775528373699999918e+01,-2.685726815099999953e+01,-4.287998162000000235e+01,-2.971099112199999936e+01
5.772882882899999402e+00,-6.675394864800000505e+01,-2.735300079599999989e+01,-2.651229417100000063e+01,-4.330757250799999980e+01,-2.959489399399999954e+01
5.792892892899999424e+00,-4.849106569399999955e+01,-2.647344525500000145e+01,-2.569222821099999976e+01,-4.363056659699999784e+01,-2.943596007800000081e+01
5.812902902899999447e+00,-5.255689166700000214e+01,-2.682528964100000124e+01,-2.463315575200000040e+01,-4.244703704599999838e+01,-2.920953294399999933e+01
5.832912912899999469e+00,-4.919338850700000165e+01,-2.713487612500000168e+01,-2.410213487900000118e+01,-4.242829384600000253e+01,-2.897323427699999954e+01
5.852922922899999492e+00,-4.704935882499999877e+01,-2.664465973800000143e+01,-2.356978213400000044e+01,-4.111828778800000350e+01,-2.893607331700000174e+01
5.872932932899999514e+00,-4.251935636599999668e+01,-2.617095727099999891e+01,-2.312897965999999883e+01,-4.458810701499999851e+01,-2.874511229000000156e+01
5.892942942899999537e+00,-4.219520743300000021e+01,-2.620405545699999905e+01,-2.298739265900000106e+01,-4.536251342199999925e+01,-2.923458357499999849e+01
5.912952952999999567e+00,-3.882805190500000236e+01,-2.590640395000000140e+01,-2.291473501200000129e+01,-4.152473975600000244e+01,-2.897962419799999978e+01
5.932962962999999590e+00,-3.766814416399999743e+01,-2.547325752500000107e+01,-2.258423598399999932e+01,-4.308577434899999758e+01,-2.865817662499999940e+01
5.952972972999999612e+00,-3.773720313199999765e+01,-2.562374165199999965e+01,-2.251376703800000101e+01,-4.397404474399999685e+01,-2.894928167899999849e+01
5.972982982999999635e+00,-3.668664713300000102e+01,-2.565048584599999870e+01,-2.228378270800000038e+01,-4.597736720099999985e+01,-2.948699867699999899e+01
5.992992992999999657e+00,-3.727314163900000210e+01,-2.536137551199999862e+01,-2.200364617800000033e+01,-4.345947901200000274e+01,-2.999544275499999912e+01
6.013003002999999680e+00,-3.634382380600000317e+01,-2.528505327199999897e+01,-2.210957286300000035e+01,-3.942445732400000225e+01,-3.035917827600000152e+01
6.033013012999999702e+00,-3.573026482200000231e+01,-2.565722902199999922e+01,-2.216658930999999910e+01,-4.092399769299999690e+01,-3.102517160400000051e+01
6.053023022999999725e+00,-3.635150661800000194e+01,-2.553659280800000175e+01,-2.225522135900000009e+01,-3.820856971300000282e+01,-3.129459386399999943e+01
6.073033032999999747e+00,-3.518570913199999950e+01,-2.622614011800000000e+01,-2.223072262000000165e+01,-3.848997494300000000e+01,-3.200441562999999690e+01
6.093043042999999770e+00,-3.398390600700000164e+01,-2.615122691399999866e+01,-2.215256144599999999e+01,-3.773309063600000002e+01,-3.330491668999999888e+01
6.113053053100000689e+00,-3.424554601500000217e+01,-2.638049354800000046e+01,-2.226211721800000021e+01,-3.483558896000000260e+01,-3.428714288700000168e+01
6.133063063100000711e+00,-3.366233725000000021e+01,-2.662676264999999987e+01,-2.220957798199999900e+01,-3.475696491000000066e+01,-3.568906214999999804e+01
6.153073073100000734e+00,-3.475083956400000318e+01,-2.798764193999999961e+01,-2.256209464599999848e+01,-3.389775379600000349e+01,-3.780174298499999708e+01
6.173083083100000756e+00,-3.546572251100000273e+01,-2.802302276700000050e+01,-2.238125320099999982e+01,-3.291711542400000212e+01,-3.773794736600000022e+01
6.193093093100000779e+00,-3.509860268599999955e+01,-2.890756907400000131e+01,-2.243417448800000003e+01,-3.297819671799999952e+01,-3.820623045199999979e+01
6.213103103100000801e+00,-3.519080734399999955e+01,-2.904572487000000081e+01,-2.268296917700000037e+01,-3.273818323300000088e+01,-3.622749344900000068e+01
6.233113113100000824e+00,-3.578409924000000331e+01,-3.072669857100000002e+01,-2.262461533900000177e+01,-3.246270884900000198e+01,-3.550983630000000346e+01
6.253123123099999958e+00,-3.596877325300000194e+01,-3.158031525599999867e+01,-2.281466499800000136e+01,-3.286714746999999903e+01,-3.413968036400000017e+01
6.273133133099999981e+00,-3.552047962099999978e+01,-3.256251005499999707e+01,-2.304454748199999869e+01,-3.279241849299999956e+01,-3.223690784499999751e+01
6.293143143100000003e+00,-3.512509467600000335e+01,-3.275297519099999732e+01,-2.286322153500000098e+01,-3.210133067999999668e+01,-3.076916047299999946e+01
6.313153153200000034e+00,-3.802597248699999710e+01,-3.491266894999999693e+01,-2.308592846699999868e+01,-3.226687125600000172e+01,-3.051443376900000004e+01
6.333163163200000056e+00,-3.754537723899999691e+01,-3.688254651500000136e+01,-2.271522285900000071e+01,-3.210921135099999901e+01,-2.932979647799999867e+01
6.353173173200000079e+00,-3.778747719999999788e+01,-3.695931424900000195e+01,-2.275269174399999983e+01,-3.276644803700000352e+01,-2.879459095800000057e+01
6.373183183200000101e+00,-3.934585812499999946e+01,-3.800224208400000236e+01,-2.269262392499999947e+01,-3.237087262899999729e+01,-2.876189552299999974e+01
6.393193193200000124e+00,-3.813022686699999753e+01,-3.830993009099999824e+01,-2.235800786800000139e+01,-3.204243805299999792e+01,-2.886501045300000001e+01
6.413203203200000146e+00,-3.931499614100000173e+01,-4.161679130099999924e+01,-2.195092735300000086e+01,-3.166503425999999877e+01,-2.857126862200000161e+01
6.433213213200000169e+00,-3.867987483900000001e+01,-3.985434969500000335e+01,-2.185102935100000110e+01,-3.179691335100000060e+01,-2.842589511199999919e+01
6.453223223200000191e+00,-4.135664029099999794e+01,-4.038147991700000006e+01,-2.153560758000000064e+01,-3.253456862699999874e+01,-2.776212126100000077e+01
6.473233233200000214e+00,-3.872248944799999748e+01,-4.004383307300000183e+01,-2.135335409099999993e+01,-3.252664802200000338e+01,-2.719526051400000100e+01
6.493243243200000236e+00,-3.813980415300000004e+01,-3.926417219500000044e+01,-2.107827739800000089e+01,-3.223348649199999727e+01,-2.764273407700000007e+01
6.513253253300000267e+00,-3.943569518000000329e+01,-4.207504394200000064e+01,-2.059491437999999874e+01,-3.233318704199999871e+01,-2.772767824900000022e+01
6.533263263300000290e+00,-3.923221858000000140e+01,-4.217010239900000101e+01,-2.017895097599999943e+01,-3.278216985899999969e+01,-2.730285885300000004e+01
6.553273273300000312e+00,-3.852405532899999940e+01,-4.169484600799999896e+01,-2.021352051699999919e+01,-3.257996895000000137e+01,-2.713881206299999960e+01
6.573283283300000335e+00,-3.987044977899999765e+01,-3.883467474500000094e+01,-1.953298339699999886e+01,-3.285495222000000126e+01,-2.750983621499999998e+01
6.593293293300000357e+00,-3.793377409000000000e+01,-3.894689941000000033e+01,-1.961030176799999936e+01,-3.257686088199999830e+01,-2.732076943399999891e+01
6.613303303300000380e+00,-3.724767086599999999e+01,-3.703965412400000190e+01,-1.933986345299999954e+01,-3.279754109499999970e+01,-2.707833812100000159e+01
6.633313313300000402e+00,-3.634439538899999889e+01,-3.419524301700000279e+01,-1.937255967000000112e+01,-3.339776552000000009e+01,-2.733410329799999872e+01
6.653323323300000425e+00,-3.616243441900000022e+01,-3.233143220299999854e+01,-1.937546501599999971e+01,-3.245562144899999879e+01,-2.707066060700000065e+01
6.673333333300000447e+00,-3.441043311300000340e+01,-3.210259812799999679e+01,-1.940581445300000141e+01,-3.197725232299999831e+01,-2.790929229700000036e+01
6.693343343300000470e+00,-3.502798357799999707e+01,-3.025029355999999936e+01,-1.964674752699999871e+01,-3.216058817799999758e+01,-2.845272212900000142e+01
6.713353353399999612e+00,-3.437735085399999946e+01,-2.971033929500000070e+01,-1.971317240799999837e+01,-3.244439034199999838e+01,-2.814578129199999879e+01
6.733363363399999635e+00,-3.653456480199999845e+01,-2.916768492599999973e+01,-1.994185555900000040e+01,-3.342058441599999696e+01,-2.860183450299999919e+01
6.753373373399999657e+00,-3.614740247000000295e+01,-2.902045960799999946e+01,-1.998276597499999951e+01,-3.247936722499999718e+01,-2.828730931699999829e+01
6.773383383399999680e+00,-3.479125161399999655e+01,-2.854210784300000014e+01,-2.018163896300000104e+01,-3.328190103099999675e+01,-2.802588215100000113e+01
6.793393393399999702e+00,-3.596407797500000214e+01,-2.863931554399999868e+01,-2.052609067399999887e+01,-3.297629627999999968e+01,-2.865897609499999987e+01
6.813403403399999725e+00,-3.542160600900000134e+01,-2.833092933200000019e+01,-2.049244152400000019e+01,-3.173160123699999957e+01,-2.754332066699999970e+01
6.833413413399999747e+00,-3.593209429400000232e+01,-2.835494716199999843e+01,-2.069612078100000119e+01,-3.097106784400000024e+01,-2.800372703700000088e+01
6.853423423399999770e+00,-3.531233103099999937e+01,-2.816042596999999859e+01,-2.113300688700000052e+01,-3.046678938100000167e+01,-2.692022286999999992e+01
6.873433433399999792e+00,-3.393344413799999870e+01,-2.784308131299999900e+01,-2.110047641699999943e+01,-3.026727767599999908e+01,-2.703803056699999985e+01
6.893443443399999815e+00,-3.325141856300000143e+01,-2.789682523400000136e+01,-2.130392814100000010e+01,-2.904300035300000005e+01,-2.620478141399999927e+01
6.913453453499999846e+00,-3.325981959199999949e+01,-2.818244133800000029e+01,-2.183375763300000116e+01,-2.857281722800000168e+01,-2.572893542699999969e+01
6.933463463499999868e+00,-3.312910261599999728e+01,-2.835970920300000131e+01,-2.207404692600000118e+01,-2.799220210400000042e+01,-2.558221071299999849e+01
6.953473473499999891e+00,-3.203586457800000176e+01,-2.832356370700000170e+01,-2.226420911800000013e+01,-2.726092206099999871e+01,-2.516703739300000109e+01
6.973483483499999913e+00,-3.111895796800000014e+01,-2.901809716800000061e+01,-2.239265372399999876e+01,-2.719515643900000157e+01,-2.478231550499999969e+01
6.993493493499999936e+00,-2.966368896699999880e+01,-2.944112511799999865e+01,-2.273581701000000166e+01,-2.679733850299999887e+01,-2.454234512800000090e+01
7.013503503499999958e+00,-3.034736181199999905e+01,-2.829644027399999828e+01,-2.276446716699999939e+01,-2.636323096499999963e+01,-2.438056608600000175e+01
7.033513513499999981e+00,-2.965218853100000018e+01,-2.864859534200000013e+01,-2.277797938499999830e+01,-2.660699275500000027e+01,-2.416853981599999912e+01
7.053523523500000003e+00,-2.891576071500000111e+01,-2.862979620799999836e+01,-2.337235793299999997e+01,-2.636334979900000164e+01,-2.421849556700000150e+01
7.073533533500000026e+00,-2.835135964099999839e+01,-2.878372527599999842e+01,-2.360626311500000085e+01,-2.626884786300000130e+01,-2.424052388899999855e+01
7.093543543500000048e+00,-2.818667679800000059e+01,-2.850412920500000169e+01,-2.394101718099999943e+01,-2.626850089399999888e+01,-2.475133213499999840e+01
7.113553553600000079e+00,-2.809505041199999908e+01,-2.857024065699999937e+01,-2.400015369999999848e+01,-2.582895319600000050e+01,-2.472645709300000050e+01
7.133563563600000101e+00,-2.748979095299999997e+01,-2.838525496200000120e+01,-2.455029446900000067e+01,-2.590430878200000109e+01,-2.486801667599999988e+01
7.153573573600000124e+00,-2.716781547800000141e+01,-2.918636264499999911e+01,-2.518731607400000172e+01,-2.508309601099999853e+01,-2.498960012499999905e+01
7.173583583600000146e+00,-2.800713651699999929e+01,-2.930045321000000058e+01,-2.562522088100000062e+01,-2.518147351300000025e+01,-2.533104832300000098e+01
7.193593593600000169e+00,-2.794361500999999848e+01,-3.053746559800000071e+01,-2.605929301800000175e+01,-2.497874175700000166e+01,-2.560842307500000103e+01
7.213603603600000191e+00,-2.769113005899999891e+01,-3.112208742199999989e+01,-2.672689776900000069e+01,-2.497802637599999898e+01,-2.554075729099999847e+01
7.233613613600000214e+00,-2.782691862600000121e+01,-3.131030571799999862e+01,-2.720333391799999845e+01,-2.478834515699999841e+01,-2.603531235999999893e+01
7.253623623600000236e+00,-2.833647570000000115e+01,-3.280125978200000247e+01,-2.763335655099999855e+01,-2.498791920700000091e+01,-2.619837137700000085e+01
7.273633633600000259e+00,-2.782545830800000175e+01,-3.407133333099999817e+01,-2.816178595799999940e+01,-2.485027153000000055e+01,-2.656231681899999941e+01
7.293643643600000281e+00,-2.913700425800000104e+01,-3.648955266800000174e+01,-2.752620859800000019e+01,-2.498974208299999944e+01,-2.722131736900000121e+01
7.313653653699999424e+00,-2.962534139299999936e+01,-3.794734789000000319e+01,-2.747846014299999950e+01,-2.550529633300000043e+01,-2.801914954300000105e+01
7.333663663699999447e+00,-3.059391619799999873e+01,-3.957791969000000165e+01,-2.796339495200000158e+01,-2.566893890600000105e+01,-2.869260330599999875e+01
7.353673673699999469e+00,-3.067490321000000009e+01,-3.878870898099999920e+01,-2.707638614800000099e+01,-2.572856074299999918e+01,-3.053143732599999893e+01
7.373683683699999492e+00,-3.090970841900000110e+01,-3.758124408300000141e+01,-2.667770318299999843e+01,-2.659851809899999964e+01,-3.074776308999999941e+01
7.393693693699999514e+00,-3.297679489600000124e+01,-3.368518300400000243e+01,-2.669172598000000107e+01,-2.648231411100000088e+01,-3.186029014200000020e+01
7.413703703699999537e+00,-3.298782676999999808e+01,-3.234499228699999662e+01,-2.655980654000000030e+01,-2.665224828499999887e+01,-3.269196988200000220e+01
7.433713713699999559e+00,-3.521025826300000006e+01,-3.076258609899999996e+01,-2.617594940800000103e+01,-2.723496467100000018e+01,-3.415239882899999913e+01
7.453723723699999582e+00,-3.736975478400000128e+01,-2.956560310300000083e+01,-2.637712125399999863e+01,-2.864536805299999855e+01,-3.489048264800000254e+01
7.473733733699999604e+00,-3.831249760200000054e+01,-2.918362051500000121e+01,-2.670146064400000085e+01,-2.817941726700000160e+01,-3.626379324900000256e+01
7.493743743699999627e+00,-4.019647768400000132e+01,-2.777367727700000088e+01,-2.788993340900000106e+01,-2.906892972400000019e+01,-3.800220258699999931e+01
7.513753753800000545e+00,-4.555183198499999975e+01,-2.725611909399999888e+01,-2.890952811800000077e+01,-3.032293465500000096e+01,-4.053500523099999953e+01
7.533763763800000568e+00,-5.441790860100000060e+01,-2.620663848099999882e+01,-2.883101789199999843e+01,-3.071801747199999966e+01,-3.979809240299999828e+01
7.553773773800000590e+00,-4.944088634799999937e+01,-2.562566059299999921e+01,-2.935919620299999977e+01,-3.141214462499999982e+01,-3.964570826399999959e+01
7.573783783800000613e+00,-4.400755532200000175e+01,-2.531079284999999857e+01,-3.047404878500000081e+01,-3.218637914100000330e+01,-3.749132869200000329e+01
7.593793793799999747e+00,-4.474425718900000248e+01,-2.532081349499999945e+01,-3.198024805500000056e+01,-3.319615096799999776e+01,-3.595657699400000240e+01
7.613803803799999770e+00,-4.205631970900000027e+01,-2.540620372300000085e+01,-3.375048525900000129e+01,-3.284641824999999926e+01,-3.518742713400000355e+01
7.633813813799999792e+00,-4.050971025700000183e+01,-2.543951322499999890e+01,-3.316492819199999786e+01,-3.332193594299999972e+01,-3.493795661400000085e+01
7.653823823799999815e+00,-3.650688769900000352e+01,-2.509280002999999937e+01,-3.391307498799999820e+01,-3.469826711799999686e+01,-3.346955579899999833e+01
7.673833833799999837e+00,-3.701412152399999655e+01,-2.513615960099999924e+01,-3.573245513900000248e+01,-3.442610747999999887e+01,-3.311192244699999776e+01
7.693843843799999860e+00,-3.611197107099999926e+01,-2.532617101599999998e+01,-3.701835863499999846e+01,-3.483657568400000315e+01,-3.311414787999999731e+01
7.713853853899999891e+00,-3.527196331599999723e+01,-2.539864765900000165e+01,-3.637089257899999950e+01,-3.504950955700000037e+01,-3.287307193000000183e+01
7.733863863899999913e+00,-3.573203079299999985e+01,-2.618348647399999862e+01,-3.787468377799999786e+01,-3.589184933899999663e+01,-3.271215869000000254e+01
7.753873873899999936e+00,-3.423439103799999828e+01,-2.609302120399999936e+01,-3.651724305599999809e+01,-3.795085207700000041e+01,-3.251336019099999675e+01
7.773883883899999958e+00,-3.439891591300000329e+01,-2.698940980700000125e+01,-3.814034069099999869e+01,-3.832087219099999942e+01,-3.217980056700000091e+01
7.793893893899999981e+00,-3.524377621099999658e+01,-2.771343814300000119e+01,-3.807379168800000002e+01,-4.028240010799999737e+01,-3.189248415499999822e+01
7.813903903900000003e+00,-3.291461430700000079e+01,-2.789127064499999875e+01,-3.593197375100000102e+01,-3.909970015799999743e+01,-3.231438924300000082e+01
7.833913913900000026e+00,-3.553718666500000012e+01,-2.754631638000000038e+01,-3.683077523299999712e+01,-3.766012035300000349e+01,-3.178976727699999927e+01
7.853923923900000048e+00,-3.421855901699999691e+01,-2.774867013100000079e+01,-3.521669538799999799e+01,-3.776917279199999911e+01,-3.067024248499999928e+01
7.873933933899999182e+00,-3.355204716299999745e+01,-2.831390828700000029e+01,-3.617947384899999719e+01,-3.835180192800000043e+01,-3.180107459299999917e+01
7.893943943899999205e+00,-3.400885957999999931e+01,-2.751018586800000065e+01,-3.455466419900000119e+01,-3.878952744400000086e+01,-3.127406220900000022e+01
7.913953954000000124e+00,-3.257944220899999976e+01,-2.761394024699999861e+01,-3.485502501100000217e+01,-3.737316664299999758e+01,-3.219706295200000312e+01
7.933963964000000146e+00,-3.268501634999999794e+01,-2.761428587500000020e+01,-3.380356242700000280e+01,-3.709037597500000061e+01,-3.172758374800000070e+01
7.953973974000000169e+00,-3.142487682699999851e+01,-2.706873949299999893e+01,-3.387076048800000194e+01,-3.949086350999999695e+01,-3.188758117800000136e+01
7.973983984000000191e+00,-3.173626691600000171e+01,-2.724049314100000174e+01,-3.175653777799999844e+01,-4.021148320300000023e+01,-3.178316592499999871e+01
7.993993994000000214e+00,-2.968373832400000012e+01,-2.760486404499999935e+01,-3.186505030300000030e+01,-3.703217150999999774e+01,-3.026712866500000132e+01
8.014004004000000236e+00,-3.015327689200000094e+01,-2.688460015000000070e+01,-3.109942769999999967e+01,-3.806301096699999675e+01,-3.037270978800000165e+01
8.034014014000000259e+00,-3.011818008299999860e+01,-2.694586439600000105e+01,-3.132215738700000074e+01,-3.989744373399999944e+01,-2.939487973800000020e+01
8.054024024000000281e+00,-3.038667407999999881e+01,-2.715764534799999907e+01,-3.134850546299999863e+01,-4.250899550500000146e+01,-2.920800199299999989e+01
8.074034034000000304e+00,-2.852790328700000089e+01,-2.587611349799999871e+01,-3.189487952600000042e+01,-4.274184107399999988e+01,-2.908552000199999910e+01
8.094044044000000326e+00,-2.887642059099999869e+01,-2.596498744399999836e+01,-3.110492105499999838e+01,-4.102283452599999691e+01,-2.923414864500000121e+01
8.114054054100000357e+00,-2.872742849100000129e+01,-2.665684827600000162e+01,-3.128792502099999950e+01,-3.979086730299999886e+01,-2.833525128799999848e+01
8.134064064100000380e+00,-2.824767840499999849e+01,-2.621661367600000148e+01,-3.210616077400000279e+01,-4.254569128100000341e+01,-2.764759639000000035e+01
8.154074074100000402e+00,-2.828219312299999899e+01,-2.682744073699999987e+01,-3.201103179300000079e+01,-4.310538120999999734e+01,-2.747339274699999834e+01
8.174084084100000425e+00,-2.847607992700000068e+01,-2.640360799700000172e+01,-3.104095660400000156e+01,-3.978283500199999878e+01,-2.755535241999999840e+01
8.194094094100000447e+00,-2.773742657600000072e+01,-2.636054876000000036e+01,-3.202623326900000222e+01,-3.877585719500000039e+01,-2.715830841100000015e+01
8.214104104100000470e+00,-2.762734632800000156e+01,-2.679530337099999926e+01,-3.107598134399999878e+01,-3.774295626100000334e+01,-2.732290954400000160e+01
8.234114114100000492e+00,-2.786660145800000166e+01,-2.647278915400000088e+01,-3.063271710900000144e+01,-3.825879216700000285e+01,-2.763853746499999886e+01
8.254124124100000515e+00,-2.752927445299999931e+01,-2.710745491699999832e+01,-3.129970075099999960e+01,-4.058429514499999868e+01,-2.748317565900000048e+01
8.274134134100000537e+00,-2.775540398800000119e+01,-2.653663647699999828e+01,-3.092626009900000028e+01,-3.892634102000000240e+01,-2.851932834699999830e+01
8.294144144100000560e+00,-2.722228886099999912e+01,-2.711072804699999850e+01,-3.088174950499999838e+01,-3.825161316199999817e+01,-2.917341692700000166e+01
8.314154154200000590e+00,-2.686468651499999893e+01,-2.711502694200000008e+01,-3.098797022300000137e+01,-3.974325546200000048e+01,-2.908222118699999825e+01
8.334164164200000613e+00,-2.717233204500000099e+01,-2.683742424600000120e+01,-3.130497113699999900e+01,-4.077917388299999857e+01,-2.960422964300000004e+01
8.354174174200000635e+00,-2.792850812900000079e+01,-2.698433974199999952e+01,-3.027833478200000172e+01,-4.145327905799999968e+01,-3.120158050999999944e+01
8.374184184200000658e+00,-2.874004756500000113e+01,-2.688470878900000116e+01,-3.090252146099999919e+01,-3.858589866900000231e+01,-3.094794130800000076e+01
8.394194194200000680e+00,-2.810021283800000091e+01,-2.780576067599999845e+01,-3.032960127400000161e+01,-4.001281820500000208e+01,-3.114945726399999870e+01
8.414204204199998927e+00,-2.785371598800000115e+01,-2.722056897999999947e+01,-3.023137693199999987e+01,-3.857902558899999690e+01,-3.234813517500000302e+01
8.434214214199998949e+00,-2.891496171100000012e+01,-2.800645101699999984e+01,-3.051452975400000156e+01,-3.818899535999999983e+01,-3.286577974299999738e+01
8.454224224199998972e+00,-3.021464246400000064e+01,-2.801082080899999838e+01,-3.095297102099999975e+01,-3.627197538800000132e+01,-3.403117882899999813e+01
8.474234234199998994e+00,-2.987973759500000170e+01,-2.934166145800000081e+01,-3.167163666600000127e+01,-3.474375011499999744e+01,-3.270219233699999961e+01
8.494244244199999017e+00,-3.014245007099999896e+01,-2.891729958499999853e+01,-3.171968769700000124e+01,-3.543691299200000344e+01,-3.282528894200000025e+01
8.514254254300000824e+00,-3.165287093399999918e+01,-2.938580456400000074e+01,-3.344381318599999986e+01,-3.350526461300000136e+01,-3.273813595800000087e+01
8.534264264300000846e+00,-3.138544323100000000e+01,-3.100280175900000046e+01,-3.408619243399999732e+01,-3.138244186500000055e+01,-3.296585896100000213e+01
8.554274274300000869e+00,-3.352206978600000298e+01,-3.072719785299999984e+01,-3.339856332600000144e+01,-3.098987021599999991e+01,-3.294010632300000196e+01
8.574284284300000891e+00,-3.561492095799999902e+01,-3.036394219399999983e+01,-3.423998300000000228e+01,-2.960344415899999859e+01,-3.219573522900000029e+01
8.594294294299999137e+00,-3.530629531000000298e+01,-3.216015653499999871e+01,-3.716458924599999847e+01,-2.983585794200000052e+01,-3.215427144099999879e+01
8.614304304299999160e+00,-3.714736099400000313e+01,-3.144590958999999941e+01,-3.676459004600000213e+01,-2.854273037000000102e+01,-3.203114576899999832e+01
8.634314314299999182e+00,-3.951474561799999918e+01,-3.332395210300000343e+01,-3.686214359099999882e+01,-2.842895677399999954e+01,-3.234944083900000322e+01
8.654324324299999205e+00,-5.603202128400000248e+01,-3.377940677899999855e+01,-3.495506373199999928e+01,-2.884525011099999858e+01,-3.178527704900000117e+01
8.674334334299999227e+00,-5.312375328200000268e+01,-3.276382109200000059e+01,-3.198969664299999849e+01,-2.798336386300000100e+01,-2.992992738399999908e+01
8.694344344299999250e+00,-5.171180703400000311e+01,-3.225277744000000268e+01,-3.313047646199999718e+01,-2.838704936399999923e+01,-3.006024183999999977e+01
8.714354354399999281e+00,-5.630172893299999970e+01,-3.158216065999999955e+01,-3.302722574399999900e+01,-2.855373604100000051e+01,-2.915427661000000015e+01
8.734364364399999303e+00,-4.219659998699999903e+01,-3.253330254400000143e+01,-3.180326858999999828e+01,-2.822334769000000065e+01,-2.769467811499999854e+01
8.754374374399999326e+00,-4.257895424899999881e+01,-3.160484634799999881e+01,-3.072642191099999920e+01,-2.874439681500000177e+01,-2.727011716599999858e+01
8.774384384399999348e+00,-3.776063164400000005e+01,-3.202183294700000005e+01,-3.149945760399999983e+01,-2.829332556900000029e+01,-2.650802531100000081e+01
8.794394394399999371e+00,-3.696430694400000050e+01,-3.241787188200000003e+01,-3.024197994600000072e+01,-2.792211355999999967e+01,-2.581682252199999894e+01
8.814404404399999393e+00,-3.654021850600000221e+01,-3.201824779799999732e+01,-3.011655942799999863e+01,-2.817940396699999894e+01,-2.486237873800000031e+01
8.834414414399999416e+00,-3.524542680100000069e+01,-3.079754324199999971e+01,-3.053445397799999839e+01,-2.821961016599999894e+01,-2.407086760500000011e+01
8.854424424399999438e+00,-3.459992783900000290e+01,-3.234073999799999655e+01,-3.005352824699999914e+01,-2.755651987599999941e+01,-2.384898502000000065e+01
8.874434434399999461e+00,-3.465960362999999944e+01,-3.147398550200000145e+01,-2.857619059600000000e+01,-2.686526739299999988e+01,-2.310902359199999978e+01
8.894444444399999483e+00,-3.481555548899999764e+01,-3.161307286799999972e+01,-2.967856303499999981e+01,-2.655127734199999878e+01,-2.256789455399999866e+01
8.914454454499999514e+00,-3.553376575099999712e+01,-3.319100520799999998e+01,-2.882364042900000101e+01,-2.588633977199999947e+01,-2.285823673399999834e+01
8.934464464499999536e+00,-3.491537301900000045e+01,-3.113194426800000159e+01,-2.820109799800000161e+01,-2.584276152099999990e+01,-2.251850751599999967e+01
8.954474474499999559e+00,-3.373640770299999758e+01,-3.062113805999999983e+01,-2.918418477799999877e+01,-2.505190321099999906e+01,-2.198114963900000163e+01
8.974484484499999581e+00,-3.410774397600000185e+01,-3.051956329300000093e+01,-2.857420319199999881e+01,-2.494051548599999890e+01,-2.195257990500000034e+01
8.994494494499999604e+00,-3.238999645199999833e+01,-3.034899269599999982e+01,-2.847282517800000079e+01,-2.478715881999999837e+01,-2.210498988799999864e+01
9.014504504499999626e+00,-3.424784669999999664e+01,-3.009384728099999862e+01,-2.800185938099999916e+01,-2.448110459500000147e+01,-2.199483688500000156e+01
9.034514514499999649e+00,-3.180600567200000128e+01,-3.172232121200000066e+01,-2.794673787300000001e+01,-2.349826617600000134e+01,-2.213234314800000035e+01
9.054524524499999671e+00,-3.168779342999999926e+01,-3.077222764700000113e+01,-2.938955508900000169e+01,-2.413534904699999828e+01,-2.244407831699999889e+01
9.074534534499999694e+00,-3.017862494799999951e+01,-3.246926722799999965e+01,-2.862479886299999876e+01,-2.450432785499999966e+01,-2.285682005399999994e+01
9.094544544499999716e+00,-3.188657721299999892e+01,-3.116878677700000111e+01,-2.946165598099999983e+01,-2.412257221500000171e+01,-2.378706157599999926e+01
9.114554554599999747e+00,-3.160064167999999896e+01,-3.096157904100000025e+01,-3.040674304699999908e+01,-2.371120032600000016e+01,-2.330792974699999931e+01
9.134564564599999770e+00,-3.101675556500000042e+01,-3.270775417499999804e+01,-2.975460200299999869e+01,-2.396318281299999953e+01,-2.376292249200000128e+01
9.154574574599999792e+00,-2.964873087499999826e+01,-3.258341772699999694e+01,-3.112555986099999927e+01,-2.367679852299999865e+01,-2.391216930599999912e+01
9.174584584599999815e+00,-3.022980924200000175e+01,-3.296571233600000284e+01,-3.134867240299999835e+01,-2.388762313599999842e+01,-2.431705161600000054e+01
9.194594594599999837e+00,-3.054717362199999897e+01,-3.502493084099999976e+01,-3.130484331199999914e+01,-2.428866412400000030e+01,-2.445118321700000052e+01
9.214604604599999860e+00,-2.969728285300000081e+01,-3.606615254999999820e+01,-3.172903946399999953e+01,-2.454735123400000063e+01,-2.462818323300000145e+01
9.234614614599999882e+00,-3.023109696899999932e+01,-3.604678007599999745e+01,-3.291253516999999817e+01,-2.504127850000000066e+01,-2.461745371900000023e+01
9.254624624599999905e+00,-3.068727438699999865e+01,-3.955535772100000003e+01,-3.271100040700000022e+01,-2.598278952200000091e+01,-2.455291507600000145e+01
9.274634634599999927e+00,-2.995963055900000072e+01,-5.036945316300000286e+01,-3.365429803600000014e+01,-2.663501933499999907e+01,-2.487103027099999863e+01
9.294644644599999950e+00,-3.101833925600000086e+01,-4.862553763199999679e+01,-3.313477775700000194e+01,-2.745165335500000126e+01,-2.489443026500000045e+01
9.314654654699999980e+00,-3.291806654700000223e+01,-5.428262707399999698e+01,-3.277208979400000288e+01,-2.948401719800000009e+01,-2.450249442899999863e+01
9.334664664700000003e+00,-3.026125882999999916e+01,-4.067470204899999686e+01,-3.197050588300000129e+01,-3.090488471000000104e+01,-2.411459257599999972e+01
9.354674674700000025e+00,-3.241689204499999732e+01,-4.260294069500000091e+01,-3.110125574099999923e+01,-3.346863659499999955e+01,-2.388290829500000001e+01
9.374684684700000048e+00,-3.169928153500000079e+01,-4.950394524000000018e+01,-3.058961057599999833e+01,-3.623640548699999897e+01,-2.371570482699999971e+01
9.394694694700000070e+00,-3.171075648800000124e+01,-4.054660477400000218e+01,-2.956808969400000109e+01,-4.274127275400000059e+01,-2.295857904800000071e+01
9.414704704700000093e+00,-3.392398803599999724e+01,-3.895493161600000320e+01,-3.063117325400000013e+01,-4.598636393999999683e+01,-2.294490291900000045e+01
9.434714714700000115e+00,-3.614777676899999648e+01,-3.999341903700000245e+01,-2.907991415700000104e+01,-4.281239909699999657e+01,-2.263932974300000112e+01
9.454724724700000138e+00,-3.604931008799999859e+01,-3.890297638100000199e+01,-3.016917246599999913e+01,-3.873609531799999672e+01,-2.239217528600000051e+01
9.474734734700000161e+00,-3.614927214699999780e+01,-4.438853830800000111e+01,-2.989661109800000105e+01,-3.560802635200000310e+01,-2.233429841899999957e+01
9.494744744700000183e+00,-3.352686045499999778e+01,-3.832611582399999861e+01,-2.972682585600000138e+01,-3.480349514200000272e+01,-2.234592790600000001e+01
9.514754754799998437e+00,-3.837600691899999816e+01,-3.509329933499999754e+01,-2.995256927899999866e+01,-3.393541014800000255e+01,-2.157334586300000012e+01
9.534764764799998460e+00,-3.518987993100000011e+01,-3.664480345999999855e+01,-3.003354152600000049e+01,-3.043091981799999957e+01,-2.138071651699999975e+01
9.554774774799998482e+00,-3.639488138499999792e+01,-4.357585624099999677e+01,-2.942399800400000132e+01,-3.177589494400000092e+01,-2.170092645400000109e+01
9.574784784799998505e+00,-3.827269060500000109e+01,-3.505231582799999757e+01,-3.036272870999999896e+01,-3.062418600000000168e+01,-2.108475923399999985e+01
9.594794794799998527e+00,-4.269022813600000177e+01,-3.917408002300000192e+01,-3.040735276899999917e+01,-2.964672943300000085e+01,-2.097989353999999906e+01
9.614804804799998550e+00,-3.830683566999999812e+01,-3.751221715199999807e+01,-3.023595623599999982e+01,-2.945532178099999854e+01,-2.077977515999999980e+01
9.634814814799998572e+00,-3.875812389699999727e+01,-3.562676220099999824e+01,-3.075869791799999931e+01,-2.924842918199999886e+01,-2.061665443900000128e+01
9.654824824799998595e+00,-4.430385040800000240e+01,-3.884749810900000000e+01,-3.087427576099999982e+01,-2.929885910499999824e+01,-2.020466068100000001e+01
9.674834834799998617e+00,-4.151093040199999962e+01,-3.583870811100000253e+01,-2.991521107100000165e+01,-2.779051708000000076e+01,-2.031410428199999885e+01
9.694844844799998640e+00,-4.333373444299999733e+01,-3.593256455499999902e+01,-3.096642638999999875e+01,-2.947598350999999894e+01,-1.952078529599999968e+01
9.714854854900000447e+00,-3.836060924600000277e+01,-4.115716794899999798e+01,-3.120983221899999904e+01,-2.857211133999999930e+01,-1.951619514600000116e+01
9.734864864900000470e+00,-4.118268589000000190e+01,-4.032129335100000134e+01,-3.008418435700000160e+01,-2.977665926199999902e+01,-1.990929752499999950e+01
9.754874874900000492e+00,-4.426908258200000290e+01,-3.625039518999999899e+01,-3.134490452300000030e+01,-2.960732490999999911e+01,-1.963471946700000004e+01
9.774884884899998738e+00,-4.974436090799999732e+01,-3.743270285999999913e+01,-2.991955778399999843e+01,-2.846420414399999999e+01,-1.953745000800000042e+01
9.794894894899998761e+00,-3.847894501799999745e+01,-4.557512718800000329e+01,-3.067076774799999939e+01,-2.863987614299999862e+01,-1.924727285299999835e+01
9.814904904899998783e+00,-4.123160466499999899e+01,-3.904043393199999912e+01,-3.013607634699999949e+01,-3.003041712899999993e+01,-1.972454557300000033e+01
9.834914914899998806e+00,-4.249097744699999879e+01,-3.822309464300000315e+01,-3.014070694100000125e+01,-2.913331209000000044e+01,-2.004917021900000051e+01
9.854924924899998828e+00,-3.886212742299999690e+01,-3.450810729700000223e+01,-3.114100498699999875e+01,-2.873364585499999890e+01,-2.076154455700000057e+01
9.874934934899998851e+00,-3.655485785900000195e+01,-4.200566065499999979e+01,-3.080175763100000097e+01,-2.726575466999999975e+01,-2.083025874699999846e+01
9.894944944899998873e+00,-3.383200080999999670e+01,-4.346912586799999900e+01,-3.082689939999999851e+01,-2.675461393999999871e+01,-2.093563680800000171e+01
9.914954955000000680e+00,-3.402495636599999784e+01,-3.779998514300000068e+01,-3.087045995500000117e+01,-2.704855679299999949e+01,-2.049980724799999976e+01
9.934964965000000703e+00,-3.389276984899999690e+01,-3.855185451999999913e+01,-3.062600926500000043e+01,-2.585559004199999933e+01,-2.075788468400000042e+01
9.954974975000000725e+00,-3.368482699100000133e+01,-3.966060715799999770e+01,-3.227491712599999829e+01,-2.476072517000000062e+01,-2.108319085700000173e+01
9.974984985000000748e+00,-3.414986598699999831e+01,-4.097555779500000028e+01,-3.204536270399999864e+01,-2.504594545000000139e+01,-2.025337607699999865e+01
9.994994995000000770e+00,-3.407018233000000151e+01,-3.351379725700000023e+01,-3.329707753800000347e+01,-2.413099944400000041e+01,-2.050349367100000109e+01
1.001500500500000079e+01,-3.186278783599999898e+01,-3.283973018100000019e+01,-3.284373354200000250e+01,-2.370988391899999925e+01,-1.959906540600000113e+01
1.003501501500000082e+01,-3.248553598200000181e+01,-3.505990678999999943e+01,-3.451146917700000216e+01,-2.418264235999999912e+01,-1.984041946099999976e+01
1.005502502500000084e+01,-3.410480271200000146e+01,-3.159958443800000083e+01,-3.531371173499999827e+01,-2.352373463800000053e+01,-2.005291313100000039e+01
1.007503503500000086e+01,-3.201540085599999941e+01,-3.137033918399999877e+01,-3.489441335099999719e+01,-2.256091386900000018e+01,-1.988586588700000135e+01
1.009504504500000088e+01,-3.315431691100000222e+01,-3.058796151499999993e+01,-3.803840029599999895e+01,-2.364011961799999995e+01,-2.055082979699999868e+01
1.011505505499999913e+01,-3.148477841300000080e+01,-3.138336956499999886e+01,-3.750429049400000281e+01,-2.361334681399999980e+01,-2.011193796199999895e+01
1.013506506499999915e+01,-3.515365190699999687e+01,-3.013370975000000129e+01,-3.589994883899999678e+01,-2.256581515499999924e+01,-1.959845669999999984e+01
1.015507507499999917e+01,-3.288395315799999707e+01,-3.222869138200000094e+01,-3.891801542700000027e+01,-2.372512730600000097e+01,-2.101465474400000133e+01
1.017508508499999920e+01,-3.448558028800000130e+01,-3.045027258400000036e+01,-4.715506905899999879e+01,-2.335288221400000097e+01,-2.093481326699999912e+01
1.019509509499999922e+01,-3.073487676899999954e+01,-3.190072937800000119e+01,-4.907295097899999803e+01,-2.305369937100000044e+01,-2.139146643200000142e+01
1.021510510499999924e+01,-3.522958887800000127e+01,-3.590916402500000260e+01,-4.487624327399999657e+01,-2.349609811599999887e+01,-2.165012557200000032e+01
1.023511511499999926e+01,-3.479782601000000142e+01,-3.382388168300000331e+01,-4.363088840799999701e+01,-2.291961696099999912e+01,-2.193415189799999965e+01
1.025512512499999929e+01,-3.284522090200000122e+01,-3.527743824299999886e+01,-4.219143362300000177e+01,-2.277684384499999837e+01,-2.252392551599999848e+01
1.027513513499999931e+01,-3.344625197999999955e+01,-3.330390754599999781e+01,-3.751073769900000343e+01,-2.416970952899999858e+01,-2.372543048400000032e+01
1.029514514499999933e+01,-3.456196477700000003e+01,-3.693946496400000257e+01,-3.714166459999999859e+01,-2.334411411399999992e+01,-2.329950976800000007e+01
1.031515515499999935e+01,-3.536042255899999986e+01,-3.686321706399999698e+01,-3.672366867499999898e+01,-2.385634310500000055e+01,-2.334349818100000107e+01
1.033516516499999938e+01,-3.837993367499999664e+01,-3.591002783399999743e+01,-3.446065900800000037e+01,-2.466885570699999874e+01,-2.284058048500000027e+01
1.035517517499999940e+01,-3.407665708900000112e+01,-4.483607991899999945e+01,-3.702654368999999690e+01,-2.322229210000000066e+01,-2.305421746200000044e+01
1.037518518499999942e+01,-4.258484484099999889e+01,-4.055698413599999697e+01,-3.595630616599999740e+01,-2.372810664200000019e+01,-2.242921500699999982e+01
1.039519519499999944e+01,-3.998200613400000236e+01,-4.071370814600000188e+01,-3.620912345499999674e+01,-2.435717540299999939e+01,-2.321432163500000101e+01
1.041520520499999947e+01,-3.325861148700000314e+01,-4.672891446999999943e+01,-3.740795777299999969e+01,-2.387814938200000014e+01,-2.245585692599999916e+01
1.043521521499999949e+01,-4.100958832799999954e+01,-4.067004082999999781e+01,-3.633739436999999839e+01,-2.477879806900000048e+01,-2.295480124299999858e+01
1.045522522499999951e+01,-4.293258373799999816e+01,-4.216844004299999682e+01,-3.892593893499999780e+01,-2.471233206000000138e+01,-2.298792826300000058e+01
1.047523523499999953e+01,-4.115203254800000110e+01,-4.323838891599999812e+01,-3.459888206200000127e+01,-2.425065479499999910e+01,-2.244642131399999840e+01
1.049524524499999956e+01,-3.411105617999999851e+01,-4.500116105600000083e+01,-3.388240818100000240e+01,-2.443375262300000017e+01,-2.438690406999999993e+01
1.051525525499999958e+01,-3.393526180500000322e+01,-3.754666856699999755e+01,-3.468833844299999924e+01,-2.462960303399999873e+01,-2.354447422699999848e+01
1.053526526499999960e+01,-3.753857620400000172e+01,-4.526782814199999905e+01,-3.413473699299999709e+01,-2.524667521199999953e+01,-2.433689773200000062e+01
1.055527527499999962e+01,-3.396050948399999925e+01,-4.000757652499999750e+01,-3.181101572800000099e+01,-2.542211594700000177e+01,-2.506985291899999879e+01
1.057528528499999965e+01,-3.716235222299999919e+01,-4.374742865200000352e+01,-3.341906166599999750e+01,-2.459190257599999896e+01,-2.516103053300000170e+01
1.059529529499999967e+01,-3.951062951499999798e+01,-3.997224035800000053e+01,-3.274762512400000247e+01,-2.575933717999999928e+01,-2.554937605299999959e+01
1.061530530499999969e+01,-4.474374210599999913e+01,-4.639335497599999769e+01,-3.258672373999999650e+01,-2.642560192599999880e+01,-2.559695788699999852e+01
1.063531531499999971e+01,-3.686073915299999726e+01,-3.692062062099999764e+01,-3.206944443700000136e+01,-2.665352808300000120e+01,-2.680177404000000152e+01
1.065532532499999974e+01,-3.518690700399999827e+01,-3.733663300300000287e+01,-3.190125051500000097e+01,-2.654160042399999853e+01,-2.562123902900000161e+01
1.067533533499999976e+01,-3.414070508500000045e+01,-3.894871903199999963e+01,-3.273728446599999842e+01,-2.577181495299999980e+01,-2.558058015299999965e+01
1.069534534499999978e+01,-3.483502472499999669e+01,-4.488189947499999732e+01,-3.247573405899999699e+01,-2.443982326600000121e+01,-2.548261356600000127e+01
1.071535535499999980e+01,-3.475847975700000347e+01,-4.695661112300000184e+01,-3.275053937900000278e+01,-2.423457145800000134e+01,-2.522232564700000168e+01
1.073536536499999983e+01,-4.056211211699999808e+01,-4.615650202100000143e+01,-3.367937576100000285e+01,-2.392809862200000026e+01,-2.492757542800000081e+01
1.075537537499999985e+01,-3.624072639700000309e+01,-4.214297879000000080e+01,-3.289124119699999937e+01,-2.442060057300000153e+01,-2.386634351000000009e+01
1.077538538499999987e+01,-3.693723257199999921e+01,-4.589138725899999827e+01,-3.599472840800000029e+01,-2.334314216900000005e+01,-2.514684714099999852e+01
1.079539539499999989e+01,-3.158396454100000028e+01,-3.786106005500000293e+01,-3.344445327700000092e+01,-2.372507297299999962e+01,-2.445385820599999960e+01
1.081540540499999992e+01,-3.135958353599999882e+01,-3.755466809299999653e+01,-3.612006846199999899e+01,-2.215747190900000163e+01,-2.394078809399999841e+01
1.083541541499999994e+01,-3.255353756699999934e+01,-4.215570941099999658e+01,-3.332973244200000096e+01,-2.265473002199999897e+01,-2.344732322899999843e+01
1.085542542499999996e+01,-3.311088782499999894e+01,-3.710700082700000024e+01,-3.477749621299999916e+01,-2.290283125399999875e+01,-2.599098638199999911e+01
1.087543543499999998e+01,-3.712725591299999905e+01,-3.940328733799999839e+01,-3.321792504300000104e+01,-2.271589089900000147e+01,-2.410726623300000071e+01
1.089544544500000001e+01,-3.267142160699999920e+01,-3.859263930899999906e+01,-3.834433845299999888e+01,-2.231272364200000169e+01,-2.511854271800000049e+01
1.091545545500000003e+01,-3.303926547399999691e+01,-4.973840057500000000e+01,-3.730641695399999946e+01,-2.294076983000000070e+01,-2.576970947399999901e+01
1.093546546500000005e+01,-3.445196631999999681e+01,-4.042568671299999750e+01,-3.661070764400000144e+01,-2.329873314900000025e+01,-2.646131803999999832e+01
1.095547547500000007e+01,-3.214600910299999725e+01,-3.733814540699999895e+01,-3.730458686400000090e+01,-2.325391934399999982e+01,-2.606103134199999971e+01
1.097548548500000010e+01,-3.729749783399999785e+01,-3.767286803900000081e+01,-4.051077648900000128e+01,-2.401024162599999912e+01,-2.600576429299999859e+01
1.099549549500000012e+01,-3.212348699599999691e+01,-4.292110506099999867e+01,-4.296613359100000196e+01,-2.315255984899999930e+01,-2.715703797899999827e+01
1.101550550600000022e+01,-3.270719138300000139e+01,-3.755800458699999922e+01,-4.125975292399999717e+01,-2.348565934499999841e+01,-2.742435178499999893e+01
1.103551551600000025e+01,-3.866537122100000090e+01,-4.256852561600000229e+01,-4.380602814800000289e+01,-2.316319129100000040e+01,-2.639911647899999991e+01
1.105552552600000027e+01,-3.312361768499999926e+01,-4.715223306600000086e+01,-4.102784988500000196e+01,-2.268266574500000132e+01,-2.675676341400000169e+01
1.107553553600000029e+01,-3.474845838400000275e+01,-3.683099583799999976e+01,-4.391033876899999910e+01,-2.363296000100000072e+01,-2.688371821899999858e+01
1.109554554600000031e+01,-3.483648423900000068e+01,-4.227851572699999849e+01,-3.836299913399999895e+01,-2.339520880699999950e+01,-2.803515266899999858e+01
1.111555555600000034e+01,-3.685107449600000251e+01,-4.467628268200000008e+01,-4.191145594599999669e+01,-2.251557207500000146e+01,-2.709780399799999984e+01
1.113556556600000036e+01,-3.583844352900000274e+01,-3.280170542100000119e+01,-3.883142038199999746e+01,-2.221235188100000002e+01,-2.723348570399999957e+01
1.115557557600000038e+01,-3.927129127199999914e+01,-3.513388430199999846e+01,-3.968210368799999799e+01,-2.211467917399999905e+01,-2.634034253900000166e+01
1.117558558600000040e+01,-3.444173443100000043e+01,-3.335411005600000323e+01,-3.622376448800000048e+01,-2.270280461300000141e+01,-2.630956266400000132e+01
1.119559559600000043e+01,-3.037097684300000111e+01,-3.189314763200000158e+01,-4.142368583199999676e+01,-2.223041471100000166e+01,-2.760720292699999945e+01
1.121560560600000045e+01,-3.280573736699999898e+01,-3.133998680099999845e+01,-3.883509196600000024e+01,-2.220894545399999842e+01,-2.745721422700000147e+01
1.123561561600000047e+01,-3.434872334100000302e+01,-3.686904840500000091e+01,-3.807024740199999968e+01,-2.212479856799999922e+01,-2.733701880799999984e+01
1.125562562600000049e+01,-3.307545001900000159e+01,-2.862030107500000042e+01,-4.177366442900000010e+01,-2.243271043500000061e+01,-3.004807863699999970e+01
1.127563563600000052e+01,-3.304058183200000087e+01,-3.258869587299999893e+01,-3.912128017100000221e+01,-2.235321041599999958e+01,-3.024797927899999905e+01
1.129564564600000054e+01,-3.641772506000000220e+01,-3.304124468900000267e+01,-3.955540518899999824e+01,-2.214312058200000166e+01,-2.804237381900000159e+01
1.131565565600000056e+01,-3.106355026600000002e+01,-3.325329969300000243e+01,-4.765847231000000050e+01,-2.222925417700000139e+01,-3.036745433200000122e+01
1.133566566600000058e+01,-3.036421302500000152e+01,-2.903792188799999963e+01,-3.666738190000000230e+01,-2.114114379999999827e+01,-2.994936151599999974e+01
1.135567567600000061e+01,-2.929044796899999881e+01,-2.949170984499999904e+01,-3.667458236200000243e+01,-2.112674627499999858e+01,-2.949370490200000106e+01
1.137568568600000063e+01,-3.043088343999999879e+01,-3.482585242300000061e+01,-4.294856696099999738e+01,-2.137414479499999942e+01,-2.960687175900000057e+01
1.139569569600000065e+01,-3.213638120099999895e+01,-3.243370803300000205e+01,-4.111153575899999879e+01,-2.154910298900000143e+01,-2.897948827100000102e+01
1.141570570600000067e+01,-3.038478612600000162e+01,-3.196638826799999933e+01,-4.005625642799999753e+01,-2.022895374999999873e+01,-2.830738594299999988e+01
1.143571571600000070e+01,-3.033572464899999943e+01,-3.359172824000000190e+01,-3.914729052300000234e+01,-2.066588458900000091e+01,-2.820053964499999921e+01
1.145572572600000072e+01,-3.137283168100000097e+01,-3.088815956799999896e+01,-3.514432940700000074e+01,-2.008704073499999865e+01,-2.656988842299999831e+01
1.147573573600000074e+01,-3.054535615200000009e+01,-3.303400618399999900e+01,-3.750284750499999831e+01,-2.120063718200000125e+01,-2.763712968300000128e+01
1.149574574600000076e+01,-3.256006814300000229e+01,-3.634568621399999699e+01,-3.477635876299999751e+01,-2.071844009799999853e+01,-2.650327783999999909e+01
1.151575575600000079e+01,-3.019756192499999869e+01,-3.441555959899999806e+01,-3.876827767799999691e+01,-2.078880811599999845e+01,-2.796841757299999998e+01
1.153576576600000081e+01,-3.153749767700000106e+01,-3.772993103600000353e+01,-3.491609281499999895e+01,-2.063985399499999929e+01,-2.828375728199999983e+01
1.155577577600000083e+01,-3.201180662499999841e+01,-3.974623139199999855e+01,-3.548590171499999713e+01,-2.085602976299999867e+01,-2.757313150799999946e+01
1.157578578600000085e+01,-2.937646773499999853e+01,-3.182097316899999839e+01,-3.435627658899999659e+01,-2.058674228900000003e+01,-2.734254711199999832e+01
1.159579579600000088e+01,-3.072649270100000152e+01,-4.010379210600000022e+01,-3.663212633999999923e+01,-2.176322239699999983e+01,-2.660065928999999940e+01
1.161580580599999912e+01,-3.090207063600000126e+01,-3.386224047799999681e+01,-3.760986011699999665e+01,-2.121957090800000145e+01,-2.656530848599999928e+01
1.163581581599999915e+01,-3.232757106500000077e+01,-4.023121866399999647e+01,-3.872692098000000271e+01,-2.036038712999999944e+01,-2.754116181299999866e+01
1.165582582599999917e+01,-3.482276126499999691e+01,-3.008983050799999859e+01,-3.743996839100000074e+01,-2.221834602599999897e+01,-2.691169161099999840e+01
1.167583583599999919e+01,-3.085263617000000025e+01,-3.391661864799999648e+01,-3.376474767900000273e+01,-2.112243166600000066e+01,-2.534893337200000119e+01
1.169584584599999921e+01,-3.422104291200000148e+01,-3.468635045199999922e+01,-3.690995605799999879e+01,-2.185339159300000134e+01,-2.448435460500000005e+01
1.171585585599999924e+01,-3.172319544500000177e+01,-3.954988296599999842e+01,-3.300949587000000207e+01,-2.335303553800000032e+01,-2.464804633700000025e+01
1.173586586599999926e+01,-3.000199176899999998e+01,-3.257960465499999714e+01,-3.531649535199999690e+01,-2.174828145700000093e+01,-2.608453734800000134e+01
1.175587587599999928e+01,-2.838919812800000031e+01,-4.626847299100000299e+01,-3.644973466999999800e+01,-2.259743974999999949e+01,-2.612855469999999869e+01
1.177588588599999930e+01,-3.313648073200000255e+01,-3.998716103400000321e+01,-3.448036599600000329e+01,-2.253982032300000071e+01,-2.627564185700000010e+01
1.179589589599999933e+01,-2.880835079599999915e+01,-3.621043983700000268e+01,-4.084142448299999728e+01,-2.218950383500000001e+01,-2.640475568100000103e+01
1.181590590599999935e+01,-3.280807579500000060e+01,-3.742375486299999920e+01,-3.911815796999999861e+01,-2.336534985500000161e+01,-2.659359805900000140e+01
1.183591591599999937e+01,-3.339560529500000285e+01,-3.744623383300000086e+01,-3.737008242499999966e+01,-2.327357178400000137e+01,-2.667884907499999869e+01
1.185592592599999939e+01,-2.764246327300000061e+01,-3.469839585399999748e+01,-3.667762891400000314e+01,-2.328804546099999939e+01,-2.680804491499999997e+01
1.187593593599999942e+01,-2.898430944700000111e+01,-3.611122526399999799e+01,-3.919143820600000083e+01,-2.402935089800000057e+01,-2.614938857900000002e+01
1.189594594599999944e+01,-2.823257369099999892e+01,-4.686562418599999802e+01,-3.965019054300000079e+01,-2.419054853000000094e+01,-2.822976001600000018e+01
1.191595595599999946e+01,-2.888041841500000118e+01,-3.248150565099999909e+01,-4.084827819600000254e+01,-2.411397698800000100e+01,-2.726903099600000147e+01
1.193596596599999948e+01,-3.487079303000000152e+01,-3.217372610000000321e+01,-4.233864753699999994e+01,-2.442281760999999918e+01,-2.848406424599999909e+01
1.195597597599999951e+01,-3.445747001200000170e+01,-4.433151287399999774e+01,-3.735337517899999682e+01,-2.284885155199999929e+01,-2.727420510199999981e+01
1.197598598599999953e+01,-3.060941079399999865e+01,-3.157848724999999845e+01,-3.836603944800000221e+01,-2.466176447699999841e+01,-2.693940622799999929e+01
1.199599599599999955e+01,-3.228837408999999781e+01,-3.468959226700000187e+01,-4.077418066399999930e+01,-2.349849293999999844e+01,-2.859300424999999990e+01
1.201600600599999957e+01,-2.947489165300000025e+01,-3.740650230800000031e+01,-3.705439878199999981e+01,-2.200436515699999873e+01,-2.718786624199999835e+01
1.203601601599999960e+01,-2.715817768899999862e+01,-3.311925475900000038e+01,-3.684910074900000154e+01,-2.311230948400000074e+01,-2.824360593700000166e+01
1.205602602599999962e+01,-3.420400948199999647e+01,-3.565935858800000346e+01,-3.433509049799999957e+01,-2.250751925599999836e+01,-2.868911368299999864e+01
1.207603603599999964e+01,-2.990030783899999989e+01,-2.610954231499999878e+01,-3.724718718399999773e+01,-2.205251951800000043e+01,-2.493583503800000045e+01
1.209604604599999966e+01,-3.876248380799999893e+01,-3.629219121999999942e+01,-3.492998532099999665e+01,-2.302363541200000085e+01,-2.853642621099999843e+01
1.211605605599999969e+01,-2.936053619000000126e+01,-4.307669039900000030e+01,-3.480550924700000337e+01,-2.296991189499999919e+01,-3.162315215899999998e+01
1.213606606599999971e+01,-3.076848391500000091e+01,-3.403354468100000219e+01,-3.781831322499999715e+01,-2.331588574599999930e+01,-2.927733022900000037e+01
1.215607607599999973e+01,-2.876491566199999994e+01,-3.419615776100000204e+01,-3.622578632900000173e+01,-2.368542002699999927e+01,-2.900361715500000059e+01
1.217608608599999975e+01,-3.042538574499999982e+01,-3.545561354699999868e+01,-3.818218593099999936e+01,-2.350387186000000028e+01,-2.941056581100000145e+01
1.219609609599999978e+01,-2.983640884200000087e+01,-3.718180631500000288e+01,-3.746943832299999855e+01,-2.328358719199999882e+01,-2.906776121900000120e+01
1.221610610599999980e+01,-3.119615338099999846e+01,-4.249267371199999843e+01,-3.563383559399999712e+01,-2.441880653600000173e+01,-2.998183510200000157e+01
1.223611611599999982e+01,-2.679454487699999987e+01,-3.392953616300000164e+01,-3.990108483899999925e+01,-2.302801390500000167e+01,-3.019868823199999852e+01
1.225612612599999984e+01,-2.995801070099999919e+01,-3.618972305300000158e+01,-5.256678061200000229e+01,-2.458957621100000068e+01,-3.262477527400000099e+01
1.227613613599999987e+01,-3.247871858300000270e+01,-3.522812143400000195e+01,-3.823606116199999860e+01,-2.537226514099999974e+01,-3.137212163999999959e+01
1.229614614599999989e+01,-2.932495248600000082e+01,-3.677118072100000035e+01,-3.880497970900000126e+01,-2.577649911900000035e+01,-3.405104333199999900e+01
1.231615615599999991e+01,-2.894698573899999872e+01,-2.893577390900000168e+01,-3.764210389099999787e+01,-2.713719560999999914e+01,-3.286139386499999659e+01
1.233616616599999993e+01,-2.778955877299999955e+01,-3.795564394200000180e+01,-4.263379695700000127e+01,-2.706288882500000170e+01,-3.480107499399999682e+01
1.235617617599999996e+01,-2.805981042999999886e+01,-2.952959173700000051e+01,-3.308530807599999690e+01,-2.607733091000000059e+01,-3.281135926700000027e+01
1.237618618599999998e+01,-3.166602841799999979e+01,-3.313978185100000218e+01,-3.366762357999999722e+01,-2.754609777599999987e+01,-3.570354229699999848e+01
1.239619619600000000e+01,-3.346411035900000286e+01,-3.463220622099999702e+01,-3.177351518800000107e+01,-2.757190155199999992e+01,-3.470289734400000015e+01
1.241620620600000002e+01,-2.509362840600000055e+01,-2.934303908600000099e+01,-2.941985688400000143e+01,-2.728647767900000076e+01,-3.493580865999999929e+01
1.243621621600000005e+01,-2.837294718900000134e+01,-3.715478453600000108e+01,-2.728663783900000084e+01,-2.728371592599999929e+01,-3.149415350900000021e+01
1.245622622600000007e+01,-2.851008934200000056e+01,-3.291714588199999980e+01,-2.994508009700000173e+01,-2.708638995700000152e+01,-3.133941060300000103e+01
1.247623623600000009e+01,-2.565083720799999867e+01,-2.904486521000000110e+01,-3.048631160100000059e+01,-2.607802547900000079e+01,-2.948910555499999830e+01
1.249624624600000011e+01,-3.303239994199999785e+01,-3.016927343100000058e+01,-3.016878882900000036e+01,-2.551163104400000137e+01,-3.079738562500000043e+01
1.251625625600000014e+01,-2.651681772899999956e+01,-2.958581914999999896e+01,-3.112742189900000156e+01,-2.638481152299999977e+01,-2.871025123200000095e+01
1.253626626600000016e+01,-2.563030664700000116e+01,-3.474858832200000336e+01,-3.178079940900000011e+01,-2.618408816799999883e+01,-2.977656673399999931e+01
1.255627627600000018e+01,-2.900125895000000043e+01,-3.385902634899999697e+01,-3.029219900400000043e+01,-2.522149324000000092e+01,-2.854863834800000078e+01
1.257628628600000020e+01,-2.638718469000000155e+01,-3.469976521899999966e+01,-3.110194217500000136e+01,-2.417880967800000036e+01,-2.876726765800000152e+01
1.259629629600000023e+01,-2.823518334099999905e+01,-3.069827712700000077e+01,-3.419427663300000120e+01,-2.363382236800000058e+01,-3.083140614599999907e+01
1.261630630600000025e+01,-3.192754765100000114e+01,-3.919338288800000214e+01,-3.387571587200000067e+01,-2.418622568299999998e+01,-3.185457195500000083e+01
1.263631631600000027e+01,-2.674778287000000176e+01,-3.177319553599999935e+01,-3.515298844000000145e+01,-2.556264449800000094e+01,-2.966035480100000044e+01
1.265632632600000029e+01,-2.801726704600000062e+01,-3.207731015499999927e+01,-3.421553299800000048e+01,-2.458758654300000046e+01,-3.125224473700000161e+01
1.267633633600000032e+01,-2.872464815800000082e+01,-4.448336535300000349e+01,-3.325707036299999686e+01,-2.366865365800000021e+01,-3.281081246600000156e+01
1.269634634600000034e+01,-2.802539908600000018e+01,-2.808403633600000049e+01,-3.191190130100000033e+01,-2.402804015399999926e+01,-3.204800153200000068e+01
1.271635635600000036e+01,-3.279492835199999945e+01,-3.417741491599999648e+01,-3.493277649800000262e+01,-2.309130374100000083e+01,-3.333358377999999789e+01
1.273636636600000038e+01,-3.484419788200000312e+01,-3.206511339000000049e+01,-3.336827412099999890e+01,-2.537592967999999871e+01,-4.125804454899999740e+01
1.275637637600000041e+01,-2.458711413300000004e+01,-3.615488292799999925e+01,-3.163813917299999900e+01,-2.468286297699999920e+01,-3.283102725100000185e+01
1.277638638600000043e+01,-3.194113871700000118e+01,-3.299192083799999864e+01,-3.116004012300000170e+01,-2.496742531900000017e+01,-3.392371460700000085e+01
1.279639639600000045e+01,-3.488953152999999929e+01,-3.114614164800000040e+01,-3.475026316900000012e+01,-2.425616586900000016e+01,-3.698557542500000039e+01
1.281640640600000047e+01,-2.796829345100000097e+01,-3.998879816200000192e+01,-3.161308019499999844e+01,-2.474469548100000083e+01,-3.939462668200000195e+01
1.283641641600000050e+01,-2.914024424799999835e+01,-4.062639741899999990e+01,-3.176512611200000080e+01,-2.625398379099999957e+01,-4.046788647999999711e+01
1.285642642600000052e+01,-2.885801133300000032e+01,-3.728682954300000318e+01,-3.214464843399999694e+01,-2.541668418600000123e+01,-3.730190891200000181e+01
1.287643643600000054e+01,-2.747655382800000012e+01,-3.054537575299999830e+01,-3.073859544000000099e+01,-2.755980620700000117e+01,-3.431282854100000179e+01
1.289644644600000056e+01,-2.786940573800000109e+01,-3.296349818499999884e+01,-3.179690016700000044e+01,-2.792549883699999924e+01,-4.064540663100000017e+01
1.291645645600000059e+01,-2.969039548800000006e+01,-3.532675490199999757e+01,-3.059876000899999937e+01,-2.922484412200000037e+01,-3.714990101200000083e+01
1.293646646600000061e+01,-2.995667268200000066e+01,-4.451592758999999688e+01,-3.117521507200000030e+01,-2.810956629900000081e+01,-3.924326692700000052e+01
1.295647647600000063e+01,-2.910387063199999957e+01,-3.352520339000000149e+01,-3.231671522599999946e+01,-2.834626297499999836e+01,-4.484460109500000158e+01
1.297648648600000065e+01,-3.792597537200000346e+01,-3.414456758000000036e+01,-3.292844449300000065e+01,-2.775322773299999923e+01,-3.429013668700000039e+01
1.299649649600000068e+01,-3.427372208399999920e+01,-3.891341042100000180e+01,-2.900536155700000052e+01,-3.351024627200000339e+01,-3.523409904500000067e+01
1.301650650700000078e+01,-3.133142665900000168e+01,-3.598954564099999942e+01,-2.919236775199999911e+01,-2.758026976100000027e+01,-3.834482863899999927e+01
1.303651651700000080e+01,-3.613762045299999670e+01,-4.176563937800000303e+01,-2.814577244299999847e+01,-3.245749187199999852e+01,-3.663982931999999693e+01
1.305652652700000083e+01,-4.105703576199999816e+01,-3.506301653300000254e+01,-2.975857169700000071e+01,-3.480895520600000026e+01,-3.919545287700000102e+01
1.307653653700000085e+01,-5.486687811099999834e+01,-6.393433242300000074e+01,-3.225929049700000206e+01,-3.430848121500000047e+01,-3.512378348600000066e+01
1.309654654700000087e+01,-4.142121946000000321e+01,-3.391682377099999712e+01,-3.345497137299999935e+01,-3.226908219599999939e+01,-3.678692806899999823e+01
1.311655655699999912e+01,-4.188858375699999925e+01,-3.922130517600000132e+01,-3.201782813300000186e+01,-3.401395654200000251e+01,-3.995172097199999683e+01
1.313656656699999914e+01,-3.937625248599999850e+01,-3.275711845600000061e+01,-3.582530310199999946e+01,-3.375694975599999736e+01,-3.290701081800000338e+01
1.315657657699999916e+01,-3.788888183099999907e+01,-4.748510478899999754e+01,-3.391787987899999735e+01,-3.467066249300000180e+01,-4.092176060900000323e+01
1.317658658699999918e+01,-3.498002335599999668e+01,-4.802852978300000331e+01,-4.031330740199999951e+01,-3.043628350599999877e+01,-4.265832870799999910e+01
1.319659659699999921e+01,-3.316061613200000124e+01,-3.279212116000000066e+01,-3.164825773600000147e+01,-3.338276026199999791e+01,-3.753222204099999715e+01
1.321660660699999923e+01,-3.646569942600000047e+01,-3.095073285499999827e+01,-3.433368149900000077e+01,-4.145460817200000037e+01,-4.013480245800000290e+01
1.323661661699999925e+01,-4.269848419299999875e+01,-3.708732002400000027e+01,-3.206391678899999675e+01,-4.303881717200000168e+01,-3.730924925400000092e+01
1.325662662699999927e+01,-3.324516117299999962e+01,-4.287748689699999716e+01,-3.292497748000000257e+01,-6.109183888700000153e+01,-4.193378243400000116e+01
1.327663663699999930e+01,-3.370550767799999647e+01,-2.789190622299999944e+01,-3.362600499199999859e+01,-4.174689312099999938e+01,-3.355676030699999757e+01
1.329664664699999932e+01,-4.511185022299999758e+01,-3.119780320399999951e+01,-3.386359826900000058e+01,-6.291588019299999957e+01,-3.582080904000000032e+01
1.331665665699999934e+01,-3.305345943300000044e+01,-3.508431659800000091e+01,-3.371247718400000082e+01,-4.320469380899999834e+01,-3.942238825399999769e+01
1.333666666699999936e+01,-3.092641617499999995e+01,-3.389630175599999973e+01,-3.641955749699999956e+01,-4.285030453499999936e+01,-4.311198150999999967e+01
1.335667667699999939e+01,-3.280536002400000228e+01,-3.251092055400000191e+01,-3.342843855000000275e+01,-4.774431504100000012e+01,-3.936591659700000179e+01
1.337668668699999941e+01,-3.499493091499999764e+01,-4.045139523099999934e+01,-2.957140112000000087e+01,-3.040825276800000054e+01,-3.230468854000000078e+01
1.339669669699999943e+01,-3.670141991500000245e+01,-3.933342880800000074e+01,-3.065766826300000147e+01,-3.829128857900000327e+01,-3.802646448099999787e+01
1.341670670699999945e+01,-3.621506836900000081e+01,-3.271239150400000284e+01,-3.568030580399999963e+01,-3.867463113699999866e+01,-3.407263010599999831e+01
1.343671671699999948e+01,-3.589620635899999712e+01,-3.701117390600000334e+01,-3.220690521600000267e+01,-4.087312232699999726e+01,-3.457662251899999717e+01
1.345672672699999950e+01,-4.697616012999999668e+01,-3.485122080600000061e+01,-3.094571346300000059e+01,-4.358749173199999660e+01,-3.353919440699999654e+01
1.347673673699999952e+01,-3.690499545499999812e+01,-3.810984670500000249e+01,-3.269796626899999836e+01,-3.480557807999999653e+01,-3.560462544300000332e+01
1.349674674699999954e+01,-3.666230820599999873e+01,-3.466216387200000071e+01,-3.925430234099999893e+01,-3.621692677400000093e+01,-3.017712133299999877e+01
1.351675675699999957e+01,-3.969306512600000048e+01,-3.353865502299999690e+01,-3.394262215500000224e+01,-4.170703061100000042e+01,-3.275345029900000071e+01
1.353676676699999959e+01,-2.970485304099999979e+01,-3.117134226399999974e+01,-3.400763781500000249e+01,-3.818077269799999840e+01,-2.708492816600000097e+01
1.355677677699999961e+01,-3.376336025399999841e+01,-3.592512491600000146e+01,-3.422490543899999693e+01,-3.565363706200000138e+01,-3.847481254800000272e+01
1.357678678699999963e+01,-3.451170251399999955e+01,-3.352815846699999724e+01,-3.043017808200000118e+01,-4.645993168300000065e+01,-3.345535629999999827e+01
1.359679679699999966e+01,-3.114785591200000070e+01,-3.120617114099999867e+01,-3.261140218900000320e+01,-3.520456722099999780e+01,-2.903512086499999967e+01
1.361680680699999968e+01,-3.181712192199999834e+01,-3.126316368499999854e+01,-2.958214289100000016e+01,-3.435348374899999868e+01,-3.405501674799999989e+01
1.363681681699999970e+01,-3.007258599800000098e+01,-3.151187128700000173e+01,-2.942305845499999961e+01,-3.881192960100000278e+01,-3.457691153300000053e+01
1.365682682699999972e+01,-3.289050123599999864e+01,-3.345162693500000017e+01,-2.654838107999999863e+01,-3.816984389600000327e+01,-3.485907787499999699e+01
1.367683683699999975e+01,-3.418403686799999974e+01,-2.776335154199999877e+01,-2.639955871300000112e+01,-3.703827986299999964e+01,-4.397028928400000325e+01
1.369684684699999977e+01,-3.589268437999999861e+01,-3.363456898199999756e+01,-2.732560356700000170e+01,-3.423778864999999882e+01,-3.265714104399999940e+01
1.371685685699999979e+01,-3.081528408400000174e+01,-3.309426603400000033e+01,-2.772480408499999882e+01,-3.597030529500000284e+01,-3.664526678499999690e+01
1.373686686699999981e+01,-3.212274972499999848e+01,-3.360117584099999988e+01,-2.526967264499999999e+01,-3.484396295100000174e+01,-3.239691332999999673e+01
1.375687687699999984e+01,-3.169367567700000166e+01,-4.232782909099999813e+01,-2.661320123599999832e+01,-3.681414303900000107e+01,-3.227912288899999993e+01
1.377688688699999986e+01,-3.502869551999999942e+01,-3.359007513200000261e+01,-2.745048354100000054e+01,-4.159640826199999708e+01,-3.528099815200000222e+01
1.379689689699999988e+01,-3.777121820299999655e+01,-3.328264219799999779e+01,-2.517632596900000053e+01,-3.779423298199999692e+01,-2.812751187199999947e+01
1.381690690699999990e+01,-3.608765704900000060e+01,-3.491644187899999707e+01,-2.581864225500000032e+01,-4.773493892500000157e+01,-3.606470946599999650e+01
1.383691691699999993e+01,-4.394641471799999977e+01,-3.439642355699999854e+01,-2.633500589300000172e+01,-4.783673256899999870e+01,-3.707623422599999685e+01
1.385692692699999995e+01,-4.911833404000000058e+01,-3.350233402100000291e+01,-2.385684563599999919e+01,-4.099264144800000054e+01,-3.523778761799999870e+01
1.387693693699999997e+01,-3.465323780100000306e+01,-3.281292942099999976e+01,-2.471914935499999899e+01,-4.241913766300000077e+01,-3.721129508799999996e+01
1.389694694699999999e+01,-3.861825942299999781e+01,-3.758566242199999863e+01,-2.404324702299999927e+01,-3.927850362800000283e+01,-3.501141656699999771e+01
1.391695695700000002e+01,-2.836550122799999940e+01,-3.631555236199999825e+01,-2.432839512700000029e+01,-3.792314770699999826e+01,-3.145047602100000006e+01
1.393696696700000004e+01,-3.572887575200000043e+01,-4.333342063700000324e+01,-2.585666140100000021e+01,-4.130988542899999771e+01,-3.286517720500000195e+01
1.395697697700000006e+01,-2.959150395800000055e+01,-4.628262527399999726e+01,-2.448386717300000015e+01,-3.550661634499999764e+01,-2.706141227499999857e+01
1.397698698700000008e+01,-3.269663094199999875e+01,-4.247515498599999972e+01,-2.435690252299999869e+01,-3.727776402800000000e+01,-2.981462465699999953e+01
1.399699699700000011e+01,-3.515972262700000073e+01,-3.111241484499999999e+01,-2.244418731700000080e+01,-4.092971859600000073e+01,-2.921490765000000067e+01
1.401700700700000013e+01,-3.774825881400000327e+01,-4.471932426699999752e+01,-2.420843153399999892e+01,-3.969273475800000028e+01,-2.687542283899999873e+01
1.403701701700000015e+01,-3.240470086599999888e+01,-3.007863648600000062e+01,-2.433876660600000008e+01,-3.623490718299999713e+01,-2.757387828199999902e+01
1.405702702700000017e+01,-3.931903399000000121e+01,-2.814931276500000124e+01,-2.275020199100000085e+01,-4.109064717999999772e+01,-2.794612660700000006e+01
1.407703703700000020e+01,-3.059915468200000177e+01,-2.712054584199999852e+01,-2.556595703300000011e+01,-3.088931455699999873e+01,-2.759408268700000022e+01
1.409704704700000022e+01,-3.495555982700000186e+01,-3.068319599299999823e+01,-2.571655128500000131e+01,-3.613648377599999861e+01,-2.381860782200000060e+01
1.411705705700000024e+01,-4.820132874099999754e+01,-2.944987315199999856e+01,-2.567318699400000170e+01,-4.028870875700000198e+01,-2.700584720100000169e+01
1.413706706700000026e+01,-3.942350488299999967e+01,-3.394910248899999772e+01,-2.832147454000000053e+01,-3.061716093600000121e+01,-2.820995032000000080e+01
1.415707707700000029e+01,-3.592962566399999957e+01,-3.296863891699999982e+01,-2.876481077100000050e+01,-3.387460203700000250e+01,-3.149272310099999928e+01
1.417708708700000031e+01,-3.722777043699999666e+01,-3.334195843999999909e+01,-3.005772624300000118e+01,-3.497736034500000102e+01,-2.813911990800000140e+01
1.419709709700000033e+01,-5.155096220600000123e+01,-2.727265187400000102e+01,-3.047008860500000083e+01,-3.505675571799999801e+01,-2.811491565000000037e+01
1.421710710700000035e+01,-3.807428889900000257e+01,-2.986822853800000033e+01,-3.040198652999999851e+01,-3.901260471399999830e+01,-2.671625583599999842e+01
1.423711711700000038e+01,-3.655864481700000113e+01,-3.142602099300000162e+01,-3.302224803099999662e+01,-4.165217027599999966e+01,-3.125170343699999975e+01
1.425712712700000040e+01,-3.432182422700000046e+01,-2.685770384399999955e+01,-3.065720790399999984e+01,-4.344067547499999904e+01,-3.244400413799999683e+01
1.427713713700000042e+01,-4.185781703899999684e+01,-2.831589165700000166e+01,-3.456471925200000328e+01,-3.620929551500000088e+01,-2.954930742399999843e+01
1.429714714700000044e+01,-4.474336085200000213e+01,-3.473640162800000297e+01,-3.210705681900000030e+01,-3.625616955699999977e+01,-3.117564584100000147e+01
1.431715715700000047e+01,-3.375627395499999750e+01,-3.249487323099999969e+01,-3.273028597799999773e+01,-4.227830382900000217e+01,-3.135165149199999846e+01
1.433716716700000049e+01,-4.039368370199999703e+01,-4.248516848999999951e+01,-3.221481397400000191e+01,-4.016442424600000294e+01,-3.383254272700000342e+01
1.435717717700000051e+01,-3.131851002399999828e+01,-2.910631073200000074e+01,-3.113042323299999836e+01,-3.784843343699999707e+01,-3.418243879500000304e+01
1.437718718700000053e+01,-4.275184504500000315e+01,-3.499142756399999854e+01,-3.074207561600000105e+01,-3.720833979900000088e+01,-3.441977553400000289e+01
1.439719719700000056e+01,-2.694261301099999883e+01,-4.843354853400000337e+01,-2.991965522899999996e+01,-4.832455470600000069e+01,-3.621829532099999938e+01
1.441720720700000058e+01,-5.506221606100000088e+01,-3.666925718400000278e+01,-3.179127357500000173e+01,-3.724357247700000073e+01,-3.511865925200000049e+01
1.443721721700000060e+01,-3.674825209200000131e+01,-3.949870030099999951e+01,-2.986583331399999963e+01,-4.840899649299999652e+01,-4.711871180199999998e+01
1.445722722700000062e+01,-3.751130502000000178e+01,-4.439508135300000191e+01,-2.936106971399999921e+01,-5.424973456600000077e+01,-4.026248052500000085e+01
1.447723723700000065e+01,-3.034907052499999836e+01,-3.761858351499999742e+01,-2.943839633099999986e+01,-3.629385472300000259e+01,-3.877404821100000021e+01
1.449724724700000067e+01,-3.441068472199999917e+01,-3.651927325700000182e+01,-3.063447978499999991e+01,-3.906587557499999974e+01,-4.903449503400000253e+01
1.451725725700000069e+01,-4.228925699399999871e+01,-2.770133859099999896e+01,-2.953398700400000010e+01,-3.589226532699999694e+01,-3.690279094200000287e+01
1.453726726700000071e+01,-3.656899715699999831e+01,-3.334233395900000119e+01,-3.184769259100000127e+01,-3.810276537400000052e+01,-5.145605049800000330e+01
1.455727727700000074e+01,-4.505807973600000338e+01,-3.436215000899999694e+01,-3.271483600399999858e+01,-3.943539236899999878e+01,-3.920821118599999977e+01
1.457728728700000076e+01,-3.733604404700000146e+01,-2.909946638299999933e+01,-2.839877884199999869e+01,-4.074027711000000096e+01,-3.064631131200000169e+01
1.459729729700000078e+01,-3.719094715100000315e+01,-3.452660648300000190e+01,-3.239675796400000252e+01,-5.659448864299999826e+01,-4.340272373300000197e+01
1.461730730700000080e+01,-3.818777254300000124e+01,-3.387472196200000241e+01,-3.220775669399999686e+01,-3.696586927199999906e+01,-3.306001840300000083e+01
1.463731731700000083e+01,-3.462567589500000054e+01,-4.070010290300000122e+01,-3.443642701699999975e+01,-3.089136256300000127e+01,-3.523853665499999721e+01
1.465732732700000085e+01,-3.805391733799999798e+01,-3.404003515699999838e+01,-2.908650007099999968e+01,-5.059148902900000166e+01,-2.845707137599999825e+01
1.467733733700000087e+01,-4.287739041199999690e+01,-3.019803838600000034e+01,-2.711280917599999896e+01,-4.441792460100000284e+01,-3.052260427699999923e+01
1.469734734699999912e+01,-3.185916800100000046e+01,-4.000450660199999930e+01,-3.018622296199999866e+01,-4.015422839099999663e+01,-2.419650752200000099e+01
1.471735735699999914e+01,-4.549885379599999879e+01,-3.902644559200000174e+01,-3.076751303800000059e+01,-4.185228787999999867e+01,-2.840079014100000165e+01
1.473736736699999916e+01,-3.776193887299999830e+01,-3.086354550900000149e+01,-3.131450744900000061e+01,-3.146224631600000166e+01,-2.555249351200000163e+01
1.475737737699999919e+01,-3.561294277399999686e+01,-5.154020062800000090e+01,-2.845895882399999977e+01,-3.606978942199999949e+01,-2.975695531799999927e+01
1.477738738699999921e+01,-4.898134431999999805e+01,-3.599993075900000150e+01,-2.673657755700000038e+01,-3.709128188900000112e+01,-2.821001429900000090e+01
1.479739739699999923e+01,-3.380387208700000201e+01,-4.313634272299999850e+01,-2.582012437799999915e+01,-3.711187488499999887e+01,-2.716199809600000137e+01
1.481740740699999925e+01,-3.078852892100000105e+01,-3.963896237299999825e+01,-3.299490276499999908e+01,-3.015577775699999918e+01,-3.687277821699999691e+01
1.483741741699999928e+01,-4.562418936200000275e+01,-3.531598509999999891e+01,-2.706822160500000152e+01,-3.947578711199999901e+01,-2.622809216599999971e+01
1.485742742699999930e+01,-4.223112614099999718e+01,-3.168417955299999988e+01,-2.823024030799999906e+01,-3.224529983699999747e+01,-2.538187882700000131e+01
1.487743743699999932e+01,-3.647445813600000264e+01,-3.936640992000000239e+01,-2.699325186200000104e+01,-3.057885316100000139e+01,-3.077497699799999964e+01
1.489744744699999934e+01,-3.812463404100000020e+01,-2.855235216199999826e+01,-2.521682647400000121e+01,-3.652654423399999928e+01,-2.725143286500000173e+01
1.491745745699999937e+01,-4.753675155999999902e+01,-3.611513401999999928e+01,-2.612232278800000174e+01,-3.234601027200000090e+01,-2.613120029799999955e+01
1.493746746699999939e+01,-3.316385977800000262e+01,-3.308132521000000281e+01,-2.562288217500000087e+01,-2.843605662099999876e+01,-2.628852827400000081e+01
1.495747747699999941e+01,-4.944013257000000294e+01,-3.185944102499999886e+01,-2.738879863400000048e+01,-3.748379577800000106e+01,-2.586076393200000112e+01
1.497748748699999943e+01,-2.891370056099999886e+01,-3.636161593900000355e+01,-2.436260992800000125e+01,-4.159504707400000001e+01,-2.983154173200000159e+01
1.499749749699999946e+01,-3.285695197900000153e+01,-4.955583574100000277e+01,-2.726542180899999934e+01,-3.908688810600000352e+01,-2.545633525899999938e+01
1.501750750799999956e+01,-3.687589809300000354e+01,-3.071977529500000159e+01,-2.630674119000000033e+01,-3.476101342199999777e+01,-2.631277877899999851e+01
1.503751751799999958e+01,-2.310988173899999865e+01,-2.929536588799999919e+01,-2.622135505900000041e+01,-3.507441735999999821e+01,-3.369537126499999857e+01
1.505752752799999961e+01,-3.517951668199999915e+01,-2.783831354000000147e+01,-2.770969096399999998e+01,-2.785822500500000132e+01,-3.043508477499999998e+01
1.507753753799999963e+01,-2.919773686999999995e+01,-2.686228785899999849e+01,-3.059409556199999969e+01,-3.668469917699999883e+01,-3.184004048299999923e+01
1.509754754799999965e+01,-4.022287737100000271e+01,-3.384939341599999807e+01,-2.423043079900000052e+01,-3.886232996500000070e+01,-2.670484838499999825e+01
1.511755755799999967e+01,-2.979515884599999964e+01,-2.878810844099999855e+01,-2.457043758000000011e+01,-3.377785509800000341e+01,-2.997354786600000054e+01
1.513756756799999970e+01,-4.212239231299999886e+01,-2.914776857500000062e+01,-2.545789878100000081e+01,-3.314915925799999741e+01,-2.449113857800000105e+01
1.515757757799999972e+01,-3.312998763200000241e+01,-3.661565960499999761e+01,-2.429166865799999897e+01,-4.313700310000000115e+01,-2.814756264400000063e+01
1.517758758799999974e+01,-3.695304301000000180e+01,-2.583145382400000045e+01,-2.432501862000000159e+01,-4.148183550699999955e+01,-2.460899424000000124e+01
1.519759759799999976e+01,-3.464577281199999703e+01,-2.740456768700000012e+01,-2.261853957299999962e+01,-3.613200096500000313e+01,-2.462226289199999840e+01
1.521760760799999979e+01,-3.292463860600000203e+01,-3.460181358599999868e+01,-2.431987861100000003e+01,-3.798132036300000181e+01,-2.899549661900000075e+01
1.523761761799999981e+01,-4.110251248600000196e+01,-3.045495755199999977e+01,-2.427709934800000013e+01,-5.004008155300000027e+01,-2.594942048100000065e+01
1.525762762799999983e+01,-3.955591489500000080e+01,-2.845562849799999938e+01,-2.489528454999999951e+01,-3.144844957300000132e+01,-2.657864998299999826e+01
1.527763763799999985e+01,-4.169337172099999833e+01,-3.646372456600000334e+01,-2.252400365500000134e+01,-3.876965399499999876e+01,-3.164780049199999823e+01
1.529764764799999988e+01,-3.824670423500000283e+01,-5.456419565200000221e+01,-2.424430615099999997e+01,-5.640086414200000320e+01,-3.003100254199999952e+01
1.531765765799999990e+01,-4.787011903300000171e+01,-4.289302514500000285e+01,-2.680738222500000134e+01,-4.501952472600000021e+01,-2.549883409599999951e+01
1.533766766799999992e+01,-3.135596471199999868e+01,-3.618243857099999872e+01,-2.683367490299999858e+01,-4.161410857500000304e+01,-3.184394461999999848e+01
1.535767767799999994e+01,-4.487108640099999946e+01,-2.358163503999999833e+01,-3.274245878600000026e+01,-4.059321252499999844e+01,-2.838652244400000058e+01
1.537768768799999997e+01,-4.821653973899999812e+01,-3.821580102899999787e+01,-2.660794993900000094e+01,-4.396666054399999979e+01,-2.830540373699999890e+01
1.539769769799999999e+01,-2.404820156099999906e+01,-3.295047770200000059e+01,-3.054328539600000170e+01,-4.776530409000000077e+01,-3.013033380399999928e+01
1.541770770800000001e+01,-4.161311487500000084e+01,-3.579471048700000324e+01,-2.962493931099999855e+01,-4.686976472799999982e+01,-2.442316272700000113e+01
1.543771771800000003e+01,-3.855517804699999829e+01,-2.713518284399999914e+01,-3.703229006499999798e+01,-3.467558003399999933e+01,-2.404539958599999849e+01
1.545772772800000006e+01,-3.643221157899999696e+01,-3.292484791900000118e+01,-3.629976815700000259e+01,-4.047967979399999905e+01,-2.672382542100000080e+01
1.547773773800000008e+01,-5.408411316699999816e+01,-4.585806651400000078e+01,-3.398314836600000177e+01,-4.137402357399999886e+01,-2.493380719700000014e+01
1.549774774800000010e+01,-4.318099124700000147e+01,-4.564291908900000294e+01,-3.952505509299999886e+01,-4.285880234999999772e+01,-2.845650695799999852e+01
1.551775775800000012e+01,-3.904443694799999776e+01,-3.845646397699999852e+01,-3.949325491500000140e+01,-4.889083614799999822e+01,-2.291507544699999954e+01
1.553776776800000015e+01,-3.114630115799999999e+01,-3.355110811699999829e+01,-2.952113071999999860e+01,-3.442961187699999925e+01,-2.498203159599999879e+01
1.555777777800000017e+01,-2.845570959200000161e+01,-3.927458526600000255e+01,-3.285170024600000005e+01,-4.840108151700000150e+01,-2.426523355400000170e+01
1.557778778800000019e+01,-2.942747416699999974e+01,-3.622082774399999749e+01,-5.162167710100000306e+01,-4.165493174600000259e+01,-2.045181931899999839e+01
1.559779779800000021e+01,-3.156595109399999899e+01,-5.113969085099999745e+01,-5.169494431599999729e+01,-3.685578217900000197e+01,-3.006245857900000118e+01
1.561780780800000024e+01,-3.364863444200000231e+01,-3.702364465899999857e+01,-3.785337549100000132e+01,-3.352969599699999748e+01,-2.403463716899999980e+01
1.563781781800000026e+01,-2.967265951199999918e+01,-3.719783469400000087e+01,-3.664619622200000038e+01,-3.316141653999999761e+01,-1.753729149300000145e+01
1.565782782800000028e+01,-2.906298808400000055e+01,-2.834263257199999941e+01,-3.617258720699999941e+01,-3.782247698700000171e+01,-2.253525601100000131e+01
1.567783783800000030e+01,-2.537893393999999958e+01,-3.347164886099999848e+01,-3.029321976199999966e+01,-3.309523499299999827e+01,-2.217035687599999960e+01
1.569784784800000033e+01,-3.147772504799999993e+01,-3.174556605500000117e+01,-2.996451819800000038e+01,-4.265406734199999761e+01,-1.493386045699999976e+01
1.571785785800000035e+01,-3.121950361900000104e+01,-4.048502665899999897e+01,-3.230147648700000218e+01,-3.541350916199999688e+01,-2.027042916499999947e+01
1.573786786800000037e+01,-2.831422375800000069e+01,-4.297378568799999954e+01,-2.974228277599999970e+01,-3.573176370600000240e+01,-2.102093039400000052e+01
1.575787787800000039e+01,-3.088359510200000102e+01,-3.428211016299999869e+01,-2.704471030099999851e+01,-3.108332428299999961e+01,-2.360894081100000008e+01
1.577788788800000042e+01,-3.423144944599999917e+01,-4.206871486099999657e+01,-2.835102606399999914e+01,-3.199728170799999916e+01,-2.163137092399999872e+01
1.579789789800000044e+01,-2.632100846399999838e+01,-4.115903297700000252e+01,-2.955283512600000151e+01,-2.513595192000000011e+01,-1.828472684799999826e+01
1.581790790800000046e+01,-3.776554423700000029e+01,-3.986320480599999883e+01,-2.855149920499999894e+01,-2.931118338599999973e+01,-1.842777597899999975e+01
1.583791791800000048e+01,-3.674420636899999693e+01,-3.041552454700000041e+01,-2.805678968000000140e+01,-3.268967063499999881e+01,-2.010282865199999947e+01
1.585792792800000051e+01,-2.958292984999999931e+01,-3.651488463900000170e+01,-2.816033679199999895e+01,-3.486294182299999989e+01,-2.002300444400000146e+01
1.587793793800000053e+01,-3.009679274699999851e+01,-2.684343434000000173e+01,-2.850340876499999965e+01,-2.930971487000000053e+01,-2.161191433000000117e+01
1.589794794800000055e+01,-3.849559838199999717e+01,-4.486624615400000238e+01,-2.764678461000000098e+01,-3.135325159599999978e+01,-2.395103674699999985e+01
1.591795795800000057e+01,-3.223925685799999741e+01,-3.071557287399999936e+01,-2.858720694499999837e+01,-2.350181187300000119e+01,-1.996704787799999892e+01
1.593796796800000060e+01,-3.295873500199999739e+01,-4.654208880299999862e+01,-2.535329673200000045e+01,-3.755525063299999999e+01,-2.078249371500000109e+01
1.595797797800000062e+01,-2.903838603199999824e+01,-4.871717154200000266e+01,-2.574905002699999912e+01,-3.149469231899999855e+01,-2.452615163700000167e+01
1.597798798800000064e+01,-3.022965251100000117e+01,-2.635821581400000113e+01,-2.509120014799999865e+01,-2.490856692499999880e+01,-2.730045357399999872e+01
1.599799799800000066e+01,-2.761179553599999892e+01,-2.987794198099999932e+01,-2.227840611499999923e+01,-3.711996661199999892e+01,-2.538716157100000004e+01
1.601800800799999891e+01,-1.713125205700000109e+01,-3.351977011799999673e+01,-2.723087193299999953e+01,-3.425053378300000162e+01,-2.656486481800000021e+01
1.603801801799999893e+01,-2.809269643400000049e+01,-1.783234518800000146e+01,-2.902452972800000097e+01,-2.439894332000000077e+01,-2.708578196499999891e+01
1.605802802799999895e+01,-3.538461766500000039e+01,-3.088782799799999879e+01,-2.604629496700000146e+01,-2.879507084899999825e+01,-2.529525584499999979e+01
1.607803803799999898e+01,-3.273575141700000302e+01,-2.766246527399999877e+01,-2.490619506000000172e+01,-2.664720446600000159e+01,-2.598276494199999931e+01
1.609804804799999900e+01,-3.132763127400000158e+01,-2.190160668800000110e+01,-2.825868129499999881e+01,-3.081865369499999829e+01,-2.591145774299999971e+01
1.611805805799999902e+01,-3.028942054899999903e+01,-1.620592311100000060e+01,-3.926997802100000001e+01,-2.945691721700000087e+01,-2.564761429300000017e+01
1.613806806799999904e+01,-3.345646051699999646e+01,-2.225316546399999851e+01,-2.699248147899999850e+01,-3.647201948499999702e+01,-2.656872895100000065e+01
1.615807807799999907e+01,-2.640672409100000095e+01,-2.748057778500000126e+01,-2.510780723899999956e+01,-3.083744626700000069e+01,-2.689217742199999961e+01
1.617808808799999909e+01,-2.239091882600000005e+01,-3.209324754499999699e+01,-2.519661182600000160e+01,-3.414725735599999723e+01,-2.630804817399999962e+01
1.619809809799999911e+01,-2.156591661799999926e+01,-2.904440057800000119e+01,-2.506133687100000174e+01,-3.457957402800000324e+01,-2.910099402299999838e+01
1.621810810799999913e+01,-8.070998101200000718e+00,-2.856279202200000000e+01,-2.268357959500000121e+01,-3.661175681999999654e+01,-2.399950118199999949e+01
1.623811811799999916e+01,-3.016376262800000063e+01,-3.579004279099999764e+01,-2.590562608400000144e+01,-3.104602077299999863e+01,-2.450812598499999950e+01
1.625812812799999918e+01,-3.217669647499999996e+01,-2.405024327699999986e+01,-2.595704309799999976e+01,-3.117722644799999898e+01,-2.279882333000000116e+01
1.627813813799999920e+01,-3.642300795599999930e+01,-4.217426840699999957e+01,-2.629840124900000120e+01,-3.476627973000000082e+01,-2.558324415499999915e+01
1.629814814799999922e+01,-2.434715583099999847e+01,-2.816915788400000054e+01,-2.643504000200000092e+01,-3.255638454099999990e+01,-2.404074672699999837e+01
1.631815815799999925e+01,-2.912403407800000110e+01,-2.865481463800000128e+01,-2.594730143800000022e+01,-3.563189764100000190e+01,-2.132706065600000045e+01
1.633816816799999927e+01,-3.007912862899999951e+01,-3.181508015100000009e+01,-3.059026333899999983e+01,-3.517807747500000204e+01,-2.735872601599999854e+01
1.635817817799999929e+01,-3.114744530800000177e+01,-2.574478171399999837e+01,-2.578683118800000074e+01,-3.579678220499999952e+01,-2.877979345600000016e+01
1.637818818799999931e+01,-1.159988110299999953e+01,-2.673366262100000057e+01,-2.406752068400000155e+01,-3.225486776399999655e+01,-2.829848900200000017e+01
1.639819819799999934e+01,-3.901711231600000218e+01,-3.592468365199999880e+01,-3.055265187399999860e+01,-3.179642407300000073e+01,-2.598023546800000005e+01
1.641820820799999936e+01,-2.869016345100000009e+01,-1.854785261199999979e+01,-4.918449478899999860e+01,-2.689092978500000086e+01,-2.632867675099999971e+01
1.643821821799999938e+01,-3.228856243900000322e+01,-3.808001153099999669e+01,-2.625325441400000059e+01,-3.082052262699999901e+01,-2.408162948700000072e+01
1.645822822799999940e+01,-2.929766290899999959e+01,-4.831022375300000249e+01,-2.594539692900000105e+01,-3.575884243899999859e+01,-2.470795878899999920e+01
1.647823823799999943e+01,-3.605952229199999692e+01,-3.226015281699999804e+01,-2.787771890499999827e+01,-3.108919976500000004e+01,-3.971187718699999891e+01
1.649824824799999945e+01,-3.957054085000000043e+01,-3.218893302400000067e+01,-3.014678345700000150e+01,-3.090440779200000065e+01,-2.447556522000000001e+01
1.651825825799999947e+01,-2.523395399800000050e+01,-3.685339402500000006e+01,-3.475173062300000026e+01,-2.981142454100000094e+01,-2.369467852300000033e+01
1.653826826799999949e+01,-3.115902076800000131e+01,-4.460158315299999998e+01,-3.261033818800000006e+01,-3.252159799999999734e+01,-1.886277937799999904e+01
1.655827827799999952e+01,-3.875569963499999915e+01,-3.404982004699999720e+01,-3.208243187400000096e+01,-3.715482937400000196e+01,-2.570255825799999982e+01
1.657828828799999954e+01,-2.001828256099999948e+01,-3.538831783500000228e+01,-3.001982153899999872e+01,-3.265660737599999663e+01,-2.417395804799999937e+01
1.659829829799999956e+01,-1.941002342599999864e+01,-3.816838569000000092e+01,-3.049645907300000047e+01,-3.040280314900000036e+01,-2.315076204000000004e+01
1.661830830799999958e+01,-4.905929758300000287e+01,-2.692098762499999864e+01,-2.575024783199999945e+01,-3.518388001999999659e+01,-2.555358708500000020e+01
1.663831831799999961e+01,-3.559246316099999774e+01,-4.068213657999999810e+01,-3.035704678300000126e+01,-2.652081480800000080e+01,-2.684689168299999906e+01
1.665832832799999963e+01,-3.337678709600000104e+01,-3.429024150200000065e+01,-3.003436375900000144e+01,-3.177749834100000115e+01,-2.514363419600000071e+01
1.667833833799999965e+01,-3.711992311200000216e+01,-3.855426935500000241e+01,-3.182449129000000099e+01,-3.013820938900000002e+01,-2.447596015499999922e+01
1.669834834799999967e+01,-3.654321365999999927e+01,-3.397180356199999807e+01,-3.553440954100000226e+01,-3.658490777600000143e+01,-2.247072601800000058e+01
1.671835835799999970e+01,-3.373630355899999955e+01,-2.985388851000000088e+01,-2.943656647099999901e+01,-3.269537468600000096e+01,-2.741507940800000043e+01
1.673836836799999972e+01,-3.108473014799999845e+01,-3.439359532699999988e+01,-2.881568104000000119e+01,-2.983777861100000095e+01,-2.466214318000000105e+01
1.675837837799999974e+01,-2.221135852000000099e+01,-2.979177135400000154e+01,-2.910784741799999864e+01,-3.997273630299999780e+01,-3.033611644899999860e+01
1.677838838799999976e+01,-3.150398552800000118e+01,-3.268795478500000229e+01,-2.985737950300000065e+01,-3.587348936499999752e+01,-2.882799488899999929e+01
1.679839839799999979e+01,-3.746459650399999930e+01,-9.682058770999999453e+00,-2.581081557099999912e+01,-2.996324439099999992e+01,-3.050099066299999961e+01
1.681840840799999981e+01,-3.180076255099999827e+01,-2.730379632200000017e+01,-2.889803638300000088e+01,-3.023975999399999992e+01,-3.124506532299999861e+01
1.683841841799999983e+01,-3.345570810899999969e+01,-3.810932297600000140e+01,-2.750700345099999922e+01,-2.605415624800000174e+01,-2.666409212399999973e+01
1.685842842799999985e+01,-2.648833873299999908e+01,-3.248997127199999824e+01,-2.858719237900000110e+01,-2.786817970899999963e+01,-2.514910750600000000e+01
1.687843843799999988e+01,-2.501976774699999950e+01,-3.749576696199999759e+01,-2.542488293399999932e+01,-3.156242682899999963e+01,-2.338885882299999963e+01
1.689844844799999990e+01,-2.976421002900000090e+01,-3.657893815500000301e+01,-2.676537436599999964e+01,-2.453266617299999908e+01,-2.188145090800000148e+01
1.691845845799999992e+01,-3.957589359899999693e+01,-5.341738893499999818e+01,-2.772858207899999883e+01,-2.481673851000000042e+01,-3.504616081100000002e+01
1.693846846799999994e+01,-2.658913051700000096e+01,-4.867522733100000210e+01,-2.678757074900000035e+01,-2.904049743199999867e+01,-2.573288772600000129e+01
1.695847847799999997e+01,-2.988501019399999947e+01,-4.153389213199999830e+01,-2.547610848100000069e+01,-2.191965521399999872e+01,-1.593742325200000032e+01
1.697848848799999999e+01,-4.625714489899999649e+01,-3.026388925199999846e+01,-2.436765334100000047e+01,-2.740367394800000156e+01,-2.972048363600000087e+01
1.699849849800000001e+01,-3.441310404000000034e+01,-3.045450524900000033e+01,-2.122022636699999865e+01,-1.777356214299999948e+01,-3.035423512499999887e+01
1.701850850900000012e+01,-1.974784026600000075e+01,-4.391526117600000134e+01,-3.000339708599999966e+01,-2.853413051300000092e+01,-2.360661783200000130e+01
1.703851851900000014e+01,-2.893728240800000151e+01,-3.563261435799999788e+01,-2.486175749899999943e+01,-2.383315487699999835e+01,-2.235677442000000070e+01
1.705852852900000016e+01,-4.795813141499999688e+01,-3.320784202800000173e+01,-3.990559453699999892e+01,-3.414645077200000145e+01,-1.793656020599999934e+01
1.707853853900000018e+01,-4.234954644300000126e+01,-2.712718896899999876e+01,-2.929251782300000073e+01,-3.160971283599999992e+01,-2.401388364099999961e+01
1.709854854900000021e+01,-3.748461847800000157e+01,-3.433763806799999685e+01,-2.664545752200000095e+01,-2.931525088100000076e+01,-2.640244702500000074e+01
1.711855855900000023e+01,-4.380859548499999789e+01,-3.661920181499999671e+01,-3.548186240500000110e+01,-2.585610291100000069e+01,-1.887431893200000133e+01
1.713856856900000025e+01,-4.354027254500000055e+01,-3.959805716799999686e+01,-3.003376151300000174e+01,-2.692372164700000070e+01,-2.127921803499999953e+01
1.715857857900000027e+01,-3.845879229999999893e+01,-3.139590791599999875e+01,-1.608215437699999839e+01,-2.122312415700000088e+01,-3.471222940999999906e+01
1.717858858900000030e+01,-3.406686085500000161e+01,-3.088948678199999875e+01,-2.005243638600000011e+01,-3.065116870700000007e+01,-1.523030580300000025e+01
1.719859859900000032e+01,-5.367831171299999937e+01,-3.061941051100000166e+01,-3.172046205599999880e+01,-1.591624368399999945e+01,-2.088158078000000017e+01
1.721860860900000034e+01,-3.153865386300000040e+01,-3.720442286000000109e+01,-3.217128309699999988e+01,-2.797153091199999864e+01,-3.299560114199999816e+01
1.723861861900000036e+01,-3.168865839700000109e+01,-3.712866566400000323e+01,-2.376420964400000102e+01,-2.767401860100000022e+01,-2.204447066499999863e+01
1.725862862900000039e+01,-3.015976678399999855e+01,-4.980717101700000171e+01,-4.959988361799999979e+01,-3.014542989499999948e+01,-2.545340741100000059e+01
1.727863863900000041e+01,-2.758995197000000132e+01,-4.316122524899999746e+01,-1.788887939099999969e+01,-1.915979280399999851e+01,-2.501960298499999880e+01
1.729864864900000043e+01,-2.532588360900000168e+01,-3.482074380800000313e+01,-2.725870158200000049e+01,-3.408154099299999729e+01,-2.194726485900000057e+01
1.731865865900000045e+01,-3.269356246299999924e+01,-4.042005051699999996e+01,-2.110653934600000170e+01,-2.804604609300000106e+01,-1.042982810100000002e+01
1.733866866900000048e+01,-4.299608132099999835e+01,-4.121293295000000256e+01,-2.559545021499999962e+01,-2.226935984099999999e+01,-2.576922356400000069e+01
1.735867867900000050e+01,-3.555238709500000027e+01,-4.199082303099999791e+01,-2.591949147000000053e+01,-3.203849096199999735e+01,-3.311397147699999977e+01
1.737868868900000052e+01,-2.558734887499999999e+01,-2.980203285500000021e+01,-2.740238423199999929e+01,-2.950601535199999859e+01,-4.145198574799999847e+01
1.739869869900000054e+01,-2.691366900999999956e+01,-3.101576028099999860e+01,-2.552007936900000118e+01,-3.924535372399999744e+01,-2.778676362199999872e+01
1.741870870900000057e+01,-2.621672115100000156e+01,-3.153449771800000079e+01,-2.438191958799999881e+01,-2.116161182100000104e+01,-1.791739454600000059e+01
1.743871871900000059e+01,-3.097997548500000065e+01,-3.102606118099999932e+01,-2.627034605300000081e+01,-3.380401992200000194e+01,-3.159963195099999922e+01
1.745872872900000061e+01,-2.878589984599999951e+01,-4.399382707000000181e+01,-2.728814704199999852e+01,-2.880426977999999849e+01,-2.810550307700000161e+01
1.747873873900000063e+01,-3.328288787799999682e+01,-3.757984813200000218e+01,-2.885995068500000116e+01,-3.242724624800000299e+01,-2.400752444200000113e+01
1.749874874900000066e+01,-2.424593843999999976e+01,-3.187965559099999879e+01,-2.471519285200000127e+01,-3.359086556500000142e+01,-2.419517022799999850e+01
1.751875875900000068e+01,-3.383344503800000069e+01,-2.811238468199999829e+01,-2.623284369599999977e+01,-3.476114868100000166e+01,-2.769112055400000116e+01
1.753876876900000070e+01,-2.835149196100000069e+01,-4.044270705499999963e+01,-2.969749462500000092e+01,-2.616773826000000014e+01,-1.412892590499999912e+01
1.755877877900000072e+01,-3.319053787299999669e+01,-4.374647304399999825e+01,-2.948781605199999944e+01,-3.141706561000000164e+01,-2.442549841299999969e+01
1.757878878900000075e+01,-3.116741726500000098e+01,-2.761115466600000090e+01,-2.395842818999999935e+01,-2.961057119999999898e+01,-3.319546633299999883e+01
1.759879879900000077e+01,-2.998964962000000156e+01,-3.564151158500000349e+01,-2.453370951400000166e+01,-2.588376823600000165e+01,-2.561084913199999846e+01
1.761880880900000079e+01,-1.802604631899999887e+01,-3.433102477799999974e+01,-2.767955230600000149e+01,-3.558746842200000060e+01,-2.608368727699999923e+01
1.763881881900000081e+01,-3.466930495399999757e+01,-3.108088727199999823e+01,-2.627299229699999827e+01,-3.237347161299999954e+01,-3.106365212700000100e+01
1.765882882900000084e+01,-3.712923266500000352e+01,-3.394442177199999833e+01,-3.027923112799999927e+01,-3.314392227700000149e+01,-2.445846847199999985e+01
1.767883883900000086e+01,-2.114003321299999882e+01,-2.918612370800000022e+01,-2.649196320900000146e+01,-2.958048376300000015e+01,-3.100074224900000175e+01
1.769884884900000088e+01,-3.595428856200000212e+01,-3.996016439200000292e+01,-3.260841810099999805e+01,-2.847603374699999890e+01,-2.475210958899999980e+01
1.771885885900000090e+01,-3.555247521700000135e+01,-3.209460190899999787e+01,-3.163695677500000158e+01,-2.199883123000000040e+01,-1.436685984800000071e+01
1.773886886900000093e+01,-2.057246765400000044e+01,-3.147443412699999854e+01,-2.809636250699999849e+01,-2.957051360099999826e+01,-3.805728124200000195e+01
1.775887887900000095e+01,-3.763359720399999730e+01,-2.870865482199999974e+01,-3.299579011899999870e+01,-2.145068614299999865e+01,-4.492431428599999776e+01
1.777888888900000097e+01,-2.948217838300000082e+01,-2.869797514300000074e+01,-4.625051333399999720e+01,-3.154007931599999992e+01,-2.865405742500000130e+01
1.779889889900000099e+01,-3.228745106899999939e+01,-3.235993097699999765e+01,-1.538463804999999951e+01,-1.559698942500000030e+01,-1.408053469999999940e+01
1.781890890900000102e+01,-3.331900797400000158e+01,-3.567336687600000289e+01,-3.075961495800000023e+01,-3.123187730300000098e+01,-3.395313136800000109e+01
1.783891891900000104e+01,-4.266987782300000021e+01,-3.097004600700000054e+01,-3.672636910100000307e+01,-2.981322762299999951e+01,-2.959482194299999946e+01
1.785892892900000106e+01,-2.951687878699999956e+01,-2.837368827599999932e+01,-3.128611077900000126e+01,-2.769811352800000037e+01,-3.029037071000000125e+01
1.787893893900000108e+01,-4.786631142400000272e+01,-4.391081762299999980e+01,-2.484938391700000082e+01,-2.853440033700000100e+01,-3.526654224699999673e+01
1.789894894900000111e+01,-3.041397510699999884e+01,-2.668281655299999855e+01,-3.376393923900000260e+01,-2.873637391500000149e+01,-3.369447868900000032e+01
1.791895895900000113e+01,-3.764476900399999693e+01,-3.403127306900000093e+01,-2.819855082400000157e+01,-2.157202699200000140e+01,-2.833752756399999839e+01
1.793896896900000115e+01,-3.750459727199999804e+01,-3.176775388400000111e+01,6.822207683300000269e+00,1.145632859400000036e+01,-2.577995112199999994e+01
1.795897897900000117e+01,-2.713894337500000020e+01,-4.191029860900000159e+01,-4.503350274400000330e+01,-2.412188779699999941e+01,-2.718920080199999845e+01
1.797898898900000120e+01,-3.930276414699999776e+01,-1.754279601600000049e+01,-3.105762219800000068e+01,-2.857526763899999978e+01,-2.528253975200000170e+01
1.799899899900000122e+01,-3.548929839800000252e+01,-4.054830970300000104e+01,-1.745123980099999983e+01,-2.815261088999999828e+01,-2.131646551900000119e+01
1.801900900900000124e+01,-3.172359682600000141e+01,-3.608803816999999725e+01,-1.826912548900000033e+01,-1.686014544200000032e+01,-2.204726606999999916e+01
1.803901901900000126e+01,-3.638437814699999961e+01,-4.157717619799999653e+01,-3.698446830999999690e+01,-2.774704256300000083e+01,-2.895811890199999894e+01
1.805902902900000129e+01,-4.441766078900000281e+01,-2.703121480800000143e+01,-3.558899307499999765e+01,-3.241100778399999882e+01,-2.740608131600000164e+01
1.807903903900000131e+01,-4.456728462800000301e+01,-4.282914135600000094e+01,-2.953561620600000026e+01,-3.624267355700000337e+01,-3.560007866899999840e+01
1.809904904900000133e+01,-4.232725682899999953e+01,-2.822807834400000004e+01,-2.882240521900000019e+01,-2.802771836599999844e+01,-2.590233077999999978e+01
1.811905905900000135e+01,-3.274500991299999697e+01,-1.521283812599999941e+01,-4.518041061200000286e+01,-2.887983362800000009e+01,-2.126894142500000129e+01
1.813906906900000138e+01,-4.418265852500000079e+01,-3.147175404500000084e+01,-2.586284516999999994e+01,-3.857000258600000109e+01,-2.125404167900000019e+01
1.815907907900000140e+01,-3.336312643299999792e+01,-2.914627566800000125e+01,-2.650705884999999995e+01,-3.423945689899999678e+01,-2.840034850900000052e+01
1.817908908900000142e+01,-3.455466326300000190e+01,-3.947503742600000010e+01,-3.688618553399999911e+01,-2.898545735000000079e+01,-2.697972011699999939e+01
1.819909909900000144e+01,-4.435695482700000269e+01,-3.072764931400000066e+01,-2.532627003600000037e+01,-3.243053057699999897e+01,-2.531536835200000013e+01
1.821910910900000147e+01,-3.330364898100000204e+01,-3.726687871899999749e+01,-2.977974578699999952e+01,-2.963056672300000116e+01,-3.839234512400000199e+01
1.823911911900000149e+01,-3.966810514299999824e+01,-2.777595205600000128e+01,-2.775192976499999986e+01,-3.288853067000000152e+01,-5.348697575199999932e+01
1.825912912900000151e+01,-3.894171639599999679e+01,-3.673600279000000057e+01,-2.916217556699999847e+01,-4.293693716899999657e+01,-1.195834764099999958e+01
1.827913913900000153e+01,-3.866093062699999905e+01,-3.033911750700000098e+01,-3.015520484099999976e+01,-2.855370521100000047e+01,-4.557686642499999863e+01
1.829914914900000156e+01,-3.250769393099999860e+01,-2.913704751299999884e+01,-2.684046928600000115e+01,-3.373226556000000187e+01,-4.509987596300000234e+01
1.831915915900000158e+01,-1.468274711299999957e+01,-4.828169041400000339e+01,-3.875538407399999841e+01,-3.074894639800000107e+01,-3.142564421100000160e+01
1.833916916900000160e+01,-3.458388423400000278e+01,-2.240118151000000069e+01,-3.021375253300000097e+01,-2.861292612800000157e+01,-2.670888547899999921e+01
1.835917917900000162e+01,-3.466878118500000028e+01,-2.175032270899999887e+01,-1.213528186899999994e+01,-1.206352758399999914e+01,-1.648209371800000156e+01
1.837918918900000165e+01,-2.864980650100000048e+01,-3.292144433600000042e+01,-2.730676175400000005e+01,-3.798868288900000323e+01,-3.843893185600000351e+01
1.839919919900000167e+01,-5.065480376899999726e+01,-3.132313436200000112e+01,-2.797248234499999953e+01,-3.281053524299999680e+01,-2.046367432999999991e+01
1.841920920900000169e+01,-2.752910238300000145e+01,-2.979309121900000079e+01,-2.835867816400000052e+01,-2.256701824599999995e+01,-3.184055108800000156e+01
1.843921921900000171e+01,-2.521783284099999989e+01,-3.191897237599999926e+01,-1.793495919200000088e+01,-2.384960052299999944e+01,-3.783263548099999696e+01
1.845922922900000174e+01,-2.587205662299999886e+01,-3.752977104699999700e+01,-2.438659535300000059e+01,-3.361878188800000089e+01,-4.767353764500000324e+01
1.847923923900000176e+01,-5.121117046500000214e+01,-2.731156257499999995e+01,-2.401845128400000107e+01,-1.866126550599999945e+01,-2.240405103699999856e+01
1.849924924899999823e+01,-4.097979303000000328e+01,-2.909484555499999914e+01,-2.296469834000000176e+01,-3.071521550399999967e+01,-2.675887685200000021e+01
1.851925925899999825e+01,-3.279092161999999888e+01,-3.420413185400000344e+01,-2.789786246499999933e+01,-3.285975878800000061e+01,-3.488157011599999890e+01
1.853926926899999827e+01,-3.186106144200000045e+01,-2.868077573800000124e+01,-2.270707857500000060e+01,-2.687296613099999831e+01,-2.481089422499999841e+01
1.855927927899999830e+01,-5.672163510299999700e+01,-3.506008041199999781e+01,-2.235182011399999880e+01,-3.856439150799999993e+01,-2.785137956299999829e+01
1.857928928899999832e+01,-2.947292605399999843e+01,-3.171760669600000071e+01,-2.250283953799999992e+01,-3.614133867299999991e+01,-2.762907619299999951e+01
1.859929929899999834e+01,-2.621478600000000014e+01,-3.707361320999999776e+01,-3.071165759200000167e+01,-2.490264079900000027e+01,-2.661720023299999838e+01
1.861930930899999836e+01,-2.831675035600000001e+01,-3.699117110200000269e+01,-3.137129698700000091e+01,-3.648069854199999895e+01,-3.680047029699999683e+01
1.863931931899999839e+01,-2.253460651900000045e+01,-3.040521792699999892e+01,-2.628415585600000171e+01,-3.366595416399999863e+01,-3.230706545900000037e+01
1.865932932899999841e+01,-3.655500320899999878e+01,-4.063858673499999696e+01,-3.029465041299999939e+01,-4.698121005499999825e+01,-4.078814766600000041e+01
1.867933933899999843e+01,-3.522470252499999788e+01,-4.258659686499999708e+01,-2.698773827899999844e+01,-2.605362708299999852e+01,-2.656906729900000030e+01
1.869934934899999845e+01,-4.138879273799999936e+01,-4.037529644100000326e+01,-1.956513236700000036e+01,-2.232134063799999879e+01,-2.698252663599999934e+01
1.871935935899999848e+01,-2.434640031400000026e+01,-3.011316962000000075e+01,-3.089266403399999916e+01,-2.231691273099999862e+01,-3.736439551000000137e+01
1.873936936899999850e+01,-2.459534541800000085e+01,-4.017383523499999853e+01,-2.436140048000000036e+01,-3.972028041899999806e+01,-2.999555841999999828e+01
1.875937937899999852e+01,-4.601375490400000245e+01,-3.414304688899999718e+01,-2.389218368199999887e+01,-3.555591685400000301e+01,-2.939727584299999918e+01
1.877938938899999854e+01,-3.828884570700000012e+01,-4.530547836600000267e+01,-2.352992838000000120e+01,-2.809761567500000012e+01,-1.603020983000000044e+01
1.879939939899999857e+01,-2.900829920199999989e+01,-1.817072296699999967e+01,-1.980922039500000054e+01,-4.374340888999999777e+01,-2.295666357400000024e+01
1.881940940899999859e+01,-4.270410124099999649e+01,-4.553119646700000089e+01,-2.918110161499999933e+01,-4.448817556200000212e+01,-2.952721434700000103e+01
1.883941941899999861e+01,-5.465373902200000344e+01,-4.459596565100000021e+01,-2.620097918700000150e+01,-3.221346683499999841e+01,-2.269261364100000122e+01
1.885942942899999863e+01,-3.283620373200000131e+01,-3.469982458700000194e+01,-3.025197942200000156e+01,-2.560338639200000088e+01,-2.597148796200000120e+01
1.887943943899999866e+01,-3.715531616399999848e+01,-3.171713733700000049e+01,-1.477410715999999979e+01,-2.202394264000000135e+01,-3.153949250699999851e+01
1.889944944899999868e+01,-3.800523093799999685e+01,-4.335082168699999983e+01,-2.992935222499999881e+01,-3.852462511200000250e+01,-3.353727201099999888e+01
1.891945945899999870e+01,-3.867488855799999925e+01,-2.891605691899999897e+01,-1.803634087900000083e+01,-2.394527709999999843e+01,-3.236261324299999842e+01
1.893946946899999872e+01,-4.556814569400000181e+01,-4.520667048800000032e+01,-4.026417045200000189e+01,-3.034652807399999830e+01,-3.260614787200000109e+01
1.895947947899999875e+01,-3.635170617699999696e+01,-4.428712870500000065e+01,-2.799428024399999870e+01,-2.999876405299999860e+01,-3.935949032100000267e+01
1.897948948899999877e+01,-1.763346057400000078e+01,-1.199274011299999998e+01,-3.003482542800000132e+01,-2.624986854100000144e+01,-3.049134319599999898e+01
1.899949949899999879e+01,-3.482408384600000062e+01,-5.297196853900000235e+01,-2.871554409799999874e+01,-3.402896235000000047e+01,-3.251261059299999800e+01
1.901950950999999890e+01,-4.654459000699999649e+01,-3.616097201299999853e+01,-2.324100539799999865e+01,-3.700201691800000248e+01,-2.919893234499999934e+01
1.903951951999999892e+01,-3.366306709799999908e+01,-2.070993659699999867e+01,-1.570670350400000004e+01,-2.438219188000000059e+01,-3.060135995499999950e+01
1.905952952999999894e+01,-4.362629143800000264e+01,-4.264765284799999989e+01,-3.408492161899999928e+01,-3.211516001799999742e+01,-2.824875673700000078e+01
1.907953953999999896e+01,-3.101975806900000165e+01,-3.853983767100000080e+01,-3.295562689500000175e+01,-1.066996284600000067e+01,-3.343414161599999801e+01
1.909954954999999899e+01,-2.908093990100000070e+01,-3.388830433900000116e+01,-2.323989997700000032e+01,-1.781130971299999999e+01,-1.163395799000000075e+01
1.911955955999999901e+01,-3.943906175000000047e+01,-4.458134852500000278e+01,-3.565854305700000282e+01,-5.830192330300000236e+01,-3.252689240000000126e+01
1.913956956999999903e+01,-3.473442589799999780e+01,-2.151041943299999915e+01,-3.801277511100000339e+01,-2.818115120599999912e+01,-3.527261141700000024e+01
1.915957957999999905e+01,-2.728943288600000017e+01,-3.735343544100000202e+01,-2.454452801100000059e+01,-2.714653799599999928e+01,-4.452564907400000038e+01
1.917958958999999908e+01,-3.199070617900000002e+01,-3.440019297500000306e+01,-3.287759593999999908e+01,-3.793236503600000020e+01,-3.676037857000000031e+01
1.919959959999999910e+01,-3.764676494300000087e+01,-2.911249056600000173e+01,-2.311119813899999897e+01,-2.177667589200000009e+01,-2.477972652500000095e+01
1.921960960999999912e+01,-4.355926704000000171e+01,-4.281330344599999904e+01,-4.280980550999999679e+01,-3.099634794900000045e+01,-3.083693381499999830e+01
1.923961961999999914e+01,-3.573427143600000022e+01,-4.377884878500000099e+01,-3.438446031800000213e+01,-5.038592793899999833e+01,-4.011636574500000307e+01
1.925962962999999917e+01,-2.051893983900000151e+01,-3.863565415600000108e+01,-2.639914464699999996e+01,-3.361799581999999731e+01,-4.405703696799999847e+01
1.927963963999999919e+01,-6.172341685600000005e+01,-4.063478789100000199e+01,-2.681768199200000069e+01,-4.043278290700000355e+01,-5.163082982699999945e+01
1.929964964999999921e+01,-3.785873226399999680e+01,-4.016403332600000198e+01,-2.520410919500000091e+01,-3.598203049600000014e+01,-4.489228048300000040e+01
1.931965965999999923e+01,-1.330480990400000074e+01,-3.052146799699999846e+01,-2.392699628400000122e+01,-3.409330945899999676e+01,-3.275692197800000116e+01
1.933966966999999926e+01,-4.646397374600000063e+01,-5.381207699299999803e+01,-2.864036785000000052e+01,-4.658891662500000308e+01,-3.733219975499999777e+01
1.935967967999999928e+01,-3.987667298899999935e+01,-4.422324891800000302e+01,-2.539496244100000055e+01,-4.621001571499999727e+01,-3.439464159799999976e+01
1.937968968999999930e+01,-2.457910969799999990e+01,-3.148285869100000056e+01,-2.471148696099999853e+01,-2.875670891500000081e+01,-2.018495447300000123e+01
1.939969969999999932e+01,-2.070932404899999923e+01,-4.630171981699999861e+01,-3.313662241099999761e+01,-3.744719448200000045e+01,-4.746247928300000041e+01
1.941970970999999935e+01,-3.983250715500000183e+01,-3.711881001599999763e+01,-1.999500976099999860e+01,-3.666114023499999774e+01,-3.629677191500000077e+01
1.943971971999999937e+01,-2.434593484799999885e+01,-3.117809043999999830e+01,-2.471956570600000092e+01,-3.382090105599999674e+01,-4.748371155800000309e+01
1.945972972999999939e+01,-4.609606086400000180e+01,-4.971511451300000317e+01,-3.129673686299999957e+01,-3.104700917499999946e+01,-2.887936846399999880e+01
1.947973973999999941e+01,-3.723967744499999810e+01,-4.618101221399999901e+01,-2.791014745900000094e+01,-3.416088665200000207e+01,-2.999335607100000090e+01
1.949974974999999944e+01,-2.792405433300000084e+01,-3.426894750799999656e+01,-2.820088580199999839e+01,-2.562506875000000051e+01,-3.935571922900000175e+01
1.951975975999999946e+01,-4.324883967899999959e+01,-3.825375130199999774e+01,-4.877240936399999782e+01,-3.407826732299999861e+01,-3.220654960800000310e+01
1.953976976999999948e+01,-3.051305121500000084e+01,-3.544848875999999649e+01,-1.142795084299999964e+01,-2.702184945300000152e+01,-1.763646852300000134e+01
1.955977977999999950e+01,-3.235357672699999654e+01,-3.868959650400000072e+01,-3.265058430100000209e+01,-2.961826717399999964e+01,-5.971686930399999937e+01
1.957978978999999953e+01,-5.762900004899999828e+01,-4.217787271800000326e+01,-2.454506289400000085e+01,-2.978281415000000010e+01,-3.170608481600000061e+01
1.959979979999999955e+01,-2.760660929300000177e+01,-3.901287940600000326e+01,-2.611906298999999976e+01,-3.685796381000000110e+01,-3.275525069799999756e+01
1.961980980999999957e+01,-3.211020416299999880e+01,-4.677054866999999660e+01,-9.572155778500000878e+00,-3.865188407899999845e+01,-3.083198418299999943e+01
1.963981981999999959e+01,-2.826544716400000112e+01,-4.239298297100000212e+01,-2.727022632299999927e+01,-3.972798055900000236e+01,-4.266046649599999796e+01
1.965982982999999962e+01,-3.584564897100000280e+01,-2.038537200700000085e+01,-1.266127770900000016e+01,-2.173305198199999921e+01,-6.458000780899999960e+00
1.967983983999999964e+01,-3.453519997400000108e+01,-5.024506195400000053e+01,-5.966317127100000306e+01,-2.402259188700000081e+01,-4.799370168200000109e+01
1.969984984999999966e+01,-2.953246451700000108e+01,-4.935992154299999868e+01,-2.088904317200000094e+01,-3.699414118800000040e+01,-3.405593863400000032e+01
1.971985985999999968e+01,-3.653694028400000349e+01,-3.104801066199999937e+01,-2.754233264999999875e+01,-3.224597959500000144e+01,-3.727229082200000221e+01
1.973986986999999971e+01,-4.840391343400000324e+01,-4.404985776099999839e+01,-2.852368293500000007e+01,-3.353442710600000254e+01,-3.421147364600000174e+01
1.975987987999999973e+01,-4.409906765699999909e+01,-4.843370744300000297e+01,-2.629186020899999932e+01,-3.342746541900000068e+01,-3.774627815899999916e+01
1.977988988999999975e+01,-2.880806234699999990e+01,-3.588633961800000094e+01,-2.563502032199999903e+01,-3.522825290299999779e+01,-1.726886785800000013e+01
1.979989989999999977e+01,-4.027691968799999955e+01,-5.123506566900000081e+01,-3.003612741099999894e+01,-3.603716322399999683e+01,-3.628337472500000160e+01
1.981990990999999980e+01,-3.930198275699999755e+01,-3.702736593800000264e+01,-1.831919444200000058e+01,-2.400733355299999872e+01,-2.566406891300000126e+01
1.983991991999999982e+01,-2.603454358200000129e+01,-3.195555240799999908e+01,-2.478242511999999920e+01,-3.473880673800000096e+01,-3.361571979099999652e+01
1.985992992999999984e+01,-5.948677948099999924e+01,-4.826607021600000280e+01,-3.001026940399999887e+01,-2.400170088899999854e+01,-2.371183241499999994e+01
1.987993993999999986e+01,-3.187260633100000007e+01,-2.970661075099999948e+01,-2.716149405099999825e+01,-3.773933729899999889e+01,-3.027702658999999841e+01
1.989994994999999989e+01,-5.348576778900000050e+01,-4.278284787199999784e+01,-2.746384503199999827e+01,-3.272428206200000034e+01,-3.108012053399999886e+01
1.991995995999999991e+01,-4.761706649599999963e+01,-5.638093178599999789e+01,-3.458771286099999998e+01,-3.241328846399999719e+01,-3.601497247100000010e+01
1.993996996999999993e+01,-3.407858013199999903e+01,-2.536232725200000004e+01,-2.634922577000000032e+01,-3.107369419200000138e+01,-2.784800543600000111e+01
1.995997997999999995e+01,-3.808754875700000042e+01,-5.516770277300000203e+01,-2.782141334800000010e+01,-3.936977884099999869e+01,-4.442511473100000075e+01
1.997998998999999998e+01,-5.114547719800000181e+01,-5.482311572900000129e+01,-3.151735776299999969e+01,-3.744394235600000087e+01,-3.578619230099999982e+01
2.000000000000000000e+01,-2.684546272300000069e+01,-2.408990090800000061e+01,-2.198733463800000010e+01,-3.123723609800000034e+01,-3.491303792699999775e+01
