freq_GHz,S21_dB,S31_dB,S41_dB,S51_dB,S61_dB
1.000000000000000021e-02,-7.548505437900000459e+01,-7.085760677899999394e+01,-7.152399910600000510e+01,-7.184600541899999371e+01,-8.926868864899999778e+01
3.001001001000000099e-02,-7.323733369100000345e+01,-7.738699997599999847e+01,-7.442067271099999459e+01,-7.585351419900000280e+01,-8.558285725700000057e+01
5.002002002000000003e-02,-8.486196303200000557e+01,-7.506480130600000678e+01,-7.953127006200000437e+01,-7.968037772899999993e+01,-9.072844305099999929e+01
7.003003002999999560e-02,-7.598411725600000466e+01,-8.349246764100000462e+01,-8.013375786100000653e+01,-8.927079503299999885e+01,-7.600365441200000305e+01
9.004004004000000505e-02,-7.646290854100000445e+01,-9.013628241499999660e+01,-8.635295406999999557e+01,-7.709284869799999740e+01,-9.301176812399999960e+01
1.100500500500000006e-01,-7.747219807899999466e+01,-7.689522415300000091e+01,-7.889044653899999560e+01,-7.853712187700000413e+01,-7.915447095599999727e+01
1.300600600600000101e-01,-7.810836301099999446e+01,-7.593635139600000628e+01,-8.093735621199999741e+01,-7.734480965199999503e+01,-8.736373324800000262e+01
1.500700700700000056e-01,-8.132903115099999525e+01,-8.459103672800000595e+01,-8.901914247400000590e+01,-8.203535865000000626e+01,-8.952238321500000495e+01
1.700800800800000012e-01,-8.406443340200000591e+01,-8.203171231599999658e+01,-8.565184450799999638e+01,-7.817911638799999707e+01,-8.103029093199999977e+01
1.900900900899999968e-01,-8.035083916199999976e+01,-7.931820388500000263e+01,-8.351683446900000263e+01,-7.648329633500000568e+01,-8.002483190600000285e+01
2.101001000999999924e-01,-8.655767845100000102e+01,-8.292645298799999409e+01,-7.408091316499999834e+01,-9.221648549500000058e+01,-8.330190726499999698e+01
2.301101101100000157e-01,-7.351447765499999321e+01,-8.192079817600000524e+01,-8.579982104200000492e+01,-9.055086504899999511e+01,-8.333283886899999970e+01
2.501201201200000113e-01,-8.086233909899999617e+01,-7.075517460999999741e+01,-7.774398897000000375e+01,-8.164079195799999411e+01,-7.760519515400000046e+01
2.701301301299999791e-01,-7.447618893300000309e+01,-7.827592834200000027e+01,-8.109914676900000075e+01,-7.384051100300000314e+01,-7.523039978699999608e+01
2.901401401400000024e-01,-8.278596908900000528e+01,-8.208632614799999772e+01,-7.794040567700000111e+01,-7.372589250599999389e+01,-7.836976780400000564e+01
3.101501501499999702e-01,-9.218937714899999492e+01,-8.353084991999999431e+01,-8.129455158599999720e+01,-8.652212740900000654e+01,-7.635697141500000384e+01
3.301601601600000491e-01,-9.140100287900000353e+01,-7.870512168999999858e+01,-8.468502004100000136e+01,-7.999378793699999335e+01,-7.950974487999999951e+01
3.501701701700000169e-01,-8.740286135700000614e+01,-7.800672893099999783e+01,-8.285641502900000432e+01,-1.003261068599999959e+02,-8.157065841300000386e+01
3.701801801799999847e-01,-7.205832612899999390e+01,-9.360049785600000405e+01,-7.869383476900000574e+01,-8.257361511000000576e+01,-7.981978183399999693e+01
3.901901901900000080e-01,-7.800604861200000073e+01,-8.204724941800000693e+01,-7.551107379900000183e+01,-7.756607987799999648e+01,-7.910931734199999710e+01
4.102002001999999758e-01,-7.032051020699999810e+01,-7.862023662800000068e+01,-7.354249438899999802e+01,-8.304109270200000026e+01,-7.321068016499999942e+01
4.302102102099999992e-01,-6.930921618899999714e+01,-8.035995035999999914e+01,-6.882119186100000263e+01,-7.934237855599999989e+01,-7.886084181200000387e+01
4.502202202200000225e-01,-7.424006611400000111e+01,-7.818005371200000297e+01,-8.243166518300000689e+01,-7.638582323299999643e+01,-7.166771167800000342e+01
4.702302302300000458e-01,-7.445081811699999719e+01,-8.152776672100000610e+01,-7.670735098900000537e+01,-8.159659692200000336e+01,-7.146756196500000158e+01
4.902402402400000136e-01,-7.716420892799999365e+01,-7.512461829299999749e+01,-7.367563953399999832e+01,-7.169989207499999395e+01,-7.060608051600000579e+01
5.102502502500000370e-01,-7.851287836800000264e+01,-8.091572259500000541e+01,-7.979177866700000266e+01,-8.356168209999999874e+01,-7.962791036000000133e+01
5.302602602599999493e-01,-7.569661433100000636e+01,-7.377354173899999523e+01,-6.586038240199999905e+01,-7.988659870799999396e+01,-6.838975166100000536e+01
5.502702702699999726e-01,-7.813776472200000001e+01,-7.781627675699999713e+01,-6.843957866200000240e+01,-7.135632590800000230e+01,-6.850519987500000241e+01
5.702802802799999959e-01,-7.966562527600000010e+01,-7.108721417399999609e+01,-6.346460645900000230e+01,-7.977548840500000438e+01,-6.697316143599999805e+01
5.902902902899999082e-01,-7.531281470899999420e+01,-7.869147152099999687e+01,-6.178197019299999937e+01,-6.949104719400000363e+01,-5.956950012600000122e+01
6.103003002999999316e-01,-7.376453990100000624e+01,-7.232591072200000326e+01,-6.793324676800000361e+01,-7.971145740599999385e+01,-5.954930189899999959e+01
6.303103103099999549e-01,-6.849769769300000632e+01,-7.718545892100000572e+01,-6.187807882500000289e+01,-7.419509442400000410e+01,-5.861063265399999977e+01
6.503203203200000893e-01,-7.307838160699999719e+01,-7.302190946899999346e+01,-6.006250479900000272e+01,-6.819770502000000079e+01,-5.787392758000000015e+01
6.703303303300000016e-01,-7.229396879399999420e+01,-7.095180137900000261e+01,-5.717088918900000039e+01,-6.700563804600000140e+01,-5.539347486100000140e+01
6.903403403400000249e-01,-7.252129254800000524e+01,-6.381250481099999661e+01,-5.339821370699999648e+01,-6.675658537799999692e+01,-5.340592955700000033e+01
7.103503503500000482e-01,-6.450358032200000480e+01,-6.482055938499999570e+01,-5.340450154799999893e+01,-7.138982756100000415e+01,-5.180821999199999794e+01
7.303603603599999605e-01,-6.536613953699999513e+01,-5.917697732700000302e+01,-5.241624970699999864e+01,-6.946156747000000564e+01,-5.051537473799999844e+01
7.503703703699999839e-01,-5.789811304300000216e+01,-5.824203609100000278e+01,-5.177703075699999857e+01,-7.064240877800000362e+01,-5.050537414600000119e+01
7.703803803800000072e-01,-5.566332952999999861e+01,-6.047697693799999996e+01,-5.161613547799999679e+01,-6.666140837000000374e+01,-4.883544881099999913e+01
7.903903903900000305e-01,-5.442168574899999811e+01,-5.775810086700000312e+01,-5.083563777100000181e+01,-7.546002377499999625e+01,-4.776890659000000028e+01
8.104004003999999428e-01,-5.664442463000000316e+01,-6.182760011500000275e+01,-5.035706066200000208e+01,-6.530048503899999446e+01,-4.830320623899999788e+01
8.304104104099999661e-01,-5.413519979200000165e+01,-6.631541767299999890e+01,-4.967874701600000265e+01,-6.143442090799999988e+01,-4.745352298299999916e+01
8.504204204199999895e-01,-5.502286364199999724e+01,-5.680387117400000108e+01,-5.038017866599999905e+01,-5.686075384400000132e+01,-4.702412427200000167e+01
8.704304304299999018e-01,-5.490909185999999664e+01,-5.451010219799999845e+01,-5.040308380500000141e+01,-5.852677874300000127e+01,-4.740384585200000345e+01
8.904404404400000361e-01,-5.356928861099999750e+01,-5.559991858200000081e+01,-5.011729503299999777e+01,-5.725697103600000304e+01,-4.670928627199999994e+01
9.104504504500000595e-01,-5.549469831199999703e+01,-5.572667508600000019e+01,-5.138099469099999794e+01,-5.823914125799999653e+01,-4.737408694900000228e+01
9.304604604600000828e-01,-5.439598588199999796e+01,-6.151106562900000085e+01,-5.027866885200000269e+01,-5.784425295199999795e+01,-4.749826134799999977e+01
9.504704704699999951e-01,-5.601619703899999791e+01,-5.911363400199999774e+01,-5.005851291199999764e+01,-5.768298162399999995e+01,-4.744188550700000206e+01
9.704804804800000184e-01,-5.798161540800000324e+01,-6.289708365100000265e+01,-4.990138921999999866e+01,-6.166416440799999776e+01,-4.709260689900000330e+01
9.904904904900000417e-01,-5.810466647799999862e+01,-6.566414794099999597e+01,-4.956183732299999889e+01,-6.382189280499999740e+01,-4.689762924699999758e+01
1.010500500500000065e+00,-5.953372912399999706e+01,-6.287466477600000303e+01,-4.915491753900000305e+01,-6.471893074999999840e+01,-4.750950317299999881e+01
1.030510510500000088e+00,-6.146031942599999809e+01,-6.197680406599999969e+01,-5.055924734500000284e+01,-6.610097315100000515e+01,-4.828303463599999645e+01
1.050520520500000110e+00,-6.096761674700000100e+01,-6.979730002700000568e+01,-4.922774328999999938e+01,-6.340167252900000250e+01,-4.772160694899999811e+01
1.070530530499999911e+00,-6.377311804699999698e+01,-6.345162939800000146e+01,-5.061689388300000303e+01,-6.131024160199999784e+01,-4.700270642899999984e+01
1.090540540499999933e+00,-6.155845443100000125e+01,-6.270786721599999680e+01,-4.923886898199999962e+01,-6.317884511100000111e+01,-4.572812703000000312e+01
1.110550550599999964e+00,-6.923235023899999874e+01,-6.237143640600000083e+01,-4.966370380099999693e+01,-6.151729410400000120e+01,-4.580200936199999973e+01
1.130560560599999986e+00,-7.146365669499999740e+01,-6.004483883000000333e+01,-4.843098154900000196e+01,-6.628371506099999522e+01,-4.466368311299999760e+01
1.150570570600000009e+00,-6.707074134200000515e+01,-6.250340350999999828e+01,-5.003002553999999691e+01,-6.801705216300000245e+01,-4.423385499900000184e+01
1.170580580599999809e+00,-6.860829353799999808e+01,-6.209228362700000048e+01,-4.858598825199999993e+01,-6.562483517299999392e+01,-4.381244000400000260e+01
1.190590590599999832e+00,-7.440959802499999398e+01,-6.387256913000000225e+01,-4.781918018100000012e+01,-7.184077673800000241e+01,-4.305070750699999849e+01
1.210600600599999854e+00,-6.388123685099999705e+01,-6.746494705300000305e+01,-4.700101046000000338e+01,-6.949821175300000675e+01,-4.192789779400000327e+01
1.230610610599999877e+00,-6.550912508400000434e+01,-6.881067025900000544e+01,-4.531612964800000043e+01,-6.220197501900000248e+01,-4.132494093599999729e+01
1.250620620599999899e+00,-6.235531314699999683e+01,-6.619148759700000539e+01,-4.430172634499999873e+01,-6.185464512099999723e+01,-3.997350442399999793e+01
1.270630630599999922e+00,-5.974247740500000248e+01,-8.249835864000000640e+01,-4.341644284400000231e+01,-6.097677551099999960e+01,-3.914854177299999805e+01
1.290640640599999944e+00,-6.180246544700000300e+01,-6.850693366400000173e+01,-4.290462059800000105e+01,-5.886857824599999844e+01,-3.886263994099999763e+01
1.310650650699999975e+00,-6.280281924100000168e+01,-6.597078656799999408e+01,-4.286896604599999705e+01,-5.953525602700000263e+01,-3.858755594800000210e+01
1.330660660699999998e+00,-5.989738836800000144e+01,-7.424440978299999472e+01,-4.253906951300000117e+01,-5.510427283599999981e+01,-3.832226745799999890e+01
1.350670670700000020e+00,-5.610542965199999799e+01,-5.888979101500000013e+01,-4.255490821299999737e+01,-5.909134961499999861e+01,-3.791402955200000235e+01
1.370680680700000043e+00,-5.697003632100000203e+01,-5.625221241799999916e+01,-4.388910234699999791e+01,-5.431536728500000066e+01,-3.713846777300000213e+01
1.390690690700000065e+00,-5.376135924199999749e+01,-5.536176293199999776e+01,-4.218388038100000159e+01,-5.408490286899999688e+01,-3.592698512300000147e+01
1.410700700700000088e+00,-5.549108829299999712e+01,-6.074546123700000066e+01,-4.068879625499999975e+01,-5.384997075599999761e+01,-3.512971058699999816e+01
1.430710710700000110e+00,-5.190276215400000126e+01,-5.985727340300000066e+01,-3.906005128799999682e+01,-5.282972730800000249e+01,-3.410812698899999873e+01
1.450720720700000133e+00,-4.926948851299999887e+01,-5.801751193100000137e+01,-3.892015046899999930e+01,-5.296308011600000043e+01,-3.371778370999999908e+01
1.470730730700000155e+00,-4.872188144799999776e+01,-5.456844337300000092e+01,-3.892786210999999952e+01,-5.515027940499999914e+01,-3.309528522600000144e+01
1.490740740699999956e+00,-4.695490973700000126e+01,-5.504053042700000020e+01,-3.865553095899999647e+01,-5.700160273400000221e+01,-3.228702507399999888e+01
1.510750750799999986e+00,-4.794890399100000167e+01,-5.430680428800000215e+01,-3.638960443599999905e+01,-5.747969106200000056e+01,-3.153540698899999839e+01
1.530760760800000009e+00,-4.935027460199999894e+01,-5.160538183199999906e+01,-3.459730944700000066e+01,-5.901109902299999987e+01,-3.027582433599999945e+01
1.550770770800000031e+00,-5.028947886800000333e+01,-5.454003110099999674e+01,-3.401512827500000213e+01,-5.551021765299999799e+01,-2.965008307600000137e+01
1.570780780800000054e+00,-4.796739117300000288e+01,-5.398904562700000298e+01,-3.313673596600000337e+01,-5.242550627300000343e+01,-2.917748258099999958e+01
1.590790790799999854e+00,-4.875264650100000097e+01,-5.138722783400000083e+01,-3.223442215299999702e+01,-4.902916114100000300e+01,-2.885009581499999953e+01
1.610800800799999877e+00,-4.712930745100000252e+01,-5.420940516299999956e+01,-3.188554927499999891e+01,-5.072291511899999961e+01,-2.916172993800000057e+01
1.630810810799999899e+00,-4.900633505300000081e+01,-5.151349483799999973e+01,-3.137544246199999876e+01,-5.124415943000000340e+01,-2.943298324299999891e+01
1.650820820799999922e+00,-4.689691111999999862e+01,-5.161275711599999738e+01,-3.069491693100000163e+01,-4.892775772299999915e+01,-2.904007339600000037e+01
1.670830830799999944e+00,-4.520486873699999819e+01,-5.372638960300000122e+01,-3.004700673800000033e+01,-4.924133079399999957e+01,-2.842903804399999856e+01
1.690840840799999967e+00,-4.593334767500000027e+01,-5.244538866599999949e+01,-2.941648278799999972e+01,-5.205449730699999833e+01,-2.791893585300000069e+01
1.710850850899999998e+00,-4.349669018400000198e+01,-4.880850813600000038e+01,-2.902040969100000112e+01,-5.433141610900000273e+01,-2.785108165600000163e+01
1.730860860900000020e+00,-4.432571027200000202e+01,-4.695305654700000275e+01,-2.924289332600000080e+01,-6.152109074199999839e+01,-2.796555445099999915e+01
1.750870870900000043e+00,-4.416590694899999647e+01,-4.606077692400000245e+01,-3.071530648699999944e+01,-6.168650828999999902e+01,-2.818814671499999847e+01
1.770880880900000065e+00,-4.363750161899999824e+01,-4.801023911099999708e+01,-3.133008720000000125e+01,-5.630991071399999726e+01,-2.896111301399999860e+01
1.790890890900000088e+00,-4.300768893000000048e+01,-4.816618967200000156e+01,-3.182294259900000100e+01,-5.459931003300000185e+01,-2.988291217800000155e+01
1.810900900900000110e+00,-4.395457010199999814e+01,-4.934268613399999737e+01,-3.332980396600000006e+01,-5.688013142500000185e+01,-3.070003247400000035e+01
1.830910910900000133e+00,-4.713400842800000135e+01,-4.892018974799999853e+01,-3.403646910799999858e+01,-6.335512828899999960e+01,-3.190546080700000076e+01
1.850920920900000155e+00,-5.001236125100000152e+01,-4.975784347300000121e+01,-3.522575395100000151e+01,-5.970486924400000106e+01,-3.261512878599999965e+01
1.870930930900000178e+00,-5.267447034799999983e+01,-5.585677040800000270e+01,-3.545079255999999646e+01,-6.488987402099999713e+01,-3.287407743400000015e+01
1.890940940900000200e+00,-5.371753370700000119e+01,-5.646828918300000311e+01,-3.532103283099999658e+01,-6.520594561500000452e+01,-3.298835777400000069e+01
1.910950951000000009e+00,-5.221133255299999831e+01,-5.918853652600000004e+01,-3.463495367499999844e+01,-6.764460453600000278e+01,-3.304395823000000121e+01
1.930960961000000031e+00,-5.088916103500000077e+01,-5.993679190600000339e+01,-3.437441970500000110e+01,-6.111883471800000223e+01,-3.224074742399999849e+01
1.950970971000000054e+00,-5.177202927599999782e+01,-5.547653714700000194e+01,-3.398242056899999852e+01,-5.794982495699999703e+01,-3.175180410100000117e+01
1.970980981000000076e+00,-5.055686623399999746e+01,-5.276294757899999865e+01,-3.409840343199999779e+01,-5.826269019499999757e+01,-3.086466564799999901e+01
1.990990991000000099e+00,-5.077873569199999793e+01,-5.358096285900000311e+01,-3.420709599199999928e+01,-5.430646811900000159e+01,-3.078715197300000028e+01
2.011001000999999899e+00,-4.942041291799999669e+01,-5.094477410199999667e+01,-3.427631210700000253e+01,-6.315619342099999756e+01,-3.073471212000000108e+01
2.031011010999999922e+00,-4.784067299699999865e+01,-5.036505085200000309e+01,-3.418121259899999842e+01,-6.169309424000000064e+01,-3.053944154099999864e+01
2.051021020999999944e+00,-4.922803050600000319e+01,-5.058199828400000087e+01,-3.384682587000000353e+01,-6.137156839200000036e+01,-3.105123879199999948e+01
2.071031030999999967e+00,-4.913504047299999655e+01,-4.886803948299999689e+01,-3.357857309500000298e+01,-5.936703002000000140e+01,-3.164416607000000070e+01
2.091041040999999989e+00,-4.953038249699999795e+01,-4.655872477599999826e+01,-3.339176615400000259e+01,-7.033345805999999811e+01,-3.179571667600000140e+01
2.111051051100000020e+00,-5.045416774000000260e+01,-4.640620034399999838e+01,-3.382156402399999706e+01,-5.984583429700000323e+01,-3.175369475300000133e+01
2.131061061100000043e+00,-4.955215638300000336e+01,-4.622119305100000020e+01,-3.398569581000000284e+01,-6.007479290999999932e+01,-3.153897708799999933e+01
2.151071071100000065e+00,-5.114309545199999718e+01,-4.672392775899999862e+01,-3.381143872300000197e+01,-5.751432191199999977e+01,-3.165841256499999901e+01
2.171081081100000088e+00,-4.877674986800000312e+01,-4.773621982499999916e+01,-3.339503303600000095e+01,-5.704629136599999839e+01,-3.138548074199999860e+01
2.191091091100000110e+00,-4.914798888800000043e+01,-5.083599877000000333e+01,-3.293211979800000222e+01,-5.508334200299999850e+01,-3.119334817500000057e+01
2.211101101099999688e+00,-4.810606643500000246e+01,-4.934168087599999808e+01,-3.254067073699999924e+01,-5.442316529200000019e+01,-3.107448549900000145e+01
2.231111111099999711e+00,-4.724014731199999773e+01,-4.862238681499999871e+01,-3.207084424500000353e+01,-5.334085690700000271e+01,-3.104068757199999951e+01
2.251121121099999733e+00,-4.814457490299999876e+01,-5.075168668900000313e+01,-3.198480526499999854e+01,-5.576370130200000119e+01,-3.077661860899999979e+01
2.271131131099999756e+00,-4.670821709199999816e+01,-5.085415962300000103e+01,-3.178127115399999880e+01,-5.496475493900000231e+01,-3.087217091300000149e+01
2.291141141099999778e+00,-4.750285624699999687e+01,-5.391873501199999907e+01,-3.169300804099999880e+01,-5.258468253099999856e+01,-3.070678129599999906e+01
2.311151151199999809e+00,-4.917954395200000306e+01,-5.879200213200000036e+01,-3.176730921700000110e+01,-5.745661807599999804e+01,-3.050702795899999842e+01
2.331161161199999832e+00,-4.925765601999999888e+01,-5.742521748800000125e+01,-3.166340424599999892e+01,-5.438095801600000101e+01,-2.960596097799999882e+01
2.351171171199999854e+00,-4.921091011000000037e+01,-5.265405549100000115e+01,-3.123821352899999937e+01,-5.192936509999999828e+01,-2.893701553300000029e+01
2.371181181199999877e+00,-5.047733324600000060e+01,-5.213270984500000083e+01,-3.087601569699999970e+01,-5.205149792600000325e+01,-2.837616223199999865e+01
2.391191191199999899e+00,-5.005651757199999707e+01,-5.568935503299999823e+01,-3.096159133000000097e+01,-5.522932103299999795e+01,-2.812050587499999921e+01
2.411201201199999922e+00,-5.006470022599999936e+01,-5.445897044600000214e+01,-3.081345148500000164e+01,-5.261308853999999968e+01,-2.816797814899999963e+01
2.431211211199999944e+00,-4.923008872300000149e+01,-5.328738320400000106e+01,-3.043953923700000175e+01,-5.208367505100000017e+01,-2.832008545400000088e+01
2.451221221199999967e+00,-4.888247408099999802e+01,-5.128037003899999746e+01,-3.003745330799999991e+01,-5.303842742399999821e+01,-2.855894977399999846e+01
2.471231231199999989e+00,-4.594542327599999965e+01,-4.851138012500000229e+01,-3.015734589299999868e+01,-5.290917538499999750e+01,-2.884599609300000012e+01
2.491241241200000012e+00,-4.921236919700000101e+01,-5.151972023900000153e+01,-2.985661758199999838e+01,-5.169550885200000323e+01,-2.911146127700000008e+01
2.511251251300000042e+00,-4.980044414000000330e+01,-5.020342569400000343e+01,-2.995503713100000098e+01,-5.223268008800000217e+01,-2.950813361899999876e+01
2.531261261300000065e+00,-5.027299268400000187e+01,-4.966280906899999792e+01,-3.033690800100000118e+01,-5.284631318699999980e+01,-2.999484842900000103e+01
2.551271271300000087e+00,-4.929994064299999934e+01,-4.925338887000000199e+01,-3.068835650200000131e+01,-5.134313562300000200e+01,-3.038214623800000069e+01
2.571281281300000110e+00,-4.903737803899999648e+01,-4.909805880999999772e+01,-3.112612354799999892e+01,-5.492907824699999964e+01,-3.104312195700000032e+01
2.591291291300000132e+00,-4.855951853100000193e+01,-4.696418355299999803e+01,-3.144453880200000029e+01,-5.586698978300000107e+01,-3.181676586500000070e+01
2.611301301300000155e+00,-5.040732392500000003e+01,-4.890139980200000025e+01,-3.219391213000000107e+01,-5.112052074799999701e+01,-3.237506677999999738e+01
2.631311311300000177e+00,-5.066770618200000342e+01,-4.979093477400000012e+01,-3.236549534699999953e+01,-5.465477639899999929e+01,-3.327887831299999988e+01
2.651321321300000200e+00,-4.838286634699999667e+01,-5.059690043199999820e+01,-3.258761656899999792e+01,-5.020330185299999926e+01,-3.359475180399999772e+01
2.671331331300000222e+00,-4.921806424599999730e+01,-5.163027818700000182e+01,-3.307008697100000205e+01,-5.206650143000000241e+01,-3.371683268799999666e+01
2.691341341300000245e+00,-4.840231660799999958e+01,-5.412893499300000144e+01,-3.326066264399999994e+01,-5.145413854099999895e+01,-3.394195962900000296e+01
2.711351351400000276e+00,-4.894763171599999652e+01,-5.768800230299999754e+01,-3.361506371000000115e+01,-5.134708521999999675e+01,-3.389034860000000293e+01
2.731361361400000298e+00,-4.862756485300000264e+01,-6.393350842800000322e+01,-3.447335677800000298e+01,-5.319515386300000159e+01,-3.417044968599999777e+01
2.751371371399999877e+00,-4.746205250599999914e+01,-5.684571439599999820e+01,-3.486728471499999671e+01,-5.494088531799999942e+01,-3.452551080899999647e+01
2.771381381399999899e+00,-4.758033377999999658e+01,-5.546491502300000320e+01,-3.513423535199999748e+01,-5.400417957199999819e+01,-3.504214242599999807e+01
2.791391391399999922e+00,-4.825180009700000028e+01,-6.280453772799999967e+01,-3.552078754899999780e+01,-5.467171221000000259e+01,-3.552577509399999656e+01
2.811401401399999944e+00,-4.655517450300000348e+01,-5.927303732200000042e+01,-3.504469012500000247e+01,-5.311209521800000033e+01,-3.570383590200000157e+01
2.831411411399999967e+00,-4.828053229500000043e+01,-6.578759164999999598e+01,-3.531825348999999648e+01,-5.474009383199999945e+01,-3.522943135999999953e+01
2.851421421399999989e+00,-4.810549505299999851e+01,-6.207206244700000042e+01,-3.510736870899999928e+01,-5.244643904000000134e+01,-3.544136611700000117e+01
2.871431431400000012e+00,-5.029916010400000204e+01,-6.113091202399999702e+01,-3.505554137400000059e+01,-5.136728279599999780e+01,-3.501944987099999906e+01
2.891441441400000034e+00,-4.857243910100000051e+01,-5.837336231199999759e+01,-3.480241538500000331e+01,-4.953004460599999703e+01,-3.407326849900000099e+01
2.911451451500000065e+00,-4.975001907299999715e+01,-5.929452733299999778e+01,-3.504385365800000329e+01,-5.037704005100000160e+01,-3.341574897400000310e+01
2.931461461500000087e+00,-4.990395852900000051e+01,-6.017182933600000183e+01,-3.471408808200000351e+01,-4.923384543000000235e+01,-3.265729223700000006e+01
2.951471471500000110e+00,-5.005485432300000070e+01,-5.818483917300000030e+01,-3.463315924199999785e+01,-5.152315415300000012e+01,-3.239299113300000243e+01
2.971481481500000132e+00,-4.665383630200000198e+01,-5.800417243700000114e+01,-3.500763073200000264e+01,-5.078371185400000343e+01,-3.165161320800000055e+01
2.991491491500000155e+00,-4.763423709900000347e+01,-5.347375160899999713e+01,-3.525319486400000102e+01,-4.968639037799999869e+01,-3.124542128899999938e+01
3.011501501500000177e+00,-4.689372330700000191e+01,-5.835922234099999883e+01,-3.533828576100000163e+01,-5.034927795800000183e+01,-3.026875402499999979e+01
3.031511511500000200e+00,-4.622956969100000180e+01,-5.456393274999999932e+01,-3.540878110300000259e+01,-4.927213516199999788e+01,-2.953848610100000016e+01
3.051521521499999778e+00,-4.480497556899999978e+01,-5.053010282799999686e+01,-3.535048674800000157e+01,-4.891453605299999907e+01,-2.891502432300000081e+01
3.071531531499999801e+00,-4.475086574499999870e+01,-5.071735737499999885e+01,-3.556071140899999961e+01,-4.958575129599999798e+01,-2.830569305299999883e+01
3.091541541499999823e+00,-4.489641254400000037e+01,-5.124233235300000189e+01,-3.525427633299999997e+01,-4.885616797499999819e+01,-2.790961159000000080e+01
3.111551551599999854e+00,-4.488842319599999797e+01,-4.897443002699999681e+01,-3.480816881500000193e+01,-4.976446838199999689e+01,-2.757644610799999896e+01
3.131561561599999877e+00,-4.502187877400000104e+01,-4.768350105100000036e+01,-3.470730248600000323e+01,-5.313003151099999855e+01,-2.724888799500000047e+01
3.151571571599999899e+00,-4.446877979300000305e+01,-4.574382557700000262e+01,-3.489502002999999775e+01,-5.484675342100000250e+01,-2.710984689800000069e+01
3.171581581599999922e+00,-4.377847245499999929e+01,-4.595712682100000279e+01,-3.473657361200000082e+01,-5.495574973400000118e+01,-2.669034382699999952e+01
3.191591591599999944e+00,-4.268771597399999962e+01,-4.562868735600000036e+01,-3.468699442900000207e+01,-6.068910130100000089e+01,-2.655827138800000142e+01
3.211601601599999967e+00,-4.350410735599999867e+01,-4.462694597400000163e+01,-3.469897551399999713e+01,-5.738093055000000220e+01,-2.633237186999999935e+01
3.231611611599999989e+00,-4.258096320599999984e+01,-4.465068083300000268e+01,-3.473161193600000018e+01,-6.422330463100000486e+01,-2.595775959599999894e+01
3.251621621600000012e+00,-4.306759983599999941e+01,-4.552553640699999704e+01,-3.478107700500000021e+01,-6.468585280800000703e+01,-2.574522601800000032e+01
3.271631631600000034e+00,-4.281064118199999768e+01,-4.713184848899999935e+01,-3.457794564600000342e+01,-6.592459127600000102e+01,-2.546140151299999843e+01
3.291641641600000057e+00,-4.257074850400000088e+01,-4.776930132500000070e+01,-3.478287738299999887e+01,-6.311732142500000009e+01,-2.513524492000000166e+01
3.311651651699999643e+00,-4.269197115099999706e+01,-4.658150264300000032e+01,-3.478158078700000289e+01,-6.389158427899999992e+01,-2.501331000400000093e+01
3.331661661699999666e+00,-4.354402321100000250e+01,-4.746375232599999805e+01,-3.416763814499999796e+01,-6.920182571700000551e+01,-2.514724964499999871e+01
3.351671671699999688e+00,-4.307937016199999647e+01,-4.863293453099999653e+01,-3.462307312499999767e+01,-6.069926595199999753e+01,-2.493075170099999838e+01
3.371681681699999711e+00,-4.291837659699999818e+01,-4.546996990600000288e+01,-3.456937073999999654e+01,-5.946299368999999757e+01,-2.529247300300000134e+01
3.391691691699999733e+00,-4.217735517399999878e+01,-4.553389445799999891e+01,-3.464097303999999866e+01,-6.193732865500000173e+01,-2.555008613600000089e+01
3.411701701699999756e+00,-4.351696254099999805e+01,-4.367084717200000199e+01,-3.505019665100000026e+01,-5.778242298199999993e+01,-2.590850105099999823e+01
3.431711711699999778e+00,-4.216329944900000015e+01,-4.430554009800000159e+01,-3.624495497200000216e+01,-5.980802144500000139e+01,-2.608942965800000025e+01
3.451721721699999801e+00,-4.173375458000000293e+01,-4.410604702700000246e+01,-3.646963429299999859e+01,-5.726022579699999682e+01,-2.657984494500000139e+01
3.471731731699999823e+00,-4.146914720400000220e+01,-4.270225979599999988e+01,-3.697140137699999940e+01,-5.465861501599999883e+01,-2.675132001200000076e+01
3.491741741699999846e+00,-3.974844393800000120e+01,-4.393179811800000323e+01,-3.781315663000000171e+01,-5.844778536999999830e+01,-2.729287245500000125e+01
3.511751751800000321e+00,-3.923101540399999720e+01,-4.371685740299999878e+01,-3.843316510100000016e+01,-6.037064084200000025e+01,-2.772189344199999894e+01
3.531761761800000343e+00,-3.800450767499999927e+01,-4.302474564900000331e+01,-3.869986671000000200e+01,-5.889803996500000238e+01,-2.833333501699999957e+01
3.551771771800000366e+00,-3.945760534200000080e+01,-4.132936954499999871e+01,-3.851167075499999726e+01,-5.479561646500000194e+01,-2.925408362699999998e+01
3.571781781800000388e+00,-3.918393874000000210e+01,-4.024711902600000002e+01,-3.807566632099999993e+01,-5.641874107999999666e+01,-3.011881359099999855e+01
3.591791791800000411e+00,-3.935539878200000175e+01,-4.050841709299999849e+01,-3.771835381599999693e+01,-5.477062073300000122e+01,-3.132206156599999858e+01
3.611801801799999989e+00,-3.983714797100000027e+01,-4.127715971599999989e+01,-3.819268323400000043e+01,-6.290153892000000013e+01,-3.240189719400000001e+01
3.631811811800000012e+00,-4.029565596199999788e+01,-4.338211537899999826e+01,-3.890375619800000351e+01,-6.041820126799999713e+01,-3.379773360499999768e+01
3.651821821800000034e+00,-4.023195630400000056e+01,-4.343724372300000169e+01,-3.806797660200000166e+01,-5.723982222400000097e+01,-3.553771534399999865e+01
3.671831831800000057e+00,-4.078999931799999956e+01,-4.256849423500000285e+01,-3.735820725600000003e+01,-7.623545070199999429e+01,-3.725556688000000349e+01
3.691841841800000079e+00,-4.080064696099999821e+01,-4.131473404300000141e+01,-3.817485093599999857e+01,-6.251760266099999797e+01,-3.804048251300000061e+01
3.711851851900000110e+00,-3.962456570199999817e+01,-4.282524026400000139e+01,-3.770557349399999936e+01,-6.146580514400000084e+01,-3.949947086600000290e+01
3.731861861900000132e+00,-4.052720869400000225e+01,-4.419499562899999745e+01,-3.775487645399999792e+01,-6.031287077199999658e+01,-4.126317231899999882e+01
3.751871871900000155e+00,-4.018869326699999789e+01,-4.515622097300000348e+01,-3.563084480500000240e+01,-6.787981226099999787e+01,-4.257537314799999706e+01
3.771881881900000177e+00,-3.983753758000000289e+01,-4.455473629699999805e+01,-3.538985869100000059e+01,-5.943208684900000094e+01,-4.598174557499999793e+01
3.791891891900000200e+00,-4.066573663199999800e+01,-4.278856183399999935e+01,-3.534951273499999758e+01,-6.747202082399999767e+01,-4.779296868200000148e+01
3.811901901900000222e+00,-4.197583274699999834e+01,-4.467861330600000258e+01,-3.561786207099999757e+01,-5.935128200999999848e+01,-4.800130499899999847e+01
3.831911911900000245e+00,-4.197530769600000156e+01,-4.960430179200000111e+01,-3.547677068299999803e+01,-6.085730345099999994e+01,-4.499559297999999785e+01
3.851921921900000267e+00,-4.211993576599999756e+01,-5.202602822600000110e+01,-3.507660407800000257e+01,-6.230580331600000221e+01,-4.272307776400000279e+01
3.871931931900000290e+00,-4.209955949100000083e+01,-5.242853704000000192e+01,-3.512083871800000168e+01,-6.297257680599999929e+01,-4.070212829999999826e+01
3.891941941900000312e+00,-4.044977372700000018e+01,-4.835602245999999838e+01,-3.497963667100000151e+01,-7.463996989199999632e+01,-3.929132992200000274e+01
3.911951951999999899e+00,-4.062936761200000291e+01,-4.722086140999999770e+01,-3.458568592099999961e+01,-6.407828726300000710e+01,-3.884298639000000009e+01
3.931961961999999922e+00,-3.944798172200000153e+01,-4.910609353200000271e+01,-3.482872152499999885e+01,-5.506357342599999782e+01,-3.779631413799999962e+01
3.951971971999999944e+00,-4.029147520699999774e+01,-5.370455038099999712e+01,-3.413301408800000303e+01,-5.580696551999999855e+01,-3.722140753400000079e+01
3.971981981999999967e+00,-4.162259567099999913e+01,-4.824811737899999997e+01,-3.406272224100000301e+01,-6.052062870700000019e+01,-3.583940152699999970e+01
3.991991991999999989e+00,-3.963967812700000337e+01,-4.670996105399999720e+01,-3.422310118200000062e+01,-5.804461134099999953e+01,-3.545620598400000034e+01
4.012002002000000012e+00,-3.925794208399999974e+01,-4.916788243100000244e+01,-3.402174794100000099e+01,-5.519818755099999663e+01,-3.455534902000000130e+01
4.032012012000000034e+00,-4.008564889600000214e+01,-4.872364953400000331e+01,-3.392626649500000013e+01,-6.145673739200000085e+01,-3.425023898199999906e+01
4.052022022000000057e+00,-4.018288272800000271e+01,-5.585851729800000243e+01,-3.364951356299999929e+01,-5.661014342699999702e+01,-3.394444941999999799e+01
4.072032032000000079e+00,-3.859485637800000291e+01,-4.966647538499999825e+01,-3.272001157900000123e+01,-7.020703118699999834e+01,-3.363183086400000121e+01
4.092042042000000102e+00,-3.843299961999999681e+01,-4.674125371899999948e+01,-3.291773555200000345e+01,-5.889173197499999901e+01,-3.325360502200000212e+01
4.112052052100000132e+00,-3.713842797299999887e+01,-4.570652495400000248e+01,-3.284821409700000316e+01,-5.945865781199999844e+01,-3.297119009200000050e+01
4.132062062100000155e+00,-3.741601450600000334e+01,-4.690007707499999867e+01,-3.378785107200000226e+01,-5.547130012000000221e+01,-3.314849562399999883e+01
4.152072072100000177e+00,-3.861034198200000134e+01,-4.766759407499999668e+01,-3.359012748300000339e+01,-5.310568602899999746e+01,-3.305765520700000337e+01
4.172082082100000200e+00,-3.863157781099999966e+01,-4.622686382700000252e+01,-3.216577626800000189e+01,-5.510570929299999676e+01,-3.369099667900000128e+01
4.192092092100000222e+00,-3.857478734800000097e+01,-4.655430524199999809e+01,-3.214183483499999738e+01,-5.987922945300000066e+01,-3.388922552700000068e+01
4.212102102100000245e+00,-3.934239560000000324e+01,-4.713567307999999656e+01,-3.265935594900000183e+01,-5.732395475100000226e+01,-3.481297237199999728e+01
4.232112112100000267e+00,-3.957653594700000355e+01,-4.272682609799999653e+01,-3.382530308900000193e+01,-5.320559297799999854e+01,-3.494290283000000130e+01
4.252122122100000290e+00,-3.986236799299999944e+01,-4.530116683600000016e+01,-3.399676991599999809e+01,-5.126423685400000352e+01,-3.448214501599999693e+01
4.272132132100000312e+00,-4.061747500300000269e+01,-5.198470056800000094e+01,-3.381764412599999758e+01,-4.905925107699999899e+01,-3.372149112900000034e+01
4.292142142100000335e+00,-4.138826160800000054e+01,-4.812564050499999979e+01,-3.392989564500000199e+01,-5.307938030199999702e+01,-3.316340037599999846e+01
4.312152152199999477e+00,-4.221668882499999853e+01,-4.650178511299999684e+01,-3.456140069599999975e+01,-5.889701352000000156e+01,-3.273903749499999805e+01
4.332162162199999500e+00,-4.165129428000000189e+01,-5.023372561699999750e+01,-3.590651952999999708e+01,-4.987983596099999772e+01,-3.197707876300000152e+01
4.352172172199999522e+00,-4.133377739699999864e+01,-6.217748579199999881e+01,-3.642564175799999759e+01,-5.118646866299999942e+01,-3.154464863100000116e+01
4.372182182199999545e+00,-4.195089653899999860e+01,-5.628200776500000302e+01,-3.618852024200000272e+01,-5.284236306999999755e+01,-3.163804963300000139e+01
4.392192192199999567e+00,-4.367593967199999838e+01,-5.052636718000000116e+01,-3.506643571699999740e+01,-5.218158222299999949e+01,-3.123284253299999946e+01
4.412202202199999590e+00,-4.130642225999999795e+01,-5.925956437499999652e+01,-3.575393030200000055e+01,-4.943865054700000172e+01,-3.147745310799999885e+01
4.432212212199999612e+00,-4.196033577400000070e+01,-5.242781949700000155e+01,-3.878754316300000227e+01,-5.112720242999999698e+01,-3.124373811399999923e+01
4.452222222199999635e+00,-4.276333940399999989e+01,-5.342680816200000038e+01,-4.030281563999999861e+01,-5.361963524899999811e+01,-3.123492335899999972e+01
4.472232232199999657e+00,-4.195449588700000021e+01,-5.223784104500000325e+01,-4.021697455399999654e+01,-5.741366359900000305e+01,-3.102597629999999995e+01
4.492242242199999680e+00,-4.323454941600000012e+01,-5.967186138900000003e+01,-3.984491564599999691e+01,-4.913253893499999947e+01,-3.084624607900000015e+01
4.512252252300000599e+00,-4.147286258500000145e+01,-5.068781179999999864e+01,-3.970697943500000093e+01,-5.030299586600000339e+01,-3.140201873000000177e+01
4.532262262300000621e+00,-4.163351106700000059e+01,-4.740019722699999960e+01,-4.096703023399999921e+01,-5.369595124700000355e+01,-3.091517149799999942e+01
4.552272272299999756e+00,-3.998360079799999767e+01,-5.143681376300000352e+01,-4.273860770099999939e+01,-5.509778718999999825e+01,-3.053437148400000112e+01
4.572282282299999778e+00,-4.091986201299999948e+01,-5.642351359500000285e+01,-4.206420610100000346e+01,-4.950406199799999740e+01,-3.074865111200000101e+01
4.592292292299999801e+00,-4.128230918999999943e+01,-4.926257507399999724e+01,-4.168059868600000328e+01,-5.397088075300000298e+01,-3.037151704500000093e+01
4.612302302299999823e+00,-3.851630498699999805e+01,-5.645454390799999800e+01,-4.085977713599999817e+01,-5.154369122899999667e+01,-2.999567223700000085e+01
4.632312312299999846e+00,-3.915063314700000063e+01,-5.541698236799999933e+01,-3.976757141299999887e+01,-5.080754053100000078e+01,-2.991972126299999957e+01
4.652322322299999868e+00,-3.873822510000000108e+01,-4.863608808200000055e+01,-4.023312812199999655e+01,-4.921532031099999926e+01,-2.954798702400000110e+01
4.672332332299999891e+00,-3.756369310699999886e+01,-4.685965004700000236e+01,-4.237208697199999818e+01,-4.698500808699999709e+01,-2.905817245200000087e+01
4.692342342299999913e+00,-3.847117848900000325e+01,-4.644559287999999952e+01,-4.285074974700000183e+01,-4.754208830099999972e+01,-2.842788693400000000e+01
4.712352352399999944e+00,-3.750779741800000266e+01,-4.623286298099999669e+01,-4.226045134200000319e+01,-5.262264363599999939e+01,-2.863824331400000034e+01
4.732362362399999967e+00,-3.832154318599999954e+01,-4.705868619299999978e+01,-4.401666273200000035e+01,-4.534599722600000149e+01,-2.892266237400000151e+01
4.752372372399999989e+00,-3.771920547599999907e+01,-4.580377065999999786e+01,-4.490550236499999670e+01,-5.443770945699999686e+01,-2.862377864000000116e+01
4.772382382400000012e+00,-3.669564512899999897e+01,-4.616895828599999874e+01,-4.633439889899999997e+01,-4.545882360200000250e+01,-2.796363229399999994e+01
4.792392392400000034e+00,-3.772769864200000001e+01,-4.709515594100000158e+01,-4.817938830399999972e+01,-4.755606485999999933e+01,-2.868311103599999967e+01
4.812402402400000057e+00,-3.587736858899999959e+01,-4.828958796300000245e+01,-4.387946581799999990e+01,-4.609502158099999747e+01,-2.864153247799999846e+01
4.832412412399999191e+00,-3.544257463900000005e+01,-5.170232712800000030e+01,-4.041612698299999806e+01,-4.686705397200000078e+01,-2.868080111400000121e+01
4.852422422399999213e+00,-3.587168973800000060e+01,-4.596538554800000043e+01,-4.097414296000000178e+01,-4.687316241100000269e+01,-2.854360560199999952e+01
4.872432432399999236e+00,-3.575554845799999981e+01,-4.804026609600000342e+01,-3.783530849999999646e+01,-4.896357206399999740e+01,-2.847135414399999931e+01
4.892442442399999258e+00,-3.571276875200000234e+01,-4.472086892899999810e+01,-3.567541889599999649e+01,-5.325181521399999696e+01,-2.880093262400000143e+01
4.912452452500000177e+00,-3.644598535400000117e+01,-4.207824068899999759e+01,-3.375870318700000183e+01,-4.903786036500000023e+01,-2.868485807500000107e+01
4.932462462500000200e+00,-3.689235508000000152e+01,-4.008599001500000014e+01,-3.255005226899999826e+01,-5.499514287499999909e+01,-2.867576648600000055e+01
4.952472472500000222e+00,-3.643987706000000060e+01,-3.797971477499999793e+01,-3.085609785700000174e+01,-5.032669062400000115e+01,-2.971285477700000044e+01
4.972482482500000245e+00,-3.601296674499999995e+01,-3.645415120900000261e+01,-2.969150158800000128e+01,-5.717338982100000067e+01,-2.986095171599999887e+01
4.992492492500000267e+00,-3.740085898899999961e+01,-3.624929587700000155e+01,-2.905166295700000134e+01,-5.057450868600000149e+01,-3.085452140800000009e+01
5.012502502500000290e+00,-3.673204056200000167e+01,-3.577303455500000240e+01,-2.819111429999999885e+01,-5.317274620599999935e+01,-3.184279570700000050e+01
5.032512512500000312e+00,-3.763730383699999749e+01,-3.413270728100000184e+01,-2.749117048500000138e+01,-5.129418865499999924e+01,-3.295035328600000213e+01
5.052522522500000335e+00,-3.612665453599999665e+01,-3.406331095000000175e+01,-2.691440415499999972e+01,-5.671973093999999804e+01,-3.330250775500000060e+01
5.072532532500000357e+00,-3.552516346499999855e+01,-3.411376159699999988e+01,-2.640740173200000029e+01,-4.961131315800000152e+01,-3.399178451699999925e+01
5.092542542500000380e+00,-3.538062775699999918e+01,-3.340124418300000286e+01,-2.584375480399999958e+01,-5.120808185700000337e+01,-3.363601583999999889e+01
5.112552552600000411e+00,-3.518676180700000344e+01,-3.399006927300000314e+01,-2.554154653000000152e+01,-5.085291147499999909e+01,-3.351474678900000015e+01
5.132562562600000433e+00,-3.427619719900000206e+01,-3.355760387099999775e+01,-2.526079369700000044e+01,-4.867509015600000311e+01,-3.336001634400000171e+01
5.152572572600000456e+00,-3.422735786700000205e+01,-3.257626374499999855e+01,-2.468758386200000032e+01,-4.951076880899999821e+01,-3.308058482999999939e+01
5.172582582600000478e+00,-3.366132990500000233e+01,-3.275405019400000128e+01,-2.461577040699999941e+01,-4.837494370900000007e+01,-3.221854785800000087e+01
5.192592592600000501e+00,-3.282912864299999711e+01,-3.288918164999999760e+01,-2.431778100100000017e+01,-5.147781726099999844e+01,-3.133964215600000003e+01
5.212602602600000523e+00,-3.379771714999999688e+01,-3.390546504400000316e+01,-2.458351281799999910e+01,-4.568193376199999989e+01,-3.141523619000000167e+01
5.232612612600000546e+00,-3.342694664199999721e+01,-3.324862505299999782e+01,-2.443506092300000176e+01,-4.686371884500000107e+01,-3.086906583500000067e+01
5.252622622600000568e+00,-3.284912739399999992e+01,-3.470915613799999733e+01,-2.397001085400000164e+01,-4.665241356899999658e+01,-3.052384849899999963e+01
5.272632632600000591e+00,-3.311610269199999834e+01,-3.504042530699999958e+01,-2.434189057800000100e+01,-4.806816641099999998e+01,-3.006251825200000027e+01
5.292642642600000613e+00,-3.280056916000000200e+01,-3.530991237500000324e+01,-2.458007483700000151e+01,-4.656436216600000222e+01,-3.015286348300000085e+01
5.312652652699999756e+00,-3.259332482300000322e+01,-3.613464483399999949e+01,-2.489681703700000170e+01,-4.435931428199999971e+01,-3.048206116500000107e+01
5.332662662699999778e+00,-3.325228659900000139e+01,-3.714688474199999746e+01,-2.488771722799999964e+01,-4.547990732400000269e+01,-3.071343717899999959e+01
5.352672672699999801e+00,-3.226990773800000056e+01,-3.850495696099999776e+01,-2.468758107600000073e+01,-4.656625488099999899e+01,-3.030120961200000096e+01
5.372682682699999823e+00,-3.304923565400000030e+01,-3.928756046600000218e+01,-2.516583733399999900e+01,-4.636509925899999729e+01,-3.004713884699999937e+01
5.392692692699999846e+00,-3.348309309700000114e+01,-3.805556655200000193e+01,-2.539360029599999891e+01,-4.995125381199999737e+01,-3.049688735200000167e+01
5.412702702699999868e+00,-3.477630524100000287e+01,-3.952468829000000028e+01,-2.608092524699999970e+01,-4.504339477799999969e+01,-3.136359079500000036e+01
5.432712712699999891e+00,-3.402724175600000223e+01,-4.387628069600000202e+01,-2.611632204300000026e+01,-4.286735647300000096e+01,-3.108251917700000178e+01
5.452722722699999913e+00,-3.480248451700000345e+01,-4.441875348699999648e+01,-2.613281583599999891e+01,-4.666764575399999870e+01,-3.066448307299999954e+01
5.472732732699999936e+00,-3.478656221100000323e+01,-4.492254814900000071e+01,-2.676464060900000064e+01,-4.489880904200000344e+01,-3.068683707599999977e+01
5.492742742699999958e+00,-3.516905498799999918e+01,-4.527726380400000039e+01,-2.759697347399999856e+01,-4.731083803399999965e+01,-3.057305734099999839e+01
5.512752752799999989e+00,-3.521007749300000000e+01,-4.450297530800000345e+01,-2.857223346600000013e+01,-4.771544486700000220e+01,-3.070419821799999838e+01
5.532762762800000012e+00,-3.617138343199999895e+01,-4.698656419400000317e+01,-2.860590782999999959e+01,-4.323339486100000073e+01,-3.045068806000000095e+01
5.552772772800000034e+00,-3.982067218400000286e+01,-5.182633897699999892e+01,-2.937110843600000010e+01,-4.380825077600000128e+01,-3.085198030700000160e+01
5.572782782800000057e+00,-3.828978925700000246e+01,-4.481459538899999728e+01,-3.044524932199999867e+01,-4.346529028700000197e+01,-3.036009336900000122e+01
5.592792792800000079e+00,-3.912025483000000037e+01,-4.476695891499999647e+01,-3.152196653200000043e+01,-4.308358601300000146e+01,-3.063210948700000102e+01
5.612802802800000102e+00,-3.886638912800000156e+01,-4.802748141299999673e+01,-3.261497104200000052e+01,-4.193419360299999710e+01,-3.006869042900000011e+01
5.632812812800000124e+00,-3.872175869699999851e+01,-4.526007709099999943e+01,-3.359001490699999692e+01,-4.236700882600000284e+01,-3.014977377199999964e+01
5.652822822800000147e+00,-4.299531295500000283e+01,-4.278553180899999830e+01,-3.361833452999999849e+01,-4.422767107199999970e+01,-3.096611556199999882e+01
5.672832832800000169e+00,-4.567104086700000209e+01,-4.779571053299999761e+01,-3.443771057699999716e+01,-4.180994972500000273e+01,-3.098509099800000044e+01
5.692842842800000192e+00,-4.481522961299999963e+01,-4.471752097800000314e+01,-3.345735988999999933e+01,-4.141081625399999666e+01,-3.169550158899999914e+01
5.712852852899999334e+00,-4.684603134399999647e+01,-4.713658491500000025e+01,-3.379368904700000087e+01,-4.060157618699999915e+01,-3.206364136500000228e+01
5.732862862899999357e+00,-4.933134246299999859e+01,-4.582403479799999957e+01,-3.134884289800000090e+01,-4.229094489100000231e+01,-3.229468774600000103e+01
5.752872872899999379e+00,-4.619495904800000119e+01,-4.743401884899999743e+01,-3.113719941900000165e+01,-4.138013473600000225e+01,-3.263367939300000131e+01
5.772882882899999402e+00,-5.380862862400000068e+01,-4.698800414499999789e+01,-3.011353347800000080e+01,-4.170395235499999842e+01,-3.376386027800000278e+01
5.792892892899999424e+00,-4.369478381500000097e+01,-4.336096115800000206e+01,-2.909789166299999863e+01,-4.029588972399999847e+01,-3.387653899299999694e+01
5.812902902899999447e+00,-4.713341108499999876e+01,-4.391932237500000014e+01,-2.855715049200000166e+01,-3.904205767999999921e+01,-3.471528201800000346e+01
5.832912912899999469e+00,-4.542668799799999846e+01,-4.744058763599999651e+01,-2.747924172300000123e+01,-3.894294329600000282e+01,-3.332164246899999682e+01
5.852922922899999492e+00,-4.964871420699999760e+01,-4.501153019099999852e+01,-2.716574813100000085e+01,-3.811244965699999909e+01,-3.351755337600000217e+01
5.872932932899999514e+00,-4.628674624700000351e+01,-4.390231063200000250e+01,-2.610277982899999927e+01,-3.704897486600000178e+01,-3.211922979399999889e+01
5.892942942899999537e+00,-5.015428550600000079e+01,-3.892728885500000047e+01,-2.587368559100000098e+01,-3.703717223900000022e+01,-3.124381074300000094e+01
5.912952952999999567e+00,-4.790301921599999702e+01,-3.921141391999999826e+01,-2.566286833799999911e+01,-3.723237133800000009e+01,-3.029174394400000025e+01
5.932962962999999590e+00,-4.617320725999999809e+01,-4.056503817699999814e+01,-2.551150695000000113e+01,-3.946141174299999932e+01,-2.918600831099999837e+01
5.952972972999999612e+00,-4.331849098699999701e+01,-3.751474149999999952e+01,-2.508319930400000075e+01,-3.875513416399999755e+01,-2.846915675500000020e+01
5.972982982999999635e+00,-4.434897292499999821e+01,-3.748513496500000031e+01,-2.517753436199999939e+01,-3.900564428300000230e+01,-2.755802763299999825e+01
5.992992992999999657e+00,-4.288775523099999987e+01,-3.691218063600000221e+01,-2.505209796300000136e+01,-3.886448444900000254e+01,-2.639298941499999884e+01
6.013003002999999680e+00,-4.329972238999999945e+01,-3.479299967200000054e+01,-2.511004285699999983e+01,-4.100601743200000016e+01,-2.602294777099999834e+01
6.033013012999999702e+00,-4.102514906199999700e+01,-3.406433561299999724e+01,-2.477078393600000084e+01,-4.173007507700000218e+01,-2.556224146199999936e+01
6.053023022999999725e+00,-4.024677196100000032e+01,-3.530955473400000244e+01,-2.497332833800000174e+01,-4.132482087799999704e+01,-2.545695200999999841e+01
6.073033032999999747e+00,-4.267866826600000252e+01,-3.438444021800000172e+01,-2.525013074900000021e+01,-4.083303700799999802e+01,-2.479567515700000158e+01
6.093043042999999770e+00,-4.023335096000000277e+01,-3.368128476799999760e+01,-2.509875432400000150e+01,-4.238953901200000018e+01,-2.484051066800000029e+01
6.113053053100000689e+00,-4.071700721100000209e+01,-3.270621398000000113e+01,-2.504793596500000064e+01,-4.031983207100000044e+01,-2.426001410699999994e+01
6.133063063100000711e+00,-3.986485575399999703e+01,-3.231027862900000258e+01,-2.531169216099999986e+01,-4.198306455899999889e+01,-2.414832729200000117e+01
6.153073073100000734e+00,-4.319362673700000244e+01,-3.366026374799999843e+01,-2.578946120000000164e+01,-3.912763090699999680e+01,-2.418575989700000051e+01
6.173083083100000756e+00,-4.071493787699999700e+01,-3.301816041499999699e+01,-2.597563547900000103e+01,-4.084006324300000301e+01,-2.460200131999999940e+01
6.193093093100000779e+00,-4.079610599699999796e+01,-3.231829814700000014e+01,-2.614670534700000104e+01,-3.850022872299999932e+01,-2.457759393999999986e+01
6.213103103100000801e+00,-4.255904504099999741e+01,-3.357779866500000310e+01,-2.605058432899999943e+01,-3.818701877099999820e+01,-2.454640536000000139e+01
6.233113113100000824e+00,-4.308305825499999742e+01,-3.462586354700000157e+01,-2.579002774900000006e+01,-3.661299981500000200e+01,-2.479668333500000088e+01
6.253123123099999958e+00,-4.822874946000000307e+01,-3.630048312400000299e+01,-2.607257689100000064e+01,-3.677452547699999741e+01,-2.487300272199999895e+01
6.273133133099999981e+00,-4.817041970199999668e+01,-3.614368147300000089e+01,-2.544993889399999887e+01,-3.769579423799999773e+01,-2.521858008599999934e+01
6.293143143100000003e+00,-4.817461776300000054e+01,-3.620457110099999909e+01,-2.536949221400000098e+01,-3.798750436400000297e+01,-2.532542461099999898e+01
6.313153153200000034e+00,-5.024470235500000115e+01,-3.706311591699999752e+01,-2.481510008000000056e+01,-3.869748298100000028e+01,-2.564573300500000030e+01
6.333163163200000056e+00,-5.201530215900000087e+01,-3.895720342599999952e+01,-2.468413210900000010e+01,-3.882378038400000264e+01,-2.586952178900000021e+01
6.353173173200000079e+00,-4.586245618699999937e+01,-3.791638578700000295e+01,-2.485476986200000127e+01,-3.757373699299999714e+01,-2.592161291300000059e+01
6.373183183200000101e+00,-4.205861055799999804e+01,-3.601038675200000228e+01,-2.490539025300000020e+01,-3.922560051800000025e+01,-2.677467920899999854e+01
6.393193193200000124e+00,-4.046782716900000310e+01,-3.708493395600000042e+01,-2.474067117299999907e+01,-4.096991161799999759e+01,-2.680904861300000164e+01
6.413203203200000146e+00,-4.121762362900000198e+01,-3.729816687000000286e+01,-2.439931797599999896e+01,-4.020684357999999747e+01,-2.716042235400000138e+01
6.433213213200000169e+00,-4.010124889200000098e+01,-3.661273274500000241e+01,-2.481613518600000035e+01,-4.149369099399999783e+01,-2.703174962499999978e+01
6.453223223200000191e+00,-3.909861388299999874e+01,-3.562587555300000020e+01,-2.475795038100000056e+01,-4.369904103999999734e+01,-2.715067545699999840e+01
6.473233233200000214e+00,-3.808743525399999896e+01,-3.620541674999999771e+01,-2.472727932600000145e+01,-4.143436705799999942e+01,-2.741473785399999841e+01
6.493243243200000236e+00,-3.846131563899999861e+01,-3.665795067199999835e+01,-2.473353497800000156e+01,-4.584355271500000129e+01,-2.812813422800000041e+01
6.513253253300000267e+00,-3.732272960400000272e+01,-3.591643032799999702e+01,-2.500947871400000011e+01,-4.664164226799999824e+01,-2.862123325299999976e+01
6.533263263300000290e+00,-3.654529803300000168e+01,-3.681444409899999926e+01,-2.508328833999999929e+01,-4.397505657600000006e+01,-2.884697223399999899e+01
6.553273273300000312e+00,-3.663940111499999830e+01,-3.615622958400000186e+01,-2.540373092300000124e+01,-4.460028332200000278e+01,-2.920385908100000094e+01
6.573283283300000335e+00,-3.788344144100000221e+01,-3.517827071499999647e+01,-2.533555705199999863e+01,-4.250072443799999888e+01,-2.974708888099999982e+01
6.593293293300000357e+00,-3.866142753300000123e+01,-3.439365131899999994e+01,-2.501276384100000172e+01,-4.476336636599999963e+01,-2.971747690600000169e+01
6.613303303300000380e+00,-3.719803305899999657e+01,-3.477068806500000164e+01,-2.521412932200000157e+01,-4.581216410700000097e+01,-2.998506841000000023e+01
6.633313313300000402e+00,-3.807018916100000183e+01,-3.283559494299999670e+01,-2.525663001199999869e+01,-4.359440466499999900e+01,-3.035393786899999924e+01
6.653323323300000425e+00,-3.991835681700000293e+01,-3.261344309900000127e+01,-2.510175879299999835e+01,-4.210792793299999914e+01,-3.093590213399999911e+01
6.673333333300000447e+00,-3.695800109200000350e+01,-3.326842966899999965e+01,-2.494351981599999846e+01,-4.213860250700000165e+01,-3.080109516499999955e+01
6.693343343300000470e+00,-3.543721507800000126e+01,-3.224392508100000043e+01,-2.521596205899999887e+01,-3.963575062799999671e+01,-3.101240426800000094e+01
6.713353353399999612e+00,-3.535647060800000219e+01,-3.202627969099999916e+01,-2.511049321699999837e+01,-4.001129228399999960e+01,-3.122714396199999953e+01
6.733363363399999635e+00,-3.620532286200000271e+01,-3.199846233199999901e+01,-2.473363794400000160e+01,-4.121698836400000232e+01,-3.124068883200000002e+01
6.753373373399999657e+00,-3.457991787000000272e+01,-3.158674789599999855e+01,-2.507308632999999887e+01,-3.781165797100000248e+01,-3.170809569800000105e+01
6.773383383399999680e+00,-3.478412367399999994e+01,-3.049636698300000148e+01,-2.445837356799999895e+01,-3.848494053900000011e+01,-3.170446604400000012e+01
6.793393393399999702e+00,-3.283574971099999829e+01,-3.037989824299999952e+01,-2.466490651699999859e+01,-3.811850282700000037e+01,-3.187550636099999934e+01
6.813403403399999725e+00,-3.339610290200000264e+01,-2.931128109200000154e+01,-2.453303964799999903e+01,-3.440725499999999926e+01,-3.225090361099999825e+01
6.833413413399999747e+00,-3.262658917299999928e+01,-2.847333351800000045e+01,-2.434957136699999936e+01,-3.416204731999999922e+01,-3.241006078299999871e+01
6.853423423399999770e+00,-3.229699756699999824e+01,-2.890525456900000023e+01,-2.427535436399999824e+01,-3.328390329999999864e+01,-3.203276827100000190e+01
6.873433433399999792e+00,-3.249821435100000144e+01,-2.854361783299999900e+01,-2.423215305900000160e+01,-3.226574739000000136e+01,-3.328531729200000200e+01
6.893443443399999815e+00,-3.131327457800000147e+01,-2.820153449000000023e+01,-2.437792979600000010e+01,-3.165894329800000051e+01,-3.194066957100000081e+01
6.913453453499999846e+00,-3.201200508000000156e+01,-2.862190200799999928e+01,-2.430844249500000132e+01,-3.065464326200000045e+01,-3.290398887100000280e+01
6.933463463499999868e+00,-3.070190810000000070e+01,-2.799033803400000053e+01,-2.456641936999999842e+01,-3.015481774799999926e+01,-3.236039819599999845e+01
6.953473473499999891e+00,-3.010567311200000162e+01,-2.798712484099999998e+01,-2.428056848099999954e+01,-2.967309295100000099e+01,-3.165129955800000161e+01
6.973483483499999913e+00,-3.011579693599999885e+01,-2.862225841300000084e+01,-2.433009299400000103e+01,-3.000693157299999925e+01,-3.109644681600000027e+01
6.993493493499999936e+00,-2.997301455999999931e+01,-2.806430720299999848e+01,-2.381128485600000033e+01,-2.924317873600000084e+01,-3.170385698300000143e+01
7.013503503499999958e+00,-2.943034590999999978e+01,-2.826659585399999841e+01,-2.359506588400000027e+01,-2.850821579799999839e+01,-3.023870957300000128e+01
7.033513513499999981e+00,-2.831410050099999864e+01,-2.866176783399999906e+01,-2.345246653899999956e+01,-2.826290585599999972e+01,-2.944821423100000146e+01
7.053523523500000003e+00,-2.799990746799999997e+01,-2.858910995800000165e+01,-2.327141158299999901e+01,-2.854467276500000139e+01,-2.903013801699999874e+01
7.073533533500000026e+00,-2.768752935599999887e+01,-2.848564579499999994e+01,-2.289120167100000103e+01,-2.777863782100000023e+01,-2.774588805200000152e+01
7.093543543500000048e+00,-2.733771947600000018e+01,-2.957270472100000092e+01,-2.257424158599999942e+01,-2.772422621400000153e+01,-2.753921947799999970e+01
7.113553553600000079e+00,-2.718440854900000048e+01,-2.921798334700000055e+01,-2.266151004099999966e+01,-2.797725930900000080e+01,-2.774736772299999998e+01
7.133563563600000101e+00,-2.705496251499999971e+01,-2.972005365300000079e+01,-2.196886617799999897e+01,-2.715192381800000021e+01,-2.690775401999999872e+01
7.153573573600000124e+00,-2.674321444899999989e+01,-2.983606731800000134e+01,-2.196686372299999945e+01,-2.717561651200000128e+01,-2.692483675000000076e+01
7.173583583600000146e+00,-2.669928750400000084e+01,-3.063037111299999893e+01,-2.163327167699999976e+01,-2.811855112900000009e+01,-2.664077173100000095e+01
7.193593593600000169e+00,-2.645583020300000143e+01,-3.002643033100000025e+01,-2.128585936099999998e+01,-2.815795212300000117e+01,-2.683271821399999979e+01
7.213603603600000191e+00,-2.691102503000000112e+01,-2.994390972800000128e+01,-2.134611230899999867e+01,-2.805918315499999949e+01,-2.699636674099999922e+01
7.233613613600000214e+00,-2.697500098100000088e+01,-3.061761016199999830e+01,-2.146477529599999912e+01,-2.825162792500000108e+01,-2.682919598200000166e+01
7.253623623600000236e+00,-2.696781991299999959e+01,-3.056368275199999829e+01,-2.108832989900000143e+01,-2.863395698800000133e+01,-2.670316777100000039e+01
7.273633633600000259e+00,-2.687106591299999891e+01,-2.972819355500000071e+01,-2.101307091299999996e+01,-2.890463075899999978e+01,-2.672712458499999855e+01
7.293643643600000281e+00,-2.748687917199999831e+01,-3.092388362899999876e+01,-2.105263847599999849e+01,-2.954970434199999829e+01,-2.703075808299999849e+01
7.313653653699999424e+00,-2.699509920099999860e+01,-3.151006625999999855e+01,-2.131744389400000017e+01,-2.895232588300000032e+01,-2.751580059000000134e+01
7.333663663699999447e+00,-2.793694667600000159e+01,-3.169216842200000173e+01,-2.134891349400000138e+01,-2.974175015999999871e+01,-2.776152834499999855e+01
7.353673673699999469e+00,-2.830066194799999835e+01,-3.135395105399999949e+01,-2.140864262699999898e+01,-2.962922935399999957e+01,-2.799315034500000010e+01
7.373683683699999492e+00,-2.820376402799999838e+01,-3.197639233099999956e+01,-2.132387735700000064e+01,-2.987478004600000148e+01,-2.842297168600000035e+01
7.393693693699999514e+00,-2.863554250500000009e+01,-3.302024588799999805e+01,-2.168972496299999975e+01,-3.050794434199999827e+01,-2.918462857300000124e+01
7.413703703699999537e+00,-2.952713135100000130e+01,-3.706570989699999785e+01,-2.186678674999999927e+01,-2.930939554300000083e+01,-2.966840240000000151e+01
7.433713713699999559e+00,-2.945829330300000137e+01,-3.680542963100000264e+01,-2.203477258799999916e+01,-2.923775112899999939e+01,-2.999873248800000169e+01
7.453723723699999582e+00,-3.069705373800000103e+01,-3.805808036399999850e+01,-2.202576821199999912e+01,-2.973437738999999880e+01,-3.091611468900000048e+01
7.473733733699999604e+00,-3.217634169600000149e+01,-4.151370985500000188e+01,-2.198795414099999945e+01,-2.927802528699999840e+01,-3.048457989799999979e+01
7.493743743699999627e+00,-3.172378839799999994e+01,-4.238393181600000048e+01,-2.205228709600000059e+01,-2.899182400300000140e+01,-3.073327203399999874e+01
7.513753753800000545e+00,-3.242565066899999948e+01,-4.308597726299999664e+01,-2.204355169000000103e+01,-2.975595823000000095e+01,-3.065314301900000160e+01
7.533763763800000568e+00,-3.324116423099999906e+01,-4.191543435500000214e+01,-2.181999273699999975e+01,-3.026885107000000019e+01,-3.023935708899999852e+01
7.553773773800000590e+00,-3.382213680000000267e+01,-4.263136326899999773e+01,-2.206044499300000084e+01,-2.980776410900000073e+01,-2.869339005100000151e+01
7.573783783800000613e+00,-3.233415421400000156e+01,-4.373612281700000182e+01,-2.225657251499999845e+01,-3.016478739300000100e+01,-2.873488967700000174e+01
7.593793793799999747e+00,-3.151370000800000071e+01,-4.830572059499999682e+01,-2.226273803000000129e+01,-3.094101264600000079e+01,-2.761946720499999941e+01
7.613803803799999770e+00,-3.120933607399999943e+01,-4.115515944799999914e+01,-2.230443186999999838e+01,-3.121719069999999974e+01,-2.740003281099999910e+01
7.633813813799999792e+00,-2.936101448899999866e+01,-4.371201262999999670e+01,-2.320670441100000048e+01,-3.093808887799999852e+01,-2.719962123899999895e+01
7.653823823799999815e+00,-2.930641598700000117e+01,-4.226419698400000158e+01,-2.367213772999999932e+01,-3.075940881500000046e+01,-2.769204158000000149e+01
7.673833833799999837e+00,-2.754333682700000097e+01,-5.026611163100000113e+01,-2.476264340699999877e+01,-3.154429604799999964e+01,-2.774023567200000073e+01
7.693843843799999860e+00,-2.814102801599999992e+01,-5.117629645699999941e+01,-2.569097263800000164e+01,-3.231122459299999861e+01,-2.855098363000000106e+01
7.713853853899999891e+00,-2.766849779600000048e+01,-4.928636132999999830e+01,-2.631273610499999904e+01,-3.167759275199999891e+01,-2.973513848700000040e+01
7.733863863899999913e+00,-2.785451337599999988e+01,-4.864873730600000101e+01,-2.779467969299999908e+01,-3.234013128499999823e+01,-3.050137210800000176e+01
7.753873873899999936e+00,-2.798734269299999866e+01,-5.347316921299999848e+01,-2.925721113899999892e+01,-3.295612094199999831e+01,-3.210133883099999963e+01
7.773883883899999958e+00,-2.820874277100000072e+01,-4.753230836400000214e+01,-2.989408490799999996e+01,-3.418707942399999666e+01,-3.265727926699999983e+01
7.793893893899999981e+00,-2.889313788600000166e+01,-4.736430779799999868e+01,-3.013627983900000018e+01,-3.392964328699999754e+01,-3.469227585499999833e+01
7.813903903900000003e+00,-2.876417906800000068e+01,-4.343041128400000161e+01,-3.121767236799999878e+01,-3.460546239399999990e+01,-3.529437181099999776e+01
7.833913913900000026e+00,-2.952144003200000100e+01,-4.911255601100000234e+01,-3.214069533600000028e+01,-3.437045013899999901e+01,-3.657264548799999915e+01
7.853923923900000048e+00,-2.919409622699999929e+01,-4.189165883700000137e+01,-3.122611042300000150e+01,-3.436835230500000193e+01,-3.670612085999999863e+01
7.873933933899999182e+00,-3.009381295300000048e+01,-4.028332106999999951e+01,-3.118699329300000045e+01,-3.492460477299999866e+01,-3.685521641799999770e+01
7.893943943899999205e+00,-3.004495390800000010e+01,-4.044614701100000076e+01,-3.183203762500000167e+01,-3.416669227599999914e+01,-3.548155504300000018e+01
7.913953954000000124e+00,-3.072686060299999866e+01,-3.664401258400000216e+01,-3.189856816600000045e+01,-3.525046894500000150e+01,-3.589182598899999732e+01
7.933963964000000146e+00,-3.193142513800000160e+01,-3.719605587099999866e+01,-3.182146455000000174e+01,-3.457915225099999645e+01,-3.475729606600000210e+01
7.953973974000000169e+00,-2.969062084799999823e+01,-3.545415618999999907e+01,-3.201029290799999671e+01,-3.513909083400000100e+01,-3.341282379199999752e+01
7.973983984000000191e+00,-3.048634682400000173e+01,-3.657449795499999823e+01,-3.294576258899999743e+01,-3.449137472500000001e+01,-3.278595076700000277e+01
7.993993994000000214e+00,-3.075127421499999869e+01,-3.339095785800000016e+01,-3.313073294000000146e+01,-3.390031065499999841e+01,-3.348973558200000156e+01
8.014004004000000236e+00,-3.053883623999999841e+01,-3.269666916700000314e+01,-3.375642142499999920e+01,-3.509687061199999647e+01,-3.307617973100000341e+01
8.034014014000000259e+00,-3.071395590499999884e+01,-3.251427702899999872e+01,-3.465225814600000120e+01,-3.502534483899999884e+01,-3.290301824200000169e+01
8.054024024000000281e+00,-3.139821074700000025e+01,-3.268601709099999653e+01,-3.513405253999999900e+01,-3.435046515100000164e+01,-3.247172745099999958e+01
8.074034034000000304e+00,-3.019012862099999950e+01,-3.180452966800000070e+01,-3.753140417200000201e+01,-3.445135769000000181e+01,-3.256238944100000055e+01
8.094044044000000326e+00,-2.994974702500000063e+01,-3.112180909299999954e+01,-3.700138576900000231e+01,-3.403175698399999760e+01,-3.287648062000000238e+01
8.114054054100000357e+00,-3.110491376299999899e+01,-3.012838265199999910e+01,-3.943895392600000349e+01,-3.446569789600000178e+01,-3.198261520599999841e+01
8.134064064100000380e+00,-3.197253714200000019e+01,-3.209775272200000273e+01,-4.223363381899999780e+01,-3.526616431800000129e+01,-3.276741159699999884e+01
8.154074074100000402e+00,-2.954606112700000153e+01,-3.097735127600000027e+01,-4.320808708399999887e+01,-3.556763397600000332e+01,-3.188162407500000128e+01
8.174084084100000425e+00,-3.079316407099999964e+01,-3.152640801000000081e+01,-4.649121448500000042e+01,-3.428511745200000149e+01,-3.231821351399999998e+01
8.194094094100000447e+00,-3.079057989400000039e+01,-3.131043882199999828e+01,-5.524519265899999709e+01,-3.519620591000000331e+01,-3.236667998000000068e+01
8.214104104100000470e+00,-3.097892820099999867e+01,-3.173580377900000116e+01,-5.035499536100000029e+01,-3.557972361800000272e+01,-3.309000591800000279e+01
8.234114114100000492e+00,-3.093623000299999859e+01,-3.309456789200000060e+01,-4.589464375200000035e+01,-3.652173527600000114e+01,-3.326258499600000107e+01
8.254124124100000515e+00,-3.188118203599999845e+01,-3.344854477500000201e+01,-4.289294562799999966e+01,-3.688051436100000302e+01,-3.392877698699999911e+01
8.274134134100000537e+00,-3.176089700100000002e+01,-3.206971937600000189e+01,-4.175591734300000013e+01,-3.650044933200000230e+01,-3.330081465300000332e+01
8.294144144100000560e+00,-3.294619729499999750e+01,-3.338423672900000128e+01,-4.110094470199999961e+01,-3.712215228400000200e+01,-3.333754401600000250e+01
8.314154154200000590e+00,-3.324983898800000048e+01,-3.372162369899999845e+01,-4.155980558099999911e+01,-3.827070480599999769e+01,-3.503278158300000200e+01
8.334164164200000613e+00,-3.345272535499999833e+01,-3.465018062000000043e+01,-4.258343454799999961e+01,-3.771884232200000042e+01,-3.549046657000000238e+01
8.354174174200000635e+00,-3.420049460300000277e+01,-3.360255638099999942e+01,-4.115896192999999670e+01,-3.843334030300000137e+01,-3.550348651400000222e+01
8.374184184200000658e+00,-3.534556708899999933e+01,-3.408291048899999964e+01,-4.365229128899999722e+01,-3.760551850600000279e+01,-3.478406829099999698e+01
8.394194194200000680e+00,-3.472764158100000031e+01,-3.197189153400000095e+01,-4.293287277499999988e+01,-4.001154773599999714e+01,-3.596743371600000216e+01
8.414204204199998927e+00,-3.412442185100000103e+01,-3.187490722300000101e+01,-4.196439594099999937e+01,-4.080123174199999880e+01,-3.796314508399999710e+01
8.434214214199998949e+00,-3.528382741899999786e+01,-3.242381962500000014e+01,-3.948945482799999951e+01,-4.007906997900000334e+01,-3.926439932899999974e+01
8.454224224199998972e+00,-3.363441986699999831e+01,-3.251529540100000304e+01,-3.971278651400000115e+01,-4.263559844499999940e+01,-3.753137418000000025e+01
8.474234234199998994e+00,-3.559984645200000131e+01,-3.284815521099999813e+01,-3.824822881200000069e+01,-4.165328178299999706e+01,-3.922074335199999950e+01
8.494244244199999017e+00,-3.938298538200000110e+01,-3.320852073100000013e+01,-4.022689132200000017e+01,-4.462370182600000135e+01,-4.025729047699999796e+01
8.514254254300000824e+00,-3.826445010199999786e+01,-3.357239483499999722e+01,-4.225887649999999951e+01,-4.741866854100000239e+01,-4.030033546399999977e+01
8.534264264300000846e+00,-4.143356062800000217e+01,-3.383041897799999731e+01,-3.896286162500000216e+01,-4.553070020900000259e+01,-4.092489847499999911e+01
8.554274274300000869e+00,-4.314350889800000033e+01,-3.405249883900000185e+01,-4.225360908700000095e+01,-4.563236643399999792e+01,-4.051825955399999657e+01
8.574284284300000891e+00,-4.474144493200000028e+01,-3.433013529899999838e+01,-4.168641153600000138e+01,-4.918764979400000215e+01,-4.575769266399999680e+01
8.594294294299999137e+00,-4.473889465900000317e+01,-3.306188139100000001e+01,-4.076158574699999804e+01,-5.101084954400000271e+01,-4.212458757000000276e+01
8.614304304299999160e+00,-4.828310897699999771e+01,-3.435792163200000005e+01,-4.198204906899999855e+01,-5.685940237599999847e+01,-4.273311522499999882e+01
8.634314314299999182e+00,-5.628268683900000013e+01,-3.393504081599999722e+01,-4.143418484400000068e+01,-6.044449491400000340e+01,-4.291797083000000157e+01
8.654324324299999205e+00,-4.738076500900000099e+01,-3.276589462999999824e+01,-3.978205428900000129e+01,-5.410081714900000094e+01,-4.313488249299999922e+01
8.674334334299999227e+00,-4.171711346299999690e+01,-3.521600897100000083e+01,-3.879561212400000159e+01,-4.866363543500000333e+01,-4.428718978700000264e+01
8.694344344299999250e+00,-4.155641554200000343e+01,-3.416910538199999792e+01,-3.807112431000000186e+01,-5.437923858599999960e+01,-4.565157105899999834e+01
8.714354354399999281e+00,-3.892467274700000246e+01,-3.510604097899999942e+01,-3.629613961399999766e+01,-5.015958689899999712e+01,-4.380681372299999765e+01
8.734364364399999303e+00,-4.046840287300000227e+01,-3.595188526300000120e+01,-3.522591369799999939e+01,-4.786365739400000052e+01,-5.746720187900000099e+01
8.754374374399999326e+00,-3.641204421399999802e+01,-3.449758979300000306e+01,-3.342756862699999942e+01,-4.640630061699999942e+01,-4.375596417900000290e+01
8.774384384399999348e+00,-3.467312184200000047e+01,-3.743839656600000154e+01,-3.325536943000000178e+01,-4.815295544899999669e+01,-4.184684595400000262e+01
8.794394394399999371e+00,-3.613174693900000278e+01,-4.033252409899999691e+01,-3.250689036800000054e+01,-4.182802813699999689e+01,-3.916416670899999986e+01
8.814404404399999393e+00,-3.502121216199999765e+01,-4.390659041699999676e+01,-3.234997737300000153e+01,-4.140267788100000246e+01,-3.888544080900000210e+01
8.834414414399999416e+00,-3.380382471899999786e+01,-4.799239089299999961e+01,-3.175734793199999828e+01,-4.593164528900000221e+01,-4.012245251299999893e+01
8.854424424399999438e+00,-3.510196018900000325e+01,-5.822612036999999674e+01,-3.198693701799999900e+01,-4.557858604799999824e+01,-3.820161731900000035e+01
8.874434434399999461e+00,-3.439577012099999820e+01,-4.711075439399999709e+01,-3.020712961499999949e+01,-4.590822158200000302e+01,-3.856686111300000164e+01
8.894444444399999483e+00,-3.477656036399999806e+01,-3.761449443600000109e+01,-3.041099210000000141e+01,-4.207248821600000355e+01,-3.589773796000000061e+01
8.914454454499999514e+00,-3.473185266800000193e+01,-4.179433899600000046e+01,-2.980661761300000023e+01,-4.408120081700000270e+01,-3.813526214600000230e+01
8.934464464499999536e+00,-3.424826771000000036e+01,-3.708982677499999880e+01,-3.091628623900000150e+01,-3.813657871299999869e+01,-3.798587754500000102e+01
8.954474474499999559e+00,-3.411971515500000152e+01,-3.550294858200000192e+01,-3.112600739599999855e+01,-4.003993590999999697e+01,-3.825523911799999865e+01
8.974484484499999581e+00,-3.201218249899999790e+01,-3.704197339600000305e+01,-3.028649926299999962e+01,-3.667739042899999902e+01,-3.924827190300000268e+01
8.994494494499999604e+00,-3.252170365700000332e+01,-3.802531407299999699e+01,-3.053914044000000061e+01,-3.569671197200000279e+01,-4.108944367499999828e+01
9.014504504499999626e+00,-2.960182767699999928e+01,-3.478594663100000162e+01,-3.131233165500000126e+01,-3.670020509900000150e+01,-4.070447254799999826e+01
9.034514514499999649e+00,-3.024543217600000133e+01,-3.775346087399999817e+01,-3.144947687200000175e+01,-3.469061113200000079e+01,-3.681557045499999958e+01
9.054524524499999671e+00,-2.914037510300000022e+01,-3.634859688299999902e+01,-3.184890302399999840e+01,-3.400605418199999974e+01,-3.697469588399999907e+01
9.074534534499999694e+00,-2.819853593599999897e+01,-3.798012360799999954e+01,-3.220322222000000068e+01,-3.413263610199999931e+01,-3.529790050700000137e+01
9.094544544499999716e+00,-2.789633387399999975e+01,-3.727971446899999819e+01,-3.267382708000000235e+01,-3.296321491399999815e+01,-3.495001440499999745e+01
9.114554554599999747e+00,-2.756770720300000121e+01,-3.815556190800000280e+01,-3.469066851899999904e+01,-3.223818270699999999e+01,-3.189343833599999911e+01
9.134564564599999770e+00,-2.666380114000000034e+01,-3.399926009600000043e+01,-3.678705618899999763e+01,-3.224297264599999835e+01,-3.128116648800000021e+01
9.154574574599999792e+00,-2.568977570499999885e+01,-3.381722764900000300e+01,-3.723991673100000099e+01,-3.384203956700000049e+01,-3.018928985200000170e+01
9.174584584599999815e+00,-2.477990669000000068e+01,-3.366011158799999947e+01,-3.786644687999999803e+01,-3.313334466599999928e+01,-2.976323302200000143e+01
9.194594594599999837e+00,-2.492663955600000136e+01,-3.228476158699999843e+01,-4.101711170899999814e+01,-3.412735071299999845e+01,-2.792871505400000132e+01
9.214604604599999860e+00,-2.441924454800000177e+01,-3.296079895199999754e+01,-3.899329284600000278e+01,-3.432488943300000273e+01,-2.753033737299999828e+01
9.234614614599999882e+00,-2.472303374499999862e+01,-3.242526722400000239e+01,-3.724303066200000245e+01,-3.770062371600000262e+01,-2.712885561299999893e+01
9.254624624599999905e+00,-2.550029672399999825e+01,-3.502057355600000221e+01,-3.608414688300000250e+01,-3.918499905600000233e+01,-2.655293867500000005e+01
9.274634634599999927e+00,-2.503527453599999930e+01,-3.331521694700000324e+01,-3.519231670900000353e+01,-3.807935769499999878e+01,-2.653036858500000150e+01
9.294644644599999950e+00,-2.601873891700000030e+01,-3.235300070299999931e+01,-3.552911914700000295e+01,-3.864803268000000003e+01,-2.641494706199999953e+01
9.314654654699999980e+00,-2.623948474199999836e+01,-3.370247407400000128e+01,-3.419287498999999997e+01,-4.038392445600000258e+01,-2.531135221699999960e+01
9.334664664700000003e+00,-2.674963406000000177e+01,-3.251437183699999878e+01,-3.085769435099999924e+01,-3.761856327499999963e+01,-2.621611760400000080e+01
9.354674674700000025e+00,-2.794990995199999873e+01,-3.352220188700000136e+01,-3.116846051799999984e+01,-3.981204936900000035e+01,-2.622238571200000123e+01
9.374684684700000048e+00,-2.767004240800000048e+01,-3.404199209699999784e+01,-3.027239882699999995e+01,-3.741730317700000086e+01,-2.629729880000000009e+01
9.394694694700000070e+00,-2.710587697700000120e+01,-3.462179865800000300e+01,-3.046154043700000003e+01,-3.540159569299999731e+01,-2.643098288799999906e+01
9.414704704700000093e+00,-2.765091775499999827e+01,-3.709280919100000062e+01,-2.933368684899999934e+01,-3.671875906100000009e+01,-2.616439606400000173e+01
9.434714714700000115e+00,-2.808592727499999953e+01,-4.114853070200000218e+01,-2.979397003900000129e+01,-3.835182858699999997e+01,-2.609092701300000172e+01
9.454724724700000138e+00,-2.862208729399999996e+01,-3.672023041799999987e+01,-2.854998487099999949e+01,-3.404374422299999736e+01,-2.708913083399999877e+01
9.474734734700000161e+00,-2.871082646800000049e+01,-3.872505356100000284e+01,-2.892475293700000094e+01,-3.237537812499999745e+01,-2.746845370300000155e+01
9.494744744700000183e+00,-2.935257281100000171e+01,-4.612706190000000106e+01,-2.766662744499999960e+01,-3.306725226799999717e+01,-2.846138771800000100e+01
9.514754754799998437e+00,-3.033278449699999868e+01,-4.011591624399999745e+01,-2.897313185000000146e+01,-3.299043682899999652e+01,-2.886032529499999910e+01
9.534764764799998460e+00,-3.205162082700000070e+01,-3.691391888599999760e+01,-2.824181465699999904e+01,-3.293997884200000215e+01,-2.940713837699999900e+01
9.554774774799998482e+00,-2.993636599499999917e+01,-3.980583575800000062e+01,-2.746536028299999899e+01,-3.326656558900000249e+01,-2.930072639799999834e+01
9.574784784799998505e+00,-3.153462396000000112e+01,-3.725676835699999856e+01,-2.691137683599999875e+01,-3.231817651000000069e+01,-3.056442894099999918e+01
9.594794794799998527e+00,-3.208035529899999716e+01,-3.785974513499999716e+01,-2.705537394299999931e+01,-3.333886569999999949e+01,-3.050024030399999830e+01
9.614804804799998550e+00,-3.168587477199999825e+01,-3.230394233999999898e+01,-2.626480371199999908e+01,-3.247791354499999983e+01,-3.115869671400000129e+01
9.634814814799998572e+00,-3.472950996699999848e+01,-3.352426146399999851e+01,-2.532360441699999853e+01,-3.340366843999999702e+01,-3.101264324499999958e+01
9.654824824799998595e+00,-3.778443588399999697e+01,-3.315439624700000110e+01,-2.469810674700000064e+01,-3.244685878100000309e+01,-3.024672590799999838e+01
9.674834834799998617e+00,-3.666256450899999919e+01,-3.328773997399999729e+01,-2.433116354199999876e+01,-3.262607487700000064e+01,-3.050381479400000018e+01
9.694844844799998640e+00,-3.990163798100000037e+01,-3.181783969800000023e+01,-2.399246756200000164e+01,-3.345154507000000166e+01,-3.003487582400000022e+01
9.714854854900000447e+00,-4.017170173000000233e+01,-3.085368011399999943e+01,-2.371511702600000149e+01,-3.157401331000000155e+01,-2.989165974699999850e+01
9.734864864900000470e+00,-4.427064958799999772e+01,-3.135588394699999881e+01,-2.290096967499999892e+01,-3.206770730200000230e+01,-2.944885335700000084e+01
9.754874874900000492e+00,-5.245768741900000265e+01,-3.274398407999999705e+01,-2.292324137800000017e+01,-3.339751027700000208e+01,-2.940908367600000162e+01
9.774884884899998738e+00,-4.312626526799999738e+01,-3.099593448799999962e+01,-2.247849870199999955e+01,-3.216322372599999824e+01,-2.864245081800000037e+01
9.794894894899998761e+00,-4.143235792099999770e+01,-3.132975513599999928e+01,-2.283684737300000123e+01,-3.408714070399999940e+01,-2.794673952799999839e+01
9.814904904899998783e+00,-4.916272464099999695e+01,-3.070660554099999828e+01,-2.269651338699999954e+01,-3.342399249599999678e+01,-2.711395630399999845e+01
9.834914914899998806e+00,-4.248617100999999963e+01,-3.350587995200000080e+01,-2.270875686200000132e+01,-3.317043638199999833e+01,-2.705190229200000118e+01
9.854924924899998828e+00,-3.647487039199999970e+01,-2.962080115199999852e+01,-2.280482031900000095e+01,-3.378816763999999750e+01,-2.723419918800000161e+01
9.874934934899998851e+00,-3.679659409599999975e+01,-3.057451157199999869e+01,-2.262809090800000078e+01,-3.453219150799999682e+01,-2.753311059199999988e+01
9.894944944899998873e+00,-3.519631589299999774e+01,-3.241851314699999875e+01,-2.221862636399999857e+01,-3.394341850400000027e+01,-2.731626155200000028e+01
9.914954955000000680e+00,-3.849183351300000311e+01,-3.137509876900000094e+01,-2.289339027600000165e+01,-3.645776798400000018e+01,-2.772374698599999832e+01
9.934964965000000703e+00,-5.057364229800000288e+01,-3.313653262399999733e+01,-2.390199071099999983e+01,-4.012023993999999760e+01,-2.816943974000000139e+01
9.954974975000000725e+00,-3.915348897300000175e+01,-2.979469953899999979e+01,-2.319414958799999837e+01,-3.840055901000000205e+01,-2.993372598799999906e+01
9.974984985000000748e+00,-3.865139011000000124e+01,-3.006944583099999946e+01,-2.368358310600000038e+01,-3.938865515300000197e+01,-2.779509627199999855e+01
9.994994995000000770e+00,-4.064393014099999846e+01,-2.775849566699999826e+01,-2.414935497100000106e+01,-3.830362848499999728e+01,-2.888945086700000076e+01
1.001500500500000079e+01,-3.602442952500000217e+01,-2.661654227800000072e+01,-2.387756583000000177e+01,-4.022024745600000273e+01,-2.984577620199999970e+01
1.003501501500000082e+01,-4.197730970799999994e+01,-2.727238356300000177e+01,-2.462439043399999861e+01,-3.691050310600000017e+01,-2.957664316600000021e+01
1.005502502500000084e+01,-4.075709230500000047e+01,-2.619039020099999959e+01,-2.434843230999999975e+01,-3.855081802299999794e+01,-2.948717933100000010e+01
1.007503503500000086e+01,-3.510839697299999784e+01,-2.751193896199999855e+01,-2.407341958700000006e+01,-3.680668847999999826e+01,-2.970941686100000112e+01
1.009504504500000088e+01,-3.590949605699999836e+01,-2.634670963299999968e+01,-2.390638425799999922e+01,-3.600814711799999657e+01,-3.021802503800000039e+01
1.011505505499999913e+01,-3.393992469500000198e+01,-2.565851889300000011e+01,-2.324457638200000176e+01,-3.260069518000000244e+01,-3.033069287000000003e+01
1.013506506499999915e+01,-3.170757333599999939e+01,-2.566674056000000093e+01,-2.342270901299999863e+01,-3.224038920499999961e+01,-2.792195757300000025e+01
1.015507507499999917e+01,-3.460661706999999865e+01,-2.559303630899999860e+01,-2.338817003699999830e+01,-3.198486184500000107e+01,-2.825029156500000127e+01
1.017508508499999920e+01,-3.370696116500000272e+01,-2.631314189300000095e+01,-2.320595968800000009e+01,-3.122370926700000027e+01,-2.744082815699999855e+01
1.019509509499999922e+01,-3.174177087700000044e+01,-2.653839290799999873e+01,-2.308806809900000090e+01,-3.221322068599999966e+01,-2.744664803299999889e+01
1.021510510499999924e+01,-3.219561751599999866e+01,-2.811484932000000114e+01,-2.334483251900000056e+01,-3.320009425300000316e+01,-2.659951032600000076e+01
1.023511511499999926e+01,-3.277867684299999951e+01,-2.839161763999999977e+01,-2.360012107600000064e+01,-3.098041011999999839e+01,-2.567669933799999882e+01
1.025512512499999929e+01,-3.013211804399999849e+01,-2.930042598100000006e+01,-2.457479120600000044e+01,-3.236959111499999864e+01,-2.559311655000000130e+01
1.027513513499999931e+01,-3.539114150900000055e+01,-2.997887039400000120e+01,-2.545258893800000166e+01,-3.151077686100000008e+01,-2.577206340400000073e+01
1.029514514499999933e+01,-3.301141987199999761e+01,-3.026942915500000097e+01,-2.552774648200000129e+01,-3.004373153799999940e+01,-2.584922753700000086e+01
1.031515515499999935e+01,-3.217082840900000207e+01,-2.828303384699999867e+01,-2.628893919600000117e+01,-3.193533384199999858e+01,-2.599913563999999866e+01
1.033516516499999938e+01,-3.582432038900000038e+01,-3.029792982500000065e+01,-2.652442688900000078e+01,-3.024689633999999927e+01,-2.535064763100000107e+01
1.035517517499999940e+01,-3.406953564100000165e+01,-3.229127296299999728e+01,-2.643904653299999907e+01,-2.985364457400000049e+01,-2.447476034199999972e+01
1.037518518499999942e+01,-3.731808869399999651e+01,-3.049601046000000082e+01,-2.793441044100000070e+01,-2.767588456500000049e+01,-2.536869130899999902e+01
1.039519519499999944e+01,-3.773640390999999994e+01,-3.225212084900000065e+01,-2.757347555899999847e+01,-2.870913928999999953e+01,-2.476349293299999843e+01
1.041520520499999947e+01,-4.486166297399999792e+01,-2.910543502399999838e+01,-2.661572778800000094e+01,-2.843334011199999978e+01,-2.382093443799999832e+01
1.043521521499999949e+01,-3.762536596700000047e+01,-3.025161291699999921e+01,-2.684371332999999993e+01,-2.782469943399999934e+01,-2.345818211899999994e+01
1.045522522499999951e+01,-3.629335886700000202e+01,-2.754019243999999844e+01,-2.536678755499999838e+01,-2.852193086999999849e+01,-2.370261567600000063e+01
1.047523523499999953e+01,-4.337972517400000072e+01,-2.819614862999999971e+01,-2.520038145899999904e+01,-2.732852869999999967e+01,-2.434651562899999888e+01
1.049524524499999956e+01,-4.092829365400000086e+01,-2.837887926100000158e+01,-2.450875467499999871e+01,-2.801011334300000044e+01,-2.591342896800000162e+01
1.051525525499999958e+01,-4.072787079799999788e+01,-2.670292868599999991e+01,-2.431775883099999902e+01,-2.780770087100000154e+01,-2.424242985700000119e+01
1.053526526499999960e+01,-4.248316162799999773e+01,-2.654165343200000038e+01,-2.365979072200000033e+01,-2.964094546000000108e+01,-2.474020333600000043e+01
1.055527527499999962e+01,-4.239206767200000314e+01,-2.583770884600000173e+01,-2.337024723800000103e+01,-2.883597980000000049e+01,-2.480555527199999943e+01
1.057528528499999965e+01,-4.136220366599999920e+01,-2.770249428600000030e+01,-2.400598159000000109e+01,-2.896130954599999896e+01,-2.506262149100000158e+01
1.059529529499999967e+01,-3.808066128899999825e+01,-2.728396688799999836e+01,-2.374039735499999892e+01,-2.927997131000000053e+01,-2.465394669000000150e+01
1.061530530499999969e+01,-4.572006800300000151e+01,-2.709972915999999898e+01,-2.432051629400000081e+01,-3.074849896899999990e+01,-2.493014371399999973e+01
1.063531531499999971e+01,-4.025542585800000239e+01,-2.757299077700000112e+01,-2.355148420500000128e+01,-2.864449169499999925e+01,-2.709203817999999941e+01
1.065532532499999974e+01,-3.784543441800000352e+01,-2.672886350299999947e+01,-2.435754549500000010e+01,-2.956955617599999897e+01,-2.656733276900000007e+01
1.067533533499999976e+01,-4.515379140099999944e+01,-2.983848945400000119e+01,-2.450470628400000095e+01,-2.834334439199999878e+01,-2.655757534399999997e+01
1.069534534499999978e+01,-3.964961360099999865e+01,-2.563282929700000068e+01,-2.490127188199999964e+01,-2.679396477599999926e+01,-2.850588184300000094e+01
1.071535535499999980e+01,-3.534804941499999842e+01,-2.907931071699999848e+01,-2.429627296700000016e+01,-2.801206935000000087e+01,-2.953518743900000132e+01
1.073536536499999983e+01,-4.209355388000000175e+01,-2.737019791100000177e+01,-2.571027555499999906e+01,-2.771665767600000052e+01,-3.112614828099999897e+01
1.075537537499999985e+01,-3.969075216899999958e+01,-2.718975036100000153e+01,-2.658311802200000074e+01,-2.629551836499999951e+01,-3.164405553299999951e+01
1.077538538499999987e+01,-4.155826587300000341e+01,-2.956095032200000006e+01,-2.752118546100000174e+01,-2.599671055800000019e+01,-3.485555455499999766e+01
1.079539539499999989e+01,-4.260459120699999858e+01,-2.528773817500000121e+01,-2.767967367400000001e+01,-2.650040265799999872e+01,-3.220796451100000013e+01
1.081540540499999992e+01,-3.723695973099999890e+01,-2.557476858400000097e+01,-2.815465325099999916e+01,-2.487292481000000066e+01,-3.450025478900000309e+01
1.083541541499999994e+01,-4.097011094399999820e+01,-2.697333513899999957e+01,-2.869374338900000154e+01,-2.632010854900000041e+01,-3.665113865400000037e+01
1.085542542499999996e+01,-4.954085568800000061e+01,-2.571596862199999833e+01,-2.948704838300000119e+01,-2.500736909300000121e+01,-3.957738055200000105e+01
1.087543543499999998e+01,-4.030385229099999833e+01,-2.462762622500000020e+01,-2.978439599500000057e+01,-2.532719082099999852e+01,-3.713418943399999961e+01
1.089544544500000001e+01,-4.121111351900000130e+01,-2.634236120199999931e+01,-3.187912208899999911e+01,-2.509054490200000131e+01,-3.961938628000000051e+01
1.091545545500000003e+01,-4.852713688299999717e+01,-2.603220289600000115e+01,-3.277953509299999979e+01,-2.649899060899999981e+01,-4.510848840999999965e+01
1.093546546500000005e+01,-4.328089702500000158e+01,-2.886265581500000010e+01,-3.065979919000000109e+01,-2.591882811099999984e+01,-3.965023474800000258e+01
1.095547547500000007e+01,-4.103426889600000038e+01,-2.777091201500000039e+01,-3.162857386299999973e+01,-2.666350509100000110e+01,-4.285918432999999794e+01
1.097548548500000010e+01,-5.008398265000000293e+01,-2.687433961800000048e+01,-3.242781766000000232e+01,-2.553130999700000103e+01,-4.512335660400000137e+01
1.099549549500000012e+01,-4.103776855200000284e+01,-2.880005896799999832e+01,-3.083226298900000018e+01,-2.507512856600000006e+01,-4.442088363500000270e+01
1.101550550600000022e+01,-3.818436230500000050e+01,-2.653982333600000132e+01,-3.093577151699999916e+01,-2.600992817099999854e+01,-4.193265100899999709e+01
1.103551551600000025e+01,-3.362477322899999876e+01,-2.859808797299999839e+01,-3.123868021599999878e+01,-2.561069082699999910e+01,-4.783751402400000075e+01
1.105552552600000027e+01,-3.979613102799999780e+01,-2.627975346699999903e+01,-2.933153016199999996e+01,-2.512448974300000160e+01,-4.662003958900000100e+01
1.107553553600000029e+01,-3.109228392300000010e+01,-2.741903068799999943e+01,-2.940914478099999840e+01,-2.522409387200000097e+01,-4.817858026700000096e+01
1.109554554600000031e+01,-3.329221295499999655e+01,-2.468135774299999952e+01,-2.695379875500000111e+01,-2.595790127200000086e+01,-4.463836106200000131e+01
1.111555555600000034e+01,-3.445544585300000051e+01,-2.612091720800000161e+01,-2.642552824599999894e+01,-2.560288720899999859e+01,-4.225835960399999891e+01
1.113556556600000036e+01,-3.144665359200000054e+01,-2.650340905399999869e+01,-2.575453352499999937e+01,-2.581500111500000116e+01,-5.805069878199999778e+01
1.115557557600000038e+01,-3.233364698900000178e+01,-2.743250534999999957e+01,-2.568572295799999949e+01,-2.646845466299999927e+01,-4.174954992299999645e+01
1.117558558600000040e+01,-2.879785359799999966e+01,-2.541562974600000047e+01,-2.486143933399999995e+01,-2.815713829199999907e+01,-4.599337267599999990e+01
1.119559559600000043e+01,-2.841958763199999893e+01,-2.711909380499999855e+01,-2.430592642799999936e+01,-2.664955640100000167e+01,-3.934677647499999864e+01
1.121560560600000045e+01,-3.266304346300000105e+01,-2.716678858099999871e+01,-2.482597691499999826e+01,-2.706482770399999893e+01,-3.966504487000000267e+01
1.123561561600000047e+01,-3.299383062399999744e+01,-2.698603847700000102e+01,-2.546625669899999878e+01,-2.632103500199999857e+01,-3.785930066699999941e+01
1.125562562600000049e+01,-2.975336009300000129e+01,-2.439767834499999921e+01,-2.574295658500000172e+01,-2.844384130599999949e+01,-3.652843452900000187e+01
1.127563563600000052e+01,-2.902878766999999982e+01,-2.626423863000000125e+01,-2.638437749799999921e+01,-2.694801380699999882e+01,-3.767242114599999780e+01
1.129564564600000054e+01,-2.951729337100000095e+01,-2.593404679900000076e+01,-2.721157738499999823e+01,-2.702619467499999928e+01,-3.605972638699999777e+01
1.131565565600000056e+01,-2.840353583099999923e+01,-2.635551790599999933e+01,-2.723292047400000016e+01,-2.782664456399999864e+01,-3.259183677699999748e+01
1.133566566600000058e+01,-2.881439106599999889e+01,-2.568328212999999849e+01,-2.913593283499999842e+01,-2.706360199299999891e+01,-3.492415436699999987e+01
1.135567567600000061e+01,-2.978727657800000017e+01,-2.622397048699999900e+01,-2.929650303200000039e+01,-2.675747622300000117e+01,-3.070472973900000113e+01
1.137568568600000063e+01,-2.934054224699999835e+01,-2.603850541699999965e+01,-3.274379438100000073e+01,-2.645355245400000044e+01,-3.349476948200000237e+01
1.139569569600000065e+01,-2.700752816600000017e+01,-2.639788576600000169e+01,-3.115843303200000136e+01,-2.675347997400000111e+01,-3.154967791800000043e+01
1.141570570600000067e+01,-2.788831015099999888e+01,-2.682136063100000101e+01,-3.285345600600000182e+01,-2.769297610799999987e+01,-3.180669150399999978e+01
1.143571571600000070e+01,-2.963195479699999879e+01,-2.750398609000000150e+01,-3.631162298299999946e+01,-2.690199557800000107e+01,-3.117302015099999934e+01
1.145572572600000072e+01,-3.059765827300000041e+01,-2.712014112099999963e+01,-3.385509368499999994e+01,-2.687466308200000142e+01,-2.946343402500000153e+01
1.147573573600000074e+01,-2.967205916099999996e+01,-2.957955956800000052e+01,-3.648326635099999748e+01,-2.797010430599999964e+01,-3.065538439999999909e+01
1.149574574600000076e+01,-2.644220599399999827e+01,-3.058447027900000137e+01,-3.305635106100000087e+01,-2.759785823100000002e+01,-3.095306994399999923e+01
1.151575575600000079e+01,-2.527739386600000060e+01,-2.609766262200000142e+01,-3.306365542300000016e+01,-2.721482586000000126e+01,-3.317069235400000338e+01
1.153576576600000081e+01,-2.697698947199999964e+01,-3.421291283200000066e+01,-3.352082808699999816e+01,-2.785497620699999999e+01,-3.458484420900000345e+01
1.155577577600000083e+01,-2.755061018900000036e+01,-3.253535253700000140e+01,-3.225999139900000046e+01,-2.869882900600000042e+01,-3.348564556499999867e+01
1.157578578600000085e+01,-2.814655246699999935e+01,-3.045022802700000142e+01,-3.311430710999999860e+01,-2.729246567999999940e+01,-3.319537716800000027e+01
1.159579579600000088e+01,-2.936245552300000128e+01,-3.498371943699999775e+01,-3.625413851700000123e+01,-2.948076659299999847e+01,-3.602160630099999850e+01
1.161580580599999912e+01,-2.963912696099999877e+01,-3.327918288499999733e+01,-3.350345561999999688e+01,-2.905105515700000041e+01,-3.841601709900000117e+01
1.163581581599999915e+01,-3.100328048700000139e+01,-3.780678641699999787e+01,-3.427162831799999765e+01,-2.853660629099999824e+01,-3.852241621099999946e+01
1.165582582599999917e+01,-3.082701635400000129e+01,-3.546574472500000041e+01,-3.555684712099999700e+01,-2.874957357399999935e+01,-3.509447715299999970e+01
1.167583583599999919e+01,-2.955130521699999946e+01,-3.713231479800000301e+01,-3.456617982299999881e+01,-2.820859323000000174e+01,-3.253936084000000051e+01
1.169584584599999921e+01,-3.327126734499999827e+01,-3.835148878300000064e+01,-3.237924827500000191e+01,-2.954330810500000126e+01,-3.462163610500000033e+01
1.171585585599999924e+01,-3.488212778300000139e+01,-4.080376923899999753e+01,-3.402796617399999946e+01,-2.942222883199999828e+01,-3.122981917699999954e+01
1.173586586599999926e+01,-2.662632182100000122e+01,-4.522122576200000310e+01,-3.090724314599999900e+01,-3.043720688000000152e+01,-3.343932296300000218e+01
1.175587587599999928e+01,-2.925131272300000163e+01,-3.873726885600000003e+01,-3.160212550299999990e+01,-3.059479896899999929e+01,-3.166231119800000116e+01
1.177588588599999930e+01,-3.358590447400000301e+01,-3.835408229699999794e+01,-2.970330452299999990e+01,-3.147695743599999929e+01,-2.974709383900000148e+01
1.179589589599999933e+01,-2.879825401900000159e+01,-5.127472884899999883e+01,-2.936386614399999928e+01,-2.820784502600000110e+01,-3.123373859399999830e+01
1.181590590599999935e+01,-4.059131366700000143e+01,-4.087385753800000288e+01,-3.195397511099999832e+01,-2.805052066700000069e+01,-3.121248353400000042e+01
1.183591591599999937e+01,-3.071030737699999946e+01,-4.656217442900000236e+01,-2.870196375900000163e+01,-2.801545425699999825e+01,-3.083016123100000172e+01
1.185592592599999939e+01,-3.617905381700000333e+01,-4.261053870399999965e+01,-2.804720621499999922e+01,-2.664969390099999913e+01,-3.113847641699999969e+01
1.187593593599999942e+01,-3.582846431699999812e+01,-3.870231583300000011e+01,-2.925841144099999980e+01,-2.763673576900000128e+01,-3.208496892200000161e+01
1.189594594599999944e+01,-3.511520979299999823e+01,-3.483190585300000208e+01,-2.714878241699999961e+01,-2.805619363899999996e+01,-3.122362395800000101e+01
1.191595595599999946e+01,-3.471521215100000290e+01,-4.652607369799999759e+01,-2.850436582700000088e+01,-2.640093978999999891e+01,-2.977024603799999980e+01
1.193596596599999948e+01,-4.450299757199999817e+01,-4.199346343799999914e+01,-2.898981122300000024e+01,-2.643498367000000115e+01,-3.148345539199999976e+01
1.195597597599999951e+01,-4.973603926799999897e+01,-4.427293870700000156e+01,-2.771985057399999874e+01,-2.655923744200000058e+01,-3.015174881700000142e+01
1.197598598599999953e+01,-3.235172063600000314e+01,-3.760360856599999835e+01,-2.934736749700000047e+01,-2.647731246500000069e+01,-2.946565139000000144e+01
1.199599599599999955e+01,-4.030929918300000026e+01,-4.616966925999999916e+01,-2.818188459899999998e+01,-2.672936098599999966e+01,-3.103077604799999989e+01
1.201600600599999957e+01,-4.533478952400000139e+01,-3.431038446600000213e+01,-2.875029512900000128e+01,-2.621344522500000096e+01,-2.876284208399999898e+01
1.203601601599999960e+01,-3.172269029099999926e+01,-3.776455911400000076e+01,-2.989995205900000030e+01,-2.786809036800000072e+01,-2.939506880800000133e+01
1.205602602599999962e+01,-3.763057079099999669e+01,-4.339071758800000111e+01,-3.066791305199999940e+01,-2.590485467399999919e+01,-2.835551417199999946e+01
1.207603603599999964e+01,-4.362271801800000048e+01,-3.812664052800000292e+01,-2.815453088099999945e+01,-2.712780623800000157e+01,-2.395664866799999970e+01
1.209604604599999966e+01,-4.964294305699999654e+01,-3.621533414499999992e+01,-3.012679295399999901e+01,-2.649161837300000144e+01,-2.747168120499999944e+01
1.211605605599999969e+01,-5.628656617400000073e+01,-4.326302840500000002e+01,-3.223974808300000205e+01,-2.678440317100000101e+01,-2.810991874100000132e+01
1.213606606599999971e+01,-3.248976991199999986e+01,-4.391757678999999825e+01,-3.176972145199999886e+01,-2.634601366400000089e+01,-2.951623094199999997e+01
1.215607607599999973e+01,-3.270538207700000299e+01,-4.438675117399999692e+01,-3.070498136300000169e+01,-2.556680037799999994e+01,-2.821141762999999969e+01
1.217608608599999975e+01,-4.131566107199999749e+01,-3.858699687299999681e+01,-3.799411980499999686e+01,-2.519232137599999888e+01,-2.910692610299999927e+01
1.219609609599999978e+01,-3.972075081100000205e+01,-3.461505678999999702e+01,-4.284416284299999944e+01,-2.725511231200000140e+01,-2.917926972200000080e+01
1.221610610599999980e+01,-3.416880906099999748e+01,-4.587377001600000170e+01,-3.725774761099999921e+01,-2.513316562400000009e+01,-2.723374079199999898e+01
1.223611611599999982e+01,-3.115820649699999834e+01,-5.032223010599999924e+01,-4.759638818700000229e+01,-2.674283129399999837e+01,-2.998255537500000045e+01
1.225612612599999984e+01,-3.546675862400000057e+01,-3.579563227300000250e+01,-4.295508128499999856e+01,-2.762066150600000114e+01,-2.805560518800000125e+01
1.227613613599999987e+01,-3.118660579000000155e+01,-6.014582643100000325e+01,-4.649830288500000108e+01,-2.625640783700000114e+01,-3.139002328600000169e+01
1.229614614599999989e+01,-3.307412763699999658e+01,-2.700472262699999959e+01,-4.226454689300000211e+01,-2.684532274100000038e+01,-2.800496236200000055e+01
1.231615615599999991e+01,-3.196174284399999976e+01,-4.032783047499999896e+01,-3.664521937899999671e+01,-2.708235951800000052e+01,-2.788125249300000164e+01
1.233616616599999993e+01,-3.097953631800000096e+01,-3.959917400199999804e+01,-3.509721716199999975e+01,-2.867253370199999907e+01,-2.724955538000000033e+01
1.235617617599999996e+01,-3.986926661300000063e+01,-3.308819167899999769e+01,-3.174234302800000052e+01,-2.787975038600000133e+01,-3.221801166099999847e+01
1.237618618599999998e+01,-3.834707838900000354e+01,-3.649437539000000186e+01,-3.207594411400000212e+01,-2.762730909700000126e+01,-2.926350183199999933e+01
1.239619619600000000e+01,-3.078855865199999897e+01,-3.066573721600000013e+01,-3.484378382199999891e+01,-2.714703088499999950e+01,-2.698177955599999933e+01
1.241620620600000002e+01,-3.251878267499999708e+01,-3.375015329200000025e+01,-3.012006931699999868e+01,-3.048837690199999884e+01,-2.972575087399999916e+01
1.243621621600000005e+01,-3.777673080699999986e+01,-4.489256112799999698e+01,-2.912497130199999873e+01,-2.959286692299999899e+01,-2.894489687200000105e+01
1.245622622600000007e+01,-3.268390567299999816e+01,-3.022147167600000017e+01,-3.137002419599999925e+01,-2.870442769099999936e+01,-3.070053902700000137e+01
1.247623623600000009e+01,-3.071697227900000016e+01,-2.892435502100000022e+01,-2.929455785000000034e+01,-3.124885426499999852e+01,-2.849933865499999897e+01
1.249624624600000011e+01,-4.385448073300000260e+01,-3.444466468499999934e+01,-2.748026751100000098e+01,-3.114473654300000049e+01,-3.254697257099999774e+01
1.251625625600000014e+01,-3.456771002199999998e+01,-3.200875685700000162e+01,-2.797140110699999838e+01,-3.067205670699999942e+01,-3.683064484300000174e+01
1.253626626600000016e+01,-3.174326017099999930e+01,-2.710306583399999880e+01,-2.898107782199999960e+01,-2.975658696200000009e+01,-3.892988380300000273e+01
1.255627627600000018e+01,-3.502212888700000093e+01,-3.164098382999999970e+01,-2.670744506899999848e+01,-3.174509155200000166e+01,-3.199010582000000014e+01
1.257628628600000020e+01,-3.393765117099999884e+01,-3.298917783800000336e+01,-2.784104526500000176e+01,-3.615100449399999860e+01,-3.296042010299999703e+01
1.259629629600000023e+01,-3.012487567599999849e+01,-2.995603760099999846e+01,-2.718950326899999936e+01,-3.185675541100000174e+01,-3.451463961000000324e+01
1.261630630600000025e+01,-3.323410291300000097e+01,-3.677227882300000061e+01,-2.889989894900000067e+01,-3.363352726899999823e+01,-3.755843885800000237e+01
1.263631631600000027e+01,-3.048522886700000001e+01,-4.081367654700000003e+01,-2.857994776099999967e+01,-2.831753660800000105e+01,-4.011300846799999675e+01
1.265632632600000029e+01,-3.712337793900000094e+01,-4.339985842600000154e+01,-2.875626623799999848e+01,-3.169991625899999832e+01,-3.897634997800000178e+01
1.267633633600000032e+01,-2.677143263299999987e+01,-3.510902926299999649e+01,-2.971538608399999859e+01,-3.060903780399999974e+01,-5.007973254299999866e+01
1.269634634600000034e+01,-3.063443978900000175e+01,-3.852764810400000073e+01,-3.403260977099999707e+01,-3.214154363299999773e+01,-4.258352489300000343e+01
1.271635635600000036e+01,-4.102821881599999898e+01,-3.541205268899999936e+01,-3.024070181400000124e+01,-3.029781232799999913e+01,-4.027745858800000178e+01
1.273636636600000038e+01,-3.149363570999999951e+01,-4.010830503199999697e+01,-3.191142572500000085e+01,-3.008416159500000120e+01,-3.687967766199999886e+01
1.275637637600000041e+01,-2.687087746599999960e+01,-3.427190083299999657e+01,-3.195296161499999954e+01,-2.806882196000000107e+01,-3.533223979299999939e+01
1.277638638600000043e+01,-3.953531680599999731e+01,-3.308738668899999880e+01,-3.094259342599999840e+01,-3.145592706600000099e+01,-3.488648166499999803e+01
1.279639639600000045e+01,-3.135105172900000170e+01,-3.765266704100000084e+01,-3.160635967199999996e+01,-3.077404476199999905e+01,-3.802780688800000064e+01
1.281640640600000047e+01,-3.446883968299999879e+01,-3.206678912400000314e+01,-3.264890239900000068e+01,-2.949045494900000008e+01,-3.965315640600000080e+01
1.283641641600000050e+01,-3.026909537799999939e+01,-3.261938204799999852e+01,-3.914258508100000000e+01,-2.823950950900000123e+01,-3.805167119499999728e+01
1.285642642600000052e+01,-3.138210298999999992e+01,-3.355027961500000089e+01,-3.720732107199999916e+01,-3.034242543799999936e+01,-3.593062430999999890e+01
1.287643643600000054e+01,-2.986990583500000085e+01,-3.376329774799999939e+01,-3.862025792499999710e+01,-3.375281849800000344e+01,-3.614065114000000278e+01
1.289644644600000056e+01,-2.911593930400000119e+01,-3.342235967799999941e+01,-4.206956675299999660e+01,-3.450826430800000111e+01,-3.821178977800000354e+01
1.291645645600000059e+01,-3.345263690299999837e+01,-3.089780710599999836e+01,-3.709927773300000098e+01,-3.370915662899999887e+01,-3.698437404999999956e+01
1.293646646600000061e+01,-3.276502002499999833e+01,-3.192745722500000127e+01,-3.137423801999999995e+01,-3.414584078299999703e+01,-4.052556440600000087e+01
1.295647647600000063e+01,-4.361807027300000073e+01,-3.082236297100000044e+01,-3.335707074199999767e+01,-3.146877234700000159e+01,-3.548797657000000072e+01
1.297648648600000065e+01,-3.802031082599999934e+01,-3.325301610599999691e+01,-3.575632988699999970e+01,-3.281954982799999954e+01,-3.486595029899999787e+01
1.299649649600000068e+01,-4.383024058400000200e+01,-3.275370033499999778e+01,-3.145035181900000154e+01,-3.289526003299999957e+01,-4.060764690100000252e+01
1.301650650700000078e+01,-3.766094826799999851e+01,-3.910990031800000111e+01,-3.017597005400000043e+01,-3.139873118299999888e+01,-3.467255605700000132e+01
1.303651651700000080e+01,-3.624903408000000127e+01,-3.434260241500000177e+01,-3.142073502599999912e+01,-3.278565260199999898e+01,-3.374087245799999835e+01
1.305652652700000083e+01,-3.645927960499999898e+01,-3.743832559900000234e+01,-3.083710859400000004e+01,-3.256782207799999895e+01,-3.099227236000000119e+01
1.307653653700000085e+01,-2.863884163199999833e+01,-3.720875823400000115e+01,-3.174517918900000168e+01,-3.457194735200000224e+01,-3.117741279000000176e+01
1.309654654700000087e+01,-4.505742138699999799e+01,-3.167649033800000069e+01,-2.788815539200000160e+01,-3.571154630200000213e+01,-3.176350606800000165e+01
1.311655655699999912e+01,-3.747163726099999792e+01,-3.482765304400000161e+01,-3.240405577700000350e+01,-3.220642804500000267e+01,-3.421546760500000062e+01
1.313656656699999914e+01,-3.267042324700000222e+01,-3.576272149599999750e+01,-3.403135298000000120e+01,-3.442909220800000014e+01,-2.829284604700000116e+01
1.315657657699999916e+01,-3.483597283299999958e+01,-3.606186577199999732e+01,-3.465657173499999999e+01,-3.404450369700000323e+01,-3.010489247499999976e+01
1.317658658699999918e+01,-3.591247744999999725e+01,-3.566443154800000315e+01,-3.139523416700000169e+01,-3.209125959099999648e+01,-3.163209806300000082e+01
1.319659659699999921e+01,-3.963053822100000190e+01,-4.058004733300000311e+01,-3.118132118799999830e+01,-3.137287725099999847e+01,-2.778226283900000126e+01
1.321660660699999923e+01,-4.053350119600000312e+01,-3.817983200199999771e+01,-3.300900055200000338e+01,-3.088692903400000134e+01,-3.236162209399999767e+01
1.323661661699999925e+01,-4.536560116999999792e+01,-4.020599987899999661e+01,-3.359722475899999949e+01,-3.180759716600000075e+01,-3.203323486899999750e+01
1.325662662699999927e+01,-3.471345694200000054e+01,-4.125148873199999855e+01,-3.362316391400000271e+01,-3.464636275699999857e+01,-3.972510839400000293e+01
1.327663663699999930e+01,-3.597238747800000169e+01,-3.319838802000000300e+01,-3.041178614900000099e+01,-3.596447846000000226e+01,-3.268448625500000304e+01
1.329664664699999932e+01,-4.199091120899999652e+01,-3.981395613400000144e+01,-3.340787049000000053e+01,-3.298379152999999775e+01,-3.080685137400000073e+01
1.331665665699999934e+01,-3.622857222999999749e+01,-3.531781783899999994e+01,-3.332365956600000345e+01,-3.521045657100000170e+01,-3.225443289500000077e+01
1.333666666699999936e+01,-5.312412370900000269e+01,-3.648070608700000150e+01,-3.357041971700000005e+01,-3.925290391499999743e+01,-3.550025024699999676e+01
1.335667667699999939e+01,-4.172857403900000151e+01,-2.898142168000000041e+01,-3.191495668600000002e+01,-3.997427181100000126e+01,-3.257761452399999769e+01
1.337668668699999941e+01,-3.838164250700000224e+01,-3.623378252900000263e+01,-3.886750803099999985e+01,-2.810275912699999878e+01,-3.166821935999999837e+01
1.339669669699999943e+01,-3.868616293299999853e+01,-5.166173662799999988e+01,-4.144945833300000260e+01,-4.386193158799999736e+01,-3.162501820399999986e+01
1.341670670699999945e+01,-2.895638335900000015e+01,-3.793766306900000274e+01,-3.777197908099999779e+01,-3.742378823899999674e+01,-3.158052210500000001e+01
1.343671671699999948e+01,-3.821367936299999712e+01,-3.749558604100000281e+01,-3.896872533900000235e+01,-4.966752672399999824e+01,-3.500297106800000080e+01
1.345672672699999950e+01,-4.234174521300000293e+01,-3.373741627300000090e+01,-4.336520053699999977e+01,-4.353633090799999650e+01,-3.470615829799999830e+01
1.347673673699999952e+01,-3.645385126499999728e+01,-2.983183939899999970e+01,-4.460810537799999764e+01,-3.376687136999999694e+01,-3.345852716400000304e+01
1.349674674699999954e+01,-4.152545530799999796e+01,-3.055789397099999860e+01,-3.968219725099999806e+01,-3.782839124699999900e+01,-3.650036950300000171e+01
1.351675675699999957e+01,-3.732041157700000156e+01,-2.519066578500000020e+01,-4.212331908099999822e+01,-3.715002136300000046e+01,-3.260671965800000294e+01
1.353676676699999959e+01,-3.067742097000000001e+01,-3.198165562300000175e+01,-4.207249485900000252e+01,-3.939049344499999705e+01,-2.852653891199999947e+01
1.355677677699999961e+01,-3.351567773499999703e+01,-2.712283515700000081e+01,-4.765694729700000210e+01,-3.093458996300000052e+01,-3.355156150599999876e+01
1.357678678699999963e+01,-3.654803208599999920e+01,-3.161866960300000073e+01,-3.883806736199999676e+01,-3.538215288199999975e+01,-3.107225867200000025e+01
1.359679679699999966e+01,-3.359478659599999872e+01,-3.905212169400000022e+01,-3.619971696599999689e+01,-3.380179008999999724e+01,-3.554284312600000106e+01
1.361680680699999968e+01,-3.855492234100000104e+01,-3.406279694700000249e+01,-3.750876170800000153e+01,-3.194813256300000148e+01,-3.946083292000000142e+01
1.363681681699999970e+01,-4.269962744899999763e+01,-2.717457262799999995e+01,-3.406588946800000173e+01,-4.226226465100000240e+01,-3.325155113299999954e+01
1.365682682699999972e+01,-5.209814376300000305e+01,-3.962012325100000254e+01,-3.331951553900000107e+01,-3.399544820700000258e+01,-3.519901938000000285e+01
1.367683683699999975e+01,-4.515372528999999702e+01,-2.278143658700000174e+01,-3.479619486499999681e+01,-3.394154979399999661e+01,-3.876922355899999673e+01
1.369684684699999977e+01,-4.208081324100000131e+01,-3.907570685099999963e+01,-3.179820385500000057e+01,-3.331533819599999902e+01,-2.986753027700000018e+01
1.371685685699999979e+01,-4.061534483199999812e+01,-4.399489146900000236e+01,-3.330491511400000348e+01,-3.063473499299999858e+01,-3.093373962200000094e+01
1.373686686699999981e+01,-3.615568131599999901e+01,-3.294418234999999839e+01,-3.574607073199999974e+01,-3.028777623099999872e+01,-3.173895402100000140e+01
1.375687687699999984e+01,-3.145476350099999863e+01,-3.344254588500000125e+01,-3.828424350299999901e+01,-3.144193727600000088e+01,-2.938620290400000101e+01
1.377688688699999986e+01,-4.552354907800000205e+01,-3.456771732899999705e+01,-3.980872161399999953e+01,-3.128807873499999914e+01,-2.937481589000000071e+01
1.379689689699999988e+01,-4.173637601899999794e+01,-3.291278785600000134e+01,-3.741755361999999963e+01,-3.241997218200000219e+01,-2.611051941899999917e+01
1.381690690699999990e+01,-4.205423385499999966e+01,-4.271910476699999748e+01,-4.331479335499999905e+01,-3.238744741299999674e+01,-2.793036046599999978e+01
1.383691691699999993e+01,-4.154887868600000189e+01,-3.101729335699999979e+01,-3.290435588300000092e+01,-2.802405882100000056e+01,-2.628566694299999895e+01
1.385692692699999995e+01,-4.189251986499999703e+01,-3.706175891699999880e+01,-4.261443658799999668e+01,-2.770774897500000122e+01,-2.485563517299999958e+01
1.387693693699999997e+01,-3.713923395300000152e+01,-3.690106955699999958e+01,-3.558278306500000099e+01,-2.981126721300000071e+01,-2.629676689600000117e+01
1.389694694699999999e+01,-3.485101841899999897e+01,-3.601306003799999900e+01,-3.326274057700000242e+01,-3.123502540400000171e+01,-2.731846727199999947e+01
1.391695695700000002e+01,-3.184723882799999828e+01,-3.637887957800000294e+01,-3.556933811500000076e+01,-3.203061018399999682e+01,-2.393872271000000040e+01
1.393696696700000004e+01,-4.000793699700000161e+01,-4.444971872699999693e+01,-3.430515663700000317e+01,-3.379357101800000152e+01,-2.343515440499999869e+01
1.395697697700000006e+01,-4.831950523700000133e+01,-3.856563450699999862e+01,-3.157385857999999956e+01,-3.007221294600000050e+01,-2.152039792800000129e+01
1.397698698700000008e+01,-2.884594152800000089e+01,-3.999301075999999711e+01,-3.071073582300000027e+01,-2.977946430900000152e+01,-2.633295340999999823e+01
1.399699699700000011e+01,-3.818149221299999851e+01,-4.255968590900000237e+01,-3.863339775699999734e+01,-3.024921035499999888e+01,-2.297845608900000158e+01
1.401700700700000013e+01,-3.720208466799999769e+01,-3.150242924899999863e+01,-3.182585054799999824e+01,-3.021204201500000153e+01,-2.432473655500000120e+01
1.403701701700000015e+01,-3.315187530200000054e+01,-3.506202272699999867e+01,-3.885361787099999731e+01,-2.841448972399999917e+01,-2.566285926100000125e+01
1.405702702700000017e+01,-4.707045907500000226e+01,-3.738257239499999685e+01,-3.532981321999999835e+01,-2.698545726600000094e+01,-2.422394442199999887e+01
1.407703703700000020e+01,-4.700387307100000100e+01,-4.388793244499999702e+01,-2.877273389000000137e+01,-2.855405197099999981e+01,-2.586181761299999948e+01
1.409704704700000022e+01,-3.396761251600000264e+01,-4.379119315100000165e+01,-3.220339438900000317e+01,-3.007942609799999900e+01,-2.124315753100000137e+01
1.411705705700000024e+01,-4.089609263999999911e+01,-3.652296331299999821e+01,-2.804468863600000006e+01,-2.860634999899999897e+01,-2.772683808600000077e+01
1.413706706700000026e+01,-4.258543255600000066e+01,-3.878016176799999926e+01,-2.842721907199999976e+01,-3.106433568099999931e+01,-2.748238315900000117e+01
1.415707707700000029e+01,-2.736116918400000131e+01,-3.510734560800000281e+01,-3.420027190799999772e+01,-3.091556434600000003e+01,-2.602660148400000040e+01
1.417708708700000031e+01,-2.841878315599999993e+01,-5.010927827199999740e+01,-3.582318787199999832e+01,-3.219741228600000227e+01,-2.479787575599999983e+01
1.419709709700000033e+01,-2.986143710800000051e+01,-5.048838987300000269e+01,-3.273601111199999991e+01,-3.117246833300000119e+01,-2.701010227900000160e+01
1.421710710700000035e+01,-3.897514353100000051e+01,-2.763856655700000076e+01,-2.911956708299999974e+01,-3.744800110599999954e+01,-2.577033571100000131e+01
1.423711711700000038e+01,-3.759972454300000066e+01,-3.478927476199999802e+01,-3.344640294900000299e+01,-3.302803574499999684e+01,-2.960583957900000129e+01
1.425712712700000040e+01,-3.183918881900000031e+01,-3.148728047199999835e+01,-2.871446495700000057e+01,-3.736970593499999893e+01,-2.704677415500000137e+01
1.427713713700000042e+01,-3.797619635299999885e+01,-2.844829028799999904e+01,-3.058731756699999949e+01,-3.239710085400000139e+01,-2.824014282199999926e+01
1.429714714700000044e+01,-4.176806691899999890e+01,-3.553014700100000312e+01,-2.957219178700000128e+01,-3.392357456999999954e+01,-2.820478874499999833e+01
1.431715715700000047e+01,-4.209635423600000337e+01,-4.212396878399999878e+01,-2.907258466500000083e+01,-3.650155630900000148e+01,-2.639572050599999997e+01
1.433716716700000049e+01,-5.792174059599999936e+01,-4.247188844400000107e+01,-2.719365028700000053e+01,-3.864295747799999958e+01,-2.660886133800000053e+01
1.435717717700000051e+01,-5.056644652199999967e+01,-3.603375212299999930e+01,-2.980595844500000169e+01,-3.377996113900000097e+01,-2.689089422099999993e+01
1.437718718700000053e+01,-3.063964083200000132e+01,-3.674559657399999679e+01,-2.761607493200000008e+01,-4.039579300399999795e+01,-3.155264964899999924e+01
1.439719719700000056e+01,-3.409919814700000273e+01,-3.667389397800000239e+01,-3.068145155499999888e+01,-4.010315066900000147e+01,-2.569597747799999965e+01
1.441720720700000058e+01,-3.916670582700000125e+01,-5.128162579800000032e+01,-3.217907573000000099e+01,-4.128155093200000181e+01,-2.979682451400000076e+01
1.443721721700000060e+01,-2.877655270400000020e+01,-4.290960706399999935e+01,-3.000507143200000115e+01,-3.266122050300000268e+01,-2.568306589199999834e+01
1.445722722700000062e+01,-4.333737065199999705e+01,-3.793356693500000176e+01,-2.963009587899999886e+01,-4.083061054899999931e+01,-2.653696361700000139e+01
1.447723723700000065e+01,-2.859357289600000129e+01,-3.481125157000000314e+01,-2.916979535999999840e+01,-3.170455659900000001e+01,-2.989938144599999958e+01
1.449724724700000067e+01,-3.662074800700000310e+01,-3.629304904300000345e+01,-3.030875613199999918e+01,-3.655958483799999925e+01,-3.645809739999999977e+01
1.451725725700000069e+01,-4.382568431299999645e+01,-2.260477498499999882e+01,-3.178344923199999883e+01,-4.188398895800000332e+01,-3.131400570299999941e+01
1.453726726700000071e+01,-3.945373136100000266e+01,-3.663159608000000134e+01,-2.743467098700000051e+01,-4.312378850300000011e+01,-4.672736960900000014e+01
1.455727727700000074e+01,-4.159816208299999829e+01,-3.105762452600000145e+01,-2.657426868900000017e+01,-3.180984353799999909e+01,-4.299458127300000143e+01
1.457728728700000076e+01,-4.388579441800000325e+01,-3.644765522099999799e+01,-3.729392700100000013e+01,-3.980934175800000219e+01,-2.816142552100000174e+01
1.459729729700000078e+01,-4.447570191300000175e+01,-3.692163384700000250e+01,-3.361659876699999927e+01,-3.582745757400000031e+01,-3.762399695100000230e+01
1.461730730700000080e+01,-4.520531793699999668e+01,-3.492998373700000059e+01,-3.953495427699999709e+01,-4.019502378800000031e+01,-3.642411950500000017e+01
1.463731731700000083e+01,-4.581416140000000325e+01,-3.883099824899999675e+01,-2.882659152000000091e+01,-4.700715233399999704e+01,-4.174376380300000022e+01
1.465732732700000085e+01,-3.500720331099999783e+01,-3.138983554100000006e+01,-2.862759495499999929e+01,-3.916194690700000081e+01,-2.660230203200000076e+01
1.467733733700000087e+01,-3.310136598199999725e+01,-4.071332084499999837e+01,-3.550873199800000179e+01,-4.271927026899999902e+01,-3.062496032099999965e+01
1.469734734699999912e+01,-4.086740656999999999e+01,-4.445715719900000096e+01,-3.268531469799999911e+01,-4.172704655100000082e+01,-2.624007268900000156e+01
1.471735735699999914e+01,-4.764375823700000012e+01,-4.407052235999999823e+01,-3.021235939399999992e+01,-5.127109312999999702e+01,-3.047716204299999987e+01
1.473736736699999916e+01,-5.170360942700000351e+01,-3.342515610499999923e+01,-3.134327122599999882e+01,-4.001792661599999690e+01,-3.128509087000000122e+01
1.475737737699999919e+01,-3.780629958299999771e+01,-2.733779070399999966e+01,-3.308730762100000078e+01,-3.327276047400000181e+01,-3.135678657700000116e+01
1.477738738699999921e+01,-4.074589593000000320e+01,-3.374263301700000284e+01,-3.706250977199999852e+01,-3.168821690900000121e+01,-2.964251135499999990e+01
1.479739739699999923e+01,-3.076621359900000030e+01,-3.514442664500000291e+01,-2.864616156099999955e+01,-4.721524561599999714e+01,-2.903246937200000133e+01
1.481740740699999925e+01,-3.032884423100000149e+01,-4.108763871099999676e+01,-3.369412323600000292e+01,-3.179664433199999962e+01,-4.170194721499999702e+01
1.483741741699999928e+01,-4.186304486899999944e+01,-3.367630931600000110e+01,-2.993869443000000174e+01,-5.086736044599999929e+01,-2.753916910799999940e+01
1.485742742699999930e+01,-3.644594443900000158e+01,-3.577615789899999754e+01,-3.214487758300000309e+01,-3.059725092700000104e+01,-2.911823786600000119e+01
1.487743743699999932e+01,-4.228297429799999918e+01,-3.506837484799999771e+01,-2.984874335599999995e+01,-4.019937071700000075e+01,-2.926330666500000177e+01
1.489744744699999934e+01,-3.482090374599999905e+01,-4.213300768599999913e+01,-2.924012592200000071e+01,-4.648856656800000309e+01,-2.901372607400000092e+01
1.491745745699999937e+01,-3.092596196299999889e+01,-3.058758742399999875e+01,-2.953681380800000156e+01,-4.661845813499999736e+01,-2.711155893500000147e+01
1.493746746699999939e+01,-3.427212913299999997e+01,-3.306380796100000197e+01,-2.884582258100000018e+01,-4.400025764899999814e+01,-2.423658024599999905e+01
1.495747747699999941e+01,-4.597904070199999893e+01,-3.703681856800000105e+01,-2.889427450599999858e+01,-4.021007228900000285e+01,-2.160205363100000042e+01
1.497748748699999943e+01,-2.633845024000000024e+01,-3.484785424300000045e+01,-2.847667548400000115e+01,-3.766002783399999743e+01,-2.567497883500000100e+01
1.499749749699999946e+01,-2.442407615799999832e+01,-4.549438898700000067e+01,-2.760976683799999876e+01,-4.880605451600000322e+01,-2.643077627399999940e+01
1.501750750799999956e+01,-3.223920433400000007e+01,-3.381164426800000200e+01,-2.625648269999999940e+01,-3.327533454699999993e+01,-3.215673347100000257e+01
1.503751751799999958e+01,-2.604317591299999890e+01,-3.003624392800000109e+01,-2.580826999399999977e+01,-3.293386560999999801e+01,-3.094485537299999933e+01
1.505752752799999961e+01,-3.200549679800000291e+01,-3.470629148900000160e+01,-2.697283679299999903e+01,-2.622516252899999856e+01,-2.806404378599999916e+01
1.507753753799999963e+01,-3.308588535799999875e+01,-3.097136846300000101e+01,-2.836698941799999929e+01,-4.842080424800000316e+01,-2.979083467199999902e+01
1.509754754799999965e+01,-3.150952553999999850e+01,-3.666656953100000038e+01,-2.514597710099999972e+01,-5.154311660599999811e+01,-2.558670559200000127e+01
1.511755755799999967e+01,-2.281562490700000012e+01,-2.761906273900000031e+01,-2.607220606799999985e+01,-3.374048372400000062e+01,-3.316149810999999659e+01
1.513756756799999970e+01,-3.592869991399999918e+01,-3.773171689000000129e+01,-2.723895742099999850e+01,-4.348523201900000146e+01,-3.084054434999999827e+01
1.515757757799999972e+01,-3.962155020899999869e+01,-4.192122384299999993e+01,-2.942835017599999858e+01,-3.000428827400000031e+01,-3.345356388300000106e+01
1.517758758799999974e+01,-4.133955531600000199e+01,-2.568842548900000011e+01,-2.774122469699999982e+01,-3.061985890000000055e+01,-2.936017756700000092e+01
1.519759759799999976e+01,-3.265867709199999780e+01,-2.436192474299999944e+01,-3.051108561899999927e+01,-3.485645068200000196e+01,-4.023779621700000320e+01
1.521760760799999979e+01,-3.349048665299999783e+01,-3.521187257599999754e+01,-2.773916642100000018e+01,-3.328074667599999970e+01,-4.112587633700000112e+01
1.523761761799999981e+01,-3.379979495700000314e+01,-4.059759624299999814e+01,-3.037638838299999833e+01,-4.582106746600000236e+01,-3.838344468599999715e+01
1.525762762799999983e+01,-3.348906605399999847e+01,-4.202620789000000201e+01,-2.501860615300000035e+01,-3.286256741500000089e+01,-3.403028940099999744e+01
1.527763763799999985e+01,-4.804097131500000017e+01,-3.196165461300000032e+01,-2.707235530399999845e+01,-3.855701598899999993e+01,-5.572915356699999734e+01
1.529764764799999988e+01,-3.304440973900000245e+01,-3.761775862300000028e+01,-2.692716925399999894e+01,-4.153893950599999840e+01,-4.722187848200000104e+01
1.531765765799999990e+01,-4.217837683700000184e+01,-4.619087932699999755e+01,-2.483573929199999952e+01,-4.254218187299999698e+01,-2.856238708800000126e+01
1.533766766799999992e+01,-4.095480686700000206e+01,-3.765264970999999861e+01,-2.606865806900000138e+01,-3.377354685099999898e+01,-3.850110726500000169e+01
1.535767767799999994e+01,-3.503079001900000122e+01,-2.905191735400000042e+01,-2.413677530200000021e+01,-3.673491904000000119e+01,-3.767922794199999714e+01
1.537768768799999997e+01,-6.150271613799999670e+01,-5.321608616799999680e+01,-2.615331668800000031e+01,-3.505439835800000026e+01,-3.564789310500000141e+01
1.539769769799999999e+01,-2.412462187199999875e+01,-3.659757834500000229e+01,-2.454685498899999985e+01,-4.415179719700000049e+01,-3.320956143299999752e+01
1.541770770800000001e+01,-4.162511019899999809e+01,-3.515388926100000333e+01,-2.493944361899999862e+01,-4.133682343400000292e+01,-2.527008845499999978e+01
1.543771771800000003e+01,-4.175951408200000259e+01,-3.054915888100000032e+01,-2.652296093200000016e+01,-4.481245579800000201e+01,-2.597871646300000137e+01
1.545772772800000006e+01,-3.663558452800000254e+01,-4.226639478300000263e+01,-2.680430880799999827e+01,-4.706142016799999794e+01,-3.249826993300000311e+01
1.547773773800000008e+01,-5.516893921199999795e+01,-4.689790099799999723e+01,-2.454113243000000111e+01,-3.636852812000000057e+01,-2.243998936599999894e+01
1.549774774800000010e+01,-4.533950063500000027e+01,-3.479714680299999685e+01,-2.719970565299999876e+01,-3.689568275399999919e+01,-2.641237173500000068e+01
1.551775775800000012e+01,-3.141139581399999869e+01,-3.985941723599999875e+01,-2.649057735999999963e+01,-3.853675442499999804e+01,-2.469678628300000156e+01
1.553776776800000015e+01,-3.594082199799999700e+01,-3.996018002299999949e+01,-2.760610148600000002e+01,-4.283192289600000180e+01,-2.753905620500000140e+01
1.555777777800000017e+01,-4.461142528599999935e+01,-3.957380009700000301e+01,-2.980444511700000021e+01,-4.289829683800000026e+01,-2.824260089499999893e+01
1.557778778800000019e+01,-3.793218519599999894e+01,-3.807398711399999769e+01,-3.326070063899999951e+01,-3.829355026399999673e+01,-2.435433654099999856e+01
1.559779779800000021e+01,-4.899894533900000226e+01,-4.674206785500000194e+01,-3.077514371899999901e+01,-3.261074137899999670e+01,-3.466312065999999703e+01
1.561780780800000024e+01,-2.658490989599999921e+01,-3.519236592299999700e+01,-2.813018405700000102e+01,-3.729072841199999999e+01,-2.560071465300000071e+01
1.563781781800000026e+01,-2.781120964999999856e+01,-3.669409923399999940e+01,-2.792720345300000062e+01,-3.030828410799999872e+01,-1.795298475999999965e+01
1.565782782800000028e+01,-2.841027925299999879e+01,-3.472842963400000116e+01,-2.964862021900000144e+01,-3.094532603900000112e+01,-2.700385739400000062e+01
1.567783783800000030e+01,-3.284049435899999736e+01,-2.763775495699999851e+01,-2.921844450800000104e+01,-3.604739138099999707e+01,-2.869674489399999828e+01
1.569784784800000033e+01,-3.105900880900000161e+01,-2.618005233699999934e+01,-2.808799471000000025e+01,-3.434080151900000288e+01,-1.798153675300000032e+01
1.571785785800000035e+01,-3.131743743199999841e+01,-3.584443115799999902e+01,-2.829193444799999924e+01,-3.455941058900000229e+01,-2.220533238100000162e+01
1.573786786800000037e+01,-3.338387969699999758e+01,-3.277020055100000206e+01,-2.902493404599999849e+01,-3.560804539099999744e+01,-2.755766784700000116e+01
1.575787787800000039e+01,-3.496038515400000080e+01,-3.135548805199999833e+01,-2.701401922599999850e+01,-3.163331787299999931e+01,-2.674225039499999923e+01
1.577788788800000042e+01,-3.899970830299999847e+01,-4.648369765000000342e+01,-3.284822443099999845e+01,-3.997508111900000216e+01,-2.537698239299999869e+01
1.579789789800000044e+01,-2.721126223399999944e+01,-2.180647216499999885e+01,-3.107669512500000053e+01,-3.095206822300000127e+01,-2.120056110599999855e+01
1.581790790800000046e+01,-3.985117602100000056e+01,-3.633270866800000221e+01,-2.858177411400000167e+01,-3.275846245299999993e+01,-2.230687224200000074e+01
1.583791791800000048e+01,-4.811447268100000230e+01,-2.936405521800000074e+01,-2.949591002500000059e+01,-2.851705305699999826e+01,-2.406741584999999972e+01
1.585792792800000051e+01,-2.819511885400000040e+01,-3.897942658800000260e+01,-2.901833239999999847e+01,-3.267956704699999904e+01,-2.517344083700000112e+01
1.587793793800000053e+01,-3.245562795299999692e+01,-3.211567677099999685e+01,-3.139785123500000097e+01,-3.260422269299999698e+01,-2.243230774799999949e+01
1.589794794800000055e+01,-3.889591964200000263e+01,-4.297412380099999751e+01,-2.782462972500000120e+01,-3.065239215300000097e+01,-2.412891882999999993e+01
1.591795795800000057e+01,-3.172662846100000067e+01,-2.871587469700000028e+01,-3.088148900099999850e+01,-2.779724876199999883e+01,-2.281283488200000065e+01
1.593796796800000060e+01,-3.052789076099999832e+01,-4.322902588499999865e+01,-2.506351688000000166e+01,-3.392793920399999763e+01,-2.178781436399999905e+01
1.595797797800000062e+01,-2.782103274199999987e+01,-3.573232713800000226e+01,-2.709288764000000072e+01,-3.652824283500000035e+01,-2.530572059900000070e+01
1.597798798800000064e+01,-3.344345925799999719e+01,-3.437722376699999671e+01,-3.193479318600000028e+01,-2.306081090500000030e+01,-3.005179771099999897e+01
1.599799799800000066e+01,-3.214627623399999834e+01,-2.053223303100000052e+01,-2.373345073300000152e+01,-3.491451063899999951e+01,-2.289682383999999971e+01
1.601800800799999891e+01,-2.729680773899999835e+01,-3.525176576999999867e+01,-2.529384934100000137e+01,-3.171846732499999888e+01,-2.560666724400000049e+01
1.603801801799999893e+01,-3.032356513199999881e+01,-2.411863324799999830e+01,-2.539311341299999825e+01,-2.687979900599999894e+01,-2.424149193599999919e+01
1.605802802799999895e+01,-3.585486883200000108e+01,-3.573250801199999671e+01,-2.571252198499999864e+01,-3.018548837000000162e+01,-2.536069702100000001e+01
1.607803803799999898e+01,-3.211650791299999952e+01,-4.078671716099999855e+01,-2.569304972699999823e+01,-2.959514098600000054e+01,-2.762631123799999955e+01
1.609804804799999900e+01,-3.587040203699999807e+01,-3.378696950500000185e+01,-2.367663572800000082e+01,-3.514633409399999664e+01,-2.550716820099999893e+01
1.611805805799999902e+01,-3.518575579000000175e+01,-2.620987555700000016e+01,-2.960330335300000115e+01,-3.114842842699999892e+01,-2.526578542700000085e+01
1.613806806799999904e+01,-2.831667484100000109e+01,-2.620909320299999834e+01,-2.685385877399999899e+01,-3.422155537999999808e+01,-2.451602294199999932e+01
1.615807807799999907e+01,-2.872444884000000087e+01,-2.895654125600000128e+01,-2.496878850299999897e+01,-3.180029998399999869e+01,-2.849659532400000117e+01
1.617808808799999909e+01,-2.649117697899999868e+01,-4.266960547499999734e+01,-2.835005071599999837e+01,-3.183514024899999839e+01,-2.482383536800000101e+01
1.619809809799999911e+01,-3.171296468099999899e+01,-3.850324583500000131e+01,-2.476674782799999974e+01,-2.847622369400000153e+01,-3.189115001200000066e+01
1.621810810799999913e+01,-1.943586783800000006e+01,-3.274806411800000205e+01,-2.705411271899999903e+01,-2.825821129299999868e+01,-2.619643765100000010e+01
1.623811811799999916e+01,-3.829953792799999945e+01,-3.740517229799999654e+01,-2.816479335100000014e+01,-3.032160551899999845e+01,-2.813131775700000148e+01
1.625812812799999918e+01,-3.943057718400000056e+01,-3.050201819600000164e+01,-2.778680615500000073e+01,-2.869160716700000080e+01,-2.472811409299999852e+01
1.627813813799999920e+01,-3.103057413000000153e+01,-4.141112065600000136e+01,-2.685788484400000087e+01,-2.936661783799999981e+01,-3.018144475500000112e+01
1.629814814799999922e+01,-2.596704752200000144e+01,-3.480875412999999696e+01,-2.813711894600000107e+01,-4.060050460899999791e+01,-2.587585871399999959e+01
1.631815815799999925e+01,-3.147401862299999920e+01,-3.239583631400000030e+01,-2.521317292699999868e+01,-3.330243053099999884e+01,-2.320899277799999894e+01
1.633816816799999927e+01,-2.520476536299999992e+01,-4.336385963099999685e+01,-3.354102163299999972e+01,-3.558618627900000320e+01,-2.889147982100000078e+01
1.635817817799999929e+01,-3.788697045499999660e+01,-1.949276375499999858e+01,-2.500277592899999846e+01,-3.395617268200000183e+01,-3.468471829599999978e+01
1.637818818799999931e+01,-1.996692407700000160e+01,-2.940595428399999989e+01,-2.796177221299999971e+01,-3.347342267900000223e+01,-2.997393770200000063e+01
1.639819819799999934e+01,-4.036338155199999989e+01,-3.308531332700000149e+01,-2.928769304400000095e+01,-3.657580754699999659e+01,-2.962473818999999864e+01
1.641820820799999936e+01,-3.510903398899999672e+01,-1.401144538299999986e+01,-3.224528519700000118e+01,-3.324811881899999833e+01,-2.795829288499999876e+01
1.643821821799999938e+01,-2.814682649999999953e+01,-2.705140807600000130e+01,-3.149061835599999881e+01,-3.718530186699999973e+01,-2.757452203600000118e+01
1.645822822799999940e+01,-3.018049126900000090e+01,-3.019595569899999887e+01,-2.551690194000000034e+01,-3.622480880500000211e+01,-2.828589306099999945e+01
1.647823823799999943e+01,-2.410262671899999987e+01,-3.172798028000000059e+01,-3.201179509199999984e+01,-3.362696670799999765e+01,-5.698015706500000022e+01
1.649824824799999945e+01,-4.483533997400000004e+01,-2.882543518399999982e+01,-3.258153150799999764e+01,-3.889486152399999952e+01,-2.748917456399999892e+01
1.651825825799999947e+01,-2.239881946199999874e+01,-2.787123517499999892e+01,-2.881572709499999974e+01,-3.840227658100000241e+01,-2.902973728499999950e+01
1.653826826799999949e+01,-2.904530225699999946e+01,-2.496231170200000093e+01,-3.529919708900000330e+01,-3.732905620700000071e+01,-2.265816340199999956e+01
1.655827827799999952e+01,-3.232185014699999925e+01,-2.536887804899999921e+01,-3.034759335700000094e+01,-3.301593255600000276e+01,-3.539415341200000142e+01
1.657828828799999954e+01,-2.613635670800000099e+01,-3.653977882299999891e+01,-3.366526493500000328e+01,-4.353399119400000217e+01,-2.843990845000000078e+01
1.659829829799999956e+01,-2.341916356999999849e+01,-3.215333134400000148e+01,-3.067915741299999866e+01,-3.461866924600000317e+01,-2.894773007599999914e+01
1.661830830799999958e+01,-4.083685705399999932e+01,-3.306001808999999980e+01,-3.158514679700000016e+01,-3.337149740800000330e+01,-3.161062868499999823e+01
1.663831831799999961e+01,-3.021227386600000031e+01,-3.599056446800000231e+01,-3.209395869200000107e+01,-3.460120256900000157e+01,-3.743461391799999660e+01
1.665832832799999963e+01,-2.942320897600000151e+01,-3.785778357299999897e+01,-3.187942475699999889e+01,-3.495794254900000197e+01,-3.291209130299999686e+01
1.667833833799999965e+01,-3.324677551100000272e+01,-5.788858336100000201e+01,-3.505271580600000192e+01,-3.343845024499999852e+01,-3.228600203700000293e+01
1.669834834799999967e+01,-2.672062801599999915e+01,-4.529421548500000227e+01,-2.942778806999999830e+01,-4.768821036700000349e+01,-2.759894726499999962e+01
1.671835835799999970e+01,-2.888174761300000171e+01,-3.261046214299999946e+01,-3.558512567199999665e+01,-3.668028973799999903e+01,-3.982290946900000250e+01
1.673836836799999972e+01,-4.699640361000000155e+01,-5.171724306899999846e+01,-3.083229119900000015e+01,-3.402185673000000321e+01,-2.802467268599999883e+01
1.675837837799999974e+01,-4.233500575600000104e+01,-3.212267831599999823e+01,-3.161502658399999888e+01,-3.997368600000000072e+01,-3.013479706000000036e+01
1.677838838799999976e+01,-2.976747661799999989e+01,-4.183018409200000320e+01,-3.078870419100000078e+01,-3.469025113800000071e+01,-2.828845547899999957e+01
1.679839839799999979e+01,-3.799839073300000081e+01,-3.077965343600000026e+01,-3.318495474000000200e+01,-3.807542383799999897e+01,-3.377721018500000127e+01
1.681840840799999981e+01,-3.151156175599999898e+01,-3.784089611999999647e+01,-3.243873163800000015e+01,-3.958883488400000061e+01,-3.039934262799999942e+01
1.683841841799999983e+01,-2.279216885900000023e+01,-3.972893567300000228e+01,-2.898794243700000095e+01,-3.990563822899999735e+01,-3.012377503300000114e+01
1.685842842799999985e+01,-2.860068504499999875e+01,-3.143278877999999921e+01,-3.227567327999999947e+01,-2.972748369800000035e+01,-2.352862636200000068e+01
1.687843843799999988e+01,-3.308558930000000231e+01,-4.011771792999999775e+01,-2.847650448099999920e+01,-2.964247415199999836e+01,-2.917973951000000099e+01
1.689844844799999990e+01,-3.139369403199999908e+01,-4.818116939600000137e+01,-3.590009787000000330e+01,-2.890352638399999918e+01,-2.484319830500000137e+01
1.691845845799999992e+01,-3.237714543500000275e+01,-5.481832124799999661e+01,-3.820808496299999746e+01,-3.421330398199999934e+01,-3.250508241699999701e+01
1.693846846799999994e+01,-4.687759522099999998e+01,-4.057730554900000186e+01,-3.335839044200000103e+01,-4.107499480599999941e+01,-2.885458096700000041e+01
1.695847847799999997e+01,-3.433981990899999914e+01,-2.907733210800000023e+01,-3.450327632300000147e+01,-2.575548095099999912e+01,-1.635376489900000152e+01
1.697848848799999999e+01,-2.582967101899999918e+01,-2.740971311499999885e+01,-3.705963414200000017e+01,-3.049204397200000116e+01,-3.138559771499999940e+01
1.699849849800000001e+01,-3.096513104499999969e+01,-3.971466514099999756e+01,-2.737573724399999975e+01,-2.268406303600000129e+01,-2.544797172499999860e+01
1.701850850900000012e+01,-2.747986609699999860e+01,-3.999200500399999925e+01,-2.938781319699999983e+01,-2.929456913900000004e+01,-2.959775698300000002e+01
1.703851851900000014e+01,-2.664494144900000094e+01,-1.986447445599999995e+01,-3.173641237600000053e+01,-3.095920796500000094e+01,-3.050166127199999977e+01
1.705852852900000016e+01,-5.115222025799999983e+01,-2.923144574199999823e+01,-3.008512000700000044e+01,-2.939099782799999971e+01,-2.034626530099999897e+01
1.707853853900000018e+01,-3.595083226100000218e+01,-2.939265522699999877e+01,-2.848310151600000140e+01,-2.945162043399999874e+01,-3.222474985000000203e+01
1.709854854900000021e+01,-3.143096855399999967e+01,-2.551731598900000009e+01,-2.926621218900000088e+01,-2.607951643799999886e+01,-3.391462027899999754e+01
1.711855855900000023e+01,-3.952103279800000024e+01,-3.140655172900000025e+01,-6.787943196999999884e+01,-2.984824376099999910e+01,-2.592345084100000108e+01
1.713856856900000025e+01,-4.965251956600000227e+01,-3.576424407599999711e+01,-2.916509692300000012e+01,-2.799464918900000043e+01,-3.236934495999999939e+01
1.715857857900000027e+01,-3.689268258100000253e+01,-2.845248559799999910e+01,-2.242266671999999872e+01,-1.992703063300000110e+01,-3.149722396700000004e+01
1.717858858900000030e+01,-3.951354875700000235e+01,-3.689502607400000045e+01,-2.904633873499999908e+01,-3.862682478199999991e+01,-2.296747322099999877e+01
1.719859859900000032e+01,-3.895724297200000308e+01,-2.397882444100000043e+01,-2.725570814099999950e+01,-2.259995851300000069e+01,-3.101638868699999918e+01
1.721860860900000034e+01,-3.228856519800000058e+01,-4.634098644499999864e+01,-2.436222489600000074e+01,-2.936036295999999979e+01,-3.302277645400000239e+01
1.723861861900000036e+01,-2.983176459699999938e+01,-3.762743614600000086e+01,-2.776641526799999937e+01,-2.918824613399999990e+01,-2.902948107499999963e+01
1.725862862900000039e+01,-3.764093321200000020e+01,-4.481195078700000067e+01,-2.954993195100000136e+01,-3.135979269599999952e+01,-3.009038518599999890e+01
1.727863863900000041e+01,-3.891988699600000245e+01,-2.116844714100000147e+01,-2.202267145500000112e+01,-2.517284619300000159e+01,-2.258925872600000062e+01
1.729864864900000043e+01,-2.643607710799999921e+01,-3.389134210800000346e+01,-3.122888428699999963e+01,-4.192009206000000177e+01,-2.422732852100000045e+01
1.731865865900000045e+01,-2.724915614700000077e+01,-3.944179328700000298e+01,-2.925243461000000167e+01,-3.320640574000000100e+01,-1.646603057700000150e+01
1.733866866900000048e+01,-3.204266657600000201e+01,-2.470130576100000042e+01,-2.206454814800000008e+01,-2.576214100900000048e+01,-2.909000322300000008e+01
1.735867867900000050e+01,-3.917600679899999960e+01,-3.718486117599999830e+01,-3.121039882999999904e+01,-3.335109072800000263e+01,-3.576536314900000235e+01
1.737868868900000052e+01,-3.476708280700000131e+01,-3.365427154599999682e+01,-2.618732371200000131e+01,-3.232576110200000130e+01,-3.708315089300000267e+01
1.739869869900000054e+01,-2.465187846299999919e+01,-2.997058754000000036e+01,-2.491378895000000071e+01,-4.160425386600000053e+01,-3.535934135800000178e+01
1.741870870900000057e+01,-3.354485334999999679e+01,-3.541236638000000170e+01,-3.298583223199999992e+01,-2.772989246399999885e+01,-2.337983256500000095e+01
1.743871871900000059e+01,-4.288763535500000046e+01,-3.631162925800000352e+01,-3.021404668399999949e+01,-3.121500315500000156e+01,-3.642351100100000139e+01
1.745872872900000061e+01,-3.391264266200000321e+01,-3.884152742500000244e+01,-3.366799249200000332e+01,-2.862066873999999927e+01,-3.293623531000000071e+01
1.747873873900000063e+01,-3.603030744200000157e+01,-3.488542737499999902e+01,-3.199833793899999890e+01,-2.858414952900000117e+01,-2.619909691599999846e+01
1.749874874900000066e+01,-2.536605721700000160e+01,-2.758354381499999874e+01,-2.488079376499999995e+01,-3.908089929999999868e+01,-2.736679939100000070e+01
1.751875875900000068e+01,-3.762329226800000015e+01,-2.082928548499999977e+01,-2.968800557200000156e+01,-2.736760107099999928e+01,-3.441973556800000011e+01
1.753876876900000070e+01,-4.108775560200000143e+01,-4.064935875300000134e+01,-3.567629855100000213e+01,-2.215758628600000080e+01,-1.639529258499999997e+01
1.755877877900000072e+01,-3.203158384200000341e+01,-2.997646333699999843e+01,-3.147951822599999971e+01,-3.464474925999999755e+01,-3.167706537500000152e+01
1.757878878900000075e+01,-4.634987318499999986e+01,-3.139361250700000028e+01,-2.396847750099999885e+01,-2.031838694500000031e+01,-4.165135766200000234e+01
1.759879879900000077e+01,-3.820935954000000123e+01,-3.389057097199999902e+01,-2.826530312299999892e+01,-1.930503779200000025e+01,-2.980188789700000029e+01
1.761880880900000079e+01,-2.153739813400000003e+01,-3.866889029699999725e+01,-3.858329921400000018e+01,-3.292622814100000284e+01,-3.370933894200000225e+01
1.763881881900000081e+01,-4.492353770300000093e+01,-3.309706044100000355e+01,-3.134465615599999921e+01,-3.225771475399999844e+01,-4.340089709800000151e+01
1.765882882900000084e+01,-3.740669456999999909e+01,-3.501799782100000158e+01,-2.820544769299999999e+01,-2.907951809500000095e+01,-2.765218262200000154e+01
1.767883883900000086e+01,-2.738721011000000161e+01,-3.334555785799999938e+01,-2.453627896200000080e+01,-2.729987932599999922e+01,-3.832127861000000024e+01
1.769884884900000088e+01,-3.905173879699999873e+01,-3.621843547800000351e+01,-2.733895975900000153e+01,-2.014492752399999986e+01,-3.109014325600000106e+01
1.771885885900000090e+01,-3.917962339200000343e+01,-3.074465607200000150e+01,-3.293824073799999752e+01,-2.403779920099999856e+01,-1.964576485399999939e+01
1.773886886900000093e+01,-2.547588154700000018e+01,-3.119352686799999930e+01,-2.995939173900000085e+01,-3.719521221499999797e+01,-4.037390830399999686e+01
1.775887887900000095e+01,-4.084015378600000190e+01,-3.171013355899999908e+01,-3.174859247099999848e+01,-2.260040117699999840e+01,-4.066455513100000019e+01
1.777888888900000097e+01,-3.374284518200000349e+01,-3.521513433199999810e+01,-2.896986635500000062e+01,-2.400937400100000119e+01,-3.067617357700000014e+01
1.779889889900000099e+01,-2.758220425900000095e+01,-3.324554574700000131e+01,-1.735317587799999828e+01,-1.600937392899999878e+01,-8.979261677500000260e+00
1.781890890900000102e+01,-5.463357693700000084e+01,-3.648570257600000133e+01,-3.367633239900000319e+01,-2.695995011300000144e+01,-3.325425995799999868e+01
1.783891891900000104e+01,-2.314289738400000118e+01,-2.452409843099999875e+01,-3.163405344299999911e+01,-3.396892168099999765e+01,-3.709388004200000211e+01
1.785892892900000106e+01,-3.181512054299999903e+01,-2.479027901699999958e+01,-3.545226900800000180e+01,-2.315216699100000142e+01,-3.114814235200000070e+01
1.787893893900000108e+01,-5.341147726599999856e+01,-3.663636438999999712e+01,-3.161988322499999882e+01,-2.932800510299999885e+01,-3.677511001999999962e+01
1.789894894900000111e+01,-2.505444536699999958e+01,-3.744126280900000125e+01,-3.397847969800000101e+01,-2.527482138499999920e+01,-3.215957146800000288e+01
1.791895895900000113e+01,-4.201285854700000044e+01,-3.226580950299999984e+01,-1.920819423200000031e+01,-1.880161274399999982e+01,-2.724907135799999836e+01
1.793896896900000115e+01,-3.766983092499999941e+01,-2.649052607000000137e+01,-1.691531159599999867e+01,-5.377334792600000135e+00,-3.190955943799999872e+01
1.795897897900000117e+01,-3.346168090199999767e+01,-3.114771643599999962e+01,-3.462441168000000147e+01,-2.239135844899999839e+01,-3.087712718799999934e+01
1.797898898900000120e+01,-3.768474572000000222e+01,-2.635604066499999831e+01,-4.210598373100000202e+01,-2.940795591999999914e+01,-2.742393342000000089e+01
1.799899899900000122e+01,-3.844022407300000310e+01,-2.994310647900000077e+01,-1.740017608999999865e+01,-1.840353287199999954e+01,-1.670190433999999868e+01
1.801900900900000124e+01,-3.519742547599999938e+01,-3.662036669199999750e+01,-2.957094804800000176e+01,-2.077098840000000024e+01,-2.811926549100000017e+01
1.803901901900000126e+01,-4.139832672200000019e+01,-4.120874625300000105e+01,-2.713975779700000146e+01,-2.691562422899999873e+01,-3.586617344900000148e+01
1.805902902900000129e+01,-3.526610672300000004e+01,-2.487800560599999855e+01,-2.856757818799999882e+01,-2.420881934699999860e+01,-3.737796940700000192e+01
1.807903903900000131e+01,-4.263592179100000124e+01,-3.501102314100000257e+01,-3.203350611399999792e+01,-2.743388405600000013e+01,-3.650896946200000315e+01
1.809904904900000133e+01,-3.623790245099999652e+01,-3.100860436900000039e+01,-2.992578654500000113e+01,-2.691307049499999948e+01,-3.816996098100000268e+01
1.811905905900000135e+01,-2.625992372700000033e+01,-1.718652724200000037e+01,-3.568327212500000201e+01,-2.752421851400000108e+01,-3.063458151100000038e+01
1.813906906900000138e+01,-4.290040085900000122e+01,-2.961638183000000168e+01,-3.413865287899999856e+01,-3.046263409799999877e+01,-2.140969873999999962e+01
1.815907907900000140e+01,-2.914364085700000118e+01,-4.613547802899999795e+01,-3.039697305900000046e+01,-2.203314291999999952e+01,-3.471318965399999712e+01
1.817908908900000142e+01,-4.687315724999999844e+01,-4.162068663099999810e+01,-3.294010010899999941e+01,-3.018903226400000150e+01,-3.729533038600000339e+01
1.819909909900000144e+01,-3.650963216099999897e+01,-3.143766728299999968e+01,-2.761375327900000087e+01,-3.317675150899999892e+01,-2.627354636900000173e+01
1.821910910900000147e+01,-3.062393821099999869e+01,-3.407428589599999924e+01,-2.992635088200000126e+01,-2.464145275799999979e+01,-3.294897497699999889e+01
1.823911911900000149e+01,-3.923544358600000237e+01,-2.564794377200000142e+01,-2.428470093600000013e+01,-3.251397752599999791e+01,-3.971660324900000205e+01
1.825912912900000151e+01,-4.028985046199999687e+01,-4.528408742999999959e+01,-2.866506114299999908e+01,-3.055358737499999933e+01,-1.039315079800000063e+01
1.827913913900000153e+01,-3.734564041499999831e+01,-3.348443690599999911e+01,-2.623604707399999825e+01,-2.814858954500000010e+01,-4.910449574999999811e+01
1.829914914900000156e+01,-3.079047756299999961e+01,-2.925040813800000095e+01,-3.110500737499999957e+01,-2.834476490799999837e+01,-3.886853579000000281e+01
1.831915915900000158e+01,-1.708496755699999881e+01,-4.580933093099999809e+01,-3.689335151499999910e+01,-3.313799881399999947e+01,-2.897701874699999891e+01
1.833916916900000160e+01,-3.199722044900000029e+01,-2.201477621700000142e+01,-3.136518708599999883e+01,-1.639901402299999944e+01,-2.706412673100000177e+01
1.835917917900000162e+01,-2.200369363400000111e+01,-2.122533891400000172e+01,-2.151101922899999863e+01,-1.999695392799999993e+01,-1.712200384799999853e+01
1.837918918900000165e+01,-3.837454013300000355e+01,-3.853434075399999870e+01,-3.078942618199999970e+01,-4.210457662000000312e+01,-3.523985588400000069e+01
1.839919919900000167e+01,-3.774777184500000260e+01,-4.620448374000000058e+01,-3.416163137000000205e+01,-3.522704151599999989e+01,-2.150432015399999841e+01
1.841920920900000169e+01,-2.830748779299999995e+01,-2.279449632800000103e+01,-2.973268262999999934e+01,-2.957597318799999897e+01,-3.337621968100000203e+01
1.843921921900000171e+01,-2.991692468000000105e+01,-3.445828844399999724e+01,-3.030595021299999914e+01,-2.700972988999999913e+01,-3.655422158799999721e+01
1.845922922900000174e+01,-3.173059243399999829e+01,-2.630079110899999861e+01,-3.754769435800000110e+01,-4.808610565299999706e+01,-3.651397673000000310e+01
1.847923923900000176e+01,-4.355815098000000063e+01,-3.335223394900000216e+01,-2.131785259800000176e+01,-1.837910991300000063e+01,-1.837882066999999964e+01
1.849924924899999823e+01,-4.360683891299999715e+01,-3.461087101900000107e+01,-2.591047536800000017e+01,-3.074409034299999988e+01,-2.711240939900000058e+01
1.851925925899999825e+01,-3.453846343899999738e+01,-3.023601678700000051e+01,-3.283302087500000255e+01,-2.725427141100000128e+01,-2.946576051999999990e+01
1.853926926899999827e+01,-3.241224782399999782e+01,-3.562705278699999667e+01,-2.909893813000000051e+01,-1.625023738200000167e+01,-2.131227348099999830e+01
1.855927927899999830e+01,-7.297184928400000103e+01,-3.113239752899999857e+01,-3.496369244400000298e+01,-2.534253053400000155e+01,-2.570014976499999904e+01
1.857928928899999832e+01,-2.666382489100000086e+01,-2.302535509999999874e+01,-2.927430354399999857e+01,-3.131689833700000136e+01,-2.144632532900000044e+01
1.859929929899999834e+01,-3.181770874100000057e+01,-3.265414001399999933e+01,-2.437498280399999828e+01,-3.220077330800000226e+01,-1.895832073900000125e+01
1.861930930899999836e+01,-3.730739816100000183e+01,-3.702019136599999882e+01,-2.892890394300000168e+01,-3.358884210600000131e+01,-3.101883766399999942e+01
1.863931931899999839e+01,-2.722458569599999834e+01,-3.158386455699999829e+01,-3.128719149400000177e+01,-3.233693748499999998e+01,-2.893842648200000056e+01
1.865932932899999841e+01,-3.378747677900000213e+01,-4.011312704800000262e+01,-2.351364656899999872e+01,-3.171419882600000051e+01,-3.111543790400000020e+01
1.867933933899999843e+01,-3.893727559599999921e+01,-4.364842706200000322e+01,-2.101049085900000080e+01,-8.977923772700000526e+00,-5.777665422000000106e+00
1.869934934899999845e+01,-4.800922511699999973e+01,-3.967032860500000169e+01,-1.845350573900000057e+01,-2.396527739200000084e+01,-3.209901331399999691e+01
1.871935935899999848e+01,-3.421450080099999980e+01,-3.397961860200000217e+01,-2.713535001600000029e+01,-2.235414222400000028e+01,-3.313120291599999945e+01
1.873936936899999850e+01,-2.399366002400000042e+01,-3.853618033499999740e+01,-3.335292819800000075e+01,-3.574246201399999734e+01,-3.497200028299999985e+01
1.875937937899999852e+01,-4.550307312300000007e+01,-2.882361508700000030e+01,-3.012773452800000129e+01,-3.574154364900000047e+01,-2.510202968999999840e+01
1.877938938899999854e+01,-3.944076238099999898e+01,-5.524978293299999876e+01,-3.628230815599999914e+01,-2.731789792400000039e+01,-2.256099218199999967e+01
1.879939939899999857e+01,-2.654316926599999960e+01,-1.723349001700000116e+01,-3.599339089000000058e+01,-3.432686934200000195e+01,-2.522345976300000103e+01
1.881940940899999859e+01,-3.741090463999999827e+01,-4.587615801599999799e+01,-3.304778485300000312e+01,-3.443799534200000068e+01,-3.225821566500000159e+01
1.883941941899999861e+01,-4.251518212799999930e+01,-4.360416564100000159e+01,-4.201001588300000122e+01,-3.146046671799999928e+01,-3.260950737200000304e+01
1.885942942899999863e+01,-2.778893870699999979e+01,-3.322541902100000044e+01,-1.534562388800000043e+01,-1.534510181299999942e+01,-1.285120974800000049e+01
1.887943943899999866e+01,-3.391628999699999980e+01,-2.591721131799999966e+01,-1.868778009200000056e+01,-3.368202117599999923e+01,-3.110752656400000049e+01
1.889944944899999868e+01,-4.797654238500000190e+01,-4.539678528799999668e+01,-3.567244676199999986e+01,-3.603937415600000094e+01,-4.025774808599999943e+01
1.891945945899999870e+01,-2.972847152499999979e+01,-3.305756469199999970e+01,-3.100392704300000091e+01,-3.711630819700000217e+01,-3.282840632199999931e+01
1.893946946899999872e+01,-4.311660645599999953e+01,-4.915458613500000240e+01,-3.708186330800000263e+01,-3.124983596299999888e+01,-2.971278446799999884e+01
1.895947947899999875e+01,-3.636522795999999857e+01,-4.531374923500000307e+01,-3.636460571300000311e+01,-3.499138388200000094e+01,-4.118598289599999873e+01
1.897948948899999877e+01,-1.613895649399999854e+01,-2.624783631000000028e+01,-2.776998296600000060e+01,-2.891561947900000007e+01,-2.608297291399999907e+01
1.899949949899999879e+01,-3.518373821000000135e+01,-6.389576747400000301e+01,-2.875016604900000061e+01,-3.038911805200000060e+01,-3.569858768099999935e+01
1.901950950999999890e+01,-3.637457235200000127e+01,-5.033008270500000236e+01,-3.388655800099999738e+01,-3.981263209000000103e+01,-3.658111205099999808e+01
1.903951951999999892e+01,-3.103646962899999906e+01,-3.021692033300000091e+01,1.362813207699999918e+00,-7.858172191499999570e+00,-2.136236002400000089e+01
1.905952952999999894e+01,-3.615894544199999672e+01,-5.100463236299999892e+01,-3.024239081600000034e+01,-2.747352666400000132e+01,-3.237731966900000202e+01
1.907953953999999896e+01,-3.400876503799999995e+01,-4.381554629899999753e+01,-2.907086532099999943e+01,-1.844488913600000046e+01,-2.773426792200000079e+01
1.909954954999999899e+01,-2.546239278199999845e+01,-4.060672766100000075e+01,-1.065547083300000075e+01,-1.110596721099999939e+01,-5.480381450500000362e+00
1.911955955999999901e+01,-3.869422285400000305e+01,-4.426633181799999761e+01,-4.046026257500000156e+01,-5.235739246499999666e+01,-2.958561559400000007e+01
1.913956956999999903e+01,-2.504033145000000005e+01,-2.463428842300000099e+01,-3.074782203199999842e+01,-3.071390162599999840e+01,-1.717054588599999931e+01
1.915957957999999905e+01,-2.515959855999999917e+01,-3.692360158000000325e+01,-2.620795631000000014e+01,-3.824799705600000266e+01,-3.571860989099999983e+01
1.917958958999999908e+01,-5.056465610800000121e+01,-3.938219545900000185e+01,-3.213355449099999817e+01,-4.596977664599999969e+01,-4.308519627500000126e+01
1.919959959999999910e+01,-3.671945575699999864e+01,-4.659721249500000084e+01,-1.732747518100000050e+01,-2.087932290099999832e+01,-1.511490033499999974e+01
1.921960960999999912e+01,-3.553277295800000246e+01,-4.006300216300000017e+01,-2.546374264900000028e+01,-4.284389793500000110e+01,-2.340906991199999965e+01
1.923961961999999914e+01,-4.562210537699999691e+01,-5.339599938799999990e+01,-3.367457021700000297e+01,-4.060221641500000089e+01,-2.720768798499999974e+01
1.925962962999999917e+01,-3.433755483099999850e+01,-2.897216973100000104e+01,-3.783220939000000271e+01,-3.584146938699999652e+01,-2.774380796100000168e+01
1.927963963999999919e+01,-5.662531639699999886e+01,-6.443190978500000199e+01,-3.478164254800000066e+01,-3.158516047599999865e+01,-4.074513084400000196e+01
1.929964964999999921e+01,-3.189612798099999935e+01,-3.997224834099999669e+01,-3.957327031500000203e+01,-3.517640097400000343e+01,-4.185909617200000099e+01
1.931965965999999923e+01,-2.379207245999999998e+01,-2.884151655999999875e+01,-2.342228085100000001e+01,-2.723279718699999918e+01,-3.371455287500000253e+01
1.933966966999999926e+01,-6.311295954799999919e+01,-4.863252914000000260e+01,-3.429335091600000140e+01,-4.466206208799999899e+01,-3.400100890499999906e+01
1.935967967999999928e+01,-4.028710652200000197e+01,-4.453610972999999973e+01,-2.372543867199999923e+01,-3.540631454100000042e+01,-3.596240303799999793e+01
1.937968968999999930e+01,-2.581599485499999957e+01,-3.812130198700000250e+01,-2.663517385400000137e+01,-2.888268046099999964e+01,-2.922912094100000147e+01
1.939969969999999932e+01,-3.365839342999999673e+01,-5.213305361599999799e+01,-4.688654558300000019e+01,-3.013563797699999824e+01,-5.207440010399999863e+01
1.941970970999999935e+01,-4.533741995999999830e+01,-4.628582967700000239e+01,-3.614369530100000105e+01,-5.378136123800000234e+01,-3.427394566200000270e+01
1.943971971999999937e+01,-2.456093059899999886e+01,-4.387334360300000213e+01,-2.757721546899999865e+01,-2.691717843099999996e+01,-3.152943979200000157e+01
1.945972972999999939e+01,-3.807265971500000035e+01,-4.715634925399999844e+01,-3.595423212600000085e+01,-3.252346666900000116e+01,-4.154541187000000235e+01
1.947973973999999941e+01,-3.903498653799999829e+01,-3.933467062500000111e+01,-2.728983383299999943e+01,-3.736858684199999914e+01,-4.154821259100000219e+01
1.949974974999999944e+01,-4.234604492199999726e+01,-3.012260484000000105e+01,-1.362430785499999963e+01,-3.132472358600000106e+01,-3.107120165799999967e+01
1.951975975999999946e+01,-5.030904750500000233e+01,-4.404800161099999656e+01,-3.009564707399999861e+01,-3.884644575600000138e+01,-3.290103043599999921e+01
1.953976976999999948e+01,-4.272749271400000026e+01,-4.104946986899999928e+01,9.173077527700000289e+00,-7.560868397400000163e+00,8.312723040899999694e-01
1.955977977999999950e+01,-4.208688094299999705e+01,-3.269384054700000064e+01,-2.545480819200000155e+01,-4.625540164299999901e+01,-4.188676486199999971e+01
1.957978978999999953e+01,-4.884398284600000295e+01,-5.331788168599999977e+01,-3.890161311699999658e+01,-3.193667650900000154e+01,-4.019334995300000202e+01
1.959979979999999955e+01,-4.234068148000000065e+01,-5.197794869999999889e+01,-3.380929366800000224e+01,-5.806438397499999837e+01,-3.230238991400000259e+01
1.961980980999999957e+01,-4.644690385300000202e+01,-3.348289012400000075e+01,-2.236193808699999863e+01,-3.018711668799999970e+01,-2.527662533799999878e+01
1.963981981999999959e+01,-4.057243792300000251e+01,-4.480813254099999909e+01,-4.435687229500000228e+01,-4.760696118599999949e+01,-3.193311299399999825e+01
1.965982982999999962e+01,-4.382117072199999797e+01,-2.548626379499999928e+01,-1.255242481600000026e+01,-2.657945834099999871e+01,-1.585771855299999977e+01
1.967983983999999964e+01,-4.161455617099999671e+01,-5.012282798399999706e+01,-2.665067757499999956e+01,-2.632403833100000057e+01,-3.679732371000000057e+01
1.969984984999999966e+01,-6.562794075799999405e+01,-5.195897282499999648e+01,-3.500390640799999886e+01,-3.915189671000000260e+01,-3.793430433799999690e+01
1.971985985999999968e+01,-2.468700687200000132e+01,-4.230306801199999711e+01,-3.877561308300000320e+01,-3.048314208200000053e+01,-3.167554733400000089e+01
1.973986986999999971e+01,-4.482326787499999909e+01,-4.518259336300000228e+01,-3.017166368499999862e+01,-2.423966092799999927e+01,-3.413264785199999807e+01
1.975987987999999973e+01,-6.066468297000000121e+01,-4.311475631199999725e+01,-4.123728772999999848e+01,-4.072631896000000040e+01,-5.024029604399999727e+01
1.977988988999999975e+01,-3.124299196500000164e+01,-3.897013308799999720e+01,-2.840844646700000098e+01,-5.093006074400000216e+01,-2.071526468500000107e+01
1.979989989999999977e+01,-4.997682487200000168e+01,-4.795610407000000208e+01,-4.543841101900000012e+01,-3.916497167600000040e+01,-3.156061030900000119e+01
1.981990990999999980e+01,-3.193335049699999928e+01,-4.040945219099999974e+01,-2.229944605700000082e+01,-2.572323958500000174e+01,-2.873393678900000126e+01
1.983991991999999982e+01,-3.414580337099999952e+01,-3.145115923599999874e+01,-2.606213539199999829e+01,-3.178863721200000114e+01,-2.238392130000000080e+01
1.985992992999999984e+01,-5.580160716799999676e+01,-5.554332488000000012e+01,-3.169834160799999978e+01,-3.031743122900000031e+01,-3.473927571699999817e+01
1.987993993999999986e+01,-2.213485522799999927e+01,-3.851875974699999716e+01,-2.816113710999999853e+01,-3.135525781000000123e+01,-3.109965198100000094e+01
1.989994994999999989e+01,-5.242881048600000327e+01,-4.028674699500000145e+01,-2.713682426000000092e+01,-3.268030812800000007e+01,-3.224712104599999662e+01
1.991995995999999991e+01,-4.331713063000000119e+01,-5.197189017699999880e+01,-1.963294657599999837e+01,-1.849429240399999941e+01,-3.469135938400000185e+01
1.993996996999999993e+01,-5.184081167699999781e+01,-3.545378728699999726e+01,-2.875216205199999919e+01,-4.694108444500000132e+01,-2.954520588700000161e+01
1.995997997999999995e+01,-3.153641392700000168e+01,-4.485087691199999682e+01,-2.965184213799999924e+01,-3.840212007400000260e+01,-5.144889259199999998e+01
1.997998998999999998e+01,-2.745914021500000146e+01,-5.041212781699999823e+01,-2.748884518299999868e+01,-3.875280484900000033e+01,-4.982845062100000177e+01
2.000000000000000000e+01,-2.443220134999999971e+01,-1.895542686199999949e+01,-3.482640622899999983e+01,-3.311163060500000199e+01,-2.512815646900000033e+01
