freq_GHz,S21_dB,S31_dB,S41_dB,S51_dB,S61_dB
1.000000000000000021e-02,-7.530788638600000695e+01,-7.627958932600000708e+01,-7.967526262699999506e+01,-7.739991589900000690e+01,-7.380135934800000541e+01
3.001001001000000099e-02,-7.938506449899999495e+01,-7.194792172600000413e+01,-8.695319370100000356e+01,-7.817894587600000023e+01,-7.800929211199999713e+01
5.002002002000000003e-02,-7.571479965700000037e+01,-7.666805774700000597e+01,-7.617639959199999566e+01,-8.638538257599999781e+01,-8.709394158199999936e+01
7.003003002999999560e-02,-7.903732200299999988e+01,-8.897489422300000683e+01,-7.887986626000000001e+01,-8.210408011200000544e+01,-8.374225657700000625e+01
9.004004004000000505e-02,-9.491522149700000455e+01,-8.632075946099999442e+01,-8.310498124999999447e+01,-8.276722820999999897e+01,-7.933737026199999320e+01
1.100500500500000006e-01,-7.662975636100000543e+01,-7.588806252999999913e+01,-8.264755197700000622e+01,-8.265628807999999594e+01,-7.647283455599999513e+01
1.300600600600000101e-01,-7.676087444099999857e+01,-8.307921294300000170e+01,-7.974420090200000288e+01,-8.007871192599999688e+01,-7.711968001699999320e+01
1.500700700700000056e-01,-8.289398002199999382e+01,-8.118811687599999516e+01,-8.457126137699999902e+01,-9.446541587299999776e+01,-7.807768033399999297e+01
1.700800800800000012e-01,-8.214379472400000282e+01,-1.059845834399999944e+02,-8.918379186299999617e+01,-8.891329596500000321e+01,-8.051483182900000202e+01
1.900900900899999968e-01,-8.829909225299999775e+01,-7.596823311500000386e+01,-7.724545989599999984e+01,-8.206628890899999362e+01,-8.354737955900000657e+01
2.101001000999999924e-01,-7.581125604899999360e+01,-7.854053059500000700e+01,-8.249907972900000175e+01,-7.780710427299999310e+01,-8.204042905400000052e+01
2.301101101100000157e-01,-8.192397829700000500e+01,-8.632877774300000340e+01,-7.566914110000000449e+01,-7.974499115099999358e+01,-7.742366972499999633e+01
2.501201201200000113e-01,-7.732827869199999782e+01,-7.264184827500000097e+01,-8.087310816599999441e+01,-7.946969771599999888e+01,-8.838145558499999765e+01
2.701301301299999791e-01,-8.011154529899999943e+01,-9.366845009799999389e+01,-8.215493625899999586e+01,-7.923819989400000452e+01,-7.456469448400000033e+01
2.901401401400000024e-01,-7.556803018399999416e+01,-7.997126991400000406e+01,-7.872620804500000702e+01,-7.746657670700000153e+01,-7.355285116700000003e+01
3.101501501499999702e-01,-8.545711110999999960e+01,-8.202636440199999868e+01,-9.044854019100000642e+01,-8.786523554500000444e+01,-8.225780278700000281e+01
3.301601601600000491e-01,-8.259308983100000034e+01,-7.580882775499999582e+01,-7.613386338899999828e+01,-7.884237594100000024e+01,-7.282639513200000181e+01
3.501701701700000169e-01,-7.544623166099999878e+01,-7.280348862900000029e+01,-8.829043932899999447e+01,-8.128849204200000145e+01,-7.240002390300000457e+01
3.701801801799999847e-01,-8.443860502200000440e+01,-7.231988111100000083e+01,-8.445369680500000698e+01,-7.839069174600000167e+01,-7.166522780100000034e+01
3.901901901900000080e-01,-8.477310547700000143e+01,-7.335482543499999508e+01,-8.152751924000000372e+01,-7.417704378300000201e+01,-6.863530777100000080e+01
4.102002001999999758e-01,-7.103284500099999832e+01,-7.974138670799999318e+01,-8.457521858799999848e+01,-7.956999788900000681e+01,-7.181134084999999345e+01
4.302102102099999992e-01,-7.810118212400000459e+01,-8.666610107399999663e+01,-7.166323863499999902e+01,-7.721314180100000613e+01,-7.022489036700000042e+01
4.502202202200000225e-01,-8.174970840199999600e+01,-7.286723498099999574e+01,-7.291868341999999359e+01,-8.277760347999999624e+01,-7.697886303100000305e+01
4.702302302300000458e-01,-8.029510948700000483e+01,-7.568282567500000368e+01,-8.286680342799999721e+01,-9.168732553899999971e+01,-7.155255580099999690e+01
4.902402402400000136e-01,-7.693639708400000643e+01,-8.218557834899999648e+01,-7.277171130499999663e+01,-7.851130570099999773e+01,-6.621653105400000072e+01
5.102502502500000370e-01,-9.443299284200000443e+01,-7.746936972999999682e+01,-6.952571020300000271e+01,-8.718240776499999356e+01,-6.541218668400000524e+01
5.302602602599999493e-01,-8.270994010699999421e+01,-8.154074162999999942e+01,-7.453086152800000264e+01,-7.423889583099999356e+01,-6.264522335499999883e+01
5.502702702699999726e-01,-7.717593937300000562e+01,-6.972991709900000501e+01,-7.155831829699999957e+01,-6.970330998199999328e+01,-5.867990964799999887e+01
5.702802802799999959e-01,-7.304332178900000372e+01,-7.395255492500000116e+01,-7.044587985100000083e+01,-6.736430004599999677e+01,-5.735787935300000129e+01
5.902902902899999082e-01,-6.675398251599999355e+01,-7.211417264700000374e+01,-6.342475509599999839e+01,-6.989298282900000459e+01,-5.417436905299999950e+01
6.103003002999999316e-01,-7.573938907999999515e+01,-6.934160756999999364e+01,-5.833440849299999797e+01,-6.579319419799999480e+01,-5.216442278000000243e+01
6.303103103099999549e-01,-7.230767123299999355e+01,-7.247591816800000686e+01,-6.424717140799999981e+01,-6.630343716500000539e+01,-5.236063818400000258e+01
6.503203203200000893e-01,-7.167991773599999306e+01,-7.177525721899999667e+01,-5.747390864999999849e+01,-6.235677503299999813e+01,-4.875723519699999997e+01
6.703303303300000016e-01,-7.262833837399999481e+01,-6.985469824899999480e+01,-5.664313113400000077e+01,-6.645733474799999385e+01,-4.675620720100000227e+01
6.903403403400000249e-01,-7.232122554699999739e+01,-7.500163608600000487e+01,-5.491714296699999664e+01,-6.308709955399999814e+01,-4.569379621499999899e+01
7.103503503500000482e-01,-6.507170519899999306e+01,-7.014841649800000312e+01,-5.455753159199999658e+01,-6.404452856100000702e+01,-4.551678574400000343e+01
7.303603603599999605e-01,-6.213433665299999831e+01,-7.289913709399999675e+01,-5.291168263499999824e+01,-7.692933694600000649e+01,-4.465456942899999859e+01
7.503703703699999839e-01,-6.337682900800000141e+01,-7.037317960699999730e+01,-5.331339208600000035e+01,-7.270332099799999526e+01,-4.505855864899999830e+01
7.703803803800000072e-01,-6.099157861100000133e+01,-6.541102502900000104e+01,-5.198082174299999991e+01,-7.365815578800000196e+01,-4.411285137200000150e+01
7.903903903900000305e-01,-6.311126129000000162e+01,-6.671289741699999354e+01,-5.144518766499999884e+01,-7.384553390899999670e+01,-4.380126450099999857e+01
8.104004003999999428e-01,-5.857916418199999953e+01,-6.303924715800000200e+01,-5.126647762500000027e+01,-7.086435317299999781e+01,-4.358568683499999707e+01
8.304104104099999661e-01,-5.907090593200000228e+01,-6.267726047600000072e+01,-5.041891985499999862e+01,-7.029586878599999977e+01,-4.386053756199999754e+01
8.504204204199999895e-01,-5.511015283500000095e+01,-6.452116244500000164e+01,-5.123432844199999892e+01,-6.915802958599999783e+01,-4.260296361300000001e+01
8.704304304299999018e-01,-5.598106159499999990e+01,-5.983321534699999944e+01,-5.001389172399999694e+01,-6.230419181199999912e+01,-4.259130232199999710e+01
8.904404404400000361e-01,-5.511872657600000025e+01,-5.846054586399999664e+01,-4.903508525000000162e+01,-6.041060860000000332e+01,-4.199215121799999650e+01
9.104504504500000595e-01,-5.455052423899999781e+01,-5.872103509000000088e+01,-4.985402724699999766e+01,-6.250416403700000245e+01,-4.228562029799999777e+01
9.304604604600000828e-01,-5.448971745000000055e+01,-6.147379544500000037e+01,-4.999441226399999749e+01,-6.202146312299999664e+01,-4.176400999900000244e+01
9.504704704699999951e-01,-5.780818992900000097e+01,-6.219693793599999765e+01,-5.049035323100000028e+01,-6.302881219700000059e+01,-4.233505894399999647e+01
9.704804804800000184e-01,-5.849393090600000278e+01,-6.062166546400000300e+01,-4.979539808599999873e+01,-6.617326693600000453e+01,-4.331935715800000253e+01
9.904904904900000417e-01,-6.067588959900000134e+01,-5.918043390399999737e+01,-5.095700164099999796e+01,-6.263664401300000151e+01,-4.374841968300000161e+01
1.010500500500000065e+00,-5.891588823000000019e+01,-6.028474182200000087e+01,-5.046920504199999868e+01,-6.474374746600000208e+01,-4.417374892200000147e+01
1.030510510500000088e+00,-6.186519082000000225e+01,-6.370343488500000007e+01,-5.140303805700000339e+01,-6.552627903600000536e+01,-4.387636335599999882e+01
1.050520520500000110e+00,-6.248408699499999841e+01,-7.592288763899999537e+01,-5.083180476399999748e+01,-6.189344140000000039e+01,-4.344886849400000273e+01
1.070530530499999911e+00,-6.575538343499999883e+01,-6.330131445800000023e+01,-5.056694684299999665e+01,-6.881926457800000207e+01,-4.400202252700000116e+01
1.090540540499999933e+00,-6.835490032500000268e+01,-6.177556384500000064e+01,-5.027938830000000081e+01,-6.666942802900000231e+01,-4.270709693100000237e+01
1.110550550599999964e+00,-7.710265102399999648e+01,-6.481875702300000341e+01,-5.010971159799999697e+01,-6.578476978499999461e+01,-4.212651230000000169e+01
1.130560560599999986e+00,-7.257862299299999620e+01,-6.847628450599999894e+01,-4.989065611699999891e+01,-6.593923467099999414e+01,-4.162657946499999895e+01
1.150570570600000009e+00,-6.877671118300000330e+01,-6.525283181300000024e+01,-5.070580761899999800e+01,-7.182523305899999855e+01,-4.133845306100000272e+01
1.170580580599999809e+00,-6.641242172699999458e+01,-6.949926188400000626e+01,-5.012650340700000129e+01,-6.428668189100000063e+01,-4.147554264000000046e+01
1.190590590599999832e+00,-6.640254360299999803e+01,-7.176728702500000168e+01,-4.890226378799999907e+01,-6.487713517800000318e+01,-4.142303286399999962e+01
1.210600600599999854e+00,-6.201523474300000061e+01,-6.275863101800000265e+01,-4.806540482300000150e+01,-6.896247313400000678e+01,-4.077307587699999658e+01
1.230610610599999877e+00,-6.050094880999999702e+01,-6.608393548799999451e+01,-4.827951808899999975e+01,-5.978298762699999713e+01,-3.979907392599999838e+01
1.250620620599999899e+00,-6.430473982200000194e+01,-6.568102158199999963e+01,-4.626533580000000256e+01,-6.203696346600000311e+01,-3.942413899799999655e+01
1.270630630599999922e+00,-6.083674109500000071e+01,-6.927939604899999892e+01,-4.472382842100000033e+01,-5.902857339199999842e+01,-3.887936944399999817e+01
1.290640640599999944e+00,-6.614909664200000350e+01,-6.624364318199999957e+01,-4.473306955099999982e+01,-5.809083526300000244e+01,-3.782448487700000328e+01
1.310650650699999975e+00,-5.858491087400000197e+01,-6.579168167800000333e+01,-4.464033305899999959e+01,-6.143183193400000164e+01,-3.745366255300000091e+01
1.330660660699999998e+00,-6.064845686000000313e+01,-6.824022905100000003e+01,-4.454306917400000287e+01,-5.776837543799999963e+01,-3.691225341100000179e+01
1.350670670700000020e+00,-5.623928225800000291e+01,-5.995179987800000276e+01,-4.502833329799999973e+01,-5.559464086999999921e+01,-3.604975754499999852e+01
1.370680680700000043e+00,-5.633280336499999663e+01,-5.937677656999999698e+01,-4.539033332000000343e+01,-5.533620717299999825e+01,-3.533217439900000301e+01
1.390690690700000065e+00,-5.846699376400000148e+01,-6.135271855199999891e+01,-4.302501983500000193e+01,-5.584085885999999732e+01,-3.460288182699999737e+01
1.410700700700000088e+00,-5.324678600800000083e+01,-6.457109140100000388e+01,-4.204272962900000010e+01,-5.497288543100000169e+01,-3.404593348800000285e+01
1.430710710700000110e+00,-5.918685176000000325e+01,-5.891192581100000325e+01,-4.151983980400000007e+01,-5.384793745099999995e+01,-3.331150261799999868e+01
1.450720720700000133e+00,-5.438596661999999782e+01,-5.525821890200000297e+01,-4.052362868400000195e+01,-5.730516465699999884e+01,-3.271845491100000203e+01
1.470730730700000155e+00,-5.566003811099999865e+01,-5.506914007000000311e+01,-3.928830001200000055e+01,-5.676702614900000299e+01,-3.202128445299999981e+01
1.490740740699999956e+00,-5.220028475099999810e+01,-5.542499364500000070e+01,-3.774052582800000266e+01,-5.739825056099999756e+01,-3.159719879400000053e+01
1.510750750799999986e+00,-5.038243680000000069e+01,-5.282744818399999787e+01,-3.635272294899999679e+01,-6.083916893499999645e+01,-3.084870739799999839e+01
1.530760760800000009e+00,-5.165622702600000338e+01,-5.489258297100000306e+01,-3.513121432799999866e+01,-6.137541844399999746e+01,-3.002811102600000126e+01
1.550770770800000031e+00,-5.211418397399999947e+01,-5.491013693800000084e+01,-3.463359829899999909e+01,-6.826739282600000536e+01,-2.899443119500000066e+01
1.570780780800000054e+00,-5.197976714299999657e+01,-5.462836145499999674e+01,-3.403779457600000313e+01,-6.226013805200000206e+01,-2.857554127599999916e+01
1.590790790799999854e+00,-5.004253005900000062e+01,-5.516091277900000023e+01,-3.305751486700000186e+01,-5.965914639300000033e+01,-2.812512505899999837e+01
1.610800800799999877e+00,-4.898540855400000282e+01,-5.880199673199999921e+01,-3.258499166200000019e+01,-5.770828071100000045e+01,-2.798420750700000070e+01
1.630810810799999899e+00,-4.697615950200000157e+01,-5.278036365599999868e+01,-3.168538883000000084e+01,-5.257223676600000317e+01,-2.796375272899999942e+01
1.650820820799999922e+00,-4.468108578500000050e+01,-5.079426674599999814e+01,-3.093878974900000145e+01,-5.504615313400000076e+01,-2.747204506599999974e+01
1.670830830799999944e+00,-4.423157356200000123e+01,-4.960000972899999994e+01,-3.029681575300000063e+01,-5.625653230799999704e+01,-2.678941286599999927e+01
1.690840840799999967e+00,-4.424398439099999791e+01,-4.755789687299999713e+01,-2.952111899999999878e+01,-6.083785587300000230e+01,-2.653563513900000004e+01
1.710850850899999998e+00,-4.215709891499999884e+01,-4.723362192199999754e+01,-2.912087197299999985e+01,-6.486081182300000592e+01,-2.611165233699999888e+01
1.730860860900000020e+00,-4.140183801100000238e+01,-4.788234510000000199e+01,-2.949641850400000109e+01,-5.729986756299999939e+01,-2.590313428199999990e+01
1.750870870900000043e+00,-4.129597262899999777e+01,-5.086050212399999992e+01,-3.034321521100000041e+01,-5.674126023400000207e+01,-2.574501908199999889e+01
1.770880880900000065e+00,-4.197041481000000118e+01,-5.752494305700000155e+01,-3.072387816999999899e+01,-5.445228257699999830e+01,-2.598196691400000091e+01
1.790890890900000088e+00,-4.224516298199999653e+01,-5.216540481399999862e+01,-3.087642530200000124e+01,-5.116133335199999976e+01,-2.640387776000000031e+01
1.810900900900000110e+00,-4.221896437299999860e+01,-5.033934568000000098e+01,-3.151211249400000014e+01,-5.103822831499999779e+01,-2.713474183599999989e+01
1.830910910900000133e+00,-4.253997556899999921e+01,-5.018965676399999865e+01,-3.176841887899999861e+01,-5.414039813000000123e+01,-2.857696787600000121e+01
1.850920920900000155e+00,-4.545674670199999667e+01,-5.322383683200000348e+01,-3.280856681000000208e+01,-5.534541797199999991e+01,-2.985837649600000177e+01
1.870930930900000178e+00,-4.780958148300000232e+01,-5.928601501299999654e+01,-3.357747173599999968e+01,-5.876628656399999784e+01,-3.111316261400000016e+01
1.890940940900000200e+00,-4.841405162699999920e+01,-6.470017955000000143e+01,-3.401927533300000306e+01,-6.265404097900000124e+01,-3.168946585600000176e+01
1.910950951000000009e+00,-5.058747409099999714e+01,-5.839894534100000101e+01,-3.429425993800000327e+01,-6.517321000399999775e+01,-3.201382485900000319e+01
1.930960961000000031e+00,-5.258082901299999889e+01,-5.445128427800000281e+01,-3.424393838700000003e+01,-6.149346569600000123e+01,-3.160340296300000063e+01
1.950970971000000054e+00,-5.551248539699999895e+01,-5.560111154900000230e+01,-3.397040469699999932e+01,-5.767810247700000303e+01,-3.066936445900000052e+01
1.970980981000000076e+00,-5.524870098099999893e+01,-5.295409902600000152e+01,-3.395372366099999795e+01,-5.674957153199999738e+01,-3.000417780600000128e+01
1.990990991000000099e+00,-5.840205760100000276e+01,-5.616734129599999648e+01,-3.427390780500000034e+01,-5.836592092499999751e+01,-3.005178667299999873e+01
2.011001000999999899e+00,-5.514533191299999970e+01,-5.723469779599999896e+01,-3.426392130699999683e+01,-5.958479121700000292e+01,-2.981077240500000158e+01
2.031011010999999922e+00,-5.491231764999999854e+01,-5.876669366499999825e+01,-3.451609712399999808e+01,-5.550508943700000231e+01,-3.017591188200000119e+01
2.051021020999999944e+00,-5.373689042099999824e+01,-5.534157131199999924e+01,-3.409705305300000333e+01,-5.762894343899999683e+01,-3.029678719200000003e+01
2.071031030999999967e+00,-5.582899604400000015e+01,-5.300471531099999822e+01,-3.396319243500000340e+01,-5.640154430999999846e+01,-3.044911033400000022e+01
2.091041040999999989e+00,-5.573252607999999952e+01,-5.295016498100000035e+01,-3.348513841999999840e+01,-6.095484953199999723e+01,-3.059052266999999858e+01
2.111051051100000020e+00,-5.085024870299999833e+01,-5.264362552000000051e+01,-3.338057747700000277e+01,-6.527924466000000336e+01,-3.073706654200000088e+01
2.131061061100000043e+00,-4.961297219200000086e+01,-5.261960892700000159e+01,-3.359455334100000101e+01,-5.729501102900000120e+01,-3.110888548999999870e+01
2.151071071100000065e+00,-4.757839229700000061e+01,-5.132252453800000325e+01,-3.380986863500000084e+01,-5.852493831400000346e+01,-3.173118802500000157e+01
2.171081081100000088e+00,-4.613405775199999681e+01,-5.494713411299999706e+01,-3.409441507799999727e+01,-5.692000768700000179e+01,-3.207383800200000223e+01
2.191091091100000110e+00,-4.680893206999999734e+01,-5.316035247599999991e+01,-3.409767528100000078e+01,-5.604440661400000323e+01,-3.245283628699999667e+01
2.211101101099999688e+00,-4.531794846500000062e+01,-5.105716845399999926e+01,-3.433949138199999851e+01,-6.351716064099999670e+01,-3.290765505400000279e+01
2.231111111099999711e+00,-4.406651002499999947e+01,-5.286006092699999925e+01,-3.400015835399999986e+01,-6.610050447300000087e+01,-3.284227985799999772e+01
2.251121121099999733e+00,-4.471272082299999795e+01,-5.417709879699999931e+01,-3.405194260900000103e+01,-7.425458738800000447e+01,-3.256410855699999729e+01
2.271131131099999756e+00,-4.471734928299999723e+01,-5.587075761700000243e+01,-3.412650982200000271e+01,-6.371046692099999831e+01,-3.217687229799999926e+01
2.291141141099999778e+00,-4.462037042800000108e+01,-5.408597029300000258e+01,-3.437967295600000028e+01,-6.982690028599999721e+01,-3.164351848200000106e+01
2.311151151199999809e+00,-4.643301454000000206e+01,-5.197692087400000105e+01,-3.447273697300000350e+01,-6.189972957100000173e+01,-3.070252427000000139e+01
2.331161161199999832e+00,-4.610347400799999917e+01,-5.246902554799999763e+01,-3.421344089600000160e+01,-6.625107381600000167e+01,-2.965127585000000110e+01
2.351171171199999854e+00,-4.615889519800000329e+01,-5.001962283400000331e+01,-3.332864082399999717e+01,-5.593250212699999935e+01,-2.863824794199999957e+01
2.371181181199999877e+00,-4.598833645900000278e+01,-4.798271449799999999e+01,-3.252510998099999995e+01,-5.720782065299999886e+01,-2.789569425799999891e+01
2.391191191199999899e+00,-4.732699446099999818e+01,-4.847125899400000293e+01,-3.243910308800000308e+01,-5.747847684300000282e+01,-2.728810452200000114e+01
2.411201201199999922e+00,-4.644460664599999689e+01,-4.949407963400000199e+01,-3.245430127800000264e+01,-5.416417277299999711e+01,-2.702199334499999850e+01
2.431211211199999944e+00,-4.740655427699999791e+01,-4.929946488499999901e+01,-3.204667310199999974e+01,-5.328539412100000305e+01,-2.678778974300000115e+01
2.451221221199999967e+00,-4.863038494799999967e+01,-4.948913942299999746e+01,-3.167473372099999906e+01,-5.096531413099999952e+01,-2.665306234899999893e+01
2.471231231199999989e+00,-4.862343890999999729e+01,-4.778701164999999662e+01,-3.169256580400000090e+01,-5.317808212700000325e+01,-2.645499918000000150e+01
2.491241241200000012e+00,-4.823398235300000181e+01,-4.930661017799999968e+01,-3.108094034799999861e+01,-5.446548870699999867e+01,-2.639968741299999877e+01
2.511251251300000042e+00,-4.801148822900000113e+01,-4.845011458900000179e+01,-3.119460745599999996e+01,-5.285848655400000240e+01,-2.661445300600000152e+01
2.531261261300000065e+00,-4.594012969999999996e+01,-4.953728031699999690e+01,-3.156599604399999848e+01,-5.542978322300000116e+01,-2.684878296200000136e+01
2.551271271300000087e+00,-4.733191217200000267e+01,-5.045208287799999880e+01,-3.195014784700000021e+01,-5.613366209800000206e+01,-2.714210549999999955e+01
2.571281281300000110e+00,-4.784353057900000294e+01,-4.923326524600000198e+01,-3.192935353600000070e+01,-5.438586054299999972e+01,-2.749386700000000161e+01
2.591291291300000132e+00,-4.861134396100000288e+01,-4.960942650300000167e+01,-3.222318224400000020e+01,-5.829510068599999784e+01,-2.776402525600000004e+01
2.611301301300000155e+00,-4.951612459500000085e+01,-4.843501436100000035e+01,-3.263251697999999834e+01,-5.686228665600000198e+01,-2.833237769899999847e+01
2.631311311300000177e+00,-5.078001131900000331e+01,-4.863497537500000334e+01,-3.274518632600000245e+01,-5.750449498799999759e+01,-2.893148436999999973e+01
2.651321321300000200e+00,-5.291147146899999854e+01,-4.784301343199999934e+01,-3.296649283400000030e+01,-5.246443710799999849e+01,-2.930707581500000103e+01
2.671331331300000222e+00,-5.260391308199999827e+01,-4.818574217399999782e+01,-3.296807088199999924e+01,-5.232472138400000006e+01,-2.958769375500000010e+01
2.691341341300000245e+00,-5.652365941000000049e+01,-4.876272461599999986e+01,-3.275558743599999900e+01,-5.123984671200000207e+01,-2.987547574799999950e+01
2.711351351400000276e+00,-5.418293324999999783e+01,-4.822248075200000272e+01,-3.243362988199999819e+01,-5.096940648100000004e+01,-3.000285121399999966e+01
2.731361361400000298e+00,-5.395537780499999769e+01,-4.947193214299999653e+01,-3.274952078599999794e+01,-5.071290606899999887e+01,-3.002508121700000032e+01
2.751371371399999877e+00,-5.559061121599999922e+01,-5.011939402200000160e+01,-3.300948146799999705e+01,-5.345667123500000173e+01,-3.007349095300000030e+01
2.771381381399999899e+00,-6.985925788000000125e+01,-5.097087319100000258e+01,-3.263790926200000087e+01,-5.483533242299999699e+01,-3.021942775500000167e+01
2.791391391399999922e+00,-7.337352702299999407e+01,-5.747346894300000031e+01,-3.273354556000000315e+01,-6.021377060799999725e+01,-3.011809269999999827e+01
2.811401401399999944e+00,-6.115689064400000063e+01,-5.482874766100000130e+01,-3.262264856899999899e+01,-5.995862645300000082e+01,-3.044042288300000010e+01
2.831411411399999967e+00,-6.734269813299999896e+01,-5.201945338299999833e+01,-3.209433197399999926e+01,-6.182296767999999787e+01,-3.064208655499999878e+01
2.851421421399999989e+00,-6.956607998399999815e+01,-6.777330197099999509e+01,-3.174886702299999897e+01,-5.548337686299999660e+01,-3.086650252400000127e+01
2.871431431400000012e+00,-5.510171363399999933e+01,-6.224041963300000191e+01,-3.122235282000000112e+01,-5.494521464099999974e+01,-3.121948027899999900e+01
2.891441441400000034e+00,-5.486947362099999737e+01,-5.979483064499999756e+01,-3.100699559699999952e+01,-5.370665577500000154e+01,-3.159342885299999892e+01
2.911451451500000065e+00,-5.282377460499999700e+01,-5.996738286899999792e+01,-3.090124923799999834e+01,-5.437559754400000145e+01,-3.182188359499999919e+01
2.931461461500000087e+00,-5.502425532899999894e+01,-5.650909128199999998e+01,-3.093958577500000118e+01,-5.998217643299999935e+01,-3.174799122399999973e+01
2.951471471500000110e+00,-5.194000899400000293e+01,-6.731089137899999741e+01,-3.092330074999999923e+01,-5.516066982099999905e+01,-3.211298836899999998e+01
2.971481481500000132e+00,-5.159147663800000316e+01,-6.431141148599999724e+01,-3.077310281100000111e+01,-5.857354239099999660e+01,-3.291910964299999875e+01
2.991491491500000155e+00,-5.041373368600000049e+01,-6.549789695699999470e+01,-3.070892736000000056e+01,-5.535307429800000278e+01,-3.342080136500000265e+01
3.011501501500000177e+00,-5.003806724100000025e+01,-6.017328093700000124e+01,-3.031160849300000137e+01,-5.425719917400000014e+01,-3.369158519999999868e+01
3.031511511500000200e+00,-4.981114554500000224e+01,-5.937498156499999880e+01,-3.050037771999999947e+01,-5.384188226399999877e+01,-3.416983263699999895e+01
3.051521521499999778e+00,-5.134539116700000250e+01,-6.449768495399999324e+01,-3.011718388599999940e+01,-5.522581792999999806e+01,-3.423059818499999807e+01
3.071531531499999801e+00,-4.965725831099999965e+01,-5.624798472799999871e+01,-2.996535823500000006e+01,-5.475929931999999667e+01,-3.460735286900000318e+01
3.091541541499999823e+00,-5.083003628499999849e+01,-5.811112689299999801e+01,-2.930003180900000004e+01,-5.443518166199999797e+01,-3.473151255999999876e+01
3.111551551599999854e+00,-4.915236441700000114e+01,-5.637934189700000331e+01,-2.902838257799999866e+01,-5.640606633200000175e+01,-3.433597713599999679e+01
3.131561561599999877e+00,-4.878073425299999855e+01,-5.678668703499999992e+01,-2.866128880899999842e+01,-6.347673238000000140e+01,-3.362663506199999830e+01
3.151571571599999899e+00,-4.801153238999999928e+01,-5.622892548899999809e+01,-2.888545948300000177e+01,-5.600435634200000123e+01,-3.325771384699999800e+01
3.171581581599999922e+00,-4.800197625300000226e+01,-5.528553806099999690e+01,-2.855931166299999902e+01,-5.889964349400000287e+01,-3.232077940100000291e+01
3.191591591599999944e+00,-4.714946278699999738e+01,-5.653279262099999869e+01,-2.846009542899999900e+01,-6.050136789999999820e+01,-3.144640469899999857e+01
3.211601601599999967e+00,-4.586995257800000303e+01,-5.524312831400000334e+01,-2.834717911599999951e+01,-5.647059910200000132e+01,-3.045809892799999830e+01
3.231611611599999989e+00,-4.808829103899999780e+01,-5.091518063699999885e+01,-2.852670787799999985e+01,-6.121711241399999892e+01,-2.947066778299999967e+01
3.251621621600000012e+00,-4.603510873700000161e+01,-5.141439953999999801e+01,-2.817960366599999844e+01,-5.585600311700000020e+01,-2.842772538599999876e+01
3.271631631600000034e+00,-4.743742307699999827e+01,-5.507297228800000255e+01,-2.803250944199999850e+01,-5.658544016999999826e+01,-2.759143808199999981e+01
3.291641641600000057e+00,-4.547132843800000046e+01,-5.327538708000000156e+01,-2.782411793600000038e+01,-5.474257721299999702e+01,-2.661986996899999980e+01
3.311651651699999643e+00,-4.399212821700000120e+01,-5.415039258899999908e+01,-2.776775922099999860e+01,-5.984020712600000280e+01,-2.595284987100000151e+01
3.331661661699999666e+00,-4.411478407500000287e+01,-5.117000593899999927e+01,-2.745099804999999904e+01,-6.045819840400000089e+01,-2.525156706799999995e+01
3.351671671699999688e+00,-4.211564575300000257e+01,-5.412626311999999729e+01,-2.727452803399999937e+01,-6.097354638200000210e+01,-2.463945602600000129e+01
3.371681681699999711e+00,-4.298887210400000214e+01,-5.744415064700000073e+01,-2.733877125500000105e+01,-5.521740107200000125e+01,-2.403168631599999827e+01
3.391691691699999733e+00,-4.316698465399999662e+01,-5.299591355599999787e+01,-2.788780516399999954e+01,-5.704306459200000035e+01,-2.358277934299999856e+01
3.411701701699999756e+00,-4.256579565100000195e+01,-5.650600836200000288e+01,-2.794716862399999968e+01,-5.249192771599999929e+01,-2.309246626699999894e+01
3.431711711699999778e+00,-4.116680747099999849e+01,-5.162997458299999920e+01,-2.815149600299999832e+01,-5.444575049299999847e+01,-2.273536101499999873e+01
3.451721721699999801e+00,-4.286047293099999678e+01,-5.011690612600000350e+01,-2.840192553500000017e+01,-5.577524174599999895e+01,-2.225880348600000147e+01
3.471731731699999823e+00,-4.123715215400000034e+01,-4.958985692299999926e+01,-2.871829214099999916e+01,-5.477559526699999992e+01,-2.181681371899999888e+01
3.491741741699999846e+00,-4.062507741799999650e+01,-4.962879219399999897e+01,-2.917741387199999892e+01,-6.009297411699999714e+01,-2.154116395999999867e+01
3.511751751800000321e+00,-4.063638723900000116e+01,-5.222776345199999781e+01,-2.949050370799999854e+01,-5.273318670799999808e+01,-2.107508429599999999e+01
3.531761761800000343e+00,-3.926917725100000212e+01,-5.415607819400000267e+01,-2.984774863399999845e+01,-5.562220416099999909e+01,-2.073072211299999879e+01
3.551771771800000366e+00,-3.867895018299999776e+01,-5.513267375600000264e+01,-3.069435996300000014e+01,-5.190336486799999705e+01,-2.043544144099999826e+01
3.571781781800000388e+00,-3.854087940000000145e+01,-6.022082244599999967e+01,-3.148098439800000037e+01,-5.484834879099999938e+01,-2.024333558800000077e+01
3.591791791800000411e+00,-3.729502529199999827e+01,-6.006369193599999790e+01,-3.259233189799999764e+01,-8.110593603899999948e+01,-2.003754023700000175e+01
3.611801801799999989e+00,-3.736801644799999877e+01,-5.731200807999999824e+01,-3.293792335300000218e+01,-6.571408466299999418e+01,-1.981327004499999944e+01
3.631811811800000012e+00,-3.802461951800000151e+01,-5.789331362000000070e+01,-3.396877119399999856e+01,-5.897254872599999942e+01,-1.970976211500000019e+01
3.651821821800000034e+00,-3.717800427000000241e+01,-6.035183277200000163e+01,-3.395815425199999993e+01,-6.396952070999999762e+01,-1.956787219399999955e+01
3.671831831800000057e+00,-3.775004221100000024e+01,-5.762743957600000044e+01,-3.398092968200000286e+01,-5.650425624199999675e+01,-1.925040864099999993e+01
3.691841841800000079e+00,-3.744354889400000275e+01,-5.918558353299999908e+01,-3.387568477300000325e+01,-6.420355625800000610e+01,-1.907643818900000099e+01
3.711851851900000110e+00,-3.711673004800000086e+01,-5.759385064399999976e+01,-3.508227019699999971e+01,-6.237459989599999943e+01,-1.890263849700000165e+01
3.731861861900000132e+00,-3.688010526200000072e+01,-5.589680854800000276e+01,-3.570666650599999770e+01,-6.490165248799999631e+01,-1.890037160400000005e+01
3.751871871900000155e+00,-3.675689441600000151e+01,-5.383625478399999764e+01,-3.630477041599999666e+01,-8.138479776799999854e+01,-1.888241944399999994e+01
3.771881881900000177e+00,-3.557501185699999979e+01,-6.405080638200000465e+01,-3.641407410200000072e+01,-6.009332685700000098e+01,-1.880184616400000053e+01
3.791891891900000200e+00,-3.540129864699999729e+01,-5.351413051200000126e+01,-3.584251623899999828e+01,-5.789077272000000107e+01,-1.890277272499999839e+01
3.811901901900000222e+00,-3.465147742100000272e+01,-5.896993229099999922e+01,-3.528832158899999882e+01,-5.968712021200000351e+01,-1.907335233699999932e+01
3.831911911900000245e+00,-3.476885756600000121e+01,-5.077770074000000022e+01,-3.491249483699999701e+01,-6.847096920200000625e+01,-1.911598695400000025e+01
3.851921921900000267e+00,-3.411921269599999818e+01,-5.658994127900000137e+01,-3.489408904999999805e+01,-5.673342277900000141e+01,-1.911235154299999905e+01
3.871931931900000290e+00,-3.411092961599999995e+01,-5.546692828599999814e+01,-3.401693550499999930e+01,-5.584022114599999753e+01,-1.931689649699999833e+01
3.891941941900000312e+00,-3.442409826099999748e+01,-6.485383816399999546e+01,-3.403113265100000007e+01,-5.926317713899999973e+01,-1.933215797700000138e+01
3.911951951999999899e+00,-3.415700791999999808e+01,-7.065121987499999534e+01,-3.414101996099999781e+01,-6.318723784899999885e+01,-1.938890229100000084e+01
3.931961961999999922e+00,-3.394405252399999995e+01,-5.903709604699999858e+01,-3.372268650400000212e+01,-6.240448434000000333e+01,-1.956864137299999840e+01
3.951971971999999944e+00,-3.462388604800000280e+01,-5.641368156800000122e+01,-3.410385384100000294e+01,-5.981236824300000166e+01,-1.973297687399999845e+01
3.971981981999999967e+00,-3.436626028399999910e+01,-6.018647255399999807e+01,-3.391062331700000243e+01,-6.046362754500000136e+01,-1.989558980199999993e+01
3.991991991999999989e+00,-3.469303276299999794e+01,-4.973290194399999820e+01,-3.290867497699999689e+01,-6.033006049699999807e+01,-2.012327249799999862e+01
4.012002002000000012e+00,-3.538560868500000112e+01,-5.030149788399999977e+01,-3.283393280899999667e+01,-5.823047518700000325e+01,-2.017684929500000024e+01
4.032012012000000034e+00,-3.516403978099999961e+01,-5.614621848299999840e+01,-3.249631679200000178e+01,-6.598077025999999989e+01,-2.039671838099999945e+01
4.052022022000000057e+00,-3.570023473599999875e+01,-5.521083458999999749e+01,-3.247458523299999911e+01,-5.955721741600000030e+01,-2.065687786999999886e+01
4.072032032000000079e+00,-3.716975318099999726e+01,-5.308859149100000252e+01,-3.192062517200000116e+01,-5.983650825000000140e+01,-2.092121081799999871e+01
4.092042042000000102e+00,-3.682575324599999789e+01,-4.928965382500000203e+01,-3.199980239900000001e+01,-5.793474541700000202e+01,-2.129601099099999928e+01
4.112052052100000132e+00,-3.736296316600000011e+01,-5.069655382199999849e+01,-3.227444349799999657e+01,-6.239536125299999725e+01,-2.167250868700000055e+01
4.132062062100000155e+00,-3.768322043199999882e+01,-4.715675100299999656e+01,-3.243940747799999968e+01,-5.350027413400000142e+01,-2.198541189699999876e+01
4.152072072100000177e+00,-3.979574122100000011e+01,-5.324352526799999907e+01,-3.277483318200000184e+01,-5.464635968399999655e+01,-2.242680430700000116e+01
4.172082082100000200e+00,-4.055068993700000135e+01,-5.963908440899999874e+01,-3.175559897000000120e+01,-6.046351587699999897e+01,-2.264154993900000079e+01
4.192092092100000222e+00,-4.079305019800000309e+01,-4.959048253999999645e+01,-3.169106352300000040e+01,-5.775468079299999857e+01,-2.328288010500000027e+01
4.212102102100000245e+00,-4.275865928900000057e+01,-5.006076215800000284e+01,-3.194089730600000010e+01,-6.072246583399999764e+01,-2.391844341799999896e+01
4.232112112100000267e+00,-4.159340102800000238e+01,-5.556467587600000257e+01,-3.284769038499999994e+01,-5.592702616999999776e+01,-2.447279022600000076e+01
4.252122122100000290e+00,-4.411506376900000248e+01,-5.747365856799999762e+01,-3.241093786399999743e+01,-5.467833269999999857e+01,-2.510687310899999858e+01
4.272132132100000312e+00,-4.431243651399999806e+01,-5.601783440199999831e+01,-3.201709113999999801e+01,-5.680131148499999938e+01,-2.564849065299999964e+01
4.292142142100000335e+00,-4.489474488999999835e+01,-4.911312927800000239e+01,-3.214279734200000149e+01,-6.404774275299999431e+01,-2.655412726400000167e+01
4.312152152199999477e+00,-4.552013449100000031e+01,-5.306286432499999961e+01,-3.302066019800000163e+01,-5.668682520099999778e+01,-2.752302445400000153e+01
4.332162162199999500e+00,-4.623169940199999672e+01,-5.054017806699999937e+01,-3.282112285299999854e+01,-5.596911271500000140e+01,-2.810865067099999948e+01
4.352172172199999522e+00,-4.662668022900000153e+01,-6.440386375900000360e+01,-3.321859462799999818e+01,-6.057868372699999782e+01,-2.880937051100000090e+01
4.372182182199999545e+00,-5.014962908399999719e+01,-5.987610989499999903e+01,-3.369654824399999882e+01,-6.064423571999999751e+01,-2.907868775000000028e+01
4.392192192199999567e+00,-4.634061738599999813e+01,-5.910053867599999933e+01,-3.378413730599999809e+01,-7.114343438299999889e+01,-2.944592974700000099e+01
4.412202202199999590e+00,-4.631193792599999881e+01,-5.273500299900000243e+01,-3.394671523699999938e+01,-6.035046154999999857e+01,-3.025016906500000147e+01
4.432212212199999612e+00,-4.878533342000000061e+01,-5.333982232599999662e+01,-3.401900301100000235e+01,-5.626460325000000040e+01,-3.004803445800000006e+01
4.452222222199999635e+00,-4.778927345799999671e+01,-5.326881574200000102e+01,-3.371899730599999856e+01,-5.517203209000000186e+01,-2.972639804399999974e+01
4.472232232199999657e+00,-4.553994969000000026e+01,-5.320110760200000044e+01,-3.342285418600000213e+01,-5.355885826699999797e+01,-2.863997417699999914e+01
4.492242242199999680e+00,-4.484825993199999772e+01,-5.724691425200000339e+01,-3.367907924499999694e+01,-6.392449624700000044e+01,-2.798409747799999892e+01
4.512252252300000599e+00,-4.302879767000000300e+01,-5.542889112799999651e+01,-3.439864919099999696e+01,-5.862369576799999749e+01,-2.697936510699999957e+01
4.532262262300000621e+00,-4.144142402100000311e+01,-5.161739514899999648e+01,-3.491160299199999884e+01,-6.009522157600000014e+01,-2.615486667000000054e+01
4.552272272299999756e+00,-4.154065917100000149e+01,-6.521385227599999723e+01,-3.444221463800000294e+01,-6.168934426300000240e+01,-2.519419106200000158e+01
4.572282282299999778e+00,-4.102966688299999731e+01,-5.439307941799999924e+01,-3.508936435599999726e+01,-5.708482756600000130e+01,-2.483441278600000146e+01
4.592292292299999801e+00,-4.317212011600000210e+01,-5.797131367600000118e+01,-3.570582255899999780e+01,-5.795760236299999946e+01,-2.401230821500000090e+01
4.612302302299999823e+00,-4.163303894799999938e+01,-5.917486769100000288e+01,-3.473943284199999937e+01,-6.276105068599999726e+01,-2.356997577699999979e+01
4.632312312299999846e+00,-4.106357643100000132e+01,-5.227653302000000224e+01,-3.581037061699999668e+01,-5.874787358199999687e+01,-2.312209071499999880e+01
4.652322322299999868e+00,-4.023862613400000043e+01,-5.359416683500000289e+01,-3.519150574100000028e+01,-6.420908600100000285e+01,-2.267006163799999996e+01
4.672332332299999891e+00,-3.968232802299999662e+01,-5.468903645900000043e+01,-3.513320278399999808e+01,-6.275142102099999875e+01,-2.258526810400000073e+01
4.692342342299999913e+00,-3.940053933099999739e+01,-4.807278086099999825e+01,-3.489932420400000268e+01,-6.474078759299999319e+01,-2.214208857499999894e+01
4.712352352399999944e+00,-3.951321008099999688e+01,-5.457200678200000254e+01,-3.476451788899999684e+01,-6.289922341300000141e+01,-2.195568457999999978e+01
4.732362362399999967e+00,-3.987577139700000117e+01,-5.410065907100000260e+01,-3.588946508699999782e+01,-5.671201100599999734e+01,-2.182873163000000005e+01
4.752372372399999989e+00,-3.943505666600000126e+01,-5.630119563099999880e+01,-3.665280844800000182e+01,-6.148831102599999809e+01,-2.182084349599999840e+01
4.772382382400000012e+00,-3.887186040600000325e+01,-4.969378176800000091e+01,-3.570124978399999804e+01,-6.307507157500000261e+01,-2.180808112300000090e+01
4.792392392400000034e+00,-3.962275162899999970e+01,-5.054217542199999968e+01,-3.452064044800000175e+01,-5.196280874100000347e+01,-2.180893432599999926e+01
4.812402402400000057e+00,-3.975623651000000081e+01,-5.517868428199999897e+01,-3.471287372300000129e+01,-5.798011246899999804e+01,-2.164972758500000083e+01
4.832412412399999191e+00,-3.868258948100000083e+01,-5.170027820800000029e+01,-3.496216078199999799e+01,-5.520681574599999664e+01,-2.147350432200000014e+01
4.852422422399999213e+00,-4.113646768600000314e+01,-6.244710959999999744e+01,-3.547063772700000328e+01,-6.171646819499999737e+01,-2.122683759399999914e+01
4.872432432399999236e+00,-4.000224603400000234e+01,-5.500769669099999959e+01,-3.416524897899999758e+01,-6.117560138900000055e+01,-2.113126071699999997e+01
4.892442442399999258e+00,-4.096094790000000074e+01,-5.486350447200000247e+01,-3.307204720200000025e+01,-5.545401374899999780e+01,-2.088584909200000084e+01
4.912452452500000177e+00,-4.377454193199999821e+01,-4.824011496300000346e+01,-3.280460970000000032e+01,-5.328459774899999957e+01,-2.059113175499999926e+01
4.932462462500000200e+00,-4.144628201900000164e+01,-5.295386629600000106e+01,-3.327250003999999706e+01,-5.401402050600000138e+01,-2.053958484800000051e+01
4.952472472500000222e+00,-3.956858620500000256e+01,-5.922199231599999791e+01,-3.315038069700000278e+01,-5.641371856399999984e+01,-2.025455075500000035e+01
4.972482482500000245e+00,-4.090107683600000144e+01,-5.064153100000000052e+01,-3.264577572099999969e+01,-5.854557545699999821e+01,-2.010710758600000148e+01
4.992492492500000267e+00,-4.001484134799999737e+01,-5.519892491400000267e+01,-3.147874657899999917e+01,-5.847662509700000300e+01,-2.006686961400000158e+01
5.012502502500000290e+00,-3.953836301799999831e+01,-5.296696681200000256e+01,-3.142674170300000114e+01,-5.284347570300000285e+01,-2.018819999800000176e+01
5.032512512500000312e+00,-4.009796768399999678e+01,-5.219507442399999775e+01,-3.126334405700000119e+01,-5.755895562199999915e+01,-2.023618774299999856e+01
5.052522522500000335e+00,-3.957470975700000082e+01,-5.198932158400000247e+01,-3.060370034399999994e+01,-5.939662205500000169e+01,-2.041299584700000125e+01
5.072532532500000357e+00,-3.980969217100000179e+01,-4.562679540900000319e+01,-3.028546408900000131e+01,-5.681624953499999719e+01,-2.055814201200000113e+01
5.092542542500000380e+00,-4.049315828499999981e+01,-4.662050881100000055e+01,-2.936264834500000021e+01,-6.968225880599999300e+01,-2.089231226500000105e+01
5.112552552600000411e+00,-4.018222115100000025e+01,-4.487156290400000103e+01,-2.929981950299999838e+01,-5.954017031699999762e+01,-2.147714853600000140e+01
5.132562562600000433e+00,-4.040245136499999745e+01,-4.596268472700000274e+01,-2.856481071099999980e+01,-5.744097050599999932e+01,-2.203152014200000153e+01
5.152572572600000456e+00,-4.134173190199999937e+01,-4.458809621300000003e+01,-2.853925994400000121e+01,-5.422694166800000204e+01,-2.249828441800000078e+01
5.172582582600000478e+00,-4.010430409599999990e+01,-4.365090600900000339e+01,-2.803541727200000011e+01,-5.973478632399999810e+01,-2.351134712900000068e+01
5.192592592600000501e+00,-3.870241718100000128e+01,-4.111308118800000244e+01,-2.796146999899999841e+01,-6.926063052000000653e+01,-2.437808991700000050e+01
5.212602602600000523e+00,-3.870662119299999659e+01,-4.115740664199999799e+01,-2.710104895899999988e+01,-6.156996943800000111e+01,-2.530527316699999929e+01
5.232612612600000546e+00,-4.063518284799999947e+01,-4.143899944399999669e+01,-2.754869675799999840e+01,-5.703819921400000226e+01,-2.654873921200000098e+01
5.252622622600000568e+00,-4.191800493899999935e+01,-4.056163315900000299e+01,-2.685777150799999902e+01,-5.548891453400000273e+01,-2.778926620700000072e+01
5.272632632600000591e+00,-4.344240855799999679e+01,-4.381993245799999670e+01,-2.703082940899999898e+01,-5.089947948900000085e+01,-2.848913690699999890e+01
5.292642642600000613e+00,-4.309127648300000146e+01,-3.981687798899999819e+01,-2.672163766399999929e+01,-5.344358462699999990e+01,-2.982194422999999972e+01
5.312652652699999756e+00,-4.449644245799999709e+01,-4.143752685100000122e+01,-2.681584498799999849e+01,-5.536487058099999814e+01,-3.087103460299999824e+01
5.332662662699999778e+00,-4.538218369500000193e+01,-4.296534510000000040e+01,-2.665666891200000066e+01,-5.439542601699999835e+01,-3.121191087100000061e+01
5.352672672699999801e+00,-4.455218487100000146e+01,-4.036248989900000339e+01,-2.641230557300000115e+01,-5.917137472600000336e+01,-3.149953514099999907e+01
5.372682682699999823e+00,-4.604248650299999923e+01,-4.339981154899999893e+01,-2.621875190300000114e+01,-5.102068700699999937e+01,-3.225585199500000044e+01
5.392692692699999846e+00,-4.462320728699999961e+01,-4.438953433700000062e+01,-2.600935043799999846e+01,-5.677764948699999792e+01,-3.273393252099999984e+01
5.412702702699999868e+00,-5.629492034799999800e+01,-4.296349440400000219e+01,-2.590460696099999893e+01,-5.432580766499999925e+01,-3.264849599899999788e+01
5.432712712699999891e+00,-5.743350961899999874e+01,-5.184929060700000036e+01,-2.551186174000000051e+01,-4.849473737499999970e+01,-3.172945476299999967e+01
5.452722722699999913e+00,-5.060512272399999745e+01,-5.074807568899999666e+01,-2.510027254199999902e+01,-5.703321981100000215e+01,-3.083453630800000056e+01
5.472732732699999936e+00,-5.111459879600000278e+01,-4.914665065999999882e+01,-2.526828656300000020e+01,-4.979880318400000050e+01,-3.062540252499999838e+01
5.492742742699999958e+00,-5.079464878000000283e+01,-4.735407085899999657e+01,-2.534427231100000100e+01,-5.210451461200000267e+01,-3.159615755400000126e+01
5.512752752799999989e+00,-5.109739768499999713e+01,-4.679427997900000236e+01,-2.527315423699999997e+01,-5.764344268800000037e+01,-2.966546285900000157e+01
5.532762762800000012e+00,-7.066985572400000137e+01,-4.544735269299999914e+01,-2.534947341599999859e+01,-5.776350402700000330e+01,-2.983157527899999906e+01
5.552772772800000034e+00,-5.063115667900000005e+01,-4.761807454499999892e+01,-2.538342783499999911e+01,-6.007992949399999816e+01,-2.905116453300000146e+01
5.572782782800000057e+00,-5.151344034600000299e+01,-4.683434162700000059e+01,-2.529082930799999929e+01,-7.061483465599999931e+01,-2.881844964700000133e+01
5.592792792800000079e+00,-4.746911356900000101e+01,-4.664177045499999963e+01,-2.544323364199999915e+01,-6.555671969399999455e+01,-2.763939420299999838e+01
5.612802802800000102e+00,-4.754241743800000108e+01,-4.278837930800000322e+01,-2.591170466299999831e+01,-4.972015133299999690e+01,-2.701030608900000018e+01
5.632812812800000124e+00,-4.839526693700000237e+01,-4.347449449799999854e+01,-2.593927890200000164e+01,-5.755659963699999793e+01,-2.684436408199999846e+01
5.652822822800000147e+00,-4.740936673000000212e+01,-4.164847940199999954e+01,-2.572555033800000146e+01,-5.252656846600000051e+01,-2.629185253200000005e+01
5.672832832800000169e+00,-4.957867367200000075e+01,-4.091866385499999836e+01,-2.620126637899999977e+01,-5.595543049399999802e+01,-2.617820773800000111e+01
5.692842842800000192e+00,-4.465982393800000239e+01,-4.091697995799999887e+01,-2.623213145600000118e+01,-6.780602079300000185e+01,-2.601365153200000080e+01
5.712852852899999334e+00,-4.790034638499999886e+01,-4.223567883199999784e+01,-2.660099747299999962e+01,-6.028346893900000225e+01,-2.625767934299999951e+01
5.732862862899999357e+00,-4.785627488800000151e+01,-4.138487064800000326e+01,-2.758386267999999930e+01,-5.288061783799999915e+01,-2.576493166699999904e+01
5.752872872899999379e+00,-4.533026480000000191e+01,-4.302181196499999771e+01,-2.800213946999999948e+01,-5.389449795899999884e+01,-2.572606799800000132e+01
5.772882882899999402e+00,-4.797974472899999654e+01,-4.058841421900000057e+01,-2.844011389499999964e+01,-5.437705037199999936e+01,-2.587179979400000107e+01
5.792892892899999424e+00,-4.565952739200000110e+01,-3.896753349499999786e+01,-2.857397784799999840e+01,-5.753768097799999737e+01,-2.554026802799999984e+01
5.812902902899999447e+00,-4.529785560700000246e+01,-4.004862632399999711e+01,-2.938523707999999957e+01,-6.692968904599999291e+01,-2.565041084900000001e+01
5.832912912899999469e+00,-5.415862122299999726e+01,-3.913441209399999821e+01,-3.019753770799999870e+01,-5.482112735399999792e+01,-2.572783427399999923e+01
5.852922922899999492e+00,-4.940400991300000300e+01,-3.896707661300000325e+01,-3.166493252400000102e+01,-5.186913940800000233e+01,-2.581051885000000112e+01
5.872932932899999514e+00,-4.707119555500000274e+01,-3.654307653000000045e+01,-3.295135594900000342e+01,-5.596449692099999851e+01,-2.566069808700000010e+01
5.892942942899999537e+00,-4.656982604800000303e+01,-3.759388939499999793e+01,-3.431721256600000203e+01,-5.687109158599999859e+01,-2.572906423399999909e+01
5.912952952999999567e+00,-4.253580589199999906e+01,-3.834898900799999666e+01,-3.624469333900000123e+01,-5.914677466999999922e+01,-2.579504814599999918e+01
5.932962962999999590e+00,-4.755508092699999878e+01,-3.821177827100000002e+01,-3.754375805200000116e+01,-5.263031176999999872e+01,-2.586095942900000111e+01
5.952972972999999612e+00,-4.161615852500000301e+01,-3.783761627500000202e+01,-3.867730389399999780e+01,-5.269719665600000269e+01,-2.623671091499999974e+01
5.972982982999999635e+00,-4.496811179699999883e+01,-3.784193629699999661e+01,-4.083188071299999677e+01,-5.453873333399999979e+01,-2.640416678800000128e+01
5.992992992999999657e+00,-4.435861807399999890e+01,-3.777229606000000217e+01,-4.246071019800000101e+01,-5.781243509899999822e+01,-2.620594196800000120e+01
6.013003002999999680e+00,-4.769957560099999938e+01,-3.698144607700000108e+01,-3.984950507599999980e+01,-5.723422173499999843e+01,-2.579732839100000064e+01
6.033013012999999702e+00,-4.192504862199999849e+01,-3.532662215700000274e+01,-3.999664715400000148e+01,-5.563303463900000168e+01,-2.583706655199999958e+01
6.053023022999999725e+00,-5.094742343699999765e+01,-3.637163262600000024e+01,-3.989696586899999886e+01,-5.853205115699999794e+01,-2.553213347000000155e+01
6.073033032999999747e+00,-4.750350249600000296e+01,-3.742824710099999663e+01,-4.216763360699999907e+01,-5.382515996600000108e+01,-2.505665482799999921e+01
6.093043042999999770e+00,-4.483005641900000171e+01,-3.537251375700000011e+01,-4.222498756600000291e+01,-4.979007357900000130e+01,-2.437176051899999862e+01
6.113053053100000689e+00,-4.496791091600000101e+01,-3.519764478999999824e+01,-3.979226469400000354e+01,-5.058425422300000207e+01,-2.375777842100000115e+01
6.133063063100000711e+00,-4.360046861200000023e+01,-3.636223227499999666e+01,-4.297522432299999906e+01,-4.953902867000000043e+01,-2.342311087099999867e+01
6.153073073100000734e+00,-4.051113066199999935e+01,-3.520781746200000129e+01,-4.187556511500000056e+01,-4.909142354099999750e+01,-2.296994959099999889e+01
6.173083083100000756e+00,-4.182071869699999667e+01,-3.504058091699999977e+01,-3.947938474899999761e+01,-5.406845973800000138e+01,-2.226542589900000024e+01
6.193093093100000779e+00,-4.033817311300000341e+01,-3.351475777699999981e+01,-3.966291472599999679e+01,-6.138227464700000269e+01,-2.182130390000000020e+01
6.213103103100000801e+00,-3.909836703100000221e+01,-3.357176563600000208e+01,-3.863581281199999751e+01,-4.774754655800000336e+01,-2.141808878699999852e+01
6.233113113100000824e+00,-4.363979934099999980e+01,-3.316954447500000214e+01,-3.964501517299999733e+01,-5.180798979200000076e+01,-2.084784786499999854e+01
6.253123123099999958e+00,-3.762883543000000230e+01,-3.379321098199999795e+01,-3.845157711000000234e+01,-5.156044248300000277e+01,-2.076282562700000156e+01
6.273133133099999981e+00,-4.035717423999999909e+01,-3.190814111599999947e+01,-3.699314078300000119e+01,-4.827856630699999840e+01,-2.040433387999999937e+01
6.293143143100000003e+00,-4.048802267899999663e+01,-3.317478153799999774e+01,-3.774459055300000188e+01,-6.492182867500000043e+01,-2.044099754799999857e+01
6.313153153200000034e+00,-3.918699871900000176e+01,-3.171992879100000096e+01,-3.779062013899999783e+01,-5.099845359300000069e+01,-2.046879909500000139e+01
6.333163163200000056e+00,-4.629547094499999815e+01,-3.245827748899999676e+01,-3.643788127399999865e+01,-5.724426430900000184e+01,-2.056895189800000168e+01
6.353173173200000079e+00,-4.064295481700000323e+01,-3.223197276300000169e+01,-3.748324906300000237e+01,-5.889623323200000016e+01,-2.073597750300000087e+01
6.373183183200000101e+00,-4.037109135000000038e+01,-3.136705545999999956e+01,-3.717088180599999703e+01,-8.026471764500000461e+01,-2.083181803000000087e+01
6.393193193200000124e+00,-4.248380607200000014e+01,-3.066407673599999839e+01,-3.727225846999999703e+01,-5.590178929000000352e+01,-2.108597660299999887e+01
6.413203203200000146e+00,-4.661531121099999808e+01,-3.086988175999999839e+01,-3.759217493300000257e+01,-5.314232931699999796e+01,-2.095806744400000099e+01
6.433213213200000169e+00,-4.551410630000000168e+01,-3.032214356600000116e+01,-3.635921462499999990e+01,-5.239149540199999677e+01,-2.097990688899999867e+01
6.453223223200000191e+00,-4.359806534999999883e+01,-3.059789325399999882e+01,-3.630444825000000009e+01,-5.287613571100000343e+01,-2.087662582200000116e+01
6.473233233200000214e+00,-4.417400994900000200e+01,-2.990519727899999936e+01,-3.727261362800000200e+01,-5.468698086999999930e+01,-2.080682962199999864e+01
6.493243243200000236e+00,-4.419020928900000200e+01,-3.015741639799999874e+01,-3.837467717100000186e+01,-5.286767187099999887e+01,-2.062057533300000145e+01
6.513253253300000267e+00,-4.167879761199999678e+01,-2.944375029200000071e+01,-3.799425766600000287e+01,-4.729951478499999951e+01,-2.067548357200000098e+01
6.533263263300000290e+00,-4.349070065499999771e+01,-2.975597736199999943e+01,-3.961111692400000095e+01,-5.057882919000000044e+01,-2.054349018699999974e+01
6.553273273300000312e+00,-4.300395489400000315e+01,-3.040468672100000092e+01,-3.815220895099999865e+01,-5.116726327800000007e+01,-2.034602570299999869e+01
6.573283283300000335e+00,-4.170443074300000319e+01,-2.934907870500000016e+01,-3.756462941499999886e+01,-4.941147954899999917e+01,-2.026768762200000040e+01
6.593293293300000357e+00,-4.250310864899999785e+01,-2.926698569599999900e+01,-3.776963667799999769e+01,-4.769519517100000172e+01,-2.019056430599999885e+01
6.613303303300000380e+00,-3.900580423200000268e+01,-2.972837883200000064e+01,-3.766088745399999738e+01,-4.626005212900000174e+01,-2.025438767099999993e+01
6.633313313300000402e+00,-4.060244604300000049e+01,-2.983772688499999859e+01,-3.682957193600000068e+01,-4.863958402000000092e+01,-2.046072098699999842e+01
6.653323323300000425e+00,-3.807064832100000018e+01,-2.931994689400000098e+01,-3.469559307200000120e+01,-5.290350416500000108e+01,-2.074428091000000052e+01
6.673333333300000447e+00,-3.854266144700000041e+01,-2.975721569999999971e+01,-3.501754582099999880e+01,-5.341210636600000328e+01,-2.059131657700000062e+01
6.693343343300000470e+00,-3.894478149199999706e+01,-2.982479971900000137e+01,-3.340641526999999655e+01,-5.296956067899999709e+01,-2.094888540399999854e+01
6.713353353399999612e+00,-3.939099024400000104e+01,-2.962721154799999823e+01,-3.320551257099999987e+01,-4.921655289099999919e+01,-2.121545280400000166e+01
6.733363363399999635e+00,-3.906591030399999909e+01,-3.010861252899999840e+01,-3.320207273500000156e+01,-5.733861658800000072e+01,-2.146708827000000142e+01
6.753373373399999657e+00,-4.061322771100000040e+01,-3.052589081300000018e+01,-3.263699835799999960e+01,-4.721853363000000314e+01,-2.171803120199999881e+01
6.773383383399999680e+00,-3.914135594500000082e+01,-3.073439977099999965e+01,-3.117252453200000062e+01,-6.822320671699999650e+01,-2.187662081399999892e+01
6.793393393399999702e+00,-3.950862772299999648e+01,-3.083055650400000047e+01,-3.049124023399999928e+01,-5.107910421900000131e+01,-2.201019025600000134e+01
6.813403403399999725e+00,-4.059431949399999695e+01,-3.035811012799999986e+01,-3.023830388000000013e+01,-5.141449603800000290e+01,-2.244220717099999973e+01
6.833413413399999747e+00,-3.949571464099999929e+01,-3.128649932300000103e+01,-3.011620084700000177e+01,-5.056706073299999815e+01,-2.302301305199999959e+01
6.853423423399999770e+00,-4.054855296899999928e+01,-3.112955762500000034e+01,-2.975829188899999878e+01,-4.832564668999999924e+01,-2.367322516100000129e+01
6.873433433399999792e+00,-4.038287428600000339e+01,-3.025072112300000171e+01,-2.957652068100000164e+01,-4.839640779300000162e+01,-2.399198671099999913e+01
6.893443443399999815e+00,-3.960702700299999890e+01,-3.108181759500000041e+01,-2.932657037199999905e+01,-5.221010434600000139e+01,-2.408152991800000109e+01
6.913453453499999846e+00,-4.059732575700000012e+01,-3.009624739099999857e+01,-2.960899870400000111e+01,-5.203186569399999684e+01,-2.489147862300000114e+01
6.933463463499999868e+00,-3.765406603099999927e+01,-2.999595191499999913e+01,-2.905716904999999883e+01,-5.067843047600000261e+01,-2.544034288799999999e+01
6.953473473499999891e+00,-3.938535440900000140e+01,-2.909800925000000049e+01,-2.899678674200000117e+01,-4.603032835300000158e+01,-2.601715896900000047e+01
6.973483483499999913e+00,-3.673219686499999881e+01,-2.862390567299999944e+01,-2.848403860399999843e+01,-4.874134405200000231e+01,-2.625670161500000077e+01
6.993493493499999936e+00,-3.723994033799999670e+01,-2.869795580099999910e+01,-2.853805342600000117e+01,-4.457103890300000160e+01,-2.650408121199999911e+01
7.013503503499999958e+00,-3.593226960500000189e+01,-2.821753482900000165e+01,-2.836308184800000021e+01,-4.331439716500000259e+01,-2.706142046300000104e+01
7.033513513499999981e+00,-3.716805099900000187e+01,-2.797351470499999948e+01,-2.766538077399999906e+01,-4.494197354199999950e+01,-2.730944729799999848e+01
7.053523523500000003e+00,-3.669591807500000158e+01,-2.814771148000000167e+01,-2.818743502499999920e+01,-4.315982920199999739e+01,-2.689778716700000061e+01
7.073533533500000026e+00,-3.625093757399999816e+01,-2.772532839300000163e+01,-2.791016086300000154e+01,-4.495328116499999993e+01,-2.693483734999999868e+01
7.093543543500000048e+00,-3.518478652499999981e+01,-2.816860242699999972e+01,-2.816136778399999940e+01,-4.221229039199999988e+01,-2.710842678399999883e+01
7.113553553600000079e+00,-3.601361318800000078e+01,-2.839705205399999954e+01,-2.753449119700000125e+01,-4.981171581000000259e+01,-2.675689806200000120e+01
7.133563563600000101e+00,-3.456007601999999679e+01,-2.810160856199999913e+01,-2.816829599200000089e+01,-4.167326723899999763e+01,-2.645711726900000116e+01
7.153573573600000124e+00,-3.704293128300000149e+01,-2.909491284799999988e+01,-2.841043913800000098e+01,-4.080083920999999947e+01,-2.611976272200000082e+01
7.173583583600000146e+00,-3.738808619499999963e+01,-2.912265409899999824e+01,-2.911299974499999976e+01,-4.132581538699999868e+01,-2.629134121199999896e+01
7.193593593600000169e+00,-3.664512175699999830e+01,-2.918803259999999966e+01,-2.874226542699999953e+01,-3.962943097299999806e+01,-2.584219438199999885e+01
7.213603603600000191e+00,-3.668190943100000112e+01,-2.968278149500000040e+01,-2.876528590499999893e+01,-3.793262109599999832e+01,-2.549259872500000057e+01
7.233613613600000214e+00,-3.649020537900000249e+01,-2.935421883300000090e+01,-2.841935405799999970e+01,-4.121566060600000014e+01,-2.567176767200000143e+01
7.253623623600000236e+00,-3.850026473399999816e+01,-2.992652925100000161e+01,-2.776238458699999967e+01,-3.905153683500000028e+01,-2.538646321899999947e+01
7.273633633600000259e+00,-3.763885711900000075e+01,-2.981522131999999914e+01,-2.840639837399999834e+01,-3.740237713900000216e+01,-2.563563627799999978e+01
7.293643643600000281e+00,-3.815760529800000000e+01,-2.963472745600000025e+01,-2.789899856299999925e+01,-3.993987930800000186e+01,-2.588073397699999845e+01
7.313653653699999424e+00,-3.755167398999999762e+01,-2.943459262100000018e+01,-2.744199836700000006e+01,-3.777324243099999990e+01,-2.576533043299999903e+01
7.333663663699999447e+00,-3.867283575700000142e+01,-2.905687965199999923e+01,-2.680972350800000115e+01,-3.794801247200000205e+01,-2.599180192300000058e+01
7.353673673699999469e+00,-4.029737088800000322e+01,-2.841319790200000028e+01,-2.671201069399999994e+01,-3.564711462000000353e+01,-2.578827682500000051e+01
7.373683683699999492e+00,-3.807168514199999976e+01,-2.906969190699999928e+01,-2.613183136399999995e+01,-3.609461599299999790e+01,-2.573296047299999856e+01
7.393693693699999514e+00,-3.855956205199999687e+01,-2.912741133600000154e+01,-2.617369648600000076e+01,-3.632511161699999747e+01,-2.577310449799999859e+01
7.413703703699999537e+00,-3.903895909199999892e+01,-2.941472589400000004e+01,-2.546179191499999916e+01,-3.672345316500000223e+01,-2.578512510199999852e+01
7.433713713699999559e+00,-4.129421617399999889e+01,-2.964732740899999897e+01,-2.544526766699999953e+01,-3.665461112300000224e+01,-2.609822043899999855e+01
7.453723723699999582e+00,-3.874712164299999984e+01,-2.948666339200000053e+01,-2.510013807300000011e+01,-3.575346994400000256e+01,-2.632995756700000101e+01
7.473733733699999604e+00,-4.182049889200000337e+01,-3.036966063199999866e+01,-2.501599655500000097e+01,-3.580320101400000254e+01,-2.638760363999999825e+01
7.493743743699999627e+00,-4.412003036099999775e+01,-2.974110922699999904e+01,-2.488842686699999973e+01,-3.659352170300000040e+01,-2.698950715599999839e+01
7.513753753800000545e+00,-4.247761056099999877e+01,-3.072520513299999934e+01,-2.475790951600000156e+01,-3.708696595600000023e+01,-2.769146836899999897e+01
7.533763763800000568e+00,-4.662253277800000006e+01,-3.090420870799999875e+01,-2.449885497300000026e+01,-3.611406746099999765e+01,-2.798520096800000090e+01
7.553773773800000590e+00,-4.554070232200000135e+01,-3.050061992299999858e+01,-2.438844976500000072e+01,-3.581064018899999724e+01,-2.914197693799999911e+01
7.573783783800000613e+00,-4.827196187399999872e+01,-3.129406311700000032e+01,-2.454023358099999896e+01,-3.581258884900000083e+01,-2.963048221700000084e+01
7.593793793799999747e+00,-4.611539890099999894e+01,-3.289450088600000299e+01,-2.422543596399999899e+01,-3.769947098000000096e+01,-3.034233858300000009e+01
7.613803803799999770e+00,-4.687933824299999941e+01,-3.345105668000000065e+01,-2.427665549399999989e+01,-3.683014422699999812e+01,-3.081462996300000157e+01
7.633813813799999792e+00,-4.932176267500000222e+01,-3.344425782599999764e+01,-2.449886896599999986e+01,-3.677637679800000114e+01,-3.262183100699999727e+01
7.653823823799999815e+00,-4.440011241700000255e+01,-3.385602478500000245e+01,-2.439788677600000000e+01,-3.633895779499999890e+01,-3.386200032499999679e+01
7.673833833799999837e+00,-4.706998081599999750e+01,-3.498394165399999878e+01,-2.461890854600000011e+01,-3.650666330899999679e+01,-3.476884083699999906e+01
7.693843843799999860e+00,-4.960064598600000352e+01,-3.552119998199999884e+01,-2.496533580099999838e+01,-3.829058800899999682e+01,-3.530177602900000267e+01
7.713853853899999891e+00,-6.137602143800000221e+01,-3.579981751799999756e+01,-2.493753331399999951e+01,-3.778911263199999837e+01,-3.891634147100000263e+01
7.733863863899999913e+00,-5.183261428499999823e+01,-3.717408194699999768e+01,-2.528719606900000016e+01,-3.685530030700000026e+01,-4.155101358699999992e+01
7.753873873899999936e+00,-5.510531883400000197e+01,-3.678082666200000261e+01,-2.534317390100000011e+01,-3.752616722199999799e+01,-4.249471611799999948e+01
7.773883883899999958e+00,-6.430385741199999927e+01,-4.014157404699999887e+01,-2.603555019299999884e+01,-3.704523160400000137e+01,-4.478835528300000135e+01
7.793893893899999981e+00,-5.587317317099999769e+01,-3.849826715599999716e+01,-2.600497115699999995e+01,-3.672192956199999969e+01,-5.628443684300000172e+01
7.813903903900000003e+00,-6.525245155300000022e+01,-3.987488107800000137e+01,-2.677001546700000034e+01,-3.681515565600000173e+01,-6.216618057200000180e+01
7.833913913900000026e+00,-5.220746221099999929e+01,-4.340957914599999867e+01,-2.693020121500000030e+01,-3.627877588700000189e+01,-4.712502407000000204e+01
7.853923923900000048e+00,-5.313174711399999950e+01,-4.740833443799999714e+01,-2.724040336699999898e+01,-3.901830080999999950e+01,-4.492054215099999936e+01
7.873933933899999182e+00,-6.653299214999999833e+01,-4.242670639600000015e+01,-2.831961543099999901e+01,-3.657817147299999760e+01,-4.263088924400000224e+01
7.893943943899999205e+00,-4.956976329999999820e+01,-4.515198855399999900e+01,-2.894912350799999956e+01,-3.779291186599999719e+01,-4.095939176899999978e+01
7.913953954000000124e+00,-4.886055811500000345e+01,-4.417712158399999822e+01,-2.881991016999999999e+01,-3.926176471200000151e+01,-3.627088275599999889e+01
7.933963964000000146e+00,-4.676127085499999936e+01,-5.053743556599999920e+01,-2.861453390200000158e+01,-4.109079305400000237e+01,-3.560388659099999842e+01
7.953973974000000169e+00,-4.747339330599999840e+01,-4.624840703299999944e+01,-2.970056543000000104e+01,-4.049111031300000008e+01,-3.415753860699999933e+01
7.973983984000000191e+00,-4.579215218200000237e+01,-5.449739398599999873e+01,-2.937295918499999914e+01,-4.044529541200000011e+01,-3.329924288499999818e+01
7.993993994000000214e+00,-4.338007622199999958e+01,-5.525704704000000334e+01,-2.933168621700000145e+01,-4.109499470899999807e+01,-3.285789958099999808e+01
8.014004004000000236e+00,-4.606482823200000354e+01,-4.592480869399999932e+01,-2.883531169899999824e+01,-4.289321730099999996e+01,-3.183914316099999908e+01
8.034014014000000259e+00,-4.475833379600000228e+01,-4.239965742700000106e+01,-2.898874520500000074e+01,-4.200125096400000047e+01,-3.135478967599999933e+01
8.054024024000000281e+00,-4.310999252900000300e+01,-4.815608355500000215e+01,-2.853681175899999900e+01,-4.280988903299999748e+01,-3.033762961000000047e+01
8.074034034000000304e+00,-4.740583965500000119e+01,-4.531008492000000132e+01,-2.859135677300000111e+01,-4.176969153200000306e+01,-2.958839087100000143e+01
8.094044044000000326e+00,-4.682359272400000094e+01,-4.307791821600000048e+01,-2.818092641100000151e+01,-4.334023901100000131e+01,-2.927818524499999953e+01
8.114054054100000357e+00,-4.873573383699999795e+01,-4.335578802799999920e+01,-2.751638041700000059e+01,-4.596324783800000091e+01,-2.817593382200000107e+01
8.134064064100000380e+00,-4.740507797600000117e+01,-4.192572967600000311e+01,-2.748548248599999866e+01,-4.516790510300000250e+01,-2.760939262899999846e+01
8.154074074100000402e+00,-4.615902811800000194e+01,-4.056239763600000003e+01,-2.744614596199999923e+01,-5.341968271100000010e+01,-2.715717298999999940e+01
8.174084084100000425e+00,-4.407298684599999916e+01,-4.037358774300000164e+01,-2.668648298999999824e+01,-5.492881280000000288e+01,-2.714222977600000064e+01
8.194094094100000447e+00,-4.127998347100000132e+01,-3.817805009799999993e+01,-2.626563888300000116e+01,-4.911249985700000309e+01,-2.693495214300000029e+01
8.214104104100000470e+00,-4.763154339700000151e+01,-4.055982044699999989e+01,-2.672268647699999988e+01,-5.884532518399999645e+01,-2.631089575200000041e+01
8.234114114100000492e+00,-4.397892556600000091e+01,-4.088166430300000087e+01,-2.656962841400000030e+01,-5.551636458699999821e+01,-2.663316897200000000e+01
8.254124124100000515e+00,-4.645741379399999715e+01,-4.376440436699999736e+01,-2.677795533300000130e+01,-4.729484552400000297e+01,-2.643256200100000086e+01
8.274134134100000537e+00,-4.506519840100000351e+01,-3.986780673799999875e+01,-2.666955888100000038e+01,-6.130543372099999999e+01,-2.620227700399999904e+01
8.294144144100000560e+00,-4.801588483500000137e+01,-3.729455707200000347e+01,-2.723037299099999942e+01,-5.684239123199999710e+01,-2.639634459099999830e+01
8.314154154200000590e+00,-5.147472770800000319e+01,-4.294082868899999994e+01,-2.813484729900000048e+01,-5.320516053800000122e+01,-2.633727107900000064e+01
8.334164164200000613e+00,-4.744454429500000003e+01,-4.604684913799999890e+01,-2.783621049399999947e+01,-4.955103816799999805e+01,-2.671145806799999889e+01
8.354174174200000635e+00,-4.800410359499999657e+01,-4.223441224500000146e+01,-2.857403133900000114e+01,-5.009216558399999997e+01,-2.734521199499999966e+01
8.374184184200000658e+00,-5.556249288400000097e+01,-5.047174301799999796e+01,-2.939917064400000157e+01,-5.942605145000000277e+01,-2.774820445099999944e+01
8.394194194200000680e+00,-5.758909894199999968e+01,-4.007838761400000038e+01,-3.094410536699999881e+01,-4.672059084200000001e+01,-2.803240490299999976e+01
8.414204204199998927e+00,-4.908899768100000216e+01,-4.436849482099999875e+01,-3.051034687399999967e+01,-5.581690677000000278e+01,-2.851976674999999872e+01
8.434214214199998949e+00,-5.490931071800000041e+01,-4.629653370700000181e+01,-3.131919551100000021e+01,-5.520143230200000062e+01,-2.869988208699999888e+01
8.454224224199998972e+00,-4.768646777099999667e+01,-4.165654006199999770e+01,-3.290570922900000284e+01,-5.162302471999999653e+01,-2.938109983100000022e+01
8.474234234199998994e+00,-4.487616944900000249e+01,-4.227471202600000311e+01,-3.403727670699999663e+01,-5.438847053700000345e+01,-2.953775772699999891e+01
8.494244244199999017e+00,-4.336738044300000183e+01,-4.192457920999999743e+01,-3.393123621600000206e+01,-4.890927716000000203e+01,-3.118988086399999915e+01
8.514254254300000824e+00,-4.619540136500000216e+01,-4.830018868999999881e+01,-3.545179710600000078e+01,-5.486328002799999837e+01,-3.059841526099999953e+01
8.534264264300000846e+00,-4.770937830399999768e+01,-4.604856600400000133e+01,-3.732941760700000344e+01,-6.002933047799999855e+01,-3.120534493899999973e+01
8.554274274300000869e+00,-4.754530294500000309e+01,-4.589949825600000111e+01,-3.573850361899999939e+01,-6.147540304200000350e+01,-3.118021399599999910e+01
8.574284284300000891e+00,-4.449404703799999794e+01,-4.596287636000000276e+01,-3.645311731900000041e+01,-5.684042570199999744e+01,-3.155569529199999934e+01
8.594294294299999137e+00,-4.453686546499999821e+01,-5.753337191300000342e+01,-3.759582666699999720e+01,-5.436441786299999990e+01,-3.162063471800000158e+01
8.614304304299999160e+00,-4.515804176999999697e+01,-5.228095288800000162e+01,-4.147413318099999913e+01,-4.718256670200000258e+01,-3.072822298599999868e+01
8.634314314299999182e+00,-4.750430405600000228e+01,-4.879775509600000305e+01,-3.824484538200000117e+01,-4.667328313499999837e+01,-3.039337994699999967e+01
8.654324324299999205e+00,-4.310372212200000064e+01,-4.970516729799999922e+01,-4.318829130000000305e+01,-5.465181672599999985e+01,-3.053171891799999926e+01
8.674334334299999227e+00,-4.060733170599999653e+01,-5.041187347599999669e+01,-4.687226287699999716e+01,-4.401060357400000100e+01,-3.022161674699999878e+01
8.694344344299999250e+00,-4.682956005399999810e+01,-5.214177552000000304e+01,-5.134309470000000175e+01,-4.871802878900000167e+01,-3.075572123999999974e+01
8.714354354399999281e+00,-4.301389601300000010e+01,-4.993178277799999876e+01,-6.032654250200000234e+01,-4.671284454900000327e+01,-2.986121682599999971e+01
8.734364364399999303e+00,-4.530480808099999734e+01,-4.833253630699999803e+01,-5.695117120199999761e+01,-4.868761345099999716e+01,-2.956784152399999854e+01
8.754374374399999326e+00,-4.382242277499999972e+01,-5.349600641199999984e+01,-4.452429932399999757e+01,-4.699736021599999702e+01,-3.065411378199999959e+01
8.774384384399999348e+00,-4.496854394500000041e+01,-5.480520640400000332e+01,-4.005276806199999839e+01,-5.239910047699999751e+01,-3.038367906199999879e+01
8.794394394399999371e+00,-4.180707701099999696e+01,-5.128941207300000116e+01,-3.760850754100000159e+01,-4.822711773799999690e+01,-3.168271881300000103e+01
8.814404404399999393e+00,-4.553983992300000239e+01,-4.729231232400000096e+01,-3.698148124600000131e+01,-4.669744237900000172e+01,-3.169016155599999962e+01
8.834414414399999416e+00,-4.248114957100000311e+01,-4.791334186600000322e+01,-3.509713566199999946e+01,-4.248252389799999662e+01,-3.180191540499999903e+01
8.854424424399999438e+00,-3.713070832900000084e+01,-4.183806964099999703e+01,-3.370745724399999688e+01,-4.282207946799999831e+01,-3.234333507299999866e+01
8.874434434399999461e+00,-4.193714786599999655e+01,-4.257263748399999770e+01,-3.328910153700000052e+01,-4.178109378700000320e+01,-3.248067779699999846e+01
8.894444444399999483e+00,-3.627964884800000078e+01,-4.223807250099999777e+01,-3.104481322399999854e+01,-4.336412029000000246e+01,-3.362391410299999706e+01
8.914454454499999514e+00,-3.817444173500000204e+01,-3.867362809400000145e+01,-3.131608776299999874e+01,-4.250842768199999711e+01,-3.556917984199999694e+01
8.934464464499999536e+00,-3.756870637499999788e+01,-3.767955951799999781e+01,-3.101545211599999874e+01,-4.140398859999999814e+01,-3.345681770699999902e+01
8.954474474499999559e+00,-3.788426734899999815e+01,-3.585218332200000191e+01,-2.954764345099999900e+01,-4.061818466199999733e+01,-3.464094164899999839e+01
8.974484484499999581e+00,-3.985041242999999866e+01,-3.542740665299999847e+01,-2.881676090199999862e+01,-4.150661661000000180e+01,-3.392914427899999907e+01
8.994494494499999604e+00,-3.988642916999999954e+01,-3.752468134200000094e+01,-2.836605897500000140e+01,-4.160358417199999792e+01,-3.466031365399999942e+01
9.014504504499999626e+00,-3.660322483600000254e+01,-3.941495386599999762e+01,-2.859343704000000130e+01,-4.073262833599999766e+01,-3.419173806700000284e+01
9.034514514499999649e+00,-3.658080887599999897e+01,-3.553361364799999933e+01,-2.791188600599999958e+01,-3.896933911699999697e+01,-3.545674591499999906e+01
9.054524524499999671e+00,-3.443574264099999738e+01,-3.406485654499999782e+01,-2.797128474799999864e+01,-4.009484404799999879e+01,-3.335611719900000338e+01
9.074534534499999694e+00,-3.454655029399999933e+01,-3.785365722499999919e+01,-2.809265448900000095e+01,-4.079566820699999852e+01,-3.530585425400000332e+01
9.094544544499999716e+00,-3.338015828199999646e+01,-3.496525572099999835e+01,-2.947769444100000058e+01,-4.046706984699999765e+01,-3.473061865599999720e+01
9.114554554599999747e+00,-3.594115577299999842e+01,-3.491350516300000351e+01,-2.885179317800000121e+01,-4.063217341200000021e+01,-3.330238366199999689e+01
9.134564564599999770e+00,-3.406920485999999926e+01,-3.599338310499999949e+01,-2.841977396700000114e+01,-3.980533598299999909e+01,-3.321850576500000329e+01
9.154574574599999792e+00,-3.537312193700000051e+01,-3.762326861399999700e+01,-2.957219869200000062e+01,-3.955176599600000031e+01,-3.103226391200000123e+01
9.174584584599999815e+00,-3.424550577000000118e+01,-3.953937298599999650e+01,-2.952054509699999940e+01,-3.966968565199999830e+01,-3.088729139100000154e+01
9.194594594599999837e+00,-3.299069353899999868e+01,-3.682771555099999716e+01,-2.888247727599999948e+01,-4.006405729000000093e+01,-3.060856553800000057e+01
9.214604604599999860e+00,-3.308598153199999814e+01,-3.775903182199999719e+01,-2.917419556500000155e+01,-3.874588020800000265e+01,-2.979384882700000148e+01
9.234614614599999882e+00,-3.466005726800000275e+01,-4.093010269100000187e+01,-2.897860173700000175e+01,-4.442187881800000326e+01,-2.859801864199999955e+01
9.254624624599999905e+00,-3.234799762099999754e+01,-3.669105405900000250e+01,-2.851424029200000021e+01,-4.690361071400000270e+01,-2.870782603900000041e+01
9.274634634599999927e+00,-3.239052780899999817e+01,-3.740708150399999710e+01,-2.952197626199999902e+01,-4.145106004899999874e+01,-2.853130660000000063e+01
9.294644644599999950e+00,-3.288388017100000127e+01,-4.037294847199999737e+01,-2.877441798099999914e+01,-4.423139026399999807e+01,-2.963088292999999851e+01
9.314654654699999980e+00,-3.410931967599999837e+01,-4.089425929400000115e+01,-2.870945580500000105e+01,-4.279666711899999854e+01,-2.794050315200000156e+01
9.334664664700000003e+00,-3.494891481500000197e+01,-3.883596110199999885e+01,-3.054040047899999877e+01,-4.431419284100000056e+01,-2.910056585499999926e+01
9.354674674700000025e+00,-3.456607639399999954e+01,-3.892524875499999837e+01,-2.973255213499999883e+01,-4.793509064799999919e+01,-2.953063879100000122e+01
9.374684684700000048e+00,-3.405846754200000248e+01,-4.837344545799999906e+01,-3.029466779599999882e+01,-4.387667009500000148e+01,-3.010422941399999885e+01
9.394694694700000070e+00,-3.550609570099999956e+01,-4.167825326100000183e+01,-3.128651028000000167e+01,-4.474220706900000266e+01,-2.952170989000000034e+01
9.414704704700000093e+00,-3.402380780099999669e+01,-4.368047545700000001e+01,-3.127023933499999941e+01,-4.572235471100000126e+01,-3.010972341800000152e+01
9.434714714700000115e+00,-3.400009269899999964e+01,-5.004180142700000289e+01,-3.235425178500000243e+01,-4.944570646500000066e+01,-2.974948552700000093e+01
9.454724724700000138e+00,-3.654019540400000210e+01,-3.742218612199999939e+01,-3.254025364400000342e+01,-4.454894044499999950e+01,-2.951914650100000159e+01
9.474734734700000161e+00,-3.763249442499999731e+01,-4.367459596100000141e+01,-3.432887419600000101e+01,-4.645138491699999861e+01,-3.050342377500000168e+01
9.494744744700000183e+00,-4.031084630299999816e+01,-4.895357227899999941e+01,-3.268525315099999773e+01,-5.039210945899999672e+01,-3.064945727699999978e+01
9.514754754799998437e+00,-3.866181279999999987e+01,-3.902872430000000037e+01,-3.508892061899999959e+01,-4.379210927199999759e+01,-2.961756976099999861e+01
9.534764764799998460e+00,-3.684731117999999839e+01,-4.597211150700000104e+01,-3.749385593899999947e+01,-5.449669021399999735e+01,-3.008130113800000061e+01
9.554774774799998482e+00,-4.535407746300000298e+01,-5.005110551799999996e+01,-3.537183864400000033e+01,-5.291972380699999690e+01,-2.970981262000000100e+01
9.574784784799998505e+00,-4.199627205699999877e+01,-4.167456736999999833e+01,-3.596758312000000046e+01,-5.060129849799999846e+01,-2.934205870599999955e+01
9.594794794799998527e+00,-4.475907183999999717e+01,-5.652340187000000071e+01,-3.817895911200000114e+01,-4.718621897500000273e+01,-3.047687833399999846e+01
9.614804804799998550e+00,-4.481001581900000019e+01,-4.302957305099999985e+01,-4.486439738800000043e+01,-4.741227752100000004e+01,-3.150615154600000167e+01
9.634814814799998572e+00,-4.940284329899999705e+01,-4.275596318299999865e+01,-4.086330965199999810e+01,-4.552576357600000279e+01,-3.007761384599999843e+01
9.654824824799998595e+00,-3.965731780600000178e+01,-4.773108781900000253e+01,-4.596099615100000335e+01,-4.627341962599999903e+01,-3.084448911400000171e+01
9.674834834799998617e+00,-4.304883145000000155e+01,-5.239781264599999844e+01,-4.391199558499999966e+01,-6.089120217899999687e+01,-3.239353469699999977e+01
9.694844844799998640e+00,-4.583192386099999993e+01,-4.439593106699999936e+01,-4.824622922799999714e+01,-4.380020658899999830e+01,-3.147954840599999926e+01
9.714854854900000447e+00,-4.959037137199999989e+01,-5.559056734199999994e+01,-4.420836412199999899e+01,-4.511875144599999743e+01,-3.150772577400000074e+01
9.734864864900000470e+00,-3.849708241700000144e+01,-4.519623754999999932e+01,-3.913487504999999800e+01,-4.121008786000000157e+01,-3.148346951399999938e+01
9.754874874900000492e+00,-5.648790774900000144e+01,-4.686370203500000287e+01,-3.747723641200000344e+01,-4.522240623300000095e+01,-3.325618044299999809e+01
9.774884884899998738e+00,-3.990404828100000145e+01,-4.487777353700000305e+01,-3.723600133200000073e+01,-4.353277031599999702e+01,-3.122349080300000068e+01
9.794894894899998761e+00,-3.917134648399999719e+01,-4.212823977200000058e+01,-3.525398610300000257e+01,-4.255338967099999792e+01,-3.252596731999999946e+01
9.814904904899998783e+00,-3.814330157399999877e+01,-5.587743846699999750e+01,-3.484345732399999918e+01,-4.253799628200000171e+01,-3.301196255899999699e+01
9.834914914899998806e+00,-3.940268157199999877e+01,-4.496956862300000068e+01,-3.385168738400000166e+01,-4.959512363799999690e+01,-3.341299592600000068e+01
9.854924924899998828e+00,-4.396678592600000002e+01,-4.502331747000000206e+01,-2.951127642000000151e+01,-3.944298624300000000e+01,-3.254746635499999741e+01
9.874934934899998851e+00,-3.749621400600000243e+01,-4.303083570199999741e+01,-3.125318949900000121e+01,-3.776395967599999892e+01,-3.222761405199999984e+01
9.894944944899998873e+00,-4.935912345500000242e+01,-3.810727622699999984e+01,-3.073481168300000022e+01,-3.584799193399999950e+01,-3.401799626500000073e+01
9.914954955000000680e+00,-3.663338837900000300e+01,-3.972354066900000191e+01,-2.982271567100000098e+01,-3.496495967100000257e+01,-3.300530323699999968e+01
9.934964965000000703e+00,-4.366710468099999787e+01,-4.364380909199999792e+01,-3.100306101400000003e+01,-3.632195468999999832e+01,-3.278976486100000187e+01
9.954974975000000725e+00,-3.568057735299999678e+01,-4.095759924099999694e+01,-2.964325812999999954e+01,-3.552059848500000072e+01,-3.409316553800000094e+01
9.974984985000000748e+00,-3.843009422699999789e+01,-4.535772284099999752e+01,-2.912699065900000051e+01,-3.453056923999999839e+01,-3.358604226100000290e+01
9.994994995000000770e+00,-3.463365606800000052e+01,-3.724649597599999851e+01,-2.940961588800000115e+01,-3.480392997199999883e+01,-3.645833021100000337e+01
1.001500500500000079e+01,-3.680064354400000326e+01,-4.346010479299999929e+01,-3.015754747100000088e+01,-3.349069363299999935e+01,-3.257635864699999928e+01
1.003501501500000082e+01,-3.327630979999999994e+01,-4.306514374700000047e+01,-2.965229417700000170e+01,-3.429799418000000344e+01,-3.344765334899999942e+01
1.005502502500000084e+01,-3.307606827800000104e+01,-3.952519135000000006e+01,-2.974194919299999995e+01,-3.283270153200000152e+01,-3.699521716000000282e+01
1.007503503500000086e+01,-3.347037600499999854e+01,-4.346859434200000294e+01,-2.953049118399999884e+01,-3.388701737600000286e+01,-3.576540833600000013e+01
1.009504504500000088e+01,-3.455569792299999676e+01,-3.781593931999999825e+01,-3.071195092900000034e+01,-3.412342481000000305e+01,-3.567036766500000056e+01
1.011505505499999913e+01,-3.969516399500000148e+01,-4.712349007099999909e+01,-3.139388588499999955e+01,-3.495925456700000211e+01,-3.418008414100000181e+01
1.013506506499999915e+01,-3.499173249399999719e+01,-3.489693794099999735e+01,-3.078078111600000000e+01,-3.325440365200000059e+01,-3.365913493400000078e+01
1.015507507499999917e+01,-3.125138163200000108e+01,-3.506211456399999804e+01,-3.057739639800000120e+01,-3.400054729400000042e+01,-3.357046100800000232e+01
1.017508508499999920e+01,-3.276706169399999879e+01,-4.422673586399999834e+01,-3.222557775500000332e+01,-3.172873336800000033e+01,-3.319793222399999877e+01
1.019509509499999922e+01,-3.205002951299999836e+01,-4.186298770500000188e+01,-3.396259003099999774e+01,-3.302520785699999806e+01,-3.749229924200000141e+01
1.021510510499999924e+01,-3.281696976799999987e+01,-4.314061226100000113e+01,-3.263514904800000238e+01,-3.161207544299999839e+01,-3.359673144199999939e+01
1.023511511499999926e+01,-3.143572840499999899e+01,-3.945408319999999947e+01,-3.451828016700000035e+01,-3.206190019999999663e+01,-3.431641554600000177e+01
1.025512512499999929e+01,-2.940149316799999824e+01,-3.571579598900000008e+01,-3.428175963200000353e+01,-3.184136549600000166e+01,-3.496035574100000076e+01
1.027513513499999931e+01,-3.168309632900000139e+01,-3.562694888299999718e+01,-3.366072366299999885e+01,-3.299077443200000204e+01,-3.372952212399999894e+01
1.029514514499999933e+01,-3.180774850699999945e+01,-3.525872869199999826e+01,-3.283730635999999947e+01,-3.248691703699999778e+01,-4.296578656599999846e+01
1.031515515499999935e+01,-3.140658367500000026e+01,-3.471540671500000030e+01,-3.244704138200000187e+01,-3.326607850500000296e+01,-4.087446951399999762e+01
1.033516516499999938e+01,-2.969008076500000115e+01,-3.495382604299999940e+01,-3.350340335100000289e+01,-3.488819112899999908e+01,-3.900617069700000172e+01
1.035517517499999940e+01,-3.192028026899999915e+01,-3.492795610400000328e+01,-3.201611590600000312e+01,-3.097024863400000072e+01,-4.256603074400000253e+01
1.037518518499999942e+01,-2.984198879599999898e+01,-3.455479198300000121e+01,-3.459479528199999976e+01,-3.282898165400000323e+01,-4.404935806499999984e+01
1.039519519499999944e+01,-2.975698107299999862e+01,-3.460117217100000175e+01,-3.313435927500000133e+01,-3.668736828600000166e+01,-4.802364369600000060e+01
1.041520520499999947e+01,-3.009267847199999935e+01,-3.136707998300000000e+01,-3.309341263999999683e+01,-3.305005194900000021e+01,-4.173577121600000339e+01
1.043521521499999949e+01,-2.921107054899999866e+01,-4.085705636800000207e+01,-3.391030829799999680e+01,-3.637649398399999967e+01,-4.223354371399999962e+01
1.045522522499999951e+01,-2.956877815500000040e+01,-3.422242982800000277e+01,-3.487849132200000213e+01,-3.636385569800000184e+01,-3.922045664699999890e+01
1.047523523499999953e+01,-3.109226394299999896e+01,-4.267817211399999877e+01,-3.241556347400000249e+01,-3.573717916399999694e+01,-3.576977764800000159e+01
1.049524524499999956e+01,-2.868177165000000173e+01,-3.492527638699999670e+01,-3.670764721199999769e+01,-3.602840424299999711e+01,-3.935074283499999837e+01
1.051525525499999958e+01,-2.899118838200000070e+01,-3.329118556000000240e+01,-3.371098415699999862e+01,-3.894270735100000280e+01,-3.758408622200000337e+01
1.053526526499999960e+01,-2.947873625500000117e+01,-3.586294259699999998e+01,-3.420126793800000087e+01,-4.740564143999999658e+01,-3.291677664000000192e+01
1.055527527499999962e+01,-3.104520736499999956e+01,-3.794012019899999899e+01,-3.579060764500000147e+01,-4.316657173600000164e+01,-3.655343644100000233e+01
1.057528528499999965e+01,-2.947936032100000148e+01,-3.252355713699999740e+01,-3.363793416600000086e+01,-3.947833948499999934e+01,-3.307093179499999991e+01
1.059529529499999967e+01,-2.967359552899999997e+01,-3.112333667700000106e+01,-3.346301688599999835e+01,-4.105729028999999741e+01,-3.164588235300000107e+01
1.061530530499999969e+01,-3.075065582799999930e+01,-3.325752137900000349e+01,-3.571535977500000314e+01,-4.032391718099999878e+01,-3.279690095099999780e+01
1.063531531499999971e+01,-2.859168700800000096e+01,-3.220617793299999931e+01,-3.499451074200000278e+01,-3.782307470800000004e+01,-3.295570142399999725e+01
1.065532532499999974e+01,-2.970891270199999923e+01,-2.941633038299999825e+01,-3.846773643800000286e+01,-3.986579792700000269e+01,-3.100125416599999895e+01
1.067533533499999976e+01,-2.908381205099999889e+01,-3.225432778199999717e+01,-3.342886039900000128e+01,-3.557799358599999806e+01,-3.280096900499999890e+01
1.069534534499999978e+01,-3.280933294599999783e+01,-2.829071661200000065e+01,-3.520487171900000334e+01,-3.564159910099999706e+01,-3.127058699099999828e+01
1.071535535499999980e+01,-2.895854262499999976e+01,-3.121830126300000074e+01,-3.250336132599999672e+01,-3.416481579599999918e+01,-3.145982318800000144e+01
1.073536536499999983e+01,-3.248773023100000046e+01,-3.054378702800000056e+01,-3.186698107999999863e+01,-3.361576895700000023e+01,-2.988178262299999943e+01
1.075537537499999985e+01,-3.276640927700000105e+01,-3.198677127099999851e+01,-3.804749521200000117e+01,-3.187905594200000081e+01,-2.769880104499999973e+01
1.077538538499999987e+01,-3.016827362800000145e+01,-3.043584426800000031e+01,-3.640866885100000161e+01,-3.042048042400000085e+01,-3.079213787300000149e+01
1.079539539499999989e+01,-3.002562424099999916e+01,-2.944151948100000027e+01,-3.439438912300000339e+01,-3.138264767000000077e+01,-2.921951458799999912e+01
1.081540540499999992e+01,-3.088273666599999956e+01,-3.179120566399999959e+01,-3.642569293900000105e+01,-3.151477784300000096e+01,-2.853829521899999833e+01
1.083541541499999994e+01,-2.900861156799999918e+01,-3.385661532599999646e+01,-3.920961495499999927e+01,-3.110380705100000043e+01,-2.806050179000000000e+01
1.085542542499999996e+01,-2.966560633299999949e+01,-3.417842591400000174e+01,-3.999783960399999927e+01,-3.111657042699999920e+01,-2.795807279699999981e+01
1.087543543499999998e+01,-3.064243389199999967e+01,-4.137026963099999932e+01,-3.535427157499999851e+01,-2.946804376300000072e+01,-2.643822819800000090e+01
1.089544544500000001e+01,-2.972376505700000138e+01,-3.473934879099999762e+01,-3.651604925299999849e+01,-2.972410675300000094e+01,-2.774495509500000168e+01
1.091545545500000003e+01,-3.068479341700000163e+01,-3.648016802899999789e+01,-3.374556017199999758e+01,-3.046240069399999939e+01,-2.756298791800000103e+01
1.093546546500000005e+01,-2.817451728099999997e+01,-4.086415420299999823e+01,-4.348329367099999843e+01,-2.962190379500000148e+01,-2.742152946999999941e+01
1.095547547500000007e+01,-2.766638878699999893e+01,-3.037173506599999939e+01,-4.165889401900000166e+01,-2.949831781199999980e+01,-2.781923495399999879e+01
1.097548548500000010e+01,-2.835109987999999959e+01,-3.528163182200000136e+01,-3.952098056199999832e+01,-2.880375556899999978e+01,-2.811265866600000152e+01
1.099549549500000012e+01,-2.878008332899999999e+01,-3.517569336900000110e+01,-4.153243721399999799e+01,-2.873363789200000085e+01,-2.801611673800000091e+01
1.101550550600000022e+01,-3.139242263199999883e+01,-3.557628254899999831e+01,-4.294762682199999659e+01,-2.947607688200000098e+01,-2.786662712900000116e+01
1.103551551600000025e+01,-2.703279467400000158e+01,-3.787413878499999953e+01,-4.253137619799999669e+01,-2.861474145800000102e+01,-2.709150464700000072e+01
1.105552552600000027e+01,-2.785200666700000127e+01,-4.444242659599999712e+01,-5.019735140800000295e+01,-2.919762854600000068e+01,-2.879575403899999841e+01
1.107553553600000029e+01,-3.059633576399999910e+01,-3.891349394800000283e+01,-4.073409537999999941e+01,-2.952675588500000003e+01,-2.956651376299999967e+01
1.109554554600000031e+01,-2.822286317900000086e+01,-3.769644733900000233e+01,-4.633896012299999967e+01,-2.989533595600000027e+01,-2.787594766500000176e+01
1.111555555600000034e+01,-2.759542842400000140e+01,-3.990951556400000300e+01,-4.458534059000000127e+01,-2.994203449600000155e+01,-2.785960292800000104e+01
1.113556556600000036e+01,-2.797589448400000123e+01,-4.265709777000000003e+01,-6.317601952799999765e+01,-2.843586197500000168e+01,-2.827131831499999848e+01
1.115557557600000038e+01,-2.918710901600000085e+01,-4.625201229999999697e+01,-4.517189581299999901e+01,-2.865301458600000117e+01,-2.808644741899999886e+01
1.117558558600000040e+01,-2.787536240900000095e+01,-3.864290509700000342e+01,-4.365084440399999721e+01,-2.852921379600000051e+01,-2.861218447599999948e+01
1.119559559600000043e+01,-2.773652010099999998e+01,-3.619220124099999936e+01,-4.133834798499999863e+01,-2.740147052800000083e+01,-2.811242325599999958e+01
1.121560560600000045e+01,-2.764560581900000003e+01,-3.757509263499999719e+01,-3.662094377700000081e+01,-2.898491934999999842e+01,-2.737760726300000158e+01
1.123561561600000047e+01,-2.788574944400000177e+01,-3.590936308900000284e+01,-3.731846330100000131e+01,-2.921687327000000067e+01,-2.758753494899999836e+01
1.125562562600000049e+01,-2.916442646699999841e+01,-3.399351997699999828e+01,-3.739541316700000095e+01,-2.788537876299999851e+01,-2.850912452300000055e+01
1.127563563600000052e+01,-3.077741573699999833e+01,-3.527776511199999732e+01,-3.748387007499999868e+01,-2.780635471800000147e+01,-2.881819059800000105e+01
1.129564564600000054e+01,-3.201990486100000055e+01,-3.376807583600000129e+01,-3.458803239299999888e+01,-2.762316239500000137e+01,-2.693298571700000110e+01
1.131565565600000056e+01,-3.370029189400000291e+01,-3.076541395199999940e+01,-3.687235935399999676e+01,-2.931527546199999890e+01,-2.845420264099999841e+01
1.133566566600000058e+01,-2.902154917600000061e+01,-3.114403742100000017e+01,-3.511940393300000096e+01,-2.840547008000000062e+01,-2.829512397499999921e+01
1.135567567600000061e+01,-3.133227566500000094e+01,-3.119522102899999894e+01,-3.504241601799999728e+01,-2.825130732799999933e+01,-2.759506623300000072e+01
1.137568568600000063e+01,-3.166924335299999882e+01,-3.493911223599999971e+01,-3.484805135300000245e+01,-2.784395766900000169e+01,-2.844457098399999850e+01
1.139569569600000065e+01,-3.486096180900000263e+01,-3.365450911199999950e+01,-3.309656333099999870e+01,-2.895973976599999844e+01,-2.883937557499999826e+01
1.141570570600000067e+01,-3.392455111799999656e+01,-2.979924901000000048e+01,-3.241265955899999796e+01,-2.931217413799999960e+01,-2.931237592400000125e+01
1.143571571600000070e+01,-3.176070408600000050e+01,-3.337753635100000338e+01,-3.553024798500000259e+01,-2.990640466400000008e+01,-3.301507951399999996e+01
1.145572572600000072e+01,-3.027094906399999985e+01,-3.116337065700000153e+01,-3.211635475300000309e+01,-3.014977252199999924e+01,-2.784290410499999879e+01
1.147573573600000074e+01,-3.085744546100000107e+01,-3.257512263099999927e+01,-3.173201040400000039e+01,-2.970600630799999919e+01,-3.062264611200000175e+01
1.149574574600000076e+01,-3.065648713499999900e+01,-3.256094684600000022e+01,-3.450930134000000038e+01,-3.008805759199999841e+01,-3.052014885899999896e+01
1.151575575600000079e+01,-2.861331061399999953e+01,-3.128288643899999855e+01,-3.180117813400000060e+01,-2.957403535399999939e+01,-3.064407034599999946e+01
1.153576576600000081e+01,-3.161406684600000006e+01,-3.642809650899999951e+01,-3.325332946500000020e+01,-2.936894884399999839e+01,-3.076721290100000061e+01
1.155577577600000083e+01,-3.220763494100000202e+01,-3.439762944600000338e+01,-3.396673874399999704e+01,-2.921600330700000114e+01,-2.852473243900000099e+01
1.157578578600000085e+01,-2.963712533800000060e+01,-2.843876484999999832e+01,-3.313119129500000071e+01,-2.931833158399999917e+01,-2.841802988799999952e+01
1.159579579600000088e+01,-3.358065358799999700e+01,-3.893156419900000031e+01,-3.371344939200000113e+01,-2.775798297300000073e+01,-2.850053385400000039e+01
1.161580580599999912e+01,-3.074396573499999974e+01,-3.486880679899999791e+01,-3.743511738099999775e+01,-2.847085176999999945e+01,-2.734478590499999839e+01
1.163581581599999915e+01,-3.510612463300000030e+01,-3.572407224199999831e+01,-4.111040506100000158e+01,-2.878924134400000057e+01,-3.035640699600000048e+01
1.165582582599999917e+01,-3.238371712699999705e+01,-4.667176806799999866e+01,-4.201549064200000316e+01,-2.872597895699999881e+01,-2.833195828699999907e+01
1.167583583599999919e+01,-3.343163944199999804e+01,-4.262087815900000010e+01,-3.859781773400000304e+01,-2.874700395300000011e+01,-2.745702635800000024e+01
1.169584584599999921e+01,-3.331536533999999961e+01,-4.030918975899999879e+01,-3.883898028099999777e+01,-2.899916589500000086e+01,-2.598848896599999847e+01
1.171585585599999924e+01,-3.387481856800000202e+01,-3.694440315399999974e+01,-4.274497195099999658e+01,-2.964940665499999994e+01,-2.727886131200000008e+01
1.173586586599999926e+01,-2.892636399099999878e+01,-3.640388719799999961e+01,-3.839473552199999773e+01,-2.666092188000000007e+01,-2.825122979900000075e+01
1.175587587599999928e+01,-3.419907015900000147e+01,-3.681026005300000037e+01,-3.952625768800000117e+01,-2.740730507600000010e+01,-2.946488196500000001e+01
1.177588588599999930e+01,-3.155751846500000113e+01,-4.130637985700000314e+01,-5.071208967900000175e+01,-2.734499132799999899e+01,-2.734340448800000090e+01
1.179589589599999933e+01,-3.690344835599999840e+01,-4.115969411199999684e+01,-3.650103926599999937e+01,-2.685349462099999940e+01,-2.905444658000000047e+01
1.181590590599999935e+01,-4.096298486399999916e+01,-3.860409538300000065e+01,-4.185576099299999697e+01,-2.956581215900000004e+01,-2.969023695499999960e+01
1.183591591599999937e+01,-3.449305779800000238e+01,-3.345757611900000228e+01,-4.002168937500000112e+01,-2.846968216699999843e+01,-2.894603740299999828e+01
1.185592592599999939e+01,-3.174369959299999877e+01,-4.040579703800000289e+01,-4.482934315199999986e+01,-2.812192307600000163e+01,-2.797504369800000035e+01
1.187593593599999942e+01,-3.076979261700000023e+01,-3.593005501999999751e+01,-3.870517693800000103e+01,-2.992032912499999853e+01,-2.837629674600000129e+01
1.189594594599999944e+01,-3.065975074700000036e+01,-3.357084509799999950e+01,-4.032448556800000006e+01,-2.855782808200000034e+01,-2.976229383400000117e+01
1.191595595599999946e+01,-3.511881339300000349e+01,-3.591007056299999789e+01,-3.854717163600000163e+01,-3.035661483399999838e+01,-2.788247455999999858e+01
1.193596596599999948e+01,-3.606625461000000143e+01,-3.114604272700000109e+01,-3.757940557799999937e+01,-2.908209326300000086e+01,-3.123035259199999913e+01
1.195597597599999951e+01,-5.296940367599999888e+01,-3.665294998200000265e+01,-3.639431102999999723e+01,-2.944893516500000175e+01,-2.829523381899999990e+01
1.197598598599999953e+01,-3.249096739099999809e+01,-3.035212322199999946e+01,-3.547744614500000182e+01,-2.975847005099999976e+01,-2.766972612400000031e+01
1.199599599599999955e+01,-3.282568764700000230e+01,-3.664969451300000003e+01,-4.037475643999999875e+01,-3.129800989800000011e+01,-2.970855567099999917e+01
1.201600600599999957e+01,-3.418008842799999769e+01,-3.652415553800000225e+01,-3.489216539600000289e+01,-2.894486329800000135e+01,-2.695724380100000062e+01
1.203601601599999960e+01,-3.096371080999999847e+01,-3.921357097100000288e+01,-3.557792989699999708e+01,-3.134132856500000130e+01,-2.971610904899999994e+01
1.205602602599999962e+01,-3.409695269800000261e+01,-4.558315586500000194e+01,-3.613317615700000118e+01,-2.814305947300000099e+01,-2.744506294299999993e+01
1.207603603599999964e+01,-3.086133242300000035e+01,-3.593827135099999737e+01,-3.376358891699999987e+01,-3.094221712299999894e+01,-2.538028717499999942e+01
1.209604604599999966e+01,-3.589935598699999986e+01,-2.903920436299999963e+01,-3.497555812699999933e+01,-3.189220371400000076e+01,-2.683389207400000132e+01
1.211605605599999969e+01,-3.270503554999999807e+01,-5.336359895700000067e+01,-3.496493300600000254e+01,-2.914235656299999988e+01,-2.699925540099999921e+01
1.213606606599999971e+01,-2.858087630300000015e+01,-4.522797268400000092e+01,-3.621736142000000314e+01,-2.886943199299999918e+01,-2.862638025900000116e+01
1.215607607599999973e+01,-2.928981877100000020e+01,-4.987287259299999675e+01,-3.304089039800000194e+01,-2.825939749400000167e+01,-2.748772651399999845e+01
1.217608608599999975e+01,-3.355009851199999815e+01,-3.686737194399999851e+01,-3.379996979599999918e+01,-2.911802498300000153e+01,-2.697814829400000036e+01
1.219609609599999978e+01,-3.135853199700000005e+01,-4.549160886899999667e+01,-3.319017181600000299e+01,-2.962810733999999968e+01,-2.728206780100000017e+01
1.221610610599999980e+01,-3.348729152399999975e+01,-4.690118173599999807e+01,-3.252453477299999918e+01,-2.844041874799999903e+01,-2.807072102900000132e+01
1.223611611599999982e+01,-2.891580390300000047e+01,-3.427133792000000057e+01,-3.450868115200000119e+01,-2.888220746900000080e+01,-2.949950210000000084e+01
1.225612612599999984e+01,-3.065781607599999958e+01,-3.279898678699999692e+01,-3.580534178700000325e+01,-2.889398499500000028e+01,-2.767309308500000142e+01
1.227613613599999987e+01,-3.027239467200000078e+01,-4.608245683300000195e+01,-3.465228215300000159e+01,-3.209245024399999835e+01,-2.924755081800000056e+01
1.229614614599999989e+01,-3.623880276999999950e+01,-3.481993938299999769e+01,-3.151318398400000120e+01,-2.821259838399999964e+01,-3.002535305600000015e+01
1.231615615599999991e+01,-3.079747380299999904e+01,-3.687953053199999687e+01,-3.003528032199999842e+01,-3.201950185399999782e+01,-2.959937523900000045e+01
1.233616616599999993e+01,-2.961470951600000134e+01,-4.406127773600000097e+01,-3.393503274199999709e+01,-2.842461310499999882e+01,-2.965992445499999874e+01
1.235617617599999996e+01,-3.252874952500000205e+01,-3.553266343100000313e+01,-3.081247315299999912e+01,-3.008405350499999997e+01,-3.244931124099999664e+01
1.237618618599999998e+01,-2.775437482299999914e+01,-4.942405971000000164e+01,-3.266391435799999954e+01,-3.019985667399999940e+01,-3.038647159499999972e+01
1.239619619600000000e+01,-3.038173496299999954e+01,-3.736626955999999922e+01,-3.353706859999999779e+01,-2.956924485600000096e+01,-3.140742643800000167e+01
1.241620620600000002e+01,-2.991807039100000054e+01,-3.474781876899999844e+01,-3.377784669100000059e+01,-2.983711937500000033e+01,-3.333613525700000224e+01
1.243621621600000005e+01,-3.103279514300000130e+01,-6.319567623799999723e+01,-3.257036687099999739e+01,-2.909291522399999863e+01,-3.219113987400000099e+01
1.245622622600000007e+01,-3.219244259399999919e+01,-2.959585900200000097e+01,-3.129463797600000063e+01,-2.858049866300000019e+01,-3.289465371299999674e+01
1.247623623600000009e+01,-2.978997841400000013e+01,-3.107287419500000070e+01,-3.251331751899999745e+01,-2.952664514099999948e+01,-3.163708838299999826e+01
1.249624624600000011e+01,-2.771115843700000170e+01,-3.522934272199999839e+01,-3.234119610300000147e+01,-2.729090838000000119e+01,-2.912820788499999836e+01
1.251625625600000014e+01,-2.966301785799999990e+01,-3.246710076600000150e+01,-3.181982965599999957e+01,-2.688428149199999950e+01,-3.424622787700000259e+01
1.253626626600000016e+01,-3.016297568799999951e+01,-3.054192202400000156e+01,-3.220282892800000241e+01,-2.625620185600000056e+01,-3.228170555100000172e+01
1.255627627600000018e+01,-4.088781294199999650e+01,-3.460460427900000013e+01,-3.009036000900000118e+01,-2.665879466299999834e+01,-2.934423607400000122e+01
1.257628628600000020e+01,-3.111539580199999833e+01,-3.167161304000000044e+01,-3.496484725700000240e+01,-2.748430114099999955e+01,-3.120372742500000030e+01
1.259629629600000023e+01,-3.285241268299999717e+01,-3.817331598599999865e+01,-3.257111659000000259e+01,-2.737968933999999877e+01,-3.034987497299999859e+01
1.261630630600000025e+01,-3.758741695399999827e+01,-3.642645251300000098e+01,-2.960760700200000173e+01,-2.428124688699999822e+01,-2.973734696300000024e+01
1.263631631600000027e+01,-3.082258291699999830e+01,-2.972569967200000107e+01,-2.866840816299999872e+01,-2.694712866600000112e+01,-3.013226009799999972e+01
1.265632632600000029e+01,-5.303285785199999935e+01,-3.960312923000000040e+01,-2.923930258000000038e+01,-2.439030131100000176e+01,-3.127247254999999981e+01
1.267633633600000032e+01,-3.704731508799999773e+01,-3.564417966599999943e+01,-3.114778496299999944e+01,-2.492178809800000039e+01,-3.245827222700000192e+01
1.269634634600000034e+01,-3.986214986299999907e+01,-3.143540159899999864e+01,-2.925373261100000022e+01,-2.560654278799999872e+01,-2.978755762100000126e+01
1.271635635600000036e+01,-3.336923370800000299e+01,-3.758329019699999662e+01,-2.895767485600000057e+01,-2.518952483900000061e+01,-2.907092245899999838e+01
1.273636636600000038e+01,-4.415846795699999916e+01,-3.498479168600000122e+01,-2.787624228299999984e+01,-2.303116213699999903e+01,-2.961544761900000111e+01
1.275637637600000041e+01,-2.904801094400000139e+01,-3.478490817699999837e+01,-2.828911991600000064e+01,-2.510450085500000128e+01,-3.094322262400000056e+01
1.277638638600000043e+01,-3.338073819400000275e+01,-3.175283209299999854e+01,-2.751323675000000080e+01,-2.566335292500000165e+01,-3.485110900600000150e+01
1.279639639600000045e+01,-4.308901877200000285e+01,-3.762187040100000246e+01,-2.765714396299999933e+01,-2.485078646999999918e+01,-3.624541334999999975e+01
1.281640640600000047e+01,-3.078636874200000051e+01,-3.595024948500000050e+01,-2.882530435400000002e+01,-2.528335785100000166e+01,-3.175650844100000114e+01
1.283641641600000050e+01,-3.083333879399999944e+01,-4.172871273199999820e+01,-2.654751961599999888e+01,-2.715165952299999930e+01,-3.162836960099999928e+01
1.285642642600000052e+01,-3.148953069499999913e+01,-3.466359672699999805e+01,-2.634224498300000050e+01,-2.626173971000000051e+01,-3.881531211499999756e+01
1.287643643600000054e+01,-3.090174995399999958e+01,-3.256185779900000199e+01,-2.693490613599999861e+01,-2.627255819799999870e+01,-4.117357844200000017e+01
1.289644644600000056e+01,-3.281614268700000281e+01,-3.356749998699999793e+01,-2.708780267999999936e+01,-2.775822072900000137e+01,-3.618997798600000237e+01
1.291645645600000059e+01,-4.111473846100000173e+01,-4.445143975900000299e+01,-2.758669352600000124e+01,-2.753475668200000115e+01,-3.798203010099999943e+01
1.293646646600000061e+01,-3.081783874499999953e+01,-3.429182550299999832e+01,-2.952341954399999935e+01,-2.865741332700000044e+01,-3.743937804600000163e+01
1.295647647600000063e+01,-3.000284578100000132e+01,-2.953089693800000148e+01,-2.851814813300000040e+01,-2.740771610099999833e+01,-3.838215230000000133e+01
1.297648648600000065e+01,-3.177339285500000088e+01,-3.467399246000000090e+01,-2.901584978500000034e+01,-2.895487684600000122e+01,-3.542615169300000133e+01
1.299649649600000068e+01,-4.071385940399999726e+01,-3.631697148500000338e+01,-2.867147047499999957e+01,-2.847128545500000030e+01,-3.203398607500000139e+01
1.301650650700000078e+01,-2.590907056700000055e+01,-3.708107419499999935e+01,-3.061435136200000073e+01,-2.663864811999999915e+01,-3.459475935300000060e+01
1.303651651700000080e+01,-3.657901853900000333e+01,-3.160443922299999997e+01,-2.642747655300000176e+01,-2.950882139599999832e+01,-3.257417087500000008e+01
1.305652652700000083e+01,-3.841570087400000233e+01,-3.873167357399999844e+01,-2.851529756000000049e+01,-2.727692602899999841e+01,-3.766979520299999962e+01
1.307653653700000085e+01,-4.950637095999999815e+01,-3.477955603800000262e+01,-2.804013990199999995e+01,-3.026270381499999829e+01,-3.938392303799999894e+01
1.309654654700000087e+01,-3.840772949499999811e+01,-4.430552880900000190e+01,-2.817560748000000004e+01,-3.132219150899999960e+01,-3.703559870299999801e+01
1.311655655699999912e+01,-3.854315546200000142e+01,-3.952975972000000127e+01,-3.015493456500000136e+01,-3.007267473299999949e+01,-3.550542950500000217e+01
1.313656656699999914e+01,-3.275612063999999890e+01,-3.503591999100000010e+01,-3.117539250900000170e+01,-2.854909371999999834e+01,-3.518581485699999689e+01
1.315657657699999916e+01,-3.535774047299999978e+01,-3.942735345300000205e+01,-3.435449158099999778e+01,-3.024909578200000126e+01,-3.638458327899999745e+01
1.317658658699999918e+01,-4.583650416399999727e+01,-4.863898136800000316e+01,-2.796315049900000105e+01,-3.003679577500000164e+01,-3.624775218500000307e+01
1.319659659699999921e+01,-4.639852135699999991e+01,-3.927324292899999847e+01,-3.108682962199999977e+01,-2.791635801299999997e+01,-3.850279019700000305e+01
1.321660660699999923e+01,-3.183037672600000079e+01,-4.671179137299999695e+01,-3.209260073400000124e+01,-2.936367240699999925e+01,-3.817724536899999777e+01
1.323661661699999925e+01,-5.077151056200000312e+01,-3.899753066099999899e+01,-3.505985539899999992e+01,-3.142743042800000097e+01,-4.384217831400000165e+01
1.325662662699999927e+01,-3.799623375099999834e+01,-3.099876903199999845e+01,-3.033022880500000085e+01,-2.896337026200000153e+01,-4.341780379600000117e+01
1.327663663699999930e+01,-3.818810020000000094e+01,-3.611193919099999761e+01,-3.087123280899999855e+01,-3.456614692400000166e+01,-3.464549360000000178e+01
1.329664664699999932e+01,-3.949616709600000064e+01,-4.678914302999999819e+01,-3.275744900400000148e+01,-3.229937226999999922e+01,-3.903466193700000275e+01
1.331665665699999934e+01,-3.750065161399999880e+01,-3.875889389299999976e+01,-3.142267169200000154e+01,-3.311728858699999734e+01,-5.159333102400000115e+01
1.333666666699999936e+01,-3.191751002599999865e+01,-3.714963091199999923e+01,-3.336672822100000246e+01,-3.494721952700000145e+01,-4.193846068799999927e+01
1.335667667699999939e+01,-3.851963141299999904e+01,-3.378394689099999937e+01,-3.920249589099999810e+01,-3.048225274700000043e+01,-4.277796249800000083e+01
1.337668668699999941e+01,-4.188315412099999691e+01,-3.851699259800000164e+01,-3.340463664199999982e+01,-3.807932678099999890e+01,-4.239414206400000040e+01
1.339669669699999943e+01,-4.230968586800000253e+01,-4.143006976499999894e+01,-3.239483319200000011e+01,-3.194854767200000012e+01,-3.828456204799999796e+01
1.341670670699999945e+01,-3.696550645399999979e+01,-3.655510573899999827e+01,-3.404303722200000237e+01,-3.305591121399999821e+01,-3.545217890199999999e+01
1.343671671699999948e+01,-3.816522474599999981e+01,-3.539609415099999978e+01,-3.313025457799999884e+01,-3.304493042099999656e+01,-3.779689643999999760e+01
1.345672672699999950e+01,-3.394646192399999762e+01,-4.247383862200000237e+01,-3.710167848199999696e+01,-2.951359461099999848e+01,-3.983293147799999900e+01
1.347673673699999952e+01,-3.675719867200000124e+01,-4.087402575600000176e+01,-3.075671578600000089e+01,-2.895595060599999826e+01,-3.622478429200000249e+01
1.349674674699999954e+01,-4.922288815600000333e+01,-4.085813662599999674e+01,-2.970675713500000015e+01,-3.024997675499999872e+01,-3.280345373299999778e+01
1.351675675699999957e+01,-3.781404933000000312e+01,-2.961475240400000075e+01,-3.142481982600000023e+01,-3.046710992699999920e+01,-4.239630924200000095e+01
1.353676676699999959e+01,-4.756990457399999883e+01,-4.246135928000000348e+01,-3.188459868200000003e+01,-3.251370429300000353e+01,-3.602718046599999724e+01
1.355677677699999961e+01,-3.157752367399999827e+01,-5.153359481599999725e+01,-3.097249635300000037e+01,-3.328346988399999873e+01,-3.662920076999999708e+01
1.357678678699999963e+01,-3.857692890999999946e+01,-3.619792542100000077e+01,-3.411390619800000223e+01,-2.975278606999999909e+01,-4.973132208799999887e+01
1.359679679699999966e+01,-3.318258170099999660e+01,-3.682933553200000176e+01,-3.024575035699999859e+01,-3.112331770999999847e+01,-5.126717252499999944e+01
1.361680680699999968e+01,-5.418263123399999870e+01,-4.133767544900000246e+01,-3.307544867200000027e+01,-2.999938072599999828e+01,-4.776599232600000278e+01
1.363681681699999970e+01,-4.259533538899999883e+01,-3.825391696100000161e+01,-2.931323633999999956e+01,-3.457678397699999806e+01,-3.842290315900000053e+01
1.365682682699999972e+01,-3.444354870499999777e+01,-3.225087183200000140e+01,-3.167934113500000137e+01,-3.697260319299999765e+01,-4.157584500899999824e+01
1.367683683699999975e+01,-6.571379346800000576e+01,-3.048761093499999930e+01,-3.138809566999999845e+01,-3.371686115899999692e+01,-3.675448945499999809e+01
1.369684684699999977e+01,-3.875276739800000314e+01,-4.048385400499999776e+01,-3.325985189699999722e+01,-3.393201336199999929e+01,-4.021998874599999851e+01
1.371685685699999979e+01,-3.477178766499999796e+01,-3.625078025100000190e+01,-3.158982486100000031e+01,-3.307715050800000256e+01,-4.000855159099999980e+01
1.373686686699999981e+01,-4.321876032899999842e+01,-3.733529740800000241e+01,-3.276007594400000045e+01,-3.615670347900000081e+01,-4.252750498500000020e+01
1.375687687699999984e+01,-3.280295950600000054e+01,-4.376942873600000183e+01,-2.783876493500000038e+01,-3.340722409699999673e+01,-4.059804697300000242e+01
1.377688688699999986e+01,-3.167751097700000074e+01,-4.019310747800000172e+01,-2.742829637999999903e+01,-3.182606290500000057e+01,-4.137896479799999838e+01
1.379689689699999988e+01,-3.600324564999999666e+01,-4.086402300400000343e+01,-2.947373566299999936e+01,-3.258766092999999842e+01,-3.996524101199999990e+01
1.381690690699999990e+01,-3.658163701099999798e+01,-4.400961261100000144e+01,-2.933312358199999892e+01,-3.582181656000000203e+01,-4.274195591400000183e+01
1.383691691699999993e+01,-3.149690778100000088e+01,-3.616094488600000290e+01,-2.868848139700000033e+01,-3.871653742899999884e+01,-4.587178095000000155e+01
1.385692692699999995e+01,-4.552168164199999723e+01,-4.039170570000000282e+01,-2.943735470200000037e+01,-3.388601734499999907e+01,-4.440163099899999821e+01
1.387693693699999997e+01,-3.664389231999999907e+01,-3.591171065799999695e+01,-2.859116206499999890e+01,-3.124213799900000055e+01,-4.095411925799999864e+01
1.389694694699999999e+01,-4.359252630000000295e+01,-4.016921185799999705e+01,-2.799847393399999973e+01,-3.268583436099999773e+01,-4.519571424200000109e+01
1.391695695700000002e+01,-3.764637902399999803e+01,-4.027395681499999824e+01,-2.845971507100000153e+01,-4.000779112699999729e+01,-4.757996562799999651e+01
1.393696696700000004e+01,-4.000585623399999946e+01,-2.914402303900000035e+01,-2.800382692299999832e+01,-3.567401655700000163e+01,-5.857955594999999960e+01
1.395697697700000006e+01,-4.306105005999999946e+01,-4.535394479800000056e+01,-2.683401235799999895e+01,-3.706021981399999987e+01,-4.295842547499999853e+01
1.397698698700000008e+01,-3.077569865999999976e+01,-3.576561748999999679e+01,-2.694429273500000122e+01,-4.247377742399999789e+01,-4.769136136800000259e+01
1.399699699700000011e+01,-4.383202974699999999e+01,-3.852081295299999653e+01,-2.563491691799999828e+01,-3.853746482399999707e+01,-3.274930487700000015e+01
1.401700700700000013e+01,-4.841335120800000169e+01,-3.837069847499999753e+01,-2.542557004900000095e+01,-4.084223130699999871e+01,-4.468107335700000249e+01
1.403701701700000015e+01,-3.400367685900000225e+01,-3.564890201499999733e+01,-2.688608848100000159e+01,-3.243198690100000192e+01,-4.370194033899999653e+01
1.405702702700000017e+01,-4.140255842700000244e+01,-4.018737639199999734e+01,-2.617260522000000122e+01,-3.630673175799999797e+01,-3.855328193799999781e+01
1.407703703700000020e+01,-3.149828397299999949e+01,-3.812765170099999779e+01,-2.542563370699999936e+01,-3.587429022100000253e+01,-3.676979705800000175e+01
1.409704704700000022e+01,-3.682098889600000291e+01,-3.508911576700000268e+01,-2.665754535499999989e+01,-3.381479706700000065e+01,-3.852583199499999722e+01
1.411705705700000024e+01,-4.674813376600000225e+01,-3.965238538100000198e+01,-2.855863516899999865e+01,-3.315986965399999775e+01,-3.479233358399999787e+01
1.413706706700000026e+01,-4.760753768299999678e+01,-3.793651611399999979e+01,-2.838081578999999977e+01,-2.978701408199999889e+01,-3.285310296099999761e+01
1.415707707700000029e+01,-3.738688802600000116e+01,-4.257692028900000025e+01,-2.654504272599999837e+01,-3.356742665299999828e+01,-3.293479456200000044e+01
1.417708708700000031e+01,-3.326534606500000280e+01,-4.789739327899999921e+01,-2.547306616899999909e+01,-3.086119402699999981e+01,-3.216669856600000088e+01
1.419709709700000033e+01,-4.759559536100000088e+01,-4.504836470800000114e+01,-2.629429980600000150e+01,-3.449642894699999829e+01,-3.192971652800000015e+01
1.421710710700000035e+01,-3.620330804799999669e+01,-4.659658557099999854e+01,-2.677844364699999957e+01,-3.342136395600000043e+01,-3.422221593999999811e+01
1.423711711700000038e+01,-3.084351525599999988e+01,-3.340739061699999723e+01,-2.547815198700000039e+01,-3.397442938399999690e+01,-3.083659398600000046e+01
1.425712712700000040e+01,-2.950597941299999860e+01,-3.949647038599999860e+01,-2.704687180000000168e+01,-3.387906914399999891e+01,-3.556792437699999709e+01
1.427713713700000042e+01,-3.730355580199999821e+01,-2.819858283299999968e+01,-2.996394616499999941e+01,-3.169701011200000096e+01,-3.250882874700000258e+01
1.429714714700000044e+01,-4.221220232600000344e+01,-3.542044844899999845e+01,-2.857491483800000154e+01,-3.422959327400000262e+01,-3.284287853800000079e+01
1.431715715700000047e+01,-3.908265114600000345e+01,-4.054942375200000271e+01,-2.876379889500000075e+01,-3.320675186500000109e+01,-3.002638093399999875e+01
1.433716716700000049e+01,-3.751377361899999840e+01,-4.350150855999999777e+01,-2.752085195600000134e+01,-4.091131983300000030e+01,-3.116381315299999955e+01
1.435717717700000051e+01,-2.052031702700000082e+01,-3.406004559600000192e+01,-3.012121083999999982e+01,-3.724113665600000189e+01,-3.005686868700000147e+01
1.437718718700000053e+01,-4.342414179800000085e+01,-3.563820878899999656e+01,-2.991980610499999926e+01,-3.805683822499999991e+01,-3.084942981800000084e+01
1.439719719700000056e+01,-3.797361798699999724e+01,-4.036077311399999701e+01,-2.817900382599999887e+01,-3.794739939099999759e+01,-2.975101180300000081e+01
1.441720720700000058e+01,-3.322643465099999815e+01,-3.572550140500000282e+01,-2.692255653799999848e+01,-3.313127656300000012e+01,-3.238866565600000058e+01
1.443721721700000060e+01,-3.316600653599999760e+01,-4.576536982900000083e+01,-3.142953694999999925e+01,-4.993584285600000072e+01,-2.833676374199999870e+01
1.445722722700000062e+01,-3.070495366100000112e+01,-4.026446408200000349e+01,-3.192073125599999983e+01,-5.243584267500000351e+01,-2.984932886900000071e+01
1.447723723700000065e+01,-3.330751042600000034e+01,-3.022981247799999949e+01,-2.837010791100000162e+01,-3.903080830900000109e+01,-3.226688500400000237e+01
1.449724724700000067e+01,-4.194026178099999669e+01,-2.985979665700000041e+01,-2.478239031500000067e+01,-4.394713296399999791e+01,-3.319426675599999754e+01
1.451725725700000069e+01,-3.029724498299999880e+01,-3.147511695300000056e+01,-2.923819061100000027e+01,-3.535156634900000228e+01,-3.254712121699999727e+01
1.453726726700000071e+01,-2.941055081900000090e+01,-3.190641903599999907e+01,-2.634162839200000050e+01,-3.800735043099999899e+01,-3.610242582200000072e+01
1.455727727700000074e+01,-4.338731370299999668e+01,-3.209246076800000225e+01,-3.342154911400000117e+01,-3.819507476999999795e+01,-3.443528920499999657e+01
1.457728728700000076e+01,-2.952253218399999923e+01,-3.044783752900000096e+01,-3.185880710700000051e+01,-3.622596069600000135e+01,-2.878630075699999935e+01
1.459729729700000078e+01,-3.563406134499999922e+01,-2.964724646000000163e+01,-3.356173746500000021e+01,-3.627415886000000000e+01,-4.116533495200000203e+01
1.461730730700000080e+01,-3.325066787600000140e+01,-3.326164118100000167e+01,-3.456765281700000259e+01,-4.359558511600000230e+01,-4.800149490300000110e+01
1.463731731700000083e+01,-4.490520474200000223e+01,-3.010074635000000143e+01,-2.973414618199999992e+01,-4.238376299000000103e+01,-3.815560870299999863e+01
1.465732732700000085e+01,-3.864873423800000296e+01,-4.066178677199999925e+01,-3.291837861799999843e+01,-4.716318229600000222e+01,-3.558165759700000308e+01
1.467733733700000087e+01,-3.204016115000000298e+01,-4.826870517199999711e+01,-3.094978779199999863e+01,-3.344768096399999990e+01,-3.672210007500000017e+01
1.469734734699999912e+01,-3.168758144699999946e+01,-3.926246496499999949e+01,-3.320765947400000329e+01,-3.721050045500000181e+01,-3.506339413700000307e+01
1.471735735699999914e+01,-2.664771076999999977e+01,-3.460155710699999787e+01,-3.152887149400000055e+01,-4.027244457399999789e+01,-3.350286680300000342e+01
1.473736736699999916e+01,-3.976157480199999839e+01,-4.293461615500000050e+01,-3.269187871700000159e+01,-3.703585766300000159e+01,-3.031710481300000026e+01
1.475737737699999919e+01,-2.772091572100000079e+01,-3.028979224200000075e+01,-3.226067624200000239e+01,-3.884875178699999765e+01,-3.041541017600000174e+01
1.477738738699999921e+01,-3.114082199099999926e+01,-3.895937173200000103e+01,-2.920538974000000110e+01,-4.751107128000000301e+01,-2.961656930299999857e+01
1.479739739699999923e+01,-3.846304393700000190e+01,-5.234885038499999865e+01,-2.687621454199999960e+01,-4.837790217399999904e+01,-3.101532092400000096e+01
1.481740740699999925e+01,-2.946085927800000093e+01,-3.397460088500000097e+01,-3.265586776800000024e+01,-5.025074229100000167e+01,-3.639041728099999773e+01
1.483741741699999928e+01,-3.483244408099999845e+01,-3.301214098100000172e+01,-2.930006343599999852e+01,-3.812314792400000130e+01,-2.511993568100000118e+01
1.485742742699999930e+01,-2.835934744900000126e+01,-4.284568070299999931e+01,-2.735306045000000097e+01,-3.325931572399999681e+01,-2.530475846899999937e+01
1.487743743699999932e+01,-3.947403148099999726e+01,-4.146913388000000111e+01,-2.855641382900000025e+01,-3.425711768899999754e+01,-2.866705866099999866e+01
1.489744744699999934e+01,-4.374350115200000033e+01,-3.580170281800000254e+01,-2.903196567499999858e+01,-3.716184855800000264e+01,-2.487701617800000164e+01
1.491745745699999937e+01,-4.060408009100000015e+01,-3.442474447800000092e+01,-2.893498769700000040e+01,-3.718196482999999830e+01,-2.701469322399999839e+01
1.493746746699999939e+01,-4.386196391699999708e+01,-3.461910744499999737e+01,-2.762304672899999858e+01,-3.586120700200000044e+01,-2.594682417199999946e+01
1.495747747699999941e+01,-3.337642922799999923e+01,-3.646908647800000125e+01,-2.689699016499999829e+01,-3.867863609199999786e+01,-2.446326401600000011e+01
1.497748748699999943e+01,-2.457199853199999851e+01,-3.176476244499999879e+01,-2.707394455600000072e+01,-3.798446309599999893e+01,-2.522060939400000024e+01
1.499749749699999946e+01,-3.544633537600000039e+01,-3.269053528399999919e+01,-2.577417641199999920e+01,-4.239164214800000252e+01,-2.378414213900000007e+01
1.501750750799999956e+01,-2.712571756599999873e+01,-4.186395221299999747e+01,-2.963166415999999970e+01,-4.027522851500000201e+01,-2.435708827899999918e+01
1.503751751799999958e+01,-3.895533326200000346e+01,-3.045758939799999965e+01,-2.718106432700000141e+01,-4.346650757100000106e+01,-2.664548383800000053e+01
1.505752752799999961e+01,-4.066224029600000023e+01,-3.677737733899999739e+01,-2.834542211400000156e+01,-3.818934380900000036e+01,-2.638431721599999946e+01
1.507753753799999963e+01,-3.290015663900000220e+01,-3.282935213300000044e+01,-2.637869746699999851e+01,-3.611972108599999842e+01,-2.595231154900000092e+01
1.509754754799999965e+01,-3.044272932699999856e+01,-3.195525167999999994e+01,-2.598786379299999894e+01,-4.796687239799999958e+01,-2.333360296100000042e+01
1.511755755799999967e+01,-3.592260258400000339e+01,-2.700037973999999963e+01,-2.298042689900000113e+01,-3.640652785000000335e+01,-2.762039066499999862e+01
1.513756756799999970e+01,-3.981225454500000183e+01,-4.097108216800000235e+01,-2.444564780600000020e+01,-4.039156419199999704e+01,-2.502838323900000006e+01
1.515757757799999972e+01,-3.647441132200000169e+01,-4.154125116099999815e+01,-2.551017874900000137e+01,-5.383354211999999706e+01,-2.512126450999999960e+01
1.517758758799999974e+01,-3.478964815199999805e+01,-2.746501982399999875e+01,-2.449515899900000093e+01,-3.700086677600000229e+01,-2.422349377000000104e+01
1.519759759799999976e+01,-3.576447694800000221e+01,-3.546844416199999728e+01,-2.379090246699999867e+01,-3.806405292899999893e+01,-2.378220307000000133e+01
1.521760760799999979e+01,-3.481112918299999848e+01,-3.333604809100000210e+01,-2.607138139199999927e+01,-6.076102701700000353e+01,-2.823551576499999882e+01
1.523761761799999981e+01,-4.906263178399999703e+01,-3.431317810400000212e+01,-2.272564681800000130e+01,-4.211170932499999964e+01,-2.496476618899999877e+01
1.525762762799999983e+01,-3.988012393599999683e+01,-2.357187759400000004e+01,-2.363690546000000126e+01,-4.345495448100000146e+01,-2.631564171100000138e+01
1.527763763799999985e+01,-3.042382444200000080e+01,-2.875150017300000016e+01,-2.655595539200000132e+01,-3.225355699699999690e+01,-2.655397199200000102e+01
1.529764764799999988e+01,-3.755322436699999855e+01,-3.060492892799999964e+01,-2.455992893000000166e+01,-3.998804874700000056e+01,-2.841441633999999894e+01
1.531765765799999990e+01,-4.026658732700000343e+01,-3.713968115600000175e+01,-2.644180027399999844e+01,-3.944507181600000223e+01,-2.101932047200000042e+01
1.533766766799999992e+01,-4.201118615400000067e+01,-3.422529316199999982e+01,-2.461771620700000085e+01,-3.853437029900000255e+01,-2.619437654400000071e+01
1.535767767799999994e+01,-3.499840754800000298e+01,-2.521453552299999856e+01,-2.427859201300000080e+01,-3.785087899599999872e+01,-2.784664230399999951e+01
1.537768768799999997e+01,-3.598984820399999762e+01,-3.313506199300000077e+01,-2.477616161699999964e+01,-5.664111684699999927e+01,-2.746718395799999968e+01
1.539769769799999999e+01,-2.744444578999999962e+01,-2.832856083200000086e+01,-2.413661796599999931e+01,-4.417141378499999860e+01,-2.538436121499999842e+01
1.541770770800000001e+01,-3.767232451000000282e+01,-3.505241932300000229e+01,-2.799459311800000094e+01,-3.966854193999999723e+01,-2.704564459799999909e+01
1.543771771800000003e+01,-3.084330708799999954e+01,-2.891820361499999947e+01,-3.054653330500000052e+01,-3.660146354799999813e+01,-2.893213187599999969e+01
1.545772772800000006e+01,-3.175500897899999941e+01,-3.619573972300000264e+01,-3.046977113899999878e+01,-4.497028113700000063e+01,-2.966982240700000162e+01
1.547773773800000008e+01,-3.610387001699999843e+01,-4.081778265100000169e+01,-2.828287075000000073e+01,-3.883667600100000072e+01,-3.048109181599999928e+01
1.549774774800000010e+01,-3.015595235299999999e+01,-3.693738769000000133e+01,-3.031112046899999868e+01,-3.876525687000000175e+01,-2.782680282500000146e+01
1.551775775800000012e+01,-3.679387670599999893e+01,-5.191079972600000048e+01,-3.179092584900000062e+01,-3.427345944000000344e+01,-2.779924702900000000e+01
1.553776776800000015e+01,-3.986102143800000164e+01,-3.853613974299999967e+01,-2.902495217699999941e+01,-3.152878296100000099e+01,-3.139329066199999829e+01
1.555777777800000017e+01,-3.276998281299999860e+01,-3.490300695199999836e+01,-3.103236770199999839e+01,-5.160688452200000143e+01,-3.126275911600000157e+01
1.557778778800000019e+01,-3.580295488400000181e+01,-2.839649435899999830e+01,-3.176856541500000120e+01,-3.726153048999999839e+01,-2.937933197799999974e+01
1.559779779800000021e+01,-3.404173659799999996e+01,-3.267295069899999760e+01,-2.936976984200000018e+01,-2.963700746299999977e+01,-3.747403304200000207e+01
1.561780780800000024e+01,-3.129687336499999972e+01,-3.380280946399999920e+01,-2.864260616600000020e+01,-3.494119510200000178e+01,-3.338314372100000327e+01
1.563781781800000026e+01,-2.384052240800000178e+01,-4.086376752900000042e+01,-2.988055685000000139e+01,-3.655019227999999742e+01,-3.552297071600000322e+01
1.565782782800000028e+01,-4.546488231200000030e+01,-3.898992642999999703e+01,-3.407556136600000229e+01,-3.209199815600000250e+01,-3.153248814000000166e+01
1.567783783800000030e+01,-3.557588585399999914e+01,-3.628593865700000265e+01,-3.022980208199999907e+01,-3.495844656399999906e+01,-3.001525043299999851e+01
1.569784784800000033e+01,-3.590377157700000055e+01,-3.316989540699999850e+01,-2.751906374900000074e+01,-3.825781310800000057e+01,-2.322025675200000094e+01
1.571785785800000035e+01,-3.417308332100000001e+01,-3.149403545599999887e+01,-2.820771308000000133e+01,-3.442155312599999917e+01,-2.669734707799999995e+01
1.573786786800000037e+01,-3.473453878800000183e+01,-3.307636725399999733e+01,-3.032106975599999998e+01,-3.141495569199999949e+01,-2.815499978900000144e+01
1.575787787800000039e+01,-4.263322945099999828e+01,-2.884493690600000093e+01,-2.879261197199999955e+01,-3.245900649499999702e+01,-3.092527451999999855e+01
1.577788788800000042e+01,-3.899519544700000040e+01,-3.974336403099999870e+01,-2.621486666299999868e+01,-3.421231120800000269e+01,-2.941327537600000142e+01
1.579789789800000044e+01,-3.894460528599999805e+01,-3.081278637200000148e+01,-2.836873903100000049e+01,-3.432419641300000279e+01,-2.367497299500000096e+01
1.581790790800000046e+01,-4.425661541299999868e+01,-3.945968680699999709e+01,-2.769561233900000019e+01,-3.147938367400000104e+01,-2.637159013200000146e+01
1.583791791800000048e+01,-3.158447853299999863e+01,-5.431682666900000100e+01,-2.664511046699999852e+01,-3.491164995700000162e+01,-2.381880251999999842e+01
1.585792792800000051e+01,-3.750531198000000188e+01,-4.171891043299999779e+01,-2.529855747099999874e+01,-3.591275699100000196e+01,-2.696071177900000038e+01
1.587793793800000053e+01,-3.582219308300000193e+01,-3.140913862400000056e+01,-2.578177362699999975e+01,-3.004735886099999931e+01,-2.476303766999999922e+01
1.589794794800000055e+01,-3.354766639500000025e+01,-3.640816583000000151e+01,-2.596280263699999935e+01,-3.573419910999999871e+01,-2.714921887399999889e+01
1.591795795800000057e+01,-3.792617512099999999e+01,-3.007297376600000050e+01,-2.163631703600000122e+01,-3.272631482500000288e+01,-2.579764685299999982e+01
1.593796796800000060e+01,-4.850947497800000008e+01,-3.848969301300000012e+01,-2.430168616999999998e+01,-4.257177343200000053e+01,-2.345851069700000124e+01
1.595797797800000062e+01,-3.316276977399999737e+01,-3.509202546099999864e+01,-2.317560228900000041e+01,-3.176784827000000178e+01,-2.641910482100000124e+01
1.597798798800000064e+01,-3.106012918100000064e+01,-3.032285169800000091e+01,-2.542294960499999945e+01,-4.096937503600000241e+01,-2.950054414699999938e+01
1.599799799800000066e+01,-3.267429196300000172e+01,-2.787828043400000055e+01,-2.259116139700000048e+01,-3.651807837599999829e+01,-2.967767188399999867e+01
1.601800800799999891e+01,-2.420270997700000137e+01,-3.091284460800000033e+01,-2.407251817799999927e+01,-3.579864313299999878e+01,-3.024533592799999937e+01
1.603801801799999893e+01,-3.092686590499999966e+01,-2.854060465599999930e+01,-2.533748894700000065e+01,-3.165272348599999930e+01,-2.982139355500000022e+01
1.605802802799999895e+01,-3.887383615699999950e+01,-3.690445599200000260e+01,-2.326319147199999904e+01,-3.241723770299999785e+01,-2.873816722999999840e+01
1.607803803799999898e+01,-2.822109256499999930e+01,-3.064635477099999861e+01,-2.387416043400000021e+01,-2.819475932099999937e+01,-2.901260954299999995e+01
1.609804804799999900e+01,-2.752789897399999930e+01,-3.551449414500000046e+01,-2.768497083500000144e+01,-3.065491786999999846e+01,-2.846892313200000046e+01
1.611805805799999902e+01,-4.044414093900000040e+01,-2.131723880699999896e+01,-2.553169212999999971e+01,-3.276181810100000291e+01,-3.075152428899999890e+01
1.613806806799999904e+01,-2.726862613300000149e+01,-3.422105372099999698e+01,-2.380539300699999927e+01,-4.094073414900000074e+01,-3.060669417400000114e+01
1.615807807799999907e+01,-3.929035587900000337e+01,-3.724648941800000301e+01,-2.561658551100000025e+01,-3.138946678099999943e+01,-3.158229847000000134e+01
1.617808808799999909e+01,-2.266247987899999927e+01,-3.478871163299999836e+01,-2.521226147100000148e+01,-3.392788690300000098e+01,-3.010062120499999949e+01
1.619809809799999911e+01,-2.848485885599999889e+01,-4.606990188099999983e+01,-2.544098609199999927e+01,-3.057653313799999850e+01,-2.788624057799999889e+01
1.621810810799999913e+01,-2.697496509100000139e+01,-3.133175387700000059e+01,-2.471662164900000036e+01,-3.492379367899999920e+01,-2.515974045700000161e+01
1.623811811799999916e+01,-3.284314208499999665e+01,-3.962323092199999763e+01,-2.596046617900000086e+01,-3.803281151000000193e+01,-2.558277871599999997e+01
1.625812812799999918e+01,-3.839948224300000135e+01,-4.238421818599999824e+01,-2.508161087699999925e+01,-3.655557701899999756e+01,-2.552023769399999864e+01
1.627813813799999920e+01,-3.942083798299999842e+01,-4.524137122500000174e+01,-3.182306548700000093e+01,-3.132740624899999915e+01,-2.496879285300000006e+01
1.629814814799999922e+01,-2.836691310000000144e+01,-3.353272844899999683e+01,-3.023988885199999999e+01,-3.571557680299999760e+01,-2.281505830500000087e+01
1.631815815799999925e+01,-3.034269635600000115e+01,-4.099113179399999751e+01,-2.588491227900000169e+01,-3.546762067499999915e+01,-2.163266375699999955e+01
1.633816816799999927e+01,-2.623532027099999908e+01,-3.673116727200000042e+01,-2.958538951699999942e+01,-3.581263648000000188e+01,-2.273546062100000142e+01
1.635817817799999929e+01,-4.421559088200000076e+01,-4.247443666600000256e+01,-3.189800465200000090e+01,-3.662720245300000244e+01,-2.685204043699999943e+01
1.637818818799999931e+01,-2.512700774099999990e+01,-3.790320942299999984e+01,-2.743067466200000126e+01,-3.381865485400000182e+01,-2.447558714599999874e+01
1.639819819799999934e+01,-3.074438928700000062e+01,-1.144575414500000043e+01,-4.151389474700000193e+01,-2.508750005899999991e+01,-2.167939533999999924e+01
1.641820820799999936e+01,-3.605869326999999913e+01,-2.842251118800000143e+01,-3.045074338699999927e+01,-3.594601207600000237e+01,-2.383975952300000145e+01
1.643821821799999938e+01,-2.345269930799999969e+01,-4.419472741500000268e+01,-3.369502574900000269e+01,-4.188193337599999921e+01,-1.995097197799999833e+01
1.645822822799999940e+01,-3.163787653700000035e+01,-3.568718862899999777e+01,-2.647804705500000111e+01,-3.465051259900000247e+01,-2.523508293800000146e+01
1.647823823799999943e+01,-4.287312881100000084e+01,-4.327573984200000012e+01,-2.802180781299999879e+01,-3.839907489600000190e+01,-3.216563539300000230e+01
1.649824824799999945e+01,-2.387236750499999971e+01,-3.700711720399999649e+01,-2.416198121800000109e+01,-3.480992051599999826e+01,-2.148888047799999867e+01
1.651825825799999947e+01,-2.494322643299999953e+01,-2.872486849199999881e+01,-2.606877258600000147e+01,-3.439458134899999919e+01,-2.099320701699999958e+01
1.653826826799999949e+01,-2.591559978700000144e+01,-3.372542543400000170e+01,-2.530465559700000000e+01,-3.388133245000000215e+01,-1.837567465200000072e+01
1.655827827799999952e+01,-3.012477700499999855e+01,-2.917295178999999905e+01,-2.819264429500000091e+01,-3.372666668800000167e+01,-2.549916912100000133e+01
1.657828828799999954e+01,-2.644863732199999973e+01,-3.957881605699999739e+01,-2.961637459600000000e+01,-3.225588849999999752e+01,-2.382581877000000148e+01
1.659829829799999956e+01,-2.360020649000000148e+01,-3.951942892000000285e+01,-2.915146177400000127e+01,-3.406427978899999687e+01,-2.473399509100000060e+01
1.661830830799999958e+01,-3.419230660699999902e+01,-3.338266510199999715e+01,-2.524618231599999874e+01,-2.871305875599999879e+01,-2.320057055099999843e+01
1.663831831799999961e+01,-3.208929099800000273e+01,-4.288640251500000034e+01,-2.832791823699999867e+01,-4.107354685600000010e+01,-2.182442523899999998e+01
1.665832832799999963e+01,-2.939931667200000120e+01,-3.595050708099999781e+01,-3.541588384300000314e+01,-3.358708627099999688e+01,-2.384928121300000115e+01
1.667833833799999965e+01,-2.823925313200000176e+01,-2.977419933499999871e+01,-3.204507579399999884e+01,-3.587949923400000074e+01,-2.120972525199999836e+01
1.669834834799999967e+01,-2.395242817500000143e+01,-3.078399951000000101e+01,-3.314301226700000313e+01,-3.538456098300000008e+01,-2.299885351300000025e+01
1.671835835799999970e+01,-2.966727401099999994e+01,-3.475166770199999888e+01,-2.608349946099999883e+01,-3.382421051299999704e+01,-2.601389248499999951e+01
1.673836836799999972e+01,-3.531759890400000046e+01,-5.250775265400000080e+01,-3.233372814100000170e+01,-3.408704928400000256e+01,-2.236102540099999914e+01
1.675837837799999974e+01,-1.996604552200000171e+01,-4.320606381999999712e+01,-2.971746066300000066e+01,-4.671437470499999733e+01,-2.409406146999999976e+01
1.677838838799999976e+01,-2.924092856000000040e+01,-3.151469761399999925e+01,-2.839321306000000078e+01,-3.635418154999999985e+01,-2.230121672900000007e+01
1.679839839799999979e+01,-3.428169893700000159e+01,-3.070061040999999946e+01,-2.755868514000000147e+01,-3.110941998099999850e+01,-2.667798836700000109e+01
1.681840840799999981e+01,-2.628425179599999950e+01,-4.884440661200000022e+01,-2.860929984999999931e+01,-2.878966059600000094e+01,-2.730772685599999861e+01
1.683841841799999983e+01,-2.637590885899999904e+01,-3.350401180600000117e+01,-2.879430970599999995e+01,-3.017765391600000058e+01,-2.257593763799999920e+01
1.685842842799999985e+01,-1.440731065900000019e+01,-4.124617905800000273e+01,-2.892810274800000059e+01,-3.154634219700000131e+01,-2.159907042500000074e+01
1.687843843799999988e+01,-2.615500204599999989e+01,-3.164134635099999926e+01,-2.506911858499999823e+01,-3.914972256000000073e+01,-2.040612630500000080e+01
1.689844844799999990e+01,-3.213286274400000053e+01,-4.607890526100000272e+01,-2.941409502400000164e+01,-3.476461755399999731e+01,-2.338735285199999936e+01
1.691845845799999992e+01,-2.992781874199999947e+01,-3.215445859199999745e+01,-2.744185834399999990e+01,-3.045060755900000160e+01,-2.697949577700000034e+01
1.693846846799999994e+01,-2.377690990199999987e+01,-3.976758204200000080e+01,-2.574323128099999991e+01,-2.457707663300000078e+01,-2.300818568800000108e+01
1.695847847799999997e+01,-2.878680155900000059e+01,-3.108771138799999889e+01,-2.747512782700000145e+01,-2.896878543600000100e+01,-2.098745928800000016e+01
1.697848848799999999e+01,-2.193235338899999931e+01,-3.378246021999999726e+01,-2.683009995600000153e+01,-3.529359765000000237e+01,-2.394878728600000173e+01
1.699849849800000001e+01,-2.993852654000000157e+01,-4.631327729000000204e+01,-1.998293129400000012e+01,-2.218010860600000100e+01,-2.952427964399999993e+01
1.701850850900000012e+01,-2.568517321499999895e+01,-5.306488303599999767e+01,-2.290834296899999956e+01,-3.405971907899999707e+01,-2.693016086800000153e+01
1.703851851900000014e+01,-3.236040455799999904e+01,-3.519200788799999913e+01,-2.436257951500000019e+01,-3.580807271100000122e+01,-2.000923718600000001e+01
1.705852852900000016e+01,-4.001174194699999731e+01,-3.085034208900000152e+01,-2.715208838999999941e+01,-3.226967060999999859e+01,-2.024640035699999885e+01
1.707853853900000018e+01,-3.744709931100000233e+01,-2.763482701199999880e+01,-2.694074114500000050e+01,-2.838501402500000026e+01,-2.750337949400000070e+01
1.709854854900000021e+01,-5.251398323099999743e+01,-2.425340182400000089e+01,-3.325007369800000134e+01,-2.399006938899999852e+01,-2.369843139299999990e+01
1.711855855900000023e+01,-3.535629822100000297e+01,-3.838370579400000082e+01,-2.786694973599999869e+01,-3.796332096900000153e+01,-2.427617528400000069e+01
1.713856856900000025e+01,-6.225396207499999690e+01,-3.304518416399999836e+01,-2.452828585199999978e+01,-3.273274338200000244e+01,-2.514302331700000082e+01
1.715857857900000027e+01,-3.029723588799999945e+01,-2.781067353299999922e+01,-2.656458698799999851e+01,-2.061671263899999929e+01,-2.364892301500000116e+01
1.717858858900000030e+01,-3.355611535500000286e+01,-4.098960045599999802e+01,-2.187939699500000046e+01,-3.355837659800000239e+01,-1.885665865500000038e+01
1.719859859900000032e+01,-5.557042089000000118e+01,-2.575425039499999968e+01,-3.150791291199999833e+01,-3.363459968099999742e+01,-1.950299290199999902e+01
1.721860860900000034e+01,-2.919344980099999987e+01,-2.834496835499999889e+01,-2.605481612399999847e+01,-3.264840164900000019e+01,-2.879292632800000007e+01
1.723861861900000036e+01,-3.588725305500000218e+01,-3.798411925199999928e+01,-3.148514319699999930e+01,-3.188958788800000121e+01,-2.449473532700000078e+01
1.725862862900000039e+01,-3.668657014899999780e+01,-3.875927800400000223e+01,-2.887187355600000060e+01,-2.859841961500000096e+01,-2.727221148699999986e+01
1.727863863900000041e+01,-4.470580083899999835e+01,-3.071515319599999927e+01,-2.026702749600000075e+01,-2.670511906999999852e+01,-3.046220625200000143e+01
1.729864864900000043e+01,-2.649934898300000086e+01,-3.791024783400000331e+01,-2.577986719000000093e+01,-2.996156565300000096e+01,-2.366328189100000046e+01
1.731865865900000045e+01,-4.113932826599999970e+01,-4.886274476900000252e+01,-3.488471555099999932e+01,-3.563769095100000328e+01,-1.290860901799999994e+01
1.733866866900000048e+01,-3.622060413599999862e+01,-3.340224621099999780e+01,-3.776706929800000268e+01,-2.233527200900000054e+01,-2.588917346999999936e+01
1.735867867900000050e+01,-3.761110444100000194e+01,-3.399727667999999881e+01,-4.352041798199999789e+01,-3.523942877700000054e+01,-3.378639699400000040e+01
1.737868868900000052e+01,-3.728795193100000205e+01,-3.403634546400000005e+01,-2.920361144600000003e+01,-2.953610834899999915e+01,-3.687921740600000220e+01
1.739869869900000054e+01,-4.141512259600000334e+01,-3.452395599300000129e+01,-3.451273316399999658e+01,-3.451753878800000308e+01,-2.745930456700000022e+01
1.741870870900000057e+01,-3.839347310600000185e+01,-3.841665054599999962e+01,-2.384322565600000132e+01,-2.795541657100000066e+01,-2.126866995900000035e+01
1.743871871900000059e+01,-3.655939724800000334e+01,-3.047897063299999942e+01,-3.509861480499999686e+01,-3.424114165000000298e+01,-2.836173209100000037e+01
1.745872872900000061e+01,-3.639058088600000218e+01,-3.465108875199999972e+01,-3.209418574000000035e+01,-2.642057829000000169e+01,-2.380359361400000040e+01
1.747873873900000063e+01,-3.695901071299999785e+01,-3.792054808500000007e+01,-2.857109895299999991e+01,-3.892080204100000174e+01,-1.937020738000000009e+01
1.749874874900000066e+01,-2.910949005299999826e+01,-2.753118621200000149e+01,-3.526749344400000297e+01,-3.120257713799999877e+01,-2.467838204799999957e+01
1.751875875900000068e+01,-5.042717475199999910e+01,-2.822965131100000136e+01,-2.990333447300000103e+01,-3.702849812400000218e+01,-2.595699200199999979e+01
1.753876876900000070e+01,-2.945247637099999949e+01,-4.233446072099999924e+01,-2.467145513699999881e+01,-3.063605066099999874e+01,-1.129897209199999963e+01
1.755877877900000072e+01,-4.078387270000000342e+01,-3.148473938500000102e+01,-2.254026812900000110e+01,-3.323017208299999936e+01,-2.013945280400000115e+01
1.757878878900000075e+01,-4.086675957300000306e+01,-3.797540749899999923e+01,-1.725868257600000177e+01,-1.448619230799999968e+01,-2.716843101199999921e+01
1.759879879900000077e+01,-5.153455975400000000e+01,-3.704218868299999912e+01,-2.997696547800000033e+01,-5.231466841299999970e+01,-2.159139725100000007e+01
1.761880880900000079e+01,-2.783514766800000118e+01,-2.909240369000000115e+01,-2.257302956299999863e+01,-3.741059524900000355e+01,-1.808367505200000025e+01
1.763881881900000081e+01,-3.580313051699999960e+01,-2.689414701500000149e+01,-2.618853385099999898e+01,-3.214921144099999850e+01,-2.596824938600000010e+01
1.765882882900000084e+01,-3.314366615099999791e+01,-3.534141005699999738e+01,-2.598905435900000072e+01,-3.499659696300000178e+01,-2.122542281899999850e+01
1.767883883900000086e+01,-2.757110810300000026e+01,-4.352709657300000146e+01,-3.105036622300000104e+01,-4.227289782700000131e+01,-2.820432901799999925e+01
1.769884884900000088e+01,-4.755484331000000253e+01,-3.921603420099999937e+01,-3.002191327699999945e+01,-4.495405529699999647e+01,-1.776490858500000058e+01
1.771885885900000090e+01,-3.812328323500000238e+01,-2.989059622699999963e+01,-1.718101497099999975e+01,-2.207437849900000160e+01,-5.240802992399999916e+00
1.773886886900000093e+01,-2.336051834399999905e+01,-2.746163217399999823e+01,-2.952461205499999863e+01,-4.241739194600000218e+01,-2.228839446499999966e+01
1.775887887900000095e+01,-3.941203201999999806e+01,-3.233311581400000279e+01,-3.056303657999999857e+01,-2.766499414300000126e+01,-3.021598263199999934e+01
1.777888888900000097e+01,-3.142288824099999900e+01,-4.379077484399999776e+01,-3.313660648799999819e+01,-2.723464809200000047e+01,-2.336498894300000018e+01
1.779889889900000099e+01,-2.663847440900000052e+01,-3.733143205500000050e+01,-1.966604916700000061e+01,-2.635829616899999905e+01,-1.925582908299999829e+01
1.781890890900000102e+01,-3.540521466399999895e+01,-3.524326164200000022e+01,-2.670648403199999876e+01,-3.272446634799999998e+01,-3.663428407899999684e+01
1.783891891900000104e+01,-5.988719517399999859e+01,-3.783822752700000080e+01,-2.880657155800000169e+01,-2.514842027399999935e+01,-2.811869197800000109e+01
1.785892892900000106e+01,-2.570444690100000074e+01,-2.668231805199999940e+01,-2.822665762200000117e+01,-3.237208189999999774e+01,-2.242402314499999960e+01
1.787893893900000108e+01,-3.860646821099999926e+01,-2.770191984099999871e+01,-2.577588689599999938e+01,-4.002148795600000142e+01,-2.955440279000000103e+01
1.789894894900000111e+01,-3.424908885699999672e+01,-3.159770479399999843e+01,-2.900420163200000090e+01,-3.029842976799999832e+01,-2.905790531299999913e+01
1.791895895900000113e+01,-4.331483916700000236e+01,-3.372501206599999790e+01,-2.935159325100000061e+01,-2.295947931399999931e+01,-3.307557797399999799e+01
1.793896896900000115e+01,-4.187613527300000271e+01,-3.660218725299999676e+01,-1.303920865099999915e+01,-2.406110251499999908e+00,-1.972268592700000056e+01
1.795897897900000117e+01,-2.849026869400000095e+01,-3.016860424200000068e+01,-2.711663974900000085e+01,-2.857221346100000048e+01,-3.133481141200000053e+01
1.797898898900000120e+01,-3.313670763799999719e+01,-5.967056018500000114e+00,-2.557962376200000065e+01,-2.503949626900000069e+01,-2.326490323999999887e+01
1.799899899900000122e+01,-4.088789166000000108e+01,-3.090604384999999965e+01,-2.370323406900000052e+01,-3.563960998700000005e+01,-3.141540339599999854e+01
1.801900900900000124e+01,-3.488329187400000109e+01,-3.200674687800000129e+01,-2.014871579500000109e+01,-2.685696225899999945e+01,-2.835781789300000000e+01
1.803901901900000126e+01,-3.617225506399999801e+01,-3.434442594699999773e+01,-2.707711448199999893e+01,-2.724730776499999862e+01,-2.809439412900000121e+01
1.805902902900000129e+01,-3.932132970899999691e+01,-3.258150412500000215e+01,-3.677181612199999705e+01,-2.360423915499999836e+01,-3.211405885899999646e+01
1.807903903900000131e+01,-3.895462597800000282e+01,-5.450529522499999757e+01,-2.753491757999999834e+01,-2.848493494699999928e+01,-3.332088575499999905e+01
1.809904904900000133e+01,-4.256556614200000155e+01,-2.895219225299999977e+01,-2.773499491999999833e+01,-2.414438863199999830e+01,-2.779176414499999836e+01
1.811905905900000135e+01,-3.659899149700000009e+01,-1.933635050999999905e+01,-2.445665879399999909e+01,-2.405351583299999874e+01,-1.869614383500000088e+01
1.813906906900000138e+01,-3.863525461300000075e+01,-3.183591282800000144e+01,-2.341108168799999945e+01,-2.998615983099999838e+01,-2.799322821100000169e+01
1.815907907900000140e+01,-3.252289883299999929e+01,-3.489073779000000286e+01,-2.300171644299999940e+01,-2.396541995100000122e+01,-2.841835260999999946e+01
1.817908908900000142e+01,-4.895643453999999650e+01,-3.589115989599999779e+01,-2.537066418599999906e+01,-2.762584000300000042e+01,-2.600180299599999856e+01
1.819909909900000144e+01,-3.703518699100000333e+01,-3.062417789799999923e+01,-2.243285483400000047e+01,-2.472108191999999960e+01,-2.172905204599999962e+01
1.821910910900000147e+01,-4.275125783099999666e+01,-3.568621922900000243e+01,-2.928385700500000155e+01,-3.035701882400000073e+01,-3.124989014499999840e+01
1.823911911900000149e+01,-4.015036895800000138e+01,-3.226621540899999729e+01,-2.547632338200000035e+01,-3.179420064199999985e+01,-2.886824787200000131e+01
1.825912912900000151e+01,-3.904340656099999762e+01,-3.968135491200000331e+01,-1.923334139299999990e+01,-3.276659909300000351e+01,-1.905472515400000066e+00
1.827913913900000153e+01,-5.737062207599999653e+01,-2.581858431399999887e+01,-2.538579691199999999e+01,-2.674353025699999975e+01,-3.744089698399999833e+01
1.829914914900000156e+01,-3.691263898799999765e+01,-2.845514828700000010e+01,-2.538179686100000154e+01,-2.656574888500000142e+01,-2.741679886500000052e+01
1.831915915900000158e+01,-5.950485105800000341e+00,-4.379436677399999667e+01,-2.373436405400000027e+01,-2.935808013200000133e+01,-2.043749372099999917e+01
1.833916916900000160e+01,-3.704964472399999664e+01,-1.948298178499999977e+01,-2.702588741900000002e+01,-3.482979644699999966e+01,-2.152206019799999837e+01
1.835917917900000162e+01,-4.051006765500000029e+01,-2.803745582299999839e+01,-1.772670368800000062e+01,-2.438110304299999953e+01,-1.999229342699999989e+01
1.837918918900000165e+01,-3.180490788299999849e+01,-3.755581796100000247e+01,-2.390181740799999943e+01,-3.592874251199999946e+01,-2.591218970799999965e+01
1.839919919900000167e+01,-3.709377462700000194e+01,-3.752388177000000269e+01,-2.158332300700000062e+01,-2.399928000599999933e+01,-8.721153311200000147e+00
1.841920920900000169e+01,-3.460300581999999991e+01,-2.685486615099999952e+01,-2.454839126799999960e+01,-2.408757190900000111e+01,-2.533090354500000174e+01
1.843921921900000171e+01,-5.181477590600000127e+01,-3.597291961500000212e+01,-2.941441793999999987e+01,-2.766961615900000027e+01,-2.811128889300000111e+01
1.845922922900000174e+01,-2.637384628599999914e+01,-2.716262902000000068e+01,-2.054055276200000080e+01,-2.823966849700000026e+01,-2.064900561900000042e+01
1.847923923900000176e+01,-3.401066505899999726e+01,-2.831790186399999953e+01,-1.766090864199999899e+01,-2.577563201399999926e+01,-1.967472676099999873e+01
1.849924924899999823e+01,-4.968655567399999740e+01,-3.158856673900000089e+01,-3.113464227200000067e+01,-2.663482097600000031e+01,-2.153607455399999893e+01
1.851925925899999825e+01,-3.385410160499999677e+01,-3.962832131799999758e+01,-2.984999674599999864e+01,-3.219792341299999805e+01,-2.455893725399999994e+01
1.853926926899999827e+01,-3.026246928699999827e+01,-3.246032194600000054e+01,-2.908703257299999834e+01,-2.880097475499999859e+01,-2.386367312300000165e+01
1.855927927899999830e+01,-5.415832948900000332e+01,-4.851513187700000174e+01,-3.424715968400000321e+01,-2.738312099499999874e+01,-2.216030538200000066e+01
1.857928928899999832e+01,-3.177702057300000149e+01,-2.896910122199999904e+01,-3.034765356400000158e+01,-2.586517806999999891e+01,-2.225953764500000176e+01
1.859929929899999834e+01,-2.117392874600000141e+01,-3.069759415200000063e+01,-2.208859424699999963e+01,-1.661883265999999892e+01,-1.766848981900000126e+01
1.861930930899999836e+01,-2.823244739800000147e+01,-4.095084537299999994e+01,-3.094764225899999843e+01,-2.957586704999999938e+01,-2.622957134600000018e+01
1.863931931899999839e+01,-3.558602756500000197e+01,-2.756963476600000007e+01,-2.345397057099999927e+01,-3.549995431600000018e+01,-2.769321797599999968e+01
1.865932932899999841e+01,-3.037670297000000019e+01,-3.837066259600000251e+01,-1.922580993200000066e+01,-3.342681163200000327e+01,-3.010687383400000172e+01
1.867933933899999843e+01,-4.774204198700000035e+01,-4.805742360800000057e+01,-7.915392173799999931e+00,-8.742943545799999328e+00,-1.047058052699999919e+01
1.869934934899999845e+01,-3.952842769800000156e+01,-3.594456480899999917e+01,-1.499581347500000028e+01,-2.753220904300000171e+01,-1.815602318299999851e+01
1.871935935899999848e+01,-3.084057249299999981e+01,-3.779757713899999771e+01,-2.544397127499999911e+01,-2.299126907100000139e+01,-2.904121725499999940e+01
1.873936936899999850e+01,-2.781260614099999984e+01,-3.290083112800000009e+01,-2.919670311400000173e+01,-2.947625602999999828e+01,-2.869249255500000118e+01
1.875937937899999852e+01,-3.402199781400000234e+01,-3.981586710500000237e+01,-3.248217666499999723e+01,-2.530466906399999871e+01,-1.986645905199999973e+01
1.877938938899999854e+01,-4.115712902599999978e+01,-4.777883972600000106e+01,-2.711244488899999894e+01,-2.274836188500000134e+01,-1.095269719000000030e+01
1.879939939899999857e+01,-2.275513304500000089e+01,-2.529395248899999871e+01,-2.483683409500000039e+01,-3.237467116599999883e+01,-1.670675604799999903e+01
1.881940940899999859e+01,-3.209850251799999654e+01,-5.965333582699999937e+01,-2.471522587899999834e+01,-5.218177118500000233e+01,-2.214840334399999833e+01
1.883941941899999861e+01,-4.119494150500000273e+01,-4.534821107999999867e+01,-1.374847384999999989e+01,-9.320802018800000255e+00,-2.104100365300000064e+01
1.885942942899999863e+01,-3.431251962399999655e+01,-3.200008748199999786e+01,-1.400923742400000016e+01,-2.226468913000000072e+01,-2.384777869699999897e+01
1.887943943899999866e+01,-2.703339142100000103e+01,-2.089100439699999967e+01,-2.845093478500000117e+01,-1.404623955199999941e+01,-2.036486725299999989e+01
1.889944944899999868e+01,-4.846754194900000101e+01,-4.140504945299999662e+01,-2.865203091900000132e+01,-3.467967055999999815e+01,-3.279125767699999727e+01
1.891945945899999870e+01,-3.285081319500000063e+01,-3.760561052999999987e+01,-3.170505283299999988e+01,-2.681325378300000040e+01,-3.045786332899999849e+01
1.893946946899999872e+01,-5.616404904000000187e+01,-5.526396828000000028e+01,-2.787206865899999997e+01,-3.454920667100000031e+01,-2.950618444499999882e+01
1.895947947899999875e+01,-3.982411805499999957e+01,-3.474600334000000146e+01,-2.690722053100000011e+01,-3.265529163000000068e+01,-3.300097932599999950e+01
1.897948948899999877e+01,-3.212013368200000230e+01,-2.967280647799999826e+01,-2.130868402300000142e+01,-2.945499392900000046e+01,-1.865343091000000086e+01
1.899949949899999879e+01,-4.024126737299999945e+01,-6.035085000299999791e+01,-3.638825641199999694e+01,-2.741239172099999877e+01,-3.179662594799999908e+01
1.901950950999999890e+01,-4.586558916100000260e+01,-4.747110422899999804e+01,-2.881013100499999879e+01,-4.836483661500000153e+01,-2.546211301800000015e+01
1.903951951999999892e+01,-4.584213203600000242e+01,-2.880162827699999895e+01,-3.411226886600000086e+01,-2.557144062500000103e+01,-2.877800072200000159e+01
1.905952952999999894e+01,-4.449923061900000221e+01,-3.856194270799999657e+01,-2.751721713399999913e+01,-3.051821727400000128e+01,-2.720733381999999878e+01
1.907953953999999896e+01,-4.205705411600000332e+01,-3.737691289100000347e+01,-2.111326621099999912e+01,-1.348855497599999964e+01,-2.454268536200000028e+01
1.909954954999999899e+01,-2.832160050599999934e+01,-3.659939476800000335e+01,-2.250220601799999898e+01,-2.613149418100000076e+01,-1.414349151799999937e+01
1.911955955999999901e+01,-4.873431969100000316e+01,-3.896480947599999922e+01,-2.645875887500000090e+01,-4.167685669299999773e+01,-1.854595352200000136e+01
1.913956956999999903e+01,-2.996934748500000012e+01,-3.372511325600000021e+01,-2.976468252200000109e+01,-2.676700502999999998e+01,-2.569557493399999970e+01
1.915957957999999905e+01,-3.521394706099999894e+01,-3.575269066700000309e+01,-1.977905469599999932e+01,-2.121673568799999998e+01,-3.072294519500000121e+01
1.917958958999999908e+01,-3.783631989199999879e+01,-3.997429989399999783e+01,-3.356592876500000244e+01,-3.195160481499999960e+01,-3.890193050399999919e+01
1.919959959999999910e+01,-3.002970278300000118e+01,-3.175057832299999916e+01,-2.208348460399999880e+01,-2.650062345099999916e+01,-2.519798984199999836e+01
1.921960960999999912e+01,-3.116412632999999843e+01,-4.020996859299999926e+01,-2.396922341899999864e+01,-3.050303494599999965e+01,-4.050317028599999958e+01
1.923961961999999914e+01,-5.283400460600000059e+01,-4.390070512599999830e+01,-3.320590623399999686e+01,-4.271094090700000123e+01,-4.936829507600000255e+01
1.925962962999999917e+01,-4.282069104299999651e+01,-3.907990490699999953e+01,-2.702872207100000068e+01,-3.709484093799999727e+01,-4.697490914899999837e+01
1.927963963999999919e+01,-5.687838257199999958e+01,-4.728040486900000161e+01,-2.859076193499999974e+01,-2.903295752200000024e+01,-3.598395568499999797e+01
1.929964964999999921e+01,-3.603191787699999793e+01,-4.355582519800000085e+01,-3.253715734800000092e+01,-4.532843437900000083e+01,-4.824181481699999807e+01
1.931965965999999923e+01,-1.826943008599999985e+01,-2.763262250000000009e+01,-1.881678674200000145e+01,-2.675810356999999939e+01,-3.613181745899999697e+01
1.933966966999999926e+01,-4.188120172200000013e+01,-3.640459757299999666e+01,-3.189328054399999957e+01,-3.056807567999999975e+01,-3.399146388900000204e+01
1.935967967999999928e+01,-3.849285995000000327e+01,-3.731706791999999950e+01,-4.108311437799999766e+01,-4.121834695300000106e+01,-3.254824699899999985e+01
1.937968968999999930e+01,-2.297827098599999829e+01,-3.980672339499999879e+01,-1.837479955899999950e+01,-1.989208808000000062e+01,-2.152760848300000163e+01
1.939969969999999932e+01,-1.485611697400000075e+01,-4.674572205100000133e+01,-2.490505888499999898e+01,-2.491972836800000124e+01,-5.371746861700000153e+01
1.941970970999999935e+01,-4.647760083699999711e+01,-4.488964574900000315e+01,-2.356949038400000163e+01,-3.444280627900000269e+01,-3.788419575399999673e+01
1.943971971999999937e+01,-3.340025764899999672e+01,-5.164425332999999796e+01,-2.173008516499999843e+01,-2.529425509200000022e+01,-3.813146388999999914e+01
1.945972972999999939e+01,-3.567730076200000155e+01,-4.459380342899999761e+01,-3.296088450599999931e+01,-2.906377976899999993e+01,-3.570425649900000309e+01
1.947973973999999941e+01,-4.045185144300000246e+01,-4.446372903400000354e+01,-3.471862110299999671e+01,-3.408932600400000013e+01,-2.918233297900000167e+01
1.949974974999999944e+01,-4.042458790799999946e+01,-3.417420986799999838e+01,-2.349573416400000170e+01,-2.515903441100000038e+01,-3.253737877700000070e+01
1.951975975999999946e+01,-4.499960596199999685e+01,-3.476246651000000298e+01,-2.883933362799999855e+01,-2.998905835300000078e+01,-3.507260971400000216e+01
1.953976976999999948e+01,-3.650783343399999836e+01,-2.857841714899999985e+01,-1.227420103699999920e+01,-1.129964284300000088e+01,-1.035188654399999919e+01
1.955977977999999950e+01,-4.571823194299999926e+01,-2.789263178599999904e+01,-3.522323358399999904e+01,-3.209055815400000000e+01,-4.143374449200000242e+01
1.957978978999999953e+01,-4.487175599999999775e+01,-5.348668490400000053e+01,-3.306184392699999819e+01,-2.719428387700000016e+01,-2.966869379099999904e+01
1.959979979999999955e+01,-3.838713522700000169e+01,-4.701696994299999943e+01,-3.353790205800000024e+01,-2.955486517499999977e+01,-2.879448827399999900e+01
1.961980980999999957e+01,-3.743483967899999953e+01,-3.685466486899999694e+01,-7.380824945899999712e+00,-3.349574720900000102e+01,-2.587288396299999960e+01
1.963981981999999959e+01,-4.520912239599999793e+01,-4.313953528199999710e+01,-3.893199706299999718e+01,-2.865615988000000058e+01,-3.767962736199999796e+01
1.965982982999999962e+01,-4.887571318900000250e+01,-2.850437725999999827e+01,-2.008504032900000169e+01,-1.578205242399999975e+01,-8.780019428199999254e+00
1.967983983999999964e+01,-4.131100366100000087e+01,-4.288747839300000209e+01,-3.171107448300000087e+01,-3.583176697799999744e+01,-4.519751996499999791e+01
1.969984984999999966e+01,-3.662626403800000219e+01,-4.135939915000000155e+01,-3.105404635500000055e+01,-3.630200545799999645e+01,-3.922448691599999648e+01
1.971985985999999968e+01,-3.107088396099999983e+01,-3.074169743399999888e+01,-3.731712337700000148e+01,-3.023784462500000103e+01,-3.341510715199999737e+01
1.973986986999999971e+01,-4.188298293199999733e+01,-2.711184361200000126e+01,-1.855677913899999965e+01,-1.736657931799999943e+01,-2.478389386699999974e+01
1.975987987999999973e+01,-4.457536864600000115e+01,-5.734873637999999829e+01,-3.478166941100000287e+01,-3.855539529499999674e+01,-3.447692562299999963e+01
1.977988988999999975e+01,-3.517986411700000104e+01,-3.762036520499999881e+01,-2.735345368500000163e+01,-4.438503528700000089e+01,-1.889157343400000144e+01
1.979989989999999977e+01,-3.713910303200000129e+01,-5.125191713699999951e+01,-2.339749739299999831e+01,-2.572004604600000022e+01,-2.460751967699999909e+01
1.981990990999999980e+01,-3.367227215799999840e+01,-3.392256131500000293e+01,-1.012885737500000083e+01,-2.428991179399999822e+01,-1.796465261599999863e+01
1.983991991999999982e+01,-3.449952202400000090e+01,-3.837965902399999862e+01,-4.129150119199999835e+01,-4.171849771800000184e+01,-3.402411178199999853e+01
1.985992992999999984e+01,-4.487544717000000105e+01,-6.039419740099999956e+01,-3.154867555099999876e+01,-3.047503540800000010e+01,-2.680292132900000013e+01
1.987993993999999986e+01,-4.379086853599999785e+01,-3.316866757799999732e+01,-3.555042318699999981e+01,-3.038622187300000022e+01,-3.182716980600000056e+01
1.989994994999999989e+01,-4.990166571799999673e+01,-3.950353139300000294e+01,-1.637782518199999870e+01,-2.536126657399999829e+01,-3.192982290500000175e+01
1.991995995999999991e+01,-3.975644063800000083e+01,-4.711814609000000331e+01,-1.480806035099999995e+01,-1.324027919999999980e+01,-1.976452342700000031e+01
1.993996996999999993e+01,-4.314046616800000322e+01,-3.609988114499999767e+01,-2.877950635399999868e+01,-2.852401441700000007e+01,-2.679645840699999937e+01
1.995997997999999995e+01,-3.485385284400000216e+01,-3.787639620899999926e+01,-3.595596190900000266e+01,-3.943452122699999762e+01,-4.746404572299999813e+01
1.997998998999999998e+01,-3.993536121999999722e+01,-5.509848735100000283e+01,-3.277457959899999906e+01,-3.720773349699999955e+01,-3.612214956700000101e+01
2.000000000000000000e+01,-2.305935267699999969e+01,-3.788707226999999733e+01,-3.188573639099999824e+01,-3.010438349700000060e+01,-2.966307624999999959e+01
