freq_GHz,S21_dB,S31_dB,S41_dB,S51_dB,S61_dB
1.000000000000000021e-02,-8.169666245199999821e+01,-7.296029578899999990e+01,-6.671285956399999861e+01,-8.039249690699999462e+01,-6.868972063699999353e+01
3.001001001000000099e-02,-8.037890758700000049e+01,-7.624659259300000258e+01,-8.255409400700000333e+01,-8.094780396900000596e+01,-7.274367463400000133e+01
5.002002002000000003e-02,-8.732872379399999829e+01,-8.880352053199999318e+01,-7.772170920300000319e+01,-8.367487997099999575e+01,-8.827742030500000681e+01
7.003003002999999560e-02,-7.818050555400000690e+01,-8.298330715900000598e+01,-7.733863009399999555e+01,-7.477013365300000203e+01,-7.981036199899999417e+01
9.004004004000000505e-02,-8.150199466200000131e+01,-8.417287558399999625e+01,-9.409382661899999789e+01,-8.740660264100000632e+01,-8.678105941100000109e+01
1.100500500500000006e-01,-7.959563219700000047e+01,-8.147906618899999387e+01,-8.421187788000000296e+01,-8.170040541599999528e+01,-7.538353562599999691e+01
1.300600600600000101e-01,-8.000610286299999530e+01,-8.177062006900000313e+01,-9.062826172200000485e+01,-8.825023832899999832e+01,-8.748540196000000435e+01
1.500700700700000056e-01,-8.283605922399999599e+01,-8.797333239499999991e+01,-1.017675850499999939e+02,-7.649923041099999921e+01,-8.729713781499999925e+01
1.700800800800000012e-01,-8.048393563800000550e+01,-8.026607686600000591e+01,-8.231746579100000361e+01,-8.513651321300000063e+01,-7.521293953599999327e+01
1.900900900899999968e-01,-7.361927804399999786e+01,-7.641578653300000212e+01,-7.836123390599999539e+01,-7.307860920199999555e+01,-7.938334091599999454e+01
2.101001000999999924e-01,-8.215835979499999553e+01,-8.299048369599999830e+01,-8.017550136900000268e+01,-8.314688019599999791e+01,-7.525384774100000129e+01
2.301101101100000157e-01,-7.783301876000000163e+01,-7.516181345600000441e+01,-8.102355513800000608e+01,-7.741914490000000626e+01,-8.317530532000000676e+01
2.501201201200000113e-01,-7.709429799100000480e+01,-7.967447142700000029e+01,-7.263760147899999708e+01,-7.958929582800000446e+01,-7.677029882899999791e+01
2.701301301299999791e-01,-8.888631217699999354e+01,-7.857358521400000484e+01,-8.122112465499999701e+01,-8.730406469599999753e+01,-7.604664037000000576e+01
2.901401401400000024e-01,-8.380852683300000194e+01,-7.814133289100000468e+01,-9.378675519300000474e+01,-8.571326681799999392e+01,-8.064260588099999438e+01
3.101501501499999702e-01,-8.019472600999999656e+01,-7.970511374900000590e+01,-8.417070673000000625e+01,-8.149847781100000077e+01,-7.362323871799999608e+01
3.301601601600000491e-01,-7.942666642300000035e+01,-1.001644937700000071e+02,-7.138180895200000009e+01,-7.858439517499999738e+01,-7.199187519299999849e+01
3.501701701700000169e-01,-9.217379697299999464e+01,-7.725856351400000221e+01,-8.127282815700000640e+01,-8.592594626899999355e+01,-8.170615768999999773e+01
3.701801801799999847e-01,-7.263405060499999877e+01,-8.179624588999999446e+01,-7.656371143399999823e+01,-8.268259432000000686e+01,-6.940885744700000259e+01
3.901901901900000080e-01,-7.387070828699999936e+01,-9.053648767100000327e+01,-7.492889558500000646e+01,-7.533826815800000531e+01,-7.025206767299999910e+01
4.102002001999999758e-01,-7.895302819699999475e+01,-7.277850108200000534e+01,-7.282298529199999848e+01,-7.429988381900000149e+01,-7.113074297500000398e+01
4.302102102099999992e-01,-8.402780107700000656e+01,-7.623711136699999713e+01,-7.718573927299999582e+01,-8.069896224900000448e+01,-7.265302359300000035e+01
4.502202202200000225e-01,-7.630113740100000541e+01,-7.417783603899999889e+01,-7.713854989300000398e+01,-8.837737409700000057e+01,-6.932211676699999714e+01
4.702302302300000458e-01,-7.493055862500000330e+01,-7.008630107000000464e+01,-7.826920094700000163e+01,-7.619116725499999632e+01,-6.982519444000000419e+01
4.902402402400000136e-01,-7.205322673199999883e+01,-7.306427748299999791e+01,-7.128372003900000209e+01,-7.174844159100000240e+01,-6.616900545000000022e+01
5.102502502500000370e-01,-7.027657441799999560e+01,-7.567860878999999841e+01,-7.151424090300000103e+01,-8.428673959500000024e+01,-6.627765055599999755e+01
5.302602602599999493e-01,-7.969692334200000516e+01,-7.073874583399999949e+01,-6.787430750500000443e+01,-7.681334667000000138e+01,-6.258906794800000029e+01
5.502702702699999726e-01,-7.829297581199999456e+01,-7.114079785600000605e+01,-7.017345141600000602e+01,-8.263387014299999578e+01,-6.043123682899999949e+01
5.702802802799999959e-01,-7.146877942199999723e+01,-7.104755857899999683e+01,-6.509130350099999873e+01,-7.348461256299999889e+01,-5.594088880799999686e+01
5.902902902899999082e-01,-8.253711787599999639e+01,-8.694585693599999843e+01,-6.326891533500000264e+01,-7.060741742800000509e+01,-5.565332146699999782e+01
6.103003002999999316e-01,-7.364796805100000654e+01,-6.775814744999999562e+01,-6.042985912999999698e+01,-6.656053963899999815e+01,-5.329291274599999895e+01
6.303103103099999549e-01,-7.521030355599999950e+01,-7.430181403000000273e+01,-6.103100843499999684e+01,-6.682867774999999710e+01,-5.325781614899999994e+01
6.503203203200000893e-01,-6.694021187299999553e+01,-8.747844473300000345e+01,-6.092741931799999833e+01,-6.310988198300000107e+01,-4.965358642999999716e+01
6.703303303300000016e-01,-7.043447307300000659e+01,-6.496586315700000114e+01,-5.651970930299999907e+01,-6.582072531800000093e+01,-4.812833457600000031e+01
6.903403403400000249e-01,-7.153163573499999472e+01,-7.234369111600000224e+01,-5.462524562299999786e+01,-6.585827761100000544e+01,-4.689137533099999899e+01
7.103503503500000482e-01,-7.805745391899999674e+01,-8.041647226099999557e+01,-5.547088541400000139e+01,-7.045701526700000272e+01,-4.590350149799999713e+01
7.303603603599999605e-01,-6.372103522599999792e+01,-6.763885101299999292e+01,-5.349301027900000349e+01,-7.084346116999999765e+01,-4.493888145700000081e+01
7.503703703699999839e-01,-6.234733710999999801e+01,-6.641795359500000018e+01,-5.261227264600000098e+01,-6.515153202999999849e+01,-4.517357597200000185e+01
7.703803803800000072e-01,-6.513845516599999996e+01,-6.487881693399999961e+01,-5.159713350500000217e+01,-7.601201461300000517e+01,-4.440544604800000172e+01
7.903903903900000305e-01,-6.261465856499999916e+01,-6.071381388100000009e+01,-5.162502515700000316e+01,-6.909640320100000110e+01,-4.430428128999999871e+01
8.104004003999999428e-01,-5.884844728699999905e+01,-6.138275234999999697e+01,-5.101177960300000080e+01,-6.973756931699999484e+01,-4.427926370400000167e+01
8.304104104099999661e-01,-5.692509213299999971e+01,-6.240196472400000260e+01,-5.048949774199999752e+01,-6.778566472999999348e+01,-4.442521518000000214e+01
8.504204204199999895e-01,-5.429652914399999730e+01,-6.414145433400000229e+01,-4.958618596299999837e+01,-6.778638017400000138e+01,-4.296312697300000139e+01
8.704304304299999018e-01,-5.556981067200000268e+01,-6.096599637399999949e+01,-4.969758156799999682e+01,-6.184908543200000253e+01,-4.244299756899999920e+01
8.904404404400000361e-01,-5.401511437999999998e+01,-5.768542764499999720e+01,-4.888671883899999671e+01,-5.923737884399999842e+01,-4.176375184399999796e+01
9.104504504500000595e-01,-5.420894420999999852e+01,-5.602636964700000277e+01,-4.880783564299999711e+01,-6.180230159999999984e+01,-4.154822040399999850e+01
9.304604604600000828e-01,-5.249018644099999875e+01,-5.828647902600000208e+01,-4.855287018500000329e+01,-6.506558764700000097e+01,-4.087971447099999978e+01
9.504704704699999951e-01,-5.510311456800000229e+01,-5.991095947899999885e+01,-4.918134660799999835e+01,-6.119227839199999863e+01,-4.131556867500000152e+01
9.704804804800000184e-01,-5.737025652399999842e+01,-5.929676353199999994e+01,-4.908956578800000159e+01,-6.081293683199999833e+01,-4.203682595699999780e+01
9.904904904900000417e-01,-5.759197963599999781e+01,-5.747360141600000105e+01,-4.895022608200000036e+01,-6.035473151099999711e+01,-4.281407006999999965e+01
1.010500500500000065e+00,-5.947180578700000098e+01,-5.861680198900000249e+01,-4.912732690100000355e+01,-6.204299238400000149e+01,-4.345715695700000225e+01
1.030510510500000088e+00,-6.509063992699999801e+01,-6.408381231699999603e+01,-5.029044684099999785e+01,-6.130811030499999958e+01,-4.310581398800000130e+01
1.050520520500000110e+00,-6.431663820999999359e+01,-7.781339351200000465e+01,-4.936156637599999897e+01,-6.167973213999999871e+01,-4.245762476099999816e+01
1.070530530499999911e+00,-6.216948467899999997e+01,-6.242743272399999910e+01,-4.966816019000000182e+01,-6.202185925199999872e+01,-4.279666440799999805e+01
1.090540540499999933e+00,-6.614134814300000187e+01,-6.448726364799999544e+01,-4.928827177899999867e+01,-6.244647180799999830e+01,-4.180544773500000133e+01
1.110550550599999964e+00,-7.480812293699999316e+01,-6.847030216500000677e+01,-4.919473439299999740e+01,-6.665432741099999703e+01,-4.123959971000000024e+01
1.130560560599999986e+00,-7.316202500599999325e+01,-6.575553957500000024e+01,-4.867072859599999646e+01,-6.410985986199999331e+01,-4.079327622800000341e+01
1.150570570600000009e+00,-7.169904702399999508e+01,-6.175574343000000255e+01,-5.032154293300000347e+01,-6.294476447499999949e+01,-4.099640447800000231e+01
1.170580580599999809e+00,-7.188032126599999572e+01,-6.454402924699999744e+01,-4.865662526700000257e+01,-6.282013182299999698e+01,-4.058827837199999777e+01
1.190590590599999832e+00,-6.829092583599999955e+01,-6.367605849800000328e+01,-4.968537589999999682e+01,-6.936133413899999312e+01,-4.048284315600000127e+01
1.210600600599999854e+00,-7.130054434599999524e+01,-6.380966327699999852e+01,-4.876622615800000204e+01,-6.749928534699999716e+01,-3.967601083800000339e+01
1.230610610599999877e+00,-6.479097919500000557e+01,-7.404583501099999410e+01,-4.665655623600000013e+01,-6.212076006000000206e+01,-3.870974277599999880e+01
1.250620620599999899e+00,-6.316933752100000277e+01,-6.438807983399999557e+01,-4.672616532600000028e+01,-5.954537677599999768e+01,-3.845514855799999765e+01
1.270630630599999922e+00,-6.263729731899999820e+01,-6.752142031699999336e+01,-4.468477941100000095e+01,-5.881819779500000323e+01,-3.795565167000000173e+01
1.290640640599999944e+00,-6.271320422099999803e+01,-6.617299716399999454e+01,-4.410626153799999827e+01,-5.718205972999999886e+01,-3.704080190199999834e+01
1.310650650699999975e+00,-6.054128309899999749e+01,-7.134092951899999946e+01,-4.339695679300000108e+01,-5.699843244000000198e+01,-3.654916521199999835e+01
1.330660660699999998e+00,-5.722127440199999882e+01,-6.360584870200000296e+01,-4.410973047000000236e+01,-5.600236186800000127e+01,-3.638973346299999889e+01
1.350670670700000020e+00,-5.832307889399999823e+01,-5.946005254899999670e+01,-4.475730793799999674e+01,-5.738680830799999910e+01,-3.533767951800000162e+01
1.370680680700000043e+00,-6.347620313099999834e+01,-5.715849497899999676e+01,-4.457335179599999719e+01,-5.572435062899999991e+01,-3.477153409499999981e+01
1.390690690700000065e+00,-5.738152894800000325e+01,-5.857965705299999826e+01,-4.351057336899999939e+01,-5.623884713799999702e+01,-3.408735144100000269e+01
1.410700700700000088e+00,-5.862494144299999732e+01,-5.979083462100000190e+01,-4.190122914700000223e+01,-5.662904699799999975e+01,-3.355241225900000046e+01
1.430710710700000110e+00,-5.772774430700000181e+01,-6.347575287200000105e+01,-4.107213413699999904e+01,-5.729275190199999912e+01,-3.301890727400000003e+01
1.450720720700000133e+00,-5.828132283299999727e+01,-5.576232670000000269e+01,-3.989614912300000071e+01,-5.569051074400000090e+01,-3.238636093899999935e+01
1.470730730700000155e+00,-5.500825849000000289e+01,-5.557040270000000248e+01,-3.874814753900000142e+01,-5.957368333200000166e+01,-3.204391529499999791e+01
1.490740740699999956e+00,-5.440934410399999877e+01,-5.350861503000000141e+01,-3.744787759100000102e+01,-5.543583455299999940e+01,-3.173847252099999849e+01
1.510750750799999986e+00,-5.210416278799999645e+01,-5.095541843200000187e+01,-3.617971705499999757e+01,-5.830949075699999895e+01,-3.134215504899999871e+01
1.530760760800000009e+00,-5.341924817299999972e+01,-5.383190819699999707e+01,-3.501184525600000086e+01,-6.117851395000000281e+01,-3.046403186499999904e+01
1.550770770800000031e+00,-5.352377550799999995e+01,-5.508856524600000171e+01,-3.428963344999999663e+01,-7.811952002900000025e+01,-2.956136744799999860e+01
1.570780780800000054e+00,-5.177534264900000238e+01,-5.443418922400000071e+01,-3.380002724500000255e+01,-6.191528381100000189e+01,-2.919170219800000154e+01
1.590790790799999854e+00,-5.243389343100000133e+01,-5.680327081400000111e+01,-3.304841011399999928e+01,-5.755203248000000116e+01,-2.873129326200000122e+01
1.610800800799999877e+00,-5.063956903399999732e+01,-5.932975945900000170e+01,-3.257122920500000163e+01,-5.710163446199999981e+01,-2.858624014500000143e+01
1.630810810799999899e+00,-4.728703614999999871e+01,-5.148827324599999855e+01,-3.163510937699999914e+01,-5.570129264799999902e+01,-2.867356069799999929e+01
1.650820820799999922e+00,-4.491006508299999922e+01,-5.255436826300000064e+01,-3.097368709199999870e+01,-5.723336029200000041e+01,-2.844305749100000114e+01
1.670830830799999944e+00,-4.456888272399999806e+01,-4.865160614799999905e+01,-3.034755207799999965e+01,-5.578406232500000073e+01,-2.785527627000000095e+01
1.690840840799999967e+00,-4.404300516200000004e+01,-4.885582784399999667e+01,-2.955111732399999980e+01,-6.055153353800000104e+01,-2.754178543500000131e+01
1.710850850899999998e+00,-4.095002295799999814e+01,-4.745091060800000093e+01,-2.915800617800000083e+01,-6.090479996100000193e+01,-2.715274624599999953e+01
1.730860860900000020e+00,-4.047010470000000026e+01,-4.765570853599999879e+01,-2.941746556400000046e+01,-6.245096403299999821e+01,-2.692958647600000077e+01
1.750870870900000043e+00,-4.024412074300000342e+01,-5.086924979500000177e+01,-3.015529072900000074e+01,-5.910155159800000035e+01,-2.666764716500000176e+01
1.770880880900000065e+00,-4.053621503400000137e+01,-5.566545961399999953e+01,-3.035924324599999835e+01,-5.384151265799999919e+01,-2.673426922100000169e+01
1.790890890900000088e+00,-4.081026712199999906e+01,-5.184740429400000039e+01,-3.027391933699999882e+01,-5.298004270500000246e+01,-2.717266342199999940e+01
1.810900900900000110e+00,-4.068290790199999662e+01,-4.964108271999999999e+01,-3.105216845300000017e+01,-5.086436434000000162e+01,-2.791928896499999979e+01
1.830910910900000133e+00,-4.024527697100000267e+01,-4.986930041299999772e+01,-3.137952640700000018e+01,-5.119122907500000252e+01,-2.949940313600000152e+01
1.850920920900000155e+00,-4.335942748600000129e+01,-5.369289731599999982e+01,-3.249202126499999821e+01,-5.021032140599999849e+01,-3.137264678600000067e+01
1.870930930900000178e+00,-4.533222867700000336e+01,-5.679012508099999934e+01,-3.320441741900000210e+01,-5.541129103099999753e+01,-3.317247660700000012e+01
1.890940940900000200e+00,-4.728033047299999936e+01,-6.492758524299999578e+01,-3.372874400999999978e+01,-5.927417808100000229e+01,-3.429683201499999967e+01
1.910950951000000009e+00,-4.817103253300000176e+01,-5.777273709400000001e+01,-3.419380775100000136e+01,-5.999006324500000176e+01,-3.469501842599999719e+01
1.930960961000000031e+00,-5.105423896599999978e+01,-5.464680534400000056e+01,-3.401954545299999921e+01,-6.184080710900000355e+01,-3.388417976600000259e+01
1.950970971000000054e+00,-5.292623291400000340e+01,-5.272198412800000256e+01,-3.361847575800000243e+01,-5.751191994500000249e+01,-3.263269894300000118e+01
1.970980981000000076e+00,-5.394910183900000078e+01,-5.424031272900000289e+01,-3.366684685399999921e+01,-5.571137383300000323e+01,-3.169185770500000032e+01
1.990990991000000099e+00,-5.688217432999999801e+01,-5.503881286600000067e+01,-3.369326662200000300e+01,-5.588336646500000171e+01,-3.144084303500000033e+01
2.011001000999999899e+00,-5.801448286899999829e+01,-5.599678355100000005e+01,-3.364021091000000041e+01,-5.982052725199999799e+01,-3.106512309400000049e+01
2.031011010999999922e+00,-5.330738006299999654e+01,-5.730512265899999846e+01,-3.400757523299999718e+01,-5.702862877700000155e+01,-3.132245884499999988e+01
2.051021020999999944e+00,-5.460962024300000195e+01,-5.672135874699999647e+01,-3.368828023900000090e+01,-5.322737060299999712e+01,-3.156070874099999912e+01
2.071031030999999967e+00,-5.560217446899999771e+01,-5.358794900400000216e+01,-3.329502003099999996e+01,-5.725930348899999700e+01,-3.173008544400000019e+01
2.091041040999999989e+00,-5.448577168599999965e+01,-5.228198849500000023e+01,-3.288615860800000235e+01,-5.658225209599999772e+01,-3.205504000199999837e+01
2.111051051100000020e+00,-5.134547427500000083e+01,-5.301459923800000240e+01,-3.289437088700000089e+01,-6.760826379899999949e+01,-3.193511223799999854e+01
2.131061061100000043e+00,-4.784159961099999947e+01,-5.169482537900000096e+01,-3.310785393799999810e+01,-5.706769238399999722e+01,-3.232097045500000121e+01
2.151071071100000065e+00,-4.647602415899999784e+01,-5.123019143999999869e+01,-3.361264983800000294e+01,-5.526527591800000039e+01,-3.294827771300000308e+01
2.171081081100000088e+00,-4.570826424999999915e+01,-5.504979070400000296e+01,-3.385081013500000324e+01,-5.355870994499999682e+01,-3.333808412999999859e+01
2.191091091100000110e+00,-4.492389459900000048e+01,-5.208498989999999651e+01,-3.392738364899999937e+01,-5.522209127699999698e+01,-3.381120281399999783e+01
2.211101101099999688e+00,-4.440749534199999715e+01,-5.156665286199999798e+01,-3.401440370299999927e+01,-6.097552554800000024e+01,-3.419565389699999969e+01
2.231111111099999711e+00,-4.392104368900000111e+01,-5.374928200299999759e+01,-3.350388439999999690e+01,-5.960065565000000021e+01,-3.359228259300000019e+01
2.251121121099999733e+00,-4.443015204900000015e+01,-5.202080565299999648e+01,-3.343753776500000185e+01,-7.050238396100000671e+01,-3.332682846000000154e+01
2.271131131099999756e+00,-4.399238370300000156e+01,-5.560010606800000232e+01,-3.370222854699999715e+01,-6.317048525999999953e+01,-3.257887296599999871e+01
2.291141141099999778e+00,-4.470795530699999887e+01,-5.609692093099999965e+01,-3.371112016400000044e+01,-6.310559424400000239e+01,-3.196220733199999842e+01
2.311151151199999809e+00,-4.601426736100000170e+01,-5.165408848900000294e+01,-3.409081862699999732e+01,-7.381116804200000558e+01,-3.072184271100000075e+01
2.331161161199999832e+00,-4.592984651199999746e+01,-5.094287254999999703e+01,-3.360373142800000323e+01,-6.195516259800000114e+01,-2.968994339700000040e+01
2.351171171199999854e+00,-4.515190116400000164e+01,-4.726981810800000261e+01,-3.272629875399999833e+01,-6.154055315800000159e+01,-2.861899737099999896e+01
2.371181181199999877e+00,-4.500469870399999905e+01,-4.878806152500000337e+01,-3.217490488100000334e+01,-6.005469346800000352e+01,-2.759510889199999895e+01
2.391191191199999899e+00,-4.622175999899999965e+01,-4.697501889400000152e+01,-3.199942501099999959e+01,-5.597995913999999829e+01,-2.707242999900000058e+01
2.411201201199999922e+00,-4.658078554099999735e+01,-4.636802042600000107e+01,-3.207845726000000042e+01,-5.407740694900000022e+01,-2.662536376899999979e+01
2.431211211199999944e+00,-4.847859345599999870e+01,-4.882080962999999940e+01,-3.184078388100000012e+01,-5.357230920500000337e+01,-2.658014108500000106e+01
2.451221221199999967e+00,-4.686241841900000082e+01,-4.890009273100000087e+01,-3.118239754400000052e+01,-5.203200980999999814e+01,-2.631404975599999929e+01
2.471231231199999989e+00,-4.881768484999999913e+01,-4.855593426600000129e+01,-3.129409148599999924e+01,-5.279319154099999878e+01,-2.627510420699999827e+01
2.491241241200000012e+00,-4.818794696599999838e+01,-4.788820099200000158e+01,-3.062860560500000062e+01,-5.134534193500000043e+01,-2.597018817500000054e+01
2.511251251300000042e+00,-4.871334096700000060e+01,-4.930018373200000070e+01,-3.084617863200000087e+01,-5.075956909399999972e+01,-2.635911131800000007e+01
2.531261261300000065e+00,-4.706854250699999653e+01,-4.911021354999999744e+01,-3.125178997300000105e+01,-5.337589394799999809e+01,-2.640510524300000128e+01
2.551271271300000087e+00,-4.881186686800000274e+01,-4.956551690999999948e+01,-3.127366534200000103e+01,-5.122915890600000210e+01,-2.670978616800000083e+01
2.571281281300000110e+00,-4.932051927599999885e+01,-5.057938264300000242e+01,-3.168321400099999963e+01,-5.559802925599999668e+01,-2.702781322499999916e+01
2.591291291300000132e+00,-5.164200648900000346e+01,-5.062040082000000041e+01,-3.190828368100000034e+01,-5.837108546000000331e+01,-2.724727395400000063e+01
2.611301301300000155e+00,-5.140232708399999950e+01,-4.702301687399999963e+01,-3.179323033000000009e+01,-5.613847973600000074e+01,-2.757693241500000170e+01
2.631311311300000177e+00,-5.347481564499999962e+01,-4.765718042900000029e+01,-3.202452771099999751e+01,-5.306801230899999666e+01,-2.815150181199999935e+01
2.651321321300000200e+00,-6.033929915000000221e+01,-4.713755900499999996e+01,-3.242518563899999862e+01,-5.482255976799999786e+01,-2.857845523199999960e+01
2.671331331300000222e+00,-5.712074769200000190e+01,-4.767671389800000270e+01,-3.222186996100000300e+01,-5.522155966599999743e+01,-2.867241788999999841e+01
2.691341341300000245e+00,-5.400367050700000249e+01,-4.793180332299999691e+01,-3.226178646299999997e+01,-5.171455816200000299e+01,-2.901866973499999958e+01
2.711351351400000276e+00,-5.914366764500000073e+01,-4.851403925799999683e+01,-3.196249763100000152e+01,-5.302175417800000190e+01,-2.916119561200000021e+01
2.731361361400000298e+00,-5.920527744799999681e+01,-4.886573496500000147e+01,-3.231699864099999786e+01,-5.082684442699999749e+01,-2.920278289599999866e+01
2.751371371399999877e+00,-6.497262858700000265e+01,-4.985249320799999850e+01,-3.246846811700000046e+01,-5.262186826300000320e+01,-2.942159140800000117e+01
2.771381381399999899e+00,-6.737850909899999863e+01,-4.863266487399999960e+01,-3.212607988199999909e+01,-5.399034489999999664e+01,-2.940350056799999834e+01
2.791391391399999922e+00,-6.154805761400000108e+01,-5.332839952399999817e+01,-3.204143574799999783e+01,-5.698502292999999952e+01,-2.951192714100000103e+01
2.811401401399999944e+00,-5.531804180500000001e+01,-5.189237235400000259e+01,-3.218885546100000283e+01,-5.752423251500000134e+01,-2.949474354499999862e+01
2.831411411399999967e+00,-5.513689270900000139e+01,-5.543913349099999976e+01,-3.169645768499999861e+01,-5.591309976600000198e+01,-2.985409744400000065e+01
2.851421421399999989e+00,-5.560502218900000315e+01,-5.602831338200000033e+01,-3.120149729199999911e+01,-5.823091253500000164e+01,-2.973027733300000008e+01
2.871431431400000012e+00,-5.382860352299999818e+01,-5.705483580799999999e+01,-3.093864295399999875e+01,-5.353235824699999768e+01,-3.029274388199999990e+01
2.891441441400000034e+00,-5.326338316999999734e+01,-6.855205296900000178e+01,-3.058271899800000071e+01,-5.277872516499999733e+01,-3.073154021099999866e+01
2.911451451500000065e+00,-5.122344847899999820e+01,-7.849556048300000555e+01,-3.049608269000000149e+01,-5.672051198900000202e+01,-3.111646170899999930e+01
2.931461461500000087e+00,-5.116674633299999897e+01,-6.027152827900000176e+01,-3.069972494800000007e+01,-5.488143481600000229e+01,-3.115764560499999902e+01
2.951471471500000110e+00,-4.938062388499999855e+01,-6.569667724699999667e+01,-3.047997305699999870e+01,-5.542082676500000105e+01,-3.157407079100000047e+01
2.971481481500000132e+00,-5.190900849900000225e+01,-6.342956678699999884e+01,-3.008738742499999930e+01,-5.352569279899999799e+01,-3.196142846500000090e+01
2.991491491500000155e+00,-5.051272399399999813e+01,-6.119544406199999997e+01,-2.986888751900000116e+01,-5.611393458900000297e+01,-3.260121190600000318e+01
3.011501501500000177e+00,-4.850462177600000047e+01,-5.949189201499999768e+01,-2.974924070400000176e+01,-5.672733207400000310e+01,-3.282311504799999824e+01
3.031511511500000200e+00,-4.986108503599999864e+01,-5.801287138699999701e+01,-2.986075873000000058e+01,-5.434295673199999754e+01,-3.359327988599999770e+01
3.051521521499999778e+00,-5.040388384700000302e+01,-6.369573614000000106e+01,-2.946071822700000098e+01,-5.281708062700000283e+01,-3.372667100599999657e+01
3.071531531499999801e+00,-5.074836271099999863e+01,-6.726074397300000385e+01,-2.939098705800000033e+01,-5.427853864200000089e+01,-3.409983981900000316e+01
3.091541541499999823e+00,-5.055781329399999890e+01,-5.568359586799999761e+01,-2.885637700699999897e+01,-5.654342362199999883e+01,-3.439926244699999813e+01
3.111551551599999854e+00,-5.035632134400000126e+01,-6.291242031200000184e+01,-2.854523922999999996e+01,-5.723346021999999778e+01,-3.421496267100000210e+01
3.131561561599999877e+00,-4.983739324999999809e+01,-5.730161766599999851e+01,-2.823853056300000119e+01,-5.600174934500000035e+01,-3.418476876399999753e+01
3.151571571599999899e+00,-4.777035848999999956e+01,-5.868721790499999713e+01,-2.810224730799999904e+01,-5.647878247100000237e+01,-3.332227420000000251e+01
3.171581581599999922e+00,-4.703140911799999913e+01,-6.354983613699999978e+01,-2.806167241200000007e+01,-6.517003135000000213e+01,-3.280029504099999826e+01
3.191591591599999944e+00,-4.706123577799999680e+01,-5.292420707499999821e+01,-2.786661822399999977e+01,-6.309039824999999979e+01,-3.170594298900000041e+01
3.211601601599999967e+00,-4.651492716199999933e+01,-5.339464630999999883e+01,-2.802951501300000103e+01,-5.533585311000000218e+01,-3.055831874100000078e+01
3.231611611599999989e+00,-4.744727895199999779e+01,-5.102532885400000140e+01,-2.788418486400000162e+01,-5.963805085999999989e+01,-2.955840488999999849e+01
3.251621621600000012e+00,-4.652545021899999966e+01,-5.029270575999999693e+01,-2.761933528799999849e+01,-5.682018987899999729e+01,-2.853063629200000051e+01
3.271631631600000034e+00,-4.681153294599999981e+01,-5.444403110300000037e+01,-2.746288985600000032e+01,-5.705792444800000141e+01,-2.759645690099999982e+01
3.291641641600000057e+00,-4.642956910299999862e+01,-5.274264715099999989e+01,-2.726388440099999855e+01,-5.735948393799999678e+01,-2.655132212899999899e+01
3.311651651699999643e+00,-4.575936203999999918e+01,-5.587497587800000076e+01,-2.713943043600000138e+01,-5.797470484800000179e+01,-2.585094686100000061e+01
3.331661661699999666e+00,-4.481418786999999782e+01,-5.098393767999999682e+01,-2.712175638900000152e+01,-5.727598805499999912e+01,-2.500472757300000026e+01
3.351671671699999688e+00,-4.399895107599999733e+01,-5.370977928300000315e+01,-2.715525402900000174e+01,-6.131301878299999686e+01,-2.420817967400000015e+01
3.371681681699999711e+00,-4.426233124299999844e+01,-6.233223191399999763e+01,-2.724210382300000077e+01,-5.660503178799999802e+01,-2.378871736199999987e+01
3.391691691699999733e+00,-4.355028879999999702e+01,-5.640760571700000270e+01,-2.766978181300000017e+01,-5.352833699600000017e+01,-2.311696794999999938e+01
3.411701701699999756e+00,-4.476020318900000206e+01,-5.617250100799999757e+01,-2.801409917000000149e+01,-5.179768348500000030e+01,-2.268779545399999975e+01
3.431711711699999778e+00,-4.329970820399999809e+01,-5.344596139899999798e+01,-2.818111545100000015e+01,-5.792200689500000266e+01,-2.227291971900000078e+01
3.451721721699999801e+00,-4.213406214399999783e+01,-5.231045731900000106e+01,-2.853384661999999850e+01,-5.539216681999999992e+01,-2.168746985499999980e+01
3.471731731699999823e+00,-4.028081461699999721e+01,-5.184356422399999786e+01,-2.891679870500000149e+01,-5.380812024800000160e+01,-2.132023658399999988e+01
3.491741741699999846e+00,-4.130298199399999959e+01,-5.077233130700000174e+01,-2.921317851999999959e+01,-5.657379183799999822e+01,-2.078300186499999924e+01
3.511751751800000321e+00,-4.036345490699999772e+01,-5.454915443899999872e+01,-2.947745254799999870e+01,-5.493363727199999857e+01,-2.044109907800000059e+01
3.531761761800000343e+00,-3.992592712999999804e+01,-5.131217979099999837e+01,-3.010140671199999929e+01,-5.415115005700000239e+01,-2.003639219800000149e+01
3.551771771800000366e+00,-3.842872278499999794e+01,-5.036567408900000231e+01,-3.095815155200000035e+01,-5.354917768400000000e+01,-1.958825367900000103e+01
3.571781781800000388e+00,-3.896166863900000266e+01,-5.275196197799999709e+01,-3.210782292900000101e+01,-5.718743549399999893e+01,-1.940079702499999925e+01
3.591791791800000411e+00,-3.816504876999999851e+01,-7.112548147200000415e+01,-3.300104433300000295e+01,-5.644616486700000024e+01,-1.918838428200000124e+01
3.611801801799999989e+00,-3.840468085199999848e+01,-6.711093604100000221e+01,-3.289372241200000246e+01,-5.719870069600000306e+01,-1.889810427500000145e+01
3.631811811800000012e+00,-3.773809565100000185e+01,-5.512946475500000076e+01,-3.360033043300000344e+01,-5.827681507799999849e+01,-1.882313790499999939e+01
3.651821821800000034e+00,-3.806632044300000217e+01,-6.338521143700000238e+01,-3.363998976599999935e+01,-5.718074251499999860e+01,-1.862429331599999927e+01
3.671831831800000057e+00,-3.758990410799999893e+01,-6.082852049099999903e+01,-3.374709448800000189e+01,-6.379686252199999785e+01,-1.839835461199999855e+01
3.691841841800000079e+00,-3.745263142200000317e+01,-6.452673241700000517e+01,-3.429786223600000028e+01,-7.131686435199999607e+01,-1.819822317399999889e+01
3.711851851900000110e+00,-3.772308880399999964e+01,-5.572610758900000150e+01,-3.523508109099999785e+01,-6.083678911199999817e+01,-1.810718417900000077e+01
3.731861861900000132e+00,-3.716493598699999978e+01,-5.185844741399999691e+01,-3.600711921399999937e+01,-6.261896830500000277e+01,-1.798442503900000133e+01
3.751871871900000155e+00,-3.678686518500000346e+01,-5.799353521500000141e+01,-3.685536601700000148e+01,-5.998619133799999759e+01,-1.797610235999999873e+01
3.771881881900000177e+00,-3.617304792000000191e+01,-6.194414891600000317e+01,-3.727168801999999914e+01,-5.912889383299999935e+01,-1.812088778200000050e+01
3.791891891900000200e+00,-3.531743519599999814e+01,-5.432256518799999867e+01,-3.745465682799999740e+01,-6.921469062100000258e+01,-1.814886100500000055e+01
3.811901901900000222e+00,-3.490022915499999812e+01,-5.252102110399999901e+01,-3.650535703399999932e+01,-6.271342103700000337e+01,-1.829924973500000007e+01
3.831911911900000245e+00,-3.495433237299999973e+01,-5.082723850099999652e+01,-3.585165093399999847e+01,-5.737357193599999761e+01,-1.845862057800000144e+01
3.851921921900000267e+00,-3.415368407100000070e+01,-6.102034431300000250e+01,-3.584141580000000005e+01,-5.783976675200000273e+01,-1.859644367299999956e+01
3.871931931900000290e+00,-3.468259620300000279e+01,-5.540440278500000204e+01,-3.585863964600000031e+01,-6.048105161099999805e+01,-1.879054636300000070e+01
3.891941941900000312e+00,-3.488644540100000313e+01,-6.758387170299999980e+01,-3.519496083100000305e+01,-5.807901489399999662e+01,-1.884144552700000119e+01
3.911951951999999899e+00,-3.443456621800000050e+01,-6.220133217899999778e+01,-3.612260931000000141e+01,-5.591331677000000155e+01,-1.903435595699999894e+01
3.931961961999999922e+00,-3.411111793500000289e+01,-7.748528646600000513e+01,-3.515286205000000308e+01,-5.806968031499999938e+01,-1.919034115499999871e+01
3.951971971999999944e+00,-3.469671790299999969e+01,-5.438846803300000232e+01,-3.551370612699999896e+01,-6.097010046500000158e+01,-1.938861527899999970e+01
3.971981981999999967e+00,-3.436933481100000165e+01,-6.157383374599999826e+01,-3.438291218799999882e+01,-6.440107160700000577e+01,-1.970715379399999989e+01
3.991991991999999989e+00,-3.468566423400000076e+01,-5.896533789699999772e+01,-3.389444854500000304e+01,-5.854439667900000188e+01,-1.989593389399999879e+01
4.012002002000000012e+00,-3.477734656999999885e+01,-5.549491291900000078e+01,-3.327961083099999939e+01,-5.613320792300000051e+01,-2.013052064500000071e+01
4.032012012000000034e+00,-3.534898745499999961e+01,-7.027660385800000142e+01,-3.410487116000000185e+01,-5.987610567200000133e+01,-2.034903268500000095e+01
4.052022022000000057e+00,-3.629418880499999744e+01,-5.872977236399999867e+01,-3.292018774200000308e+01,-5.897075447099999934e+01,-2.054887004600000111e+01
4.072032032000000079e+00,-3.622110184299999958e+01,-4.991657923300000022e+01,-3.279273230100000092e+01,-6.182901608400000271e+01,-2.102763992299999884e+01
4.092042042000000102e+00,-3.852347327599999716e+01,-4.807475749900000039e+01,-3.227837356199999874e+01,-5.478713752200000187e+01,-2.129991830999999891e+01
4.112052052100000132e+00,-3.823928701700000232e+01,-5.027127286399999662e+01,-3.278050220800000147e+01,-5.348987223799999668e+01,-2.168870614600000124e+01
4.132062062100000155e+00,-3.828323483199999799e+01,-4.932341939100000161e+01,-3.276043254399999682e+01,-5.469361388200000107e+01,-2.207466730499999841e+01
4.152072072100000177e+00,-3.938591534700000096e+01,-5.038050558900000198e+01,-3.229021129899999920e+01,-5.312682092299999681e+01,-2.256033384499999883e+01
4.172082082100000200e+00,-4.063198131400000079e+01,-5.280637153600000033e+01,-3.180256655000000166e+01,-5.454593612099999689e+01,-2.293143148000000053e+01
4.192092092100000222e+00,-4.163504869700000199e+01,-4.839823778499999918e+01,-3.178454027000000082e+01,-6.237531142000000273e+01,-2.334410145500000056e+01
4.212102102100000245e+00,-4.327333449500000029e+01,-4.993678921400000092e+01,-3.243568037800000070e+01,-5.674216986999999790e+01,-2.405710792900000072e+01
4.232112112100000267e+00,-4.275860372199999659e+01,-5.495779085800000274e+01,-3.273803605300000186e+01,-5.374501104000000140e+01,-2.468830011300000038e+01
4.252122122100000290e+00,-4.506224142300000324e+01,-5.579244447199999968e+01,-3.203374064599999826e+01,-5.916105982599999891e+01,-2.551512030600000003e+01
4.272132132100000312e+00,-4.692268531100000217e+01,-5.431530611499999850e+01,-3.248551310999999941e+01,-6.526028243800000439e+01,-2.594977730300000118e+01
4.292142142100000335e+00,-4.630487760700000166e+01,-6.376138311500000100e+01,-3.244026018999999650e+01,-5.985333345600000143e+01,-2.658711280900000062e+01
4.312152152199999477e+00,-4.534329297200000042e+01,-5.385783675700000117e+01,-3.347135428100000354e+01,-5.766587241599999913e+01,-2.736602506499999876e+01
4.332162162199999500e+00,-4.720396224400000307e+01,-6.278232526400000069e+01,-3.322691082299999721e+01,-5.991693302600000237e+01,-2.785755624900000171e+01
4.352172172199999522e+00,-4.755091983599999850e+01,-6.057933195500000068e+01,-3.328462279600000073e+01,-5.798313391199999955e+01,-2.829367930700000144e+01
4.372182182199999545e+00,-5.090509777300000138e+01,-5.369878195300000101e+01,-3.378813285900000096e+01,-6.796067603400000223e+01,-2.880145853799999855e+01
4.392192192199999567e+00,-4.985296254099999658e+01,-6.141939849300000276e+01,-3.403146692699999676e+01,-6.148608533099999818e+01,-2.852152697300000028e+01
4.412202202199999590e+00,-4.803126731599999744e+01,-5.769930431200000243e+01,-3.411581784399999862e+01,-5.625963377499999751e+01,-2.865688062899999977e+01
4.432212212199999612e+00,-4.514588280899999972e+01,-5.191186963900000251e+01,-3.445891113700000119e+01,-5.848097564700000106e+01,-2.844303604599999957e+01
4.452222222199999635e+00,-4.491654664600000046e+01,-6.678219302600000162e+01,-3.401633603799999861e+01,-5.513650841799999824e+01,-2.793393598500000152e+01
4.472232232199999657e+00,-4.322853389699999838e+01,-5.845619848500000160e+01,-3.306544370400000332e+01,-6.163456702300000245e+01,-2.754544967000000000e+01
4.492242242199999680e+00,-4.412126648800000339e+01,-5.033327874700000137e+01,-3.393549143199999918e+01,-6.650522240899999815e+01,-2.718372751300000090e+01
4.512252252300000599e+00,-4.245278783300000214e+01,-5.251913997700000181e+01,-3.419411499499999962e+01,-6.888288948699999992e+01,-2.672510995800000089e+01
4.532262262300000621e+00,-4.181735614699999815e+01,-5.216199574000000183e+01,-3.466836714499999772e+01,-5.338949093899999809e+01,-2.627747918100000035e+01
4.552272272299999756e+00,-3.968832579400000071e+01,-5.282357628999999832e+01,-3.505304192799999896e+01,-5.667778172300000250e+01,-2.601987300000000047e+01
4.572282282299999778e+00,-4.153619339699999813e+01,-5.270038906399999945e+01,-3.567161264599999981e+01,-5.229251990099999858e+01,-2.573408233900000042e+01
4.592292292299999801e+00,-3.984460124699999994e+01,-4.757845774100000114e+01,-3.617825172100000231e+01,-5.843560672299999936e+01,-2.555725672399999837e+01
4.612302302299999823e+00,-4.063889103100000000e+01,-4.900576536700000219e+01,-3.496567074899999739e+01,-5.764956515699999784e+01,-2.554684603600000159e+01
4.632312312299999846e+00,-4.210170402199999984e+01,-4.499776653400000015e+01,-3.671946940400000159e+01,-5.231973124900000016e+01,-2.541301301000000024e+01
4.652322322299999868e+00,-3.993485847899999897e+01,-4.567643868100000049e+01,-3.735981461099999734e+01,-5.683206208000000004e+01,-2.496549450199999853e+01
4.672332332299999891e+00,-4.089272271000000103e+01,-4.850492552899999765e+01,-3.675685964299999853e+01,-5.123853658699999869e+01,-2.458871341200000060e+01
4.692342342299999913e+00,-4.253723811900000129e+01,-4.630218730600000043e+01,-3.583712148000000042e+01,-5.510366727099999906e+01,-2.400433076399999877e+01
4.712352352399999944e+00,-4.219369654100000133e+01,-4.561536956700000189e+01,-3.750141906700000050e+01,-5.153619983299999774e+01,-2.325389648599999859e+01
4.732362362399999967e+00,-4.130342964500000136e+01,-4.778426451299999655e+01,-3.769102258400000238e+01,-5.781527194000000236e+01,-2.276407279400000050e+01
4.752372372399999989e+00,-4.272252960899999863e+01,-4.192689663299999836e+01,-3.682650401899999792e+01,-5.426497661799999861e+01,-2.219963055799999907e+01
4.772382382400000012e+00,-4.420134194199999911e+01,-4.347449420299999900e+01,-3.601670269000000246e+01,-5.182152906999999686e+01,-2.202731479299999862e+01
4.792392392400000034e+00,-4.598519217500000167e+01,-4.252410513800000302e+01,-3.392293697099999861e+01,-5.401257603500000215e+01,-2.135589146199999888e+01
4.812402402400000057e+00,-4.428036174399999680e+01,-4.445207159099999927e+01,-3.524431524300000262e+01,-5.062995156499999894e+01,-2.118456608800000041e+01
4.832412412399999191e+00,-4.406434630100000049e+01,-4.067674130000000332e+01,-3.384390740999999991e+01,-4.943212758199999968e+01,-2.083220174799999924e+01
4.852422422399999213e+00,-4.517931415299999998e+01,-4.614579380899999705e+01,-3.390755508499999848e+01,-4.982809065800000070e+01,-2.042972721099999944e+01
4.872432432399999236e+00,-4.430482175899999930e+01,-4.406928756399999969e+01,-3.185354826400000050e+01,-4.837573399600000101e+01,-2.029360821299999884e+01
4.892442442399999258e+00,-4.595378653899999932e+01,-4.370922112200000242e+01,-3.141535843500000169e+01,-5.296909423200000333e+01,-1.994244792499999974e+01
4.912452452500000177e+00,-4.546808800200000178e+01,-4.468693522299999898e+01,-3.070814340700000145e+01,-5.151365157499999725e+01,-1.974375405900000047e+01
4.932462462500000200e+00,-4.572000146999999970e+01,-4.387547894000000070e+01,-3.069221534200000079e+01,-4.914520977800000168e+01,-1.954548373700000141e+01
4.952472472500000222e+00,-4.253464279399999981e+01,-4.954905575800000150e+01,-2.999841321099999902e+01,-5.147289827099999826e+01,-1.936619321099999880e+01
4.972482482500000245e+00,-4.292043030699999662e+01,-4.484079401300000001e+01,-2.974631586799999994e+01,-5.181799151100000245e+01,-1.931554198999999983e+01
4.992492492500000267e+00,-4.208755422400000157e+01,-4.786646607800000197e+01,-2.885031191699999908e+01,-5.434177146900000110e+01,-1.941451035800000113e+01
5.012502502500000290e+00,-3.983624266900000066e+01,-4.539131398100000325e+01,-2.863125067000000001e+01,-4.950589365199999747e+01,-1.977579127099999923e+01
5.032512512500000312e+00,-4.178158001599999949e+01,-4.622575577900000354e+01,-2.906811927900000114e+01,-4.950888198500000215e+01,-2.007379555600000032e+01
5.052522522500000335e+00,-4.235556607200000201e+01,-4.635305499199999701e+01,-2.862648435699999894e+01,-4.993181274199999820e+01,-2.037129464999999939e+01
5.072532532500000357e+00,-4.144896279600000355e+01,-4.748390195900000066e+01,-2.792301384399999975e+01,-4.803064970700000202e+01,-2.075235152699999830e+01
5.092542542500000380e+00,-4.088817894900000027e+01,-4.642855871300000103e+01,-2.741527288300000009e+01,-5.065666713600000293e+01,-2.109902718600000071e+01
5.112552552600000411e+00,-4.011379970200000145e+01,-4.325014654200000308e+01,-2.705340047800000036e+01,-5.316678337900000173e+01,-2.189958066200000175e+01
5.132562562600000433e+00,-3.989630408200000034e+01,-4.362985570000000024e+01,-2.696159678100000079e+01,-5.073073738699999780e+01,-2.253441274800000116e+01
5.152572572600000456e+00,-3.982510355600000196e+01,-4.252125001800000348e+01,-2.687673589999999990e+01,-5.413515556299999787e+01,-2.330447180699999876e+01
5.172582582600000478e+00,-4.123973080900000099e+01,-4.406686560699999688e+01,-2.675849778399999934e+01,-5.255172449300000181e+01,-2.449551714300000071e+01
5.192592592600000501e+00,-4.264746628099999981e+01,-4.244095713499999789e+01,-2.689945161500000026e+01,-5.258216980400000296e+01,-2.535149316500000083e+01
5.212602602600000523e+00,-4.066364690099999990e+01,-3.978570445199999739e+01,-2.666916297499999899e+01,-4.708348687600000204e+01,-2.660902409699999893e+01
5.232612612600000546e+00,-4.447471968299999645e+01,-3.950448194199999818e+01,-2.661195273399999905e+01,-5.013112073399999957e+01,-2.799691893199999981e+01
5.252622622600000568e+00,-4.285246165299999888e+01,-4.087757462399999753e+01,-2.653970389199999858e+01,-5.036300925300000131e+01,-3.029390190999999888e+01
5.272632632600000591e+00,-4.513817534599999703e+01,-3.943296400700000248e+01,-2.639183134099999961e+01,-6.398331183100000175e+01,-3.173550750500000106e+01
5.292642642600000613e+00,-4.374791453800000340e+01,-4.136662587400000035e+01,-2.622093173700000079e+01,-4.992675552000000039e+01,-3.211709146100000112e+01
5.312652652699999756e+00,-4.821546497399999964e+01,-3.881554117600000353e+01,-2.664679368899999901e+01,-5.228245473399999810e+01,-3.250811511799999920e+01
5.332662662699999778e+00,-5.119728260400000153e+01,-3.986587734399999761e+01,-2.671586939699999874e+01,-5.090701461999999822e+01,-3.280538656699999933e+01
5.352672672699999801e+00,-4.671890345199999928e+01,-4.150253273199999882e+01,-2.601295311200000171e+01,-5.075112140800000304e+01,-3.249816254400000304e+01
5.372682682699999823e+00,-5.944654667399999681e+01,-3.985458713100000239e+01,-2.608319135800000055e+01,-7.459608731199999454e+01,-3.236563178000000107e+01
5.392692692699999846e+00,-5.333680053300000168e+01,-4.186072917599999954e+01,-2.654821950899999905e+01,-5.275796803200000085e+01,-3.213338601899999958e+01
5.412702702699999868e+00,-5.109308847300000167e+01,-4.283725387700000198e+01,-2.628351390499999951e+01,-5.002813550700000178e+01,-3.107690407699999824e+01
5.432712712699999891e+00,-5.155936506300000133e+01,-4.394016458800000180e+01,-2.619756099499999991e+01,-5.862419080699999796e+01,-3.080235791500000175e+01
5.452722722699999913e+00,-5.646217273599999942e+01,-4.398545940999999715e+01,-2.634590138400000114e+01,-5.631086235400000106e+01,-3.000114875499999911e+01
5.472732732699999936e+00,-5.536724279399999915e+01,-4.771272377700000078e+01,-2.640489881099999891e+01,-5.439630065000000059e+01,-2.934309878699999885e+01
5.492742742699999958e+00,-5.571175493500000186e+01,-4.637686239199999960e+01,-2.613341984499999882e+01,-5.210828565799999978e+01,-2.835516384099999954e+01
5.512752752799999989e+00,-5.552826893900000016e+01,-4.389019211600000148e+01,-2.632754418700000087e+01,-5.633727871399999998e+01,-2.777179755499999914e+01
5.532762762800000012e+00,-4.831993565199999807e+01,-4.273048553699999985e+01,-2.655637958299999823e+01,-4.936457512100000145e+01,-2.769073414800000066e+01
5.552772772800000034e+00,-4.535389622400000320e+01,-4.465418877599999803e+01,-2.642942057000000133e+01,-5.351682033099999813e+01,-2.681704484600000171e+01
5.572782782800000057e+00,-4.987767250000000274e+01,-4.314705663200000174e+01,-2.686701274700000042e+01,-5.606362348700000098e+01,-2.616557212900000096e+01
5.592792792800000079e+00,-5.100489329100000191e+01,-4.138479503899999656e+01,-2.791373838299999832e+01,-5.288188465000000349e+01,-2.544486894099999930e+01
5.612802802800000102e+00,-5.158934072099999923e+01,-4.187330094600000052e+01,-2.793771615700000055e+01,-4.855313787499999734e+01,-2.507104007099999876e+01
5.632812812800000124e+00,-5.198717800800000077e+01,-3.933020739799999888e+01,-2.816062402600000070e+01,-4.991509009800000030e+01,-2.486358229400000042e+01
5.652822822800000147e+00,-4.605480238700000228e+01,-3.975794702700000016e+01,-2.842132258599999872e+01,-6.065472791500000227e+01,-2.436894625600000097e+01
5.672832832800000169e+00,-4.658212794399999979e+01,-3.925234780899999976e+01,-2.970724798799999888e+01,-5.087800756800000102e+01,-2.437451967100000161e+01
5.692842842800000192e+00,-4.950317476000000028e+01,-3.733298435799999737e+01,-3.029404997900000041e+01,-5.505696284500000104e+01,-2.432983070499999911e+01
5.712852852899999334e+00,-4.917466973300000177e+01,-3.936532411599999648e+01,-3.146977794200000034e+01,-5.666192578900000143e+01,-2.441181442699999948e+01
5.732862862899999357e+00,-4.861450123099999843e+01,-3.646380216600000068e+01,-3.146973535200000072e+01,-5.452136744500000276e+01,-2.427095556700000145e+01
5.752872872899999379e+00,-4.583840024199999874e+01,-3.549166223000000286e+01,-3.330115658500000109e+01,-5.274167656400000226e+01,-2.450299173399999830e+01
5.772882882899999402e+00,-4.688250117700000175e+01,-3.454725525599999969e+01,-3.264544848500000285e+01,-5.421619622299999719e+01,-2.438294346400000023e+01
5.792892892899999424e+00,-4.866360705700000011e+01,-3.437010180699999751e+01,-3.253037884599999785e+01,-5.674101804800000082e+01,-2.418439736299999865e+01
5.812902902899999447e+00,-5.351216675500000264e+01,-3.351739270400000237e+01,-3.141271430400000142e+01,-5.603044918199999813e+01,-2.433723560500000005e+01
5.832912912899999469e+00,-5.205963187999999775e+01,-3.403550002600000113e+01,-3.175839858499999835e+01,-5.513425233299999917e+01,-2.436169469300000046e+01
5.852922922899999492e+00,-4.770638200100000148e+01,-3.395036573400000179e+01,-3.054767983200000003e+01,-5.214164913700000170e+01,-2.458713029300000130e+01
5.872932932899999514e+00,-4.787890730600000211e+01,-3.374952468000000039e+01,-2.962609599800000026e+01,-6.033766346499999855e+01,-2.486072159500000112e+01
5.892942942899999537e+00,-4.200240389199999669e+01,-3.412633679700000044e+01,-2.879004518800000056e+01,-5.621657825300000155e+01,-2.530373778999999956e+01
5.912952952999999567e+00,-4.471186460999999923e+01,-3.341344777999999849e+01,-2.807478965700000018e+01,-5.844037404200000196e+01,-2.544793695499999941e+01
5.932962962999999590e+00,-4.806730166799999893e+01,-3.408682216399999731e+01,-2.758145454499999971e+01,-5.066135849799999846e+01,-2.556116795499999839e+01
5.952972972999999612e+00,-4.675657864600000124e+01,-3.254016110500000281e+01,-2.683038140600000077e+01,-6.009078936899999945e+01,-2.572197088200000081e+01
5.972982982999999635e+00,-4.368228775899999761e+01,-3.435622991299999995e+01,-2.642837309300000115e+01,-5.158048841499999781e+01,-2.639386060200000017e+01
5.992992992999999657e+00,-4.566176199200000241e+01,-3.379110164400000116e+01,-2.560898678299999887e+01,-5.158908368200000183e+01,-2.688974746499999924e+01
6.013003002999999680e+00,-4.929484227300000043e+01,-3.494740211799999940e+01,-2.498659786800000049e+01,-5.137503334699999868e+01,-2.643603275199999914e+01
6.033013012999999702e+00,-4.532508231399999943e+01,-3.452829158299999790e+01,-2.509991047000000108e+01,-4.912871328399999982e+01,-2.661545185700000005e+01
6.053023022999999725e+00,-4.526317689300000069e+01,-3.386384836399999898e+01,-2.475504877399999870e+01,-4.872536108799999965e+01,-2.654824216900000167e+01
6.073033032999999747e+00,-4.769766087099999652e+01,-3.624457771000000150e+01,-2.443093814799999919e+01,-4.773357628099999772e+01,-2.645323033100000032e+01
6.093043042999999770e+00,-4.713937250200000051e+01,-3.432201500899999758e+01,-2.421956074299999884e+01,-4.305970399600000320e+01,-2.644827591800000022e+01
6.113053053100000689e+00,-4.571905645399999685e+01,-3.601715778399999834e+01,-2.384763737300000130e+01,-4.720033082500000177e+01,-2.596434406499999881e+01
6.133063063100000711e+00,-4.816566076299999821e+01,-3.453940478399999847e+01,-2.387760289799999924e+01,-5.105349593399999719e+01,-2.507406602100000015e+01
6.153073073100000734e+00,-4.622770438900000300e+01,-3.648564816999999749e+01,-2.399026898500000016e+01,-4.402611769300000333e+01,-2.452217823300000177e+01
6.173083083100000756e+00,-4.398384461599999895e+01,-3.500076712500000298e+01,-2.417557782800000155e+01,-4.595777420299999960e+01,-2.389171118999999877e+01
6.193093093100000779e+00,-4.214836443400000121e+01,-3.437601336400000207e+01,-2.370334043300000104e+01,-4.687610263999999916e+01,-2.380727844600000154e+01
6.213103103100000801e+00,-4.194891489100000115e+01,-3.440196604599999830e+01,-2.411710195299999882e+01,-4.849026007599999843e+01,-2.268096936999999969e+01
6.233113113100000824e+00,-4.268717025699999823e+01,-3.556379193400000105e+01,-2.425724811699999961e+01,-4.487176470299999664e+01,-2.261983017800000084e+01
6.253123123099999958e+00,-4.275306386399999781e+01,-3.707962741499999737e+01,-2.421469830299999870e+01,-4.444543445099999701e+01,-2.208022812900000176e+01
6.273133133099999981e+00,-4.102223135900000273e+01,-3.678545737200000332e+01,-2.408444067199999949e+01,-4.671306594200000006e+01,-2.215178200700000133e+01
6.293143143100000003e+00,-4.222427029299999646e+01,-3.642803641100000078e+01,-2.525703413200000114e+01,-4.570564596300000204e+01,-2.200627204799999959e+01
6.313153153200000034e+00,-4.361902442600000285e+01,-3.471735605199999952e+01,-2.457253432999999987e+01,-4.641275017099999900e+01,-2.204392700300000030e+01
6.333163163200000056e+00,-4.423071769799999942e+01,-3.459093989200000152e+01,-2.509713495000000094e+01,-4.685369198299999738e+01,-2.183922021700000116e+01
6.353173173200000079e+00,-4.144105062599999911e+01,-3.478874730100000079e+01,-2.540626726200000007e+01,-4.580071579199999832e+01,-2.224122231000000127e+01
6.373183183200000101e+00,-4.271929113400000233e+01,-3.494717389699999899e+01,-2.560244232799999864e+01,-4.446210467600000271e+01,-2.205034207199999940e+01
6.393193193200000124e+00,-4.295131582799999848e+01,-3.437890206299999818e+01,-2.597194867099999982e+01,-4.450494451699999843e+01,-2.212336363200000022e+01
6.413203203200000146e+00,-4.301194359600000183e+01,-3.469710606999999669e+01,-2.649340326800000156e+01,-4.449528399799999789e+01,-2.218685376499999862e+01
6.433213213200000169e+00,-4.368660709000000253e+01,-3.423813349299999942e+01,-2.642620774199999900e+01,-4.448592469999999821e+01,-2.229133632199999937e+01
6.453223223200000191e+00,-4.264972607600000032e+01,-3.256155893199999696e+01,-2.689465196200000108e+01,-4.377762233299999650e+01,-2.225867709699999963e+01
6.473233233200000214e+00,-4.481217423799999722e+01,-3.334233192699999648e+01,-2.774873515399999846e+01,-3.998225931500000030e+01,-2.220506563500000041e+01
6.493243243200000236e+00,-4.335342390600000329e+01,-3.333712618300000230e+01,-2.758663597299999992e+01,-3.950595228000000247e+01,-2.193051002300000007e+01
6.513253253300000267e+00,-4.049458335599999970e+01,-3.334821908800000045e+01,-2.778694673700000095e+01,-4.049501397400000258e+01,-2.197166047099999986e+01
6.533263263300000290e+00,-3.928278958599999982e+01,-3.319915894100000031e+01,-2.886210358299999967e+01,-4.229472754599999718e+01,-2.174465586099999825e+01
6.553273273300000312e+00,-4.009091540699999712e+01,-3.363715628199999941e+01,-2.905010459600000061e+01,-4.167921204299999971e+01,-2.153683218000000110e+01
6.573283283300000335e+00,-4.046152605500000021e+01,-3.291779094099999980e+01,-2.997628480499999881e+01,-4.114089342999999843e+01,-2.149052547100000155e+01
6.593293293300000357e+00,-4.028168226399999696e+01,-3.342567060900000087e+01,-3.050267456399999944e+01,-4.105315445800000163e+01,-2.141985108600000132e+01
6.613303303300000380e+00,-4.119429983100000214e+01,-3.311122516399999682e+01,-3.010161151999999873e+01,-3.919995663499999949e+01,-2.149221351099999922e+01
6.633313313300000402e+00,-3.783355138099999948e+01,-3.283170829699999871e+01,-3.058335973399999830e+01,-4.116259081100000117e+01,-2.179989885099999825e+01
6.653323323300000425e+00,-3.714413254400000142e+01,-3.249642401900000266e+01,-3.081385873800000041e+01,-3.845363217100000242e+01,-2.206098216899999898e+01
6.673333333300000447e+00,-3.710161627699999798e+01,-3.302104410399999779e+01,-3.093503842899999867e+01,-4.036719426500000196e+01,-2.219582079499999949e+01
6.693343343300000470e+00,-3.729740907000000050e+01,-3.297158656500000262e+01,-3.044169386500000130e+01,-4.047316713699999724e+01,-2.279668903299999982e+01
6.713353353399999612e+00,-3.730452238600000214e+01,-3.275643829999999923e+01,-3.076918088900000114e+01,-3.936295751099999762e+01,-2.322556592700000166e+01
6.733363363399999635e+00,-3.763343827100000283e+01,-3.381755491199999852e+01,-3.023831631899999905e+01,-3.977154230800000079e+01,-2.374279325099999838e+01
6.753373373399999657e+00,-3.706651845199999684e+01,-3.395060762899999673e+01,-3.010696136600000017e+01,-3.753013317999999998e+01,-2.425636640900000174e+01
6.773383383399999680e+00,-3.698959368900000300e+01,-3.357758940600000130e+01,-2.989224024399999990e+01,-3.753822101400000122e+01,-2.452845848400000150e+01
6.793393393399999702e+00,-3.712018638400000015e+01,-3.280616055200000147e+01,-3.002863502099999948e+01,-3.699954039099999648e+01,-2.508884707900000066e+01
6.813403403399999725e+00,-3.688636641899999802e+01,-3.296581895799999984e+01,-2.923868983699999902e+01,-3.631237106700000083e+01,-2.592435007499999955e+01
6.833413413399999747e+00,-3.793232299900000015e+01,-3.326833786000000259e+01,-2.949177133999999967e+01,-3.658246797200000344e+01,-2.578802163399999969e+01
6.853423423399999770e+00,-3.884654528099999737e+01,-3.281820251599999949e+01,-2.843495529200000149e+01,-3.587454065899999733e+01,-2.616915072600000158e+01
6.873433433399999792e+00,-3.707534092099999867e+01,-3.346651706200000120e+01,-2.879495001100000096e+01,-3.627352081499999770e+01,-2.635282109399999939e+01
6.893443443399999815e+00,-3.722586194499999834e+01,-3.343377756600000339e+01,-2.841795914600000117e+01,-3.467975532700000230e+01,-2.653452063399999972e+01
6.913453453499999846e+00,-3.819760486100000207e+01,-3.287242474600000008e+01,-2.832227709300000029e+01,-3.506699263299999814e+01,-2.644008076100000082e+01
6.933463463499999868e+00,-3.755541104000000274e+01,-3.259818469700000065e+01,-2.838979425000000134e+01,-3.455743461200000155e+01,-2.618008487099999826e+01
6.953473473499999891e+00,-3.610176496700000115e+01,-3.141009550400000094e+01,-2.800608580100000111e+01,-3.407404385600000296e+01,-2.617722082799999939e+01
6.973483483499999913e+00,-3.529483074800000253e+01,-3.096696339400000042e+01,-2.782324725300000168e+01,-3.413607388199999804e+01,-2.600527376100000154e+01
6.993493493499999936e+00,-3.494527633399999900e+01,-3.099061957300000003e+01,-2.742032893800000082e+01,-3.342424600999999740e+01,-2.563367101000000048e+01
7.013503503499999958e+00,-3.427663429599999745e+01,-3.045692840499999932e+01,-2.633785365199999973e+01,-3.337390261099999833e+01,-2.513769164800000055e+01
7.033513513499999981e+00,-3.471552673099999708e+01,-3.105056579500000069e+01,-2.624853505200000114e+01,-3.399639886199999950e+01,-2.496990787200000028e+01
7.053523523500000003e+00,-3.365452649400000240e+01,-3.041472531499999832e+01,-2.635656530199999992e+01,-3.384547771199999744e+01,-2.495469656399999892e+01
7.073533533500000026e+00,-3.403788484300000050e+01,-3.056102020699999855e+01,-2.605087240499999979e+01,-3.285976612000000330e+01,-2.489403417100000127e+01
7.093543543500000048e+00,-3.351957597300000202e+01,-3.031652048799999832e+01,-2.616380480500000161e+01,-3.290647488300000134e+01,-2.470244186800000108e+01
7.113553553600000079e+00,-3.454115076200000090e+01,-2.930778522199999969e+01,-2.524373610900000031e+01,-3.249838052700000190e+01,-2.517352905199999924e+01
7.133563563600000101e+00,-3.386633145599999750e+01,-2.926721555199999969e+01,-2.528994327699999900e+01,-3.352065826799999826e+01,-2.548035460299999855e+01
7.153573573600000124e+00,-3.281563796399999688e+01,-2.926232150499999918e+01,-2.541656166799999994e+01,-3.151352080299999869e+01,-2.594084999000000025e+01
7.173583583600000146e+00,-3.462548256800000246e+01,-2.896330343600000035e+01,-2.536555621600000165e+01,-3.146055789400000080e+01,-2.610840313499999965e+01
7.193593593600000169e+00,-3.505675992500000149e+01,-2.854501633599999977e+01,-2.508831637500000156e+01,-3.166789130400000118e+01,-2.697843265699999904e+01
7.213603603600000191e+00,-3.510693704999999909e+01,-2.943546969899999866e+01,-2.537975208900000013e+01,-3.163133930100000057e+01,-2.761079888200000099e+01
7.233613613600000214e+00,-3.478533533499999919e+01,-2.960831711499999841e+01,-2.510717532399999996e+01,-3.050090274700000137e+01,-2.792067811400000110e+01
7.253623623600000236e+00,-3.308069533500000148e+01,-2.924487011900000155e+01,-2.544589628499999989e+01,-2.981785342299999897e+01,-2.834221880999999854e+01
7.273633633600000259e+00,-3.484806332099999793e+01,-2.921624950900000073e+01,-2.499080127599999912e+01,-2.999841043400000018e+01,-2.931550097899999940e+01
7.293643643600000281e+00,-3.420770315899999758e+01,-2.952531040499999904e+01,-2.479799364899999858e+01,-2.951925780399999866e+01,-2.995684701400000094e+01
7.313653653699999424e+00,-3.623939581300000157e+01,-2.935990357200000034e+01,-2.464924900500000149e+01,-2.942307333400000147e+01,-2.974513632200000046e+01
7.333663663699999447e+00,-3.868378184299999845e+01,-2.979854743199999945e+01,-2.452106198899999967e+01,-2.895649717999999950e+01,-2.999979100199999849e+01
7.353673673699999469e+00,-3.790669365499999799e+01,-2.989416393300000152e+01,-2.476355749000000017e+01,-2.845617388899999867e+01,-3.094774054399999841e+01
7.373683683699999492e+00,-3.714972630199999770e+01,-2.979924570700000075e+01,-2.405866298600000164e+01,-2.810519818699999917e+01,-3.050511312300000100e+01
7.393693693699999514e+00,-3.964362546000000265e+01,-3.036185498700000096e+01,-2.399651017100000061e+01,-2.797458828299999922e+01,-3.130571237799999906e+01
7.413703703699999537e+00,-4.136012194399999942e+01,-3.020851204499999909e+01,-2.393037569299999845e+01,-2.735794673599999882e+01,-3.130771838400000107e+01
7.433713713699999559e+00,-4.469710932200000286e+01,-3.055735160800000116e+01,-2.390257299700000004e+01,-2.744243266599999842e+01,-3.092401087400000037e+01
7.453723723699999582e+00,-4.885528780500000323e+01,-2.988427789500000031e+01,-2.390335131000000146e+01,-2.716738177999999948e+01,-3.150135193099999853e+01
7.473733733699999604e+00,-5.296720533100000239e+01,-3.102212893800000160e+01,-2.352507675800000086e+01,-2.650598184100000054e+01,-3.166302569999999861e+01
7.493743743699999627e+00,-5.756527365800000240e+01,-3.195044344200000097e+01,-2.356136022999999824e+01,-2.703926395099999880e+01,-3.226306422799999751e+01
7.513753753800000545e+00,-4.713361324499999938e+01,-3.137889373000000148e+01,-2.346600622200000075e+01,-2.675452482000000032e+01,-3.232213110400000033e+01
7.533763763800000568e+00,-4.574346603000000044e+01,-3.189634013199999885e+01,-2.344826579700000124e+01,-2.704397132800000136e+01,-3.238640526500000050e+01
7.553773773800000590e+00,-4.615901401400000026e+01,-3.215877156500000211e+01,-2.328397411899999980e+01,-2.672068384800000018e+01,-3.242863971599999928e+01
7.573783783800000613e+00,-4.777482434299999881e+01,-3.255961660599999874e+01,-2.384327343900000074e+01,-2.682342785499999849e+01,-3.264650615899999764e+01
7.593793793799999747e+00,-3.980413875299999660e+01,-3.371053481199999879e+01,-2.347316850200000005e+01,-2.691211304000000126e+01,-3.192032267400000123e+01
7.613803803799999770e+00,-3.958763368799999682e+01,-3.291047293100000104e+01,-2.342883089400000074e+01,-2.744140994600000028e+01,-3.156306852899999882e+01
7.633813813799999792e+00,-4.112493911899999688e+01,-3.309386133600000335e+01,-2.404368484400000128e+01,-2.778341152599999830e+01,-3.160144824300000010e+01
7.653823823799999815e+00,-3.823274607799999814e+01,-3.372881229400000080e+01,-2.420146642899999989e+01,-2.806309946000000011e+01,-3.071465313699999911e+01
7.673833833799999837e+00,-4.210586709599999722e+01,-3.447894627600000206e+01,-2.492486116499999937e+01,-2.856761135800000062e+01,-3.181585103700000161e+01
7.693843843799999860e+00,-4.087329684299999855e+01,-3.604448231500000333e+01,-2.553547843300000153e+01,-2.874968407900000145e+01,-3.129268753899999922e+01
7.713853853899999891e+00,-4.003619730799999843e+01,-3.555204599700000045e+01,-2.682196009200000120e+01,-2.920567173099999891e+01,-3.115139316400000169e+01
7.733863863899999913e+00,-4.211526025900000292e+01,-3.827785929499999895e+01,-2.697078073599999826e+01,-2.971613053900000168e+01,-3.164149327799999867e+01
7.753873873899999936e+00,-3.997766879600000323e+01,-3.603028246600000273e+01,-2.799771976499999937e+01,-2.953487873499999949e+01,-3.260537801200000274e+01
7.773883883899999958e+00,-4.196328945399999810e+01,-3.776245972699999953e+01,-2.834501295300000123e+01,-3.045315142999999836e+01,-3.294930970200000075e+01
7.793893893899999981e+00,-3.895562648199999956e+01,-3.942677340000000186e+01,-2.961108360400000095e+01,-3.100021619299999998e+01,-3.324037659500000075e+01
7.813903903900000003e+00,-4.124381618000000316e+01,-3.844549024199999820e+01,-3.081617087300000080e+01,-3.195816251999999835e+01,-3.400099981700000029e+01
7.833913913900000026e+00,-3.970228704000000164e+01,-3.618683633100000208e+01,-3.142017865400000076e+01,-3.142664753700000091e+01,-3.495528782299999904e+01
7.853923923900000048e+00,-4.086279291599999652e+01,-4.194385705900000261e+01,-3.266170276900000147e+01,-3.225019598899999806e+01,-3.422189989999999682e+01
7.873933933899999182e+00,-4.371630385800000340e+01,-3.751143185099999755e+01,-3.295524965799999961e+01,-3.230302127800000278e+01,-3.515907183600000252e+01
7.893943943899999205e+00,-4.108760975100000223e+01,-4.373356628799999868e+01,-3.357461271100000033e+01,-3.279153629099999989e+01,-3.457498763899999972e+01
7.913953954000000124e+00,-4.208238775400000264e+01,-3.871136518099999790e+01,-3.369955300800000231e+01,-3.430965712199999729e+01,-3.582514235600000063e+01
7.933963964000000146e+00,-4.113560210299999653e+01,-4.369044986299999778e+01,-3.548813212799999661e+01,-3.445756560400000268e+01,-3.457046665600000068e+01
7.953973974000000169e+00,-4.381613735799999887e+01,-4.779449978600000293e+01,-3.565459271200000302e+01,-3.317011372300000005e+01,-3.282973789199999715e+01
7.973983984000000191e+00,-4.318164935099999724e+01,-4.570539788600000009e+01,-3.570725031599999966e+01,-3.459245386999999994e+01,-3.422232322600000032e+01
7.993993994000000214e+00,-4.375169876900000077e+01,-4.311500539400000065e+01,-3.363262434600000006e+01,-3.451918303200000082e+01,-3.363585540500000093e+01
8.014004004000000236e+00,-5.232885332699999736e+01,-4.221843583500000108e+01,-3.221045670200000188e+01,-3.593836044399999707e+01,-3.321848420799999957e+01
8.034014014000000259e+00,-4.554119116100000042e+01,-4.408812402699999922e+01,-3.062265308299999944e+01,-3.631885559199999847e+01,-3.277333315999999996e+01
8.054024024000000281e+00,-5.420476081599999674e+01,-4.126421287299999818e+01,-3.051992310900000049e+01,-3.752949720400000189e+01,-3.209659251400000102e+01
8.074034034000000304e+00,-5.224215505800000159e+01,-4.503533093899999784e+01,-2.947598026300000029e+01,-3.876127669899999972e+01,-3.212514728699999722e+01
8.094044044000000326e+00,-5.188131706800000131e+01,-4.169368009499999772e+01,-2.852642857700000079e+01,-4.307227609800000323e+01,-3.218586374400000238e+01
8.114054054100000357e+00,-6.412479807900000139e+01,-4.116870577299999923e+01,-2.735173919300000023e+01,-4.185815433900000215e+01,-3.156435738000000057e+01
8.134064064100000380e+00,-5.271508930400000281e+01,-3.879563644800000333e+01,-2.697422836999999873e+01,-4.223457953100000140e+01,-3.146664994600000043e+01
8.154074074100000402e+00,-5.057025236100000143e+01,-3.562537619900000152e+01,-2.673503029700000155e+01,-4.377149648000000326e+01,-3.076558517000000137e+01
8.174084084100000425e+00,-6.153607191700000101e+01,-3.693412880599999681e+01,-2.600525078700000137e+01,-4.018035608999999653e+01,-3.060965619499999946e+01
8.194094094100000447e+00,-5.225390179000000046e+01,-3.541541442700000175e+01,-2.597125876999999861e+01,-3.821027006100000278e+01,-3.010555876700000155e+01
8.214104104100000470e+00,-5.182900626499999674e+01,-3.683631602199999833e+01,-2.604875594800000016e+01,-3.917918649899999650e+01,-3.066708589299999943e+01
8.234114114100000492e+00,-5.330907365299999867e+01,-3.662480383700000175e+01,-2.582576109400000064e+01,-3.867345272299999692e+01,-2.983305812700000104e+01
8.254124124100000515e+00,-5.488209364400000112e+01,-3.728674874499999703e+01,-2.573614531400000160e+01,-3.857465870800000118e+01,-2.893696804300000025e+01
8.274134134100000537e+00,-4.720699247200000315e+01,-3.613550779199999852e+01,-2.632949320399999849e+01,-3.690334852600000204e+01,-2.875835255399999824e+01
8.294144144100000560e+00,-4.763836948099999802e+01,-3.686998241399999898e+01,-2.660099501999999916e+01,-3.743492999899999774e+01,-2.829665889199999995e+01
8.314154154200000590e+00,-4.764727956899999839e+01,-3.709238552200000072e+01,-2.667634194500000078e+01,-3.763821634600000010e+01,-2.793711314200000118e+01
8.334164164200000613e+00,-4.420297283000000022e+01,-3.576741085399999776e+01,-2.687095165699999910e+01,-3.770123672399999748e+01,-2.762903726700000107e+01
8.354174174200000635e+00,-4.455355126900000329e+01,-3.729767402800000298e+01,-2.729654321900000014e+01,-3.678152917100000252e+01,-2.800704428399999912e+01
8.374184184200000658e+00,-4.560026058100000057e+01,-3.871353613600000187e+01,-2.809975883799999963e+01,-3.515936256199999832e+01,-2.784283162699999892e+01
8.394194194200000680e+00,-4.383371425299999657e+01,-3.782473036199999683e+01,-2.862235045399999933e+01,-3.735345390300000190e+01,-2.821428059799999843e+01
8.414204204199998927e+00,-3.978624529999999737e+01,-3.812738027900000048e+01,-2.879361208899999980e+01,-3.741621847700000103e+01,-2.858326582200000132e+01
8.434214214199998949e+00,-4.066285675200000327e+01,-3.751134581000000168e+01,-2.977398317899999824e+01,-3.533133184199999732e+01,-2.936657598200000052e+01
8.454224224199998972e+00,-3.912314190200000041e+01,-3.977632623299999892e+01,-3.063353846100000055e+01,-3.937498400999999859e+01,-3.001307117200000008e+01
8.474234234199998994e+00,-3.925075517799999858e+01,-3.905405958299999725e+01,-3.210561714300000347e+01,-3.795440438100000335e+01,-3.033897747900000041e+01
8.494244244199999017e+00,-3.776250257600000282e+01,-3.669210911500000094e+01,-3.239827799500000083e+01,-3.887254943300000321e+01,-3.050479624600000150e+01
8.514254254300000824e+00,-3.610067694199999977e+01,-3.693612792799999767e+01,-3.317247571600000100e+01,-3.994842348099999896e+01,-3.005286225800000111e+01
8.534264264300000846e+00,-3.703471945999999804e+01,-3.637357686400000034e+01,-3.424941609599999737e+01,-4.417700783099999740e+01,-3.006060528800000142e+01
8.554274274300000869e+00,-3.639804300899999845e+01,-3.870748629999999935e+01,-3.826286879599999935e+01,-4.821639925699999907e+01,-2.985375084200000018e+01
8.574284284300000891e+00,-3.619289851999999996e+01,-4.028233319099999932e+01,-3.890658643799999794e+01,-4.794711073199999873e+01,-2.899880823199999824e+01
8.594294294299999137e+00,-3.553202662700000047e+01,-4.020286631500000141e+01,-4.160918356599999868e+01,-4.799301870400000070e+01,-2.968828104900000042e+01
8.614304304299999160e+00,-3.846752937000000117e+01,-3.906104307199999681e+01,-3.930242789100000067e+01,-5.945403061199999684e+01,-2.873197638699999956e+01
8.634314314299999182e+00,-3.769249724499999843e+01,-4.200633924099999916e+01,-4.654838665999999847e+01,-4.806091811900000010e+01,-2.783317927399999903e+01
8.654324324299999205e+00,-4.093315000300000150e+01,-3.854230926999999696e+01,-4.351580347200000176e+01,-4.530564321100000313e+01,-2.845434720300000109e+01
8.674334334299999227e+00,-4.252027149799999961e+01,-3.950690231600000146e+01,-4.064619503499999809e+01,-4.313511521299999885e+01,-2.784582470000000143e+01
8.694344344299999250e+00,-4.256480373899999847e+01,-4.305785266499999864e+01,-4.552873354999999833e+01,-4.059820162199999771e+01,-2.793422152400000158e+01
8.714354354399999281e+00,-4.747598163699999674e+01,-4.441889224199999830e+01,-4.048150017500000075e+01,-4.281462448900000339e+01,-2.802063164999999856e+01
8.734364364399999303e+00,-4.047013349899999923e+01,-4.271106815699999970e+01,-4.071804368899999815e+01,-4.215277903500000178e+01,-2.772102781299999918e+01
8.754374374399999326e+00,-4.065949280099999896e+01,-4.971763030200000344e+01,-3.813970046200000041e+01,-4.300349085399999893e+01,-2.917889531499999833e+01
8.774384384399999348e+00,-4.028210659199999810e+01,-4.384758781899999747e+01,-3.770110210299999665e+01,-4.050454544600000162e+01,-2.861352528700000164e+01
8.794394394399999371e+00,-3.932868382000000196e+01,-4.553111414899999687e+01,-3.638140096499999743e+01,-4.007410085299999736e+01,-2.860404245200000162e+01
8.814404404399999393e+00,-3.787163935499999923e+01,-4.063125925899999658e+01,-3.633070206400000046e+01,-4.368938438899999710e+01,-2.951991864600000071e+01
8.834414414399999416e+00,-3.815879405799999802e+01,-3.800693606699999805e+01,-3.522108347399999673e+01,-3.954653669900000068e+01,-2.983558134900000169e+01
8.854424424399999438e+00,-3.943982727000000210e+01,-3.819109898500000355e+01,-3.444338218600000090e+01,-4.361234850999999679e+01,-2.974575602499999860e+01
8.874434434399999461e+00,-3.770175526999999960e+01,-3.984787228399999748e+01,-3.567987338399999686e+01,-4.140014565300000271e+01,-2.995499976700000033e+01
8.894444444399999483e+00,-3.475574282899999901e+01,-3.631040730299999808e+01,-3.309070504299999982e+01,-3.922497889000000271e+01,-3.004440669499999927e+01
8.914454454499999514e+00,-3.248716065899999705e+01,-3.501784591399999869e+01,-3.263668661799999882e+01,-3.836908176800000092e+01,-3.114817915200000087e+01
8.934464464499999536e+00,-3.277885961300000162e+01,-3.522775608700000305e+01,-3.430009977699999979e+01,-3.653993818699999707e+01,-3.200923132999999865e+01
8.954474474499999559e+00,-3.239138094900000198e+01,-3.404116993499999921e+01,-3.351347215900000265e+01,-3.503778364200000084e+01,-3.209953133799999847e+01
8.974484484499999581e+00,-3.274246171000000061e+01,-3.867392352299999914e+01,-3.226246168200000142e+01,-3.784081130500000256e+01,-3.183068733400000028e+01
8.994494494499999604e+00,-3.263044899700000201e+01,-3.494638764799999819e+01,-3.249538314000000128e+01,-3.495276356499999793e+01,-3.399271460300000314e+01
9.014504504499999626e+00,-3.133858430800000150e+01,-3.337629828899999751e+01,-3.389567439900000068e+01,-3.561855301800000007e+01,-3.458208571299999790e+01
9.034514514499999649e+00,-3.087461378200000084e+01,-3.466315287700000169e+01,-3.286825798000000276e+01,-3.395092760800000065e+01,-3.717326311000000061e+01
9.054524524499999671e+00,-3.147192980999999889e+01,-3.508307344699999675e+01,-3.537210645399999720e+01,-3.442090131300000166e+01,-3.582823666899999893e+01
9.074534534499999694e+00,-3.049974408499999967e+01,-3.566351935400000173e+01,-3.390328558400000247e+01,-3.256290179599999846e+01,-3.750709723300000320e+01
9.094544544499999716e+00,-3.137259144700000135e+01,-3.900184476399999767e+01,-3.350142467599999918e+01,-3.363903487599999664e+01,-3.958537007200000346e+01
9.114554554599999747e+00,-3.149706426299999862e+01,-3.589754824900000330e+01,-3.445253241399999666e+01,-3.246736710100000067e+01,-3.770761750199999796e+01
9.134564564599999770e+00,-3.145710316299999931e+01,-3.454225574499999851e+01,-3.419721687199999849e+01,-3.191982266200000140e+01,-3.695868540099999677e+01
9.154574574599999792e+00,-3.169212375600000087e+01,-3.563114472699999880e+01,-3.363195666000000017e+01,-3.136010344399999994e+01,-3.409657650399999795e+01
9.174584584599999815e+00,-3.175786389700000001e+01,-3.714802391900000345e+01,-3.367034258700000038e+01,-3.163697155599999888e+01,-3.307924832199999798e+01
9.194594594599999837e+00,-3.115735923100000093e+01,-3.319974984699999965e+01,-3.410912741500000323e+01,-3.215921876000000168e+01,-3.265706154000000083e+01
9.214604604599999860e+00,-3.071585779899999835e+01,-3.704152824399999844e+01,-3.355685877300000186e+01,-3.108197071900000097e+01,-3.200928208900000271e+01
9.234614614599999882e+00,-2.948973585199999903e+01,-3.461424978899999871e+01,-3.427278933099999847e+01,-3.133566585599999854e+01,-3.058917162799999900e+01
9.254624624599999905e+00,-3.072854120199999883e+01,-3.547201987799999756e+01,-3.337099775400000112e+01,-3.201199443000000144e+01,-3.101903370300000162e+01
9.274634634599999927e+00,-3.000275756499999957e+01,-3.492710875200000231e+01,-3.453501842299999680e+01,-3.129313016200000064e+01,-3.080607165800000047e+01
9.294644644599999950e+00,-3.150574957599999948e+01,-3.745129672299999868e+01,-3.473794722600000284e+01,-3.233785790499999990e+01,-3.040379011899999995e+01
9.314654654699999980e+00,-3.026072877200000022e+01,-3.855639237599999802e+01,-3.495822342099999958e+01,-3.233685292599999883e+01,-3.023806895799999950e+01
9.334664664700000003e+00,-3.175306336699999932e+01,-3.913179461099999656e+01,-3.649613311800000304e+01,-3.274574030299999805e+01,-2.957522927300000148e+01
9.354674674700000025e+00,-3.141119838099999839e+01,-3.674403590899999728e+01,-3.909967711000000179e+01,-3.183442274200000099e+01,-3.049372208400000162e+01
9.374684684700000048e+00,-3.069400346799999824e+01,-3.925994493400000351e+01,-3.873992204700000030e+01,-3.404244278099999832e+01,-3.018141761900000120e+01
9.394694694700000070e+00,-3.205984922300000051e+01,-3.889408172400000296e+01,-4.447400228400000088e+01,-3.503049693399999853e+01,-3.295800165800000059e+01
9.414704704700000093e+00,-3.358067370999999923e+01,-4.167870181300000354e+01,-4.259834989200000166e+01,-3.487893037599999957e+01,-3.116171242300000088e+01
9.434714714700000115e+00,-3.200469415500000281e+01,-4.054467368899999968e+01,-5.004689054300000350e+01,-3.500501529000000289e+01,-3.191950477099999972e+01
9.454724724700000138e+00,-3.273504117400000268e+01,-4.090018004899999937e+01,-4.630172982500000245e+01,-3.560775235599999888e+01,-3.135716142200000078e+01
9.474734734700000161e+00,-3.588245164599999981e+01,-4.280654843699999645e+01,-4.682801502000000227e+01,-3.607769562000000008e+01,-3.171374065499999872e+01
9.494744744700000183e+00,-3.220932239999999780e+01,-4.789182870799999847e+01,-5.478644012400000207e+01,-3.719044597399999930e+01,-3.163676418900000087e+01
9.514754754799998437e+00,-3.749802645799999823e+01,-4.978380381099999852e+01,-4.890614227700000072e+01,-3.622985423899999802e+01,-3.112080835100000087e+01
9.534764764799998460e+00,-3.574381601200000347e+01,-5.072571776699999901e+01,-4.288201780299999655e+01,-3.614987660199999908e+01,-3.140735667099999873e+01
9.554774774799998482e+00,-3.633243244500000202e+01,-3.999271095699999989e+01,-3.841396263499999719e+01,-3.995412113799999787e+01,-3.118175910800000139e+01
9.574784784799998505e+00,-3.916103089199999943e+01,-3.804989838200000207e+01,-3.905342108300000348e+01,-4.027339892700000235e+01,-3.074295268699999895e+01
9.594794794799998527e+00,-3.996707682099999914e+01,-3.968222220999999905e+01,-3.839931943799999914e+01,-3.955534318800000193e+01,-3.116290056000000064e+01
9.614804804799998550e+00,-3.925517409100000066e+01,-4.634223853900000023e+01,-3.760575167500000049e+01,-4.074034514000000229e+01,-3.114039921299999847e+01
9.634814814799998572e+00,-4.036532100499999842e+01,-3.732842615199999869e+01,-3.736849047799999823e+01,-4.498229493200000206e+01,-3.209139029800000031e+01
9.654824824799998595e+00,-4.806948289700000032e+01,-3.895618374099999670e+01,-3.647490779099999969e+01,-3.884856808699999675e+01,-3.198631085399999918e+01
9.674834834799998617e+00,-4.023056125600000144e+01,-3.779045868000000041e+01,-3.578183470799999810e+01,-4.279370909400000045e+01,-3.219813211900000027e+01
9.694844844799998640e+00,-3.887764398099999852e+01,-3.800760511299999678e+01,-3.446108129299999945e+01,-4.170048006100000038e+01,-3.284923674200000221e+01
9.714854854900000447e+00,-3.922589754399999862e+01,-3.871295379499999711e+01,-3.468894984199999953e+01,-4.140446589500000130e+01,-3.269733234800000332e+01
9.734864864900000470e+00,-4.165105755500000129e+01,-4.482276305900000324e+01,-3.442766803399999986e+01,-4.262588173799999680e+01,-3.333897158900000335e+01
9.754874874900000492e+00,-4.507877217600000108e+01,-4.336180534399999686e+01,-3.317425202999999811e+01,-4.396039723500000207e+01,-3.251319260199999661e+01
9.774884884899998738e+00,-4.037258326500000294e+01,-3.731723830699999667e+01,-3.298362041499999719e+01,-3.929695932599999963e+01,-3.275505311399999897e+01
9.794894894899998761e+00,-4.560750650100000314e+01,-4.203007464899999945e+01,-3.392457627800000353e+01,-4.200169561599999923e+01,-3.346776227899999867e+01
9.814904904899998783e+00,-3.959746001399999926e+01,-4.154967168000000299e+01,-3.393182771099999684e+01,-4.018572197200000318e+01,-3.434442376599999847e+01
9.834914914899998806e+00,-4.577703677000000226e+01,-3.998345332299999910e+01,-3.354320178799999752e+01,-3.963812429099999690e+01,-3.257911513900000244e+01
9.854924924899998828e+00,-3.835938746200000082e+01,-4.156877393900000328e+01,-3.336828087800000020e+01,-3.599136982400000306e+01,-3.387439278600000137e+01
9.874934934899998851e+00,-3.678575885000000056e+01,-4.517352057099999740e+01,-3.469065098499999777e+01,-3.765510244600000078e+01,-3.492451911199999870e+01
9.894944944899998873e+00,-3.882631279200000307e+01,-4.516903126700000115e+01,-3.417264899700000313e+01,-3.463069372300000026e+01,-3.551843176599999907e+01
9.914954955000000680e+00,-3.504328050499999847e+01,-4.866803204699999696e+01,-3.517890529900000018e+01,-3.398278871499999809e+01,-3.545989541200000161e+01
9.934964965000000703e+00,-3.528829351899999978e+01,-3.758433563999999905e+01,-3.573535845300000346e+01,-3.569279492799999787e+01,-3.471231001200000321e+01
9.954974975000000725e+00,-3.678145912600000145e+01,-4.785009069899999901e+01,-3.569997000699999745e+01,-3.341847296699999958e+01,-3.552225636400000042e+01
9.974984985000000748e+00,-3.479107144599999657e+01,-3.770851755000000338e+01,-3.978036769199999867e+01,-3.366873374200000057e+01,-3.429073910700000027e+01
9.994994995000000770e+00,-3.646539249700000340e+01,-4.232367854099999960e+01,-4.656168166599999836e+01,-3.336348632800000047e+01,-3.513520542199999852e+01
1.001500500500000079e+01,-3.318079492300000055e+01,-4.185314671700000133e+01,-3.821984935199999711e+01,-3.169933188099999910e+01,-3.637532775999999757e+01
1.003501501500000082e+01,-3.533993439099999989e+01,-5.025185388199999892e+01,-4.754672305500000107e+01,-3.165007373899999976e+01,-3.615467433199999903e+01
1.005502502500000084e+01,-3.596034072599999831e+01,-3.981465486199999759e+01,-5.383397107100000056e+01,-3.182667241100000055e+01,-3.791257382100000228e+01
1.007503503500000086e+01,-3.168891182300000153e+01,-3.973875911500000058e+01,-3.997763587099999683e+01,-3.120677605599999893e+01,-3.856865189100000180e+01
1.009504504500000088e+01,-3.429851576899999799e+01,-4.907236294100000151e+01,-4.310640203599999865e+01,-3.242790256800000037e+01,-3.619241471299999802e+01
1.011505505499999913e+01,-3.244431242400000315e+01,-3.986562088499999845e+01,-4.692673139699999751e+01,-3.298347993000000145e+01,-4.115561764899999986e+01
1.013506506499999915e+01,-3.575752724499999857e+01,-4.181623676400000278e+01,-4.319974790399999875e+01,-3.199662164900000150e+01,-4.048963180799999861e+01
1.015507507499999917e+01,-3.548007421999999877e+01,-4.632361298600000055e+01,-5.535575392700000208e+01,-3.529033524100000108e+01,-5.206038803399999892e+01
1.017508508499999920e+01,-3.803434384300000204e+01,-4.271402264799999671e+01,-4.101062791399999696e+01,-3.228811665599999969e+01,-5.008278600799999936e+01
1.019509509499999922e+01,-3.465468448000000024e+01,-4.000822859899999884e+01,-4.462664221699999700e+01,-3.217469415299999724e+01,-4.705112599699999976e+01
1.021510510499999924e+01,-3.690085843800000021e+01,-4.062557666099999665e+01,-4.225977217700000210e+01,-3.401274521599999900e+01,-5.106830999000000304e+01
1.023511511499999926e+01,-3.594499103100000070e+01,-4.142896137299999992e+01,-4.095706352999999922e+01,-3.242146444000000116e+01,-5.264552306099999868e+01
1.025512512499999929e+01,-3.228767504099999996e+01,-4.245095073800000307e+01,-4.011285420099999754e+01,-3.348798730600000084e+01,-4.544070349999999792e+01
1.027513513499999931e+01,-3.382600587400000336e+01,-4.849972225599999831e+01,-3.772066841800000248e+01,-3.740592361400000243e+01,-4.198530901400000204e+01
1.029514514499999933e+01,-3.263136752900000204e+01,-4.794343719900000167e+01,-3.513225170500000161e+01,-3.553631463800000034e+01,-4.348413153399999942e+01
1.031515515499999935e+01,-3.154502812000000134e+01,-4.048985685299999915e+01,-3.778586469700000094e+01,-3.911539806500000083e+01,-4.449124457799999988e+01
1.033516516499999938e+01,-3.148786915599999858e+01,-3.686751540299999874e+01,-3.913333523899999733e+01,-3.732318963200000184e+01,-3.827864816700000006e+01
1.035517517499999940e+01,-2.935419216900000094e+01,-4.221741982900000068e+01,-3.776774611100000101e+01,-3.550198069399999667e+01,-3.860199521900000263e+01
1.037518518499999942e+01,-3.136996853100000138e+01,-4.138632086700000201e+01,-4.171663405200000341e+01,-3.414454277600000154e+01,-3.434728633000000286e+01
1.039519519499999944e+01,-3.206257406800000354e+01,-4.260796030299999870e+01,-3.521346595400000012e+01,-3.572738078300000097e+01,-3.442086730500000158e+01
1.041520520499999947e+01,-2.935846967899999882e+01,-3.534739872400000138e+01,-3.679283555100000314e+01,-3.881741293399999648e+01,-3.307451950600000146e+01
1.043521521499999949e+01,-2.929083188699999951e+01,-3.872541144499999888e+01,-4.011386094699999916e+01,-3.742114331799999860e+01,-3.143505601400000060e+01
1.045522522499999951e+01,-2.950614429599999866e+01,-4.821100255000000345e+01,-3.692845041199999656e+01,-4.171736949499999980e+01,-3.356690102200000325e+01
1.047523523499999953e+01,-2.971786802800000160e+01,-3.708598486999999722e+01,-3.764919021600000093e+01,-4.134675505199999890e+01,-3.070757122599999889e+01
1.049524524499999956e+01,-2.960738471000000160e+01,-4.052155482199999881e+01,-4.158727631499999688e+01,-4.825552267100000137e+01,-3.165938267499999981e+01
1.051525525499999958e+01,-2.867495772599999881e+01,-3.588035115800000341e+01,-4.907213240499999785e+01,-4.436870256699999970e+01,-3.052118988799999855e+01
1.053526526499999960e+01,-2.754967934600000135e+01,-3.755317045500000006e+01,-4.083843450199999836e+01,-4.387199669200000329e+01,-3.125208220700000084e+01
1.055527527499999962e+01,-3.252237978000000140e+01,-3.335069449499999905e+01,-4.242863553800000176e+01,-4.178784152099999716e+01,-3.017042308999999989e+01
1.057528528499999965e+01,-2.935483278299999910e+01,-3.751756885500000038e+01,-3.945697908199999659e+01,-4.804157738400000000e+01,-2.854917901099999966e+01
1.059529529499999967e+01,-2.558094230500000066e+01,-3.910184945099999965e+01,-3.980506773999999837e+01,-3.843184501599999692e+01,-2.814618333399999983e+01
1.061530530499999969e+01,-3.133925763799999942e+01,-4.268049209200000149e+01,-3.827367498200000284e+01,-3.493109926199999649e+01,-2.903856693399999855e+01
1.063531531499999971e+01,-3.073589580699999857e+01,-3.482565662900000092e+01,-3.748232759700000116e+01,-3.636554732199999762e+01,-2.894001003200000000e+01
1.065532532499999974e+01,-2.971534073600000170e+01,-3.761797760500000010e+01,-3.720541774099999799e+01,-3.632991550700000261e+01,-2.752563689999999852e+01
1.067533533499999976e+01,-3.060112941299999889e+01,-3.836108248499999718e+01,-3.928066064200000085e+01,-3.315437154100000328e+01,-2.783362442500000000e+01
1.069534534499999978e+01,-2.860011763199999990e+01,-3.628154626900000324e+01,-3.448648180400000030e+01,-3.476525053400000331e+01,-2.889956699700000087e+01
1.071535535499999980e+01,-2.742063338299999842e+01,-4.177269097300000311e+01,-3.640491930900000028e+01,-3.198344857300000044e+01,-2.772427574199999967e+01
1.073536536499999983e+01,-3.322191808400000212e+01,-3.791094563899999770e+01,-3.888902088999999762e+01,-3.181909833799999987e+01,-2.874726994499999932e+01
1.075537537499999985e+01,-2.957998798499999893e+01,-3.557391697599999958e+01,-3.717991282500000239e+01,-3.123396792000000133e+01,-2.631323393099999919e+01
1.077538538499999987e+01,-3.463769334599999894e+01,-3.989597227499999832e+01,-3.450711093799999674e+01,-3.139257276700000077e+01,-2.885720386999999931e+01
1.079539539499999989e+01,-3.035551112199999935e+01,-5.184122606999999761e+01,-3.469616777200000257e+01,-3.143237565700000147e+01,-2.647020759500000153e+01
1.081540540499999992e+01,-2.936813625499999958e+01,-3.649015943599999900e+01,-3.258704274800000178e+01,-3.058317176399999937e+01,-2.722115394100000074e+01
1.083541541499999994e+01,-3.167543403000000168e+01,-3.761023881999999929e+01,-3.734134688399999646e+01,-3.063744285900000008e+01,-2.741481158599999901e+01
1.085542542499999996e+01,-2.968135625500000074e+01,-4.620628984300000042e+01,-3.478637266999999866e+01,-2.981418638799999954e+01,-2.679508406400000098e+01
1.087543543499999998e+01,-2.995463957100000130e+01,-4.086008383099999719e+01,-3.444753612800000298e+01,-2.955744514299999892e+01,-2.570445350900000037e+01
1.089544544500000001e+01,-3.080127469900000037e+01,-5.519637396000000251e+01,-3.511755391399999837e+01,-2.949156695799999994e+01,-2.655090095499999947e+01
1.091545545500000003e+01,-2.954890693400000146e+01,-3.761420606200000094e+01,-3.463093091999999729e+01,-3.015167069199999972e+01,-2.712141442900000143e+01
1.093546546500000005e+01,-3.028269494599999945e+01,-4.418195514800000012e+01,-3.283993180600000272e+01,-2.987164710700000114e+01,-2.659538185099999907e+01
1.095547547500000007e+01,-2.989923725899999951e+01,-4.094063901399999850e+01,-3.717641892799999681e+01,-3.024137633699999839e+01,-2.681123842899999943e+01
1.097548548500000010e+01,-2.960872710699999999e+01,-5.818367812099999981e+01,-3.491852272700000270e+01,-2.887400914899999904e+01,-2.837944027500000033e+01
1.099549549500000012e+01,-2.773143964999999866e+01,-3.770553315400000116e+01,-3.503613801800000260e+01,-2.985744900599999951e+01,-2.910660612799999925e+01
1.101550550600000022e+01,-3.225334299899999735e+01,-3.802332648600000198e+01,-3.479063774400000142e+01,-2.818986178800000175e+01,-2.866497804500000157e+01
1.103551551600000025e+01,-2.920307671300000152e+01,-3.959794765000000183e+01,-3.752446587899999741e+01,-2.815704752499999941e+01,-2.913168854599999946e+01
1.105552552600000027e+01,-3.319006206299999917e+01,-3.837884285399999840e+01,-3.630102548600000034e+01,-2.684966055399999973e+01,-2.871360600199999880e+01
1.107553553600000029e+01,-3.193715109900000115e+01,-4.098631294900000199e+01,-3.827785118599999947e+01,-2.818468019899999888e+01,-3.118155648300000138e+01
1.109554554600000031e+01,-3.013565737300000080e+01,-3.777359254899999996e+01,-3.755542047099999792e+01,-2.736994121900000110e+01,-2.965176805000000115e+01
1.111555555600000034e+01,-2.832947323599999834e+01,-3.940549528599999718e+01,-3.504433055500000194e+01,-2.745626328000000171e+01,-2.942212246500000106e+01
1.113556556600000036e+01,-3.085215951800000056e+01,-4.093307787199999837e+01,-3.644673531000000111e+01,-2.649809046400000057e+01,-3.026824946300000008e+01
1.115557557600000038e+01,-2.975126597099999870e+01,-4.745392998100000170e+01,-3.713033314199999779e+01,-2.806833042299999903e+01,-2.841635387799999890e+01
1.117558558600000040e+01,-2.774328708499999863e+01,-4.481714416999999884e+01,-4.404090502500000071e+01,-2.728919326700000170e+01,-2.775006839299999939e+01
1.119559559600000043e+01,-2.767391469500000056e+01,-3.748665445500000004e+01,-3.565401315599999776e+01,-2.738105202799999915e+01,-2.771068649000000050e+01
1.121560560600000045e+01,-2.936175828800000076e+01,-4.653345923199999845e+01,-3.768567172099999851e+01,-2.733610801600000073e+01,-2.934023965400000122e+01
1.123561561600000047e+01,-2.867295232300000052e+01,-4.089128100899999652e+01,-4.114765909900000196e+01,-2.719125499000000090e+01,-2.822723639199999823e+01
1.125562562600000049e+01,-2.984423356099999936e+01,-3.775791566400000221e+01,-4.985638469900000302e+01,-2.672716843099999906e+01,-2.742114007099999995e+01
1.127563563600000052e+01,-2.875713526399999864e+01,-4.114304438700000333e+01,-4.031710960800000265e+01,-2.786145916699999958e+01,-2.830654455699999872e+01
1.129564564600000054e+01,-3.005577280299999998e+01,-3.689669995399999891e+01,-3.937890466700000047e+01,-2.849911964700000055e+01,-2.534675586799999891e+01
1.131565565600000056e+01,-3.002933599800000053e+01,-4.213868622599999725e+01,-4.575447092800000348e+01,-2.798375449599999953e+01,-2.812848046099999877e+01
1.133566566600000058e+01,-2.913297906500000067e+01,-3.877709005599999870e+01,-4.071069540999999958e+01,-2.778003976899999827e+01,-2.682511916800000051e+01
1.135567567600000061e+01,-3.000465219899999880e+01,-3.700103141999999679e+01,-5.782609127100000279e+01,-2.683269220600000082e+01,-2.629648466600000134e+01
1.137568568600000063e+01,-3.171032224100000008e+01,-3.971458245200000192e+01,-4.440295248500000014e+01,-2.805102686700000092e+01,-2.609623074099999940e+01
1.139569569600000065e+01,-3.081643548799999976e+01,-4.589757368699999773e+01,-4.882483975499999929e+01,-2.609739548499999984e+01,-2.649997817499999897e+01
1.141570570600000067e+01,-3.050208835800000173e+01,-3.462434105300000198e+01,-4.612446424600000228e+01,-2.599763281699999951e+01,-2.688642810200000000e+01
1.143571571600000070e+01,-2.787963761199999979e+01,-3.831875959300000289e+01,-4.778717691699999648e+01,-2.707862072800000064e+01,-2.686678186500000010e+01
1.145572572600000072e+01,-2.922438118899999893e+01,-4.072216594900000075e+01,-4.608349604200000016e+01,-2.420404457700000123e+01,-2.598433911700000110e+01
1.147573573600000074e+01,-3.056626379800000137e+01,-3.605879301200000242e+01,-5.631888743900000094e+01,-2.558497442299999847e+01,-2.758735659499999926e+01
1.149574574600000076e+01,-3.333399322700000056e+01,-4.156585335500000156e+01,-4.680183978000000167e+01,-2.561985620300000122e+01,-2.781679915500000178e+01
1.151575575600000079e+01,-3.015135266100000067e+01,-3.443607707099999971e+01,-3.992775970800000351e+01,-2.506056753500000056e+01,-2.637596624500000075e+01
1.153576576600000081e+01,-2.997293406800000071e+01,-5.429201863800000183e+01,-3.885203398400000196e+01,-2.462266370900000112e+01,-2.731705073499999870e+01
1.155577577600000083e+01,-3.240707672900000347e+01,-4.169187671000000250e+01,-3.929992916999999863e+01,-2.501138445999999860e+01,-2.523867385000000141e+01
1.157578578600000085e+01,-2.754112022900000056e+01,-3.752858694500000070e+01,-4.157363422600000291e+01,-2.460024641700000103e+01,-2.594379959000000113e+01
1.159579579600000088e+01,-3.235685040100000265e+01,-4.048452955100000139e+01,-4.093766252500000036e+01,-2.612987204099999872e+01,-2.635473985300000166e+01
1.161580580599999912e+01,-2.873866603600000147e+01,-3.306107874199999941e+01,-3.580017227100000099e+01,-2.488830112000000128e+01,-2.529917466499999890e+01
1.163581581599999915e+01,-3.364238724500000188e+01,-3.957238463699999897e+01,-4.189747800800000022e+01,-2.434094885600000069e+01,-2.728387824200000011e+01
1.165582582599999917e+01,-3.045753105800000071e+01,-4.006940802799999801e+01,-3.802466459600000093e+01,-2.512343337500000118e+01,-2.756933542699999862e+01
1.167583583599999919e+01,-2.975886146699999912e+01,-3.435097761099999758e+01,-4.489082944100000105e+01,-2.472661540200000019e+01,-2.559105951900000164e+01
1.169584584599999921e+01,-3.064547314400000033e+01,-3.484532239800000042e+01,-4.368779133099999967e+01,-2.577507854899999984e+01,-2.629781473399999925e+01
1.171585585599999924e+01,-2.990156766100000141e+01,-4.182611911400000082e+01,-4.747398052300000160e+01,-2.657695710400000166e+01,-2.627025573999999963e+01
1.173586586599999926e+01,-3.089465868399999948e+01,-3.550062929700000325e+01,-4.263589501599999920e+01,-2.444200375400000169e+01,-2.720875553999999852e+01
1.175587587599999928e+01,-2.872305112600000143e+01,-3.481624602499999810e+01,-4.173983981500000340e+01,-2.583242007599999823e+01,-2.764441257800000074e+01
1.177588588599999930e+01,-3.015152036499999966e+01,-3.908022989399999858e+01,-4.426363655200000125e+01,-2.641330347199999906e+01,-2.706149715600000150e+01
1.179589589599999933e+01,-3.790469836999999842e+01,-3.594301933199999866e+01,-4.387258968399999759e+01,-2.559389128799999824e+01,-2.691461114899999885e+01
1.181590590599999935e+01,-3.489613847100000044e+01,-3.591840069599999907e+01,-4.647285587100000015e+01,-2.743755655100000013e+01,-2.730040356599999996e+01
1.183591591599999937e+01,-3.198275082600000019e+01,-4.762384654699999942e+01,-3.713809228099999871e+01,-2.767045334100000176e+01,-2.784915145700000139e+01
1.185592592599999939e+01,-3.229828073200000205e+01,-3.154408805599999965e+01,-4.591467446099999705e+01,-2.623699986200000112e+01,-2.781438911100000055e+01
1.187593593599999942e+01,-2.777381092299999921e+01,-3.383337266699999901e+01,-3.665892862100000116e+01,-2.761504782400000124e+01,-2.766368942000000075e+01
1.189594594599999944e+01,-3.127038362000000049e+01,-3.346258990799999822e+01,-3.565370848900000311e+01,-2.816648027700000156e+01,-2.794059386300000014e+01
1.191595595599999946e+01,-2.949335021099999921e+01,-3.463392340299999717e+01,-3.424594606000000141e+01,-2.865350826199999901e+01,-2.699994899000000004e+01
1.193596596599999948e+01,-3.520129138400000102e+01,-3.066432022400000079e+01,-3.868499290399999779e+01,-2.868423368199999857e+01,-2.696750414999999990e+01
1.195597597599999951e+01,-3.403064683400000234e+01,-3.279869409300000171e+01,-3.862125287599999979e+01,-2.737910301100000154e+01,-2.667074898799999971e+01
1.197598598599999953e+01,-3.376279530899999770e+01,-3.187303424599999957e+01,-3.386253494200000347e+01,-2.727796696000000054e+01,-2.675449574900000016e+01
1.199599599599999955e+01,-3.697760451500000300e+01,-3.398224448999999936e+01,-3.945036220499999757e+01,-2.858923480600000033e+01,-2.676482213699999946e+01
1.201600600599999957e+01,-3.464472813799999784e+01,-3.233739948000000197e+01,-3.630338074800000214e+01,-2.543012167199999851e+01,-2.624982414999999847e+01
1.203601601599999960e+01,-3.109967561399999880e+01,-3.462570517000000336e+01,-3.281366492499999765e+01,-2.826538513599999902e+01,-2.752599168900000137e+01
1.205602602599999962e+01,-3.703074393100000350e+01,-3.804969025999999843e+01,-3.346471209399999935e+01,-2.747266279800000177e+01,-2.765258970800000071e+01
1.207603603599999964e+01,-3.313968252099999745e+01,-3.049149027200000006e+01,-3.326577060299999999e+01,-2.676058386600000105e+01,-2.292163245800000126e+01
1.209604604599999966e+01,-3.643750136599999934e+01,-4.307233693999999957e+01,-3.384832392999999939e+01,-2.757535940200000013e+01,-2.752149720999999971e+01
1.211605605599999969e+01,-3.230290260299999971e+01,-4.500554082899999742e+01,-3.382883732300000190e+01,-2.734026509499999946e+01,-2.838024899799999901e+01
1.213606606599999971e+01,-3.106231600699999973e+01,-3.373076669099999947e+01,-3.683562730199999891e+01,-2.582164176799999922e+01,-2.916419678899999823e+01
1.215607607599999973e+01,-2.855366633599999915e+01,-4.026068145299999657e+01,-3.018850069499999833e+01,-2.554942937899999933e+01,-3.098196577399999896e+01
1.217608608599999975e+01,-3.020804030500000081e+01,-5.479933579000000066e+01,-3.172354826300000141e+01,-2.548886703399999831e+01,-3.078368102399999984e+01
1.219609609599999978e+01,-2.909737212099999937e+01,-5.475654754899999688e+01,-3.381547003099999671e+01,-2.641936212199999900e+01,-3.029228111999999840e+01
1.221610610599999980e+01,-3.649703082799999976e+01,-4.709272196199999883e+01,-3.218910452699999780e+01,-2.622431712899999923e+01,-3.423501428299999816e+01
1.223611611599999982e+01,-3.341526779400000180e+01,-3.649077706300000301e+01,-2.972807306900000057e+01,-2.657207264499999866e+01,-3.320380826000000241e+01
1.225612612599999984e+01,-3.420082613200000310e+01,-4.087917782699999947e+01,-3.175204665900000123e+01,-2.516695659000000163e+01,-3.031021195099999943e+01
1.227613613599999987e+01,-3.296112121600000222e+01,-3.987013322600000009e+01,-3.254214055100000280e+01,-2.613542032999999876e+01,-3.256520029299999663e+01
1.229614614599999989e+01,-3.619081431000000038e+01,-3.534382684500000238e+01,-3.106044832499999941e+01,-2.602394003699999914e+01,-3.201702953800000273e+01
1.231615615599999991e+01,-3.159010091000000031e+01,-3.691264423700000208e+01,-3.269151044899999903e+01,-2.703976490200000171e+01,-3.193598700200000096e+01
1.233616616599999993e+01,-3.259334365800000199e+01,-3.488707095299999850e+01,-3.359078748900000022e+01,-2.760973792800000126e+01,-3.617981111299999952e+01
1.235617617599999996e+01,-3.587935620100000023e+01,-3.279008552199999826e+01,-3.033208228999999889e+01,-2.553388899100000131e+01,-3.525711871200000047e+01
1.237618618599999998e+01,-2.943610076999999947e+01,-4.458147125400000022e+01,-3.510940067800000008e+01,-2.831546768700000172e+01,-3.138693327000000011e+01
1.239619619600000000e+01,-3.058212227599999977e+01,-3.815236370200000238e+01,-3.155803732100000047e+01,-2.741894664399999826e+01,-3.405896693900000116e+01
1.241620620600000002e+01,-3.316588290499999658e+01,-4.419551876900000309e+01,-3.328918834499999946e+01,-3.018181802499999833e+01,-3.388585754999999722e+01
1.243621621600000005e+01,-3.486564800000000020e+01,-3.345634095599999824e+01,-3.616624860600000346e+01,-2.568119671199999843e+01,-3.513737246099999822e+01
1.245622622600000007e+01,-3.326938616000000337e+01,-3.657665970400000077e+01,-3.422088835099999926e+01,-2.737178051900000142e+01,-3.127619333899999887e+01
1.247623623600000009e+01,-3.521873356799999755e+01,-3.146888037100000091e+01,-3.491040830099999681e+01,-2.618585589599999963e+01,-3.107581227600000062e+01
1.249624624600000011e+01,-2.740676990800000112e+01,-2.753733387699999824e+01,-3.492321033099999994e+01,-2.535173122699999837e+01,-3.175309684300000157e+01
1.251625625600000014e+01,-2.899688731099999828e+01,-2.794077807100000044e+01,-3.791144681699999808e+01,-2.489537303099999832e+01,-3.161877258100000176e+01
1.253626626600000016e+01,-3.133912556599999988e+01,-3.348764148299999732e+01,-3.826744172000000077e+01,-2.545041413799999930e+01,-3.116217486700000094e+01
1.255627627600000018e+01,-2.838713051099999873e+01,-3.157862114899999995e+01,-3.861360142899999914e+01,-2.477571156000000130e+01,-3.047230782899999824e+01
1.257628628600000020e+01,-2.868277047699999827e+01,-3.234891643200000289e+01,-3.470689479100000341e+01,-2.650835658500000136e+01,-2.853040234799999908e+01
1.259629629600000023e+01,-2.531168940799999945e+01,-2.904538479200000012e+01,-3.300018561099999914e+01,-2.625222296700000157e+01,-2.905287306099999967e+01
1.261630630600000025e+01,-2.821924035800000041e+01,-3.481079695100000038e+01,-3.766067576999999744e+01,-2.409583491000000066e+01,-3.168808894600000059e+01
1.263631631600000027e+01,-2.870958528799999954e+01,-3.610348643599999718e+01,-3.509683518700000349e+01,-2.441468404900000166e+01,-3.099953420499999979e+01
1.265632632600000029e+01,-3.057229189299999916e+01,-3.482610823800000333e+01,-3.561338781100000261e+01,-2.487238482600000111e+01,-3.205610391100000101e+01
1.267633633600000032e+01,-2.951231423000000120e+01,-3.649413646899999719e+01,-3.440914681999999658e+01,-2.432985674900000106e+01,-3.322670823899999704e+01
1.269634634600000034e+01,-2.735489132400000045e+01,-3.353554874699999999e+01,-3.395591403499999927e+01,-2.603457134599999989e+01,-3.109657357400000066e+01
1.271635635600000036e+01,-2.811820240100000134e+01,-3.313684253699999971e+01,-3.476167920099999975e+01,-2.496662791299999995e+01,-3.530653011199999725e+01
1.273636636600000038e+01,-3.672329169000000348e+01,-3.419351816100000008e+01,-3.165813737499999903e+01,-2.506972178399999862e+01,-3.319483186200000091e+01
1.275637637600000041e+01,-3.059623554199999873e+01,-3.411428447299999789e+01,-3.351523861199999743e+01,-2.529701176400000051e+01,-4.329781239799999781e+01
1.277638638600000043e+01,-3.655033852700000097e+01,-3.149376893699999869e+01,-3.378589449900000119e+01,-2.626051576700000112e+01,-3.301712670199999877e+01
1.279639639600000045e+01,-3.395998850600000196e+01,-3.456659697900000339e+01,-3.045270884700000025e+01,-2.601001109699999958e+01,-3.172432863299999894e+01
1.281640640600000047e+01,-3.389398874700000164e+01,-3.569408441400000243e+01,-3.167299108699999977e+01,-2.612731786299999825e+01,-3.379108156299999877e+01
1.283641641600000050e+01,-4.210620734100000107e+01,-3.695333365500000156e+01,-2.972867259299999887e+01,-2.397738796899999869e+01,-3.576227243600000349e+01
1.285642642600000052e+01,-3.285438768400000242e+01,-3.825568798900000189e+01,-2.854797669299999896e+01,-2.710560806799999867e+01,-3.218919015499999858e+01
1.287643643600000054e+01,-3.919676993200000226e+01,-3.775373188599999708e+01,-2.692437284500000061e+01,-2.596622735400000082e+01,-3.144661281699999833e+01
1.289644644600000056e+01,-3.572827570199999769e+01,-3.293386530699999781e+01,-2.927978759299999822e+01,-2.717955451599999961e+01,-3.065234997099999958e+01
1.291645645600000059e+01,-4.546351184299999915e+01,-3.919408165699999813e+01,-2.861224466999999905e+01,-2.822042856899999919e+01,-2.959372201400000080e+01
1.293646646600000061e+01,-4.162848486000000037e+01,-3.791791202800000349e+01,-2.977252395800000073e+01,-2.738082679600000091e+01,-3.039505592300000103e+01
1.295647647600000063e+01,-3.889146985699999703e+01,-3.616904631700000294e+01,-2.778853528899999858e+01,-2.780744654700000140e+01,-2.734877740499999987e+01
1.297648648600000065e+01,-3.379405307100000044e+01,-3.382095531200000238e+01,-2.654347896399999840e+01,-2.874607125300000021e+01,-2.777065790400000012e+01
1.299649649600000068e+01,-4.400851999900000067e+01,-3.507325251700000024e+01,-2.974590368000000140e+01,-2.843142804600000062e+01,-2.732232934900000032e+01
1.301650650700000078e+01,-4.775977738600000322e+01,-3.752083861399999876e+01,-2.803537215300000085e+01,-2.947216270799999904e+01,-2.833873820699999868e+01
1.303651651700000080e+01,-4.116271180900000104e+01,-3.929856716599999800e+01,-2.711457643500000003e+01,-3.024822649000000041e+01,-2.789396809699999835e+01
1.305652652700000083e+01,-3.673128108299999894e+01,-3.132657065800000140e+01,-2.823296913200000091e+01,-3.120310886400000072e+01,-2.613705909000000105e+01
1.307653653700000085e+01,-4.166716104199999648e+01,-4.246242163299999817e+01,-3.048363506900000175e+01,-3.267699338799999964e+01,-2.762675499899999920e+01
1.309654654700000087e+01,-4.323537268500000152e+01,-4.161035785899999695e+01,-2.919831371500000117e+01,-3.032522798999999836e+01,-2.840264111999999841e+01
1.311655655699999912e+01,-3.344323177599999752e+01,-2.745899999099999889e+01,-2.944791667300000171e+01,-3.093674502100000012e+01,-2.780613356199999942e+01
1.313656656699999914e+01,-4.370727152700000318e+01,-4.650592272899999813e+01,-2.780353635000000168e+01,-3.143226301600000028e+01,-2.725071062600000005e+01
1.315657657699999916e+01,-3.053973235000000130e+01,-3.268052391399999834e+01,-3.043465463800000137e+01,-2.986999601200000143e+01,-2.944549667300000095e+01
1.317658658699999918e+01,-3.368282726900000057e+01,-5.448113659900000272e+01,-3.282059115799999915e+01,-3.221603824299999985e+01,-2.955876610800000037e+01
1.319659659699999921e+01,-4.377517269500000197e+01,-3.651549754999999919e+01,-3.300920869699999827e+01,-3.112488412800000148e+01,-2.762264630700000012e+01
1.321660660699999923e+01,-3.735784242900000152e+01,-4.352762228800000344e+01,-2.985586218099999911e+01,-3.064573413900000176e+01,-2.906589658000000043e+01
1.323661661699999925e+01,-3.638654787000000113e+01,-3.884657293600000116e+01,-3.259573966399999989e+01,-2.903401080100000087e+01,-3.157836037899999937e+01
1.325662662699999927e+01,-4.043813686200000035e+01,-3.764135047199999917e+01,-3.483679849600000011e+01,-2.915613645599999870e+01,-3.531676370899999995e+01
1.327663663699999930e+01,-3.025565707399999837e+01,-3.742810716299999996e+01,-3.226826984400000242e+01,-2.906837267899999944e+01,-3.159688385899999830e+01
1.329664664699999932e+01,-3.272244731600000023e+01,-3.074753840900000057e+01,-4.081375245600000312e+01,-2.922371589200000130e+01,-3.199465217099999848e+01
1.331665665699999934e+01,-3.487214906799999881e+01,-3.899691368399999902e+01,-3.830175322400000226e+01,-2.692842501799999866e+01,-3.259616745000000293e+01
1.333666666699999936e+01,-6.459025151000000164e+01,-3.551633331899999746e+01,-5.383373767399999821e+01,-2.636789242100000052e+01,-3.286473563900000272e+01
1.335667667699999939e+01,-4.405768215300000179e+01,-3.222430906599999645e+01,-4.220406185800000287e+01,-2.798905159699999956e+01,-3.356865195700000015e+01
1.337668668699999941e+01,-3.445150841400000274e+01,-3.819191552699999903e+01,-3.651444536700000043e+01,-2.846040910800000034e+01,-3.396129468299999843e+01
1.339669669699999943e+01,-3.958491846399999758e+01,-4.219328483700000021e+01,-4.248780696299999704e+01,-2.680076505099999906e+01,-3.378864965000000353e+01
1.341670670699999945e+01,-3.090442241499999909e+01,-3.780824363499999663e+01,-4.096852403900000184e+01,-2.850938435200000143e+01,-3.422601791200000321e+01
1.343671671699999948e+01,-3.514251208499999990e+01,-3.786696112100000278e+01,-3.824924570200000318e+01,-2.765046828999999917e+01,-3.736225105399999791e+01
1.345672672699999950e+01,-3.829141647800000214e+01,-3.964420128300000101e+01,-3.353202411099999836e+01,-2.994688182699999857e+01,-3.969142302600000249e+01
1.347673673699999952e+01,-3.267098149600000312e+01,-4.105241641399999963e+01,-4.100757081599999765e+01,-2.713849819900000071e+01,-3.708838410799999963e+01
1.349674674699999954e+01,-4.486770660799999888e+01,-4.351959027699999893e+01,-3.404457036099999812e+01,-3.061903544500000152e+01,-4.413152501700000130e+01
1.351675675699999957e+01,-5.385793565899999891e+01,-3.438359695900000190e+01,-3.554316874700000284e+01,-3.053529044600000120e+01,-3.836299347700000340e+01
1.353676676699999959e+01,-3.363715453700000069e+01,-3.528131270099999739e+01,-3.821099370200000322e+01,-2.913789831600000113e+01,-5.541586496600000089e+01
1.355677677699999961e+01,-3.669220524299999653e+01,-3.281636438499999997e+01,-3.469882842500000208e+01,-2.802120465799999849e+01,-4.760268025300000261e+01
1.357678678699999963e+01,-3.408114785699999771e+01,-3.986793415300000021e+01,-3.925343027299999932e+01,-3.200559603500000350e+01,-3.830560733200000101e+01
1.359679679699999966e+01,-4.035494155300000330e+01,-3.539799166800000307e+01,-4.602199782299999953e+01,-2.888826661499999915e+01,-4.279131596100000223e+01
1.361680680699999968e+01,-3.623673271700000242e+01,-4.107733341600000188e+01,-4.527637662200000079e+01,-2.688577639400000052e+01,-3.280240397699999733e+01
1.363681681699999970e+01,-3.064718261200000171e+01,-3.911786630000000287e+01,-3.534951421699999941e+01,-2.645492060899999842e+01,-5.253698300300000312e+01
1.365682682699999972e+01,-4.294297306699999695e+01,-4.398578319800000003e+01,-4.728062943199999779e+01,-2.951463760100000044e+01,-4.905151117100000135e+01
1.367683683699999975e+01,-5.111625265400000018e+01,-3.608962268999999878e+01,-4.207153860999999750e+01,-2.792169208199999986e+01,-4.015135947200000288e+01
1.369684684699999977e+01,-4.133722412200000207e+01,-3.475359499999999713e+01,-4.507853824299999701e+01,-2.683995576799999938e+01,-5.109171275300000303e+01
1.371685685699999979e+01,-4.617303268199999877e+01,-3.554758709800000105e+01,-3.872460752199999945e+01,-2.541041728900000152e+01,-4.192090654500000113e+01
1.373686686699999981e+01,-4.343649604299999822e+01,-3.360687329999999662e+01,-4.476925823799999904e+01,-2.836390464899999841e+01,-4.172230039400000123e+01
1.375687687699999984e+01,-3.153648740699999919e+01,-5.255699187399999772e+01,-3.909631073399999934e+01,-2.839299871000000053e+01,-3.388450200500000165e+01
1.377688688699999986e+01,-3.090299504600000091e+01,-3.187643583899999911e+01,-3.169785895800000119e+01,-2.658604958000000096e+01,-3.681344357500000086e+01
1.379689689699999988e+01,-4.755113831100000255e+01,-4.205492011199999780e+01,-3.484105790499999955e+01,-2.999351706699999909e+01,-3.444020010399999876e+01
1.381690690699999990e+01,-3.201921908300000297e+01,-2.845938772999999955e+01,-3.418265176100000247e+01,-2.805572082899999842e+01,-3.588641364000000067e+01
1.383691691699999993e+01,-4.355431828700000096e+01,-3.921190561800000296e+01,-3.559875597999999997e+01,-2.967626833299999944e+01,-4.036119868400000144e+01
1.385692692699999995e+01,-3.915846395900000232e+01,-4.490365957499999894e+01,-3.393461136399999845e+01,-2.908076947800000056e+01,-3.330657156699999888e+01
1.387693693699999997e+01,-3.622889005399999718e+01,-2.736729963200000171e+01,-2.975753458799999862e+01,-3.445297915999999816e+01,-3.438659045800000058e+01
1.389694694699999999e+01,-4.080275893299999979e+01,-3.766832652499999767e+01,-3.301041191899999916e+01,-3.125902401700000155e+01,-4.158067170399999668e+01
1.391695695700000002e+01,-3.360717264600000220e+01,-3.667443756800000187e+01,-2.885577882600000166e+01,-2.909252096799999876e+01,-3.305616117999999659e+01
1.393696696700000004e+01,-4.085344542899999709e+01,-3.599399683699999741e+01,-2.962430310999999961e+01,-3.345287469400000191e+01,-3.296767929199999969e+01
1.395697697700000006e+01,-3.202536327300000352e+01,-3.666058298099999746e+01,-2.793274820899999966e+01,-2.906031922100000031e+01,-3.057020550700000072e+01
1.397698698700000008e+01,-3.946002293400000127e+01,-3.815313636300000155e+01,-2.869255784099999929e+01,-3.231186477899999687e+01,-3.274448564699999764e+01
1.399699699700000011e+01,-3.934620900699999879e+01,-4.255278470999999740e+01,-2.748594350899999839e+01,-2.966463510799999881e+01,-3.194373600100000132e+01
1.401700700700000013e+01,-2.941499543999999844e+01,-4.349843853499999824e+01,-2.667441363400000043e+01,-3.336761566599999895e+01,-3.312184372400000143e+01
1.403701701700000015e+01,-4.724010016100000087e+01,-3.285135100299999777e+01,-2.796278798299999835e+01,-2.930785529899999986e+01,-3.933704072599999790e+01
1.405702702700000017e+01,-3.329432098299999865e+01,-3.530448112799999905e+01,-2.753303514199999924e+01,-2.700031303800000160e+01,-3.183217828600000132e+01
1.407703703700000020e+01,-3.446593462300000255e+01,-5.008527469900000284e+01,-2.579132183000000111e+01,-2.985793928200000025e+01,-3.714914387299999987e+01
1.409704704700000022e+01,-3.770346944100000286e+01,-3.333797375799999685e+01,-3.117772938099999891e+01,-2.824948114400000065e+01,-3.429836383699999658e+01
1.411705705700000024e+01,-4.546333894699999689e+01,-3.657507231299999972e+01,-2.597763073300000158e+01,-2.952786987200000013e+01,-4.728854478699999930e+01
1.413706706700000026e+01,-4.753485737900000174e+01,-4.106467722699999712e+01,-2.863242883899999924e+01,-3.347716246400000273e+01,-3.145218141499999831e+01
1.415707707700000029e+01,-4.025932743599999952e+01,-3.406558130700000220e+01,-2.595927936200000019e+01,-2.773033484999999843e+01,-3.875494363499999650e+01
1.417708708700000031e+01,-3.731912063000000046e+01,-3.694327161199999665e+01,-2.586078338200000104e+01,-3.026371070400000107e+01,-3.593827768900000308e+01
1.419709709700000033e+01,-5.280411856799999981e+01,-4.130830248099999835e+01,-2.695589377299999967e+01,-3.838682185799999758e+01,-3.695678313799999870e+01
1.421710710700000035e+01,-3.557244663800000239e+01,-3.779661882999999989e+01,-2.619934804800000094e+01,-3.703294010999999841e+01,-3.973144663499999751e+01
1.423711711700000038e+01,-3.812027526300000346e+01,-4.186165833799999803e+01,-3.040383891000000105e+01,-3.145155525999999924e+01,-2.990158376200000134e+01
1.425712712700000040e+01,-4.062176353800000328e+01,-3.793377215099999944e+01,-3.020626541100000040e+01,-4.014564518099999901e+01,-3.188402536799999965e+01
1.427713713700000042e+01,-4.022645651599999894e+01,-4.249608752799999678e+01,-3.217173088199999853e+01,-3.496239986999999871e+01,-3.236611054800000176e+01
1.429714714700000044e+01,-4.734791171300000201e+01,-3.503486422699999991e+01,-2.855792471199999838e+01,-3.889117892000000154e+01,-3.817929074599999950e+01
1.431715715700000047e+01,-4.901262641699999989e+01,-4.427022051099999800e+01,-2.981124102400000098e+01,-4.223287728900000104e+01,-3.329509660299999751e+01
1.433716716700000049e+01,-3.632630642000000165e+01,-3.772022535899999696e+01,-3.441441126099999792e+01,-4.012977940599999727e+01,-3.274408143800000204e+01
1.435717717700000051e+01,-2.714419271499999908e+01,-3.828714720400000004e+01,-3.082078569000000101e+01,-3.884116580500000282e+01,-3.315429503600000061e+01
1.437718718700000053e+01,-3.714523692499999896e+01,-3.389864040999999872e+01,-3.378262589399999882e+01,-4.117008892999999858e+01,-3.207699087299999974e+01
1.439719719700000056e+01,-2.690800517599999964e+01,-3.730111996000000119e+01,-3.322553653700000353e+01,-4.315200161799999989e+01,-3.724439706700000130e+01
1.441720720700000058e+01,-3.688097124000000093e+01,-5.410957893199999802e+01,-3.410032739199999696e+01,-5.054852041800000251e+01,-3.410191782500000102e+01
1.443721721700000060e+01,-3.397424959100000308e+01,-3.240543781400000256e+01,-5.088664114299999852e+01,-3.980959232899999733e+01,-3.661473736800000012e+01
1.445722722700000062e+01,-3.048936059100000051e+01,-4.434174491899999992e+01,-3.090390069300000064e+01,-3.941003449600000152e+01,-3.846339439900000201e+01
1.447723723700000065e+01,-2.941960200700000172e+01,-4.044640708699999720e+01,-3.305272258200000124e+01,-3.560188811799999797e+01,-2.997611160900000016e+01
1.449724724700000067e+01,-3.482364027700000264e+01,-3.335937432099999711e+01,-3.028551763500000149e+01,-3.764025914799999839e+01,-3.784079373800000212e+01
1.451725725700000069e+01,-3.577757273299999952e+01,-2.967274574300000012e+01,-3.177211294199999969e+01,-4.407802554700000286e+01,-3.349553884600000231e+01
1.453726726700000071e+01,-3.681304651600000000e+01,-4.975394036800000208e+01,-4.064672283899999883e+01,-3.979041441500000076e+01,-3.765564631000000162e+01
1.455727727700000074e+01,-3.087828382100000013e+01,-3.720308490099999688e+01,-3.751821915699999721e+01,-3.422416570499999722e+01,-3.694098498200000336e+01
1.457728728700000076e+01,-3.995804119999999671e+01,-3.324571968600000105e+01,-3.888854330800000270e+01,-3.753580089900000161e+01,-3.793317534999999907e+01
1.459729729700000078e+01,-2.601462460799999832e+01,-3.744476506800000237e+01,-3.597343690400000327e+01,-4.160130638700000105e+01,-4.009539708599999841e+01
1.461730730700000080e+01,-3.106703069799999994e+01,-3.344500108900000157e+01,-3.661269742700000052e+01,-3.424513006099999757e+01,-4.254664539499999876e+01
1.463731731700000083e+01,-3.338096333800000082e+01,-2.748942107399999912e+01,-3.232005795100000256e+01,-4.123063352799999848e+01,-3.554588485299999689e+01
1.465732732700000085e+01,-3.016580763600000026e+01,-4.114393414100000257e+01,-3.544687278800000030e+01,-4.886792491300000307e+01,-3.336032362099999915e+01
1.467733733700000087e+01,-3.633434139199999890e+01,-2.791596103399999862e+01,-3.828930183699999645e+01,-3.421369747100000325e+01,-3.665305305500000088e+01
1.469734734699999912e+01,-3.236865660000000133e+01,-3.108695958099999856e+01,-3.703161876200000080e+01,-3.200218041499999799e+01,-4.373679220599999695e+01
1.471735735699999914e+01,-3.796610191700000314e+01,-4.953656418599999967e+01,-3.203725404099999707e+01,-3.222122769500000317e+01,-3.137325248799999855e+01
1.473736736699999916e+01,-4.408781073699999808e+01,-3.301198416999999807e+01,-3.198891270700000078e+01,-3.902071345299999905e+01,-4.536728886299999886e+01
1.475737737699999919e+01,-3.722789438200000234e+01,-2.985427584099999976e+01,-3.227412819799999966e+01,-4.717176126900000099e+01,-3.358946109200000052e+01
1.477738738699999921e+01,-3.327074126400000154e+01,-3.348125037599999843e+01,-3.134549774599999949e+01,-4.394046441799999769e+01,-3.266579911600000230e+01
1.479739739699999923e+01,-3.095194016499999989e+01,-3.332545854399999996e+01,-3.309266195200000027e+01,-3.678483689000000112e+01,-3.110232941900000014e+01
1.481740740699999925e+01,-3.994208303999999998e+01,-4.180500963299999739e+01,-3.469624760699999655e+01,-4.199751012400000150e+01,-4.453467007799999777e+01
1.483741741699999928e+01,-3.218768131400000243e+01,-3.881651728199999951e+01,-3.469165508999999759e+01,-5.202881105400000195e+01,-3.353213109099999656e+01
1.485742742699999930e+01,-2.986869913199999971e+01,-4.798978706399999794e+01,-3.640898611400000107e+01,-4.274610637899999688e+01,-3.478466802500000199e+01
1.487743743699999932e+01,-3.157176606100000171e+01,-3.334344847700000258e+01,-3.311097714999999653e+01,-4.420787956699999910e+01,-2.956116429600000117e+01
1.489744744699999934e+01,-3.332229488200000134e+01,-4.137565784000000235e+01,-3.054573211099999952e+01,-4.211527615199999985e+01,-2.893014320900000058e+01
1.491745745699999937e+01,-6.595608285900000567e+01,-3.596432697000000189e+01,-2.953588352499999914e+01,-4.260925846100000314e+01,-2.981793110399999946e+01
1.493746746699999939e+01,-3.085263255699999974e+01,-3.576709698500000201e+01,-3.446731353100000206e+01,-4.006093653899999651e+01,-2.548485305499999853e+01
1.495747747699999941e+01,-3.143322559299999952e+01,-3.230166674899999890e+01,-2.960406003699999999e+01,-3.877160221700000164e+01,-2.339354687000000155e+01
1.497748748699999943e+01,-3.307692309499999794e+01,-3.930671921399999746e+01,-3.443511874200000022e+01,-4.219054323499999981e+01,-2.822365514499999861e+01
1.499749749699999946e+01,-3.050325446800000151e+01,-3.259029065099999656e+01,-3.294981220700000080e+01,-4.422788544400000177e+01,-2.453706690299999948e+01
1.501750750799999956e+01,-2.486046557799999945e+01,-3.204282323799999688e+01,-3.233901440100000002e+01,-3.334068564100000032e+01,-2.736582000199999953e+01
1.503751751799999958e+01,-2.787250509800000131e+01,-2.998827301200000051e+01,-3.584706994199999741e+01,-3.743714923600000333e+01,-2.766609148899999937e+01
1.505752752799999961e+01,-4.653316862599999837e+01,-3.285379363999999924e+01,-3.112183896999999888e+01,-3.964095574200000272e+01,-2.373334928099999885e+01
1.507753753799999963e+01,-3.083051078700000147e+01,-2.516610961299999971e+01,-3.178509376899999950e+01,-5.577784595800000034e+01,-2.553052700900000005e+01
1.509754754799999965e+01,-3.189446165400000055e+01,-5.508869851699999742e+01,-3.005226675000000114e+01,-3.624784983899999702e+01,-2.808033525700000155e+01
1.511755755799999967e+01,-3.285086728699999981e+01,-3.890869592899999674e+01,-2.825775901500000131e+01,-3.363654599499999875e+01,-2.846931367699999882e+01
1.513756756799999970e+01,-3.077547048599999968e+01,-3.364086093299999902e+01,-2.991891840899999977e+01,-4.040650689000000284e+01,-2.466411444399999908e+01
1.515757757799999972e+01,-3.948804628199999911e+01,-2.841810063699999844e+01,-3.629373205800000335e+01,-4.514560139400000338e+01,-2.386373560999999910e+01
1.517758758799999974e+01,-3.793070330399999790e+01,-2.719513886900000088e+01,-3.180591643400000024e+01,-3.536463033100000075e+01,-2.373556860500000099e+01
1.519759759799999976e+01,-3.928831229200000053e+01,-3.538476895400000188e+01,-3.603617518800000141e+01,-4.263379478600000283e+01,-2.346112017100000102e+01
1.521760760799999979e+01,-3.040634720099999910e+01,-3.202394602900000109e+01,-3.961791178299999672e+01,-4.551100511100000290e+01,-2.605115642000000165e+01
1.523761761799999981e+01,-2.631495849699999923e+01,-4.260934286399999849e+01,-3.645892201899999918e+01,-3.932235139099999799e+01,-2.437273272899999910e+01
1.525762762799999983e+01,-3.257184937099999900e+01,-2.419508801699999978e+01,-2.791647132499999984e+01,-4.243765258300000198e+01,-2.406404937299999958e+01
1.527763763799999985e+01,-1.723423501499999944e+01,-3.024065315600000048e+01,-4.374538208199999900e+01,-4.376478718500000298e+01,-2.614463727700000106e+01
1.529764764799999988e+01,-3.958445361399999740e+01,-2.921841987499999860e+01,-3.641618125200000122e+01,-3.379339712400000195e+01,-2.570519509500000055e+01
1.531765765799999990e+01,-3.861849989699999952e+01,-3.345165904299999937e+01,-3.171352798899999925e+01,-3.445732974599999920e+01,-2.013609005500000038e+01
1.533766766799999992e+01,-3.530702055100000081e+01,-3.392352801199999845e+01,-3.276761281400000314e+01,-5.473141619500000132e+01,-2.638305740799999910e+01
1.535767767799999994e+01,-3.715464394800000036e+01,-3.426140277700000070e+01,-3.410754275000000035e+01,-3.928624949700000002e+01,-2.833092293600000033e+01
1.537768768799999997e+01,-3.526794658699999729e+01,-4.867346493099999805e+01,-3.078910117099999866e+01,-4.941778802200000342e+01,-3.155555437499999982e+01
1.539769769799999999e+01,-3.620674110200000229e+01,-3.359590291899999670e+01,-3.294077929699999885e+01,-4.840408812300000108e+01,-2.859809607400000075e+01
1.541770770800000001e+01,-3.498172383200000013e+01,-3.025185376099999957e+01,-3.054003582700000052e+01,-3.836694089000000218e+01,-3.092860697200000075e+01
1.543771771800000003e+01,-2.829425218000000086e+01,-2.556595833700000142e+01,-3.308352868200000074e+01,-4.122690204500000277e+01,-2.862468638900000073e+01
1.545772772800000006e+01,-3.128351592599999975e+01,-2.525928826099999824e+01,-3.817051776400000307e+01,-4.584910600100000266e+01,-2.941165250199999903e+01
1.547773773800000008e+01,-3.328245235499999666e+01,-3.449290761299999986e+01,-3.633282939299999725e+01,-4.212503651400000138e+01,-3.302981959200000261e+01
1.549774774800000010e+01,-5.155711465099999913e+01,-4.068890893100000028e+01,-3.762883607300000222e+01,-4.919855395399999765e+01,-3.084734248799999889e+01
1.551775775800000012e+01,-3.018069860499999990e+01,-3.162477617600000102e+01,-3.259469208899999870e+01,-3.986314623799999879e+01,-3.092122206499999848e+01
1.553776776800000015e+01,-3.234671016800000132e+01,-3.547133996800000233e+01,-3.361246841399999852e+01,-4.102779785199999907e+01,-3.048291134400000146e+01
1.555777777800000017e+01,-2.234413264799999865e+01,-5.097012678099999761e+01,-3.626872101099999668e+01,-3.920477016600000297e+01,-3.445454577299999954e+01
1.557778778800000019e+01,-3.097678727499999951e+01,-3.236360415099999699e+01,-3.288000842600000340e+01,-3.588879713299999707e+01,-2.708292834299999896e+01
1.559779779800000021e+01,-3.606427290999999968e+01,-3.320706260600000093e+01,-3.367275893699999756e+01,-3.587955913399999730e+01,-3.571611261099999979e+01
1.561780780800000024e+01,-2.935516549800000163e+01,-2.970725837199999830e+01,-3.186827556100000081e+01,-3.389517749800000246e+01,-3.282811270500000234e+01
1.563781781800000026e+01,-2.887872702499999988e+01,-4.625097980500000006e+01,-3.005612613299999936e+01,-3.483344342200000199e+01,-2.547191387199999824e+01
1.565782782800000028e+01,-2.941029952099999889e+01,-3.862785403899999892e+01,-2.814336140500000027e+01,-3.341758086499999791e+01,-2.767770825699999904e+01
1.567783783800000030e+01,-3.343632760199999865e+01,-4.057355171999999754e+01,-2.794737942700000133e+01,-4.872836037300000100e+01,-3.281293825499999883e+01
1.569784784800000033e+01,-3.366961208699999730e+01,-2.825231849800000106e+01,-2.690948079600000042e+01,-3.611933532100000122e+01,-2.266072821299999873e+01
1.571785785800000035e+01,-3.283960187999999647e+01,-3.644019633599999963e+01,-3.429735456099999880e+01,-4.267416359399999948e+01,-2.533938045000000017e+01
1.573786786800000037e+01,-3.565808684000000284e+01,-4.472149515499999950e+01,-2.829496598100000071e+01,-3.709190528500000283e+01,-2.684715331800000016e+01
1.575787787800000039e+01,-3.693729823099999976e+01,-3.270052621300000339e+01,-2.751543630400000140e+01,-3.309758741600000320e+01,-3.048217760400000031e+01
1.577788788800000042e+01,-2.978967056400000146e+01,-4.903235153100000332e+01,-2.878587809400000097e+01,-3.784275982500000168e+01,-2.784403069700000088e+01
1.579789789800000044e+01,-3.378407232699999696e+01,-3.480531623200000269e+01,-2.968771668400000152e+01,-3.926419838500000026e+01,-2.654022651300000035e+01
1.581790790800000046e+01,-4.417157341600000109e+01,-4.620308114800000254e+01,-3.141782044500000026e+01,-3.174427669299999977e+01,-2.566284813900000117e+01
1.583791791800000048e+01,-3.314258265099999790e+01,-3.620016404799999776e+01,-2.900990456999999978e+01,-2.894046703400000098e+01,-2.836679234900000068e+01
1.585792792800000051e+01,-3.482959895100000125e+01,-3.846828098999999668e+01,-2.998614241299999961e+01,-3.371972786999999983e+01,-2.932080535200000071e+01
1.587793793800000053e+01,-3.994135225200000150e+01,-2.896780259399999835e+01,-3.064461787300000140e+01,-3.036028938700000168e+01,-2.694904957600000017e+01
1.589794794800000055e+01,-2.914269438899999898e+01,-3.210929352200000153e+01,-2.873620598600000164e+01,-3.122914611099999860e+01,-3.203678141000000323e+01
1.591795795800000057e+01,-3.168013675199999923e+01,-3.165390377399999977e+01,-2.468427851799999928e+01,-4.162281867499999777e+01,-2.708336323400000012e+01
1.593796796800000060e+01,-4.205069402000000167e+01,-2.958316554299999979e+01,-3.274840810500000288e+01,-3.513537495399999955e+01,-2.758172967300000167e+01
1.595797797800000062e+01,-3.183833275799999996e+01,-3.973811722599999996e+01,-2.756635552299999858e+01,-3.724567816100000073e+01,-3.054912993299999968e+01
1.597798798800000064e+01,-3.459077758299999772e+01,-3.141946386100000055e+01,-3.103287024500000157e+01,-3.284656945700000108e+01,-3.171005363500000129e+01
1.599799799800000066e+01,-3.003886912000000109e+01,-3.687560909399999787e+01,-2.986979203799999993e+01,-3.054695656000000170e+01,-3.361753681300000096e+01
1.601800800799999891e+01,-3.443517749099999747e+01,-3.296587223600000272e+01,-2.937878767300000149e+01,-2.731583136900000142e+01,-2.972420346799999891e+01
1.603801801799999893e+01,-2.879237520099999870e+01,-3.233520678600000053e+01,-2.816851315399999933e+01,-3.011341006700000023e+01,-2.826423123300000029e+01
1.605802802799999895e+01,-3.830484494699999942e+01,-4.948190431599999783e+01,-2.741237071700000172e+01,-3.008482248299999995e+01,-2.660046206999999896e+01
1.607803803799999898e+01,-3.335363770499999703e+01,-3.838406169999999662e+01,-2.574838853600000022e+01,-3.112136506099999878e+01,-2.772641110400000031e+01
1.609804804799999900e+01,-4.014960591599999873e+01,-3.068256870800000158e+01,-2.552019432499999851e+01,-4.548781974300000286e+01,-2.820141639699999914e+01
1.611805805799999902e+01,-3.362544604699999695e+01,-2.058071914599999985e+01,-2.771275963200000092e+01,-3.894998140599999914e+01,-2.650051765099999912e+01
1.613806806799999904e+01,-2.701096534199999866e+01,-2.863531903399999834e+01,-2.859181451499999937e+01,-3.398245013500000056e+01,-2.817949748799999909e+01
1.615807807799999907e+01,-2.773144637100000054e+01,-2.966881046800000021e+01,-2.673188707499999950e+01,-3.739638696299999765e+01,-2.790533047299999936e+01
1.617808808799999909e+01,-2.629858095599999857e+01,-4.874621038699999787e+01,-2.425161917699999847e+01,-4.118107864699999965e+01,-2.669245143899999917e+01
1.619809809799999911e+01,-3.156762474199999957e+01,-3.113808993399999991e+01,-2.453175015700000117e+01,-3.162725729699999988e+01,-2.969523702900000117e+01
1.621810810799999913e+01,-3.106252471199999832e+01,-2.987038067299999966e+01,-2.665754811300000071e+01,-4.144823827399999772e+01,-2.371040811399999981e+01
1.623811811799999916e+01,-3.084256523000000172e+01,-3.513401131599999871e+01,-3.063202041799999975e+01,-3.566607233500000262e+01,-2.632897825299999894e+01
1.625812812799999918e+01,-2.672114908000000000e+01,-2.691223668099999955e+01,-2.528667231400000048e+01,-3.429228851500000275e+01,-2.617207636399999870e+01
1.627813813799999920e+01,-3.191645641799999922e+01,-5.232358392300000105e+01,-2.387724958200000103e+01,-2.939844135699999939e+01,-2.336668038799999891e+01
1.629814814799999922e+01,-3.396408014299999678e+01,-3.849858199799999880e+01,-2.998567760199999910e+01,-3.554035157399999889e+01,-2.314214416200000102e+01
1.631815815799999925e+01,-3.050745907800000012e+01,-3.575561637500000245e+01,-2.671525295200000016e+01,-4.187184186100000005e+01,-2.215260589600000074e+01
1.633816816799999927e+01,-3.132743980700000108e+01,-3.615232921199999794e+01,-3.264327476100000069e+01,-3.204644482100000147e+01,-2.528719235799999865e+01
1.635817817799999929e+01,-2.714261039200000170e+01,-3.892110365399999949e+01,-2.952903975599999953e+01,-3.786515040900000173e+01,-2.662102616800000021e+01
1.637818818799999931e+01,-2.982093106700000007e+01,-3.541352822300000014e+01,-2.684165242499999948e+01,-3.426421442800000250e+01,-2.613666576299999988e+01
1.639819819799999934e+01,-3.019957709199999840e+01,-3.465297628799999785e+01,-2.886211898499999862e+01,-3.558214727299999680e+01,-2.507903440200000134e+01
1.641820820799999936e+01,-3.057826802700000002e+01,-2.186685512700000089e+01,-3.527567939200000069e+01,-2.650440163600000076e+01,-2.674531041099999840e+01
1.643821821799999938e+01,-2.644217349799999894e+01,-3.630377208699999869e+01,-3.328427937600000064e+01,-3.894996991099999661e+01,-2.034797512600000147e+01
1.645822822799999940e+01,-1.960045332500000015e+01,-3.604369145599999769e+01,-3.060278771100000128e+01,-2.774521820800000071e+01,-2.430239084600000155e+01
1.647823823799999943e+01,-3.329317504299999797e+01,-3.575536183599999873e+01,-3.167995202899999896e+01,-3.571514221399999656e+01,-3.047068123900000103e+01
1.649824824799999945e+01,-2.782039102799999952e+01,-2.901152908799999963e+01,-3.175886109200000007e+01,-2.925110508299999879e+01,-2.020975067099999833e+01
1.651825825799999947e+01,-2.565321141700000140e+01,-3.143167011799999955e+01,-3.075823224799999878e+01,-4.229236343400000209e+01,-2.095935074400000175e+01
1.653826826799999949e+01,-3.574533018300000009e+01,-3.027083292500000056e+01,-3.644164219599999655e+01,-4.869445313199999958e+01,-1.841454660100000140e+01
1.655827827799999952e+01,-4.809462511600000312e+01,-3.538878795899999830e+01,-2.945763530800000041e+01,-3.657364232300000140e+01,-2.366348059299999917e+01
1.657828828799999954e+01,-2.154250980699999829e+01,-3.990463857499999989e+01,-2.607612399799999992e+01,-3.813222815099999963e+01,-2.037793811599999927e+01
1.659829829799999956e+01,-2.394314480899999964e+01,-3.130006549999999876e+01,-3.876489253900000165e+01,-2.748077530600000173e+01,-2.314982203900000002e+01
1.661830830799999958e+01,-4.132224836299999993e+01,-3.445797484799999921e+01,-3.398668572700000112e+01,-2.928947390800000150e+01,-2.312567521400000103e+01
1.663831831799999961e+01,-2.826756134000000031e+01,-4.112390467099999825e+01,-3.018971878900000050e+01,-3.345784993299999854e+01,-2.550845901399999960e+01
1.665832832799999963e+01,-2.818985211800000101e+01,-2.470962593200000157e+01,-2.524243457700000093e+01,-3.372674332799999775e+01,-2.358987798300000094e+01
1.667833833799999965e+01,-2.580703462600000009e+01,-3.846939093900000017e+01,-3.221083398100000039e+01,-3.511894226300000099e+01,-2.385718964699999844e+01
1.669834834799999967e+01,-2.727770534800000135e+01,-3.078686750099999969e+01,-3.364340159799999697e+01,-3.538868344400000154e+01,-2.154296705499999831e+01
1.671835835799999970e+01,-2.918870917299999945e+01,-3.249117508300000168e+01,-2.673394025900000059e+01,-3.125825544199999939e+01,-2.536721146500000046e+01
1.673836836799999972e+01,-2.629479443900000035e+01,-4.178276462000000180e+01,-2.793047870399999866e+01,-3.215163486699999851e+01,-2.474337831800000131e+01
1.675837837799999974e+01,-2.603681808900000050e+01,-2.897127867100000032e+01,-2.862475451199999910e+01,-3.179340915299999892e+01,-2.139445665999999946e+01
1.677838838799999976e+01,-2.934701789500000046e+01,-4.064278823499999760e+01,-2.887056251499999959e+01,-3.146880818800000057e+01,-2.252141022900000067e+01
1.679839839799999979e+01,-2.915671811800000057e+01,-2.801031446100000011e+01,-2.601396132700000052e+01,-2.781709035600000135e+01,-2.525842262500000146e+01
1.681840840799999981e+01,-2.986555818700000131e+01,-3.624983592800000309e+01,-2.673941501799999898e+01,-2.709683830799999882e+01,-2.397740620600000128e+01
1.683841841799999983e+01,-3.271380873399999700e+01,-3.755896285299999704e+01,-2.657018979900000133e+01,-2.942243002200000035e+01,-2.306333673600000012e+01
1.685842842799999985e+01,-2.033072749800000167e+01,-3.145251395700000074e+01,-2.594294379999999833e+01,-3.128122531700000053e+01,-1.990027549899999926e+01
1.687843843799999988e+01,-3.151155282899999932e+01,-3.271565517500000198e+01,-2.618276521599999995e+01,-2.963524824299999949e+01,-2.033692549399999905e+01
1.689844844799999990e+01,-3.053546657800000119e+01,-4.332071919599999887e+01,-2.536232191399999891e+01,-2.872640871200000134e+01,-1.864780901800000024e+01
1.691845845799999992e+01,-2.986392662900000161e+01,-3.269611610799999823e+01,-2.546488882099999884e+01,-2.758107273399999926e+01,-2.576811579800000018e+01
1.693846846799999994e+01,-2.876523272200000036e+01,-3.046071475899999825e+01,-2.520051224199999851e+01,-2.339224688799999896e+01,-2.667611728700000029e+01
1.695847847799999997e+01,-2.261091381800000022e+01,-3.343172017199999857e+01,-2.644248048100000048e+01,-3.133566861999999986e+01,-2.129785679200000104e+01
1.697848848799999999e+01,-2.688612428600000115e+01,-3.028726043099999998e+01,-2.565710166499999900e+01,-2.652928298699999843e+01,-2.498458413699999880e+01
1.699849849800000001e+01,-2.759522884200000092e+01,-3.042813761400000061e+01,-2.365111945700000007e+01,-2.124149592499999883e+01,-2.720794068100000018e+01
1.701850850900000012e+01,-2.457240358399999991e+01,-6.185767467899999872e+01,-2.440078989399999898e+01,-3.117217671699999926e+01,-2.560913763499999973e+01
1.703851851900000014e+01,-2.767429817200000031e+01,-4.187351314899999721e+01,-2.282296206599999877e+01,-3.160994030499999852e+01,-1.890422122600000066e+01
1.705852852900000016e+01,-3.532440788299999923e+01,-3.644808458899999692e+01,-2.831336287799999951e+01,-3.312290246799999949e+01,-1.886157720199999943e+01
1.707853853900000018e+01,-3.288991740800000230e+01,-3.089393810199999990e+01,-2.802014971099999840e+01,-3.135220259500000139e+01,-2.515655157999999858e+01
1.709854854900000021e+01,-2.524138864900000101e+01,-2.504123789499999830e+01,-3.126933585300000118e+01,-2.062869067700000159e+01,-1.876242562899999911e+01
1.711855855900000023e+01,-3.380645857900000095e+01,-4.142498336999999964e+01,-2.765957046600000169e+01,-3.267592638099999647e+01,-2.110442888500000080e+01
1.713856856900000025e+01,-4.092373911899999683e+01,-4.054990359300000335e+01,-2.508333888599999995e+01,-2.668906714699999938e+01,-2.389818030900000068e+01
1.715857857900000027e+01,-2.698799118499999850e+01,-3.673824763700000062e+01,-2.906214003099999843e+01,-2.590390943399999912e+01,-2.399257536400000035e+01
1.717858858900000030e+01,-3.347994212900000122e+01,-4.673571772700000082e+01,-2.368341337700000082e+01,-2.366605863399999876e+01,-1.545275553299999949e+01
1.719859859900000032e+01,-3.808207650100000308e+01,-3.061253852300000133e+01,-3.795896792900000349e+01,-2.557111407200000031e+01,-2.037422972999999971e+01
1.721860860900000034e+01,-2.348143344900000073e+01,-3.341452830400000096e+01,-2.412885961799999990e+01,-2.625148961000000014e+01,-2.580831407699999858e+01
1.723861861900000036e+01,-2.677696316600000159e+01,-3.677840010199999909e+01,-3.100148394500000038e+01,-3.024054995699999893e+01,-2.261584021199999839e+01
1.725862862900000039e+01,-3.098324812199999911e+01,-3.506583211499999919e+01,-4.718311978900000270e+01,-2.859243134500000139e+01,-2.353193735400000008e+01
1.727863863900000041e+01,-3.320896240100000085e+01,-2.495834662200000054e+01,-2.008946628300000015e+01,-2.339201277000000090e+01,-2.941137594199999938e+01
1.729864864900000043e+01,-3.344382239000000112e+01,-3.554639124900000269e+01,-2.383236242799999971e+01,-3.352423505499999834e+01,-3.442324777799999680e+01
1.731865865900000045e+01,-3.511067973299999778e+01,-3.303590273900000085e+01,-2.699664847500000064e+01,-3.359197931500000323e+01,-1.304821990299999968e+01
1.733866866900000048e+01,-4.416230452300000309e+01,-3.960661331600000068e+01,-2.952599792299999848e+01,-2.444486326899999895e+01,-2.455841424500000159e+01
1.735867867900000050e+01,-3.843678798399999863e+01,-3.888395952399999800e+01,-3.878333218099999868e+01,-3.110075813399999944e+01,-3.429952912699999956e+01
1.737868868900000052e+01,-3.364508605599999669e+01,-2.677422707699999904e+01,-2.541744408799999988e+01,-2.677716217000000043e+01,-3.318751785199999915e+01
1.739869869900000054e+01,-2.620832853099999937e+01,-4.416755847499999987e+01,-2.683641435799999897e+01,-2.579517775600000107e+01,-2.773691629400000025e+01
1.741870870900000057e+01,-3.111184798600000079e+01,-3.913964786100000026e+01,-2.293851827700000001e+01,-2.524978441600000068e+01,-2.003477253200000163e+01
1.743871871900000059e+01,-3.524932130700000243e+01,-3.434302072999999922e+01,-2.654954694599999954e+01,-3.340976852400000041e+01,-2.828767242199999998e+01
1.745872872900000061e+01,-3.262494136299999781e+01,-4.506555684300000308e+01,-2.817048306599999918e+01,-2.305975632199999836e+01,-1.688517472299999866e+01
1.747873873900000063e+01,-3.941796386600000091e+01,-3.648595768799999917e+01,-2.246402397700000009e+01,-3.856702236099999936e+01,-1.873442787600000159e+01
1.749874874900000066e+01,-2.928950211400000114e+01,-4.082454975400000308e+01,-2.273043549100000149e+01,-2.981996527300000110e+01,-2.435166746399999838e+01
1.751875875900000068e+01,-4.431626033999999947e+01,-2.321616896700000154e+01,-2.490859827699999940e+01,-3.092133658899999915e+01,-2.737192426100000020e+01
1.753876876900000070e+01,-2.821150974200000050e+01,-3.853687265300000320e+01,-2.446543283500000143e+01,-3.160309613200000101e+01,-1.396908267999999964e+01
1.755877877900000072e+01,-3.693766104200000200e+01,-4.360284253500000062e+01,-2.370932522600000070e+01,-3.342327595900000148e+01,-2.200022279299999894e+01
1.757878878900000075e+01,-3.067008343699999884e+01,-3.988866972499999974e+01,-1.865784503200000088e+01,-1.437207973699999997e+01,-3.044256740899999869e+01
1.759879879900000077e+01,-2.882475141300000132e+01,-3.378286008100000259e+01,-2.379421650700000157e+01,-4.221493820199999902e+01,-2.325174838399999899e+01
1.761880880900000079e+01,-3.084767623400000147e+01,-2.424257040999999901e+01,-2.369837548499999968e+01,-3.478538429299999990e+01,-1.831382947000000172e+01
1.763881881900000081e+01,-3.708840452100000107e+01,-2.687299809299999964e+01,-2.983706212299999905e+01,-3.598809951300000165e+01,-2.850915557700000136e+01
1.765882882900000084e+01,-3.337804354000000018e+01,-3.349001694700000087e+01,-3.171278153400000122e+01,-3.199068403500000102e+01,-2.199579946000000064e+01
1.767883883900000086e+01,-3.182100031399999907e+01,-3.585604190499999788e+01,-3.042728772799999959e+01,-3.804086344299999922e+01,-2.860245953900000160e+01
1.769884884900000088e+01,-4.481866030500000164e+01,-3.722724912700000033e+01,-3.352885740800000036e+01,-4.084420951500000285e+01,-1.937236928300000116e+01
1.771885885900000090e+01,-3.928101206299999859e+01,-3.618606847800000281e+01,-2.430411112899999893e+01,-2.190429861799999856e+01,-6.736951642000000184e+00
1.773886886900000093e+01,-1.866311871999999994e+01,-3.637147310499999975e+01,-2.031864267399999946e+01,-2.062223861500000055e+01,-1.750120864599999848e+01
1.775887887900000095e+01,-4.449257688099999797e+01,-3.652057646699999793e+01,-2.507939110599999921e+01,-1.954980104099999849e+01,-3.653276746099999883e+01
1.777888888900000097e+01,-2.888832474000000161e+01,-3.620236180599999898e+01,-3.148287145200000126e+01,-2.730690433199999845e+01,-3.109712452500000168e+01
1.779889889900000099e+01,-3.199306752200000048e+01,-3.161535615300000046e+01,-1.748907371199999972e+01,-2.162634848700000134e+01,-1.954976621999999864e+01
1.781890890900000102e+01,-4.350277280800000312e+01,-3.076514344399999956e+01,-2.532663675399999903e+01,-3.197689560099999895e+01,-2.941622560400000097e+01
1.783891891900000104e+01,-4.582124251300000140e+01,-4.445636966200000018e+01,-2.577424407099999826e+01,-2.525136608800000104e+01,-2.653211529800000079e+01
1.785892892900000106e+01,-2.393636731999999867e+01,-2.524385694900000132e+01,-3.346004338000000189e+01,-2.858096895999999987e+01,-2.206897164900000163e+01
1.787893893900000108e+01,-3.805330371800000222e+01,-3.194691123000000132e+01,-2.164739586399999993e+01,-2.753889136200000110e+01,-2.770540369300000094e+01
1.789894894900000111e+01,-3.751711265600000189e+01,-3.258205039300000294e+01,-2.340615995099999935e+01,-2.670223172800000100e+01,-4.131684289399999699e+01
1.791895895900000113e+01,-4.234427815299999764e+01,-2.695257012000000074e+01,-1.876911448699999951e+01,-2.373046140900000012e+01,-3.085827108399999830e+01
1.793896896900000115e+01,-3.562141766700000289e+01,-2.788918101399999827e+01,-9.683889024799999135e+00,-1.325557870599999966e+01,-2.550086974399999917e+01
1.795897897900000117e+01,-3.175852815100000015e+01,-3.291124118799999820e+01,-2.583097920699999861e+01,-2.783908657499999961e+01,-2.904424379800000011e+01
1.797898898900000120e+01,-3.168096819499999839e+01,-1.677800848900000119e+01,-2.785859719400000145e+01,-2.561710934599999945e+01,-2.722814712599999964e+01
1.799899899900000122e+01,-3.187283176100000048e+01,-3.067515638400000100e+01,-2.282274791100000044e+01,-3.064174190900000028e+01,-3.264777908500000336e+01
1.801900900900000124e+01,-4.605134537600000044e+01,-3.302684419900000279e+01,-3.181080172200000078e+01,-1.821948310699999851e+01,-2.656873963299999986e+01
1.803901901900000126e+01,-3.325394298900000223e+01,-3.359243675199999757e+01,-3.126403227000000129e+01,-2.624859568100000118e+01,-3.159855904000000137e+01
1.805902902900000129e+01,-4.636755028299999992e+01,-3.312603868699999765e+01,-3.000982158700000113e+01,-2.871418554099999909e+01,-3.644286647500000242e+01
1.807903903900000131e+01,-2.893677846099999940e+01,-4.434770508599999772e+01,-2.143958364099999869e+01,-2.702390285399999925e+01,-3.175573642799999874e+01
1.809904904900000133e+01,-4.143097849299999780e+01,-2.989583227099999974e+01,-2.448048887399999884e+01,-2.355589719099999968e+01,-3.343797757200000120e+01
1.811905905900000135e+01,-3.528066834399999863e+01,-1.450447342300000031e+01,-3.189016517900000025e+01,-2.541994139599999869e+01,-2.469737270099999904e+01
1.813906906900000138e+01,-3.669674942799999684e+01,-2.827212269600000027e+01,-2.376926338899999891e+01,-2.586777766999999884e+01,-2.201594357100000110e+01
1.815907907900000140e+01,-2.939163649199999995e+01,-3.106587137300000023e+01,-3.046875950600000138e+01,-3.061263852500000127e+01,-2.899942422599999858e+01
1.817908908900000142e+01,-4.731770165300000031e+01,-4.055857190700000103e+01,-2.622749478400000100e+01,-2.725807449899999924e+01,-3.064748936399999835e+01
1.819909909900000144e+01,-3.302022665599999840e+01,-2.874981401000000147e+01,-2.434686601499999981e+01,-2.519472432299999909e+01,-2.071593366800000169e+01
1.821910910900000147e+01,-3.534543529399999784e+01,-3.926466750800000227e+01,-2.696002484899999985e+01,-2.275243629099999865e+01,-3.140682952599999922e+01
1.823911911900000149e+01,-3.676986547100000280e+01,-3.585426337599999869e+01,-2.458825577600000045e+01,-2.993466460300000165e+01,-2.550128825499999863e+01
1.825912912900000151e+01,-4.009027856899999875e+01,-3.420620007699999832e+01,-2.401926513800000151e+01,-4.695581957299999942e+01,4.243457119900000407e+00
1.827913913900000153e+01,-5.613858935900000091e+01,-3.110502943099999840e+01,-2.490151452599999971e+01,-2.909107442399999854e+01,-4.114405079099999796e+01
1.829914914900000156e+01,-3.764104690700000333e+01,-2.914863281799999939e+01,-2.014148883700000070e+01,-2.584418898399999875e+01,-3.035059049699999889e+01
1.831915915900000158e+01,-1.027394227599999965e+01,-4.898114305899999721e+01,-2.236659545599999888e+01,-2.589231579000000139e+01,-2.148381312900000140e+01
1.833916916900000160e+01,-3.283066428299999728e+01,-1.822108163300000072e+01,-2.529553794899999986e+01,-2.252720264399999905e+01,-2.373816713700000136e+01
1.835917917900000162e+01,-3.719156860599999703e+01,-3.700309565100000242e+01,-2.227545083500000089e+01,-2.307991101700000058e+01,-1.699084943300000106e+01
1.837918918900000165e+01,-3.532448121400000218e+01,-4.236987055200000185e+01,-2.524063779900000171e+01,-4.060117026199999657e+01,-2.832453631199999933e+01
1.839919919900000167e+01,-2.785520428299999907e+01,-4.408412369500000239e+01,-2.669436813500000127e+01,-2.652178449199999832e+01,-1.425759011399999920e+01
1.841920920900000169e+01,-2.530685561600000000e+01,-2.578438085399999835e+01,-2.199186929000000035e+01,-2.354989540400000081e+01,-2.732455921000000032e+01
1.843921921900000171e+01,-2.950110381700000062e+01,-3.289447302699999653e+01,-2.748124024399999854e+01,-2.251811196599999931e+01,-3.745874581999999720e+01
1.845922922900000174e+01,-2.081431144200000105e+01,-2.993595069499999894e+01,-2.410057967599999884e+01,-2.642969083499999883e+01,-2.249904937899999879e+01
1.847923923900000176e+01,-3.939710602699999953e+01,-3.006248159800000153e+01,-2.726874996300000120e+01,-2.397178998600000099e+01,-2.651111991100000154e+01
1.849924924899999823e+01,-5.621036495999999971e+01,-2.905515082200000165e+01,-2.759794988899999879e+01,-2.421590557400000066e+01,-1.923519583799999921e+01
1.851925925899999825e+01,-3.661019692499999678e+01,-3.386909507499999705e+01,-2.932273417200000054e+01,-3.029126629900000012e+01,-2.749236085700000132e+01
1.853926926899999827e+01,-2.141737187000000020e+01,-2.534528359800000175e+01,-2.632721102900000076e+01,-3.373873329500000295e+01,-2.695609714300000093e+01
1.855927927899999830e+01,-5.420407114199999654e+01,-3.868537087899999705e+01,-2.884376715399999824e+01,-3.058693621400000140e+01,-2.291041919699999951e+01
1.857928928899999832e+01,-3.188547068100000104e+01,-3.724280036100000046e+01,-2.999634991199999945e+01,-2.644091727200000008e+01,-2.425353762800000013e+01
1.859929929899999834e+01,-3.391752035799999732e+01,-4.243055244499999645e+01,-2.749731208600000087e+01,-2.505605638400000146e+01,-1.908477509400000116e+01
1.861930930899999836e+01,-2.368344911699999855e+01,-3.109175871300000082e+01,-3.695940891400000083e+01,-3.093730346799999964e+01,-3.032543699100000012e+01
1.863931931899999839e+01,-3.622761780300000112e+01,-3.008557580700000145e+01,-2.641951732400000097e+01,-2.830948268699999915e+01,-3.907739172699999841e+01
1.865932932899999841e+01,-3.319603389800000315e+01,-3.553056724099999997e+01,-3.416630267099999685e+01,-3.720737931000000032e+01,-2.413411828199999931e+01
1.867933933899999843e+01,-4.295609527199999889e+01,-4.303870082699999955e+01,-1.487620626800000068e+01,-1.365384062400000076e+01,-1.385684250000000084e+01
1.869934934899999845e+01,-5.297182353499999863e+01,-3.877236267400000003e+01,-2.239629621299999940e+01,-2.090662814199999886e+01,-2.074843144800000161e+01
1.871935935899999848e+01,-3.111090975300000139e+01,-2.972628276200000030e+01,-2.108766212900000170e+01,-2.854949384200000040e+01,-3.039485147399999931e+01
1.873936936899999850e+01,-1.864339369300000016e+01,-3.379720458799999960e+01,-3.030859422199999997e+01,-3.209266713800000304e+01,-2.619704850899999826e+01
1.875937937899999852e+01,-3.237648954099999798e+01,-3.676894540699999681e+01,-3.931544592899999913e+01,-2.451668490300000158e+01,-2.066378153100000148e+01
1.877938938899999854e+01,-4.176087162000000319e+01,-4.719722069299999845e+01,-2.014402797600000028e+01,-2.688777328300000136e+01,-6.761487132000000067e+00
1.879939939899999857e+01,-2.961890765300000083e+01,-2.205476038799999827e+01,-2.327712585900000164e+01,-2.521977325299999961e+01,-1.588923536699999950e+01
1.881940940899999859e+01,-4.447277180500000071e+01,-3.593001494899999670e+01,-3.230138021700000195e+01,-3.811805127899999945e+01,-2.403597349100000002e+01
1.883941941899999861e+01,-5.265266528000000079e+01,-3.481317657000000310e+01,-8.912292658100000153e+00,-1.180402969300000038e+01,-2.308007031800000064e+01
1.885942942899999863e+01,-4.376564405700000293e+01,-3.095690713500000157e+01,-1.981741352999999961e+01,-2.276088537900000119e+01,-2.824562603200000055e+01
1.887943943899999866e+01,-3.562775746100000163e+01,-3.779627175400000283e+01,-2.038957540299999849e+01,-2.923159943299999952e+01,-2.507552822199999909e+01
1.889944944899999868e+01,-5.368330472899999961e+01,-3.306664714200000077e+01,-3.075051765499999945e+01,-3.079493056000000095e+01,-2.718252290899999934e+01
1.891945945899999870e+01,-4.681996278900000164e+01,-2.708425682700000081e+01,-2.617805417699999992e+01,-2.486531096799999929e+01,-3.041990467999999836e+01
1.893946946899999872e+01,-3.561048223200000251e+01,-5.062969728200000219e+01,-2.296496498000000130e+01,-2.731234049500000083e+01,-2.470448087100000123e+01
1.895947947899999875e+01,-5.274083310399999647e+01,-3.399167624999999759e+01,-2.353889816599999918e+01,-2.562883349899999885e+01,-3.927363610700000152e+01
1.897948948899999877e+01,-2.310047771500000025e+01,-2.907762330599999956e+01,-2.084942716100000126e+01,-3.168422575399999985e+01,-1.681179639000000137e+01
1.899949949899999879e+01,-4.673492883600000170e+01,-4.777180365400000284e+01,-1.857830637400000029e+01,-1.810556865099999868e+01,-2.459193735899999922e+01
1.901950950999999890e+01,-4.661256893200000206e+01,-5.863849407099999667e+01,-2.124447578899999911e+01,-3.843255838500000010e+01,-2.262396419599999930e+01
1.903951951999999892e+01,-3.807318421400000119e+01,-3.368192039800000259e+01,-3.623895223800000309e+01,-2.611995898500000024e+01,-3.130764990500000167e+01
1.905952952999999894e+01,-4.750687632000000349e+01,-4.459705280699999719e+01,-2.916009835399999872e+01,-2.741375760700000086e+01,-2.464084133300000090e+01
1.907953953999999896e+01,-3.687368010600000190e+01,-4.488618859000000327e+01,-2.547530924400000174e+01,-1.748507606200000097e+01,-2.285052303699999854e+01
1.909954954999999899e+01,-2.612035810600000119e+01,-2.507674923400000111e+01,-2.108022607499999879e+01,-2.933284412100000083e+01,-2.459308564899999894e+01
1.911955955999999901e+01,-3.569450212999999650e+01,-4.762696806900000013e+01,-2.708133867800000161e+01,-3.724365090100000231e+01,-2.492764204499999892e+01
1.913956956999999903e+01,-2.790898442700000004e+01,-3.756385994299999709e+01,-2.621987766399999842e+01,-2.808623740499999855e+01,-2.583458832000000172e+01
1.915957957999999905e+01,-3.806673996399999993e+01,-4.144465127400000171e+01,-1.516260886999999968e+01,-2.854158207500000088e+01,-3.388921270400000196e+01
1.917958958999999908e+01,-3.483663718399999709e+01,-3.761769670300000001e+01,-2.361820940699999838e+01,-2.547077845100000104e+01,-3.349598168100000350e+01
1.919959959999999910e+01,-2.831865710599999986e+01,-2.776481593400000136e+01,-3.629753459999999876e+01,-2.581376548300000096e+01,-2.821894897900000032e+01
1.921960960999999912e+01,-3.677822830600000259e+01,-5.023096305600000022e+01,-2.263262539100000126e+01,-3.132897659600000040e+01,-3.204407102999999779e+01
1.923961961999999914e+01,-3.984756928600000236e+01,-4.798446391800000299e+01,-2.330575820600000014e+01,-3.441996536900000336e+01,-3.597943322199999727e+01
1.925962962999999917e+01,-2.677083743300000052e+01,-3.515402372100000150e+01,-2.858023897500000032e+01,-3.397831088800000288e+01,-3.727359615700000006e+01
1.927963963999999919e+01,-5.193694976399999774e+01,-4.696852443499999907e+01,-2.852644567300000134e+01,-3.188629779500000083e+01,-4.591606749599999659e+01
1.929964964999999921e+01,-3.437292686600000025e+01,-5.823522038299999792e+01,-2.658032449899999961e+01,-4.011120602100000099e+01,-4.418032998700000036e+01
1.931965965999999923e+01,-2.079201517699999968e+01,-2.441956656099999989e+01,-1.971898545399999847e+01,-2.433442061499999909e+01,-4.220921906200000251e+01
1.933966966999999926e+01,-4.732718335500000251e+01,-3.173092122099999912e+01,-4.274818315800000335e+01,-3.398276795299999975e+01,-3.565053803899999707e+01
1.935967967999999928e+01,-3.259621654200000052e+01,-3.853435139700000178e+01,-3.447987329800000111e+01,-2.939571923700000156e+01,-2.605322891100000149e+01
1.937968968999999930e+01,-2.795388852900000032e+01,-3.490507848699999727e+01,-1.941135211699999985e+01,-2.035738117900000077e+01,-1.813650142699999890e+01
1.939969969999999932e+01,-1.796936787599999974e+01,-5.534963946700000292e+01,-2.153159117199999883e+01,-2.770293968000000007e+01,-4.887988073399999678e+01
1.941970970999999935e+01,-3.646316362400000344e+01,-3.556424677599999740e+01,-9.403131394100000762e+00,-2.492031623000000096e+01,-3.076815415600000136e+01
1.943971971999999937e+01,-2.397637900999999871e+01,-3.751516602000000233e+01,-2.246410646100000008e+01,-2.252009137399999972e+01,-2.808699375999999859e+01
1.945972972999999939e+01,-5.184126219400000224e+01,-3.761056946699999770e+01,-2.934638211000000041e+01,-2.915201309800000118e+01,-3.727683908899999921e+01
1.947973973999999941e+01,-3.591694417800000139e+01,-3.725254162899999955e+01,-2.448159500899999941e+01,-3.952295444300000327e+01,-2.657327096999999938e+01
1.949974974999999944e+01,-2.138681361800000147e+01,-4.044232339799999920e+01,-2.113618522499999841e+01,-3.646532926500000116e+01,-2.725348411599999920e+01
1.951975975999999946e+01,-4.102486314899999797e+01,-3.286049416899999898e+01,-2.193020320799999823e+01,-3.695102403599999974e+01,-2.380557457800000165e+01
1.953976976999999948e+01,-4.009721057899999863e+01,-2.954771581099999977e+01,-7.496580360200000293e+00,-1.265703935400000013e+01,-5.357002649400000038e+00
1.955977977999999950e+01,-3.593420597400000105e+01,-4.354302926900000159e+01,-2.684543083799999863e+01,-3.068362273800000040e+01,-4.683722168599999947e+01
1.957978978999999953e+01,-4.918351007900000127e+01,-3.757636620899999969e+01,-2.683643244399999972e+01,-3.769032289199999752e+01,-3.083189970400000135e+01
1.959979979999999955e+01,-4.417778237200000291e+01,-4.117986607000000276e+01,-3.802992126800000250e+01,-3.341575440999999813e+01,-3.686338327600000042e+01
1.961980980999999957e+01,-4.034620359099999831e+01,-3.631210317800000098e+01,-6.658511783499999837e+00,-3.642134990800000338e+01,-3.341832510700000114e+01
1.963981981999999959e+01,-3.028124392599999837e+01,-2.871762758599999898e+01,-2.625156176200000147e+01,-2.877942707200000072e+01,-4.417741449599999726e+01
1.965982982999999962e+01,-3.764145466099999737e+01,-3.329511230300000335e+01,-2.702216005800000076e+01,-3.253270743000000209e+01,-2.993202804699999930e+01
1.967983983999999964e+01,-3.149770159799999902e+01,-5.171679814099999817e+01,-4.203103789699999737e+01,-3.317762133800000157e+01,-3.896460232700000148e+01
1.969984984999999966e+01,-3.612874812700000149e+01,-4.587066066700000277e+01,-2.324911310599999936e+01,-3.697119089000000258e+01,-3.621366597099999751e+01
1.971985985999999968e+01,-2.760828233200000170e+01,-3.233077841000000063e+01,-2.688024340799999834e+01,-3.703556429500000036e+01,-2.871735687700000028e+01
1.973986986999999971e+01,-5.477959812900000003e+01,-3.358056715600000075e+01,-2.727395085099999861e+01,-2.148773753700000100e+01,-3.289576448199999703e+01
1.975987987999999973e+01,-4.364234824599999740e+01,-4.161127155300000169e+01,-3.089810616200000126e+01,-3.365497246999999703e+01,-3.504209882100000328e+01
1.977988988999999975e+01,-3.388270621499999891e+01,-4.855937851699999896e+01,-1.889961393800000167e+01,-2.804831746400000014e+01,-1.701466663600000118e+01
1.979989989999999977e+01,-3.339275371000000092e+01,-7.082976135900000259e+01,-3.245581034100000295e+01,-2.945318299299999865e+01,-2.663169614699999954e+01
1.981990990999999980e+01,-3.435171512400000182e+01,-3.551155891599999848e+01,-1.692888074800000098e+01,-3.329885209700000104e+01,-3.380168254600000211e+01
1.983991991999999982e+01,-3.567912817500000244e+01,-2.845982153699999984e+01,-2.896486825199999871e+01,-5.131980757800000248e+01,-3.168686115999999942e+01
1.985992992999999984e+01,-3.675072722600000219e+01,-4.538039909900000168e+01,-2.366460319799999823e+01,-2.144824000199999858e+01,-2.870114367600000094e+01
1.987993993999999986e+01,-4.070550757299999844e+01,-4.973362722400000280e+01,-2.465882943500000124e+01,-3.714677781200000339e+01,-3.230625929899999704e+01
1.989994994999999989e+01,-5.364417488299999803e+01,-3.315397224200000181e+01,-1.776792658500000144e+01,-1.959558262299999853e+01,-2.354252630299999893e+01
1.991995995999999991e+01,-4.671598794599999849e+01,-4.202112603900000209e+01,-2.526446803299999999e+01,-2.013179492200000098e+01,-3.213322379899999959e+01
1.993996996999999993e+01,-3.427327360799999667e+01,-4.092473014499999806e+01,-2.691977231999999987e+01,-3.048108313299999850e+01,-2.397922763500000087e+01
1.995997997999999995e+01,-3.421188542899999874e+01,-3.881051311000000226e+01,-2.491580163600000120e+01,-3.183364047199999902e+01,-4.701751345899999990e+01
1.997998998999999998e+01,-3.274888768400000316e+01,-5.261197335500000349e+01,-2.993802884400000153e+01,-3.436812729399999711e+01,-3.884069668600000114e+01
2.000000000000000000e+01,-1.779787690399999889e+01,-3.448093932900000169e+01,-2.957478316999999990e+01,-4.183827264199999973e+01,-2.686789274499999891e+01
