freq_GHz,S21_dB,S31_dB,S41_dB,S51_dB,S61_dB
1.000000000000000021e-02,-7.251222372700000562e+01,-8.788500920100000258e+01,-7.966984888800000419e+01,-7.625096841699999572e+01,-7.013536729599999830e+01
3.001001001000000099e-02,-7.508508352799999841e+01,-7.491189682600000310e+01,-7.584261892000000671e+01,-8.863125542400000256e+01,-1.010284164600000025e+02
5.002002002000000003e-02,-8.603432109800000660e+01,-8.940084208400000421e+01,-8.539239207900000395e+01,-7.751506926899999428e+01,-8.929143150900000592e+01
7.003003002999999560e-02,-7.614951711300000170e+01,-8.574243869599999357e+01,-8.084982916100000239e+01,-8.131784411900000009e+01,-7.861771222500000533e+01
9.004004004000000505e-02,-7.767758691199999532e+01,-8.532020027199999390e+01,-7.653631826000000160e+01,-8.396806697799999597e+01,-7.725056173100000478e+01
1.100500500500000006e-01,-9.805217011099999525e+01,-8.332357266600000401e+01,-7.771264475099999913e+01,-7.783966093700000499e+01,-8.817445657599999720e+01
1.300600600600000101e-01,-7.437320548600000336e+01,-7.778928312200000050e+01,-7.832195283999999447e+01,-9.957108165399999677e+01,-8.396188680500000601e+01
1.500700700700000056e-01,-8.337477442700000552e+01,-9.379450458200000185e+01,-8.541814818800000353e+01,-7.698495160299999895e+01,-7.496180837100000360e+01
1.700800800800000012e-01,-7.268561395700000105e+01,-8.169999307000000499e+01,-7.703181096999999511e+01,-8.102821169899999632e+01,-8.568492698900000448e+01
1.900900900899999968e-01,-8.385687430000000120e+01,-7.942828167499999381e+01,-7.794952281700000185e+01,-7.455762957800000379e+01,-7.323971746700000551e+01
2.101001000999999924e-01,-8.720948419699999477e+01,-7.548143375300000457e+01,-7.840378474099999551e+01,-8.396728218900000229e+01,-8.996172872299999312e+01
2.301101101100000157e-01,-8.153971810100000539e+01,-8.329381621199999586e+01,-8.584221003700000097e+01,-8.080340252599999928e+01,-7.301024115500000278e+01
2.501201201200000113e-01,-7.399896581900000569e+01,-7.158552840599999456e+01,-7.773618631399999401e+01,-7.773366820299999347e+01,-7.320476464300000430e+01
2.701301301299999791e-01,-8.354759636699999703e+01,-8.463456161899999586e+01,-7.568181900300000109e+01,-8.707204167199999745e+01,-7.272176063300000237e+01
2.901401401400000024e-01,-7.408945098600000279e+01,-7.682073533599999848e+01,-8.141834541599999397e+01,-7.887228774700000145e+01,-7.778655066899999326e+01
3.101501501499999702e-01,-8.005242302400000654e+01,-7.854766401899999551e+01,-7.604404455200000257e+01,-8.052050273199999708e+01,-7.533108183000000224e+01
3.301601601600000491e-01,-7.742347581600000694e+01,-8.468269209000000330e+01,-8.944276414399999453e+01,-8.342504431000000409e+01,-7.005612682800000357e+01
3.501701701700000169e-01,-9.074433920799999953e+01,-8.788683418300000483e+01,-7.107211241999999629e+01,-7.585343549499999938e+01,-7.298016685999999709e+01
3.701801801799999847e-01,-8.699961885000000450e+01,-7.828768367099999637e+01,-8.213884732500000041e+01,-7.633749635600000261e+01,-7.056946918600000629e+01
3.901901901900000080e-01,-7.536673364799999320e+01,-8.224058448399999577e+01,-8.059030053499999724e+01,-8.141301719599999842e+01,-7.360934842599999683e+01
4.102002001999999758e-01,-7.666387400899999705e+01,-8.214372281500000383e+01,-8.963090070600000558e+01,-7.721141653799999460e+01,-7.400879255499999942e+01
4.302102102099999992e-01,-7.681806375399999354e+01,-8.196043081499999516e+01,-6.807783152499999346e+01,-8.641983703299999320e+01,-7.527713643600000637e+01
4.502202202200000225e-01,-7.353659502499999689e+01,-8.204823475400000632e+01,-7.137131706799999620e+01,-7.424129994199999771e+01,-7.210756514199999856e+01
4.702302302300000458e-01,-7.887445212999999455e+01,-9.801899624000000699e+01,-8.101537599600000306e+01,-7.930477941600000236e+01,-7.872634791299999790e+01
4.902402402400000136e-01,-8.069535464800000568e+01,-7.476669427800000278e+01,-7.183940475299999662e+01,-7.596981760500000291e+01,-6.576575534500000231e+01
5.102502502500000370e-01,-7.354739944000000662e+01,-8.094403901600000495e+01,-8.706652793499999632e+01,-7.932971206199999870e+01,-6.258657711299999704e+01
5.302602602599999493e-01,-7.034627911100000119e+01,-7.500318373800000415e+01,-7.179645154000000673e+01,-7.641764585399999987e+01,-6.286251983300000035e+01
5.502702702699999726e-01,-7.287080903899999385e+01,-6.835075003699999741e+01,-6.552954180700000109e+01,-7.264871983199999761e+01,-6.038888210399999679e+01
5.702802802799999959e-01,-7.969874979099999734e+01,-8.048801586400000474e+01,-6.457502683799999943e+01,-8.506143677800000091e+01,-5.754484822599999916e+01
5.902902902899999082e-01,-7.379481661600000564e+01,-8.198600173100000177e+01,-6.143534714999999835e+01,-7.558183568600000513e+01,-5.522909888200000239e+01
6.103003002999999316e-01,-6.683477663300000415e+01,-6.657220530099999678e+01,-6.073845496399999888e+01,-6.947591964400000109e+01,-5.206693010800000110e+01
6.303103103099999549e-01,-6.812730353499999580e+01,-7.057831377099999770e+01,-6.027851729399999670e+01,-6.360698264300000204e+01,-5.247578648100000009e+01
6.503203203200000893e-01,-7.232260191299999974e+01,-7.095110508099999436e+01,-5.863594320699999685e+01,-6.525414554200000339e+01,-4.872854684499999678e+01
6.703303303300000016e-01,-6.957077628499999378e+01,-6.628032297400000061e+01,-5.579981450500000051e+01,-6.113387283899999858e+01,-4.706696022500000254e+01
6.903403403400000249e-01,-7.035484109200000091e+01,-7.801704770999999994e+01,-5.427395084900000199e+01,-6.270407235399999735e+01,-4.567926166000000165e+01
7.103503503500000482e-01,-7.584633501099999364e+01,-6.950278681199999653e+01,-5.568804762999999980e+01,-6.769303073599999720e+01,-4.499179154699999827e+01
7.303603603599999605e-01,-6.313690551700000242e+01,-6.977237379700000020e+01,-5.408649433899999792e+01,-7.586227239599999450e+01,-4.467968350099999952e+01
7.503703703699999839e-01,-6.145453334399999790e+01,-6.763284334600000136e+01,-5.262904265400000270e+01,-7.126723572100000581e+01,-4.503355200699999727e+01
7.703803803800000072e-01,-6.180312041500000220e+01,-6.000486284499999812e+01,-5.087139772799999804e+01,-7.032991762000000335e+01,-4.421050602900000115e+01
7.903903903900000305e-01,-6.198683130599999913e+01,-6.086470522599999811e+01,-5.115394395999999944e+01,-9.156246249699999851e+01,-4.334437325399999708e+01
8.104004003999999428e-01,-5.641115853899999877e+01,-6.057425069899999670e+01,-5.119350161999999926e+01,-7.139713920100000166e+01,-4.372421944599999932e+01
8.304104104099999661e-01,-5.758830634299999929e+01,-6.214361269300000146e+01,-5.032221724099999705e+01,-6.732406607199999371e+01,-4.332691945700000247e+01
8.504204204199999895e-01,-5.693041947100000044e+01,-6.010877268800000195e+01,-4.967461937400000238e+01,-6.813392887700000244e+01,-4.221593376700000277e+01
8.704304304299999018e-01,-5.550395615299999719e+01,-6.049458626799999905e+01,-4.861535145599999908e+01,-6.176085600999999770e+01,-4.213494057999999853e+01
8.904404404400000361e-01,-5.405379669100000228e+01,-5.604827382100000221e+01,-4.892106581600000226e+01,-5.909874761599999715e+01,-4.162528480299999956e+01
9.104504504500000595e-01,-5.375404335900000063e+01,-5.794828379100000149e+01,-4.916882039299999718e+01,-6.380183989700000069e+01,-4.099014344999999793e+01
9.304604604600000828e-01,-5.368351804600000321e+01,-6.062400457700000089e+01,-4.973121532599999739e+01,-6.176595640000000031e+01,-4.069905632599999734e+01
9.504704704699999951e-01,-5.415077311699999996e+01,-5.862506634100000014e+01,-4.907721782200000149e+01,-6.128556871300000353e+01,-4.172348533200000276e+01
9.704804804800000184e-01,-5.781981052799999787e+01,-5.913484050699999983e+01,-5.004516464400000331e+01,-6.504042995000000360e+01,-4.198404276899999843e+01
9.904904904900000417e-01,-5.654404405700000069e+01,-5.827262482599999771e+01,-4.980484628300000338e+01,-5.876396984499999832e+01,-4.315891693300000043e+01
1.010500500500000065e+00,-6.013464235699999705e+01,-6.095555454200000156e+01,-4.994707607499999824e+01,-6.115711085299999894e+01,-4.330296640400000285e+01
1.030510510500000088e+00,-6.161204982800000352e+01,-6.781915391900000145e+01,-5.106733213100000057e+01,-6.381940532600000182e+01,-4.281435967000000176e+01
1.050520520500000110e+00,-6.372109907099999759e+01,-7.562831584399999940e+01,-4.968268551100000252e+01,-6.010754233600000163e+01,-4.287113036400000254e+01
1.070530530499999911e+00,-6.168583120499999950e+01,-6.525048183100000188e+01,-4.989945738800000186e+01,-6.518360062399999322e+01,-4.255255765100000076e+01
1.090540540499999933e+00,-6.984412716399999965e+01,-6.012123300599999709e+01,-5.103602149599999649e+01,-6.240017075800000157e+01,-4.262909620700000346e+01
1.110550550599999964e+00,-6.822357392499999662e+01,-6.266732483900000261e+01,-5.052457670900000153e+01,-6.725681628899999964e+01,-4.184702154699999710e+01
1.130560560599999986e+00,-7.989522604600000477e+01,-6.339434474400000141e+01,-4.973464176099999889e+01,-6.755764832100000206e+01,-4.129195226099999871e+01
1.150570570600000009e+00,-6.900106400200000678e+01,-6.799054541799999640e+01,-5.044801645100000087e+01,-7.052541256799999303e+01,-4.129779704399999929e+01
1.170580580599999809e+00,-6.408952321600000346e+01,-6.344716183300000267e+01,-4.938738297199999749e+01,-6.522304193499999769e+01,-4.158625088800000213e+01
1.190590590599999832e+00,-7.162523930000000405e+01,-6.350047251099999812e+01,-4.838871759399999917e+01,-6.320703127899999885e+01,-4.137562782199999845e+01
1.210600600599999854e+00,-5.895590781899999655e+01,-5.969675320000000340e+01,-4.731246702899999690e+01,-7.766976562399999295e+01,-4.007626318500000195e+01
1.230610610599999877e+00,-6.132338404499999740e+01,-7.858410440100000471e+01,-4.780552959399999935e+01,-6.716916609400000482e+01,-3.962488517399999921e+01
1.250620620599999899e+00,-6.304644910300000049e+01,-6.393305490000000191e+01,-4.635619268699999651e+01,-6.121980573799999803e+01,-3.943695924499999705e+01
1.270630630599999922e+00,-6.119445743499999679e+01,-6.559200476300000560e+01,-4.493561502699999721e+01,-5.568180141700000263e+01,-3.832636036499999932e+01
1.290640640599999944e+00,-6.061319338599999895e+01,-7.609045256900000709e+01,-4.436799934599999773e+01,-5.649226643200000098e+01,-3.773492962299999931e+01
1.310650650699999975e+00,-6.052112246299999754e+01,-7.694469867300000487e+01,-4.313342220500000224e+01,-5.693542560600000257e+01,-3.739852494400000182e+01
1.330660660699999998e+00,-5.702048205700000238e+01,-7.611394351399999891e+01,-4.427311729400000218e+01,-5.723469905700000027e+01,-3.703336120400000198e+01
1.350670670700000020e+00,-5.620543647000000220e+01,-6.388871339500000346e+01,-4.418308911399999772e+01,-5.612797564400000283e+01,-3.623304592299999882e+01
1.370680680700000043e+00,-5.537546240500000039e+01,-5.983877114100000227e+01,-4.436262461500000143e+01,-5.488949536399999829e+01,-3.527022093899999788e+01
1.390690690700000065e+00,-5.559366544200000249e+01,-6.136797662099999684e+01,-4.296221272700000071e+01,-5.617033934700000231e+01,-3.478835133700000171e+01
1.410700700700000088e+00,-5.471820854999999995e+01,-6.023394636799999802e+01,-4.167944516600000071e+01,-5.655178708999999770e+01,-3.414839706400000097e+01
1.430710710700000110e+00,-5.593362921599999993e+01,-5.935473357000000050e+01,-4.073110952500000081e+01,-5.431422440899999771e+01,-3.329378044399999936e+01
1.450720720700000133e+00,-5.650571821700000186e+01,-5.391577399399999848e+01,-3.968200052200000272e+01,-5.577449527800000340e+01,-3.257468292800000143e+01
1.470730730700000155e+00,-5.674580993000000007e+01,-5.466164563699999945e+01,-3.860494886200000053e+01,-5.759168394400000324e+01,-3.211002109700000062e+01
1.490740740699999956e+00,-5.140610266400000228e+01,-5.307886453700000118e+01,-3.724731483099999707e+01,-5.515105424099999709e+01,-3.172446906500000097e+01
1.510750750799999986e+00,-5.172752780100000081e+01,-5.179544273799999843e+01,-3.565948225199999655e+01,-5.852101338700000355e+01,-3.101530159100000006e+01
1.530760760800000009e+00,-5.175500648999999953e+01,-5.135879867100000240e+01,-3.460767352100000238e+01,-6.453941786999999408e+01,-2.993097141499999836e+01
1.550770770800000031e+00,-5.118115012199999825e+01,-5.658462265699999705e+01,-3.413693556100000137e+01,-6.677852594099999806e+01,-2.913710405599999831e+01
1.570780780800000054e+00,-5.118069252899999810e+01,-5.525527316400000188e+01,-3.374693151700000016e+01,-6.308308429200000234e+01,-2.862819962600000068e+01
1.590790790799999854e+00,-5.137992931899999860e+01,-5.588120389600000237e+01,-3.275209990999999832e+01,-5.688105153499999744e+01,-2.817792923000000016e+01
1.610800800799999877e+00,-5.144964161200000063e+01,-6.041438266299999782e+01,-3.210482198900000128e+01,-5.365745468600000123e+01,-2.814439141200000094e+01
1.630810810799999899e+00,-4.808725212400000260e+01,-5.493687645499999661e+01,-3.142746342499999912e+01,-5.294343834400000048e+01,-2.809615043799999867e+01
1.650820820799999922e+00,-4.561655693099999809e+01,-5.285113458000000008e+01,-3.082143298100000095e+01,-5.488130111899999974e+01,-2.761897335100000106e+01
1.670830830799999944e+00,-4.416753146100000293e+01,-4.798886241000000297e+01,-3.014105736699999838e+01,-5.547714196300000111e+01,-2.696638516999999879e+01
1.690840840799999967e+00,-4.376924310100000071e+01,-4.855063702700000050e+01,-2.941892578299999883e+01,-5.898342671099999990e+01,-2.674039171600000131e+01
1.710850850899999998e+00,-4.123904172700000004e+01,-4.774790983700000169e+01,-2.904378250999999977e+01,-5.945617543299999852e+01,-2.627420489100000012e+01
1.730860860900000020e+00,-4.090629606200000268e+01,-4.700418028099999646e+01,-2.937173374600000031e+01,-6.463322790099999793e+01,-2.597902836100000101e+01
1.750870870900000043e+00,-4.048496912699999939e+01,-5.196037236200000109e+01,-3.014811450099999846e+01,-5.697737763100000308e+01,-2.580969649200000049e+01
1.770880880900000065e+00,-4.135578037199999812e+01,-5.801406632500000171e+01,-3.049801668399999954e+01,-5.447099705600000163e+01,-2.591072162100000043e+01
1.790890890900000088e+00,-4.151433548199999990e+01,-5.227492218599999774e+01,-3.067397345099999839e+01,-5.396544226999999694e+01,-2.641808770999999822e+01
1.810900900900000110e+00,-4.182363138600000241e+01,-5.026239671799999797e+01,-3.143984835599999883e+01,-5.151458577199999667e+01,-2.713727038100000044e+01
1.830910910900000133e+00,-4.172420607000000103e+01,-4.938728588600000080e+01,-3.181340525699999944e+01,-5.324940375599999953e+01,-2.868919124399999987e+01
1.850920920900000155e+00,-4.408031369500000096e+01,-5.433212894999999776e+01,-3.279213475299999914e+01,-5.228485258900000332e+01,-3.031308689800000167e+01
1.870930930900000178e+00,-4.686638314000000349e+01,-5.955801463200000256e+01,-3.352951743500000248e+01,-5.514910964900000323e+01,-3.198415149999999940e+01
1.890940940900000200e+00,-4.889580035800000246e+01,-6.522728908199999864e+01,-3.422231983999999727e+01,-5.931615313399999678e+01,-3.278731689499999646e+01
1.910950951000000009e+00,-5.008380851700000136e+01,-5.938336053100000100e+01,-3.441493876700000243e+01,-6.044914952700000299e+01,-3.297785139500000184e+01
1.930960961000000031e+00,-5.316519914199999874e+01,-5.583336361399999959e+01,-3.433267745799999915e+01,-6.196949855799999796e+01,-3.249289833200000288e+01
1.950970971000000054e+00,-5.457130338300000005e+01,-5.390005967500000139e+01,-3.407364480999999756e+01,-5.740805275599999646e+01,-3.153206112499999847e+01
1.970980981000000076e+00,-5.667530680099999785e+01,-5.638922658300000279e+01,-3.392236538400000256e+01,-5.715922277699999654e+01,-3.072614491899999933e+01
1.990990991000000099e+00,-5.866621151799999723e+01,-5.411236721099999869e+01,-3.412290833299999804e+01,-5.507528719300000120e+01,-3.057272783299999830e+01
2.011001000999999899e+00,-5.432463968799999776e+01,-5.669430529200000279e+01,-3.390066313300000189e+01,-5.966078114199999760e+01,-3.038882202199999938e+01
2.031011010999999922e+00,-5.211988149300000117e+01,-5.640984457300000088e+01,-3.430979896099999849e+01,-5.387702147400000285e+01,-3.074144042400000032e+01
2.051021020999999944e+00,-5.224521063200000270e+01,-5.733328233299999965e+01,-3.382308276700000249e+01,-5.524103861500000079e+01,-3.095564684400000033e+01
2.071031030999999967e+00,-5.474197654799999668e+01,-5.209359767299999788e+01,-3.343970639700000191e+01,-5.779647938899999815e+01,-3.120780896500000168e+01
2.091041040999999989e+00,-5.140082635800000332e+01,-5.454270713799999726e+01,-3.299704688500000316e+01,-5.930011742800000007e+01,-3.138035682800000004e+01
2.111051051100000020e+00,-5.029891039500000005e+01,-5.305773575900000338e+01,-3.314341761699999722e+01,-6.830020980700000166e+01,-3.136865744900000053e+01
2.131061061100000043e+00,-4.694964525299999991e+01,-5.128528871500000008e+01,-3.326371530299999790e+01,-5.855185238400000003e+01,-3.190776463199999924e+01
2.151071071100000065e+00,-4.526237763200000330e+01,-5.245527979599999924e+01,-3.370062433599999707e+01,-5.509788830099999757e+01,-3.261406327899999980e+01
2.171081081100000088e+00,-4.548194818500000025e+01,-5.535112036299999971e+01,-3.366025186899999966e+01,-5.740410111999999998e+01,-3.334494242099999894e+01
2.191091091100000110e+00,-4.531959991600000137e+01,-5.158453988899999842e+01,-3.390446887499999917e+01,-5.914908769400000210e+01,-3.385632264600000241e+01
2.211101101099999688e+00,-4.406689944800000092e+01,-5.192788702899999720e+01,-3.397813124799999684e+01,-5.961309130600000117e+01,-3.363421582800000209e+01
2.231111111099999711e+00,-4.318772742000000164e+01,-5.265591934399999730e+01,-3.351215956200000079e+01,-6.476430306299999984e+01,-3.336821970300000118e+01
2.251121121099999733e+00,-4.337269680099999647e+01,-5.262933730499999996e+01,-3.350806532400000037e+01,-6.499628644199999883e+01,-3.328265080500000295e+01
2.271131131099999756e+00,-4.382024605099999803e+01,-5.340653536399999979e+01,-3.353988095700000116e+01,-7.433376503300000593e+01,-3.271077500700000229e+01
2.291141141099999778e+00,-4.378349254700000159e+01,-5.349757757999999797e+01,-3.360028493600000132e+01,-6.301646012199999802e+01,-3.202317981800000268e+01
2.311151151199999809e+00,-4.555204295800000125e+01,-4.980879776500000133e+01,-3.373524962999999843e+01,-6.921673927899999512e+01,-3.093160449499999842e+01
2.331161161199999832e+00,-4.541747230800000068e+01,-4.929510666400000218e+01,-3.347353014499999802e+01,-5.833673542599999706e+01,-2.996370960599999833e+01
2.351171171199999854e+00,-4.532729460099999841e+01,-4.776544900300000052e+01,-3.251499190399999861e+01,-5.667276582000000218e+01,-2.882089384400000043e+01
2.371181181199999877e+00,-4.471130730499999828e+01,-4.821379097399999836e+01,-3.178189466799999963e+01,-5.529312136000000066e+01,-2.779447654899999876e+01
2.391191191199999899e+00,-4.646280753599999969e+01,-4.617213130100000029e+01,-3.167710643499999890e+01,-6.090924464500000113e+01,-2.722492257300000063e+01
2.411201201199999922e+00,-4.626917075400000101e+01,-4.638626772599999981e+01,-3.181310187000000056e+01,-5.726651479800000288e+01,-2.688146736899999922e+01
2.431211211199999944e+00,-4.676857351200000323e+01,-4.873404237100000103e+01,-3.154648135500000095e+01,-5.412641822700000205e+01,-2.675129966700000139e+01
2.451221221199999967e+00,-4.607989544899999856e+01,-4.904441295600000217e+01,-3.124396935600000091e+01,-5.227656716900000333e+01,-2.661166866800000008e+01
2.471231231199999989e+00,-4.721290877300000233e+01,-4.799422340200000292e+01,-3.105398855299999994e+01,-5.259856715000000094e+01,-2.628975999000000030e+01
2.491241241200000012e+00,-4.747552151000000009e+01,-4.735312891800000301e+01,-3.063118238199999865e+01,-5.255722272599999911e+01,-2.617784595699999883e+01
2.511251251300000042e+00,-4.666147109999999998e+01,-4.871964108899999957e+01,-3.054421382399999985e+01,-5.210045480800000206e+01,-2.632871197600000102e+01
2.531261261300000065e+00,-4.601710071000000113e+01,-4.899676858499999810e+01,-3.095703530600000164e+01,-5.385861897699999901e+01,-2.648679699399999876e+01
2.551271271300000087e+00,-4.675261695500000059e+01,-4.962667105599999928e+01,-3.118437053099999900e+01,-5.417504556600000143e+01,-2.679782503499999891e+01
2.571281281300000110e+00,-4.747468790100000291e+01,-4.958711223699999948e+01,-3.132110117399999893e+01,-5.425392718900000233e+01,-2.720397715900000080e+01
2.591291291300000132e+00,-5.013273607600000048e+01,-5.046779960799999998e+01,-3.148810929700000116e+01,-5.553490620000000177e+01,-2.740050719299999926e+01
2.611301301300000155e+00,-5.028879084700000135e+01,-4.895310210400000273e+01,-3.182331793199999836e+01,-5.706746036300000213e+01,-2.776108513999999872e+01
2.631311311300000177e+00,-5.197031868700000246e+01,-4.654686721099999858e+01,-3.180539181199999987e+01,-5.571359340200000076e+01,-2.826593232000000100e+01
2.651321321300000200e+00,-5.113930414699999716e+01,-4.661482715399999677e+01,-3.202230834200000231e+01,-5.598529748299999653e+01,-2.864803430599999956e+01
2.671331331300000222e+00,-5.324437821299999740e+01,-4.753723789699999713e+01,-3.221123416599999700e+01,-5.491857643299999836e+01,-2.900417870500000106e+01
2.691341341300000245e+00,-5.057892004100000349e+01,-4.716043790799999869e+01,-3.177617777500000074e+01,-5.055079858199999876e+01,-2.938920232799999965e+01
2.711351351400000276e+00,-5.181494911000000059e+01,-4.802326351300000340e+01,-3.170130100400000117e+01,-5.164737746699999832e+01,-2.951299524099999871e+01
2.731361361400000298e+00,-5.598638588699999730e+01,-4.936959292699999935e+01,-3.194982767799999834e+01,-5.387389630399999874e+01,-2.948366328799999891e+01
2.751371371399999877e+00,-5.565514187099999788e+01,-4.847920198700000327e+01,-3.208364333000000101e+01,-5.153304576600000075e+01,-2.965262958299999951e+01
2.771381381399999899e+00,-6.282456556599999686e+01,-4.929770149699999848e+01,-3.163407651600000037e+01,-5.524189166299999698e+01,-2.967701179999999894e+01
2.791391391399999922e+00,-6.581980269500000702e+01,-5.454493492400000321e+01,-3.176354433199999860e+01,-5.772176823699999915e+01,-2.985884996400000091e+01
2.811401401399999944e+00,-6.432909637199999509e+01,-5.481072091200000074e+01,-3.152785856899999928e+01,-5.952606885000000148e+01,-2.975862237300000146e+01
2.831411411399999967e+00,-6.029239586399999951e+01,-5.384779976200000107e+01,-3.147793305900000149e+01,-6.122429448300000132e+01,-3.002806464900000094e+01
2.851421421399999989e+00,-5.630262178800000328e+01,-5.341137534700000344e+01,-3.110894167200000027e+01,-5.806791466899999676e+01,-3.007326266800000170e+01
2.871431431400000012e+00,-5.183573425299999826e+01,-7.248815548199999625e+01,-3.063878299299999952e+01,-5.356249758599999922e+01,-3.089429410600000026e+01
2.891441441400000034e+00,-5.245320214800000258e+01,-5.716781014699999730e+01,-3.016557972100000029e+01,-5.425113749399999818e+01,-3.103467488900000149e+01
2.911451451500000065e+00,-5.078563651099999987e+01,-5.941887579099999783e+01,-3.010084082999999922e+01,-5.374883091200000251e+01,-3.142216934800000061e+01
2.931461461500000087e+00,-5.263683063199999879e+01,-6.025072220900000275e+01,-3.001081392300000061e+01,-5.556116199899999941e+01,-3.143272336500000108e+01
2.951471471500000110e+00,-5.314685798600000055e+01,-6.212048291600000027e+01,-3.001071683800000045e+01,-5.819359516699999801e+01,-3.189192279299999910e+01
2.971481481500000132e+00,-4.992037070800000009e+01,-6.249098888500000015e+01,-2.969624004399999961e+01,-5.359780414299999762e+01,-3.246412271399999838e+01
2.991491491500000155e+00,-4.962772814899999929e+01,-6.147414499199999938e+01,-2.941097814300000124e+01,-5.624145234800000281e+01,-3.294613438900000091e+01
3.011501501500000177e+00,-4.974771332899999976e+01,-5.983718876199999670e+01,-2.919818977099999913e+01,-5.626405375400000253e+01,-3.380821601299999912e+01
3.031511511500000200e+00,-4.871908744800000335e+01,-5.928607716100000147e+01,-2.946780564299999838e+01,-5.571932083600000141e+01,-3.411534051900000009e+01
3.051521521499999778e+00,-5.096826620000000219e+01,-5.600014048399999922e+01,-2.918462117600000028e+01,-5.324050986700000010e+01,-3.474198633999999686e+01
3.071531531499999801e+00,-5.108141092700000030e+01,-5.722851281599999851e+01,-2.878067723599999894e+01,-5.219456099199999954e+01,-3.530334876799999932e+01
3.091541541499999823e+00,-4.870993848399999848e+01,-5.634738635899999792e+01,-2.836909765600000100e+01,-5.511265919000000224e+01,-3.587388107200000320e+01
3.111551551599999854e+00,-4.843848793499999772e+01,-5.635985077800000198e+01,-2.792666643800000159e+01,-5.632787187099999926e+01,-3.508969363199999947e+01
3.131561561599999877e+00,-4.929212466500000289e+01,-5.701610347900000164e+01,-2.770531344600000168e+01,-5.636806748000000056e+01,-3.473392984800000249e+01
3.151571571599999899e+00,-4.893717867600000204e+01,-5.399540585500000134e+01,-2.755242739999999912e+01,-5.963436739099999784e+01,-3.380459345599999921e+01
3.171581581599999922e+00,-4.754169553799999903e+01,-5.333168418300000013e+01,-2.759307047900000143e+01,-6.264533268800000343e+01,-3.304749134899999774e+01
3.191591591599999944e+00,-4.758531411399999911e+01,-5.297253657400000293e+01,-2.748029353800000152e+01,-6.292463473499999793e+01,-3.169531937400000032e+01
3.211601601599999967e+00,-4.461516434899999695e+01,-5.270735302300000313e+01,-2.742465812300000039e+01,-5.953160867399999745e+01,-3.073106548399999838e+01
3.231611611599999989e+00,-4.671557392100000072e+01,-5.046711764700000202e+01,-2.719050252799999967e+01,-5.997738032000000175e+01,-2.968374787999999853e+01
3.251621621600000012e+00,-4.784133326300000277e+01,-5.316075717700000069e+01,-2.715531951699999880e+01,-5.681934110200000276e+01,-2.848500651499999847e+01
3.271631631600000034e+00,-4.835375271800000263e+01,-5.737362922599999848e+01,-2.690045339699999971e+01,-5.710833935699999842e+01,-2.747975815199999872e+01
3.291641641600000057e+00,-4.660207693400000295e+01,-5.206600380999999800e+01,-2.678197315299999914e+01,-5.891686839999999847e+01,-2.675297305699999839e+01
3.311651651699999643e+00,-4.645466333499999934e+01,-5.282639746299999928e+01,-2.655379389100000154e+01,-6.074121266000000219e+01,-2.592214867499999897e+01
3.331661661699999666e+00,-4.605799352199999674e+01,-5.276581831899999742e+01,-2.631189180100000158e+01,-6.203512629899999808e+01,-2.517442970000000102e+01
3.351671671699999688e+00,-4.656863708099999855e+01,-5.236924427699999995e+01,-2.627716185799999948e+01,-6.458786556500000131e+01,-2.456068812799999890e+01
3.371681681699999711e+00,-4.554530441200000013e+01,-5.810673778299999981e+01,-2.659470227199999925e+01,-6.296976063000000323e+01,-2.410468082299999892e+01
3.391691691699999733e+00,-4.606364846900000032e+01,-5.072066241200000292e+01,-2.686681373200000067e+01,-5.451307455500000287e+01,-2.349374981200000079e+01
3.411701701699999756e+00,-4.466546904900000214e+01,-5.248396411400000261e+01,-2.701881103499999881e+01,-5.605791567400000019e+01,-2.301709001200000060e+01
3.431711711699999778e+00,-4.296790383799999802e+01,-5.195249806500000034e+01,-2.729026010999999841e+01,-5.455700739699999957e+01,-2.265030889000000158e+01
3.451721721699999801e+00,-4.316282626600000327e+01,-4.989345153400000044e+01,-2.762368034900000069e+01,-5.462176357100000246e+01,-2.204961971599999870e+01
3.471731731699999823e+00,-4.207549480000000131e+01,-5.007177494799999806e+01,-2.812718789399999864e+01,-5.723964261799999775e+01,-2.169187089500000098e+01
3.491741741699999846e+00,-4.202532734900000122e+01,-5.918262840999999952e+01,-2.847504833300000016e+01,-5.758407400400000142e+01,-2.123925278500000147e+01
3.511751751800000321e+00,-4.182004008599999878e+01,-5.345151063499999822e+01,-2.890619399499999886e+01,-5.968105313699999925e+01,-2.076322769600000129e+01
3.531761761800000343e+00,-4.068245754000000147e+01,-5.188933672499999972e+01,-2.954434119300000106e+01,-5.741104891999999893e+01,-2.031537799599999872e+01
3.551771771800000366e+00,-3.930851122100000339e+01,-5.034587070700000311e+01,-3.045138514399999963e+01,-5.469099578600000200e+01,-1.997192232800000156e+01
3.571781781800000388e+00,-4.033026278500000217e+01,-5.187420353600000311e+01,-3.130544773000000092e+01,-5.616991314500000243e+01,-1.964743627700000062e+01
3.591791791800000411e+00,-3.872758046900000295e+01,-6.133684685000000059e+01,-3.260040791200000143e+01,-6.238355370899999741e+01,-1.938828737100000055e+01
3.611801801799999989e+00,-3.851839436200000222e+01,-5.657199180199999944e+01,-3.298750185099999754e+01,-6.030943061800000038e+01,-1.914355571500000153e+01
3.631811811800000012e+00,-3.734216273399999864e+01,-5.972347493800000251e+01,-3.359432322300000351e+01,-5.427391686200000009e+01,-1.899891822000000019e+01
3.651821821800000034e+00,-3.807942982400000176e+01,-6.545717983800000184e+01,-3.375153606500000336e+01,-5.856516518499999790e+01,-1.881553842299999957e+01
3.671831831800000057e+00,-3.907494877900000319e+01,-6.139491329900000238e+01,-3.369386819799999699e+01,-6.646206420900000467e+01,-1.858989999199999943e+01
3.691841841800000079e+00,-3.823846950499999764e+01,-6.801395216500000629e+01,-3.401892306399999910e+01,-6.503424296299999696e+01,-1.845706471200000109e+01
3.711851851900000110e+00,-3.734014549700000174e+01,-5.499861954600000047e+01,-3.524894377300000059e+01,-6.388542204200000185e+01,-1.838783061399999852e+01
3.731861861900000132e+00,-3.787255764900000088e+01,-5.155451493199999646e+01,-3.553661707799999903e+01,-6.735666882600000349e+01,-1.834164592799999838e+01
3.751871871900000155e+00,-3.692282277599999674e+01,-5.662131207299999858e+01,-3.617750784999999780e+01,-6.013236115299999796e+01,-1.829009437199999866e+01
3.771881881900000177e+00,-3.689491531099999833e+01,-7.206608804299999349e+01,-3.691699009999999959e+01,-6.066204016399999688e+01,-1.837354238300000020e+01
3.791891891900000200e+00,-3.698791902199999981e+01,-5.544018657400000194e+01,-3.626731918099999774e+01,-6.038725612199999659e+01,-1.849169055000000128e+01
3.811901901900000222e+00,-3.546605027599999715e+01,-5.138934315899999916e+01,-3.646567279899999647e+01,-6.948996580600000073e+01,-1.873904377699999912e+01
3.831911911900000245e+00,-3.578153515999999712e+01,-5.337674605699999830e+01,-3.546471902500000084e+01,-6.110013919800000082e+01,-1.887659134800000160e+01
3.851921921900000267e+00,-3.487996733100000313e+01,-5.548196994399999937e+01,-3.492085593000000188e+01,-6.077923223900000238e+01,-1.891253454399999967e+01
3.871931931900000290e+00,-3.556421800100000041e+01,-5.288495966400000015e+01,-3.493890331600000110e+01,-5.741500870600000184e+01,-1.908603431699999931e+01
3.891941941900000312e+00,-3.500277680500000343e+01,-6.108609115099999798e+01,-3.519699320000000142e+01,-5.411150911899999727e+01,-1.928532630600000175e+01
3.911951951999999899e+00,-3.468546899999999766e+01,-5.632105795700000073e+01,-3.506379702499999951e+01,-5.565879940599999998e+01,-1.947745248900000092e+01
3.931961961999999922e+00,-3.430990814799999811e+01,-6.564618596600000444e+01,-3.450303756999999649e+01,-5.443173422099999925e+01,-1.968471730299999933e+01
3.951971971999999944e+00,-3.549837212599999958e+01,-6.130136147999999707e+01,-3.406944713600000085e+01,-6.425421986899999638e+01,-1.983880319700000072e+01
3.971981981999999967e+00,-3.526593255000000227e+01,-5.625550683699999865e+01,-3.349663785900000335e+01,-6.090862879400000196e+01,-2.012050213799999909e+01
3.991991991999999989e+00,-3.482154837299999883e+01,-5.684101921399999924e+01,-3.301111763499999796e+01,-6.669076887299999612e+01,-2.045777269399999909e+01
4.012002002000000012e+00,-3.630015904599999743e+01,-5.395991908999999964e+01,-3.238262475700000209e+01,-6.051882064400000161e+01,-2.057822492400000058e+01
4.032012012000000034e+00,-3.661422159800000031e+01,-5.464648976299999816e+01,-3.257220928200000287e+01,-6.427397799199999895e+01,-2.088596441199999987e+01
4.052022022000000057e+00,-3.697552583099999879e+01,-5.781606156400000174e+01,-3.227887313299999761e+01,-5.584067976000000044e+01,-2.124668638200000004e+01
4.072032032000000079e+00,-3.690188412199999846e+01,-5.234841383500000234e+01,-3.154762058900000099e+01,-6.007831402499999740e+01,-2.168757797800000020e+01
4.092042042000000102e+00,-3.824121242100000018e+01,-4.920849409800000274e+01,-3.184143136699999843e+01,-5.445555513099999700e+01,-2.209314954199999903e+01
4.112052052100000132e+00,-3.866407667699999706e+01,-4.773554815300000342e+01,-3.180282609300000018e+01,-5.892562125700000308e+01,-2.254375565100000145e+01
4.132062062100000155e+00,-3.853335050100000103e+01,-4.692143216200000211e+01,-3.158865762099999941e+01,-5.644782163499999683e+01,-2.303340007199999917e+01
4.152072072100000177e+00,-4.069025135100000057e+01,-5.039613951700000172e+01,-3.109706522600000156e+01,-5.858625005399999708e+01,-2.355951154299999928e+01
4.172082082100000200e+00,-4.155124175400000297e+01,-4.815491310600000219e+01,-3.105575146800000041e+01,-5.816184347600000137e+01,-2.431935515700000039e+01
4.192092092100000222e+00,-4.101175430199999994e+01,-5.162224768499999783e+01,-3.075269779399999948e+01,-5.422944624299999816e+01,-2.486389836100000039e+01
4.212102102100000245e+00,-4.338753729100000101e+01,-5.089707845699999922e+01,-3.069373653199999907e+01,-5.197987133499999857e+01,-2.544993226100000072e+01
4.232112112100000267e+00,-4.373774872100000266e+01,-5.183776710600000115e+01,-3.094497857300000021e+01,-5.571751139900000283e+01,-2.638104828100000177e+01
4.252122122100000290e+00,-4.570037549999999982e+01,-5.162682920599999647e+01,-3.077939584099999948e+01,-5.714358447299999710e+01,-2.700425793999999868e+01
4.272132132100000312e+00,-4.556104593700000294e+01,-4.850048568999999787e+01,-3.066969517200000084e+01,-6.081780958800000292e+01,-2.781508063300000089e+01
4.292142142100000335e+00,-4.884732427000000143e+01,-5.043292557099999840e+01,-3.057266356199999890e+01,-6.739835403799999369e+01,-2.847160052599999958e+01
4.312152152199999477e+00,-4.546192860499999711e+01,-5.522528923099999787e+01,-3.109831911099999857e+01,-5.298026327299999849e+01,-2.906045276500000085e+01
4.332162162199999500e+00,-4.494834260100000023e+01,-5.968081751900000143e+01,-3.092161207299999859e+01,-5.683567968799999903e+01,-2.988831075999999953e+01
4.352172172199999522e+00,-4.707436141299999832e+01,-5.081165279700000070e+01,-3.056258314800000164e+01,-6.541798441699999955e+01,-3.018020054000000130e+01
4.372182182199999545e+00,-4.747016957000000303e+01,-5.904964745099999845e+01,-3.043534792699999869e+01,-6.906181277599999646e+01,-3.009951830500000014e+01
4.392192192199999567e+00,-4.702476411800000022e+01,-6.502113050799999883e+01,-3.028445212999999825e+01,-5.738820476499999756e+01,-3.007597123700000097e+01
4.412202202199999590e+00,-4.437371273400000149e+01,-5.278486002500000041e+01,-3.007542706199999927e+01,-5.665992824300000308e+01,-2.917221135500000173e+01
4.432212212199999612e+00,-4.495971468799999826e+01,-4.957854475900000324e+01,-3.043173171000000110e+01,-5.864847465700000129e+01,-2.881962152399999866e+01
4.452222222199999635e+00,-4.487229341999999832e+01,-5.081215296100000245e+01,-3.030050383800000091e+01,-5.414793237399999981e+01,-2.816360835900000126e+01
4.472232232199999657e+00,-4.406360430400000183e+01,-4.946509773599999704e+01,-2.999219520000000117e+01,-6.023327733299999664e+01,-2.764841165700000047e+01
4.492242242199999680e+00,-4.400633331600000275e+01,-5.385087005700000162e+01,-2.947326357000000030e+01,-5.743644501800000057e+01,-2.716571762399999912e+01
4.512252252300000599e+00,-4.195021496399999705e+01,-5.459463201700000212e+01,-2.967166066800000124e+01,-6.394298946699999675e+01,-2.653030855600000137e+01
4.532262262300000621e+00,-4.345208585499999998e+01,-5.147723378700000296e+01,-2.994408862499999913e+01,-5.138092215399999674e+01,-2.603507931200000058e+01
4.552272272299999756e+00,-4.076939192799999745e+01,-4.953544854500000127e+01,-3.032046837600000089e+01,-5.444581548099999679e+01,-2.586383731100000105e+01
4.572282282299999778e+00,-4.246352600200000182e+01,-5.355326282400000082e+01,-3.088219154900000163e+01,-5.634225417300000061e+01,-2.576916245299999986e+01
4.592292292299999801e+00,-4.101653623400000015e+01,-5.622905571399999758e+01,-3.051074611099999956e+01,-5.736080609999999780e+01,-2.541241503999999907e+01
4.612302302299999823e+00,-4.057665094499999725e+01,-5.839809705700000109e+01,-3.025433633800000166e+01,-6.531302271600000608e+01,-2.568862485400000040e+01
4.632312312299999846e+00,-4.085246344000000107e+01,-5.128937580000000196e+01,-3.046673525299999952e+01,-5.822450913600000177e+01,-2.553495905400000154e+01
4.652322322299999868e+00,-3.989651805999999823e+01,-4.753780107600000093e+01,-3.103536618200000063e+01,-5.954284517199999982e+01,-2.525689568800000018e+01
4.672332332299999891e+00,-3.956024782000000073e+01,-5.483658464599999860e+01,-3.109078512800000027e+01,-6.500979644400000268e+01,-2.498392993199999879e+01
4.692342342299999913e+00,-3.952957905400000271e+01,-4.581676747499999891e+01,-3.071998209699999904e+01,-5.605491197999999997e+01,-2.432079359100000104e+01
4.712352352399999944e+00,-4.084537410000000079e+01,-5.182736298100000027e+01,-3.082164562599999869e+01,-5.289358017600000039e+01,-2.397594302399999933e+01
4.732362362399999967e+00,-4.237158844300000027e+01,-4.893624382099999792e+01,-3.183792171199999999e+01,-5.774172944200000046e+01,-2.327971247900000051e+01
4.752372372399999989e+00,-4.082459938000000221e+01,-4.935946646699999718e+01,-3.286957318399999650e+01,-5.125559311500000348e+01,-2.303872003700000093e+01
4.772382382400000012e+00,-4.146074899500000299e+01,-4.844870111000000179e+01,-3.220447323399999817e+01,-5.457771228299999677e+01,-2.260504029299999829e+01
4.792392392400000034e+00,-4.180312203599999776e+01,-4.971562474800000331e+01,-3.198560993099999905e+01,-6.189336961800000125e+01,-2.213092264300000167e+01
4.812402402400000057e+00,-4.153397063999999972e+01,-5.438233170099999825e+01,-3.257736340999999669e+01,-5.105367413100000107e+01,-2.188610802000000177e+01
4.832412412399999191e+00,-4.142077511400000134e+01,-4.876572926499999738e+01,-3.239579418900000007e+01,-6.223644029900000163e+01,-2.153012810899999963e+01
4.852422422399999213e+00,-4.241441566999999679e+01,-4.898174214899999868e+01,-3.384112108800000129e+01,-5.717923335100000060e+01,-2.124343843100000129e+01
4.872432432399999236e+00,-4.483509818600000330e+01,-4.722773896799999704e+01,-3.352259189000000106e+01,-5.962288660000000107e+01,-2.100802014900000003e+01
4.892442442399999258e+00,-4.136939346599999823e+01,-4.689792811699999930e+01,-3.265550729499999960e+01,-5.318853948299999956e+01,-2.068041422099999949e+01
4.912452452500000177e+00,-4.440153405600000269e+01,-4.775384410600000251e+01,-3.157952678299999860e+01,-6.176420741999999819e+01,-2.039239756699999973e+01
4.932462462500000200e+00,-4.109430465999999882e+01,-4.926046030599999881e+01,-3.181662329799999966e+01,-5.377445419699999718e+01,-2.029413194600000026e+01
4.952472472500000222e+00,-4.065750402799999819e+01,-5.396060216299999723e+01,-3.225612425999999999e+01,-5.461789694800000206e+01,-2.022407733200000024e+01
4.972482482500000245e+00,-4.051664430400000327e+01,-4.968076648499999948e+01,-3.161680834899999937e+01,-5.041210543199999705e+01,-2.016484606399999890e+01
4.992492492500000267e+00,-3.892973784800000203e+01,-4.692786820700000305e+01,-3.045086041400000099e+01,-5.245794965599999671e+01,-2.013142155099999897e+01
5.012502502500000290e+00,-4.025739669499999707e+01,-4.502771130200000016e+01,-3.032522388599999985e+01,-5.410599935500000157e+01,-2.020658150699999922e+01
5.032512512500000312e+00,-4.159247286299999757e+01,-5.045758758899999918e+01,-3.036087538199999969e+01,-5.575225461699999840e+01,-2.039514560499999973e+01
5.052522522500000335e+00,-3.832344108000000205e+01,-4.662621807800000084e+01,-2.943566545699999892e+01,-5.328715486200000129e+01,-2.071893448000000149e+01
5.072532532500000357e+00,-4.010287043400000329e+01,-4.541352882200000352e+01,-2.934808048200000030e+01,-5.471924393700000167e+01,-2.089806046700000053e+01
5.092542542500000380e+00,-3.954182408300000162e+01,-4.209190753400000062e+01,-2.842722066400000003e+01,-5.269643950500000074e+01,-2.137493356499999919e+01
5.112552552600000411e+00,-3.863657551600000062e+01,-4.263337336600000071e+01,-2.832664904800000016e+01,-5.264300186399999859e+01,-2.204936039200000053e+01
5.132562562600000433e+00,-4.010113934799999669e+01,-4.055391163000000176e+01,-2.812202685700000160e+01,-5.737037134900000268e+01,-2.265553882200000047e+01
5.152572572600000456e+00,-3.886252373899999668e+01,-4.222168561299999823e+01,-2.746382493500000166e+01,-5.066887806599999777e+01,-2.348838113700000108e+01
5.172582582600000478e+00,-4.139484511199999872e+01,-4.064140793300000354e+01,-2.764706859200000011e+01,-5.704732696599999997e+01,-2.435339891499999965e+01
5.192592592600000501e+00,-4.111324117299999870e+01,-4.190436484600000000e+01,-2.732555174199999826e+01,-5.255291826399999877e+01,-2.510049841900000089e+01
5.212602602600000523e+00,-3.868335994499999941e+01,-4.031214991699999928e+01,-2.693164730599999857e+01,-5.924102327500000342e+01,-2.662242299900000120e+01
5.232612612600000546e+00,-4.003774797900000237e+01,-4.094395313799999769e+01,-2.724563962899999936e+01,-5.156580406300000163e+01,-2.824382829400000006e+01
5.252622622600000568e+00,-4.059914044899999652e+01,-3.936894089300000132e+01,-2.682507047100000008e+01,-5.405081351700000170e+01,-2.987556618700000044e+01
5.272632632600000591e+00,-4.313309247000000113e+01,-4.045346146600000026e+01,-2.703925649199999981e+01,-5.934532399300000094e+01,-3.097402034099999923e+01
5.292642642600000613e+00,-4.164379046500000214e+01,-4.081840883299999945e+01,-2.707422685799999940e+01,-5.668978301599999980e+01,-3.191536605499999979e+01
5.312652652699999756e+00,-4.464589607799999982e+01,-4.094740369499999844e+01,-2.701613529400000147e+01,-5.937387569599999892e+01,-3.191922580099999962e+01
5.332662662699999778e+00,-5.015185998399999789e+01,-4.217452761399999872e+01,-2.667741278900000168e+01,-5.347764381700000058e+01,-3.228332143600000137e+01
5.352672672699999801e+00,-4.580474844500000131e+01,-4.056403202500000305e+01,-2.632347136499999962e+01,-5.511618411399999928e+01,-3.261187159499999666e+01
5.372682682699999823e+00,-4.838030865599999686e+01,-4.372313587200000029e+01,-2.592276129900000115e+01,-5.679527271700000313e+01,-3.340250209599999920e+01
5.392692692699999846e+00,-4.737019064700000115e+01,-4.488534517600000129e+01,-2.599501688200000160e+01,-5.627419297000000142e+01,-3.379958743000000254e+01
5.412702702699999868e+00,-4.686720450800000037e+01,-4.471787290500000012e+01,-2.568679082499999922e+01,-5.283466809499999783e+01,-3.210389999099999869e+01
5.432712712699999891e+00,-5.451508887699999661e+01,-4.824882782200000264e+01,-2.523534217999999996e+01,-4.856117169099999842e+01,-3.187885990999999919e+01
5.452722722699999913e+00,-4.896028100600000244e+01,-4.980408851800000036e+01,-2.467186650600000064e+01,-5.459030374499999994e+01,-3.156488836100000128e+01
5.472732732699999936e+00,-5.101174234500000182e+01,-5.265807465299999990e+01,-2.480190918499999952e+01,-5.272885849099999689e+01,-3.100845700700000052e+01
5.492742742699999958e+00,-4.934330434099999962e+01,-6.033243547499999693e+01,-2.442022563800000157e+01,-5.488734673300000111e+01,-2.945542852799999878e+01
5.512752752799999989e+00,-4.897349966099999818e+01,-5.787732695900000124e+01,-2.453664199099999976e+01,-5.277734243900000166e+01,-2.897833699499999938e+01
5.532762762800000012e+00,-5.146222728200000063e+01,-4.835187732800000049e+01,-2.446805833499999849e+01,-5.657306194299999902e+01,-2.812884211500000120e+01
5.552772772800000034e+00,-5.766677392799999780e+01,-4.904806588299999959e+01,-2.433717313300000029e+01,-5.426924539699999883e+01,-2.794145965799999942e+01
5.572782782800000057e+00,-5.217089526600000227e+01,-5.372427497999999702e+01,-2.403126257999999993e+01,-5.513620079399999696e+01,-2.713256270799999825e+01
5.592792792800000079e+00,-4.588433304200000151e+01,-5.271961820599999982e+01,-2.446994651700000034e+01,-6.514991718599999615e+01,-2.623063865800000016e+01
5.612802802800000102e+00,-4.919706666100000092e+01,-4.702711019699999895e+01,-2.435853778799999958e+01,-6.112365616900000020e+01,-2.572047850999999952e+01
5.632812812800000124e+00,-4.821731545699999799e+01,-4.880551032700000036e+01,-2.430414325099999928e+01,-5.263450891200000115e+01,-2.523861622800000148e+01
5.652822822800000147e+00,-5.497432090200000232e+01,-4.512746272100000056e+01,-2.417925059799999943e+01,-5.480822189799999933e+01,-2.483598019500000120e+01
5.672832832800000169e+00,-4.995578200199999941e+01,-4.532057772499999970e+01,-2.450136565400000066e+01,-5.446785387900000330e+01,-2.478117844599999842e+01
5.692842842800000192e+00,-5.729071352100000070e+01,-4.067683183900000188e+01,-2.466530868799999965e+01,-5.539541985799999679e+01,-2.509747864199999867e+01
5.712852852899999334e+00,-4.893901312100000212e+01,-4.701716820600000091e+01,-2.472629076899999845e+01,-5.155128104599999972e+01,-2.479316324299999863e+01
5.732862862899999357e+00,-5.222435409199999867e+01,-4.630939104899999847e+01,-2.511687056999999967e+01,-5.770647381199999870e+01,-2.482234923300000062e+01
5.752872872899999379e+00,-4.599705432700000074e+01,-4.117317869600000080e+01,-2.523361935899999864e+01,-5.303811228800000066e+01,-2.480520238100000086e+01
5.772882882899999402e+00,-4.879701857900000306e+01,-4.234290105299999851e+01,-2.556519579700000122e+01,-5.739996474600000198e+01,-2.504085254900000024e+01
5.792892892899999424e+00,-4.591221782099999871e+01,-4.041582549900000032e+01,-2.626777256800000160e+01,-6.834491363499999750e+01,-2.487344400299999947e+01
5.812902902899999447e+00,-4.423455717800000286e+01,-4.233162023700000276e+01,-2.635411649299999937e+01,-5.000212910199999783e+01,-2.502523677299999960e+01
5.832912912899999469e+00,-4.729932410299999646e+01,-4.388967356599999903e+01,-2.658152600300000046e+01,-5.765409552199999865e+01,-2.505129859199999842e+01
5.852922922899999492e+00,-4.248435709700000018e+01,-4.164745523100000213e+01,-2.729766121600000162e+01,-7.115426571999999794e+01,-2.520151310500000008e+01
5.872932932899999514e+00,-4.397457863700000047e+01,-4.364527674600000040e+01,-2.795582363799999825e+01,-6.048542512200000232e+01,-2.557890134599999854e+01
5.892942942899999537e+00,-4.317511470499999859e+01,-4.074701163000000292e+01,-2.846913960199999849e+01,-5.464192186500000048e+01,-2.554247565900000083e+01
5.912952952999999567e+00,-4.426213349100000016e+01,-4.106387209399999705e+01,-2.879540160000000171e+01,-5.602894661799999909e+01,-2.583805933600000060e+01
5.932962962999999590e+00,-4.456666840599999801e+01,-4.075468028200000248e+01,-2.908061671000000104e+01,-5.972717031399999854e+01,-2.582575771899999850e+01
5.952972972999999612e+00,-4.334767393799999979e+01,-4.167279324999999801e+01,-2.968631905899999879e+01,-5.307339824099999959e+01,-2.625739740099999864e+01
5.972982982999999635e+00,-4.678119463800000233e+01,-4.094771423899999974e+01,-3.018418362099999896e+01,-5.316857258699999988e+01,-2.631442053500000000e+01
5.992992992999999657e+00,-4.137112528499999797e+01,-4.017855777199999778e+01,-3.043343975999999884e+01,-5.116192885899999965e+01,-2.659849432000000036e+01
6.013003002999999680e+00,-4.260770940199999757e+01,-3.990371334700000006e+01,-3.067981345899999823e+01,-5.573344851400000266e+01,-2.649666285500000029e+01
6.033013012999999702e+00,-4.508992806599999881e+01,-4.000495905700000066e+01,-3.074191423499999942e+01,-5.201996644500000144e+01,-2.671619884800000122e+01
6.053023022999999725e+00,-4.522601810900000174e+01,-3.953514189799999912e+01,-3.059543085800000028e+01,-5.260207083600000288e+01,-2.674122739599999932e+01
6.073033032999999747e+00,-4.134589189999999803e+01,-4.458812683299999691e+01,-3.101284545200000053e+01,-4.683834395699999931e+01,-2.655679639899999955e+01
6.093043042999999770e+00,-4.260871091700000335e+01,-4.199155450599999995e+01,-3.091052858300000139e+01,-4.748774443800000000e+01,-2.665522797499999896e+01
6.113053053100000689e+00,-4.292131495200000302e+01,-3.920980994100000316e+01,-3.080668533700000111e+01,-5.084143818399999759e+01,-2.603701750000000104e+01
6.133063063100000711e+00,-4.164716033300000220e+01,-4.180443900899999932e+01,-2.963845282200000142e+01,-5.652612383499999993e+01,-2.580680270099999873e+01
6.153073073100000734e+00,-4.324437645700000132e+01,-4.024375438700000274e+01,-3.052357164100000020e+01,-4.586497107699999987e+01,-2.527723718900000094e+01
6.173083083100000756e+00,-4.463693325199999862e+01,-4.096314562199999898e+01,-3.082791078800000051e+01,-5.519824567900000289e+01,-2.474314223800000079e+01
6.193093093100000779e+00,-4.485247518799999966e+01,-4.025381737200000032e+01,-3.098006488900000122e+01,-4.642458778499999994e+01,-2.430373053799999994e+01
6.213103103100000801e+00,-4.269677074399999839e+01,-4.067842809100000068e+01,-3.168676225600000151e+01,-5.603698186799999803e+01,-2.348500583499999905e+01
6.233113113100000824e+00,-4.218592164999999738e+01,-3.870294347400000134e+01,-3.270741109699999782e+01,-5.202888739899999848e+01,-2.286826289600000095e+01
6.253123123099999958e+00,-4.052989421600000242e+01,-3.825174397100000334e+01,-3.343195699599999671e+01,-5.017925277100000159e+01,-2.274685771100000053e+01
6.273133133099999981e+00,-3.987126179900000267e+01,-3.735912340000000142e+01,-3.313272499499999668e+01,-6.050354704099999736e+01,-2.224661872500000115e+01
6.293143143100000003e+00,-4.346210573700000168e+01,-3.548447630900000149e+01,-3.533617366400000037e+01,-4.822268940400000048e+01,-2.231093854199999882e+01
6.313153153200000034e+00,-4.178932507999999757e+01,-3.599779495300000320e+01,-3.497420687299999997e+01,-4.896043927000000195e+01,-2.214747590099999996e+01
6.333163163200000056e+00,-4.042576484300000317e+01,-3.488436794199999724e+01,-3.716309990700000299e+01,-5.048574920200000093e+01,-2.203898456399999972e+01
6.353173173200000079e+00,-4.426285139000000157e+01,-3.525896391599999902e+01,-3.724305980300000130e+01,-5.090607257199999935e+01,-2.210143641200000175e+01
6.373183183200000101e+00,-4.184655412099999694e+01,-3.401946520199999924e+01,-3.755964933199999933e+01,-5.669287342999999879e+01,-2.203833179200000103e+01
6.393193193200000124e+00,-4.516602942499999784e+01,-3.311818236599999921e+01,-3.713906942100000208e+01,-4.904328450599999911e+01,-2.199199305400000171e+01
6.413203203200000146e+00,-4.265774724399999940e+01,-3.400181760499999939e+01,-3.624648370599999936e+01,-5.552851305400000115e+01,-2.210456103399999961e+01
6.433213213200000169e+00,-4.360804217500000135e+01,-3.375932570999999882e+01,-3.688113884100000206e+01,-5.200063079000000243e+01,-2.206388960600000004e+01
6.453223223200000191e+00,-4.676373099100000275e+01,-3.258158003799999847e+01,-3.671290074800000269e+01,-5.963904039399999846e+01,-2.212329174099999918e+01
6.473233233200000214e+00,-4.173146482899999654e+01,-3.153134231900000017e+01,-3.718333310500000266e+01,-5.177912263900000056e+01,-2.204082923700000052e+01
6.493243243200000236e+00,-4.012530853599999858e+01,-3.215752364000000085e+01,-3.650421511900000127e+01,-5.798143604599999890e+01,-2.199821852199999839e+01
6.513253253300000267e+00,-4.430963121999999998e+01,-3.118370597099999841e+01,-3.726037464400000232e+01,-5.753891819999999768e+01,-2.202889629699999929e+01
6.533263263300000290e+00,-4.179566747199999810e+01,-3.130149177399999871e+01,-3.685548317800000007e+01,-5.071392344499999894e+01,-2.208908810000000145e+01
6.553273273300000312e+00,-4.127269683699999803e+01,-3.043487550300000066e+01,-3.517849643200000287e+01,-5.011800364199999791e+01,-2.181908021599999969e+01
6.573283283300000335e+00,-4.210261424600000169e+01,-3.062732124000000056e+01,-3.438164054899999655e+01,-5.026845235799999756e+01,-2.169230175899999935e+01
6.593293293300000357e+00,-4.227321478799999710e+01,-2.946474866599999842e+01,-3.482222579799999806e+01,-5.506851154099999945e+01,-2.167655636599999980e+01
6.613303303300000380e+00,-4.320085491900000108e+01,-2.926596921699999854e+01,-3.459463106199999771e+01,-5.481310509800000119e+01,-2.197281923399999926e+01
6.633313313300000402e+00,-3.947557788299999970e+01,-2.934693715999999952e+01,-3.365452511899999877e+01,-5.408367918300000099e+01,-2.204748238499999857e+01
6.653323323300000425e+00,-4.234222152699999953e+01,-2.951750972299999987e+01,-3.400205813800000243e+01,-4.716949850700000013e+01,-2.232857751799999946e+01
6.673333333300000447e+00,-4.181484536600000013e+01,-2.944033130900000117e+01,-3.355832343600000200e+01,-4.989868963699999682e+01,-2.236133109500000060e+01
6.693343343300000470e+00,-4.189289060699999823e+01,-2.960913991700000025e+01,-3.496778114499999646e+01,-5.301950706499999910e+01,-2.262268208100000066e+01
6.713353353399999612e+00,-4.609545520700000054e+01,-2.971288074599999973e+01,-3.310670996399999666e+01,-5.006398789299999663e+01,-2.287524279499999835e+01
6.733363363399999635e+00,-4.413132526599999750e+01,-2.925212749599999995e+01,-3.412332298199999769e+01,-4.781275612900000027e+01,-2.338272953899999962e+01
6.753373373399999657e+00,-4.232242812999999870e+01,-2.905688152800000168e+01,-3.350536046700000270e+01,-5.083348226199999687e+01,-2.351203332600000095e+01
6.773383383399999680e+00,-4.403274224700000161e+01,-2.952133091800000031e+01,-3.341618025799999714e+01,-4.813708604499999666e+01,-2.394859675700000068e+01
6.793393393399999702e+00,-4.497258960599999966e+01,-2.996276553299999890e+01,-3.293402505899999966e+01,-4.449201404499999768e+01,-2.426412196500000107e+01
6.813403403399999725e+00,-4.092016029799999899e+01,-2.981956193199999916e+01,-3.314207563800000145e+01,-4.833174951000000164e+01,-2.498666250100000141e+01
6.833413413399999747e+00,-4.196506028499999985e+01,-2.991888391399999847e+01,-3.355037035499999831e+01,-5.089185959699999984e+01,-2.528648627999999832e+01
6.853423423399999770e+00,-4.187495548500000098e+01,-2.997516007500000157e+01,-3.238368575199999810e+01,-4.650541426699999903e+01,-2.588328869800000120e+01
6.873433433399999792e+00,-4.250484706400000334e+01,-2.947610967900000034e+01,-3.303872196700000075e+01,-4.587676875999999737e+01,-2.632692688599999897e+01
6.893443443399999815e+00,-3.953942613099999903e+01,-2.853172220900000156e+01,-3.428297072800000223e+01,-4.595196769700000061e+01,-2.655514678200000134e+01
6.913453453499999846e+00,-3.929385303600000157e+01,-2.885708828799999992e+01,-3.469573543300000296e+01,-4.503750704299999796e+01,-2.679965329499999882e+01
6.933463463499999868e+00,-3.981861635599999971e+01,-2.878655220199999931e+01,-3.581942531100000338e+01,-4.178206463400000104e+01,-2.665524407899999915e+01
6.953473473499999891e+00,-3.941477783300000226e+01,-2.819969993100000138e+01,-3.676775522700000209e+01,-4.430567913099999799e+01,-2.711371886099999884e+01
6.973483483499999913e+00,-3.864006558199999830e+01,-2.786745916299999948e+01,-3.803498947700000343e+01,-4.577536062000000072e+01,-2.697579023400000153e+01
6.993493493499999936e+00,-3.772144528399999786e+01,-2.815723818300000048e+01,-4.079227591000000075e+01,-4.391181743300000306e+01,-2.720310922799999886e+01
7.013503503499999958e+00,-3.694489915199999786e+01,-2.739849973000000105e+01,-3.998091977100000349e+01,-4.076488087599999943e+01,-2.664940343800000022e+01
7.033513513499999981e+00,-3.473134111200000262e+01,-2.747141715900000136e+01,-3.916902786899999711e+01,-4.070853604700000261e+01,-2.637281429600000138e+01
7.053523523500000003e+00,-3.722467253199999959e+01,-2.726083654700000025e+01,-4.088217784999999793e+01,-4.024046466099999719e+01,-2.596987451000000036e+01
7.073533533500000026e+00,-3.409210931100000153e+01,-2.700257439700000006e+01,-4.012271533799999901e+01,-3.975660285699999719e+01,-2.612104407400000028e+01
7.093543543500000048e+00,-3.513107111800000126e+01,-2.763439800300000115e+01,-4.027134215800000305e+01,-3.877742782499999663e+01,-2.559573798599999961e+01
7.113553553600000079e+00,-3.494803725799999938e+01,-2.760076329500000014e+01,-4.088590046099999853e+01,-3.727945019300000240e+01,-2.503536570200000000e+01
7.133563563600000101e+00,-3.445264189200000260e+01,-2.774042698999999956e+01,-3.890981685799999923e+01,-3.724588997200000051e+01,-2.483916372399999872e+01
7.153573573600000124e+00,-3.503063301099999904e+01,-2.785305570499999916e+01,-3.833185398700000235e+01,-3.686441003699999897e+01,-2.509585112599999945e+01
7.173583583600000146e+00,-3.497325271799999769e+01,-2.837569110200000111e+01,-3.679314134599999875e+01,-3.532504009600000217e+01,-2.528936038799999864e+01
7.193593593600000169e+00,-3.521306321200000156e+01,-2.864673402600000074e+01,-3.493225489900000014e+01,-3.700148118500000294e+01,-2.508072268000000093e+01
7.213603603600000191e+00,-3.653383065100000238e+01,-2.879168248599999913e+01,-3.445045009300000061e+01,-3.654248552399999994e+01,-2.479675076999999916e+01
7.233613613600000214e+00,-3.577253844199999833e+01,-2.812463063799999929e+01,-3.328447107600000265e+01,-3.533573074600000297e+01,-2.517142101499999995e+01
7.253623623600000236e+00,-3.523064506800000117e+01,-2.896428332400000016e+01,-3.238088836400000048e+01,-3.506005283599999700e+01,-2.565890718900000067e+01
7.273633633600000259e+00,-3.643391462000000303e+01,-2.928119158000000155e+01,-3.097590576900000059e+01,-3.426727134699999766e+01,-2.597411273599999859e+01
7.293643643600000281e+00,-3.693387942100000032e+01,-2.967054561599999829e+01,-2.979238233599999930e+01,-3.501157580800000346e+01,-2.643365388599999832e+01
7.313653653699999424e+00,-3.623461593700000094e+01,-2.923966291800000050e+01,-2.925803073200000171e+01,-3.523459351399999662e+01,-2.670788660599999886e+01
7.333663663699999447e+00,-4.020613054799999730e+01,-2.897820539499999981e+01,-2.897614601300000103e+01,-3.490051655599999947e+01,-2.699707959199999863e+01
7.353673673699999469e+00,-3.847251810800000271e+01,-2.890331421300000159e+01,-2.746080646200000075e+01,-3.547799419199999704e+01,-2.705664236899999864e+01
7.373683683699999492e+00,-3.737445252599999890e+01,-2.906113588299999861e+01,-2.699491257600000083e+01,-3.423648758699999917e+01,-2.742044699799999918e+01
7.393693693699999514e+00,-3.934995560000000125e+01,-2.910541497599999872e+01,-2.678335750300000129e+01,-3.501916529700000069e+01,-2.738867882299999934e+01
7.413703703699999537e+00,-4.282484412000000162e+01,-2.964839330999999945e+01,-2.645828323399999960e+01,-3.498924420099999821e+01,-2.732510860300000033e+01
7.433713713699999559e+00,-4.250990128099999765e+01,-2.966028671200000133e+01,-2.517395330900000161e+01,-3.467923363100000245e+01,-2.736081460699999823e+01
7.453723723699999582e+00,-4.168817339400000321e+01,-3.032842360000000070e+01,-2.547397864399999889e+01,-3.538939261899999877e+01,-2.756686596300000147e+01
7.473733733699999604e+00,-4.240321262500000188e+01,-3.054085218799999879e+01,-2.439035320200000001e+01,-3.616603985599999760e+01,-2.758008634300000139e+01
7.493743743699999627e+00,-4.907526716400000311e+01,-3.069384389300000038e+01,-2.432901736199999831e+01,-3.737685891299999952e+01,-2.838694017899999977e+01
7.513753753800000545e+00,-4.509739276700000232e+01,-3.091477537800000164e+01,-2.384676614600000022e+01,-3.629806952900000283e+01,-2.812531425799999951e+01
7.533763763800000568e+00,-4.810818251199999906e+01,-3.211306599099999914e+01,-2.312738697700000046e+01,-3.778020695400000051e+01,-2.826584208199999892e+01
7.553773773800000590e+00,-5.080623479300000156e+01,-3.199554444700000033e+01,-2.326502265499999922e+01,-3.937915124700000291e+01,-2.908040706299999911e+01
7.573783783800000613e+00,-4.511972967900000242e+01,-3.312321184700000032e+01,-2.275563486800000135e+01,-3.903196265100000062e+01,-2.921357934199999917e+01
7.593793793799999747e+00,-5.141127091399999927e+01,-3.341334641600000310e+01,-2.281687970400000154e+01,-3.892823017999999990e+01,-3.071329926499999985e+01
7.613803803799999770e+00,-4.599918103400000291e+01,-3.601045964400000088e+01,-2.223267047899999937e+01,-3.938060920200000226e+01,-3.175463978100000162e+01
7.633813813799999792e+00,-4.961053562899999747e+01,-3.519743351099999984e+01,-2.240981393799999921e+01,-4.057374214200000040e+01,-3.197825040200000046e+01
7.653823823799999815e+00,-5.531454203399999869e+01,-3.506257757099999850e+01,-2.230380993600000039e+01,-3.846217833499999728e+01,-3.400647245500000082e+01
7.673833833799999837e+00,-4.440340877500000261e+01,-3.836748875400000003e+01,-2.254929891400000130e+01,-3.988374604999999917e+01,-3.625263746499999939e+01
7.693843843799999860e+00,-4.850022950200000338e+01,-3.549957204300000058e+01,-2.281060249900000159e+01,-3.957202321300000136e+01,-3.735211606499999704e+01
7.713853853899999891e+00,-4.860305357099999668e+01,-3.838089646600000293e+01,-2.263851823799999963e+01,-4.085689953699999677e+01,-3.945893405999999715e+01
7.733863863899999913e+00,-4.082754215599999981e+01,-3.614127350599999744e+01,-2.279237210699999849e+01,-4.024907454800000295e+01,-3.998254943799999950e+01
7.753873873899999936e+00,-4.471236027900000209e+01,-3.731173824700000097e+01,-2.325460176500000031e+01,-4.228869981100000075e+01,-4.056632262400000144e+01
7.773883883899999958e+00,-4.375016872700000192e+01,-3.751824872699999958e+01,-2.309840478299999944e+01,-4.006298210899999646e+01,-3.987332729999999970e+01
7.793893893899999981e+00,-4.710626944799999904e+01,-4.001105123600000013e+01,-2.370231846400000109e+01,-4.061729558199999701e+01,-3.869446240599999953e+01
7.813903903900000003e+00,-4.403072420499999851e+01,-4.187518504399999841e+01,-2.371180110499999927e+01,-4.055465315699999707e+01,-3.879448307799999895e+01
7.833913913900000026e+00,-4.631496185200000326e+01,-3.867375778499999939e+01,-2.396241202699999917e+01,-3.805506242799999939e+01,-3.828186904900000087e+01
7.853923923900000048e+00,-4.521248056799999659e+01,-3.952373285299999850e+01,-2.385639772300000061e+01,-3.936606832999999739e+01,-3.666740612800000321e+01
7.873933933899999182e+00,-4.486157219199999702e+01,-3.877523889999999795e+01,-2.424301218700000149e+01,-4.067087103800000136e+01,-3.779154716800000102e+01
7.893943943899999205e+00,-4.442492580999999774e+01,-4.202112044999999796e+01,-2.494343136199999833e+01,-4.169806864800000312e+01,-3.796925715700000126e+01
7.913953954000000124e+00,-4.519043940800000314e+01,-4.501559075800000187e+01,-2.479964671700000167e+01,-4.114182264899999808e+01,-3.702669955300000026e+01
7.933963964000000146e+00,-4.377605886799999979e+01,-4.431137113599999822e+01,-2.524330569800000035e+01,-4.193168972499999825e+01,-3.604717272399999928e+01
7.953973974000000169e+00,-4.178996623900000174e+01,-4.538714195600000068e+01,-2.524472705799999872e+01,-4.539930890400000152e+01,-3.525265463099999863e+01
7.973983984000000191e+00,-4.189258990599999777e+01,-4.703264026000000086e+01,-2.512923235499999919e+01,-4.229146706600000272e+01,-3.437839163799999653e+01
7.993993994000000214e+00,-4.258243696600000305e+01,-4.662871248500000121e+01,-2.475670053700000039e+01,-4.482099286100000057e+01,-3.347846197399999824e+01
8.014004004000000236e+00,-4.167368454000000355e+01,-4.327161145800000241e+01,-2.455443865499999845e+01,-4.261466579399999688e+01,-3.251135047599999695e+01
8.034014014000000259e+00,-4.916996544100000222e+01,-4.341599878099999898e+01,-2.498473458799999847e+01,-4.599564115999999814e+01,-3.299573938500000025e+01
8.054024024000000281e+00,-4.187101338200000100e+01,-4.712917590499999676e+01,-2.484460855700000081e+01,-4.858920285800000016e+01,-3.247482176700000167e+01
8.074034034000000304e+00,-3.962312020200000262e+01,-4.074625293599999765e+01,-2.422892541499999908e+01,-4.561451158199999867e+01,-3.073117911099999944e+01
8.094044044000000326e+00,-3.749358568299999916e+01,-4.149851174999999870e+01,-2.395169091300000019e+01,-4.846295893300000301e+01,-3.047018069699999998e+01
8.114054054100000357e+00,-3.858370297999999821e+01,-4.134287607000000264e+01,-2.368863512100000079e+01,-4.609540920500000283e+01,-2.940601394000000113e+01
8.134064064100000380e+00,-3.806670549799999748e+01,-4.117614309300000031e+01,-2.397399912799999910e+01,-4.501722476700000186e+01,-2.917012257400000053e+01
8.154074074100000402e+00,-4.644225830999999971e+01,-4.591184187199999656e+01,-2.346949697699999859e+01,-4.488675175200000211e+01,-2.922130701400000063e+01
8.174084084100000425e+00,-3.769308143800000011e+01,-4.355103829200000121e+01,-2.370945195399999861e+01,-4.223727053300000023e+01,-2.855659946100000113e+01
8.194094094100000447e+00,-4.032889510199999705e+01,-4.035126141700000346e+01,-2.340006418899999829e+01,-4.029313643900000130e+01,-2.840677738300000144e+01
8.214104104100000470e+00,-4.098502985700000067e+01,-4.109547414099999685e+01,-2.357624703800000177e+01,-4.680697441200000242e+01,-2.889644755899999851e+01
8.234114114100000492e+00,-4.164845235800000012e+01,-4.005166485200000182e+01,-2.374641669900000096e+01,-4.388018767100000161e+01,-2.805951946400000097e+01
8.254124124100000515e+00,-3.850562202199999717e+01,-4.064814396799999940e+01,-2.421984297799999908e+01,-4.174671780900000329e+01,-2.838054629499999848e+01
8.274134134100000537e+00,-3.946365586699999994e+01,-3.923045776699999720e+01,-2.411321007000000094e+01,-4.194915393099999790e+01,-2.815701237300000059e+01
8.294144144100000560e+00,-4.067209049400000254e+01,-4.080561418199999935e+01,-2.463912976399999977e+01,-4.046234618799999794e+01,-2.772132975199999905e+01
8.314154154200000590e+00,-4.281486849200000222e+01,-4.111425560200000007e+01,-2.476966404699999913e+01,-3.994537530699999905e+01,-2.765089897300000032e+01
8.334164164200000613e+00,-4.023697120799999993e+01,-4.672085632400000321e+01,-2.521266860100000073e+01,-4.295330201099999812e+01,-2.868590887299999892e+01
8.354174174200000635e+00,-4.529830377900000116e+01,-4.263580377899999974e+01,-2.570000367800000163e+01,-4.105084792499999935e+01,-2.792601058300000005e+01
8.374184184200000658e+00,-4.104049076799999796e+01,-4.596262655400000341e+01,-2.614879790299999840e+01,-4.571444352400000355e+01,-2.839983475300000038e+01
8.394194194200000680e+00,-3.982856983599999978e+01,-4.332307652699999778e+01,-2.646135583299999894e+01,-4.256594383099999845e+01,-2.862395296500000086e+01
8.414204204199998927e+00,-3.856325624400000152e+01,-3.842164473700000116e+01,-2.739361128999999906e+01,-4.206172962800000192e+01,-2.939917339300000165e+01
8.434214214199998949e+00,-3.734169805700000211e+01,-4.384059379499999665e+01,-2.750337388599999855e+01,-4.359711076699999666e+01,-2.989838509799999855e+01
8.454224224199998972e+00,-3.976537524599999784e+01,-4.314415086000000343e+01,-2.895423249499999940e+01,-4.483560753700000134e+01,-3.033701824499999944e+01
8.474234234199998994e+00,-4.194107158500000310e+01,-5.291614949499999909e+01,-2.980602200099999877e+01,-5.622975127499999815e+01,-3.189818490900000114e+01
8.494244244199999017e+00,-3.829478857299999817e+01,-4.602560821200000163e+01,-3.091605811299999829e+01,-4.973881764200000077e+01,-3.224189227099999755e+01
8.514254254300000824e+00,-3.769651550599999723e+01,-4.383501899000000179e+01,-3.167040764200000069e+01,-4.999745794999999760e+01,-3.344402964100000020e+01
8.534264264300000846e+00,-3.735679121199999742e+01,-4.477192361800000242e+01,-3.167175457300000119e+01,-4.948191813900000113e+01,-3.448825622599999718e+01
8.554274274300000869e+00,-3.733482286600000322e+01,-4.287988022300000068e+01,-3.301194551399999710e+01,-5.483990611899999834e+01,-3.338795317400000329e+01
8.574284284300000891e+00,-3.996307398300000102e+01,-4.046455236500000296e+01,-3.274459398999999848e+01,-5.467117265400000292e+01,-3.327225800499999764e+01
8.594294294299999137e+00,-3.896095032499999888e+01,-4.187335269799999793e+01,-3.472146447400000113e+01,-4.870877323500000244e+01,-3.373962537700000297e+01
8.614304304299999160e+00,-4.078670237600000092e+01,-4.536312120400000225e+01,-3.552449064300000003e+01,-6.156743602699999940e+01,-3.242916514800000272e+01
8.634314314299999182e+00,-4.677243450999999652e+01,-3.884923530199999675e+01,-3.624825892399999816e+01,-5.260099699599999923e+01,-3.296910913800000031e+01
8.654324324299999205e+00,-3.971687020299999915e+01,-4.401834944099999802e+01,-3.896134496599999864e+01,-5.016185158100000052e+01,-3.274357768000000135e+01
8.674334334299999227e+00,-3.880051584999999648e+01,-4.006271774799999719e+01,-4.125969369700000300e+01,-4.759229134200000289e+01,-3.344887335199999967e+01
8.694344344299999250e+00,-4.159781333200000120e+01,-4.391977987399999961e+01,-4.147682551700000175e+01,-4.729253543099999746e+01,-3.072374364499999899e+01
8.714354354399999281e+00,-3.838932373600000147e+01,-4.608401748099999651e+01,-4.274064543899999791e+01,-4.727288979699999771e+01,-3.226976659999999697e+01
8.734364364399999303e+00,-4.342683489600000257e+01,-5.327954642000000263e+01,-4.195926337000000217e+01,-4.474295447200000098e+01,-3.374730834900000076e+01
8.754374374399999326e+00,-4.141429714400000250e+01,-4.576976754399999692e+01,-3.784483267699999942e+01,-5.058087294700000314e+01,-3.293948081500000313e+01
8.774384384399999348e+00,-3.955650313299999965e+01,-6.051043506799999960e+01,-3.773207758099999864e+01,-5.066248470200000042e+01,-3.314097509399999808e+01
8.794394394399999371e+00,-4.481519011599999658e+01,-5.359149593200000083e+01,-3.520284724599999748e+01,-5.124875679899999881e+01,-3.429499979900000284e+01
8.814404404399999393e+00,-3.919432115600000088e+01,-4.799219770199999857e+01,-3.297969886500000314e+01,-4.556203978399999954e+01,-3.435778437399999774e+01
8.834414414399999416e+00,-3.838424448699999658e+01,-4.297158388100000082e+01,-3.227965851300000111e+01,-4.711364395999999743e+01,-3.407955248500000067e+01
8.854424424399999438e+00,-4.121526611899999892e+01,-4.480661528400000293e+01,-3.075869837700000176e+01,-4.773872397499999920e+01,-3.494810937599999789e+01
8.874434434399999461e+00,-3.989166572300000269e+01,-4.074395817399999942e+01,-2.949407622400000051e+01,-4.338402101100000152e+01,-3.365052484000000277e+01
8.894444444399999483e+00,-3.686525312500000240e+01,-3.921141375799999906e+01,-2.899139013699999978e+01,-4.203430536999999845e+01,-3.437655041899999731e+01
8.914454454499999514e+00,-3.785206968499999647e+01,-3.670136919099999773e+01,-2.914717256000000134e+01,-4.784749162300000336e+01,-3.546687180299999653e+01
8.934464464499999536e+00,-3.368728512100000216e+01,-4.228446171000000220e+01,-2.729189034499999877e+01,-4.127029982399999852e+01,-3.427989258200000222e+01
8.954474474499999559e+00,-3.726893291199999680e+01,-3.909278992600000180e+01,-2.718088064799999870e+01,-4.151921718500000225e+01,-3.309435394199999791e+01
8.974484484499999581e+00,-3.468853798800000021e+01,-3.903313368599999933e+01,-2.702934998299999947e+01,-3.965236071900000070e+01,-3.375785949600000180e+01
8.994494494499999604e+00,-3.418260701900000242e+01,-4.104028489200000251e+01,-2.672756991400000004e+01,-4.348100691900000214e+01,-3.305710672499999703e+01
9.014504504499999626e+00,-3.242795494700000347e+01,-4.008539484300000311e+01,-2.619840196599999871e+01,-3.942784334400000290e+01,-3.263449532799999986e+01
9.034514514499999649e+00,-3.377592155399999996e+01,-4.091333108300000276e+01,-2.811674287499999991e+01,-3.829543903599999766e+01,-3.282680642599999743e+01
9.054524524499999671e+00,-3.070335715399999899e+01,-3.761827060299999914e+01,-2.779598984300000097e+01,-3.883898787599999736e+01,-3.180985750299999992e+01
9.074534534499999694e+00,-3.141802870600000119e+01,-3.634323419599999738e+01,-2.775016892400000046e+01,-3.947965940400000306e+01,-3.153647123300000032e+01
9.094544544499999716e+00,-3.058206197399999837e+01,-4.034312598599999689e+01,-2.863305731199999826e+01,-4.104512761600000204e+01,-3.143914124400000176e+01
9.114554554599999747e+00,-2.969556996800000093e+01,-3.738767543899999879e+01,-2.953788629499999985e+01,-3.704844534299999737e+01,-3.149503508700000154e+01
9.134564564599999770e+00,-3.010192101000000164e+01,-4.238963829899999780e+01,-2.857118000699999882e+01,-3.529832792700000255e+01,-3.092568106299999897e+01
9.154574574599999792e+00,-3.017552431200000029e+01,-3.895286039799999855e+01,-2.894877701300000084e+01,-3.815763309199999753e+01,-2.889599198699999860e+01
9.174584584599999815e+00,-2.826408511800000056e+01,-3.674812411199999929e+01,-2.910706885000000099e+01,-3.753480467299999646e+01,-2.922831237600000165e+01
9.194594594599999837e+00,-2.866482036000000022e+01,-4.429031685000000351e+01,-2.860052039099999988e+01,-3.669763028100000213e+01,-2.904037783600000111e+01
9.214604604599999860e+00,-2.919818583900000064e+01,-3.715590257400000240e+01,-2.920625160999999892e+01,-3.779134049200000334e+01,-2.876235072300000084e+01
9.234614614599999882e+00,-2.838431762700000149e+01,-3.720806452800000130e+01,-3.041249083599999992e+01,-3.670431373099999917e+01,-2.856081642499999873e+01
9.254624624599999905e+00,-2.883899043499999948e+01,-3.803222832699999856e+01,-2.917664485599999935e+01,-3.680263559299999798e+01,-2.861324652200000074e+01
9.274634634599999927e+00,-2.891557922699999850e+01,-4.043352232600000207e+01,-2.939522371800000045e+01,-3.891245794000000302e+01,-2.855011651099999881e+01
9.294644644599999950e+00,-3.115609379300000015e+01,-4.013693313400000307e+01,-3.006815979900000002e+01,-3.926418293300000073e+01,-2.850950465100000031e+01
9.314654654699999980e+00,-2.973096045400000165e+01,-3.931113255799999706e+01,-3.034799622199999902e+01,-3.743375506000000286e+01,-2.846408241600000011e+01
9.334664664700000003e+00,-2.961998740399999974e+01,-4.027347799399999673e+01,-2.989562820900000162e+01,-3.968112867300000346e+01,-3.017237891699999963e+01
9.354674674700000025e+00,-3.129327924100000047e+01,-4.064631314100000026e+01,-3.126100696700000015e+01,-4.000389428700000138e+01,-3.052433367800000141e+01
9.374684684700000048e+00,-3.108936822300000102e+01,-3.782892878300000206e+01,-3.091701860099999877e+01,-3.783260583500000251e+01,-3.172252276700000095e+01
9.394694694700000070e+00,-3.272353250999999830e+01,-4.086300691900000004e+01,-3.059675005300000095e+01,-3.820830001499999895e+01,-3.107716493299999883e+01
9.414704704700000093e+00,-3.237558964800000183e+01,-4.050685914799999665e+01,-3.145380960900000034e+01,-4.238462859500000235e+01,-3.393521578200000022e+01
9.434714714700000115e+00,-3.199300970399999855e+01,-4.053661742599999940e+01,-3.138454817999999946e+01,-3.989364213199999654e+01,-3.391194594600000300e+01
9.454724724700000138e+00,-3.219972338600000228e+01,-4.242511877700000156e+01,-3.218427159800000226e+01,-4.277983504800000247e+01,-3.457126536399999850e+01
9.474734734700000161e+00,-3.310535866800000093e+01,-4.404307486799999793e+01,-3.280538502999999650e+01,-4.230956552300000340e+01,-3.282938680200000192e+01
9.494744744700000183e+00,-3.320451780700000199e+01,-3.804242054800000261e+01,-3.423843097099999966e+01,-4.375871081700000076e+01,-3.267978145000000012e+01
9.514754754799998437e+00,-3.723717966299999915e+01,-4.245757966499999725e+01,-3.466486683099999766e+01,-4.348398899699999731e+01,-3.270827234800000127e+01
9.534764764799998460e+00,-3.222351290000000290e+01,-4.401731198200000250e+01,-3.590578423200000202e+01,-3.922567393300000305e+01,-3.162031357400000076e+01
9.554774774799998482e+00,-3.694311008700000087e+01,-5.557304803699999951e+01,-3.304611694599999794e+01,-3.885285219499999698e+01,-3.241646235399999654e+01
9.574784784799998505e+00,-4.146165137799999911e+01,-4.374712660099999795e+01,-3.615089614600000090e+01,-3.777430031899999818e+01,-3.148989258399999969e+01
9.594794794799998527e+00,-3.770217972100000026e+01,-4.770737205100000011e+01,-3.562838683399999695e+01,-3.938585651500000040e+01,-3.124204015400000145e+01
9.614804804799998550e+00,-4.676246433499999711e+01,-6.142684691699999888e+01,-3.501359026400000118e+01,-3.810594879100000298e+01,-3.112659153299999915e+01
9.634814814799998572e+00,-3.900399925400000001e+01,-4.463728485099999688e+01,-3.515773330700000088e+01,-3.720560741300000274e+01,-3.093195519500000046e+01
9.654824824799998595e+00,-3.876831547999999827e+01,-4.755179803099999702e+01,-3.427029792799999797e+01,-3.663429416400000349e+01,-3.138124059600000137e+01
9.674834834799998617e+00,-4.441035969400000027e+01,-5.232022442600000289e+01,-3.395249784199999965e+01,-3.561200017699999876e+01,-3.180002910099999980e+01
9.694844844799998640e+00,-4.239749423300000331e+01,-4.071506368699999712e+01,-3.342860986000000167e+01,-3.489478463300000044e+01,-3.021737399799999935e+01
9.714854854900000447e+00,-4.223331371199999751e+01,-5.133343336200000095e+01,-3.364026911300000222e+01,-3.617752853399999680e+01,-3.017808727099999899e+01
9.734864864900000470e+00,-4.399920429699999858e+01,-5.286137241699999834e+01,-3.125846916200000081e+01,-3.407131512899999848e+01,-3.048737707400000119e+01
9.754874874900000492e+00,-4.304327314500000057e+01,-3.938464024799999663e+01,-3.177883345500000090e+01,-3.451197897299999795e+01,-3.214129117899999954e+01
9.774884884899998738e+00,-4.117073771999999821e+01,-4.033629631600000209e+01,-3.073804265200000074e+01,-3.557774273300000090e+01,-3.103265849599999981e+01
9.794894894899998761e+00,-4.087547127999999930e+01,-4.402044217000000259e+01,-2.908859067599999904e+01,-3.372953810700000332e+01,-3.019464718800000114e+01
9.814904904899998783e+00,-4.550277141699999817e+01,-3.910408726400000035e+01,-3.197493374900000163e+01,-3.489878316400000102e+01,-3.150862921799999938e+01
9.834914914899998806e+00,-3.795763720699999766e+01,-4.293592332200000072e+01,-3.031908545499999974e+01,-3.348322268100000088e+01,-3.048231105800000051e+01
9.854924924899998828e+00,-4.215576994999999982e+01,-4.257152849999999944e+01,-2.822281770300000048e+01,-3.319254552099999955e+01,-3.123677611700000156e+01
9.874934934899998851e+00,-3.897083764300000297e+01,-4.010874111399999720e+01,-3.034055508000000145e+01,-3.402292562400000264e+01,-3.091995022000000048e+01
9.894944944899998873e+00,-4.267074314199999918e+01,-3.847669357699999892e+01,-2.835105874299999940e+01,-3.270753112900000303e+01,-3.098913715500000166e+01
9.914954955000000680e+00,-3.979003019099999960e+01,-3.761472765500000293e+01,-2.730287714299999990e+01,-3.265054341999999821e+01,-2.981102118300000114e+01
9.934964965000000703e+00,-3.604458219200000002e+01,-4.174952997799999821e+01,-2.913901271199999954e+01,-3.124350442100000080e+01,-2.955840120299999896e+01
9.954974975000000725e+00,-3.821752118199999870e+01,-3.691709720699999764e+01,-2.879402513300000166e+01,-3.117389833400000043e+01,-3.009240094999999826e+01
9.974984985000000748e+00,-3.649518820800000185e+01,-3.806759211699999668e+01,-2.869872688299999908e+01,-3.155346979600000168e+01,-3.086915291200000055e+01
9.994994995000000770e+00,-4.206604339300000106e+01,-4.284047885100000030e+01,-2.947647003999999882e+01,-3.277301341500000120e+01,-2.981792141300000054e+01
1.001500500500000079e+01,-4.027878343300000097e+01,-5.011301785199999870e+01,-2.856961930099999947e+01,-3.106819381500000077e+01,-2.789103428800000017e+01
1.003501501500000082e+01,-4.125118914499999789e+01,-3.292722706899999707e+01,-2.980243461399999916e+01,-3.252514161799999926e+01,-2.911454607299999964e+01
1.005502502500000084e+01,-4.209929117000000076e+01,-4.518548055099999772e+01,-2.908586318000000048e+01,-3.164338279100000051e+01,-2.919598070300000003e+01
1.007503503500000086e+01,-3.781445621000000301e+01,-4.765840632399999777e+01,-2.979508922699999829e+01,-3.407384392699999864e+01,-3.083779012800000174e+01
1.009504504500000088e+01,-3.482245009700000082e+01,-3.818046943299999896e+01,-3.102617430600000148e+01,-3.106312195199999948e+01,-3.014522071700000083e+01
1.011505505499999913e+01,-3.933698389399999940e+01,-4.449809916499999929e+01,-2.983404814400000049e+01,-3.256560775999999890e+01,-3.022954703099999918e+01
1.013506506499999915e+01,-4.423640012700000312e+01,-3.773637242000000214e+01,-3.101794360699999942e+01,-3.277963044500000223e+01,-3.090453960199999983e+01
1.015507507499999917e+01,-3.372582591300000132e+01,-3.680862507999999877e+01,-3.206590721700000302e+01,-3.305651048800000069e+01,-3.066799383600000084e+01
1.017508508499999920e+01,-3.518606655100000324e+01,-3.527188938500000148e+01,-3.054466204599999912e+01,-3.175921032600000160e+01,-3.188628533500000017e+01
1.019509509499999922e+01,-3.688128978099999955e+01,-4.542778021299999835e+01,-3.179082435600000167e+01,-3.324264145000000070e+01,-3.011958365199999932e+01
1.021510510499999924e+01,-3.440838859899999846e+01,-4.087250588900000281e+01,-3.417881978700000190e+01,-3.341540996599999858e+01,-3.265798146099999855e+01
1.023511511499999926e+01,-3.241975386800000081e+01,-4.206946385399999855e+01,-3.142211371200000158e+01,-3.365482645200000178e+01,-3.191326793700000053e+01
1.025512512499999929e+01,-3.160967633199999938e+01,-4.283920745100000005e+01,-3.207177664299999975e+01,-3.256971412499999730e+01,-3.317443889399999790e+01
1.027513513499999931e+01,-3.200046087599999822e+01,-4.093125789799999836e+01,-3.237379974400000293e+01,-3.415991370500000102e+01,-3.471979449199999834e+01
1.029514514499999933e+01,-3.416134805400000118e+01,-3.837607627799999932e+01,-3.475893750200000198e+01,-3.351526217199999991e+01,-3.305062285199999650e+01
1.031515515499999935e+01,-3.074671895799999888e+01,-3.779463252499999726e+01,-3.193059334799999860e+01,-3.288011232699999908e+01,-3.556949459500000188e+01
1.033516516499999938e+01,-3.091888230600000043e+01,-3.755125834300000065e+01,-3.184011875899999922e+01,-3.233197550300000245e+01,-3.628952491399999758e+01
1.035517517499999940e+01,-2.879785314000000085e+01,-3.765871371099999720e+01,-3.235619408600000213e+01,-3.068616773000000109e+01,-3.556218534100000284e+01
1.037518518499999942e+01,-2.976154966300000027e+01,-3.513260265400000293e+01,-3.572649681099999697e+01,-3.173149084900000005e+01,-3.774663694200000208e+01
1.039519519499999944e+01,-3.138064036500000142e+01,-3.743537597899999980e+01,-3.510883496900000011e+01,-3.067901004799999853e+01,-4.082435673300000190e+01
1.041520520499999947e+01,-2.919573345199999892e+01,-4.005468479299999984e+01,-3.422021275200000190e+01,-3.240817781700000211e+01,-4.020743911699999984e+01
1.043521521499999949e+01,-3.054074234599999826e+01,-4.252575137000000183e+01,-3.590711794100000276e+01,-3.330351573400000120e+01,-4.081325673399999943e+01
1.045522522499999951e+01,-2.821092383199999887e+01,-4.354477098299999938e+01,-3.751449945299999911e+01,-3.202991227399999730e+01,-4.669081403700000266e+01
1.047523523499999953e+01,-2.997283914400000171e+01,-4.777032787800000335e+01,-3.725302276699999737e+01,-3.300516552700000261e+01,-3.570161175500000184e+01
1.049524524499999956e+01,-2.826863883000000044e+01,-4.709601030000000321e+01,-3.890239089899999669e+01,-3.331985822699999744e+01,-4.030732019100000230e+01
1.051525525499999958e+01,-2.824498511899999897e+01,-4.338545686799999856e+01,-3.951563457000000312e+01,-3.615537594399999932e+01,-4.036448543299999869e+01
1.053526526499999960e+01,-2.819731646600000019e+01,-4.155442278499999986e+01,-3.718902205900000268e+01,-3.547198257899999874e+01,-3.716970831999999803e+01
1.055527527499999962e+01,-2.876342616799999874e+01,-4.641794524099999819e+01,-3.815211848100000225e+01,-3.615942813699999903e+01,-3.553653251000000068e+01
1.057528528499999965e+01,-2.714949290299999873e+01,-4.451120108500000327e+01,-4.249533842400000339e+01,-3.752790463400000220e+01,-3.662192717899999650e+01
1.059529529499999967e+01,-2.696354528899999892e+01,-4.005003229399999753e+01,-4.446694233400000229e+01,-3.625033847600000314e+01,-3.443933083200000311e+01
1.061530530499999969e+01,-2.616162886300000068e+01,-4.430141895399999896e+01,-3.983806471599999810e+01,-3.600281866299999933e+01,-3.349356294599999728e+01
1.063531531499999971e+01,-2.945522733299999985e+01,-4.439666895500000265e+01,-4.742291210900000209e+01,-3.610245345300000253e+01,-3.171141755200000034e+01
1.065532532499999974e+01,-3.051613671799999850e+01,-4.433828229299999890e+01,-3.544457895099999689e+01,-3.497640417200000229e+01,-3.136094052900000051e+01
1.067533533499999976e+01,-3.029919891500000162e+01,-4.373520273799999813e+01,-3.794896088400000167e+01,-3.383007526800000164e+01,-3.184958469100000045e+01
1.069534534499999978e+01,-3.146190455600000035e+01,-4.657509606699999694e+01,-3.631080528500000071e+01,-3.374853454899999861e+01,-3.116201708699999884e+01
1.071535535499999980e+01,-2.929558288799999843e+01,-3.802419460099999782e+01,-3.528581964800000037e+01,-3.093821389700000069e+01,-3.109337828700000017e+01
1.073536536499999983e+01,-2.906981982299999956e+01,-4.187372297600000337e+01,-4.004179695700000252e+01,-3.180033133799999945e+01,-3.202153701299999966e+01
1.075537537499999985e+01,-2.919726516500000102e+01,-5.817648407299999747e+01,-3.869052312299999841e+01,-3.010161874199999943e+01,-2.987717549499999947e+01
1.077538538499999987e+01,-3.394012487300000203e+01,-5.387724189299999722e+01,-4.081434823699999725e+01,-3.063841894500000151e+01,-3.033267241900000144e+01
1.079539539499999989e+01,-3.016069213899999824e+01,-4.740822363899999914e+01,-3.990347903800000040e+01,-2.902202923000000112e+01,-3.025224019599999892e+01
1.081540540499999992e+01,-3.041026271999999864e+01,-4.125918342700000352e+01,-4.660152295900000041e+01,-2.925279186599999903e+01,-3.029254362900000075e+01
1.083541541499999994e+01,-3.180063568699999976e+01,-3.663057053699999699e+01,-3.917258556800000235e+01,-2.949766068399999952e+01,-2.833522155100000006e+01
1.085542542499999996e+01,-3.278243151099999864e+01,-4.409703334499999983e+01,-3.792225073499999866e+01,-2.934272373399999978e+01,-2.971081911799999986e+01
1.087543543499999998e+01,-3.257908531000000352e+01,-5.002982532200000065e+01,-4.306930774599999978e+01,-2.934662190099999890e+01,-2.854711310900000143e+01
1.089544544500000001e+01,-3.307769088199999885e+01,-4.074539298999999914e+01,-4.587891630899999740e+01,-2.850783698800000110e+01,-3.028056597499999825e+01
1.091545545500000003e+01,-3.155390171100000174e+01,-4.339050697500000098e+01,-5.118819856500000043e+01,-2.732915808799999979e+01,-2.969504947000000072e+01
1.093546546500000005e+01,-3.080819680600000154e+01,-4.046451024600000324e+01,-4.566698888599999862e+01,-2.900234695800000040e+01,-2.807326339000000104e+01
1.095547547500000007e+01,-2.986637705200000070e+01,-3.942717748199999761e+01,-7.515619822700000441e+01,-2.836131219500000000e+01,-3.096917035499999926e+01
1.097548548500000010e+01,-3.230902985400000205e+01,-3.668412783899999852e+01,-4.077366546199999675e+01,-2.760820153499999918e+01,-2.967472268199999874e+01
1.099549549500000012e+01,-2.756314470099999880e+01,-4.402086913899999843e+01,-4.788518643999999824e+01,-2.665702722900000055e+01,-2.963594010599999962e+01
1.101550550600000022e+01,-3.244754696999999766e+01,-4.449395041799999717e+01,-4.697985721300000250e+01,-2.730858533900000040e+01,-3.050031440500000102e+01
1.103551551600000025e+01,-2.861712542600000120e+01,-4.202546465799999709e+01,-5.375109840700000063e+01,-2.660520216300000129e+01,-2.987480632300000138e+01
1.105552552600000027e+01,-2.871144434300000015e+01,-3.307610192799999993e+01,-5.476825565400000073e+01,-2.535096190300000174e+01,-3.031312405999999982e+01
1.107553553600000029e+01,-3.177581247599999870e+01,-3.953036740600000343e+01,-5.137412085300000086e+01,-2.586465564199999889e+01,-3.195885527300000106e+01
1.109554554600000031e+01,-3.251499756100000127e+01,-3.960350455199999686e+01,-4.499808512500000290e+01,-2.543618176000000020e+01,-3.044673813200000012e+01
1.111555555600000034e+01,-3.162114748999999847e+01,-4.559693463100000344e+01,-3.697760613399999841e+01,-2.532523350600000001e+01,-2.946794312899999824e+01
1.113556556600000036e+01,-2.938744346700000065e+01,-3.636212483399999940e+01,-3.776226903100000243e+01,-2.543982584400000135e+01,-2.924495683299999982e+01
1.115557557600000038e+01,-3.327809380899999780e+01,-4.225465404399999869e+01,-3.431178938699999748e+01,-2.443447746300000034e+01,-3.020332840800000085e+01
1.117558558600000040e+01,-2.630573376099999905e+01,-3.892269551799999761e+01,-3.566475640099999822e+01,-2.557778711499999957e+01,-2.859043802400000089e+01
1.119559559600000043e+01,-2.711683986699999949e+01,-3.782654390799999788e+01,-3.299900240200000212e+01,-2.408573677300000071e+01,-2.832063868399999862e+01
1.121560560600000045e+01,-2.794256393899999935e+01,-3.708232918200000228e+01,-3.364169916400000204e+01,-2.500791060099999896e+01,-2.783982132099999873e+01
1.123561561600000047e+01,-2.880139078999999924e+01,-3.336503079999999954e+01,-3.536097289899999652e+01,-2.407230862400000149e+01,-2.708127310900000140e+01
1.125562562600000049e+01,-3.001785490400000000e+01,-3.148153589900000071e+01,-3.161813792799999945e+01,-2.533436255299999829e+01,-2.893568943000000004e+01
1.127563563600000052e+01,-2.984424901199999880e+01,-3.525366971199999711e+01,-3.256157324099999784e+01,-2.413337710600000108e+01,-2.824421046200000163e+01
1.129564564600000054e+01,-2.942285759099999964e+01,-3.524362492099999855e+01,-3.171465333100000095e+01,-2.435897537800000023e+01,-2.618523480300000017e+01
1.131565565600000056e+01,-2.940274004999999846e+01,-3.644492659699999848e+01,-3.183736848699999911e+01,-2.488499340499999946e+01,-2.740617381899999927e+01
1.133566566600000058e+01,-3.009096832999999904e+01,-3.246287246600000032e+01,-3.338933733599999698e+01,-2.455397573699999825e+01,-2.939809679600000081e+01
1.135567567600000061e+01,-3.213238358600000311e+01,-3.168956490600000109e+01,-2.961047730800000011e+01,-2.439084922099999986e+01,-2.855354768999999848e+01
1.137568568600000063e+01,-3.106021144700000036e+01,-3.523921904000000183e+01,-3.078843433300000143e+01,-2.479404303300000123e+01,-2.807138325500000064e+01
1.139569569600000065e+01,-2.969802767499999874e+01,-3.037438688599999992e+01,-3.119438944199999852e+01,-2.423186113299999889e+01,-2.818088348099999862e+01
1.141570570600000067e+01,-3.105220271600000004e+01,-2.999012199499999909e+01,-2.916683099700000170e+01,-2.483232241600000023e+01,-2.911804706499999895e+01
1.143571571600000070e+01,-3.419819701000000123e+01,-2.841253092499999866e+01,-2.903461860000000172e+01,-2.515327208700000128e+01,-2.972918148200000132e+01
1.145572572600000072e+01,-3.462907581399999657e+01,-2.914499189200000018e+01,-2.760070008499999972e+01,-2.448290777700000120e+01,-2.805339653900000130e+01
1.147573573600000074e+01,-3.078436559100000025e+01,-3.345296200199999959e+01,-2.893613649599999960e+01,-2.491954562500000137e+01,-2.889151307899999921e+01
1.149574574600000076e+01,-3.378967196400000006e+01,-3.758904299200000310e+01,-2.999615078800000134e+01,-2.605111133899999842e+01,-2.880628881100000172e+01
1.151575575600000079e+01,-3.019526264499999968e+01,-3.388617073599999685e+01,-2.897036436200000153e+01,-2.620957134600000060e+01,-2.929369247099999995e+01
1.153576576600000081e+01,-3.413463941100000199e+01,-3.844774051800000336e+01,-2.875953794100000138e+01,-2.553035876599999909e+01,-2.817413963299999935e+01
1.155577577600000083e+01,-4.223285241899999676e+01,-3.882426385499999810e+01,-3.166998573300000075e+01,-2.709307556099999914e+01,-2.779920658900000063e+01
1.157578578600000085e+01,-3.463507002699999759e+01,-3.536238412699999856e+01,-2.887156500400000070e+01,-2.586454111000000111e+01,-2.800860677100000018e+01
1.159579579600000088e+01,-3.315400661900000046e+01,-4.140127387199999731e+01,-3.136272727900000135e+01,-2.632658090800000039e+01,-2.744651058000000177e+01
1.161580580599999912e+01,-3.653256898499999750e+01,-3.040076172199999860e+01,-3.031919260100000102e+01,-2.706848612699999990e+01,-2.790496377899999914e+01
1.163581581599999915e+01,-3.787499417499999765e+01,-3.617902112200000175e+01,-3.079384284600000043e+01,-2.594743938199999889e+01,-2.926809316299999963e+01
1.165582582599999917e+01,-3.537241275800000295e+01,-3.533279740399999724e+01,-3.117909656200000157e+01,-2.560563986300000039e+01,-2.763055659000000119e+01
1.167583583599999919e+01,-3.854996731800000020e+01,-3.631678018000000208e+01,-2.919272063900000092e+01,-2.591792143400000015e+01,-2.746840336400000027e+01
1.169584584599999921e+01,-3.819253638600000045e+01,-3.046997501099999894e+01,-3.065960432500000010e+01,-2.564011315200000141e+01,-2.737811611800000122e+01
1.171585585599999924e+01,-4.001669077999999757e+01,-3.459688463900000244e+01,-3.376378962900000147e+01,-2.786554124299999913e+01,-2.510660847100000126e+01
1.173586586599999926e+01,-3.999917464499999653e+01,-3.150091050300000006e+01,-3.165484980200000109e+01,-2.571631695299999976e+01,-2.625236919299999983e+01
1.175587587599999928e+01,-4.096170787599999841e+01,-3.501118294300000144e+01,-3.249278327300000058e+01,-2.742410784899999854e+01,-2.760514050200000113e+01
1.177588588599999930e+01,-3.526220586699999870e+01,-3.536103927500000310e+01,-3.534859257400000132e+01,-2.608193789699999954e+01,-2.676557225399999851e+01
1.179589589599999933e+01,-3.150278549600000133e+01,-3.406090805299999857e+01,-3.372305383799999845e+01,-2.536683976100000137e+01,-2.842012008200000039e+01
1.181590590599999935e+01,-3.480572925900000314e+01,-4.463753794400000174e+01,-3.416440592200000026e+01,-2.724678758700000003e+01,-2.633155280000000076e+01
1.183591591599999937e+01,-3.777263007799999883e+01,-3.626709852599999806e+01,-3.722121467099999848e+01,-2.616233081200000044e+01,-2.748075383799999827e+01
1.185592592599999939e+01,-3.816654471399999693e+01,-4.009932703199999793e+01,-3.784669514899999854e+01,-2.523409902899999935e+01,-2.871820618299999950e+01
1.187593593599999942e+01,-4.227608157299999903e+01,-3.861799578600000160e+01,-3.950504781800000131e+01,-2.704842718600000140e+01,-2.689000598599999847e+01
1.189594594599999944e+01,-3.784608736799999917e+01,-3.366103970799999701e+01,-3.477692961000000338e+01,-2.576423084199999991e+01,-2.789329107400000041e+01
1.191595595599999946e+01,-3.780265110599999900e+01,-3.656466126800000183e+01,-3.444348032700000317e+01,-2.677931842199999934e+01,-2.743579452199999835e+01
1.193596596599999948e+01,-4.914472168700000054e+01,-4.544071105300000113e+01,-3.500289190499999847e+01,-2.882853262200000088e+01,-2.792144366999999860e+01
1.195597597599999951e+01,-4.887594425799999698e+01,-3.995081808700000181e+01,-3.951299125599999940e+01,-2.654217797300000115e+01,-2.737920990599999982e+01
1.197598598599999953e+01,-3.493769268399999817e+01,-3.459370292799999902e+01,-3.693417662499999921e+01,-2.871456907600000008e+01,-2.783421122800000092e+01
1.199599599599999955e+01,-4.184893870399999827e+01,-3.461846565399999776e+01,-3.660529354599999863e+01,-3.107681867499999839e+01,-2.887960299299999889e+01
1.201600600599999957e+01,-5.454272957700000291e+01,-3.910907926699999848e+01,-3.199167933200000036e+01,-2.732459718000000137e+01,-2.691136968800000062e+01
1.203601601599999960e+01,-3.390123798599999816e+01,-3.991616647800000095e+01,-3.536035769499999759e+01,-2.925822670200000175e+01,-2.953237747700000071e+01
1.205602602599999962e+01,-3.937406892500000311e+01,-3.722908313399999969e+01,-3.544226292999999828e+01,-2.853164934500000172e+01,-2.921402043000000148e+01
1.207603603599999964e+01,-4.404299610900000062e+01,-3.251641219500000091e+01,-3.450486131699999959e+01,-2.890115498799999827e+01,-2.426291029100000074e+01
1.209604604599999966e+01,-4.150280438000000061e+01,-3.578689405099999732e+01,-3.320062682999999737e+01,-3.014306320400000061e+01,-2.940053057100000089e+01
1.211605605599999969e+01,-3.256434789600000101e+01,-4.868884587299999822e+01,-3.407379045100000070e+01,-2.913964637600000174e+01,-2.848718375600000030e+01
1.213606606599999971e+01,-3.497848624099999881e+01,-4.027988397800000087e+01,-3.577676989100000071e+01,-2.814800104500000089e+01,-2.775427068899999838e+01
1.215607607599999973e+01,-3.998097548999999873e+01,-3.627423222400000213e+01,-3.353797120400000153e+01,-2.804388616099999965e+01,-2.956215626199999846e+01
1.217608608599999975e+01,-3.892519859400000115e+01,-3.521504943899999773e+01,-3.217830644099999660e+01,-2.951221354200000135e+01,-2.847547945999999897e+01
1.219609609599999978e+01,-4.132578429000000142e+01,-3.814000023100000192e+01,-3.294588431700000086e+01,-2.901701037600000177e+01,-3.062605654600000094e+01
1.221610610599999980e+01,-3.381727429800000095e+01,-5.031322820799999818e+01,-3.287520739200000008e+01,-2.869808678800000123e+01,-2.904008668899999890e+01
1.223611611599999982e+01,-3.650067749499999792e+01,-3.750977303399999840e+01,-3.249685410499999705e+01,-2.932305775700000083e+01,-3.083343762200000171e+01
1.225612612599999984e+01,-3.140736421500000120e+01,-4.139863284799999832e+01,-3.330030266100000347e+01,-2.943278051400000095e+01,-3.058926736800000157e+01
1.227613613599999987e+01,-3.486960599100000024e+01,-4.210255072399999676e+01,-2.975662878700000036e+01,-2.864625611199999966e+01,-2.839371703699999827e+01
1.229614614599999989e+01,-3.795857596300000125e+01,-3.348602109899999846e+01,-3.325294510500000200e+01,-2.822419984800000137e+01,-3.026076288799999858e+01
1.231615615599999991e+01,-4.029879971799999794e+01,-3.753373005699999965e+01,-2.927642981199999994e+01,-2.864303270799999979e+01,-3.070625273699999980e+01
1.233616616599999993e+01,-3.139821298100000035e+01,-4.742016088700000154e+01,-2.984997984700000018e+01,-2.809082000900000153e+01,-3.045889024599999928e+01
1.235617617599999996e+01,-3.042733531200000030e+01,-5.511715262999999965e+01,-3.059490169700000095e+01,-3.036274666999999994e+01,-3.218835420300000294e+01
1.237618618599999998e+01,-3.361637596399999950e+01,-5.995335571599999724e+01,-2.936078379099999935e+01,-3.118076561000000169e+01,-3.245947413900000100e+01
1.239619619600000000e+01,-4.386540743900000194e+01,-4.020988369100000170e+01,-3.064842129099999823e+01,-3.075524079599999894e+01,-2.921087101299999844e+01
1.241620620600000002e+01,-3.537939537799999812e+01,-3.579158912599999809e+01,-2.789437973900000145e+01,-3.096663389800000132e+01,-3.519085288400000167e+01
1.243621621600000005e+01,-3.188201282900000066e+01,-3.243099677699999717e+01,-3.080181168500000055e+01,-2.812337069799999867e+01,-3.095295149700000081e+01
1.245622622600000007e+01,-3.646567057800000100e+01,-3.871575728999999910e+01,-3.119020528400000103e+01,-3.121473844599999836e+01,-3.131919828099999847e+01
1.247623623600000009e+01,-2.836503329299999976e+01,-3.268288163300000093e+01,-3.149834534800000085e+01,-2.946506607899999963e+01,-3.047754462700000033e+01
1.249624624600000011e+01,-2.979324431699999920e+01,-3.378859738700000293e+01,-3.106123625200000049e+01,-3.001205100399999992e+01,-2.808919442499999874e+01
1.251625625600000014e+01,-3.248927041599999654e+01,-2.925644628799999936e+01,-3.251954374900000033e+01,-2.994374493600000164e+01,-2.908422376800000109e+01
1.253626626600000016e+01,-3.574018822800000095e+01,-3.766657216299999789e+01,-2.994828466499999919e+01,-2.889102154200000072e+01,-2.862504882800000061e+01
1.255627627600000018e+01,-4.117271645400000324e+01,-3.229503705799999835e+01,-3.763847046200000079e+01,-2.705762252899999964e+01,-2.753136775300000139e+01
1.257628628600000020e+01,-2.822583447899999953e+01,-3.991913318000000288e+01,-3.360172265900000355e+01,-2.789451898500000127e+01,-2.613881007000000167e+01
1.259629629600000023e+01,-3.021174123500000164e+01,-3.295047133399999950e+01,-3.260263879299999701e+01,-2.793224901700000018e+01,-2.652558045099999973e+01
1.261630630600000025e+01,-4.248700466700000078e+01,-4.196000018499999840e+01,-4.181179015200000038e+01,-2.702482768500000176e+01,-2.847434047500000176e+01
1.263631631600000027e+01,-3.143851831799999985e+01,-3.596353678300000212e+01,-3.319057171200000056e+01,-2.782276700899999966e+01,-2.659775910600000159e+01
1.265632632600000029e+01,-3.536185184099999645e+01,-3.496754746300000249e+01,-3.472230031299999808e+01,-2.888411145999999974e+01,-2.766531264900000053e+01
1.267633633600000032e+01,-3.067507906199999823e+01,-4.188754422800000299e+01,-3.898824082099999799e+01,-2.816765400899999960e+01,-2.952017144999999942e+01
1.269634634600000034e+01,-3.790930883000000051e+01,-3.152801978400000138e+01,-3.504741693900000143e+01,-2.841075973099999885e+01,-2.894973920199999995e+01
1.271635635600000036e+01,-3.708930256200000031e+01,-3.431364278899999931e+01,-3.623744278200000224e+01,-2.951927207099999961e+01,-2.669825485000000143e+01
1.273636636600000038e+01,-2.856084203800000054e+01,-3.268516988999999739e+01,-3.361555438399999929e+01,-2.889126711600000164e+01,-2.821240508900000066e+01
1.275637637600000041e+01,-3.005343896200000131e+01,-3.436123875199999844e+01,-3.558560268499999779e+01,-2.934911581200000086e+01,-3.083010432500000064e+01
1.277638638600000043e+01,-3.727923161900000082e+01,-3.333265720800000054e+01,-3.821469462099999959e+01,-2.880019505299999949e+01,-3.029575990600000068e+01
1.279639639600000045e+01,-3.666998897599999907e+01,-4.108512387199999694e+01,-3.487324244900000281e+01,-2.765539914800000076e+01,-3.298039655699999884e+01
1.281640640600000047e+01,-2.893630125099999972e+01,-3.118172593399999926e+01,-3.971278233200000329e+01,-2.832289481800000175e+01,-3.254356288900000038e+01
1.283641641600000050e+01,-3.958118375699999802e+01,-3.224967166199999724e+01,-3.943784803300000164e+01,-3.041719702099999978e+01,-3.573858388800000085e+01
1.285642642600000052e+01,-3.330923573599999798e+01,-3.382314524699999936e+01,-3.533141362700000343e+01,-3.026729101000000099e+01,-5.042286393900000263e+01
1.287643643600000054e+01,-3.263975340399999681e+01,-5.396561689600000022e+01,-3.773921292499999680e+01,-2.983086824600000142e+01,-3.588517402000000089e+01
1.289644644600000056e+01,-3.614124409600000121e+01,-4.059359949099999909e+01,-3.785531390999999957e+01,-3.282320153799999929e+01,-3.980618070500000272e+01
1.291645645600000059e+01,-4.450392902299999776e+01,-3.481018556699999777e+01,-3.577657404200000002e+01,-3.344159760400000181e+01,-3.861869035400000172e+01
1.293646646600000061e+01,-3.359872246599999812e+01,-3.667665402200000102e+01,-3.472655713099999986e+01,-2.987984643500000104e+01,-4.059462542800000051e+01
1.295647647600000063e+01,-4.048061453599999737e+01,-3.262817236299999735e+01,-4.207229669899999891e+01,-3.125582248599999957e+01,-3.406618212299999726e+01
1.297648648600000065e+01,-3.788676096199999677e+01,-4.885356566899999819e+01,-4.037901876400000134e+01,-3.697609502600000297e+01,-3.721122474199999886e+01
1.299649649600000068e+01,-4.385522100200000040e+01,-3.921639040800000231e+01,-3.646438839999999715e+01,-3.435424798100000032e+01,-3.330508694000000247e+01
1.301650650700000078e+01,-4.223966537799999799e+01,-3.269864547200000260e+01,-5.585383959100000340e+01,-3.599921674200000155e+01,-3.203077949600000096e+01
1.303651651700000080e+01,-4.266443350400000156e+01,-5.427446467699999744e+01,-3.575637767399999944e+01,-3.536989763100000062e+01,-3.056701005100000046e+01
1.305652652700000083e+01,-3.387439503899999949e+01,-3.158785463899999968e+01,-3.740984433700000267e+01,-3.430554985799999912e+01,-3.050036741599999957e+01
1.307653653700000085e+01,-3.941569763599999732e+01,-3.269311516799999850e+01,-3.858193915900000093e+01,-3.107651666699999993e+01,-3.013891685700000167e+01
1.309654654700000087e+01,-4.120680098999999785e+01,-4.051407113799999848e+01,-3.501591128599999792e+01,-3.617183957099999958e+01,-3.092321205700000064e+01
1.311655655699999912e+01,-3.681952778299999807e+01,-3.133134595599999983e+01,-3.648051438699999949e+01,-3.635165020600000219e+01,-3.136177283299999985e+01
1.313656656699999914e+01,-3.632190678500000303e+01,-3.621381701899999683e+01,-3.365722090900000296e+01,-3.718991130799999922e+01,-3.103040985100000171e+01
1.315657657699999916e+01,-4.236709084999999675e+01,-4.453298986899999790e+01,-3.908927838599999660e+01,-3.655817657400000087e+01,-3.326823562500000264e+01
1.317658658699999918e+01,-3.553442755799999730e+01,-3.707143173899999766e+01,-4.241302795299999673e+01,-3.702468303300000230e+01,-2.976798641399999923e+01
1.319659659699999921e+01,-5.582697179299999846e+01,-3.081951659499999963e+01,-4.056005711200000263e+01,-4.051014768200000304e+01,-2.998387100500000102e+01
1.321660660699999923e+01,-4.369073736299999666e+01,-4.003152287000000342e+01,-4.024491307400000295e+01,-3.784712327999999815e+01,-2.936789475400000171e+01
1.323661661699999925e+01,-4.896575541800000053e+01,-4.075620716000000243e+01,-3.574640527799999745e+01,-3.595354067099999895e+01,-3.305146609700000226e+01
1.325662662699999927e+01,-3.851585902200000078e+01,-3.653020125399999785e+01,-3.952970144700000077e+01,-3.886264526600000124e+01,-3.538069343000000089e+01
1.327663663699999930e+01,-3.573649984899999765e+01,-3.866340472400000294e+01,-5.190286508100000162e+01,-3.773789085699999646e+01,-3.463620079999999746e+01
1.329664664699999932e+01,-2.914592684100000142e+01,-3.083471710399999921e+01,-3.420962663299999917e+01,-3.380419830400000336e+01,-3.196685453299999935e+01
1.331665665699999934e+01,-3.747922924600000272e+01,-3.207481003600000236e+01,-4.617794787599999751e+01,-3.916989157799999788e+01,-3.184112513099999831e+01
1.333666666699999936e+01,-3.805269207100000273e+01,-4.814747567999999944e+01,-3.691408970700000225e+01,-3.749133726200000183e+01,-3.433143146599999795e+01
1.335667667699999939e+01,-4.025144178600000089e+01,-4.399466632499999719e+01,-4.078577846599999646e+01,-4.484395240700000329e+01,-3.591189097699999877e+01
1.337668668699999941e+01,-3.389790723600000177e+01,-4.986787560500000183e+01,-3.685485100300000028e+01,-3.311820519799999829e+01,-3.276784578000000181e+01
1.339669669699999943e+01,-3.924275582899999648e+01,-4.496179535699999974e+01,-3.735748407599999865e+01,-3.561230306600000262e+01,-3.191804688299999881e+01
1.341670670699999945e+01,-3.434069927800000244e+01,-3.642389694900000308e+01,-3.417107398099999926e+01,-3.474324877000000100e+01,-3.321355461899999995e+01
1.343671671699999948e+01,-4.967422379399999954e+01,-3.477862201100000306e+01,-4.072130222300000213e+01,-3.080836882999999915e+01,-3.359048413400000044e+01
1.345672672699999950e+01,-4.338867307699999998e+01,-3.660940973000000298e+01,-3.290419199699999808e+01,-3.514701508200000291e+01,-3.512004079599999784e+01
1.347673673699999952e+01,-4.186223006099999822e+01,-4.351010823400000049e+01,-3.848290804500000206e+01,-3.334042784399999704e+01,-3.188188371300000057e+01
1.349674674699999954e+01,-3.467856939800000049e+01,-3.866753451699999999e+01,-3.407468895400000264e+01,-3.391838142600000339e+01,-3.553472902200000050e+01
1.351675675699999957e+01,-3.997216239200000132e+01,-4.833898818000000119e+01,-3.290182830700000238e+01,-3.273785905399999763e+01,-4.002203762999999981e+01
1.353676676699999959e+01,-3.879093464900000043e+01,-3.695036585700000131e+01,-3.310760808199999872e+01,-3.446041010100000079e+01,-3.313819425300000177e+01
1.355677677699999961e+01,-3.194680064499999972e+01,-3.803680710399999754e+01,-3.377805438899999757e+01,-3.597636369599999995e+01,-4.687572873700000287e+01
1.357678678699999963e+01,-3.353048098600000060e+01,-3.960147011699999808e+01,-2.858384700999999950e+01,-3.441201781899999901e+01,-3.350878643499999754e+01
1.359679679699999966e+01,-3.316702048799999858e+01,-3.679451956700000181e+01,-3.268823826999999937e+01,-3.495275907100000268e+01,-3.894428106000000156e+01
1.361680680699999968e+01,-3.344283861899999977e+01,-3.140038864799999985e+01,-3.162747406500000125e+01,-3.595765974799999753e+01,-4.031825435399999691e+01
1.363681681699999970e+01,-3.822249924100000129e+01,-3.239750157499999972e+01,-2.976458544799999828e+01,-3.684070573999999709e+01,-3.859612423899999811e+01
1.365682682699999972e+01,-3.976433134500000222e+01,-3.467473065400000110e+01,-2.958766236900000024e+01,-4.414228721799999988e+01,-3.516396212499999763e+01
1.367683683699999975e+01,-4.662182483099999786e+01,-3.017936207700000040e+01,-3.134712151400000124e+01,-3.910346807999999896e+01,-3.754155006999999955e+01
1.369684684699999977e+01,-3.838951780299999683e+01,-3.491153009800000007e+01,-2.807461433399999962e+01,-3.641256960599999815e+01,-3.040143822199999946e+01
1.371685685699999979e+01,-2.994933153699999906e+01,-3.633480490299999843e+01,-2.995584688199999945e+01,-3.331952247400000289e+01,-3.805190301799999730e+01
1.373686686699999981e+01,-3.693733296999999993e+01,-4.384876100999999693e+01,-2.841903390499999915e+01,-3.437426171599999947e+01,-3.704606085199999654e+01
1.375687687699999984e+01,-3.778235450700000086e+01,-3.377402549399999998e+01,-3.033980780399999944e+01,-3.350124743100000302e+01,-3.377525615799999770e+01
1.377688688699999986e+01,-3.024203583799999961e+01,-3.035790035500000172e+01,-2.902429888800000057e+01,-3.249592567500000229e+01,-3.644467067800000137e+01
1.379689689699999988e+01,-3.876492113399999795e+01,-4.439785233599999970e+01,-2.902415741700000140e+01,-3.730046060800000163e+01,-4.285251158399999838e+01
1.381690690699999990e+01,-3.093251196199999953e+01,-4.028902149099999974e+01,-3.242711524500000309e+01,-3.301027565199999714e+01,-3.384309567599999724e+01
1.383691691699999993e+01,-3.678793146999999664e+01,-4.393840153099999668e+01,-3.189922826400000133e+01,-3.950953959499999968e+01,-3.917303625099999920e+01
1.385692692699999995e+01,-4.288178348699999987e+01,-4.538566844900000063e+01,-3.546483935399999865e+01,-3.229982536199999998e+01,-3.392222652699999941e+01
1.387693693699999997e+01,-4.055582638300000298e+01,-3.361658803000000262e+01,-3.164541339799999875e+01,-3.598384834600000204e+01,-3.524403195400000044e+01
1.389694694699999999e+01,-3.898865675999999780e+01,-3.871258338900000240e+01,-3.554468438100000327e+01,-3.733318525699999668e+01,-4.049727881799999807e+01
1.391695695700000002e+01,-3.491047955900000233e+01,-5.026816483300000016e+01,-3.161146258200000148e+01,-3.707443155400000023e+01,-3.248595233300000018e+01
1.393696696700000004e+01,-3.313879773299999698e+01,-3.270051911299999858e+01,-3.413528727900000348e+01,-3.695134904199999681e+01,-3.385757847600000048e+01
1.395697697700000006e+01,-3.877312112999999982e+01,-3.527057199000000054e+01,-3.365184935399999944e+01,-3.300243343199999657e+01,-4.319529537100000027e+01
1.397698698700000008e+01,-3.096781063699999947e+01,-4.013682717999999738e+01,-3.349531665899999666e+01,-3.295579896099999928e+01,-3.545656713300000007e+01
1.399699699700000011e+01,-5.085348975299999807e+01,-3.188607285699999849e+01,-3.108226799399999862e+01,-3.700206226899999962e+01,-4.193521773599999847e+01
1.401700700700000013e+01,-3.356049397599999651e+01,-4.472458445400000215e+01,-2.923620458999999983e+01,-3.237307269699999779e+01,-3.057652013499999910e+01
1.403701701700000015e+01,-4.915654965899999951e+01,-3.100784367099999983e+01,-3.193495844699999964e+01,-3.486777460599999756e+01,-3.701560227499999911e+01
1.405702702700000017e+01,-4.192191946300000183e+01,-3.668407760699999898e+01,-3.053888095800000002e+01,-3.049061201299999979e+01,-3.242624107200000338e+01
1.407703703700000020e+01,-3.693716892199999791e+01,-4.250451039699999711e+01,-3.164085157999999964e+01,-3.331000027700000032e+01,-4.517180779699999960e+01
1.409704704700000022e+01,-3.083044425199999949e+01,-3.698362734999999901e+01,-2.817242007700000173e+01,-3.113664274399999954e+01,-2.956916766599999846e+01
1.411705705700000024e+01,-4.051335192799999874e+01,-3.464050135200000113e+01,-2.825772247700000150e+01,-3.109019508500000128e+01,-3.489161579299999971e+01
1.413706706700000026e+01,-4.163513715300000229e+01,-3.724846921400000355e+01,-2.859322592599999879e+01,-3.179699409299999857e+01,-3.449334606800000103e+01
1.415707707700000029e+01,-3.130968947099999866e+01,-3.446927843899999999e+01,-2.727693434600000089e+01,-3.237255423599999915e+01,-3.942555705600000238e+01
1.417708708700000031e+01,-4.028640725199999650e+01,-4.549332288299999760e+01,-2.810641961500000008e+01,-3.554937094200000303e+01,-3.495596267100000176e+01
1.419709709700000033e+01,-5.052553003599999926e+01,-4.446211181900000042e+01,-2.644276748900000129e+01,-3.633359787199999857e+01,-3.301247249600000089e+01
1.421710710700000035e+01,-3.568087859500000292e+01,-3.528091030499999903e+01,-2.827008478300000149e+01,-3.324471326100000113e+01,-3.192432628399999928e+01
1.423711711700000038e+01,-3.716077325199999848e+01,-4.353306422200000014e+01,-2.808490158800000103e+01,-3.750668186400000081e+01,-3.133158989000000005e+01
1.425712712700000040e+01,-3.488238179900000091e+01,-4.031672622699999664e+01,-2.680710554399999879e+01,-3.498628602000000143e+01,-3.619244476899999796e+01
1.427713713700000042e+01,-3.490640678799999819e+01,-3.626706341799999933e+01,-2.958824852500000091e+01,-3.511482572700000304e+01,-3.561397068600000182e+01
1.429714714700000044e+01,-3.834940512699999715e+01,-4.343110916399999866e+01,-3.158480869999999996e+01,-3.061212155699999826e+01,-3.813029376699999773e+01
1.431715715700000047e+01,-4.046446991500000223e+01,-2.949981728899999922e+01,-2.877775784299999984e+01,-4.163968454799999819e+01,-3.262455795099999989e+01
1.433716716700000049e+01,-4.194778543700000029e+01,-4.050449272200000195e+01,-3.147355516200000025e+01,-3.506181354000000283e+01,-3.211293619500000318e+01
1.435717717700000051e+01,-3.077579650399999878e+01,-4.323060493700000251e+01,-3.291977150400000340e+01,-4.213100247799999920e+01,-3.265378558399999775e+01
1.437718718700000053e+01,-4.696382798799999847e+01,-4.307380282300000118e+01,-3.983046560700000072e+01,-3.823476015199999978e+01,-3.632893983400000337e+01
1.439719719700000056e+01,-3.624606389800000272e+01,-4.459412400400000109e+01,-3.718722261100000281e+01,-3.889027503199999813e+01,-3.528900394800000129e+01
1.441720720700000058e+01,-3.474717828499999683e+01,-3.812417759400000250e+01,-3.227400980200000191e+01,-3.609587245800000233e+01,-2.811421619000000049e+01
1.443721721700000060e+01,-2.794763139699999854e+01,-3.575150596299999961e+01,-3.138742677799999825e+01,-3.440585171000000031e+01,-3.057576080700000176e+01
1.445722722700000062e+01,-3.798101606299999844e+01,-3.589124537899999723e+01,-3.376718907600000108e+01,-4.120392369700000046e+01,-3.402904444499999670e+01
1.447723723700000065e+01,-3.920814547700000219e+01,-4.065224174299999760e+01,-5.100410504399999922e+01,-3.788770128899999889e+01,-3.424056265000000110e+01
1.449724724700000067e+01,-2.924428257099999939e+01,-3.201323450600000342e+01,-4.059280826599999870e+01,-4.290564524500000232e+01,-3.354741810600000207e+01
1.451725725700000069e+01,-3.407184457599999661e+01,-2.591034046100000054e+01,-3.485115024099999914e+01,-3.834785680099999894e+01,-3.279349052599999936e+01
1.453726726700000071e+01,-3.168626622100000034e+01,-5.208921869600000321e+01,-3.258025818200000145e+01,-5.201045269299999774e+01,-3.451790849799999705e+01
1.455727727700000074e+01,-3.249631494799999842e+01,-3.573517713399999707e+01,-3.816480924100000038e+01,-4.244303591799999964e+01,-3.406764901399999701e+01
1.457728728700000076e+01,-5.014550607200000343e+01,-2.961459954500000080e+01,-4.323697890399999721e+01,-4.226748997800000041e+01,-2.981145718400000177e+01
1.459729729700000078e+01,-3.373858099000000266e+01,-3.928473406900000242e+01,-3.590740104099999996e+01,-4.169738945499999971e+01,-4.790896922200000319e+01
1.461730730700000080e+01,-2.952190583000000146e+01,-3.946916452600000014e+01,-3.291459720999999661e+01,-4.759957948899999991e+01,-4.172449655199999796e+01
1.463731731700000083e+01,-4.699258817100000130e+01,-3.124650460399999830e+01,-3.589904756800000030e+01,-5.327852787999999862e+01,-4.605124776699999956e+01
1.465732732700000085e+01,-3.804274518999999799e+01,-3.324259046600000289e+01,-3.582528986500000201e+01,-3.760829909299999940e+01,-3.581826662000000283e+01
1.467733733700000087e+01,-2.974843058300000109e+01,-3.834565153399999815e+01,-2.990159085999999888e+01,-3.880472389399999855e+01,-3.196202267800000030e+01
1.469734734699999912e+01,-2.691869707200000050e+01,-4.550885601499999922e+01,-4.172682452800000164e+01,-3.466574046800000275e+01,-3.402906170600000024e+01
1.471735735699999914e+01,-4.722360092699999967e+01,-3.867569872899999694e+01,-3.447299120800000338e+01,-3.534317784400000306e+01,-4.215274381300000073e+01
1.473736736699999916e+01,-3.578299110599999722e+01,-2.943107330599999827e+01,-2.983199069499999823e+01,-3.492498244800000151e+01,-4.609603768499999887e+01
1.475737737699999919e+01,-3.376195551699999697e+01,-3.166046254100000112e+01,-4.639006103799999892e+01,-3.352335787300000192e+01,-4.027504897600000078e+01
1.477738738699999921e+01,-2.916505876300000111e+01,-3.964726561999999888e+01,-3.316121612300000265e+01,-3.641596117299999946e+01,-3.681296093299999939e+01
1.479739739699999923e+01,-4.855947450699999735e+01,-4.384295961499999805e+01,-3.559966191400000213e+01,-4.289661546399999992e+01,-3.281112088500000112e+01
1.481740740699999925e+01,-3.601665740899999690e+01,-5.131566928899999880e+01,-2.981589682999999980e+01,-3.852093982600000288e+01,-4.047060014099999847e+01
1.483741741699999928e+01,-3.669029508199999867e+01,-2.984709775800000031e+01,-3.795075605899999971e+01,-4.943177800099999786e+01,-4.466750144099999886e+01
1.485742742699999930e+01,-3.499537080399999667e+01,-4.305564964399999894e+01,-3.202338517199999757e+01,-3.408845321900000158e+01,-3.480733988200000084e+01
1.487743743699999932e+01,-3.237799707199999943e+01,-3.033225689700000061e+01,-3.009209174000000075e+01,-3.581661521000000192e+01,-3.509690748700000285e+01
1.489744744699999934e+01,-2.863514287699999983e+01,-4.851228494200000085e+01,-3.066411627500000137e+01,-4.277792201399999783e+01,-2.952543381999999994e+01
1.491745745699999937e+01,-3.612874363400000277e+01,-3.172021816299999841e+01,-2.755532029000000094e+01,-3.451293140500000334e+01,-3.384268622399999771e+01
1.493746746699999939e+01,-3.840915063100000282e+01,-3.744701837600000260e+01,-2.937108735500000023e+01,-3.796155209599999836e+01,-2.766737973900000114e+01
1.495747747699999941e+01,-5.113162407000000087e+01,-3.048356705200000150e+01,-2.753760484900000094e+01,-4.875074081199999654e+01,-2.764509241400000050e+01
1.497748748699999943e+01,-3.232948405799999847e+01,-3.224780105600000013e+01,-3.121123876200000069e+01,-3.810333859299999659e+01,-3.118621885399999982e+01
1.499749749699999946e+01,-3.802499277599999772e+01,-3.544395698299999964e+01,-2.685569684500000065e+01,-3.626635179800000230e+01,-2.851068618000000043e+01
1.501750750799999956e+01,-3.596933857999999873e+01,-3.632450651999999991e+01,-2.769023809500000155e+01,-4.163446281000000226e+01,-3.053677041799999969e+01
1.503751751799999958e+01,-2.935579906099999903e+01,-3.130282456600000174e+01,-2.645267589599999880e+01,-3.680604486200000025e+01,-3.324495219599999984e+01
1.505752752799999961e+01,-3.677370116200000183e+01,-3.946918346100000008e+01,-2.638695645299999981e+01,-4.309807818499999854e+01,-3.175468784599999950e+01
1.507753753799999963e+01,-2.968522588200000101e+01,-2.915342533100000111e+01,-2.555337367299999940e+01,-5.178182755299999940e+01,-2.880502811199999869e+01
1.509754754799999965e+01,-3.870726848599999670e+01,-3.747698953999999816e+01,-2.856217332800000008e+01,-3.778997568399999807e+01,-2.564221684199999984e+01
1.511755755799999967e+01,-3.214049160900000146e+01,-2.842285682600000030e+01,-2.607009511400000079e+01,-4.787751240000000053e+01,-3.246764478899999773e+01
1.513756756799999970e+01,-3.952368382699999927e+01,-4.252998884299999816e+01,-2.434547995899999862e+01,-4.368701435999999916e+01,-2.579754370999999935e+01
1.515757757799999972e+01,-3.493521972500000317e+01,-3.384003808700000349e+01,-2.681540550200000084e+01,-4.238058724700000113e+01,-2.701764616499999860e+01
1.517758758799999974e+01,-3.047352944500000049e+01,-3.243411576500000137e+01,-2.177947131199999831e+01,-5.041082981400000307e+01,-2.624574961700000131e+01
1.519759759799999976e+01,-5.028918873399999967e+01,-3.082819655500000167e+01,-2.423480683600000063e+01,-4.473987879300000259e+01,-2.501386241299999824e+01
1.521760760799999979e+01,-3.055072934900000092e+01,-3.838200240199999769e+01,-2.501442535500000020e+01,-3.704343213899999654e+01,-3.108540193500000015e+01
1.523761761799999981e+01,-3.408446938099999812e+01,-4.385915890999999789e+01,-2.382115559900000079e+01,-5.481322872300000171e+01,-2.548482610299999962e+01
1.525762762799999983e+01,-3.274567684099999809e+01,-2.431411520400000015e+01,-2.456658469399999944e+01,-4.427965044900000180e+01,-2.424025558900000021e+01
1.527763763799999985e+01,-3.474909501900000208e+01,-2.925149369400000054e+01,-2.287870608900000136e+01,-3.199970502400000072e+01,-2.556149132999999907e+01
1.529764764799999988e+01,-3.368386505499999828e+01,-3.172204437099999907e+01,-2.832027339900000129e+01,-3.784940836999999902e+01,-2.554305774999999912e+01
1.531765765799999990e+01,-3.923087457100000108e+01,-3.258883865899999677e+01,-2.517694719800000058e+01,-3.932491827700000186e+01,-2.148022885600000009e+01
1.533766766799999992e+01,-3.826346761500000326e+01,-4.388994588399999941e+01,-2.804797861699999828e+01,-3.941912506100000257e+01,-2.669561146599999901e+01
1.535767767799999994e+01,-3.813541099100000054e+01,-2.595874185299999937e+01,-2.858570163599999958e+01,-4.115168809899999758e+01,-2.730057718500000163e+01
1.537768768799999997e+01,-3.427718032300000317e+01,-3.768217960799999844e+01,-2.712341698699999881e+01,-5.121638468300000113e+01,-2.633680558900000079e+01
1.539769769799999999e+01,-2.929431241300000011e+01,-5.442513189400000329e+01,-2.947823167299999980e+01,-3.443797960300000227e+01,-2.799693888399999864e+01
1.541770770800000001e+01,-3.510544879999999779e+01,-3.719432675800000254e+01,-2.630450782100000140e+01,-3.449334471299999905e+01,-2.718123888999999949e+01
1.543771771800000003e+01,-3.235470312700000051e+01,-3.978691337299999731e+01,-3.016394224600000129e+01,-3.521358792800000259e+01,-2.734143429399999903e+01
1.545772772800000006e+01,-2.724833690699999877e+01,-3.004211970800000131e+01,-2.757137909200000081e+01,-3.812835586900000351e+01,-2.722995075800000109e+01
1.547773773800000008e+01,-3.703420266599999877e+01,-4.031362604499999946e+01,-2.724260036300000110e+01,-3.451932092799999907e+01,-3.028794735399999993e+01
1.549774774800000010e+01,-3.335533331100000254e+01,-4.532756755100000134e+01,-3.016001280000000051e+01,-3.483512094700000006e+01,-2.809973929299999895e+01
1.551775775800000012e+01,-3.844466519000000204e+01,-3.642526273800000070e+01,-2.650680461299999990e+01,-4.282033567500000260e+01,-3.165781474299999942e+01
1.553776776800000015e+01,-3.721613211199999682e+01,-3.859230256400000059e+01,-2.911868104499999887e+01,-4.143026919700000121e+01,-3.432960741600000176e+01
1.555777777800000017e+01,-2.493015066699999949e+01,-3.090678165699999980e+01,-3.120579760300000061e+01,-4.675367257199999926e+01,-2.961479230200000146e+01
1.557778778800000019e+01,-2.997078225299999943e+01,-3.776606175599999915e+01,-3.125509134700000047e+01,-4.570711021299999999e+01,-2.768755062400000000e+01
1.559779779800000021e+01,-3.686789335499999964e+01,-3.389299011100000314e+01,-3.038492884100000069e+01,-3.901661229900000194e+01,-3.994492553900000331e+01
1.561780780800000024e+01,-2.607499760400000000e+01,-3.709932314099999928e+01,-2.902255768499999888e+01,-3.599106087500000228e+01,-3.094398817200000096e+01
1.563781781800000026e+01,-4.725466146899999842e+01,-4.515394345699999690e+01,-3.132433634199999872e+01,-3.532843596699999722e+01,-2.650426124299999842e+01
1.565782782800000028e+01,-3.568590609299999983e+01,-3.390180046700000105e+01,-2.665138133800000020e+01,-3.861255864799999671e+01,-3.349823686900000297e+01
1.567783783800000030e+01,-3.089190565699999880e+01,-4.017790795799999870e+01,-2.748153002800000166e+01,-3.668480132100000191e+01,-2.898157016400000074e+01
1.569784784800000033e+01,-3.094419813300000044e+01,-3.664401171000000090e+01,-3.025673262200000124e+01,-3.376642072500000324e+01,-2.470384464700000038e+01
1.571785785800000035e+01,-3.038233166199999857e+01,-3.354581261900000300e+01,-2.810050923200000028e+01,-3.743039145499999876e+01,-2.950624491199999966e+01
1.573786786800000037e+01,-3.063924910200000085e+01,-3.613634248799999682e+01,-2.971562792199999947e+01,-3.750046731599999816e+01,-2.864103001999999876e+01
1.575787787800000039e+01,-3.340097695600000094e+01,-2.729736193900000174e+01,-2.575856076699999875e+01,-3.515196789600000216e+01,-3.195953122299999904e+01
1.577788788800000042e+01,-3.732375590400000220e+01,-3.758172722599999815e+01,-2.865019020700000141e+01,-3.437041980200000069e+01,-2.885734397499999915e+01
1.579789789800000044e+01,-3.016259092499999994e+01,-4.374219326600000102e+01,-2.823546882699999827e+01,-4.242151409299999898e+01,-2.698600124900000097e+01
1.581790790800000046e+01,-3.607454424800000226e+01,-4.106771485699999857e+01,-2.758657545299999825e+01,-3.072655296900000010e+01,-2.819955256900000151e+01
1.583791791800000048e+01,-3.937303364200000289e+01,-3.524215672100000063e+01,-2.601415236800000130e+01,-3.489719313700000214e+01,-2.806082405000000080e+01
1.585792792800000051e+01,-2.857838243100000142e+01,-3.472588320100000203e+01,-2.425388440400000079e+01,-3.818203344100000152e+01,-2.699575823200000002e+01
1.587793793800000053e+01,-3.394997293899999846e+01,-3.629023720699999700e+01,-2.971059813100000113e+01,-3.113991273399999926e+01,-2.591251940800000142e+01
1.589794794800000055e+01,-3.014918968899999996e+01,-4.419094120199999765e+01,-2.880198504099999823e+01,-3.364390034899999904e+01,-2.826745527099999933e+01
1.591795795800000057e+01,-2.965689177899999862e+01,-3.887996996900000113e+01,-2.574847233199999863e+01,-3.243444088500000078e+01,-2.612801180900000020e+01
1.593796796800000060e+01,-3.593264641599999720e+01,-2.748501954600000019e+01,-2.429886661400000136e+01,-3.609299972400000200e+01,-2.334491189799999944e+01
1.595797797800000062e+01,-3.102853108500000090e+01,-4.219843401300000352e+01,-2.461107892200000080e+01,-3.003672959400000053e+01,-2.468605223899999856e+01
1.597798798800000064e+01,-2.836536685200000107e+01,-3.520913460999999955e+01,-2.933323996900000097e+01,-3.412588865099999680e+01,-3.052825545800000029e+01
1.599799799800000066e+01,-4.102243983500000013e+01,-2.818342675899999961e+01,-2.341727946600000010e+01,-3.828614216199999731e+01,-2.939984631500000134e+01
1.601800800799999891e+01,-1.974867071099999905e+01,-2.889496118099999933e+01,-2.442675216299999974e+01,-3.196586557499999870e+01,-2.995740305500000034e+01
1.603801801799999893e+01,-2.331401092200000136e+01,-3.688856819699999789e+01,-2.522003066699999962e+01,-2.838000756899999999e+01,-2.553441212499999935e+01
1.605802802799999895e+01,-4.489878173700000019e+01,-4.446906362099999654e+01,-2.450928760100000048e+01,-3.142247360700000058e+01,-2.764277375500000034e+01
1.607803803799999898e+01,-3.486027533600000083e+01,-3.073244180100000023e+01,-2.358232826500000101e+01,-2.955728641400000001e+01,-3.152417483500000017e+01
1.609804804799999900e+01,-2.883615079200000153e+01,-2.963921168299999920e+01,-2.508759016000000130e+01,-3.137517236000000054e+01,-2.759470764399999965e+01
1.611805805799999902e+01,-3.340490329400000036e+01,-2.566853804999999866e+01,-2.746790357800000137e+01,-4.363118306700000204e+01,-2.767168686400000155e+01
1.613806806799999904e+01,-4.345461262300000271e+01,-4.176950402899999659e+01,-2.174136819399999965e+01,-6.278614560799999822e+01,-3.159704245400000033e+01
1.615807807799999907e+01,-4.086301097399999804e+01,-3.027857283399999844e+01,-2.355681737900000172e+01,-3.316727462800000126e+01,-3.134825782800000127e+01
1.617808808799999909e+01,-2.978170585799999870e+01,-3.658885791000000154e+01,-2.342305485400000009e+01,-5.005248200900000199e+01,-2.892148667300000042e+01
1.619809809799999911e+01,-2.513329169100000016e+01,-3.489873671600000193e+01,-2.724392981900000166e+01,-2.789559822300000036e+01,-3.086783774499999922e+01
1.621810810799999913e+01,-2.536241277899999957e+01,-3.358320941000000204e+01,-2.307381806200000085e+01,-3.314868777699999924e+01,-2.552685874899999874e+01
1.623811811799999916e+01,-3.797880395399999998e+01,-4.103943656900000292e+01,-2.482408815399999824e+01,-3.384315018499999894e+01,-2.844851877500000015e+01
1.625812812799999918e+01,-3.255457842100000221e+01,-2.915919472299999882e+01,-2.494866446600000032e+01,-3.228657724800000040e+01,-2.760244865399999981e+01
1.627813813799999920e+01,-3.573493245499999915e+01,-6.512736943000000167e+01,-2.721062471200000132e+01,-3.865099550600000100e+01,-2.422433068100000142e+01
1.629814814799999922e+01,-3.152439070200000160e+01,-3.614952167300000241e+01,-2.918527626199999858e+01,-3.949269335200000342e+01,-2.374450970899999902e+01
1.631815815799999925e+01,-3.132884196299999857e+01,-3.961906867799999787e+01,-2.601886138900000134e+01,-4.229874480299999817e+01,-2.242603539399999946e+01
1.633816816799999927e+01,-3.643160518300000206e+01,-3.661020387300000323e+01,-2.967199074099999834e+01,-3.309114492500000182e+01,-2.639120508499999929e+01
1.635817817799999929e+01,-4.013117832500000048e+01,-2.889533534199999920e+01,-2.985180391500000141e+01,-3.305274157899999921e+01,-2.678789792399999925e+01
1.637818818799999931e+01,-2.793525569699999878e+01,-5.046272535699999651e+01,-2.938642059800000084e+01,-3.516400559000000214e+01,-2.655244333699999970e+01
1.639819819799999934e+01,-3.954554165700000112e+01,-3.144054022099999912e+01,-2.928617196000000078e+01,-3.536193658599999878e+01,-2.589868540200000169e+01
1.641820820799999936e+01,-2.996152563100000066e+01,-2.541188320799999900e+01,-3.414315608399999746e+01,-3.471872516599999869e+01,-2.379223702199999835e+01
1.643821821799999938e+01,-2.686188889599999996e+01,-3.304526227800000271e+01,-3.094405876000000077e+01,-4.103935677500000168e+01,-2.133755873400000169e+01
1.645822822799999940e+01,-2.525343768800000177e+01,-3.767691372499999858e+01,-2.741182838699999991e+01,-3.108539354199999849e+01,-2.542993353900000031e+01
1.647823823799999943e+01,-3.097753367500000010e+01,-3.560839934999999912e+01,-2.750717222899999825e+01,-3.178614203400000093e+01,-3.114216552699999951e+01
1.649824824799999945e+01,-2.452535308899999933e+01,-2.900579801499999988e+01,-2.537375005000000172e+01,-3.218472458299999772e+01,-2.227347371400000142e+01
1.651825825799999947e+01,-3.235532475699999821e+01,-4.431514893399999977e+01,-2.575916887900000063e+01,-3.314344407400000136e+01,-2.119869495100000023e+01
1.653826826799999949e+01,-4.335137242399999735e+01,-2.772477986999999899e+01,-3.312497608399999649e+01,-3.472598683999999736e+01,-1.979399167400000081e+01
1.655827827799999952e+01,-4.288466847400000148e+01,-3.338132467100000156e+01,-2.906471144200000012e+01,-3.345362961000000013e+01,-2.483663203700000111e+01
1.657828828799999954e+01,-2.605137822000000014e+01,-3.085736354799999859e+01,-2.801372227199999898e+01,-3.684819964399999748e+01,-2.454497005200000004e+01
1.659829829799999956e+01,-2.390471586600000009e+01,-3.954924490100000156e+01,-2.842554646500000004e+01,-3.683330025800000129e+01,-2.360438035199999973e+01
1.661830830799999958e+01,-3.615452530000000309e+01,-3.999851603399999789e+01,-2.587075237899999891e+01,-3.879796799799999718e+01,-2.163074171099999887e+01
1.663831831799999961e+01,-3.187082490999999962e+01,-2.858467281000000071e+01,-3.532955392299999886e+01,-3.296701894299999935e+01,-2.487523226600000115e+01
1.665832832799999963e+01,-3.273781955599999804e+01,-4.305918259300000273e+01,-3.181785952699999953e+01,-3.109484233599999925e+01,-2.506107016200000004e+01
1.667833833799999965e+01,-2.914830690899999865e+01,-3.163111403999999993e+01,-3.168776510500000043e+01,-3.506449553800000274e+01,-2.257907032600000008e+01
1.669834834799999967e+01,-2.600942799899999969e+01,-2.391295691399999868e+01,-2.952142311900000138e+01,-3.314950909200000240e+01,-2.204049846299999871e+01
1.671835835799999970e+01,-3.457245467999999988e+01,-3.230774036100000046e+01,-2.793195006799999902e+01,-3.450756184600000154e+01,-2.533530026300000060e+01
1.673836836799999972e+01,-2.934311473400000025e+01,-3.788356178200000102e+01,-3.278408125699999687e+01,-3.506553728299999761e+01,-2.742132694900000089e+01
1.675837837799999974e+01,-2.302261832699999999e+01,-2.397981009400000119e+01,-2.985440366499999953e+01,-3.167969839499999907e+01,-2.162283091400000146e+01
1.677838838799999976e+01,-2.860097522899999944e+01,-3.706164649600000160e+01,-3.559974305200000089e+01,-3.354999221300000301e+01,-2.328806389200000027e+01
1.679839839799999979e+01,-3.308511104699999805e+01,-2.691303090999999981e+01,-2.713613427299999969e+01,-3.455299299200000007e+01,-2.457694970600000062e+01
1.681840840799999981e+01,-3.014977587799999981e+01,-3.205721928300000201e+01,-2.635472219000000038e+01,-3.869065886799999987e+01,-2.607319846100000049e+01
1.683841841799999983e+01,-2.182003583499999877e+01,-3.447700607899999881e+01,-2.895704256699999846e+01,-3.234567743299999876e+01,-2.222516300199999861e+01
1.685842842799999985e+01,-2.098980549299999865e+01,-4.579338474400000081e+01,-2.692275995299999991e+01,-3.029494743600000106e+01,-1.904704946900000095e+01
1.687843843799999988e+01,-3.056851889100000008e+01,-5.106368875900000148e+01,-2.951354541199999915e+01,-3.747372937899999812e+01,-2.088549281299999905e+01
1.689844844799999990e+01,-3.986090334299999682e+01,-3.267795086200000299e+01,-2.523701937299999898e+01,-3.637602134099999773e+01,-1.904366285000000047e+01
1.691845845799999992e+01,-3.313700046299999968e+01,-3.369224679900000297e+01,-2.845887025800000103e+01,-3.438229896899999716e+01,-2.569688946999999857e+01
1.693846846799999994e+01,-2.187774914199999898e+01,-3.366368555799999740e+01,-2.734431912999999881e+01,-2.562059847000000090e+01,-2.387505174800000063e+01
1.695847847799999997e+01,-2.709485580699999829e+01,-2.854610832799999898e+01,-2.864167468699999830e+01,-2.755622607000000102e+01,-1.795406308000000095e+01
1.697848848799999999e+01,-2.211585275099999848e+01,-3.878417838200000034e+01,-2.693812647100000035e+01,-2.913662278099999980e+01,-2.612241867599999878e+01
1.699849849800000001e+01,-3.258494065699999709e+01,-2.921820454499999897e+01,-2.165620150699999868e+01,-2.803181405400000159e+01,-2.709494384599999961e+01
1.701850850900000012e+01,-1.770424431200000015e+01,-5.620476941100000090e+01,-2.810353548899999865e+01,-3.486793311600000322e+01,-2.362525729800000107e+01
1.703851851900000014e+01,-2.986983267000000097e+01,-3.605534434700000190e+01,-2.567823956399999830e+01,-2.493225872500000051e+01,-1.895948330999999953e+01
1.705852852900000016e+01,-4.316779423799999904e+01,-3.905166665600000186e+01,-2.596546063799999970e+01,-3.797592954899999995e+01,-1.932490210099999928e+01
1.707853853900000018e+01,-2.806895231300000049e+01,-3.484975792000000183e+01,-2.512183202199999954e+01,-3.587169599700000333e+01,-2.432552630800000060e+01
1.709854854900000021e+01,-3.351980715500000230e+01,-3.339165089899999828e+01,-2.664248734699999943e+01,-2.601603951699999939e+01,-2.126392603700000095e+01
1.711855855900000023e+01,-3.306363786800000071e+01,-3.441214456200000171e+01,-2.281845979599999907e+01,-3.001492210700000030e+01,-2.203755320100000148e+01
1.713856856900000025e+01,-4.485375057200000271e+01,-3.818769700000000000e+01,-2.700870035599999852e+01,-2.802377720999999866e+01,-2.297261148600000169e+01
1.715857857900000027e+01,-2.832258030499999890e+01,-3.973039423699999872e+01,-3.039316769399999885e+01,-3.026507176499999829e+01,-2.439151738400000013e+01
1.717858858900000030e+01,-3.477566234700000081e+01,-3.476811870899999946e+01,-2.351755856100000130e+01,-2.856979913800000048e+01,-1.829283954599999973e+01
1.719859859900000032e+01,-6.370707167700000184e+01,-4.305235528899999764e+01,-4.540844366999999693e+01,-2.791383540700000054e+01,-2.025649518199999832e+01
1.721860860900000034e+01,-2.147706311099999965e+01,-3.233531730699999684e+01,-2.874401630999999924e+01,-2.610581995200000094e+01,-2.725454619399999956e+01
1.723861861900000036e+01,-3.753515412299999809e+01,-4.119691943699999825e+01,-3.158019449600000073e+01,-2.940846427500000004e+01,-2.282579293099999873e+01
1.725862862900000039e+01,-5.253045222499999767e+01,-3.206196054000000117e+01,-2.752452969300000163e+01,-3.250646001999999868e+01,-2.652669561100000095e+01
1.727863863900000041e+01,-3.071883081500000046e+01,-3.221178486699999866e+01,-2.547274875400000127e+01,-2.471456693600000065e+01,-3.120006040599999864e+01
1.729864864900000043e+01,-3.289819573500000160e+01,-4.591556992200000309e+01,-2.013230925899999946e+01,-3.138691469899999831e+01,-2.038489406800000125e+01
1.731865865900000045e+01,-3.843448569200000264e+01,-3.623201138900000018e+01,-3.783220675199999761e+01,-3.352671303200000352e+01,-1.271207255700000083e+01
1.733866866900000048e+01,-3.992932348000000076e+01,-3.817440710599999676e+01,-3.177700925699999956e+01,-2.737227092599999878e+01,-2.452116002200000011e+01
1.735867867900000050e+01,-4.094340156799999875e+01,-3.596245605499999698e+01,-4.231078107500000129e+01,-4.009596242199999949e+01,-3.476105527299999665e+01
1.737868868900000052e+01,-3.354664292199999664e+01,-3.620842832200000316e+01,-3.052312428999999838e+01,-3.135011635600000091e+01,-4.051140793199999734e+01
1.739869869900000054e+01,-3.160270602699999998e+01,-3.632381157700000074e+01,-2.991867844700000134e+01,-3.042088644400000064e+01,-2.737979664599999907e+01
1.741870870900000057e+01,-3.242976041899999728e+01,-3.214903884200000306e+01,-3.161868275300000164e+01,-2.630958070999999876e+01,-1.727087399699999892e+01
1.743871871900000059e+01,-4.019078846600000077e+01,-3.305423369300000047e+01,-3.564238868799999693e+01,-3.196357779699999924e+01,-2.841103975900000123e+01
1.745872872900000061e+01,-3.374997147999999925e+01,-3.169753757599999844e+01,-2.625451677599999911e+01,-2.640144010099999861e+01,-2.025801944899999896e+01
1.747873873900000063e+01,-3.780466152099999988e+01,-3.494377527900000047e+01,-2.901195754000000093e+01,-4.318640519000000211e+01,-1.791061440300000029e+01
1.749874874900000066e+01,-3.239301937100000117e+01,-3.054451725799999906e+01,-2.512412867700000163e+01,-3.062646073699999860e+01,-2.160325217500000150e+01
1.751875875900000068e+01,-4.660749823999999819e+01,-2.647716409799999937e+01,-2.922288106599999935e+01,-3.313335171599999995e+01,-2.422703819799999891e+01
1.753876876900000070e+01,-2.945584522200000066e+01,-5.108162692599999843e+01,-2.498234281299999893e+01,-3.130250083900000035e+01,-1.238159930600000003e+01
1.755877877900000072e+01,-3.235783093199999882e+01,-3.398459618599999743e+01,-2.399955772199999871e+01,-2.612691702100000057e+01,-1.935256663599999882e+01
1.757878878900000075e+01,-3.392492170199999890e+01,-3.157674517999999964e+01,-2.234760687900000065e+01,-2.156029344399999914e+01,-3.003797699100000074e+01
1.759879879900000077e+01,-2.820493010899999931e+01,-4.816059454100000181e+01,-2.856770045500000066e+01,-4.749108724999999964e+01,-2.399483667899999872e+01
1.761880880900000079e+01,-2.881463604700000047e+01,-3.122638864700000028e+01,-2.299771581899999973e+01,-3.483540488500000265e+01,-1.661266506000000120e+01
1.763881881900000081e+01,-4.272198405599999660e+01,-2.729482961700000132e+01,-2.434891600399999945e+01,-3.358059054699999990e+01,-2.730926483200000021e+01
1.765882882900000084e+01,-3.630273609799999690e+01,-4.182715602199999694e+01,-2.762915555100000020e+01,-4.648707401400000094e+01,-2.323443075699999838e+01
1.767883883900000086e+01,-2.815047453800000099e+01,-3.307393586199999902e+01,-2.194475555300000025e+01,-3.478781880900000090e+01,-2.806429080799999909e+01
1.769884884900000088e+01,-3.734218487399999731e+01,-4.770566055500000147e+01,-2.266045194799999862e+01,-4.972939683399999922e+01,-1.865800459900000163e+01
1.771885885900000090e+01,-3.994199694899999997e+01,-3.081046226100000140e+01,-1.628384304300000096e+01,-1.202272425900000030e+01,-6.469469910999999795e-01
1.773886886900000093e+01,-2.838308718000000042e+01,-3.705540584399999915e+01,-2.232575686999999931e+01,-2.961180646500000080e+01,-2.055399861400000106e+01
1.775887887900000095e+01,-4.360214889800000293e+01,-3.948716232400000337e+01,-2.842593343700000119e+01,-2.710618488200000087e+01,-3.230886182599999756e+01
1.777888888900000097e+01,-4.252384405200000117e+01,-4.577498338499999875e+01,-2.512455152500000111e+01,-2.587590706699999998e+01,-2.466813414599999987e+01
1.779889889900000099e+01,-2.424497211299999933e+01,-3.532690447600000283e+01,-2.529043419299999940e+01,-2.087199156699999847e+01,-1.792546763300000023e+01
1.781890890900000102e+01,-3.866740882900000287e+01,-5.282032595900000160e+01,-2.663659609300000142e+01,-3.787941901599999994e+01,-2.969523656999999872e+01
1.783891891900000104e+01,-5.590757009899999730e+01,-4.910707028200000224e+01,-2.699228860699999899e+01,-2.916638107900000065e+01,-2.436830621500000049e+01
1.785892892900000106e+01,-4.575429653399999808e+01,-2.799541331700000057e+01,-2.445424076000000113e+01,-2.890052706199999832e+01,-2.650585103099999884e+01
1.787893893900000108e+01,-5.249253865299999688e+01,-6.513544472499999927e+01,-3.123908052199999830e+01,-2.880184443499999958e+01,-3.200595527699999820e+01
1.789894894900000111e+01,-4.067821933900000175e+01,-2.595809157900000130e+01,-3.225712884400000036e+01,-2.730133705000000077e+01,-2.961552921299999852e+01
1.791895895900000113e+01,-3.765480065900000284e+01,-3.814938222800000034e+01,-2.819538137099999986e+01,-2.601290654399999980e+01,-3.318475450199999699e+01
1.793896896900000115e+01,-4.348301025199999970e+01,-2.346817691900000113e+01,-1.209198684799999945e+01,-9.533983145000000547e+00,-2.530350959200000105e+01
1.795897897900000117e+01,-3.582424435899999793e+01,-2.887384986600000047e+01,-2.945886668300000011e+01,-4.036440813600000155e+01,-3.110439519899999894e+01
1.797898898900000120e+01,-3.439414382799999714e+01,-8.148536537500000065e+00,-2.867265483599999953e+01,-2.647210200299999983e+01,-2.291677599799999854e+01
1.799899899900000122e+01,-3.759940809999999800e+01,-2.981115673000000044e+01,-2.722950011300000028e+01,-3.327383260900000295e+01,-2.810146758500000175e+01
1.801900900900000124e+01,-5.049160918999999836e+01,-3.190513508000000087e+01,-1.202039685799999980e+01,-1.797587523099999984e+01,-2.381414349799999997e+01
1.803901901900000126e+01,-3.466512603500000012e+01,-3.757998638400000146e+01,-2.707913316799999848e+01,-2.812958029600000032e+01,-2.747981682200000009e+01
1.805902902900000129e+01,-3.464502752899999649e+01,-3.853654783199999656e+01,-2.859402809099999843e+01,-2.913061953500000101e+01,-3.099531598600000137e+01
1.807903903900000131e+01,-3.305996917299999893e+01,-4.386682621799999993e+01,-2.780060782199999991e+01,-2.747876560699999970e+01,-3.399872401799999722e+01
1.809904904900000133e+01,-4.153305668400000172e+01,-2.843932050000000089e+01,-2.308578176900000045e+01,-2.634267167000000143e+01,-3.533386034499999795e+01
1.811905905900000135e+01,-4.873563885000000084e+01,-1.975374336300000166e+01,-2.732783866300000142e+01,-3.193880571500000087e+01,-1.995831042700000069e+01
1.813906906900000138e+01,-3.942634356199999957e+01,-2.897268120100000033e+01,-2.836746033000000011e+01,-3.070618108000000035e+01,-2.226705073600000162e+01
1.815907907900000140e+01,-3.328126659400000165e+01,-3.650814503499999830e+01,-2.389633865500000098e+01,-3.152838931000000144e+01,-3.608540105400000186e+01
1.817908908900000142e+01,-4.038156010800000217e+01,-4.208731035899999995e+01,-2.982395161599999867e+01,-2.841790657099999962e+01,-3.269612178500000255e+01
1.819909909900000144e+01,-5.239683566899999789e+01,-3.283919173499999999e+01,-2.492970229200000176e+01,-3.020829691699999842e+01,-2.759180788000000106e+01
1.821910910900000147e+01,-3.862123224599999816e+01,-4.535349569000000258e+01,-2.440103127500000113e+01,-2.662074065699999892e+01,-3.093635800599999897e+01
1.823911911900000149e+01,-3.925254138900000100e+01,-3.600899827399999964e+01,-1.893925109099999915e+01,-2.991923593099999934e+01,-3.236809205299999803e+01
1.825912912900000151e+01,-3.372422973399999790e+01,-3.166388838299999975e+01,-2.178194617500000163e+01,-2.398309708700000087e+01,2.485471878199999818e+00
1.827913913900000153e+01,-6.726367767099999639e+01,-2.864987553799999986e+01,-2.896180207100000104e+01,-3.307437632900000324e+01,-3.989374214699999754e+01
1.829914914900000156e+01,-4.113587945999999818e+01,-3.455142082500000100e+01,-2.269291467600000090e+01,-2.924828405499999917e+01,-3.046786151499999917e+01
1.831915915900000158e+01,-1.018953040499999929e+01,-5.172893190199999935e+01,-2.277393408500000049e+01,-3.243659303399999772e+01,-2.135874310000000165e+01
1.833916916900000160e+01,-4.252991724900000037e+01,-2.399005477900000116e+01,-2.462976396599999873e+01,-2.901943617699999933e+01,-2.422813106199999922e+01
1.835917917900000162e+01,-2.843419352600000138e+01,-3.666426239999999837e+01,-2.147529315099999891e+01,-3.300995665599999995e+01,-2.884729550699999834e+01
1.837918918900000165e+01,-3.575779618499999657e+01,-3.308495220199999665e+01,-2.594736045300000171e+01,-3.711429920300000163e+01,-2.583612677300000016e+01
1.839919919900000167e+01,-1.846920687700000130e+01,-3.354195507400000054e+01,-2.291073831199999944e+01,-2.845420809299999831e+01,-9.474954929000000803e+00
1.841920920900000169e+01,-2.113691848399999884e+01,-2.493948441899999935e+01,-2.414186995800000091e+01,-2.311855378399999950e+01,-2.497485696200000049e+01
1.843921921900000171e+01,-2.811253880800000005e+01,-3.978978917500000279e+01,-2.704174383200000165e+01,-2.636989657100000173e+01,-3.589366138199999767e+01
1.845922922900000174e+01,-2.290954492299999856e+01,-3.393374190600000162e+01,-3.061019917699999837e+01,-2.811702407399999970e+01,-2.386242996100000013e+01
1.847923923900000176e+01,-4.472832104300000111e+01,-2.817724701099999862e+01,-3.700723574399999904e+01,-4.213653730099999706e+01,-2.169705779899999953e+01
1.849924924899999823e+01,-4.834401975699999809e+01,-3.496561322499999847e+01,-2.799173609700000043e+01,-3.936997763699999808e+01,-2.121820738199999923e+01
1.851925925899999825e+01,-3.473425894500000055e+01,-2.717337659100000025e+01,-2.957900315799999902e+01,-3.053199574799999994e+01,-2.269306677399999828e+01
1.853926926899999827e+01,-2.136561071299999881e+01,-3.607719112600000244e+01,-2.415230990999999960e+01,-2.843070726099999845e+01,-2.614817478300000175e+01
1.855927927899999830e+01,-6.099911386699999838e+01,-3.459923740100000344e+01,-2.765131594300000017e+01,-2.700467751600000099e+01,-2.821192747699999970e+01
1.857928928899999832e+01,-3.009685065700000095e+01,-4.618662148199999962e+01,-3.490177468299999930e+01,-2.659963965400000063e+01,-2.420676289600000075e+01
1.859929929899999834e+01,-1.576490270899999935e+01,-2.794678429800000075e+01,-1.612992643600000164e+01,-2.114940795200000068e+01,-1.869231850799999961e+01
1.861930930899999836e+01,-3.332318433999999741e+01,-3.514230475699999801e+01,-3.367316355399999850e+01,-3.474375302400000010e+01,-2.511247487300000003e+01
1.863931931899999839e+01,-3.919821080999999907e+01,-2.871032308099999852e+01,-2.531621927999999855e+01,-3.117508913500000034e+01,-2.756509869799999990e+01
1.865932932899999841e+01,-4.062766787399999657e+01,-3.302353789499999692e+01,-2.466255775400000161e+01,-4.177278591400000352e+01,-2.297606217199999890e+01
1.867933933899999843e+01,-4.452999227299999774e+01,-4.100351271699999955e+01,-1.702433831300000122e+01,-1.509204200499999970e+01,-1.287597737599999981e+01
1.869934934899999845e+01,-3.768149713300000059e+01,-3.135385924999999929e+01,-2.078787027999999992e+01,-2.144442712500000070e+01,-1.924010940399999825e+01
1.871935935899999848e+01,-3.352854236900000018e+01,-2.637040771999999933e+01,-2.493156604200000004e+01,-2.991500601999999986e+01,-2.944482345400000156e+01
1.873936936899999850e+01,-2.522528676499999989e+01,-2.953586948199999895e+01,-2.639682282100000066e+01,-2.600442582399999836e+01,-2.875490731000000011e+01
1.875937937899999852e+01,-3.408288451699999655e+01,-3.196735673999999960e+01,-2.934013469799999996e+01,-2.152773190199999931e+01,-2.192030474599999934e+01
1.877938938899999854e+01,-5.720133065299999942e+01,-4.484879530599999953e+01,-3.306183109300000211e+01,-4.169640688700000197e+01,-1.728992514200000130e+01
1.879939939899999857e+01,-3.336311914800000267e+01,-2.058785287599999947e+01,-2.184003715900000131e+01,-3.472991298800000237e+01,-1.635987920099999826e+01
1.881940940899999859e+01,-4.056674943499999841e+01,-3.966256569499999785e+01,-3.296528933199999756e+01,-3.881554065800000330e+01,-3.046739838399999911e+01
1.883941941899999861e+01,-5.273861818000000312e+01,-3.789235422400000175e+01,-6.751549314100000032e+00,-9.892942429799999715e+00,-2.396387172700000079e+01
1.885942942899999863e+01,-3.886880283899999711e+01,-3.044327079299999994e+01,-1.824491968899999961e+01,-2.898288974700000153e+01,-3.097918301099999994e+01
1.887943943899999866e+01,-4.341504582400000345e+01,-2.557645684999999958e+01,-1.701742224699999895e+01,-2.738706440700000044e+01,-2.011859016400000044e+01
1.889944944899999868e+01,-4.063733829000000242e+01,-4.333017799699999983e+01,-3.163861404100000030e+01,-2.657143947000000139e+01,-3.033381703399999907e+01
1.891945945899999870e+01,-2.856070868899999837e+01,-2.408731112099999905e+01,-2.714578269600000127e+01,-2.832730098700000099e+01,-2.509811534500000008e+01
1.893946946899999872e+01,-3.895336941600000102e+01,-5.177905620599999992e+01,-4.210909870199999716e+01,-2.534489246800000117e+01,-2.719361752700000068e+01
1.895947947899999875e+01,-4.440729547099999763e+01,-3.587620607400000239e+01,-2.428959171900000058e+01,-2.476516577099999949e+01,-3.657395471299999912e+01
1.897948948899999877e+01,-2.959471037499999824e+01,-2.477281894600000101e+01,-2.125853668299999910e+01,-2.682319790400000059e+01,-1.549490964599999998e+01
1.899949949899999879e+01,-3.431021362300000277e+01,-4.814843577399999930e+01,-2.966248119300000141e+01,-2.224200240300000075e+01,-4.871597851199999951e+01
1.901950950999999890e+01,-3.599769998200000032e+01,-4.185580909200000121e+01,-2.967812912999999853e+01,-3.692804839200000089e+01,-2.693434471400000163e+01
1.903951951999999892e+01,-5.553955365200000216e+01,-2.360363876899999980e+01,-2.259546880399999935e+01,-2.961703069500000041e+01,-3.330524767800000063e+01
1.905952952999999894e+01,-3.895567719400000328e+01,-3.914881388500000270e+01,-3.601926312100000160e+01,-2.226881063700000141e+01,-2.920411549099999959e+01
1.907953953999999896e+01,-3.771509114599999890e+01,-3.289859376700000126e+01,-1.790314263100000147e+01,-1.326021188300000020e+01,-3.576265242499999886e+01
1.909954954999999899e+01,-2.932153672200000116e+01,-3.039380974199999841e+01,-2.310958022200000173e+01,-2.758434000700000155e+01,-1.646490221899999895e+01
1.911955955999999901e+01,-3.814541526299999674e+01,-3.990642411999999695e+01,-2.726233034299999858e+01,-3.909670042100000131e+01,-2.947996376800000107e+01
1.913956956999999903e+01,-3.427452255000000036e+01,-2.476796261000000143e+01,-3.045066826200000065e+01,-2.843336367099999862e+01,-2.966788782600000118e+01
1.915957957999999905e+01,-3.242669441099999972e+01,-4.253002811399999672e+01,-2.102405018800000036e+01,-2.941481632300000015e+01,-3.394771625500000312e+01
1.917958958999999908e+01,-2.981929807299999879e+01,-5.206546974399999783e+01,-2.541655227800000105e+01,-2.712763924800000126e+01,-4.862721382800000214e+01
1.919959959999999910e+01,-3.147177290699999830e+01,-3.137662363100000107e+01,-3.284439688999999873e+01,-2.992864575899999835e+01,-2.980781010000000109e+01
1.921960960999999912e+01,-4.360888793800000229e+01,-4.102083712700000007e+01,-3.275987710599999758e+01,-2.787829880399999993e+01,-3.713732296300000257e+01
1.923961961999999914e+01,-3.525048104300000062e+01,-4.928000317200000069e+01,-3.271547147999999794e+01,-4.358554662800000301e+01,-4.722690029700000025e+01
1.925962962999999917e+01,-2.614581583200000026e+01,-4.037161205299999978e+01,-2.758719930499999862e+01,-4.299709252299999918e+01,-3.926275298800000257e+01
1.927963963999999919e+01,-5.813796468999999689e+01,-5.026664343499999887e+01,-2.389043262699999914e+01,-4.782156003499999741e+01,-3.727304015699999695e+01
1.929964964999999921e+01,-4.987252636600000244e+01,-4.330943358199999693e+01,-2.982219249999999988e+01,-3.456586928400000147e+01,-3.881321441400000083e+01
1.931965965999999923e+01,-2.720853399099999947e+01,-2.821884596199999962e+01,-3.195092855000000043e+01,-3.173179931600000003e+01,-3.755821666800000003e+01
1.933966966999999926e+01,-4.258256583299999676e+01,-3.519205408399999868e+01,-3.245750689500000163e+01,-3.674600571900000290e+01,-3.208485664100000179e+01
1.935967967999999928e+01,-3.959153378799999956e+01,-3.969622234399999883e+01,-2.570201162600000089e+01,-3.292951422800000216e+01,-2.927539979999999886e+01
1.937968968999999930e+01,-3.012194746200000139e+01,-4.143284159699999947e+01,-2.934241021800000127e+01,-2.348772619800000072e+01,-2.127868788400000000e+01
1.939969969999999932e+01,-6.063861834799999961e+00,-5.282438328199999944e+01,-2.854553700499999991e+01,-3.064279242699999983e+01,-5.050333266300000190e+01
1.941970970999999935e+01,-5.274129794400000293e+01,-3.186136606000000171e+01,-2.426132865800000005e+01,-3.444072207800000029e+01,-3.303493488000000156e+01
1.943971971999999937e+01,-2.999815150599999924e+01,-3.972302113300000315e+01,-3.007626017700000176e+01,-4.492660560600000252e+01,-2.621423442600000087e+01
1.945972972999999939e+01,-4.326482078699999789e+01,-3.848898179100000050e+01,-3.319949901300000050e+01,-2.754391907000000117e+01,-3.095190726099999878e+01
1.947973973999999941e+01,-3.835321539200000274e+01,-4.220958614399999931e+01,-2.326919814200000047e+01,-4.512000169600000277e+01,-2.775815469999999863e+01
1.949974974999999944e+01,-2.806808237299999931e+01,-3.123855329999999952e+01,-2.065884811200000115e+01,-2.430596952100000152e+01,-3.522336927799999984e+01
1.951975975999999946e+01,-3.688359624200000297e+01,-4.172028093499999812e+01,-3.307763416600000284e+01,-3.840936192200000221e+01,-2.889205881499999862e+01
1.953976976999999948e+01,-4.924935333100000179e+01,-3.757368385600000238e+01,-1.723491950200000034e+01,-1.774835566400000175e+01,-1.107628569999999968e+01
1.955977977999999950e+01,-2.835404435699999937e+01,-3.328789184800000100e+01,-2.051263911099999859e+01,-3.821131221299999936e+01,-5.782044599500000004e+01
1.957978978999999953e+01,-4.706320085099999773e+01,-4.292090719299999790e+01,-3.173090132100000105e+01,-2.838112362700000091e+01,-2.514918293299999874e+01
1.959979979999999955e+01,-4.256259786999999761e+01,-4.302826098100000252e+01,-2.962930342399999972e+01,-2.059100977900000018e+01,-2.108358513299999970e+01
1.961980980999999957e+01,-3.343686516399999675e+01,-3.276960952099999957e+01,-9.396541156299999642e+00,-2.911130780199999890e+01,-2.397296041799999955e+01
1.963981981999999959e+01,-3.037284914099999966e+01,-3.253520983899999663e+01,-3.306071963299999794e+01,-3.302826483700000182e+01,-3.150698091699999992e+01
1.965982982999999962e+01,-3.913311027099999961e+01,-3.040483760100000055e+01,-1.392543092000000016e+01,-1.022057435800000036e+01,-1.893862074800000173e+01
1.967983983999999964e+01,-4.832506265899999676e+01,-4.033353422300000091e+01,-2.464987178599999851e+01,-2.912974729900000170e+01,-4.494990333500000190e+01
1.969984984999999966e+01,-3.190183864400000147e+01,-4.050634711000000010e+01,-2.604151404199999931e+01,-3.428771440500000267e+01,-3.377410496000000251e+01
1.971985985999999968e+01,-2.501877761700000136e+01,-3.179465364400000027e+01,-2.942102445000000088e+01,-2.775945730000000111e+01,-3.224917801899999859e+01
1.973986986999999971e+01,-5.401985666899999927e+01,-4.146029986399999956e+01,-3.152350995300000136e+01,-2.772911099099999888e+01,-3.151526242599999961e+01
1.975987987999999973e+01,-4.719115981400000237e+01,-3.797293799999999919e+01,-3.258691975699999688e+01,-3.322301575899999904e+01,-3.865466740000000101e+01
1.977988988999999975e+01,-4.491917227100000076e+01,-3.347328224099999971e+01,-3.235268830799999762e+01,-3.520386941900000011e+01,-2.579216981100000083e+01
1.979989989999999977e+01,-3.930763146200000335e+01,-5.376538697200000172e+01,-2.422497247400000120e+01,-4.050636201799999725e+01,-2.373981391899999949e+01
1.981990990999999980e+01,-3.315608814400000171e+01,-4.211233759800000342e+01,-2.715945312199999861e+01,-3.254527246699999665e+01,-4.208370118999999931e+01
1.983991991999999982e+01,-3.996005751399999895e+01,-3.302629573699999810e+01,-2.496316788400000064e+01,-3.079445775699999999e+01,-3.123139478299999894e+01
1.985992992999999984e+01,-4.706721926600000216e+01,-4.141798520500000080e+01,-2.117823864300000025e+01,-2.534651298900000072e+01,-2.808279341700000131e+01
1.987993993999999986e+01,-3.011275876299999865e+01,-4.326346719699999710e+01,-2.700343425799999864e+01,-3.405351618400000291e+01,-3.135398349700000153e+01
1.989994994999999989e+01,-6.456954429399999640e+01,-3.753918440999999717e+01,-3.601388475899999975e+01,-3.230346635699999780e+01,-3.924411328400000087e+01
1.991995995999999991e+01,-4.727709815499999735e+01,-4.860151902700000193e+01,-1.810371550700000043e+01,-2.084623043599999903e+01,-2.363291261899999895e+01
1.993996996999999993e+01,-4.652711482299999801e+01,-3.748158235999999732e+01,-3.240872453299999734e+01,-3.264791850000000295e+01,-2.911713116299999982e+01
1.995997997999999995e+01,-3.187960049200000157e+01,-4.419879849400000182e+01,-3.610504303799999803e+01,-3.463290202700000009e+01,-4.557524700100000103e+01
1.997998998999999998e+01,-3.158256304300000039e+01,-5.259245386799999977e+01,-4.529412870200000185e+01,-3.787672532599999897e+01,-4.264384212299999888e+01
2.000000000000000000e+01,-2.529841685699999942e+01,-2.662934635599999922e+01,-2.543127107999999836e+01,-3.859777928599999797e+01,-3.207729668300000014e+01
