freq_GHz,S21_dB,S31_dB,S41_dB,S51_dB,S61_dB
1.000000000000000021e-02,-7.355172768900000335e+01,-7.026099648599999625e+01,-6.867099787499999763e+01,-6.671083318700000575e+01,-7.863217882899999722e+01
3.001001001000000099e-02,-8.121539482599999360e+01,-7.884525854000000322e+01,-7.991881252800000368e+01,-7.618203904400000681e+01,-8.547314482199999475e+01
5.002002002000000003e-02,-8.013080756499999779e+01,-7.451773755499999652e+01,-7.705713719400000628e+01,-8.371829634200000214e+01,-7.806192577599999538e+01
7.003003002999999560e-02,-7.550753767499999469e+01,-9.164131408199999385e+01,-8.587322443200000066e+01,-8.148152385800000275e+01,-7.605288490499999909e+01
9.004004004000000505e-02,-8.352277082000000519e+01,-9.031478900300000134e+01,-8.755891393999999650e+01,-8.728841539200000454e+01,-7.844395896700000037e+01
1.100500500500000006e-01,-8.172532615000000078e+01,-8.712088764000000651e+01,-8.165024335699999369e+01,-7.724235616500000390e+01,-7.773031677000000172e+01
1.300600600600000101e-01,-7.612884707700000320e+01,-7.816302268200000469e+01,-7.667716690500000709e+01,-8.207596858499999826e+01,-8.139751848500000619e+01
1.500700700700000056e-01,-8.494375708799999813e+01,-8.709002346799999827e+01,-8.660682855800000368e+01,-7.840976325399999780e+01,-7.881487310400000013e+01
1.700800800800000012e-01,-8.216946045299999923e+01,-7.838794536000000335e+01,-8.012510099499999683e+01,-8.007649949199999639e+01,-8.009808824600000321e+01
1.900900900899999968e-01,-8.115793577099999823e+01,-7.719006829100000289e+01,-9.443796950700000536e+01,-8.058312167699999407e+01,-8.005472763900000643e+01
2.101001000999999924e-01,-8.551820100000000480e+01,-9.271688528599999302e+01,-9.231406996299999435e+01,-7.715551002200000141e+01,-8.002619089399999552e+01
2.301101101100000157e-01,-8.286521952200000385e+01,-8.051769290299999682e+01,-8.557698871899999915e+01,-8.384648030200000335e+01,-7.802826670299999989e+01
2.501201201200000113e-01,-8.565760294999999758e+01,-8.177086723499999721e+01,-7.822707412299999419e+01,-8.598154663500000083e+01,-8.982415861600000540e+01
2.701301301299999791e-01,-7.703837853900000709e+01,-7.341743697699999416e+01,-8.508422642499999711e+01,-8.098664373900000157e+01,-7.599564977900000429e+01
2.901401401400000024e-01,-7.705857198399999675e+01,-8.152325490900000204e+01,-7.611644381399999304e+01,-8.029630099499999574e+01,-7.694714967000000172e+01
3.101501501499999702e-01,-7.360300611200000276e+01,-7.511183207999999922e+01,-9.088854708200000232e+01,-7.245747825499999806e+01,-7.510391334700000243e+01
3.301601601600000491e-01,-7.961678198200000622e+01,-8.331021885100000191e+01,-8.137551164299999584e+01,-7.635098596599999610e+01,-7.512080775399999766e+01
3.501701701700000169e-01,-7.330208716299999594e+01,-8.183633654800000556e+01,-7.943161194900000055e+01,-7.858395093299999701e+01,-7.100827751500000318e+01
3.701801801799999847e-01,-7.407929048100000102e+01,-8.361698535700000434e+01,-7.278350847500000498e+01,-8.300032847999999319e+01,-7.330116693300000463e+01
3.901901901900000080e-01,-7.556108293399999809e+01,-8.367358561499999325e+01,-7.560210664699999938e+01,-7.591323046300000499e+01,-7.318957447200000388e+01
4.102002001999999758e-01,-7.482525078199999768e+01,-7.471734828600000355e+01,-8.014680919399999937e+01,-7.548012853500000574e+01,-7.183427603900000236e+01
4.302102102099999992e-01,-7.341149977700000306e+01,-7.415530795600000147e+01,-7.864204447000000187e+01,-8.380901416999999753e+01,-7.368360103300000219e+01
4.502202202200000225e-01,-7.651994302399999981e+01,-8.116001387100000386e+01,-7.612885267199999362e+01,-8.748981939399999419e+01,-7.548942206799999610e+01
4.702302302300000458e-01,-8.006897477900000126e+01,-8.361105279100000587e+01,-7.717298102899999890e+01,-7.649023311999999919e+01,-7.638155484899999692e+01
4.902402402400000136e-01,-7.886647241000000008e+01,-7.312655023400000687e+01,-7.115973822899999846e+01,-7.649821670500000437e+01,-6.486060934600000394e+01
5.102502502500000370e-01,-8.127960564800000043e+01,-7.344333575000000280e+01,-9.119288858800000241e+01,-8.756622718200000577e+01,-6.843704353399999718e+01
5.302602602599999493e-01,-7.482510083900000097e+01,-7.852560402400000328e+01,-7.468072058299999583e+01,-8.053269399399999884e+01,-6.474419601900000032e+01
5.502702702699999726e-01,-6.614197920499999839e+01,-7.615522187700000245e+01,-7.397110367199999814e+01,-1.059029546299999964e+02,-6.145211097300000347e+01
5.702802802799999959e-01,-6.574367634899999757e+01,-7.011255741799999441e+01,-6.452954916299999866e+01,-8.281142668500000070e+01,-5.959937828900000056e+01
5.902902902899999082e-01,-6.963606110300000296e+01,-7.072239720700000021e+01,-6.052950419300000107e+01,-7.004252524800000401e+01,-5.834440650100000170e+01
6.103003002999999316e-01,-7.497815956700000584e+01,-7.188824163900000030e+01,-6.184969159799999971e+01,-6.883155873600000518e+01,-5.701518977900000351e+01
6.303103103099999549e-01,-7.722819781399999783e+01,-7.221637207599999897e+01,-5.942944297300000045e+01,-6.811750477200000375e+01,-5.402339742899999919e+01
6.503203203200000893e-01,-6.829248167400000114e+01,-6.353173667699999783e+01,-5.818360710299999994e+01,-6.999096031300000220e+01,-5.108788642700000082e+01
6.703303303300000016e-01,-7.586987374500000669e+01,-6.861631260800000121e+01,-5.441275836799999865e+01,-7.965344446899999298e+01,-4.943475068000000050e+01
6.903403403400000249e-01,-7.302215460600000085e+01,-6.236185515100000032e+01,-5.273906545500000220e+01,-6.597888380099999495e+01,-4.885072111499999892e+01
7.103503503500000482e-01,-6.593402386900000067e+01,-7.781841198399999371e+01,-5.246234391299999800e+01,-6.662286858999999595e+01,-4.782389197100000189e+01
7.303603603599999605e-01,-6.169733576299999811e+01,-6.298943538999999703e+01,-5.160740939899999802e+01,-8.940809007299999678e+01,-4.724501230399999940e+01
7.503703703699999839e-01,-5.748032187199999754e+01,-7.058816849999999476e+01,-5.065477811099999883e+01,-6.936431971999999746e+01,-4.596867192500000243e+01
7.703803803800000072e-01,-5.872497702199999736e+01,-5.484767819900000063e+01,-4.950149310100000122e+01,-6.766444905500000573e+01,-4.524526924399999928e+01
7.903903903900000305e-01,-5.894577057699999756e+01,-5.565087530200000288e+01,-4.872565872500000239e+01,-7.162284669000000292e+01,-4.582834909700000026e+01
8.104004003999999428e-01,-5.685311317899999750e+01,-5.628025132100000150e+01,-4.944693159999999921e+01,-6.660940924899999516e+01,-4.562671221099999741e+01
8.304104104099999661e-01,-5.725809273299999802e+01,-5.238917604299999908e+01,-4.961719342899999674e+01,-6.368716164199999952e+01,-4.530053053500000004e+01
8.504204204199999895e-01,-5.454258515600000123e+01,-5.344962354100000113e+01,-4.794991458799999862e+01,-6.327790324600000105e+01,-4.412413780400000007e+01
8.704304304299999018e-01,-5.339236472999999705e+01,-5.525689984699999968e+01,-4.700729400499999855e+01,-6.342269312500000211e+01,-4.323874872100000033e+01
8.904404404400000361e-01,-5.265999295799999658e+01,-5.324225186799999676e+01,-4.677120931000000326e+01,-6.441583597000000339e+01,-4.260839723200000151e+01
9.104504504500000595e-01,-5.275642175299999792e+01,-5.729489503700000341e+01,-4.676785479400000156e+01,-6.749550085600000671e+01,-4.221884296900000066e+01
9.304604604600000828e-01,-5.356476333999999895e+01,-5.814506201500000060e+01,-4.622561841699999974e+01,-6.259174354499999993e+01,-4.186159614900000037e+01
9.504704704699999951e-01,-5.460642079899999857e+01,-5.971345050800000109e+01,-4.766118422600000315e+01,-6.486201490899999555e+01,-4.260720907099999977e+01
9.704804804800000184e-01,-5.766121777600000087e+01,-6.031032678799999758e+01,-4.825320244800000324e+01,-6.755610608899999647e+01,-4.325149306499999824e+01
9.904904904900000417e-01,-5.870801054900000082e+01,-6.033650005199999811e+01,-4.880959242499999817e+01,-6.667647064499999487e+01,-4.456662555500000167e+01
1.010500500500000065e+00,-5.868200782400000293e+01,-6.113332477699999856e+01,-4.836447213999999661e+01,-6.570011674500000254e+01,-4.501013496600000252e+01
1.030510510500000088e+00,-6.594479017999999826e+01,-6.223057682999999685e+01,-4.939774683600000316e+01,-7.365750780999999847e+01,-4.551816225000000316e+01
1.050520520500000110e+00,-6.323422793700000000e+01,-6.485107725299999970e+01,-4.875870927199999727e+01,-6.459632355499999790e+01,-4.383590574000000117e+01
1.070530530499999911e+00,-6.221677710499999847e+01,-6.288650726299999860e+01,-4.924619408899999939e+01,-6.698007258500000205e+01,-4.432944920500000308e+01
1.090540540499999933e+00,-6.648718218899999499e+01,-6.725325302500000646e+01,-5.001660100899999861e+01,-6.389149242500000270e+01,-4.327497003999999947e+01
1.110550550599999964e+00,-7.070947949199999982e+01,-7.136658635000000572e+01,-4.869543124700000192e+01,-6.494239558099999954e+01,-4.292280627899999956e+01
1.130560560599999986e+00,-6.487534639599999764e+01,-6.350339093400000223e+01,-4.754003818999999709e+01,-6.237237999300000268e+01,-4.216988900799999840e+01
1.150570570600000009e+00,-6.720230224799999519e+01,-6.462836181800000190e+01,-4.940706708399999769e+01,-6.491927341100000604e+01,-4.167916148399999798e+01
1.170580580599999809e+00,-5.969974588899999901e+01,-6.327241960500000317e+01,-4.720382801299999898e+01,-7.033971023499999831e+01,-4.218611352399999959e+01
1.190590590599999832e+00,-6.837275862600000664e+01,-7.165412594400000046e+01,-4.692227356699999774e+01,-7.233076123200000040e+01,-4.208278935900000306e+01
1.210600600599999854e+00,-7.208856203099999505e+01,-6.081249986899999982e+01,-4.711453703600000154e+01,-8.351698929900000223e+01,-4.138440062699999800e+01
1.230610610599999877e+00,-6.444799143100000549e+01,-6.161571142399999701e+01,-4.676840005199999695e+01,-6.167170050200000020e+01,-4.057460109899999878e+01
1.250620620599999899e+00,-6.466633396000000289e+01,-6.347670351600000060e+01,-4.672274654900000002e+01,-6.037394146500000147e+01,-3.972023447699999821e+01
1.270630630599999922e+00,-7.115223355999999910e+01,-6.977458012900000028e+01,-4.440009544400000152e+01,-6.128055962199999840e+01,-3.900808144300000180e+01
1.290640640599999944e+00,-6.441651602999999682e+01,-6.300337690799999990e+01,-4.354805645100000078e+01,-5.728456455599999941e+01,-3.811165927599999748e+01
1.310650650699999975e+00,-5.885420212799999717e+01,-6.701125768400000027e+01,-4.328564879200000348e+01,-5.637761820400000090e+01,-3.816621646800000178e+01
1.330660660699999998e+00,-5.699012076000000349e+01,-6.675483827600000097e+01,-4.357035895199999942e+01,-5.666755467499999810e+01,-3.769879755000000188e+01
1.350670670700000020e+00,-5.753193413399999656e+01,-5.984960054599999779e+01,-4.359748653500000160e+01,-5.557937908899999968e+01,-3.697394499499999654e+01
1.370680680700000043e+00,-5.826578886299999738e+01,-5.654247433799999811e+01,-4.451898124600000273e+01,-5.565452059599999757e+01,-3.604738091000000111e+01
1.390690690700000065e+00,-5.904817904400000117e+01,-6.065955272499999751e+01,-4.329452174000000042e+01,-5.332727747199999868e+01,-3.546662642399999754e+01
1.410700700700000088e+00,-6.018092763899999653e+01,-5.608067845600000112e+01,-4.197000298100000037e+01,-5.570125486399999915e+01,-3.456116455200000104e+01
1.430710710700000110e+00,-5.689408135499999730e+01,-5.350897669599999773e+01,-4.050614050699999780e+01,-5.312662677499999830e+01,-3.367983388900000108e+01
1.450720720700000133e+00,-6.551159653599999899e+01,-5.913001447700000313e+01,-3.969684658300000279e+01,-5.388643612700000318e+01,-3.292556685299999941e+01
1.470730730700000155e+00,-5.866171868100000353e+01,-5.939352333499999759e+01,-3.950097750500000160e+01,-5.875905101400000063e+01,-3.205514817600000299e+01
1.490740740699999956e+00,-5.242355344900000347e+01,-6.027156255100000237e+01,-3.895477005400000081e+01,-5.525073584700000140e+01,-3.144731139499999983e+01
1.510750750799999986e+00,-5.200901787099999751e+01,-5.376394184800000176e+01,-3.702050566900000206e+01,-6.426705847600000254e+01,-3.094800981299999876e+01
1.530760760800000009e+00,-5.163552628899999775e+01,-5.267448738299999889e+01,-3.542319816100000196e+01,-6.854329730499999584e+01,-2.996873035899999849e+01
1.550770770800000031e+00,-5.198225314900000171e+01,-5.700513867899999809e+01,-3.465622795899999886e+01,-6.637168735800000263e+01,-2.928473217799999873e+01
1.570780780800000054e+00,-5.515824487300000101e+01,-5.540753321599999737e+01,-3.417395958499999864e+01,-6.065512308800000341e+01,-2.881686470000000000e+01
1.590790790799999854e+00,-5.081135492899999662e+01,-6.554924949099999765e+01,-3.357956317200000029e+01,-5.984928691199999662e+01,-2.872322135199999948e+01
1.610800800799999877e+00,-4.994300650699999977e+01,-5.786860079400000245e+01,-3.344473813300000131e+01,-5.552408509199999997e+01,-2.866375061800000168e+01
1.630810810799999899e+00,-4.646511118200000112e+01,-5.200643622199999783e+01,-3.308371935099999916e+01,-5.310308155799999952e+01,-2.869050855700000113e+01
1.650820820799999922e+00,-4.533619328799999693e+01,-5.277050994399999695e+01,-3.213542317900000000e+01,-5.206883490599999931e+01,-2.838493112200000112e+01
1.670830830799999944e+00,-4.366594163999999978e+01,-5.794749725199999801e+01,-3.103255092799999915e+01,-5.040738160299999748e+01,-2.830349918199999948e+01
1.690840840799999967e+00,-4.266296652700000180e+01,-5.096800049800000210e+01,-3.006294591199999999e+01,-5.391391261100000065e+01,-2.838956144799999848e+01
1.710850850899999998e+00,-4.202055956499999922e+01,-4.729633161800000352e+01,-2.900960324900000131e+01,-5.568949796599999758e+01,-2.808078727099999838e+01
1.730860860900000020e+00,-4.254270209799999947e+01,-4.686872163599999652e+01,-2.867996191499999981e+01,-5.269173715600000207e+01,-2.761801250599999946e+01
1.750870870900000043e+00,-4.359658049000000091e+01,-5.106736646699999937e+01,-2.992956639999999879e+01,-5.130201797299999811e+01,-2.695345095000000057e+01
1.770880880900000065e+00,-4.379840697800000271e+01,-5.140186918799999916e+01,-3.048737662599999965e+01,-4.814809323499999749e+01,-2.682768674400000108e+01
1.790890890900000088e+00,-4.480863616700000307e+01,-5.292614137700000043e+01,-3.089512393700000104e+01,-5.207047759700000000e+01,-2.693071583500000088e+01
1.810900900900000110e+00,-4.619468855200000235e+01,-5.348237833499999994e+01,-3.167500088599999941e+01,-5.478489753600000256e+01,-2.751748201799999904e+01
1.830910910900000133e+00,-4.747554146899999949e+01,-6.471757366699999636e+01,-3.239523640600000221e+01,-5.295990484499999695e+01,-2.865860433499999971e+01
1.850920920900000155e+00,-4.963927003799999937e+01,-6.325200507400000305e+01,-3.283561742700000252e+01,-5.368888098899999761e+01,-2.960213111799999908e+01
1.870930930900000178e+00,-5.175973376099999967e+01,-5.424503027499999774e+01,-3.342519886800000251e+01,-5.455629246699999868e+01,-3.035349920599999862e+01
1.890940940900000200e+00,-5.718875072699999862e+01,-6.594545447400000171e+01,-3.365942041200000290e+01,-6.146810401799999823e+01,-3.092354735800000043e+01
1.910950951000000009e+00,-5.887362507099999931e+01,-6.945009305700000368e+01,-3.397735303999999701e+01,-6.194301460500000189e+01,-3.161587028499999974e+01
1.930960961000000031e+00,-6.275211441999999806e+01,-5.935482650299999818e+01,-3.382333632899999998e+01,-5.707147670700000219e+01,-3.160156094399999915e+01
1.950970971000000054e+00,-5.900541980500000250e+01,-5.619304060300000003e+01,-3.396256884900000017e+01,-5.455374425899999835e+01,-3.122743653099999861e+01
1.970980981000000076e+00,-5.542667243500000041e+01,-5.626127979900000042e+01,-3.392491412900000114e+01,-5.460388560700000227e+01,-3.075270623500000156e+01
1.990990991000000099e+00,-5.519448903699999676e+01,-5.430801377699999932e+01,-3.371801115699999940e+01,-5.802897399500000120e+01,-3.056720889099999994e+01
2.011001000999999899e+00,-5.244095700399999771e+01,-5.884613482000000317e+01,-3.353918473400000266e+01,-5.609775368700000087e+01,-3.013245157700000121e+01
2.031011010999999922e+00,-5.219953155900000041e+01,-5.638128945900000133e+01,-3.358628941900000342e+01,-5.913927031699999759e+01,-2.968597278100000025e+01
2.051021020999999944e+00,-5.027848815699999818e+01,-5.241684066199999847e+01,-3.329449105399999809e+01,-5.666000532599999673e+01,-2.963764915999999872e+01
2.071031030999999967e+00,-5.130283827400000263e+01,-5.131661515999999779e+01,-3.315714338299999753e+01,-6.003900891499999659e+01,-2.981065913400000156e+01
2.091041040999999989e+00,-5.286785038499999700e+01,-4.844640702800000298e+01,-3.314215159300000124e+01,-5.874768153800000192e+01,-2.968310312899999914e+01
2.111051051100000020e+00,-5.104747418699999884e+01,-4.956798500400000052e+01,-3.298080878999999754e+01,-5.670763008699999830e+01,-2.970930921600000119e+01
2.131061061100000043e+00,-4.828739771800000113e+01,-4.722939803100000233e+01,-3.319398888999999997e+01,-5.433557105399999898e+01,-2.991385653900000108e+01
2.151071071100000065e+00,-5.015645827899999887e+01,-4.767449600599999826e+01,-3.308933140599999945e+01,-5.141809772599999917e+01,-3.003630946399999857e+01
2.171081081100000088e+00,-4.908557722799999823e+01,-5.094822336499999693e+01,-3.299155784999999952e+01,-5.002294175699999812e+01,-3.033369078100000138e+01
2.191091091100000110e+00,-4.755775050599999787e+01,-4.996530038600000267e+01,-3.249717904900000320e+01,-5.126681256199999837e+01,-3.071619776400000035e+01
2.211101101099999688e+00,-4.728693102500000123e+01,-4.982636900300000349e+01,-3.276018518000000057e+01,-5.435562264400000032e+01,-3.159631693700000099e+01
2.231111111099999711e+00,-4.801770235299999712e+01,-5.141832263300000250e+01,-3.251248473399999739e+01,-5.722918426599999719e+01,-3.221087008300000321e+01
2.251121121099999733e+00,-4.874299873599999700e+01,-5.248051875499999852e+01,-3.273386114800000257e+01,-6.133932281100000239e+01,-3.211478252399999889e+01
2.271131131099999756e+00,-4.890890376499999803e+01,-5.217046433299999819e+01,-3.291562646500000255e+01,-5.809538779599999714e+01,-3.226480427999999989e+01
2.291141141099999778e+00,-4.932210458299999800e+01,-5.420878899400000250e+01,-3.351788674899999876e+01,-6.709545125399999677e+01,-3.273386267600000110e+01
2.311151151199999809e+00,-5.318661614700000229e+01,-5.127943913099999662e+01,-3.335841486000000344e+01,-6.876666910299999813e+01,-3.216634821699999947e+01
2.331161161199999832e+00,-5.127566278599999805e+01,-5.270071619899999860e+01,-3.297273998699999709e+01,-6.374637262499999935e+01,-3.127348918499999897e+01
2.351171171199999854e+00,-5.351004014899999817e+01,-4.840687204200000338e+01,-3.217805004800000290e+01,-5.941239988699999941e+01,-3.077772544600000160e+01
2.371181181199999877e+00,-5.086051796400000313e+01,-4.858495288799999656e+01,-3.151354213999999843e+01,-5.834768518599999965e+01,-2.962079163399999970e+01
2.391191191199999899e+00,-4.977863523500000298e+01,-4.866257718100000318e+01,-3.105931659299999836e+01,-5.943400149400000032e+01,-2.856282250399999967e+01
2.411201201199999922e+00,-4.720223469999999821e+01,-5.086170350900000159e+01,-3.094530709300000026e+01,-5.391721116800000146e+01,-2.764468840400000005e+01
2.431211211199999944e+00,-4.941956541500000100e+01,-5.145502144799999655e+01,-3.055964389800000092e+01,-5.272191178900000352e+01,-2.738629725399999870e+01
2.451221221199999967e+00,-4.765381317899999658e+01,-5.064402046600000062e+01,-3.007439578900000043e+01,-5.755691739299999909e+01,-2.733527142399999832e+01
2.471231231199999989e+00,-4.922129316099999841e+01,-5.112898719700000072e+01,-2.983290706500000056e+01,-6.179860662299999774e+01,-2.744550197899999944e+01
2.491241241200000012e+00,-4.760848483099999839e+01,-4.937029666200000122e+01,-2.982655766499999928e+01,-6.138220069999999851e+01,-2.781359985499999965e+01
2.511251251300000042e+00,-4.918858520199999873e+01,-5.191727377699999835e+01,-2.991240770699999985e+01,-5.866009204899999929e+01,-2.773008735499999844e+01
2.531261261300000065e+00,-4.949042728100000232e+01,-5.087461450600000035e+01,-3.077364669299999989e+01,-5.987970487799999830e+01,-2.820657502999999977e+01
2.551271271300000087e+00,-5.060575465600000200e+01,-5.155236589100000089e+01,-3.096722933699999913e+01,-5.438616243199999900e+01,-2.866713969199999923e+01
2.571281281300000110e+00,-5.217657543800000042e+01,-5.130179021200000022e+01,-3.098677061300000091e+01,-5.722186047400000319e+01,-2.917596883699999921e+01
2.591291291300000132e+00,-5.531434513899999672e+01,-4.731652821499999817e+01,-3.127521803200000150e+01,-6.651147150799999963e+01,-2.979269536800000040e+01
2.611301301300000155e+00,-6.405695299699999623e+01,-4.771918615399999908e+01,-3.132200729599999889e+01,-6.128415852199999847e+01,-3.016308791299999825e+01
2.631311311300000177e+00,-5.887808877300000177e+01,-4.621753581600000160e+01,-3.156254086799999925e+01,-6.475243515100000025e+01,-3.056458211500000033e+01
2.651321321300000200e+00,-5.722140955799999773e+01,-4.584915538799999979e+01,-3.182097242900000111e+01,-5.940455330599999684e+01,-3.121203257699999867e+01
2.671331331300000222e+00,-5.693489641699999737e+01,-4.658179028100000352e+01,-3.188452771800000107e+01,-5.630243092500000301e+01,-3.191229732100000049e+01
2.691341341300000245e+00,-5.794026287199999814e+01,-4.642809506799999753e+01,-3.184632994900000114e+01,-5.397489125399999921e+01,-3.264741177700000208e+01
2.711351351400000276e+00,-5.996156690899999830e+01,-4.836535613800000277e+01,-3.165485097999999908e+01,-5.686515066300000143e+01,-3.306376125199999905e+01
2.731361361400000298e+00,-6.008204621299999815e+01,-5.171143101799999897e+01,-3.162271028600000022e+01,-5.863247956499999702e+01,-3.326415775899999971e+01
2.751371371399999877e+00,-5.740413962200000242e+01,-4.937509215000000040e+01,-3.133136971000000059e+01,-5.915509842400000196e+01,-3.271570517600000017e+01
2.771381381399999899e+00,-6.248900531200000330e+01,-5.081079139799999922e+01,-3.109828112900000008e+01,-5.651099732099999784e+01,-3.282145064600000239e+01
2.791391391399999922e+00,-5.610204966900000301e+01,-5.317883772100000073e+01,-3.096596887400000142e+01,-6.413738688700000523e+01,-3.278381805200000088e+01
2.811401401399999944e+00,-5.616355950199999825e+01,-5.508933895500000233e+01,-3.082210424999999887e+01,-6.522069783999999970e+01,-3.298170954100000074e+01
2.831411411399999967e+00,-5.447016714299999762e+01,-5.484678715300000107e+01,-3.020871241600000090e+01,-6.710713717100000508e+01,-3.327328226600000249e+01
2.851421421399999989e+00,-5.539220943200000136e+01,-5.591698824600000250e+01,-2.994480911699999837e+01,-6.837334384700000101e+01,-3.366756608099999681e+01
2.871431431400000012e+00,-5.423405284300000062e+01,-6.016560546600000237e+01,-2.929018392600000098e+01,-5.844660065400000093e+01,-3.443476419699999980e+01
2.891441441400000034e+00,-5.412718578799999847e+01,-6.466126937200000668e+01,-2.907656670600000126e+01,-6.290137712399999970e+01,-3.530194391300000234e+01
2.911451451500000065e+00,-5.147793425700000114e+01,-6.814601088199999879e+01,-2.899287112600000071e+01,-6.136907463699999710e+01,-3.549618254199999967e+01
2.931461461500000087e+00,-5.098295192500000184e+01,-6.433313831099999902e+01,-2.871439136700000105e+01,-6.280713348900000170e+01,-3.553973652599999866e+01
2.951471471500000110e+00,-4.994546175899999696e+01,-5.597892070599999670e+01,-2.844674231000000120e+01,-6.254107108099999834e+01,-3.560606170700000206e+01
2.971481481500000132e+00,-5.024441414999999722e+01,-5.664840975599999950e+01,-2.815991301300000060e+01,-5.584968403500000278e+01,-3.570295173200000249e+01
2.991491491500000155e+00,-5.087292553099999992e+01,-5.910008793299999752e+01,-2.780853227400000094e+01,-5.680170701200000138e+01,-3.568254490300000015e+01
3.011501501500000177e+00,-4.839967321400000344e+01,-5.420007998300000196e+01,-2.750837520700000027e+01,-5.730555888899999673e+01,-3.526498371999999648e+01
3.031511511500000200e+00,-4.746032864499999704e+01,-5.415162955600000316e+01,-2.744284371099999831e+01,-5.437130901799999805e+01,-3.458920923899999877e+01
3.051521521499999778e+00,-4.717429926900000225e+01,-6.241774784100000062e+01,-2.729451940299999890e+01,-5.468479431699999793e+01,-3.398331633099999749e+01
3.071531531499999801e+00,-4.731524876099999943e+01,-7.027739256099999920e+01,-2.694586432199999848e+01,-5.466892242200000140e+01,-3.291643969199999731e+01
3.091541541499999823e+00,-4.637709030799999965e+01,-5.784505418900000251e+01,-2.656588819999999984e+01,-5.736136327799999890e+01,-3.184464370599999938e+01
3.111551551599999854e+00,-4.571111550700000237e+01,-5.072893033799999785e+01,-2.611519718799999978e+01,-5.470703824499999968e+01,-3.118211984699999917e+01
3.131561561599999877e+00,-4.534610035600000089e+01,-5.444073882499999684e+01,-2.588323274400000074e+01,-5.353843896899999777e+01,-3.056055796200000074e+01
3.151571571599999899e+00,-4.584565716499999866e+01,-5.454816702499999792e+01,-2.569915673699999914e+01,-5.417505960999999814e+01,-2.986297347700000060e+01
3.171581581599999922e+00,-4.627484532100000081e+01,-5.148712456300000184e+01,-2.524773133700000116e+01,-5.706019279000000211e+01,-2.893605700899999889e+01
3.191591591599999944e+00,-4.646815327600000245e+01,-5.160717182100000144e+01,-2.512607421299999899e+01,-5.324267991600000016e+01,-2.842268207700000104e+01
3.211601601599999967e+00,-4.433270592400000254e+01,-4.708733680999999649e+01,-2.497267563100000132e+01,-5.331837524800000239e+01,-2.771700946200000004e+01
3.231611611599999989e+00,-4.555358180500000032e+01,-5.010544566499999775e+01,-2.488598603699999856e+01,-5.779828981099999652e+01,-2.732188508500000168e+01
3.251621621600000012e+00,-4.467396187300000321e+01,-4.946227781599999673e+01,-2.475308650699999902e+01,-5.453862535999999750e+01,-2.660734761799999859e+01
3.271631631600000034e+00,-4.612888447800000336e+01,-4.995349532899999900e+01,-2.455877066600000092e+01,-5.764318806600000045e+01,-2.609765404699999891e+01
3.291641641600000057e+00,-4.372379899700000294e+01,-4.942567415199999914e+01,-2.447864254799999983e+01,-5.368521938199999965e+01,-2.558822358000000108e+01
3.311651651699999643e+00,-4.274271880700000281e+01,-4.964623652800000286e+01,-2.457333772899999857e+01,-5.662488300100000060e+01,-2.523256488099999828e+01
3.331661661699999666e+00,-4.207824779599999943e+01,-5.027959034900000290e+01,-2.439019774899999859e+01,-5.495850971400000162e+01,-2.493266682000000145e+01
3.351671671699999688e+00,-4.179161512499999986e+01,-5.196083819500000089e+01,-2.442313872600000124e+01,-5.477531769200000156e+01,-2.468678620000000024e+01
3.371681681699999711e+00,-4.072316274599999986e+01,-5.458879468300000326e+01,-2.435257632700000130e+01,-5.172026838000000026e+01,-2.448560571899999871e+01
3.391691691699999733e+00,-4.131133258999999924e+01,-5.549921371300000317e+01,-2.477317086100000054e+01,-5.380072147900000346e+01,-2.438066242700000075e+01
3.411701701699999756e+00,-4.314456702700000079e+01,-5.499865110199999663e+01,-2.501810976699999856e+01,-5.499986643900000161e+01,-2.408873265100000083e+01
3.431711711699999778e+00,-4.233024722100000048e+01,-5.210250078800000040e+01,-2.545120720599999942e+01,-5.414417735399999998e+01,-2.373337625099999926e+01
3.451721721699999801e+00,-4.297096946799999984e+01,-4.793338702999999867e+01,-2.595374014700000131e+01,-5.753015309500000285e+01,-2.358733073000000147e+01
3.471731731699999823e+00,-4.166835757999999856e+01,-5.077778057300000114e+01,-2.638924236900000153e+01,-5.186539552899999705e+01,-2.325127191099999990e+01
3.491741741699999846e+00,-4.146828897500000011e+01,-5.459691439200000218e+01,-2.682826851000000090e+01,-5.540253501800000180e+01,-2.291159491100000167e+01
3.511751751800000321e+00,-4.221589912400000344e+01,-5.143559576199999839e+01,-2.751729603900000143e+01,-5.224923375299999861e+01,-2.258486208800000128e+01
3.531761761800000343e+00,-4.011995690900000255e+01,-4.984932114200000086e+01,-2.751311883400000013e+01,-6.047165466799999933e+01,-2.232288835099999957e+01
3.551771771800000366e+00,-4.026954068100000228e+01,-4.900685057599999794e+01,-2.798387828899999974e+01,-5.514988831499999833e+01,-2.210428398099999825e+01
3.571781781800000388e+00,-3.991699481399999883e+01,-4.954431996699999985e+01,-2.864468160099999849e+01,-5.496879778499999958e+01,-2.206516953099999867e+01
3.591791791800000411e+00,-3.888216948800000239e+01,-4.623051309499999917e+01,-2.885942934399999871e+01,-6.409517521399999396e+01,-2.199752049800000009e+01
3.611801801799999989e+00,-3.851658114399999988e+01,-4.447510801100000322e+01,-2.932055023099999858e+01,-5.690437001699999797e+01,-2.203844963999999962e+01
3.631811811800000012e+00,-3.745431961300000268e+01,-4.497788905499999856e+01,-2.985403751999999855e+01,-5.401585680699999870e+01,-2.201675460099999881e+01
3.651821821800000034e+00,-3.827469199899999808e+01,-4.395051434599999851e+01,-2.970771967599999996e+01,-5.749319759200000135e+01,-2.205423562900000078e+01
3.671831831800000057e+00,-3.819949597299999766e+01,-4.313201306999999929e+01,-2.948570963899999953e+01,-6.340488529099999937e+01,-2.203575269099999900e+01
3.691841841800000079e+00,-3.852944718500000221e+01,-4.171701778500000302e+01,-2.943930979199999953e+01,-6.642907775400000503e+01,-2.194636884100000174e+01
3.711851851900000110e+00,-3.743235493000000247e+01,-4.179355768399999960e+01,-2.970025724399999945e+01,-5.824524627299999935e+01,-2.199968983300000147e+01
3.731861861900000132e+00,-3.737183354300000104e+01,-4.074861124200000262e+01,-2.975057110699999896e+01,-6.338021800300000308e+01,-2.216298582900000014e+01
3.751871871900000155e+00,-3.692105611899999928e+01,-4.064026906000000139e+01,-2.991071025400000138e+01,-6.515135504500000252e+01,-2.222193602400000145e+01
3.771881881900000177e+00,-3.612238140800000252e+01,-3.884626194100000163e+01,-2.988651118599999990e+01,-5.765388996400000110e+01,-2.243341754300000090e+01
3.791891891900000200e+00,-3.609180872799999662e+01,-3.847169367600000101e+01,-3.010007383399999981e+01,-5.590873570200000131e+01,-2.269236948100000006e+01
3.811901901900000222e+00,-3.549778682200000191e+01,-3.732736705800000010e+01,-3.003756307300000117e+01,-5.883645105800000152e+01,-2.294498650299999909e+01
3.831911911900000245e+00,-3.525339322300000333e+01,-3.676453951900000305e+01,-3.007249679199999903e+01,-6.337154308699999916e+01,-2.322157725099999936e+01
3.851921921900000267e+00,-3.527006245999999834e+01,-3.599239592899999707e+01,-2.983391423400000164e+01,-6.536859966000000099e+01,-2.355213526500000043e+01
3.871931931900000290e+00,-3.541152576399999674e+01,-3.514128313999999875e+01,-2.977032463999999834e+01,-6.457469034400000396e+01,-2.367225550599999906e+01
3.891941941900000312e+00,-3.513827206700000261e+01,-3.559025196799999691e+01,-3.036461152600000091e+01,-6.532951316000000475e+01,-2.390173516999999848e+01
3.911951951999999899e+00,-3.474566908199999915e+01,-3.459851417899999859e+01,-3.050537594200000058e+01,-5.827233556800000258e+01,-2.416545851200000072e+01
3.931961961999999922e+00,-3.527894403100000176e+01,-3.503829900000000208e+01,-3.145040764000000166e+01,-5.896718247100000099e+01,-2.439454870100000150e+01
3.951971971999999944e+00,-3.541839601800000281e+01,-3.500323750700000147e+01,-3.149556536800000117e+01,-5.944683958000000246e+01,-2.462799775699999927e+01
3.971981981999999967e+00,-3.518887827700000059e+01,-3.468343228799999878e+01,-3.195911321199999833e+01,-6.244175815799999896e+01,-2.476068451400000114e+01
3.991991991999999989e+00,-3.562366949300000130e+01,-3.451946444800000080e+01,-3.237571959099999930e+01,-6.387753688499999782e+01,-2.487552708100000132e+01
4.012002002000000012e+00,-3.588639167200000202e+01,-3.421438317199999801e+01,-3.327979031699999979e+01,-6.005526807799999744e+01,-2.495381373900000099e+01
4.032012012000000034e+00,-3.563251989100000117e+01,-3.431911771499999730e+01,-3.342811667299999812e+01,-6.681782606100000521e+01,-2.511795526299999892e+01
4.052022022000000057e+00,-3.554150691200000267e+01,-3.388029440500000078e+01,-3.414478798599999720e+01,-6.090260223500000336e+01,-2.514261768900000149e+01
4.072032032000000079e+00,-3.548233467800000085e+01,-3.460294565699999936e+01,-3.406657520200000278e+01,-5.556710593900000106e+01,-2.550435607600000054e+01
4.092042042000000102e+00,-3.679031433099999759e+01,-3.375148796799999928e+01,-3.418292346300000162e+01,-6.110410559299999989e+01,-2.573276658300000008e+01
4.112052052100000132e+00,-3.678019969599999683e+01,-3.322101596499999943e+01,-3.559020998700000149e+01,-5.904670016400000065e+01,-2.581528195299999950e+01
4.132062062100000155e+00,-3.708467245300000315e+01,-3.276194644800000333e+01,-3.729994697200000076e+01,-5.243718631499999816e+01,-2.603224171600000147e+01
4.152072072100000177e+00,-3.759779840299999876e+01,-3.299720818099999775e+01,-3.967181944600000065e+01,-5.483363803900000022e+01,-2.626384523000000115e+01
4.172082082100000200e+00,-3.770447297100000128e+01,-3.322218054900000084e+01,-4.029162836900000144e+01,-6.094500693700000227e+01,-2.631493597800000117e+01
4.192092092100000222e+00,-3.815978867599999802e+01,-3.391333159500000249e+01,-4.016162191099999745e+01,-5.625014454800000152e+01,-2.655780741599999928e+01
4.212102102100000245e+00,-3.920707717300000184e+01,-3.370584168399999925e+01,-4.532041382700000298e+01,-5.545505230399999874e+01,-2.711386727500000049e+01
4.232112112100000267e+00,-3.765450207899999668e+01,-3.378933622699999972e+01,-4.515539208700000273e+01,-6.837317254699999580e+01,-2.715418245600000091e+01
4.252122122100000290e+00,-3.932183876900000286e+01,-3.309604176999999936e+01,-4.220889242799999863e+01,-5.876611408899999844e+01,-2.762127743199999941e+01
4.272132132100000312e+00,-3.938694264899999808e+01,-3.308451149799999769e+01,-4.045613133199999822e+01,-5.656094597199999896e+01,-2.736313198699999916e+01
4.292142142100000335e+00,-3.928913878899999901e+01,-3.316829101999999807e+01,-3.932362042399999780e+01,-6.971778867099999388e+01,-2.736883170799999832e+01
4.312152152199999477e+00,-3.916504809700000322e+01,-3.339864544800000346e+01,-3.933699319899999836e+01,-5.388807802299999850e+01,-2.761445525599999939e+01
4.332162162199999500e+00,-3.936706210599999878e+01,-3.307723147099999750e+01,-3.723001914999999684e+01,-6.056961048200000164e+01,-2.793714960699999850e+01
4.352172172199999522e+00,-4.104288389599999931e+01,-3.294988845200000327e+01,-3.647490327300000246e+01,-6.214772255199999762e+01,-2.752809339299999891e+01
4.372182182199999545e+00,-4.099609599400000093e+01,-3.268635103900000161e+01,-3.594570234100000050e+01,-5.745706920899999659e+01,-2.749082265099999844e+01
4.392192192199999567e+00,-4.187382098399999819e+01,-3.284123609299999913e+01,-3.474529603700000280e+01,-5.440729158500000295e+01,-2.736534533200000041e+01
4.412202202199999590e+00,-4.070788408699999650e+01,-3.386458340499999764e+01,-3.503439692999999977e+01,-5.649590489300000229e+01,-2.749874624899999986e+01
4.432212212199999612e+00,-3.982920534600000195e+01,-3.353375793000000016e+01,-3.410569545999999974e+01,-5.493302148899999793e+01,-2.738698358699999957e+01
4.452222222199999635e+00,-4.066648009800000096e+01,-3.249473868300000134e+01,-3.307963864100000251e+01,-6.064678352499999647e+01,-2.774636323500000046e+01
4.472232232199999657e+00,-4.019026194900000348e+01,-3.200489401299999770e+01,-3.161877780300000040e+01,-5.642641725200000025e+01,-2.835882483700000023e+01
4.492242242199999680e+00,-3.971242383199999892e+01,-3.321263029499999675e+01,-3.116173152200000018e+01,-5.151363577099999702e+01,-2.860990359699999885e+01
4.512252252300000599e+00,-3.983092133600000295e+01,-3.210549250999999771e+01,-3.184720638099999945e+01,-4.914764500199999731e+01,-2.970037122400000129e+01
4.532262262300000621e+00,-3.879885410899999698e+01,-3.211748540399999996e+01,-3.158157905599999893e+01,-4.892401400899999686e+01,-3.036491817699999984e+01
4.552272272299999756e+00,-3.865660029899999728e+01,-3.158447794399999964e+01,-3.096342069800000019e+01,-5.040717689699999937e+01,-3.143181163299999881e+01
4.572282282299999778e+00,-3.973500703999999928e+01,-3.195215471399999885e+01,-3.045604999700000093e+01,-4.533809406000000308e+01,-3.182875958400000016e+01
4.592292292299999801e+00,-3.784108662100000231e+01,-3.183696074099999862e+01,-3.037188743200000118e+01,-4.298335213899999729e+01,-3.264908426000000219e+01
4.612302302299999823e+00,-3.954226878299999726e+01,-3.191017517899999945e+01,-2.982771136999999939e+01,-4.480674593399999850e+01,-3.394340192699999648e+01
4.632312312299999846e+00,-3.869324823099999833e+01,-3.222284488199999686e+01,-2.974642960799999969e+01,-4.344013345999999842e+01,-3.387156177399999990e+01
4.652322322299999868e+00,-4.010145694799999916e+01,-3.174720212400000108e+01,-2.961781374299999925e+01,-4.388666227800000286e+01,-3.366540683899999920e+01
4.672332332299999891e+00,-3.899384732099999695e+01,-3.221540993499999672e+01,-2.861420747500000061e+01,-4.355978933000000097e+01,-3.208069974099999655e+01
4.692342342299999913e+00,-4.205424900199999882e+01,-3.227036058800000262e+01,-2.877608923200000035e+01,-4.212554596500000059e+01,-3.154139801399999854e+01
4.712352352399999944e+00,-4.138231577100000180e+01,-3.184879869099999894e+01,-2.847187468599999960e+01,-4.230013755600000280e+01,-3.014988495800000123e+01
4.732362362399999967e+00,-4.185055377500000162e+01,-3.246171986200000248e+01,-2.801765804500000101e+01,-4.391082762199999934e+01,-2.946500283299999978e+01
4.752372372399999989e+00,-4.129191732099999967e+01,-3.344665759099999747e+01,-2.805707181000000006e+01,-4.176081826800000130e+01,-2.880335398400000102e+01
4.772382382400000012e+00,-4.302325852599999934e+01,-3.373910168199999760e+01,-2.769082106899999829e+01,-4.291351335899999953e+01,-2.815486252299999848e+01
4.792392392400000034e+00,-4.450987699800000286e+01,-3.458831069899999733e+01,-2.752383277399999884e+01,-4.090082132399999892e+01,-2.766250845800000135e+01
4.812402402400000057e+00,-4.615642848899999962e+01,-3.601540615199999706e+01,-2.684518112399999978e+01,-4.184201731600000329e+01,-2.727401418499999863e+01
4.832412412399999191e+00,-4.364981147999999678e+01,-3.560220379100000088e+01,-2.681875217900000052e+01,-4.182521585799999997e+01,-2.720214798900000019e+01
4.852422422399999213e+00,-4.784495832300000018e+01,-3.562457976700000017e+01,-2.687998500699999838e+01,-4.138114681999999789e+01,-2.696922248399999944e+01
4.872432432399999236e+00,-4.614384693899999945e+01,-3.599276993800000213e+01,-2.668472097900000151e+01,-4.114942758400000145e+01,-2.698708933700000046e+01
4.892442442399999258e+00,-4.733308350200000092e+01,-3.712842463100000145e+01,-2.648435550599999999e+01,-4.130358268999999893e+01,-2.685511087100000083e+01
4.912452452500000177e+00,-4.620833713900000106e+01,-3.662118788800000146e+01,-2.612800423299999864e+01,-4.175367275199999995e+01,-2.707774761900000016e+01
4.932462462500000200e+00,-4.469333723900000166e+01,-3.633577381100000281e+01,-2.567970117400000163e+01,-4.066258042399999795e+01,-2.690375186200000002e+01
4.952472472500000222e+00,-4.349440926300000143e+01,-3.764305442399999890e+01,-2.524541573500000169e+01,-4.165934011800000292e+01,-2.708312342199999989e+01
4.972482482500000245e+00,-4.450438365899999837e+01,-3.821244468999999810e+01,-2.514412303800000004e+01,-4.134276447799999943e+01,-2.716025749800000000e+01
4.992492492500000267e+00,-4.208848671500000194e+01,-3.794837277500000283e+01,-2.485211615700000110e+01,-4.003371632900000066e+01,-2.742159797600000104e+01
5.012502502500000290e+00,-4.097807199599999706e+01,-3.699610521999999690e+01,-2.411212127399999972e+01,-4.084345116899999795e+01,-2.734932671800000037e+01
5.032512512500000312e+00,-4.341480924700000088e+01,-3.744620624800000286e+01,-2.399885384899999963e+01,-4.170469066199999730e+01,-2.790218414099999933e+01
5.052522522500000335e+00,-4.380648249800000116e+01,-3.725554617099999888e+01,-2.374319856500000014e+01,-4.014776330699999818e+01,-2.789228745799999842e+01
5.072532532500000357e+00,-4.087991728600000130e+01,-3.676620613899999768e+01,-2.339501439700000063e+01,-4.029451459199999874e+01,-2.793487255499999833e+01
5.092542542500000380e+00,-4.077217644899999982e+01,-3.660820400499999749e+01,-2.272251932300000021e+01,-4.166527250499999724e+01,-2.801572838299999901e+01
5.112552552600000411e+00,-4.152704589599999707e+01,-3.604505790599999671e+01,-2.236083259200000128e+01,-4.276317193399999894e+01,-2.863049286800000104e+01
5.132562562600000433e+00,-4.184315727100000259e+01,-3.462752944500000041e+01,-2.166590439699999848e+01,-4.225355373400000047e+01,-2.897636168600000062e+01
5.152572572600000456e+00,-4.233516936499999872e+01,-3.436593995799999846e+01,-2.155165241899999984e+01,-4.165738668899999908e+01,-2.901732399400000162e+01
5.172582582600000478e+00,-4.331931998999999678e+01,-3.402564329900000217e+01,-2.131062925699999866e+01,-4.244702467900000187e+01,-2.932417787600000025e+01
5.192592592600000501e+00,-4.343397640399999915e+01,-3.421710584899999930e+01,-2.106784325499999966e+01,-4.262104710399999874e+01,-3.109926231900000104e+01
5.212602602600000523e+00,-4.210839024399999886e+01,-3.380882688999999885e+01,-2.093364363499999925e+01,-4.332283570399999917e+01,-3.081988283500000136e+01
5.232612612600000546e+00,-4.168356718599999766e+01,-3.257988183599999843e+01,-2.057977051900000021e+01,-4.389012964199999800e+01,-3.200094268600000191e+01
5.252622622600000568e+00,-4.460186802300000153e+01,-3.371523039200000227e+01,-2.056269473400000081e+01,-4.537659261900000018e+01,-3.264410259900000000e+01
5.272632632600000591e+00,-4.026650333500000301e+01,-3.354412845899999951e+01,-2.053149395100000163e+01,-4.643082561500000338e+01,-3.293003051400000203e+01
5.292642642600000613e+00,-4.413135272099999895e+01,-3.276104633100000285e+01,-2.046727236899999980e+01,-4.440650013300000154e+01,-3.440652606399999769e+01
5.312652652699999756e+00,-4.750890321199999988e+01,-3.274595710199999843e+01,-2.026054005800000013e+01,-4.281202371799999895e+01,-3.375479035099999692e+01
5.332662662699999778e+00,-4.960275905499999993e+01,-3.307191836199999813e+01,-2.047967563399999946e+01,-4.514981757700000031e+01,-3.392334271200000018e+01
5.352672672699999801e+00,-5.022949672899999740e+01,-3.211646628599999787e+01,-2.030943741600000152e+01,-4.333648036299999973e+01,-3.442019221700000031e+01
5.372682682699999823e+00,-4.884265711500000151e+01,-3.238050740300000285e+01,-2.049192783000000162e+01,-4.488962170100000293e+01,-3.464600071600000319e+01
5.392692692699999846e+00,-5.048327153500000009e+01,-3.179390651199999951e+01,-2.066265501899999890e+01,-4.646339886199999825e+01,-3.570049264200000039e+01
5.412702702699999868e+00,-4.775070960800000108e+01,-3.174967332199999959e+01,-2.095646194500000092e+01,-4.743046365899999728e+01,-3.594654677500000162e+01
5.432712712699999891e+00,-4.662561717599999866e+01,-3.149353967000000054e+01,-2.117992504600000103e+01,-4.252258949299999813e+01,-3.468346003900000341e+01
5.452722722699999913e+00,-4.725245162800000287e+01,-3.032195249899999823e+01,-2.129651420300000098e+01,-4.583415525000000201e+01,-3.401599941300000296e+01
5.472732732699999936e+00,-5.562140091500000239e+01,-3.056533321599999908e+01,-2.201347557300000091e+01,-4.701977530799999982e+01,-3.386819695700000210e+01
5.492742742699999958e+00,-4.655268485300000236e+01,-3.052998422399999967e+01,-2.219180511800000133e+01,-4.602815986899999956e+01,-3.374573618699999855e+01
5.512752752799999989e+00,-4.790077758599999669e+01,-2.949111576199999973e+01,-2.261471432600000142e+01,-4.626109039300000347e+01,-3.293348003500000232e+01
5.532762762800000012e+00,-5.880491108500000053e+01,-2.915061781800000063e+01,-2.281635940800000029e+01,-4.849576252300000334e+01,-3.324638408900000286e+01
5.552772772800000034e+00,-4.831190267099999858e+01,-2.896881547899999987e+01,-2.313510031299999881e+01,-4.968014873700000322e+01,-3.249255568400000271e+01
5.572782782800000057e+00,-4.735739713299999920e+01,-2.936078226600000107e+01,-2.322751852300000053e+01,-4.468097882800000065e+01,-3.260576960600000263e+01
5.592792792800000079e+00,-4.450770665200000309e+01,-2.839052531999999829e+01,-2.322696672600000056e+01,-4.496752196999999995e+01,-3.193601351999999949e+01
5.612802802800000102e+00,-5.003825377500000116e+01,-2.820198922699999855e+01,-2.370509714700000004e+01,-4.557404522299999883e+01,-3.276953173700000121e+01
5.632812812800000124e+00,-4.752642008400000151e+01,-2.804238129999999884e+01,-2.382605160800000021e+01,-4.786893630200000160e+01,-3.306094660600000168e+01
5.652822822800000147e+00,-4.779986343899999923e+01,-2.725156323599999908e+01,-2.375366417300000066e+01,-5.137971926699999869e+01,-3.263071034600000075e+01
5.672832832800000169e+00,-4.694299079900000038e+01,-2.650501808099999934e+01,-2.343761312499999860e+01,-4.440645355400000227e+01,-3.443821992899999884e+01
5.692842842800000192e+00,-5.030300326399999733e+01,-2.617760042400000131e+01,-2.327423711499999825e+01,-4.404608782999999761e+01,-3.378719598800000057e+01
5.712852852899999334e+00,-4.890589889299999982e+01,-2.561411739600000104e+01,-2.346768117299999901e+01,-4.530923186399999736e+01,-3.452166092699999922e+01
5.732862862899999357e+00,-4.556780694599999748e+01,-2.546391166800000150e+01,-2.346379093699999885e+01,-4.621839292599999993e+01,-3.588502148900000321e+01
5.752872872899999379e+00,-4.845113316999999853e+01,-2.521171394499999963e+01,-2.327597782999999865e+01,-4.594866829099999705e+01,-3.771773806099999859e+01
5.772882882899999402e+00,-5.314336606300000199e+01,-2.471822233199999985e+01,-2.331007191400000167e+01,-4.327888856399999895e+01,-4.032144757199999674e+01
5.792892892899999424e+00,-5.268143262800000315e+01,-2.481210326900000140e+01,-2.316651873600000044e+01,-4.739805882000000281e+01,-4.327728368300000028e+01
5.812902902899999447e+00,-4.765089617800000354e+01,-2.437380011500000165e+01,-2.354246133399999863e+01,-4.706373292199999980e+01,-4.591401243399999998e+01
5.832912912899999469e+00,-5.383731650800000068e+01,-2.409060342000000077e+01,-2.345008390899999995e+01,-4.881373438699999667e+01,-4.937774256600000200e+01
5.852922922899999492e+00,-4.604352511900000167e+01,-2.378869172499999962e+01,-2.357782725799999923e+01,-4.938516004899999956e+01,-4.732983566299999723e+01
5.872932932899999514e+00,-4.475790247999999849e+01,-2.324792794800000095e+01,-2.364093941300000168e+01,-4.773488317799999692e+01,-4.666044057999999950e+01
5.892942942899999537e+00,-4.784576529099999931e+01,-2.276781144599999962e+01,-2.359704480199999921e+01,-5.303915133400000315e+01,-4.208470581299999935e+01
5.912952952999999567e+00,-5.040647901799999886e+01,-2.245151036200000050e+01,-2.387104751000000036e+01,-5.458924960299999896e+01,-3.972482395899999830e+01
5.932962962999999590e+00,-4.847962465599999859e+01,-2.211438257800000073e+01,-2.439526709400000115e+01,-4.827030907900000045e+01,-3.789474930099999739e+01
5.952972972999999612e+00,-5.099977988799999906e+01,-2.250662280099999890e+01,-2.467604642799999937e+01,-5.175829451700000305e+01,-3.590363466600000208e+01
5.972982982999999635e+00,-5.089503774500000333e+01,-2.202023921600000023e+01,-2.461484623999999855e+01,-4.544195195199999660e+01,-3.455530641699999705e+01
5.992992992999999657e+00,-4.872559206399999709e+01,-2.215048701399999942e+01,-2.487503992099999905e+01,-4.774217069499999866e+01,-3.426409317899999962e+01
6.013003002999999680e+00,-4.814277924000000297e+01,-2.220961454800000112e+01,-2.474383620600000100e+01,-4.217225744800000342e+01,-3.300195891799999970e+01
6.033013012999999702e+00,-4.708309140400000103e+01,-2.193622916800000056e+01,-2.517249985699999826e+01,-4.251406654699999876e+01,-3.222604916899999949e+01
6.053023022999999725e+00,-5.130390755100000177e+01,-2.230784503199999946e+01,-2.566755831500000085e+01,-3.898939993999999842e+01,-3.158303499499999845e+01
6.073033032999999747e+00,-4.747363847300000117e+01,-2.235234276399999942e+01,-2.545433141599999871e+01,-3.822688162200000050e+01,-3.135366324199999966e+01
6.093043042999999770e+00,-4.721394183000000311e+01,-2.256503547699999856e+01,-2.553654220099999961e+01,-3.668858277799999712e+01,-3.151642616499999860e+01
6.113053053100000689e+00,-4.495875509500000078e+01,-2.253075594899999956e+01,-2.575785035799999889e+01,-3.548925924299999934e+01,-3.072062852299999847e+01
6.133063063100000711e+00,-4.982982988500000232e+01,-2.286999677500000061e+01,-2.573912419099999838e+01,-3.496845935099999991e+01,-3.002525050999999934e+01
6.153073073100000734e+00,-4.517971518600000280e+01,-2.370694891500000168e+01,-2.630165361399999924e+01,-3.293906416699999795e+01,-3.046068121500000103e+01
6.173083083100000756e+00,-4.801316750299999825e+01,-2.417800381300000012e+01,-2.634627371299999865e+01,-3.348308825400000188e+01,-2.907280082200000138e+01
6.193093093100000779e+00,-4.173173171100000189e+01,-2.500097272800000070e+01,-2.643521898799999903e+01,-3.280859338399999814e+01,-2.983226528200000160e+01
6.213103103100000801e+00,-4.546212048699999997e+01,-2.534447807600000147e+01,-2.646709156200000024e+01,-3.203292506799999728e+01,-2.987066866900000051e+01
6.233113113100000824e+00,-4.492163401700000236e+01,-2.630350493199999917e+01,-2.725762608100000151e+01,-3.136959780800000175e+01,-2.952096170600000136e+01
6.253123123099999958e+00,-4.402407975799999917e+01,-2.767540154499999971e+01,-2.756858445399999979e+01,-3.041301966099999987e+01,-2.977629768399999932e+01
6.273133133099999981e+00,-5.024930462100000028e+01,-2.874031625199999951e+01,-2.707950318500000009e+01,-3.009876096200000006e+01,-2.897662959199999833e+01
6.293143143100000003e+00,-4.407808245900000088e+01,-2.921081337500000075e+01,-2.760745657900000083e+01,-2.999685345099999978e+01,-2.908792093199999940e+01
6.313153153200000034e+00,-5.355850515699999903e+01,-3.028881456899999947e+01,-2.762207439999999892e+01,-2.906727618400000068e+01,-2.877280405500000171e+01
6.333163163200000056e+00,-4.842056077299999828e+01,-3.199010422699999978e+01,-2.772429393099999828e+01,-2.875685721700000030e+01,-2.731204822000000121e+01
6.353173173200000079e+00,-4.769918992299999871e+01,-3.317043363900000230e+01,-2.743078194699999983e+01,-2.858752193500000160e+01,-2.693754595100000060e+01
6.373183183200000101e+00,-4.739394350500000286e+01,-3.345185143599999833e+01,-2.731803229599999838e+01,-2.856443747799999855e+01,-2.628259485399999917e+01
6.393193193200000124e+00,-4.871431659200000297e+01,-3.314920053499999852e+01,-2.729535122200000075e+01,-2.854490752699999945e+01,-2.565715128700000136e+01
6.413203203200000146e+00,-4.300422355300000277e+01,-3.370815019900000209e+01,-2.762229498599999999e+01,-2.823810267900000071e+01,-2.514248113700000076e+01
6.433213213200000169e+00,-4.674129541500000329e+01,-3.349821032399999865e+01,-2.735397392599999833e+01,-2.830687840499999908e+01,-2.445338989800000107e+01
6.453223223200000191e+00,-4.269389829899999711e+01,-3.347368523800000162e+01,-2.731686597599999899e+01,-2.887234368100000026e+01,-2.410842072999999885e+01
6.473233233200000214e+00,-4.280865473000000065e+01,-3.330463676600000156e+01,-2.794157352699999919e+01,-2.844471668899999983e+01,-2.363690502400000071e+01
6.493243243200000236e+00,-4.222210708200000084e+01,-3.215638666800000323e+01,-2.816311694399999865e+01,-2.902326061899999843e+01,-2.381153148900000005e+01
6.513253253300000267e+00,-3.827265514700000182e+01,-3.216687471600000237e+01,-2.861017088199999847e+01,-2.889301853999999992e+01,-2.368489731600000070e+01
6.533263263300000290e+00,-3.848290152500000261e+01,-3.326116088500000245e+01,-2.886386303700000155e+01,-3.004202368300000003e+01,-2.354577705599999859e+01
6.553273273300000312e+00,-3.898365074200000180e+01,-3.251678912300000235e+01,-2.925015336299999902e+01,-2.943088501700000137e+01,-2.344724347900000083e+01
6.573283283300000335e+00,-4.003330617799999658e+01,-3.338013510999999767e+01,-2.947692190600000117e+01,-2.981214973999999884e+01,-2.375150484599999956e+01
6.593293293300000357e+00,-3.958064723599999724e+01,-3.369549577400000118e+01,-3.074976908400000042e+01,-2.943261037099999911e+01,-2.382187096399999859e+01
6.613303303300000380e+00,-4.012700618000000219e+01,-3.567445922800000346e+01,-3.102450844399999852e+01,-2.969063625100000081e+01,-2.381294261000000034e+01
6.633313313300000402e+00,-3.857539238500000067e+01,-3.721723287399999691e+01,-3.180338428399999984e+01,-3.012704932200000130e+01,-2.383686890399999925e+01
6.653323323300000425e+00,-3.821742545699999738e+01,-3.550200633800000105e+01,-3.300505141200000025e+01,-2.991207150700000028e+01,-2.380777874099999991e+01
6.673333333300000447e+00,-3.902850409999999926e+01,-3.701177856999999705e+01,-3.637904543999999873e+01,-2.960397244800000038e+01,-2.397583293900000001e+01
6.693343343300000470e+00,-3.790917745600000188e+01,-3.651112513100000001e+01,-3.693719297100000176e+01,-3.001678311399999899e+01,-2.392898762400000123e+01
6.713353353399999612e+00,-3.918103703999999965e+01,-3.621676453999999978e+01,-4.099776876100000322e+01,-2.917736010500000177e+01,-2.419808930499999988e+01
6.733363363399999635e+00,-3.706953729500000350e+01,-3.453183603200000107e+01,-4.754904588400000165e+01,-3.052979985700000043e+01,-2.402043862600000068e+01
6.753373373399999657e+00,-3.897588440300000201e+01,-3.474265682099999708e+01,-6.141514083999999940e+01,-2.976349785000000026e+01,-2.381280648999999983e+01
6.773383383399999680e+00,-3.901844184200000143e+01,-3.300691342300000031e+01,-4.368564211000000341e+01,-2.951033598400000102e+01,-2.378483295499999883e+01
6.793393393399999702e+00,-4.171321249799999720e+01,-3.209902215599999664e+01,-4.028579988500000297e+01,-2.936788359799999881e+01,-2.359914882400000025e+01
6.813403403399999725e+00,-4.148550482899999992e+01,-3.142266293300000157e+01,-3.997918467099999873e+01,-2.906886900800000006e+01,-2.380464607600000093e+01
6.833413413399999747e+00,-4.036375318799999690e+01,-3.007819215700000015e+01,-3.655436547000000047e+01,-2.898818620200000140e+01,-2.343794865699999974e+01
6.853423423399999770e+00,-3.804987331299999909e+01,-2.880256920200000081e+01,-3.488586195700000303e+01,-2.838761893799999925e+01,-2.337948719499999939e+01
6.873433433399999792e+00,-4.022917187499999869e+01,-2.833054292499999960e+01,-3.505171038299999964e+01,-2.820379725700000151e+01,-2.348953434999999956e+01
6.893443443399999815e+00,-3.917623962999999776e+01,-2.733465190200000094e+01,-3.310216267399999879e+01,-2.796908060199999824e+01,-2.331611302600000002e+01
6.913453453499999846e+00,-4.125003010799999714e+01,-2.703839107499999983e+01,-3.292130520300000285e+01,-2.761781308500000165e+01,-2.354151614999999964e+01
6.933463463499999868e+00,-3.918772135900000109e+01,-2.633235397500000019e+01,-3.241597963000000249e+01,-2.731757527499999938e+01,-2.356502239799999998e+01
6.953473473499999891e+00,-3.859308375599999863e+01,-2.542565388499999912e+01,-3.110932947699999929e+01,-2.727956334599999977e+01,-2.386717044099999896e+01
6.973483483499999913e+00,-3.726862706099999656e+01,-2.555160194799999829e+01,-3.031826752799999980e+01,-2.713084689400000116e+01,-2.388506729899999925e+01
6.993493493499999936e+00,-3.615249169999999879e+01,-2.541141850900000065e+01,-3.105325419400000087e+01,-2.695294906699999871e+01,-2.429244791500000034e+01
7.013503503499999958e+00,-3.586349516800000004e+01,-2.459274672000000095e+01,-3.046639284500000144e+01,-2.738118945200000098e+01,-2.428989855600000070e+01
7.033513513499999981e+00,-3.461592665300000249e+01,-2.429353094300000038e+01,-3.008250774800000116e+01,-2.669219882499999841e+01,-2.484235604299999878e+01
7.053523523500000003e+00,-3.569074960799999729e+01,-2.430721572199999869e+01,-3.001251600200000169e+01,-2.694528019399999863e+01,-2.495451019200000076e+01
7.073533533500000026e+00,-3.522627850700000351e+01,-2.400829040400000025e+01,-2.993480641100000028e+01,-2.686860323799999861e+01,-2.538282979399999917e+01
7.093543543500000048e+00,-3.479257950499999907e+01,-2.392427982699999944e+01,-2.981757391500000054e+01,-2.659453637200000031e+01,-2.582543969399999995e+01
7.113553553600000079e+00,-3.384128533999999888e+01,-2.408728165899999851e+01,-2.942732165299999991e+01,-2.672478727400000054e+01,-2.632728197100000145e+01
7.133563563600000101e+00,-3.520220218299999715e+01,-2.406446433300000010e+01,-2.863234089599999876e+01,-2.637273945900000172e+01,-2.727178160800000128e+01
7.153573573600000124e+00,-3.456512562000000344e+01,-2.467619559799999962e+01,-2.861479200699999836e+01,-2.684744016000000144e+01,-2.784743007799999859e+01
7.173583583600000146e+00,-3.629072240699999696e+01,-2.461909531799999939e+01,-2.813581394099999855e+01,-2.711788957399999944e+01,-2.840111220200000020e+01
7.193593593600000169e+00,-3.572633037800000011e+01,-2.515833784799999862e+01,-2.752723699099999877e+01,-2.707585197699999924e+01,-2.942325986899999890e+01
7.213603603600000191e+00,-3.523010429699999690e+01,-2.563706055200000122e+01,-2.781537518100000028e+01,-2.725619211100000072e+01,-3.039815107600000132e+01
7.233613613600000214e+00,-3.557914684800000060e+01,-2.551734616899999963e+01,-2.739048034900000061e+01,-2.711548305299999839e+01,-3.136122373499999938e+01
7.253623623600000236e+00,-3.474322794599999753e+01,-2.634454198899999966e+01,-2.707708889999999968e+01,-2.753014870299999828e+01,-3.243095460400000007e+01
7.273633633600000259e+00,-3.707091669999999795e+01,-2.711951330500000168e+01,-2.681763301000000155e+01,-2.795598189000000033e+01,-3.370730062799999871e+01
7.293643643600000281e+00,-3.694574121099999786e+01,-2.811596277599999993e+01,-2.652432442099999932e+01,-2.821308763900000116e+01,-3.580514507800000246e+01
7.313653653699999424e+00,-3.742539086499999712e+01,-3.006666714700000043e+01,-2.628584697200000164e+01,-2.873258766300000033e+01,-3.563517646599999722e+01
7.333663663699999447e+00,-3.595969178899999719e+01,-3.065628890800000050e+01,-2.647051934699999975e+01,-2.862533236599999853e+01,-3.623312493400000278e+01
7.353673673699999469e+00,-3.748165449999999765e+01,-3.262512269100000140e+01,-2.588029711600000127e+01,-2.898176102800000109e+01,-3.655050076199999864e+01
7.373683683699999492e+00,-3.776426152799999869e+01,-3.453576057899999796e+01,-2.654930280099999962e+01,-2.898392605500000130e+01,-3.602387948799999862e+01
7.393693693699999514e+00,-3.888271529499999701e+01,-3.673098171499999864e+01,-2.687125175999999982e+01,-2.925011825200000004e+01,-3.427077327500000337e+01
7.413703703699999537e+00,-3.962087543100000175e+01,-3.824417952900000017e+01,-2.639011937600000124e+01,-2.922586521099999857e+01,-3.491794527300000084e+01
7.433713713699999559e+00,-4.056047557499999812e+01,-3.903194929499999688e+01,-2.698545517799999871e+01,-2.916602561599999888e+01,-3.470222514900000021e+01
7.453723723699999582e+00,-4.113129018499999745e+01,-3.740382928300000032e+01,-2.723750595299999944e+01,-2.990730033799999887e+01,-3.396019950899999884e+01
7.473733733699999604e+00,-4.513275386200000128e+01,-3.503114595200000281e+01,-2.789230961499999850e+01,-2.983327797600000153e+01,-3.539478704900000139e+01
7.493743743699999627e+00,-4.371392018499999921e+01,-3.367211730900000077e+01,-2.820189859399999932e+01,-2.945805914600000008e+01,-3.436859809799999965e+01
7.513753753800000545e+00,-4.399982706899999840e+01,-3.136278763500000011e+01,-2.800812030999999891e+01,-3.023688210499999940e+01,-3.408299114599999768e+01
7.533763763800000568e+00,-4.707293336099999692e+01,-3.027485274000000004e+01,-2.820018315600000136e+01,-2.983584730100000115e+01,-3.434641904499999754e+01
7.553773773800000590e+00,-4.701495326300000244e+01,-2.924305795400000108e+01,-2.879894089600000129e+01,-3.058769278700000172e+01,-3.642671614599999685e+01
7.573783783800000613e+00,-4.465292144499999694e+01,-2.890355378199999947e+01,-2.915032093099999955e+01,-3.094020136299999990e+01,-3.739653641900000025e+01
7.593793793799999747e+00,-4.243106029199999796e+01,-2.864635849100000087e+01,-3.005908225900000019e+01,-3.128583132500000019e+01,-3.976741859999999917e+01
7.613803803799999770e+00,-4.199236760400000179e+01,-2.878235651500000003e+01,-3.116803797900000106e+01,-3.200931714499999714e+01,-4.127167787799999843e+01
7.633813813799999792e+00,-4.089082334999999802e+01,-2.778370877100000058e+01,-3.174853024200000107e+01,-3.280160648199999684e+01,-4.521182917299999815e+01
7.653823823799999815e+00,-4.262599356199999789e+01,-2.747263162899999855e+01,-3.206941053500000294e+01,-3.369836355500000025e+01,-5.333631770400000249e+01
7.673833833799999837e+00,-4.463901967200000342e+01,-2.796220887699999835e+01,-3.222212049200000195e+01,-3.358318522900000147e+01,-5.313229287200000073e+01
7.693843843799999860e+00,-4.180272523200000023e+01,-2.660760904400000015e+01,-3.337828462000000229e+01,-3.355605576899999676e+01,-4.633048379099999892e+01
7.713853853899999891e+00,-4.267030835100000274e+01,-2.699332603999999947e+01,-3.395479253999999969e+01,-3.362740378200000180e+01,-4.369503551100000038e+01
7.733863863899999913e+00,-4.210872920700000321e+01,-2.701443561500000001e+01,-3.458103835099999657e+01,-3.494754632899999791e+01,-3.910229669600000335e+01
7.753873873899999936e+00,-4.269397832199999954e+01,-2.652836454899999907e+01,-3.452995786700000025e+01,-3.544558613499999922e+01,-3.734618906600000088e+01
7.773883883899999958e+00,-4.239145760600000301e+01,-2.720544898800000055e+01,-3.672007318499999684e+01,-3.603886400199999684e+01,-3.579502133900000160e+01
7.793893893899999981e+00,-4.297232208700000200e+01,-2.707905330799999888e+01,-3.600537781799999948e+01,-3.455224841900000143e+01,-3.395530348300000156e+01
7.813903903900000003e+00,-3.949001661999999868e+01,-2.762816259599999924e+01,-3.837155794200000258e+01,-3.634690768699999808e+01,-3.346980706400000116e+01
7.833913913900000026e+00,-3.952710366800000230e+01,-2.727861856599999868e+01,-4.155911367699999914e+01,-3.748819880500000323e+01,-3.294815510400000136e+01
7.853923923900000048e+00,-3.694962946999999787e+01,-2.730994482999999917e+01,-4.601633945999999753e+01,-3.787095917999999983e+01,-3.176043826300000106e+01
7.873933933899999182e+00,-3.586809568200000342e+01,-2.720124722599999956e+01,-5.311433997500000004e+01,-3.987740649500000245e+01,-3.157007745499999984e+01
7.893943943899999205e+00,-3.492054387900000023e+01,-2.712480319899999870e+01,-5.614442269599999946e+01,-3.985508021199999718e+01,-3.071514409899999976e+01
7.913953954000000124e+00,-3.614442779600000222e+01,-2.706097384399999939e+01,-4.231111152300000100e+01,-4.125301249399999648e+01,-3.139440377700000084e+01
7.933963964000000146e+00,-3.631868881500000157e+01,-2.751329650899999990e+01,-3.974721359000000120e+01,-3.798213561000000027e+01,-3.118790899300000063e+01
7.953973974000000169e+00,-3.432471531000000198e+01,-2.679729987900000054e+01,-3.585520213400000245e+01,-3.817276454699999988e+01,-3.122344656399999963e+01
7.973983984000000191e+00,-3.370620966599999946e+01,-2.660243175100000101e+01,-3.561491814000000034e+01,-3.810830841700000349e+01,-3.032084868500000141e+01
7.993993994000000214e+00,-3.340663885000000022e+01,-2.667065764699999875e+01,-3.367295358100000158e+01,-3.792414436899999686e+01,-3.017183233000000087e+01
8.014004004000000236e+00,-3.147265001599999934e+01,-2.592073122300000065e+01,-3.184026023899999913e+01,-3.521600530100000270e+01,-3.104792246299999903e+01
8.034014014000000259e+00,-3.212374538099999910e+01,-2.562303392800000168e+01,-3.107133404700000057e+01,-3.420476489499999673e+01,-3.030717953099999917e+01
8.054024024000000281e+00,-3.107332267199999976e+01,-2.530677622400000004e+01,-3.027893412099999892e+01,-3.462234679800000237e+01,-3.088292470400000056e+01
8.074034034000000304e+00,-2.999682387400000039e+01,-2.493724491300000068e+01,-3.021223646700000032e+01,-3.399313338000000329e+01,-3.098336515300000116e+01
8.094044044000000326e+00,-2.982842693699999970e+01,-2.483948238800000041e+01,-2.952131221000000139e+01,-3.444011321299999651e+01,-3.034066303399999853e+01
8.114054054100000357e+00,-3.054517932299999927e+01,-2.552944187399999976e+01,-2.907521301399999913e+01,-3.379667871400000223e+01,-3.070386119000000136e+01
8.134064064100000380e+00,-3.070861747300000033e+01,-2.526312713100000096e+01,-2.919522780899999859e+01,-3.415346706100000063e+01,-3.020699071399999980e+01
8.154074074100000402e+00,-3.179089257900000121e+01,-2.579866192600000119e+01,-2.917110934800000166e+01,-3.497201470499999942e+01,-3.052216199600000124e+01
8.174084084100000425e+00,-2.900387979799999982e+01,-2.568043585199999868e+01,-2.928861894899999996e+01,-3.486767451299999721e+01,-2.986343742700000092e+01
8.194094094100000447e+00,-2.947893138399999913e+01,-2.613278688400000149e+01,-2.953924448300000094e+01,-3.398648080200000265e+01,-2.932790756800000054e+01
8.214104104100000470e+00,-2.882875589900000080e+01,-2.627899797799999959e+01,-3.008677559399999879e+01,-3.415749535199999798e+01,-2.983315985300000150e+01
8.234114114100000492e+00,-2.865089781000000002e+01,-2.607105011399999839e+01,-3.085236766099999883e+01,-3.489093830299999865e+01,-3.049906075599999866e+01
8.254124124100000515e+00,-3.094857437499999975e+01,-2.644057818699999984e+01,-2.980135027500000078e+01,-3.452021303400000107e+01,-2.942374774800000026e+01
8.274134134100000537e+00,-2.895760054300000164e+01,-2.681856879000000049e+01,-3.043976128099999912e+01,-3.616654304200000070e+01,-2.928909820399999830e+01
8.294144144100000560e+00,-2.844348992300000134e+01,-2.611486718999999823e+01,-3.109034604700000060e+01,-3.523701933800000319e+01,-3.017359070799999898e+01
8.314154154200000590e+00,-2.951286527599999943e+01,-2.637984971699999903e+01,-3.041462671200000045e+01,-3.487084269900000066e+01,-3.015141294500000058e+01
8.334164164200000613e+00,-2.991731016499999996e+01,-2.753397211500000097e+01,-3.115280214499999900e+01,-3.637413356599999759e+01,-2.994215060799999861e+01
8.354174174200000635e+00,-2.933482430600000157e+01,-2.687236994299999893e+01,-3.190735407400000057e+01,-3.704273726699999969e+01,-3.083371746899999977e+01
8.374184184200000658e+00,-3.062557458199999871e+01,-2.782955682500000094e+01,-3.310950294700000285e+01,-3.868573307799999839e+01,-3.178474882600000129e+01
8.394194194200000680e+00,-2.960506562000000130e+01,-2.760312963999999880e+01,-3.262197308700000065e+01,-4.013937836699999906e+01,-3.236621293700000024e+01
8.414204204199998927e+00,-2.935653876699999998e+01,-2.746858491300000082e+01,-3.405110181799999935e+01,-3.962417204999999853e+01,-3.223130582699999991e+01
8.434214214199998949e+00,-3.149849460000000079e+01,-2.825705316699999869e+01,-3.484136377899999815e+01,-4.128451935300000031e+01,-3.377193926700000048e+01
8.454224224199998972e+00,-3.061519185099999874e+01,-2.859869965900000111e+01,-3.684839387600000293e+01,-4.164006353500000301e+01,-3.397182323700000239e+01
8.474234234199998994e+00,-3.100753800900000101e+01,-2.837315919299999933e+01,-4.000604437799999857e+01,-5.134928458499999948e+01,-3.472828835499999656e+01
8.494244244199999017e+00,-3.173283688900000143e+01,-2.828342456200000044e+01,-3.990752248999999807e+01,-5.492120072800000230e+01,-3.359157976000000190e+01
8.514254254300000824e+00,-3.241179654300000124e+01,-2.908556512899999902e+01,-4.085578132399999873e+01,-4.576833362499999680e+01,-3.431660410100000291e+01
8.534264264300000846e+00,-3.230630578499999928e+01,-2.918008089399999960e+01,-4.112278230999999806e+01,-4.320723806000000167e+01,-3.386740648100000328e+01
8.554274274300000869e+00,-3.341766577799999993e+01,-2.936284941399999937e+01,-3.919663009799999998e+01,-3.858495104200000014e+01,-3.352424771900000167e+01
8.574284284300000891e+00,-3.539086368899999968e+01,-2.902896694000000011e+01,-3.464777205600000087e+01,-3.867329641300000276e+01,-3.318745532700000211e+01
8.594294294299999137e+00,-3.590396245400000197e+01,-2.999909361399999952e+01,-3.323597284600000279e+01,-3.708833618100000251e+01,-3.242510580700000133e+01
8.614304304299999160e+00,-4.046247779499999808e+01,-2.925288622100000069e+01,-3.178318722699999910e+01,-3.491303182400000082e+01,-3.251364623199999926e+01
8.634314314299999182e+00,-3.719007174000000049e+01,-3.005262655299999963e+01,-3.114576176799999985e+01,-3.364334374100000247e+01,-3.287345899000000315e+01
8.654324324299999205e+00,-3.812380171000000217e+01,-2.944168041300000027e+01,-2.938176331100000027e+01,-3.270657617500000214e+01,-3.254116934999999700e+01
8.674334334299999227e+00,-3.930183776199999812e+01,-2.936186271400000081e+01,-2.739050142399999999e+01,-3.248198465000000112e+01,-3.186926882499999891e+01
8.694344344299999250e+00,-4.110922920200000164e+01,-2.966677106199999869e+01,-2.703977552799999984e+01,-3.145854296099999914e+01,-3.169717385499999907e+01
8.714354354399999281e+00,-3.903465916500000077e+01,-2.868273917000000139e+01,-2.590632927100000060e+01,-3.084942289299999985e+01,-3.103656948200000087e+01
8.734364364399999303e+00,-3.856159421200000281e+01,-2.925855118599999827e+01,-2.513970216499999921e+01,-3.102451943699999859e+01,-3.159220478599999993e+01
8.754374374399999326e+00,-3.908428447000000006e+01,-2.891583960899999894e+01,-2.501620233699999929e+01,-2.945573366800000059e+01,-2.997405857900000115e+01
8.774384384399999348e+00,-4.699949062900000030e+01,-2.736509794999999912e+01,-2.423001444399999826e+01,-2.952851316399999959e+01,-3.054192221099999927e+01
8.794394394399999371e+00,-4.294671248299999888e+01,-2.883005566499999972e+01,-2.389820822800000144e+01,-2.881565320099999994e+01,-2.927579040199999838e+01
8.814404404399999393e+00,-4.002364070099999793e+01,-2.851161290900000012e+01,-2.352823097799999985e+01,-2.863129827899999924e+01,-2.911370362099999909e+01
8.834414414399999416e+00,-3.995078174599999699e+01,-2.750544207400000118e+01,-2.322961961300000056e+01,-2.824233435900000089e+01,-2.845272299000000160e+01
8.854424424399999438e+00,-4.303213504499999686e+01,-2.814968511800000073e+01,-2.321267067899999859e+01,-2.898008398700000043e+01,-2.817713425999999899e+01
8.874434434399999461e+00,-4.093035565800000342e+01,-2.791320986599999898e+01,-2.339556982499999904e+01,-2.902024536200000071e+01,-2.820090953100000064e+01
8.894444444399999483e+00,-4.457389412300000231e+01,-2.806165712600000006e+01,-2.375620232200000004e+01,-2.850199935199999857e+01,-2.889216712600000037e+01
8.914454454499999514e+00,-3.738672021200000017e+01,-2.822834677599999864e+01,-2.384039154499999924e+01,-2.925423655799999878e+01,-2.868227387399999984e+01
8.934464464499999536e+00,-4.108599726100000282e+01,-2.689187658699999872e+01,-2.422913196800000080e+01,-2.992404715900000056e+01,-2.865051932800000145e+01
8.954474474499999559e+00,-3.969696145000000342e+01,-2.779349376200000066e+01,-2.418384247299999856e+01,-2.953196603399999987e+01,-2.889259979699999903e+01
8.974484484499999581e+00,-3.806764746799999699e+01,-2.850467606300000156e+01,-2.480971767899999847e+01,-3.017203297600000056e+01,-2.876340250000000154e+01
8.994494494499999604e+00,-4.237989399599999985e+01,-2.853000206999999833e+01,-2.493749171199999992e+01,-3.035298464399999929e+01,-2.938791831800000054e+01
9.014504504499999626e+00,-4.003396395800000107e+01,-2.849621063800000087e+01,-2.501501260499999901e+01,-3.056769588499999912e+01,-2.964005226300000118e+01
9.034514514499999649e+00,-3.812767006899999700e+01,-2.865424847299999911e+01,-2.488926841199999984e+01,-3.144127647599999875e+01,-3.029742131500000113e+01
9.054524524499999671e+00,-4.073387197800000337e+01,-3.048223863999999850e+01,-2.514255684900000176e+01,-3.133461830499999934e+01,-3.033149701600000014e+01
9.074534534499999694e+00,-4.071288076199999750e+01,-3.079072991399999992e+01,-2.557359573600000147e+01,-3.002111053799999851e+01,-3.035812851000000023e+01
9.094544544499999716e+00,-4.332351736700000089e+01,-3.004724935400000163e+01,-2.501130524999999949e+01,-3.104005200099999939e+01,-3.096885610000000000e+01
9.114554554599999747e+00,-3.831130979499999967e+01,-3.096118802000000159e+01,-2.596300683100000128e+01,-3.073634142199999886e+01,-3.128247786600000069e+01
9.134564564599999770e+00,-3.680311038100000331e+01,-3.164387475999999921e+01,-2.638468134200000037e+01,-3.031943249300000076e+01,-3.135813265099999825e+01
9.154574574599999792e+00,-3.506245203400000321e+01,-3.195256145200000120e+01,-2.655827649900000154e+01,-2.970912646300000048e+01,-3.132793845599999827e+01
9.174584584599999815e+00,-3.662319902200000143e+01,-3.266484561899999761e+01,-2.835544571300000172e+01,-2.802763302299999992e+01,-3.211871661299999658e+01
9.194594594599999837e+00,-3.331272778099999954e+01,-3.432304646699999751e+01,-2.981833851500000065e+01,-2.800582397999999884e+01,-3.074064852800000125e+01
9.214604604599999860e+00,-3.310799633999999969e+01,-3.453736703399999897e+01,-3.006664696800000058e+01,-2.776567754199999882e+01,-3.066468159000000071e+01
9.234614614599999882e+00,-3.818206661800000035e+01,-3.431893300099999777e+01,-3.212510189300000008e+01,-2.711860433100000023e+01,-2.928140470499999992e+01
9.254624624599999905e+00,-3.444332713200000029e+01,-4.529425573700000029e+01,-3.242488825299999888e+01,-2.691714285999999845e+01,-2.898536572600000127e+01
9.274634634599999927e+00,-3.408857458300000332e+01,-4.360893529500000199e+01,-3.367000988899999925e+01,-2.666808120500000001e+01,-2.797048496900000103e+01
9.294644644599999950e+00,-3.513728414700000258e+01,-4.457635254800000268e+01,-3.575609586899999925e+01,-2.616881059500000006e+01,-2.726855564099999896e+01
9.314654654699999980e+00,-3.215903789000000046e+01,-5.437485505499999761e+01,-3.678575073700000075e+01,-2.566909761899999864e+01,-2.681496596799999921e+01
9.334664664700000003e+00,-3.085645612400000104e+01,-4.233779554899999908e+01,-3.519803036199999724e+01,-2.632362994500000042e+01,-2.675926194999999908e+01
9.354674674700000025e+00,-3.056765645500000161e+01,-4.029089113900000285e+01,-3.618097503900000333e+01,-2.585433138499999828e+01,-2.593331029499999829e+01
9.374684684700000048e+00,-3.332261975200000137e+01,-3.833379295499999984e+01,-3.753910397700000345e+01,-2.642085936499999832e+01,-2.559579437000000013e+01
9.394694694700000070e+00,-3.109416687899999943e+01,-3.934322704099999868e+01,-3.916736898199999928e+01,-2.772748256899999930e+01,-2.560043644399999963e+01
9.414704704700000093e+00,-2.977511472999999853e+01,-3.559895579500000196e+01,-3.568357360499999942e+01,-2.738226921000000047e+01,-2.491394245200000057e+01
9.434714714700000115e+00,-3.034863689699999867e+01,-3.822993032800000179e+01,-3.429424281099999661e+01,-2.837257987499999956e+01,-2.517286726800000096e+01
9.454724724700000138e+00,-2.885252676700000052e+01,-3.638852267600000090e+01,-3.336169935200000225e+01,-2.940553415899999834e+01,-2.501842156900000091e+01
9.474734734700000161e+00,-2.944075125199999832e+01,-3.792129158699999891e+01,-3.362665207900000297e+01,-2.914572247499999946e+01,-2.567457585500000050e+01
9.494744744700000183e+00,-3.026980448200000140e+01,-3.926557830200000154e+01,-3.078768206899999882e+01,-2.981309402799999830e+01,-2.543054462699999974e+01
9.514754754799998437e+00,-2.894120412399999864e+01,-4.390337111299999862e+01,-3.071291990099999936e+01,-2.989789498500000064e+01,-2.571738466500000087e+01
9.534764764799998460e+00,-2.930384022499999830e+01,-3.786578224299999818e+01,-2.957126249699999931e+01,-3.168662056399999827e+01,-2.484789917699999862e+01
9.554774774799998482e+00,-2.849273463899999825e+01,-3.880198821700000167e+01,-2.934221919299999826e+01,-3.140561287999999962e+01,-2.610858933900000167e+01
9.574784784799998505e+00,-2.907377927299999953e+01,-4.397495439800000128e+01,-2.772768985800000152e+01,-3.226821913500000250e+01,-2.579056414200000091e+01
9.594794794799998527e+00,-2.918971303600000056e+01,-4.270687999999999818e+01,-2.736971569299999985e+01,-3.292270378599999958e+01,-2.608937951800000121e+01
9.614804804799998550e+00,-2.736192690400000060e+01,-4.153679076800000303e+01,-2.714340088799999862e+01,-3.287714253400000075e+01,-2.601972317499999932e+01
9.634814814799998572e+00,-2.845887718499999863e+01,-3.842181445899999659e+01,-2.689202770900000061e+01,-3.279556402600000098e+01,-2.544113764000000089e+01
9.654824824799998595e+00,-2.822752212700000030e+01,-3.764543912199999909e+01,-2.624443856699999955e+01,-3.208839938999999930e+01,-2.547066471000000121e+01
9.674834834799998617e+00,-2.883464242599999849e+01,-3.724979708299999714e+01,-2.658617328500000099e+01,-3.493049386199999873e+01,-2.524595195599999897e+01
9.694844844799998640e+00,-2.737592878899999960e+01,-4.175823236699999796e+01,-2.597316226099999881e+01,-3.246518085900000017e+01,-2.551760942700000001e+01
9.714854854900000447e+00,-2.845461038499999873e+01,-3.628606533199999973e+01,-2.570948251100000093e+01,-3.312923614900000047e+01,-2.488308411599999914e+01
9.734864864900000470e+00,-2.973543097499999988e+01,-3.744049727699999863e+01,-2.528571492600000070e+01,-3.318125277499999726e+01,-2.594900219799999874e+01
9.754874874900000492e+00,-2.823455702900000119e+01,-4.152656094700000011e+01,-2.503938937399999887e+01,-3.385267439100000075e+01,-2.538547902599999873e+01
9.774884884899998738e+00,-2.772447647899999978e+01,-4.198088387899999674e+01,-2.567528557900000052e+01,-3.406348650399999656e+01,-2.472418734500000070e+01
9.794894894899998761e+00,-2.712374587800000114e+01,-4.247372889100000037e+01,-2.576500326800000096e+01,-3.333348103600000201e+01,-2.369289120599999876e+01
9.814904904899998783e+00,-2.676894760300000087e+01,-3.437543064999999842e+01,-2.489956907599999880e+01,-3.337108981299999755e+01,-2.461260733499999986e+01
9.834914914899998806e+00,-2.785384940100000151e+01,-4.356786317299999922e+01,-2.498520894299999995e+01,-3.323172705100000002e+01,-2.567214568900000060e+01
9.854924924899998828e+00,-2.686371325300000024e+01,-3.650760364300000305e+01,-2.524777749800000137e+01,-3.249999422199999799e+01,-2.601862426599999978e+01
9.874934934899998851e+00,-2.639590008000000054e+01,-4.141148326399999746e+01,-2.543103202500000037e+01,-3.319728988699999661e+01,-2.620660857400000054e+01
9.894944944899998873e+00,-2.569060426900000138e+01,-4.361093053500000138e+01,-2.519542132799999834e+01,-3.170387284999999977e+01,-2.649707802400000034e+01
9.914954955000000680e+00,-2.594686617800000050e+01,-3.984575236799999942e+01,-2.554546805200000037e+01,-3.195285821499999912e+01,-2.799244799499999914e+01
9.934964965000000703e+00,-2.540866716800000091e+01,-4.129506227699999954e+01,-2.566378405200000046e+01,-3.053003202500000057e+01,-2.785966107899999855e+01
9.954974975000000725e+00,-2.510776899200000045e+01,-4.273871256399999652e+01,-2.496007111200000139e+01,-2.960937279999999916e+01,-2.847616616699999881e+01
9.974984985000000748e+00,-2.455436803799999979e+01,-3.637658101000000244e+01,-2.546023841799999943e+01,-3.014442800200000150e+01,-2.752005025200000077e+01
9.994994995000000770e+00,-2.632774785100000159e+01,-3.528723042600000070e+01,-2.593953829200000172e+01,-3.003747433499999886e+01,-2.695522498100000064e+01
1.001500500500000079e+01,-2.486123849899999882e+01,-3.982759174499999943e+01,-2.513833762699999852e+01,-2.958047959399999982e+01,-2.715898045200000155e+01
1.003501501500000082e+01,-2.489049876700000041e+01,-3.483740570799999858e+01,-2.639005810200000113e+01,-3.009715756199999959e+01,-2.667308350300000086e+01
1.005502502500000084e+01,-2.526499341699999945e+01,-3.120021630900000176e+01,-2.552236383600000025e+01,-2.985753931400000027e+01,-2.727459684000000095e+01
1.007503503500000086e+01,-2.426743141300000062e+01,-3.022198329300000097e+01,-2.659772600100000162e+01,-2.902209500700000078e+01,-2.641314899800000049e+01
1.009504504500000088e+01,-2.553232938600000068e+01,-3.395964208400000217e+01,-2.739368851300000074e+01,-2.844923727400000146e+01,-2.713713464900000005e+01
1.011505505499999913e+01,-2.387214931899999826e+01,-3.147292838999999987e+01,-2.798448243400000024e+01,-2.911581796600000160e+01,-2.585720935799999864e+01
1.013506506499999915e+01,-2.462269703999999848e+01,-3.094809036799999902e+01,-2.871967469100000159e+01,-2.702800270399999860e+01,-2.587662715900000165e+01
1.015507507499999917e+01,-2.471899481000000165e+01,-3.139835211600000164e+01,-2.944789856499999914e+01,-2.797301901999999885e+01,-2.598696847700000134e+01
1.017508508499999920e+01,-2.562688917999999916e+01,-3.406636274299999911e+01,-3.055436761900000064e+01,-2.903551442799999904e+01,-2.523943033999999841e+01
1.019509509499999922e+01,-2.476067866900000070e+01,-2.996314619800000045e+01,-3.160007603900000106e+01,-2.824690557999999996e+01,-2.507204208499999964e+01
1.021510510499999924e+01,-2.431030348699999877e+01,-3.047077371199999973e+01,-3.383199587000000008e+01,-2.723270478199999900e+01,-2.493120594100000176e+01
1.023511511499999926e+01,-2.548634301299999905e+01,-2.967892144700000046e+01,-3.593610856000000098e+01,-2.790553524099999905e+01,-2.547310539500000104e+01
1.025512512499999929e+01,-2.264777430299999850e+01,-3.398271065899999854e+01,-3.880148681699999713e+01,-2.801253653899999918e+01,-2.577906592900000149e+01
1.027513513499999931e+01,-2.608277457100000163e+01,-3.359138929099999871e+01,-3.906204583899999960e+01,-2.750135605399999861e+01,-2.670174727899999922e+01
1.029514514499999933e+01,-2.522815805000000111e+01,-3.242697276599999867e+01,-3.875067440899999838e+01,-2.814871260700000022e+01,-2.587854464799999832e+01
1.031515515499999935e+01,-2.510674116499999897e+01,-3.248921022799999747e+01,-3.718336214800000050e+01,-2.914524446900000143e+01,-2.639803067800000136e+01
1.033516516499999938e+01,-2.588642700799999830e+01,-3.326702348999999970e+01,-3.665678776200000044e+01,-2.938481957899999841e+01,-2.738100998099999828e+01
1.035517517499999940e+01,-2.498568810000000084e+01,-3.484142353299999684e+01,-3.796207914499999703e+01,-2.828368202800000120e+01,-2.705417282899999876e+01
1.037518518499999942e+01,-2.745024555000000177e+01,-3.604781256700000114e+01,-3.812839733300000233e+01,-2.833767355100000174e+01,-2.764284528499999993e+01
1.039519519499999944e+01,-2.643934332099999907e+01,-3.318196871899999678e+01,-4.272657752599999981e+01,-2.952743167399999891e+01,-2.691133074100000044e+01
1.041520520499999947e+01,-2.601444433099999998e+01,-3.512904659200000168e+01,-3.732663518999999752e+01,-2.898106638499999832e+01,-2.591819745600000147e+01
1.043521521499999949e+01,-2.682207040799999831e+01,-3.504543166199999860e+01,-3.667092664199999774e+01,-2.982020863800000043e+01,-2.531305981199999877e+01
1.045522522499999951e+01,-2.661897906300000116e+01,-3.667199082100000140e+01,-3.797279066000000114e+01,-2.799309947500000106e+01,-2.526190109399999884e+01
1.047523523499999953e+01,-2.907940129099999993e+01,-3.295006639199999654e+01,-3.876451383599999900e+01,-2.743094863399999994e+01,-2.484692932900000173e+01
1.049524524499999956e+01,-2.796630143599999840e+01,-3.804223038500000342e+01,-3.674740409500000027e+01,-2.905257734699999972e+01,-2.543317209399999967e+01
1.051525525499999958e+01,-2.758398624000000154e+01,-4.092498948299999739e+01,-3.703909942399999977e+01,-2.686768560399999828e+01,-2.530075454400000012e+01
1.053526526499999960e+01,-2.963053224200000102e+01,-3.512272967300000204e+01,-3.762998578599999888e+01,-2.873358919400000033e+01,-2.547540410499999908e+01
1.055527527499999962e+01,-2.912789047700000111e+01,-3.822741450299999855e+01,-3.490349384400000332e+01,-2.991862573099999878e+01,-2.476960917899999970e+01
1.057528528499999965e+01,-2.762322011699999891e+01,-3.734112292500000052e+01,-3.512757874999999785e+01,-2.928601877099999840e+01,-2.561683222999999998e+01
1.059529529499999967e+01,-2.484392383899999857e+01,-3.862935612900000137e+01,-3.231031751100000093e+01,-3.054645003599999953e+01,-2.471069403699999967e+01
1.061530530499999969e+01,-2.600079290200000059e+01,-3.939188731899999851e+01,-3.149057006700000017e+01,-3.135469363800000053e+01,-2.549350394900000083e+01
1.063531531499999971e+01,-2.818258237499999908e+01,-3.795993986999999947e+01,-3.173844070699999875e+01,-3.148856323800000112e+01,-2.743395340200000021e+01
1.065532532499999974e+01,-2.633320715099999987e+01,-3.797540569400000265e+01,-3.140088233999999900e+01,-3.062140932899999868e+01,-2.706231239399999922e+01
1.067533533499999976e+01,-2.734169898000000032e+01,-4.294120165900000075e+01,-2.996135243999999886e+01,-2.936117898099999834e+01,-2.701405394900000090e+01
1.069534534499999978e+01,-2.779297717400000067e+01,-4.061369065299999903e+01,-3.031871952199999853e+01,-2.809566759899999866e+01,-3.133653188599999950e+01
1.071535535499999980e+01,-2.857008787299999852e+01,-4.410828417999999829e+01,-3.046546553299999971e+01,-2.741717085899999873e+01,-2.969702923999999911e+01
1.073536536499999983e+01,-2.997953588800000091e+01,-4.299521829199999701e+01,-2.970244569899999831e+01,-2.648592597000000026e+01,-3.048911709600000108e+01
1.075537537499999985e+01,-2.951258473400000071e+01,-3.641306348599999865e+01,-2.936507315800000129e+01,-2.580079386399999919e+01,-2.852514223200000032e+01
1.077538538499999987e+01,-3.156352395300000069e+01,-4.124124385300000029e+01,-3.135254370499999865e+01,-2.574620115999999825e+01,-2.989494931300000147e+01
1.079539539499999989e+01,-3.151654267099999984e+01,-3.826368861699999968e+01,-3.454534690399999874e+01,-2.467193211300000044e+01,-2.865902850999999885e+01
1.081540540499999992e+01,-3.198274422700000130e+01,-4.305087408199999999e+01,-3.156351741399999966e+01,-2.359178497199999924e+01,-2.742506322999999924e+01
1.083541541499999994e+01,-3.364060654299999698e+01,-3.671766528900000282e+01,-3.060241650300000060e+01,-2.387034814200000099e+01,-2.698611819799999978e+01
1.085542542499999996e+01,-3.332957127699999944e+01,-4.050587622500000151e+01,-3.173203157800000085e+01,-2.546835520699999833e+01,-2.797850049099999836e+01
1.087543543499999998e+01,-3.694724612400000296e+01,-3.980029255499999863e+01,-3.142353922899999930e+01,-2.399128202300000012e+01,-2.811792996400000177e+01
1.089544544500000001e+01,-4.224567144099999894e+01,-4.201844600599999779e+01,-3.174000609699999842e+01,-2.363374148600000169e+01,-2.836051200200000011e+01
1.091545545500000003e+01,-4.137228447599999726e+01,-4.964638084100000270e+01,-3.234280470099999860e+01,-2.363245204300000069e+01,-2.726557156000000148e+01
1.093546546500000005e+01,-4.907431267500000160e+01,-3.837356069900000222e+01,-2.991390486799999948e+01,-2.359192117399999944e+01,-2.807759319799999886e+01
1.095547547500000007e+01,-4.038843403700000323e+01,-3.978750643200000070e+01,-3.159078313299999863e+01,-2.441760235299999948e+01,-2.672306807600000056e+01
1.097548548500000010e+01,-6.247416479399999645e+01,-3.941573480200000290e+01,-2.959676184699999979e+01,-2.297605568799999887e+01,-2.739342717899999968e+01
1.099549549500000012e+01,-4.182528588899999988e+01,-4.244779003600000067e+01,-2.932206888800000044e+01,-2.347128431200000165e+01,-2.868031185999999977e+01
1.101550550600000022e+01,-4.140664345399999746e+01,-3.548327872099999780e+01,-2.965050544800000054e+01,-2.364205202400000161e+01,-2.917737033499999910e+01
1.103551551600000025e+01,-3.946309872500000182e+01,-4.069560414299999707e+01,-3.018905830899999998e+01,-2.328762973099999911e+01,-3.003069899699999823e+01
1.105552552600000027e+01,-4.347450945899999653e+01,-4.157677607400000142e+01,-2.946222309899999914e+01,-2.202463928099999890e+01,-2.980898646600000035e+01
1.107553553600000029e+01,-4.317089273599999899e+01,-3.550395145400000274e+01,-2.921127967299999995e+01,-2.283478980699999994e+01,-3.189246056100000004e+01
1.109554554600000031e+01,-4.641775710000000288e+01,-3.589768110400000012e+01,-2.979795648800000052e+01,-2.427698845800000171e+01,-3.218493305900000223e+01
1.111555555600000034e+01,-4.503804239299999779e+01,-4.378238748999999785e+01,-2.895165755600000068e+01,-2.357588274100000092e+01,-3.011083650100000142e+01
1.113556556600000036e+01,-3.644168954799999938e+01,-3.524361092899999903e+01,-2.766770786300000040e+01,-2.269182924000000057e+01,-3.278561791100000278e+01
1.115557557600000038e+01,-3.898805571799999825e+01,-3.251866774300000174e+01,-2.724449828799999906e+01,-2.329436972999999966e+01,-3.155675469099999830e+01
1.117558558600000040e+01,-3.075225273399999892e+01,-3.590100239600000265e+01,-2.596663079800000062e+01,-2.341230809199999996e+01,-3.192853540899999842e+01
1.119559559600000043e+01,-3.345814450599999645e+01,-3.106894668900000056e+01,-2.659822058800000022e+01,-2.367756281500000171e+01,-3.121494455599999895e+01
1.121560560600000045e+01,-3.675658030299999979e+01,-3.262765831499999791e+01,-2.596186689600000008e+01,-2.434772788800000143e+01,-3.167524934000000059e+01
1.123561561600000047e+01,-3.543151171600000282e+01,-3.300208431800000142e+01,-2.619919274500000128e+01,-2.372454105199999930e+01,-2.991504430999999897e+01
1.125562562600000049e+01,-3.454050205699999765e+01,-2.888838065299999869e+01,-2.687355030999999883e+01,-2.426290142799999927e+01,-3.271855619600000153e+01
1.127563563600000052e+01,-3.502373541200000062e+01,-3.067886753200000172e+01,-2.536655723599999845e+01,-2.388316858099999962e+01,-3.160729659200000086e+01
1.129564564600000054e+01,-3.055448520399999879e+01,-2.964448006699999993e+01,-2.650431448300000170e+01,-2.394360156999999845e+01,-3.059314144700000071e+01
1.131565565600000056e+01,-3.088796161699999843e+01,-3.098047421900000131e+01,-2.696315072200000174e+01,-2.381515832699999891e+01,-3.239115409400000090e+01
1.133566566600000058e+01,-3.001409327000000005e+01,-3.060957319899999973e+01,-2.593402161499999892e+01,-2.313453454000000065e+01,-3.315470446900000212e+01
1.135567567600000061e+01,-3.187274033399999951e+01,-2.895681740199999865e+01,-2.698849299400000135e+01,-2.252388301599999920e+01,-3.228072387000000276e+01
1.137568568600000063e+01,-3.179816215199999974e+01,-3.171702712400000124e+01,-2.770935280200000150e+01,-2.302764307600000038e+01,-3.221953208299999716e+01
1.139569569600000065e+01,-2.938248638600000007e+01,-3.094698346399999878e+01,-2.900916468899999856e+01,-2.210282741400000006e+01,-3.007259640199999851e+01
1.141570570600000067e+01,-3.052668169200000037e+01,-3.060782595799999939e+01,-3.026644252399999857e+01,-2.223035174299999994e+01,-2.993164864899999955e+01
1.143571571600000070e+01,-2.991200197999999943e+01,-2.987885703499999934e+01,-3.119475999499999830e+01,-2.189121415600000020e+01,-2.955875204399999845e+01
1.145572572600000072e+01,-2.896689439600000071e+01,-3.023717003200000164e+01,-3.019563815400000095e+01,-2.172113833199999888e+01,-2.650730888100000016e+01
1.147573573600000074e+01,-2.910686828900000123e+01,-3.648832622999999842e+01,-3.121244192600000034e+01,-2.125723576700000095e+01,-2.895256205500000135e+01
1.149574574600000076e+01,-2.804568304100000020e+01,-3.135320460200000170e+01,-3.162419932999999972e+01,-2.144483321099999884e+01,-2.759316472900000150e+01
1.151575575600000079e+01,-2.749629946800000013e+01,-3.073506431999999933e+01,-3.071343220400000007e+01,-2.079340617600000130e+01,-2.763004854800000132e+01
1.153576576600000081e+01,-3.066486653100000126e+01,-5.024654065000000003e+01,-3.256847666000000174e+01,-2.133246372199999996e+01,-2.890663517500000168e+01
1.155577577600000083e+01,-2.987542963699999987e+01,-4.818190849900000217e+01,-2.988027281300000126e+01,-2.119374384099999986e+01,-2.744714374000000134e+01
1.157578578600000085e+01,-3.086945930399999938e+01,-3.616271592799999723e+01,-2.906287543399999862e+01,-2.051966056599999888e+01,-2.853075918000000044e+01
1.159579579600000088e+01,-3.043362193500000146e+01,-4.488065049699999776e+01,-2.982222205500000101e+01,-2.162638141700000105e+01,-2.723455009399999938e+01
1.161580580599999912e+01,-3.329104203899999703e+01,-3.633320337800000033e+01,-3.011706604900000173e+01,-2.084128767700000040e+01,-2.666455470100000014e+01
1.163581581599999915e+01,-3.333643778500000110e+01,-3.641524404199999765e+01,-2.860045506799999870e+01,-2.099626982299999867e+01,-3.003648294999999990e+01
1.165582582599999917e+01,-3.121237732199999826e+01,-3.679283510399999813e+01,-2.944505595800000108e+01,-2.211584718499999980e+01,-2.735584248199999990e+01
1.167583583599999919e+01,-3.122196727200000055e+01,-3.309375196500000271e+01,-2.851243051999999878e+01,-2.118653300000000073e+01,-2.726632392799999849e+01
1.169584584599999921e+01,-3.572993770299999738e+01,-3.403333460199999649e+01,-3.050284821400000013e+01,-2.194678635400000033e+01,-2.594412250899999961e+01
1.171585585599999924e+01,-2.908676924299999911e+01,-3.502645256800000340e+01,-3.189640192299999910e+01,-2.226451312900000090e+01,-2.512592829800000160e+01
1.173586586599999926e+01,-3.338796548199999847e+01,-3.312524763900000124e+01,-2.930950365600000040e+01,-2.138427578900000015e+01,-2.639419823800000131e+01
1.175587587599999928e+01,-3.041420479900000018e+01,-3.666910055799999668e+01,-3.177546103499999930e+01,-2.221305617499999840e+01,-2.653895690199999891e+01
1.177588588599999930e+01,-3.837664955900000052e+01,-3.383961468599999733e+01,-2.964475981700000062e+01,-2.330080516900000021e+01,-2.583833384300000091e+01
1.179589589599999933e+01,-2.985823607200000041e+01,-4.282633256300000113e+01,-2.950675682700000024e+01,-2.137525918800000113e+01,-2.543027284000000066e+01
1.181590590599999935e+01,-3.368609759699999984e+01,-3.801195890099999986e+01,-3.150861995300000018e+01,-2.331424111500000151e+01,-2.621732353100000168e+01
1.183591591599999937e+01,-3.064102295100000006e+01,-3.381728571899999736e+01,-3.144637830099999931e+01,-2.294006759000000173e+01,-2.743183791399999905e+01
1.185592592599999939e+01,-2.832143244999999965e+01,-3.445635743900000136e+01,-3.242303580699999799e+01,-2.229588674600000076e+01,-2.857635779299999967e+01
1.187593593599999942e+01,-2.872647587599999852e+01,-3.069128019500000093e+01,-3.104095945999999984e+01,-2.323642644299999915e+01,-2.697381046099999935e+01
1.189594594599999944e+01,-2.796248686699999908e+01,-3.376638695700000170e+01,-3.397363875399999955e+01,-2.316504892200000043e+01,-2.799696335999999874e+01
1.191595595599999946e+01,-2.960786235599999827e+01,-3.414518222600000286e+01,-3.340177933100000018e+01,-2.283944494800000058e+01,-2.776909466700000095e+01
1.193596596599999948e+01,-3.247587607700000234e+01,-3.686481863800000269e+01,-3.854852876000000350e+01,-2.374447190700000121e+01,-2.933132506600000156e+01
1.195597597599999951e+01,-3.475948109899999849e+01,-4.207729142699999869e+01,-3.778945485100000212e+01,-2.333080065500000089e+01,-2.865707316399999982e+01
1.197598598599999953e+01,-3.068084542200000087e+01,-3.368273298500000124e+01,-3.846818179499999957e+01,-2.376558062200000165e+01,-2.898490214799999976e+01
1.199599599599999955e+01,-3.128098504800000157e+01,-3.824074696499999959e+01,-4.134415034599999927e+01,-2.367642700400000066e+01,-3.038647928199999981e+01
1.201600600599999957e+01,-3.283610779600000029e+01,-3.860982393599999796e+01,-4.318109252299999667e+01,-2.323218473900000092e+01,-2.829856907099999930e+01
1.203601601599999960e+01,-3.231821232200000082e+01,-3.155283773500000066e+01,-5.063363292100000024e+01,-2.335877079600000172e+01,-3.112499481500000087e+01
1.205602602599999962e+01,-3.064856679300000053e+01,-3.765323768199999677e+01,-4.060417261100000275e+01,-2.299495830700000099e+01,-3.016771765700000074e+01
1.207603603599999964e+01,-2.986449363499999876e+01,-3.790609487599999738e+01,-4.137960626999999647e+01,-2.230667464000000066e+01,-2.434763690000000125e+01
1.209604604599999966e+01,-3.445854975999999681e+01,-4.939822920000000295e+01,-4.259071740600000311e+01,-2.423485826900000006e+01,-2.810630849200000014e+01
1.211605605599999969e+01,-3.565429390399999932e+01,-3.717660539500000283e+01,-3.892322095200000120e+01,-2.366412262900000130e+01,-2.921344202599999917e+01
1.213606606599999971e+01,-3.431184905399999963e+01,-4.643099306799999937e+01,-3.522765859700000135e+01,-2.297022903399999905e+01,-2.924213296199999945e+01
1.215607607599999973e+01,-3.587384647700000073e+01,-4.306754971899999873e+01,-3.497105801299999683e+01,-2.393479334299999906e+01,-2.756873727900000048e+01
1.217608608599999975e+01,-4.082173954999999665e+01,-4.230107801300000148e+01,-3.613397224799999918e+01,-2.393265082699999979e+01,-2.863288442700000047e+01
1.219609609599999978e+01,-3.930827050799999967e+01,-4.828610810499999673e+01,-3.581201528300000092e+01,-2.343297925899999967e+01,-2.920185008800000048e+01
1.221610610599999980e+01,-4.241420229799999930e+01,-4.254421612800000219e+01,-3.796373572800000318e+01,-2.405025818400000048e+01,-2.798845436999999947e+01
1.223611611599999982e+01,-3.927275278100000122e+01,-3.594202186999999782e+01,-3.020160602200000000e+01,-2.305029580400000100e+01,-2.954380292200000113e+01
1.225612612599999984e+01,-3.176854502200000141e+01,-3.903473327199999687e+01,-3.406137741100000227e+01,-2.402296170300000000e+01,-2.916005410600000047e+01
1.227613613599999987e+01,-3.384549611999999996e+01,-5.072271530100000092e+01,-3.294259675299999657e+01,-2.434012808499999991e+01,-3.151721024900000145e+01
1.229614614599999989e+01,-4.018877139500000339e+01,-3.268154093900000134e+01,-3.333897230499999864e+01,-2.425218256599999833e+01,-3.095139761400000111e+01
1.231615615599999991e+01,-4.080305422099999646e+01,-3.768933849900000155e+01,-3.360330122399999908e+01,-2.524504470000000111e+01,-3.046747642300000081e+01
1.233616616599999993e+01,-3.519779345700000306e+01,-4.253351184000000273e+01,-3.301881495300000324e+01,-2.540676924999999997e+01,-3.068300489900000017e+01
1.235617617599999996e+01,-3.233227305199999790e+01,-3.810056718300000256e+01,-3.179808547900000093e+01,-2.356023937899999865e+01,-3.480965718600000258e+01
1.237618618599999998e+01,-3.187826788799999989e+01,-4.144119351900000225e+01,-2.946309034400000115e+01,-2.470377275499999925e+01,-2.998034717599999865e+01
1.239619619600000000e+01,-4.160658845900000102e+01,-3.755677747299999680e+01,-3.194894341899999901e+01,-2.518460682699999964e+01,-2.597205526400000153e+01
1.241620620600000002e+01,-3.075072126899999958e+01,-3.156631907699999928e+01,-3.047502956800000007e+01,-2.484175703300000038e+01,-2.900022720400000154e+01
1.243621621600000005e+01,-3.623063511800000214e+01,-3.745549831299999965e+01,-3.131001065299999908e+01,-2.497433648899999881e+01,-2.703995108699999861e+01
1.245622622600000007e+01,-3.272230660400000346e+01,-3.335219936899999738e+01,-2.923826843799999864e+01,-2.314774335999999977e+01,-2.765606985999999878e+01
1.247623623600000009e+01,-3.026508736799999966e+01,-3.374001442200000156e+01,-2.997079403600000092e+01,-2.346963173199999986e+01,-2.754447278399999988e+01
1.249624624600000011e+01,-2.980234876600000149e+01,-3.253567205099999882e+01,-3.221415935099999928e+01,-2.446131258699999833e+01,-2.986024138999999877e+01
1.251625625600000014e+01,-3.001180523500000064e+01,-3.775121407200000334e+01,-3.089143201499999947e+01,-2.250547002100000071e+01,-2.685951855200000082e+01
1.253626626600000016e+01,-2.850223680299999884e+01,-3.717121620500000034e+01,-2.733798444700000019e+01,-2.370225675500000051e+01,-2.729355343099999942e+01
1.255627627600000018e+01,-3.379336614000000338e+01,-3.360519784099999896e+01,-3.097872219599999966e+01,-2.322007776999999962e+01,-2.728512972500000089e+01
1.257628628600000020e+01,-2.878777760999999913e+01,-4.526351488200000261e+01,-2.938732409300000015e+01,-2.345592850299999910e+01,-2.591593486900000087e+01
1.259629629600000023e+01,-2.865403759699999853e+01,-5.008924201600000004e+01,-3.142343074800000124e+01,-2.476692190900000057e+01,-2.974314716399999980e+01
1.261630630600000025e+01,-2.897900553099999854e+01,-5.218266142000000229e+01,-3.053338953500000130e+01,-2.301345371200000045e+01,-2.961960812499999918e+01
1.263631631600000027e+01,-2.838494178699999893e+01,-3.803660303499999884e+01,-3.008816589999999991e+01,-2.440350352500000142e+01,-3.020069122499999992e+01
1.265632632600000029e+01,-2.451150631899999865e+01,-3.981620720400000124e+01,-3.141514176900000166e+01,-2.402557006299999998e+01,-3.161081433400000051e+01
1.267633633600000032e+01,-2.580788339600000114e+01,-4.581396079700000001e+01,-3.567107328299999836e+01,-2.464990594600000051e+01,-3.198133895499999824e+01
1.269634634600000034e+01,-3.064395994999999928e+01,-3.156745726999999846e+01,-3.268078469099999950e+01,-2.482631317199999899e+01,-3.146998494500000021e+01
1.271635635600000036e+01,-2.926892186899999970e+01,-3.856954512600000129e+01,-3.401798854799999816e+01,-2.259418350099999984e+01,-3.288812559899999854e+01
1.273636636600000038e+01,-2.884821393500000042e+01,-3.912976012600000075e+01,-3.288816537999999667e+01,-2.436593515799999921e+01,-3.189683750600000067e+01
1.275637637600000041e+01,-2.601502608499999880e+01,-4.393257084199999696e+01,-3.112750397699999994e+01,-2.439183632299999971e+01,-3.607208863000000321e+01
1.277638638600000043e+01,-3.103931938599999896e+01,-3.643201830600000335e+01,-3.460560799900000006e+01,-2.377878765499999858e+01,-3.736874516000000312e+01
1.279639639600000045e+01,-2.897664576700000083e+01,-4.162040913100000239e+01,-3.517619596600000165e+01,-2.524364084400000152e+01,-3.667848441200000309e+01
1.281640640600000047e+01,-3.062863215599999833e+01,-3.011804081400000044e+01,-3.714094825600000149e+01,-2.435867575500000015e+01,-3.775868273100000039e+01
1.283641641600000050e+01,-3.342839147299999780e+01,-3.939314184799999907e+01,-3.454886789500000077e+01,-2.495855788200000092e+01,-3.851550373300000274e+01
1.285642642600000052e+01,-3.109240562999999824e+01,-4.235211015099999798e+01,-3.581694639500000221e+01,-2.497686103799999913e+01,-3.440059279500000144e+01
1.287643643600000054e+01,-4.313373294200000174e+01,-3.704999508400000252e+01,-3.574412416999999920e+01,-2.747623568799999916e+01,-3.582456872499999889e+01
1.289644644600000056e+01,-4.350209811599999910e+01,-3.483405425000000122e+01,-3.380013481000000297e+01,-2.749363117200000062e+01,-4.434913085600000215e+01
1.291645645600000059e+01,-4.302803850200000113e+01,-3.315717534899999919e+01,-3.840571901300000235e+01,-2.701900637299999985e+01,-3.850862665599999701e+01
1.293646646600000061e+01,-3.918474261299999739e+01,-3.967764181999999806e+01,-3.424753604299999665e+01,-2.711905160999999964e+01,-4.578408658499999717e+01
1.295647647600000063e+01,-3.815114659200000347e+01,-3.483740265299999805e+01,-3.319146970799999963e+01,-2.872115412699999837e+01,-4.882953001799999981e+01
1.297648648600000065e+01,-3.611006462800000349e+01,-2.871797802600000082e+01,-3.493948123700000252e+01,-2.754339417099999920e+01,-3.947762808800000300e+01
1.299649649600000068e+01,-3.412699920400000053e+01,-3.404570050000000236e+01,-4.084562906200000043e+01,-3.017120948999999897e+01,-3.719921163699999767e+01
1.301650650700000078e+01,-4.631698214299999705e+01,-3.857239530500000058e+01,-3.779114846400000260e+01,-2.777069202799999914e+01,-3.958855355200000048e+01
1.303651651700000080e+01,-3.953174391000000298e+01,-3.073773764499999928e+01,-3.992272224300000261e+01,-3.100621294300000130e+01,-3.673232603400000329e+01
1.305652652700000083e+01,-3.563599540399999910e+01,-3.402085419499999830e+01,-3.717546552299999973e+01,-2.909679547500000041e+01,-3.634312378199999927e+01
1.307653653700000085e+01,-4.599190463299999720e+01,-4.230309154900000124e+01,-3.408279274899999933e+01,-2.946666384199999911e+01,-3.756785111800000010e+01
1.309654654700000087e+01,-3.302052583399999719e+01,-3.229063902099999694e+01,-3.829135398999999751e+01,-3.149972409600000134e+01,-3.582342481900000308e+01
1.311655655699999912e+01,-3.423715267200000056e+01,-3.626720505699999819e+01,-3.656866723200000280e+01,-2.948127335599999910e+01,-3.545405138899999997e+01
1.313656656699999914e+01,-3.530227381200000281e+01,-3.871180089599999974e+01,-3.524806687499999924e+01,-3.042059753299999869e+01,-3.416191635300000229e+01
1.315657657699999916e+01,-3.733951100099999820e+01,-3.027884478100000010e+01,-3.171116311000000110e+01,-4.306175377299999951e+01,-3.325757605500000125e+01
1.317658658699999918e+01,-3.632562154499999707e+01,-3.790189098799999812e+01,-3.459061160600000306e+01,-3.240245921100000004e+01,-3.447192376299999950e+01
1.319659659699999921e+01,-3.175438349999999943e+01,-5.006723944800000226e+01,-3.574654779699999807e+01,-3.409082195100000234e+01,-3.128967526099999930e+01
1.321660660699999923e+01,-3.295095905099999811e+01,-3.508009708299999829e+01,-3.975542447400000157e+01,-3.940321342699999718e+01,-3.803616786399999938e+01
1.323661661699999925e+01,-5.079704275299999949e+01,-3.474559332500000153e+01,-3.239742197799999701e+01,-3.816478040999999877e+01,-3.407374485599999758e+01
1.325662662699999927e+01,-5.079474564000000214e+01,-3.904858213199999994e+01,-3.253616340899999670e+01,-4.087567949700000014e+01,-3.860031803199999700e+01
1.327663663699999930e+01,-3.757097002900000149e+01,-4.001734815700000070e+01,-3.426062982100000198e+01,-3.607002713300000352e+01,-3.223322286199999809e+01
1.329664664699999932e+01,-4.031525324900000129e+01,-4.736481166200000104e+01,-3.274127285299999812e+01,-3.740972518499999921e+01,-3.264796917099999973e+01
1.331665665699999934e+01,-3.151290185599999916e+01,-3.163653050299999947e+01,-3.237051424999999938e+01,-3.437167517900000036e+01,-3.505389042499999874e+01
1.333666666699999936e+01,-4.156912388399999969e+01,-3.802600982399999907e+01,-3.025637680599999868e+01,-4.168232229000000189e+01,-3.542329597500000204e+01
1.335667667699999939e+01,-3.977386842100000308e+01,-3.162453156999999848e+01,-3.046978082000000043e+01,-4.856444386500000121e+01,-4.234770756900000066e+01
1.337668668699999941e+01,-3.502763246300000333e+01,-3.742972844100000174e+01,-3.020497221899999829e+01,-3.560149148800000063e+01,-3.606694779899999759e+01
1.339669669699999943e+01,-3.359530838599999925e+01,-3.489706575000000299e+01,-2.920985492499999836e+01,-4.601372644399999956e+01,-3.926389711200000221e+01
1.341670670699999945e+01,-3.830177176800000183e+01,-3.823107932399999953e+01,-2.795414312799999834e+01,-4.240043677999999971e+01,-3.578455554100000313e+01
1.343671671699999948e+01,-4.164034921399999689e+01,-3.754800492399999712e+01,-2.671916006600000060e+01,-3.917502668299999868e+01,-3.573069420099999860e+01
1.345672672699999950e+01,-4.252126593599999893e+01,-2.897288363899999908e+01,-2.968321695199999866e+01,-4.756025166599999920e+01,-3.803260204000000044e+01
1.347673673699999952e+01,-4.000156745500000000e+01,-3.329714629099999712e+01,-3.206151022400000272e+01,-4.511257538899999986e+01,-3.559161105900000166e+01
1.349674674699999954e+01,-4.016100934600000016e+01,-4.094218676700000259e+01,-3.034304337700000076e+01,-5.277933500200000339e+01,-4.178947612599999673e+01
1.351675675699999957e+01,-3.856871831899999847e+01,-3.667854123899999763e+01,-2.829618866199999871e+01,-5.715204764899999645e+01,-3.616418183199999703e+01
1.353676676699999959e+01,-4.622618474200000094e+01,-4.569119826200000034e+01,-3.100186703800000032e+01,-3.801181786899999793e+01,-3.266510561199999785e+01
1.355677677699999961e+01,-3.677709116100000131e+01,-3.310417794399999991e+01,-3.004546217000000041e+01,-3.937417030900000015e+01,-3.947438682300000323e+01
1.357678678699999963e+01,-3.540175969999999950e+01,-4.028538762499999848e+01,-3.003215098400000116e+01,-4.014122330299999675e+01,-4.058876132200000342e+01
1.359679679699999966e+01,-4.203927459999999883e+01,-3.522085413599999981e+01,-2.915914209700000015e+01,-3.840357622199999810e+01,-3.402674789099999941e+01
1.361680680699999968e+01,-4.306309814200000119e+01,-3.236952786100000168e+01,-3.031737704000000022e+01,-4.237243576499999875e+01,-4.268550754799999680e+01
1.363681681699999970e+01,-3.571350192799999945e+01,-2.951430728000000059e+01,-2.696075088199999925e+01,-4.510863614899999874e+01,-3.596789693899999918e+01
1.365682682699999972e+01,-3.351326180899999940e+01,-5.165246145599999750e+01,-2.983198034400000154e+01,-4.265605854599999702e+01,-3.692483297599999759e+01
1.367683683699999975e+01,-5.049431788599999749e+01,-2.780309641599999892e+01,-2.596640432499999918e+01,-4.847239282999999688e+01,-3.763588464600000094e+01
1.369684684699999977e+01,-4.090376006999999703e+01,-3.778701837799999907e+01,-2.791770620500000177e+01,-4.274492551499999848e+01,-3.351295996099999996e+01
1.371685685699999979e+01,-3.701643809200000135e+01,-3.401820418700000204e+01,-2.647776428299999907e+01,-4.140034175699999963e+01,-3.544711315200000001e+01
1.373686686699999981e+01,-4.112853157499999668e+01,-3.928756210299999907e+01,-2.629659044899999998e+01,-3.700303619499999996e+01,-3.493042974699999803e+01
1.375687687699999984e+01,-3.188456639099999990e+01,-3.684791908199999710e+01,-2.587940061600000163e+01,-4.175813774899999942e+01,-3.322965607300000102e+01
1.377688688699999986e+01,-3.406450720600000182e+01,-4.183318756799999960e+01,-2.832000101699999917e+01,-3.864031872000000334e+01,-3.274427269899999970e+01
1.379689689699999988e+01,-3.830341381800000278e+01,-3.488539922500000046e+01,-2.562063567899999939e+01,-3.780766978900000197e+01,-2.536379419700000071e+01
1.381690690699999990e+01,-3.848044833499999839e+01,-3.838723270999999926e+01,-2.728044441100000128e+01,-3.765288510300000269e+01,-2.796946365299999826e+01
1.383691691699999993e+01,-3.893110426799999857e+01,-3.357482808500000004e+01,-3.119392399299999852e+01,-3.880239834700000046e+01,-3.318018675300000098e+01
1.385692692699999995e+01,-5.996452756600000100e+01,-4.481407809099999895e+01,-2.911775640999999837e+01,-3.626223836700000192e+01,-2.962691912700000074e+01
1.387693693699999997e+01,-4.424670406199999917e+01,-4.163321661199999824e+01,-3.043035946399999858e+01,-4.153384769699999879e+01,-3.132374730300000110e+01
1.389694694699999999e+01,-3.704420923299999657e+01,-3.311116364899999809e+01,-3.180889977100000010e+01,-3.652897685599999988e+01,-3.415464712100000355e+01
1.391695695700000002e+01,-3.605718317200000200e+01,-3.668987301699999648e+01,-2.674715762299999966e+01,-4.378620188400000046e+01,-3.513125592699999800e+01
1.393696696700000004e+01,-4.174970795600000173e+01,-4.693789971000000349e+01,-2.864904921000000115e+01,-4.052389163099999791e+01,-3.044254775899999999e+01
1.395697697700000006e+01,-3.724296078100000074e+01,-3.753543419799999725e+01,-2.672810616099999947e+01,-4.543675042099999928e+01,-2.910655658599999995e+01
1.397698698700000008e+01,-2.176566207300000144e+01,-3.941296418900000020e+01,-2.590042898300000118e+01,-4.444810421599999728e+01,-3.044868495800000119e+01
1.399699699700000011e+01,-4.163977388600000040e+01,-3.563111990400000195e+01,-2.665363514099999875e+01,-3.885835291499999755e+01,-2.977733200699999827e+01
1.401700700700000013e+01,-3.490487114799999802e+01,-3.998518633300000147e+01,-2.650135981200000046e+01,-4.549101577500000104e+01,-2.886570519600000040e+01
1.403701701700000015e+01,-3.404765016399999666e+01,-2.924943576900000153e+01,-2.886889227099999999e+01,-4.168894493700000226e+01,-2.953924820299999965e+01
1.405702702700000017e+01,-4.156277812799999793e+01,-3.004838702500000025e+01,-2.706495779899999832e+01,-3.595020704899999942e+01,-2.728264523500000038e+01
1.407703703700000020e+01,-3.177583542200000011e+01,-3.368815338000000281e+01,-2.609688079100000024e+01,-3.716957572199999760e+01,-3.023876750599999852e+01
1.409704704700000022e+01,-2.764232624799999982e+01,-2.989732671799999864e+01,-2.593647322200000005e+01,-3.315794827300000236e+01,-2.537278450799999874e+01
1.411705705700000024e+01,-3.529315214100000020e+01,-2.519522566499999883e+01,-2.510642637699999824e+01,-2.921502935699999881e+01,-3.050154769799999954e+01
1.413706706700000026e+01,-3.317527759499999718e+01,-3.422208190599999966e+01,-2.504639668400000119e+01,-3.797322777499999802e+01,-3.117686569600000013e+01
1.415707707700000029e+01,-3.131000789599999834e+01,-2.834163265999999837e+01,-2.367676093700000095e+01,-3.571697382400000009e+01,-3.322250675000000086e+01
1.417708708700000031e+01,-3.451916234499999803e+01,-3.421926882900000066e+01,-2.485870966999999965e+01,-3.163270392400000119e+01,-2.978160961900000103e+01
1.419709709700000033e+01,-3.760629741300000006e+01,-2.940951654599999898e+01,-2.491065754399999932e+01,-3.791147790099999781e+01,-2.901381011899999862e+01
1.421710710700000035e+01,-3.568805071599999934e+01,-2.949402784100000119e+01,-2.477783365699999862e+01,-3.945390859300000130e+01,-2.798321764299999970e+01
1.423711711700000038e+01,-3.254501482199999884e+01,-2.966631128999999945e+01,-2.493993946100000159e+01,-3.229588150499999699e+01,-3.113393479699999844e+01
1.425712712700000040e+01,-3.323084625900000333e+01,-3.312074829800000231e+01,-2.481368963399999927e+01,-3.498054330499999764e+01,-3.667129884599999912e+01
1.427713713700000042e+01,-3.716877659600000072e+01,-2.842192671800000170e+01,-2.574369434400000145e+01,-3.469772520299999741e+01,-2.972520253600000117e+01
1.429714714700000044e+01,-4.773657756200000080e+01,-3.191128086799999863e+01,-2.726526516199999861e+01,-3.592064856799999717e+01,-3.181273621100000071e+01
1.431715715700000047e+01,-4.203217155200000121e+01,-3.011416758300000041e+01,-2.585145431600000165e+01,-4.760051274399999954e+01,-3.252961169200000313e+01
1.433716716700000049e+01,-3.825268744000000254e+01,-3.180152407699999983e+01,-2.681845256300000102e+01,-4.276716101400000269e+01,-3.104514281100000161e+01
1.435717717700000051e+01,-3.484348063600000245e+01,-2.902988830399999998e+01,-2.716102096699999890e+01,-3.612402809900000022e+01,-3.425466015599999992e+01
1.437718718700000053e+01,-4.056078677400000032e+01,-2.817105371899999966e+01,-2.677666332500000124e+01,-4.040884800599999949e+01,-3.638240524199999726e+01
1.439719719700000056e+01,-3.362077721299999666e+01,-2.731205062700000141e+01,-2.755324239700000177e+01,-3.950188544299999904e+01,-3.265123942799999668e+01
1.441720720700000058e+01,-4.247778118400000125e+01,-3.229980318900000213e+01,-2.942396315699999931e+01,-3.694025609900000262e+01,-4.386693831499999874e+01
1.443721721700000060e+01,-3.219831995399999869e+01,-3.275422412599999689e+01,-2.693483462400000050e+01,-3.208662750900000304e+01,-3.423905250600000016e+01
1.445722722700000062e+01,-3.979603108500000275e+01,-3.927282967400000047e+01,-2.725419060500000157e+01,-3.539526404699999773e+01,-3.859576457200000021e+01
1.447723723700000065e+01,-2.974791434899999842e+01,-3.367327590699999718e+01,-2.926979367199999871e+01,-4.317051119100000278e+01,-3.464336854900000162e+01
1.449724724700000067e+01,-3.651699098099999929e+01,-3.560129657299999906e+01,-2.890006294699999856e+01,-3.810715241100000128e+01,-3.238526004599999908e+01
1.451725725700000069e+01,-5.472261295599999897e+01,-3.292377757999999943e+01,-2.437012494700000076e+01,-4.845145433399999746e+01,-3.934228685499999756e+01
1.453726726700000071e+01,-3.978245480799999712e+01,-3.425279729599999712e+01,-2.727416635599999850e+01,-4.902218680400000039e+01,-4.619989666400000061e+01
1.455727727700000074e+01,-3.428592724599999997e+01,-3.061942398400000087e+01,-2.797586905600000051e+01,-3.647106975100000170e+01,-3.192417995699999977e+01
1.457728728700000076e+01,-3.936953197999999787e+01,-2.846887061600000024e+01,-3.496609691100000106e+01,-4.065300299799999806e+01,-2.599975867499999893e+01
1.459729729700000078e+01,-4.729100830899999863e+01,-3.436689812200000205e+01,-2.986871753499999826e+01,-4.320539805300000324e+01,-3.217517289599999941e+01
1.461730730700000080e+01,-3.853526167700000116e+01,-3.082509702799999829e+01,-3.130895882600000135e+01,-6.228414408399999758e+01,-2.953279885099999902e+01
1.463731731700000083e+01,-4.771780814699999951e+01,-3.488992731199999753e+01,-3.112590613900000136e+01,-4.255976684000000176e+01,-2.845259285399999882e+01
1.465732732700000085e+01,-3.835935441800000234e+01,-3.243528393700000123e+01,-3.335784857699999861e+01,-3.769100080799999830e+01,-2.749173735800000173e+01
1.467733733700000087e+01,-3.126178273500000060e+01,-3.319487315700000352e+01,-2.867028588699999858e+01,-4.016507432800000288e+01,-3.009125827100000095e+01
1.469734734699999912e+01,-3.235255894200000171e+01,-4.754886840000000348e+01,-2.848241678100000129e+01,-3.604336835099999803e+01,-3.540509030500000165e+01
1.471735735699999914e+01,-4.942724764199999754e+01,-3.546317678399999807e+01,-2.645092092100000158e+01,-4.000051780500000120e+01,-3.054945789900000008e+01
1.473736736699999916e+01,-4.065846519699999817e+01,-3.103236071299999921e+01,-3.068128333599999991e+01,-3.538851656800000001e+01,-2.443535724599999881e+01
1.475737737699999919e+01,-3.860736867699999664e+01,-2.702160869200000093e+01,-2.928123848699999954e+01,-3.882382936999999856e+01,-3.186448756800000126e+01
1.477738738699999921e+01,-4.039213461100000302e+01,-3.705510939199999854e+01,-3.144041817400000127e+01,-4.670829730999999896e+01,-2.956370826199999868e+01
1.479739739699999923e+01,-3.711832057000000162e+01,-3.567828318200000126e+01,-2.758758647899999872e+01,-3.911638029299999886e+01,-2.926670142500000082e+01
1.481740740699999925e+01,-3.347737489899999730e+01,-3.616893653099999995e+01,-2.587682903400000001e+01,-4.774754941700000188e+01,-4.060903237299999802e+01
1.483741741699999928e+01,-2.912374802100000082e+01,-2.993091762299999914e+01,-2.433996599800000027e+01,-4.178012558500000040e+01,-2.958325717399999988e+01
1.485742742699999930e+01,-3.095923229799999987e+01,-3.280870199400000331e+01,-2.526354823699999841e+01,-3.907497242299999840e+01,-3.159178206099999997e+01
1.487743743699999932e+01,-4.051001697600000284e+01,-2.893407989900000032e+01,-2.741362916199999944e+01,-3.624583528000000143e+01,-3.821649124700000044e+01
1.489744744699999934e+01,-4.914759428299999655e+01,-3.247742577100000005e+01,-2.433864521099999934e+01,-4.980962761699999675e+01,-3.156090434400000078e+01
1.491745745699999937e+01,-3.999635026800000048e+01,-2.903146064699999940e+01,-2.474971750299999940e+01,-3.790255243400000040e+01,-2.756249191599999904e+01
1.493746746699999939e+01,-3.416818843200000089e+01,-3.578932077000000334e+01,-3.061985614900000030e+01,-3.801373377099999828e+01,-2.600228759100000175e+01
1.495747747699999941e+01,-3.266997766000000070e+01,-3.739658505599999927e+01,-2.843307062199999891e+01,-3.738031076299999711e+01,-2.713901847400000023e+01
1.497748748699999943e+01,-3.291399967200000276e+01,-3.905098833499999955e+01,-2.395041906699999856e+01,-4.815188452699999999e+01,-2.528506639200000095e+01
1.499749749699999946e+01,-3.240048413400000271e+01,-2.798216192099999944e+01,-2.445613714599999966e+01,-4.320137126600000244e+01,-2.545713052099999985e+01
1.501750750799999956e+01,-3.459477251700000267e+01,-3.580858443799999691e+01,-2.586900783899999823e+01,-3.720281295400000232e+01,-2.754644461000000177e+01
1.503751751799999958e+01,-2.959463479100000072e+01,-3.432742286900000295e+01,-2.514828184399999955e+01,-4.470084939400000223e+01,-3.243739961200000010e+01
1.505752752799999961e+01,-3.393119019600000286e+01,-4.972610478200000017e+01,-2.616505403500000071e+01,-3.384759742899999679e+01,-2.540669126099999886e+01
1.507753753799999963e+01,-3.592355848199999713e+01,-2.604417436900000027e+01,-3.142922168699999830e+01,-3.522379145800000089e+01,-2.589193593299999918e+01
1.509754754799999965e+01,-3.629754192200000062e+01,-3.896774669399999880e+01,-2.688092416299999954e+01,-3.099239738099999997e+01,-2.579808588499999900e+01
1.511755755799999967e+01,-3.182681589199999905e+01,-2.699854133499999875e+01,-2.698243448999999927e+01,-3.006234586600000114e+01,-3.079659163499999863e+01
1.513756756799999970e+01,-3.304018208499999787e+01,-3.750829305799999958e+01,-2.594761778599999857e+01,-2.684486195999999936e+01,-2.553167596300000142e+01
1.515757757799999972e+01,-3.551243219799999906e+01,-4.905963769200000257e+01,-2.573608710699999946e+01,-3.649214667100000042e+01,-2.719528091700000161e+01
1.517758758799999974e+01,-4.354198482900000045e+01,-2.443221313600000144e+01,-2.533064629100000076e+01,-2.729940613999999854e+01,-2.780584090600000025e+01
1.519759759799999976e+01,-4.038090735600000158e+01,-2.968478913499999905e+01,-2.627819708599999871e+01,-4.097733490400000278e+01,-2.726722269600000104e+01
1.521760760799999979e+01,-3.467446489900000017e+01,-2.968572776399999924e+01,-2.552576495399999956e+01,-3.402157281699999913e+01,-3.152388569400000051e+01
1.523761761799999981e+01,-3.566586314999999985e+01,-4.261744070900000025e+01,-2.495456778799999853e+01,-3.840573517499999667e+01,-3.066388975099999925e+01
1.525762762799999983e+01,-3.470272010600000101e+01,-3.402092199100000158e+01,-2.674524846299999936e+01,-3.445420566699999654e+01,-3.421941331600000069e+01
1.527763763799999985e+01,-4.461721325999999976e+01,-4.153442082600000163e+01,-2.430046663199999912e+01,-3.624387321700000086e+01,-3.562790377900000038e+01
1.529764764799999988e+01,-5.651205545100000194e+01,-3.664885690999999923e+01,-2.890620007200000074e+01,-3.894291547099999917e+01,-3.550962323600000303e+01
1.531765765799999990e+01,-4.035934892000000218e+01,-3.540705084100000022e+01,-2.789102847499999882e+01,-4.048697350799999839e+01,-2.575894294900000148e+01
1.533766766799999992e+01,-4.134006720699999704e+01,-4.149278930599999882e+01,-2.717663052800000045e+01,-3.963812840199999954e+01,-3.151996132000000017e+01
1.535767767799999994e+01,-4.738126028399999967e+01,-2.311550464200000121e+01,-2.633149482700000021e+01,-4.675337058499999898e+01,-3.098584261199999901e+01
1.537768768799999997e+01,-5.305353768999999886e+01,-3.493822825200000182e+01,-2.923385361500000101e+01,-5.033504779100000093e+01,-3.190260450999999975e+01
1.539769769799999999e+01,-3.379296135999999962e+01,-4.075749317799999716e+01,-3.521917354499999675e+01,-5.419864500599999957e+01,-3.232999822299999693e+01
1.541770770800000001e+01,-4.446667061600000181e+01,-3.380677895800000243e+01,-2.964082014699999945e+01,-3.758899765799999670e+01,-2.753028852199999932e+01
1.543771771800000003e+01,-3.847228292799999849e+01,-3.264882645800000205e+01,-3.124604461399999877e+01,-4.992179021100000114e+01,-2.810384499199999908e+01
1.545772772800000006e+01,-3.656552461300000090e+01,-2.572754113899999950e+01,-3.095194226499999957e+01,-4.355521843700000062e+01,-3.718577416200000130e+01
1.547773773800000008e+01,-4.450480369999999652e+01,-3.637751449699999995e+01,-2.949098811800000064e+01,-4.600524162499999647e+01,-2.966503554499999851e+01
1.549774774800000010e+01,-3.616841755499999778e+01,-3.655927832100000074e+01,-3.651559659400000157e+01,-3.789824117500000256e+01,-2.851189662899999888e+01
1.551775775800000012e+01,-2.741386108400000055e+01,-3.685883420700000102e+01,-2.890398014799999871e+01,-4.434246807699999948e+01,-2.475854646100000167e+01
1.553776776800000015e+01,-3.150721999099999948e+01,-3.320274662199999938e+01,-3.306783774400000198e+01,-4.317019683000000185e+01,-2.587678925299999833e+01
1.555777777800000017e+01,-3.595675149299999873e+01,-3.878239184000000250e+01,-3.230243079800000316e+01,-4.227254683299999982e+01,-2.663679573299999959e+01
1.557778778800000019e+01,-2.955962691899999939e+01,-3.009215863500000054e+01,-5.829934053400000238e+01,-3.687452306499999821e+01,-2.311482673000000077e+01
1.559779779800000021e+01,-3.105546950700000153e+01,-3.974237541400000140e+01,-3.279317258999999751e+01,-4.491044753900000330e+01,-3.283053675400000060e+01
1.561780780800000024e+01,-2.821374965400000079e+01,-3.468268150000000105e+01,-3.097982413100000088e+01,-3.769880851399999955e+01,-2.629070705299999844e+01
1.563781781800000026e+01,-4.494738057899999717e+01,-5.639680990000000094e+01,-3.134289069600000133e+01,-3.551234201999999840e+01,-1.932449979400000117e+01
1.565782782800000028e+01,-3.191940968300000137e+01,-4.123618755300000061e+01,-3.863052146199999726e+01,-3.583334992099999994e+01,-2.276888118200000122e+01
1.567783783800000030e+01,-2.696419414100000012e+01,-3.166283306700000111e+01,-3.576874199600000281e+01,-3.681795325800000285e+01,-2.635155432299999845e+01
1.569784784800000033e+01,-3.396395160800000212e+01,-3.863188996899999950e+01,-3.283043101100000172e+01,-3.255825591499999661e+01,-1.730591899599999905e+01
1.571785785800000035e+01,-3.108671226999999959e+01,-3.385404178999999658e+01,-3.170041791699999933e+01,-3.373954736499999996e+01,-2.212139353199999903e+01
1.573786786800000037e+01,-3.636544923600000345e+01,-3.775170380800000203e+01,-3.134468184199999996e+01,-3.943114069500000340e+01,-2.316635376900000054e+01
1.575787787800000039e+01,-3.183746378800000087e+01,-3.407897207500000292e+01,-3.344273551599999905e+01,-3.828862912799999663e+01,-2.464192593699999989e+01
1.577788788800000042e+01,-3.162961330099999913e+01,-4.166629901600000352e+01,-2.807293446499999945e+01,-3.554459452199999703e+01,-2.377978137299999872e+01
1.579789789800000044e+01,-2.640902193000000153e+01,-3.580256556399999823e+01,-3.088582542400000008e+01,-3.342676493700000151e+01,-2.076478413899999964e+01
1.581790790800000046e+01,-3.807812947200000053e+01,-3.866462318300000334e+01,-2.634754829899999962e+01,-2.897555636899999953e+01,-1.960957064100000125e+01
1.583791791800000048e+01,-3.614963786399999890e+01,-3.206080136599999975e+01,-2.842075207699999950e+01,-3.144167416499999845e+01,-2.144224399999999875e+01
1.585792792800000051e+01,-2.835085212199999916e+01,-3.844869970199999898e+01,-2.741199018600000059e+01,-3.263766384899999906e+01,-2.097829123700000054e+01
1.587793793800000053e+01,-3.255612504700000187e+01,-3.027863983900000022e+01,-2.799540019200000174e+01,-2.968218897499999898e+01,-2.131081481000000011e+01
1.589794794800000055e+01,-3.370398480299999733e+01,-3.994596783600000123e+01,-2.681948267099999939e+01,-3.042767393700000156e+01,-2.445490294600000070e+01
1.591795795800000057e+01,-2.754089482899999908e+01,-3.084976269999999943e+01,-2.625461418000000080e+01,-2.610256614700000100e+01,-2.050345909700000036e+01
1.593796796800000060e+01,-3.269985907299999894e+01,-3.298174748400000311e+01,-2.676365625100000045e+01,-3.008701005100000003e+01,-2.022723019200000039e+01
1.595797797800000062e+01,-2.868413177400000080e+01,-4.745145594400000277e+01,-2.403824390300000147e+01,-2.922353683300000071e+01,-2.257619605300000032e+01
1.597798798800000064e+01,-2.820639984600000005e+01,-3.191365714000000153e+01,-2.367326252699999856e+01,-3.431314335300000096e+01,-2.431686911099999904e+01
1.599799799800000066e+01,-3.507694976700000211e+01,-2.860195921900000116e+01,-2.344620719999999992e+01,-4.090139585099999664e+01,-2.659404648599999987e+01
1.601800800799999891e+01,-1.749842155500000018e+01,-2.996812383099999977e+01,-2.528548584500000018e+01,-2.790469310399999969e+01,-2.415433442499999828e+01
1.603801801799999893e+01,-2.396469251399999933e+01,-3.795755279699999818e+01,-2.866900483499999908e+01,-2.868003422600000007e+01,-2.546767487199999991e+01
1.605802802799999895e+01,-3.769739608599999769e+01,-3.693248696599999903e+01,-2.652419100799999896e+01,-3.435238880899999714e+01,-2.596745484299999873e+01
1.607803803799999898e+01,-2.448648379400000152e+01,-3.208992625300000157e+01,-2.734368871899999931e+01,-3.479651234899999679e+01,-2.912501031600000090e+01
1.609804804799999900e+01,-2.774025062500000161e+01,-1.609691594499999923e+01,-2.127101653000000070e+01,-2.592244995600000124e+01,-2.374836885299999878e+01
1.611805805799999902e+01,-2.911361528400000154e+01,-2.505735316299999837e+01,-2.801761713799999853e+01,-3.263590327499999688e+01,-2.644346876899999899e+01
1.613806806799999904e+01,-2.563338424799999871e+01,-2.471551380400000042e+01,-2.773567541099999900e+01,-3.370440276099999721e+01,-3.098465863099999851e+01
1.615807807799999907e+01,-1.922617293000000060e+01,-3.428590499300000261e+01,-2.878568981100000101e+01,-3.824059559999999891e+01,-2.923628658699999860e+01
1.617808808799999909e+01,-2.078842279099999857e+01,-3.047640046600000119e+01,-2.970100449899999973e+01,-3.642859993300000099e+01,-2.687727739600000021e+01
1.619809809799999911e+01,-2.070906112799999832e+01,-3.894340368900000016e+01,-3.596268923099999881e+01,-3.309491866700000173e+01,-3.127724607300000059e+01
1.621810810799999913e+01,-1.027358152300000071e+01,-2.682132610600000078e+01,-2.766403586399999881e+01,-3.337654912099999649e+01,-2.364843736499999949e+01
1.623811811799999916e+01,-3.127643686600000095e+01,-3.334898581699999909e+01,-2.972733032300000033e+01,-2.898109906099999833e+01,-2.845553144300000170e+01
1.625812812799999918e+01,-3.228366333900000029e+01,-2.330309567600000165e+01,-3.616616977500000019e+01,-3.281447408700000068e+01,-2.606783348200000106e+01
1.627813813799999920e+01,-3.280847009099999667e+01,-4.579311104899999663e+01,-3.331331408199999800e+01,-3.487574900500000297e+01,-2.645416409599999952e+01
1.629814814799999922e+01,-3.374154321399999645e+01,-2.824970724900000008e+01,-3.146384688699999899e+01,-2.908468163499999903e+01,-2.351542835800000120e+01
1.631815815799999925e+01,-3.376053526999999832e+01,-2.973115231999999963e+01,-3.019953261299999880e+01,-4.278256961799999658e+01,-1.957341992099999928e+01
1.633816816799999927e+01,-2.787330623800000140e+01,-3.328805650000000327e+01,-3.204084347999999949e+01,-3.455177469899999920e+01,-2.472004822799999957e+01
1.635817817799999929e+01,-2.780296828599999870e+01,-2.770990970900000150e+01,-2.935486927199999840e+01,-3.076569826100000071e+01,-2.627025231400000038e+01
1.637818818799999931e+01,-1.445244278200000032e+01,-2.875269961800000118e+01,-2.833235260300000036e+01,-3.512591317999999774e+01,-3.046155739499999981e+01
1.639819819799999934e+01,-4.249007581800000111e+01,-3.322821381400000007e+01,-3.315807477799999958e+01,-3.610925309800000349e+01,-2.505113107900000102e+01
1.641820820799999936e+01,-2.582497001500000167e+01,-2.338664959600000159e+01,-2.484293408399999947e+01,-3.435184481699999992e+01,-2.637215498300000149e+01
1.643821821799999938e+01,-2.916698846499999931e+01,-3.718034546999999890e+01,-3.068898482899999891e+01,-3.230368774400000120e+01,-2.398167666000000153e+01
1.645822822799999940e+01,-2.005218330499999979e+01,-2.882012063599999863e+01,-3.258956774400000000e+01,-3.413031722099999854e+01,-2.305820886300000083e+01
1.647823823799999943e+01,-3.381805922200000225e+01,-2.687298218300000130e+01,-4.803937771700000070e+01,-3.449027599899999785e+01,-3.946692189200000200e+01
1.649824824799999945e+01,-4.674965327900000034e+01,-3.192330488700000046e+01,-3.923329952299999945e+01,-2.987723818399999942e+01,-2.949852524900000006e+01
1.651825825799999947e+01,-2.228555517299999877e+01,-3.598206895300000241e+01,-3.401715193500000112e+01,-3.373493227400000194e+01,-2.566669189899999992e+01
1.653826826799999949e+01,-3.193045272499999854e+01,-2.307071956700000115e+01,-4.329186797199999859e+01,-2.996628018299999852e+01,-2.011862587099999899e+01
1.655827827799999952e+01,-3.513052266100000054e+01,-2.592293854700000111e+01,-3.676218035400000161e+01,-3.172553725199999874e+01,-3.033408439600000150e+01
1.657828828799999954e+01,-2.254047372400000171e+01,-2.995513959199999832e+01,-3.619232931399999842e+01,-3.146755348800000007e+01,-2.774600484699999825e+01
1.659829829799999956e+01,-1.640109359099999864e+01,-3.808378643599999691e+01,-2.774141425599999877e+01,-3.919714208599999949e+01,-2.924968055200000094e+01
1.661830830799999958e+01,-3.838045539499999848e+01,-3.284150163700000036e+01,-3.681574219099999823e+01,-3.633728616100000153e+01,-2.787896208800000153e+01
1.663831831799999961e+01,-2.947714674999999929e+01,-3.115254804599999972e+01,-3.059164828999999841e+01,-3.377415824799999911e+01,-2.941555735000000027e+01
1.665832832799999963e+01,-3.726734060700000128e+01,-4.939482783199999716e+01,-2.917271760699999916e+01,-2.852618406399999884e+01,-3.453296910800000319e+01
1.667833833799999965e+01,-2.424814466300000149e+01,-5.076291667000000274e+01,-2.766909617600000004e+01,-3.310405876899999811e+01,-2.768777294499999897e+01
1.669834834799999967e+01,-2.430777516399999882e+01,-3.642127872900000085e+01,-3.143799668600000174e+01,-3.262220088200000134e+01,-2.878660084799999908e+01
1.671835835799999970e+01,-2.950562776599999992e+01,-3.351082105500000097e+01,-2.966238772599999862e+01,-3.300608849000000333e+01,-2.970061381600000061e+01
1.673836836799999972e+01,-3.406792308200000008e+01,-3.332962096199999991e+01,-2.767887266500000010e+01,-3.265849485999999757e+01,-3.269454689700000216e+01
1.675837837799999974e+01,-2.807556836499999875e+01,-3.533740511599999934e+01,-2.477740450900000013e+01,-3.219502140099999821e+01,-3.542447258800000043e+01
1.677838838799999976e+01,-2.754343291100000002e+01,-3.199476837599999968e+01,-2.489709109100000006e+01,-3.311722685200000171e+01,-3.044139397600000052e+01
1.679839839799999979e+01,-2.884977114200000159e+01,-1.649544114300000075e+01,-2.761964238699999896e+01,-3.700596840000000043e+01,-3.225814266399999752e+01
1.681840840799999981e+01,-3.053897504000000040e+01,-2.503765593299999992e+01,-2.570220256800000058e+01,-2.899046074800000028e+01,-3.372420296899999670e+01
1.683841841799999983e+01,-2.776837923700000132e+01,-3.224478855200000282e+01,-2.736237591700000138e+01,-3.369546289800000238e+01,-3.174268273299999876e+01
1.685842842799999985e+01,-1.973801052900000030e+01,-2.554653106299999976e+01,-2.494156248999999903e+01,-3.068530231600000135e+01,-2.586943940999999825e+01
1.687843843799999988e+01,-3.156547224799999896e+01,-3.036519378099999855e+01,-2.754236970099999837e+01,-3.133047027299999954e+01,-2.696167731099999898e+01
1.689844844799999990e+01,-3.416863940000000355e+01,-4.422126440600000308e+01,-2.388135295100000022e+01,-2.963407618000000099e+01,-2.533456398499999906e+01
1.691845845799999992e+01,-2.670036450299999942e+01,-3.878948519200000078e+01,-2.644549586200000135e+01,-3.040155433800000040e+01,-2.876001712800000121e+01
1.693846846799999994e+01,-2.815338686600000173e+01,-5.439648867900000084e+01,-2.637446423600000145e+01,-3.054674184299999951e+01,-2.741085609399999967e+01
1.695847847799999997e+01,-3.176012939299999971e+01,-3.581406446700000146e+01,-2.744765312299999849e+01,-2.561219469999999987e+01,-1.477610353600000082e+01
1.697848848799999999e+01,-3.385303741799999955e+01,-3.558593494000000135e+01,-3.097699368700000022e+01,-3.208779402500000089e+01,-2.562202143400000054e+01
1.699849849800000001e+01,-3.460258905199999901e+01,-3.137059810799999937e+01,-1.960990629799999851e+01,-2.143676830800000133e+01,-3.109353727199999895e+01
1.701850850900000012e+01,-2.012925980700000039e+01,-4.304924578100000332e+01,-2.998596913600000136e+01,-2.776185234800000146e+01,-2.603081910499999907e+01
1.703851851900000014e+01,-2.690615371599999861e+01,-5.401774956100000225e+01,-2.895300577700000133e+01,-3.240115544199999675e+01,-2.275682363900000027e+01
1.705852852900000016e+01,-5.180765976899999714e+01,-3.237330160999999862e+01,-3.126758074600000015e+01,-3.686092895800000235e+01,-2.074063771899999864e+01
1.707853853900000018e+01,-4.598629951800000271e+01,-2.687084260800000024e+01,-2.896815962200000172e+01,-3.053688036100000147e+01,-2.564249489099999835e+01
1.709854854900000021e+01,-3.976553856299999978e+01,-3.051796338899999839e+01,-3.234258644199999821e+01,-2.928163712699999977e+01,-2.732735727900000100e+01
1.711855855900000023e+01,-4.169174764000000266e+01,-3.284763272000000001e+01,-2.526101595700000146e+01,-2.840674641500000064e+01,-2.108283674100000127e+01
1.713856856900000025e+01,-4.621727894600000042e+01,-3.181666618299999882e+01,-2.994453291399999983e+01,-2.846062676600000074e+01,-2.136451094799999950e+01
1.715857857900000027e+01,-3.500882214399999981e+01,-3.588760298599999743e+01,-3.570163043600000208e+01,-2.112340685899999926e+01,-2.860637209000000070e+01
1.717858858900000030e+01,-3.838780764799999901e+01,-4.047805734399999977e+01,-3.381448052199999665e+01,-3.507030325800000270e+01,-1.872076494399999902e+01
1.719859859900000032e+01,-4.503420170999999783e+01,-3.433026089300000194e+01,-3.431358476399999802e+01,-2.025743343299999921e+01,-2.150067265499999891e+01
1.721860860900000034e+01,-3.385444601900000094e+01,-3.184602988600000018e+01,-3.730342561799999856e+01,-3.141133040800000131e+01,-3.283291527600000137e+01
1.723861861900000036e+01,-3.684532303400000330e+01,-3.377068126599999687e+01,-3.742404256100000026e+01,-3.260794745300000130e+01,-2.540987958199999852e+01
1.725862862900000039e+01,-3.479814023000000134e+01,-3.543708143300000302e+01,-3.961209095299999916e+01,-3.346578145899999868e+01,-2.753546224899999828e+01
1.727863863900000041e+01,-3.438548714000000217e+01,-3.258112815799999851e+01,-2.197274646400000009e+01,-2.483330057199999885e+01,-2.828046352499999827e+01
1.729864864900000043e+01,-2.796131352100000100e+01,-3.359492628600000330e+01,-2.847937434600000017e+01,-4.925035697599999907e+01,-2.114107019300000090e+01
1.731865865900000045e+01,-3.685170161500000319e+01,-4.599968973099999658e+01,-2.516216317199999963e+01,-2.844600994299999996e+01,-1.044733566700000083e+01
1.733866866900000048e+01,-4.174459727499999673e+01,-3.608029017999999866e+01,-3.013393604399999859e+01,-2.865865520999999916e+01,-2.428513997800000013e+01
1.735867867900000050e+01,-3.690026525100000043e+01,-4.466771901900000330e+01,-2.624904813899999922e+01,-3.407818737800000264e+01,-3.307129686799999746e+01
1.737868868900000052e+01,-3.632633491699999695e+01,-3.672584908500000012e+01,-2.224295227600000047e+01,-3.390485311300000149e+01,-4.207639886500000159e+01
1.739869869900000054e+01,-3.081071127499999918e+01,-4.026299386099999822e+01,-2.840847385100000011e+01,-4.455567470799999796e+01,-3.151344884699999938e+01
1.741870870900000057e+01,-3.779735627200000181e+01,-2.693520716800000159e+01,-2.328274794300000039e+01,-2.343937374800000129e+01,-1.656761385400000108e+01
1.743871871900000059e+01,-3.611059073300000222e+01,-2.605720098100000115e+01,-3.229460214800000273e+01,-3.167264818399999982e+01,-2.971141085300000029e+01
1.745872872900000061e+01,-3.044955090399999875e+01,-5.819360060399999668e+01,-2.531495016699999923e+01,-2.712621078000000097e+01,-2.545320267500000000e+01
1.747873873900000063e+01,-3.492673752500000006e+01,-3.162286138600000029e+01,-2.702826377699999938e+01,-4.363933663400000285e+01,-1.921085258000000096e+01
1.749874874900000066e+01,-2.768558160399999934e+01,-2.920786273399999899e+01,-2.413922605699999835e+01,-4.764379252799999875e+01,-2.650636889600000146e+01
1.751875875900000068e+01,-3.956082537199999649e+01,-2.625038214299999950e+01,-2.733653272200000117e+01,-3.675418404500000236e+01,-2.693199354800000123e+01
1.753876876900000070e+01,-2.737092815800000167e+01,-4.181854355299999781e+01,-2.546993096599999973e+01,-2.742129247000000092e+01,-1.429057284699999997e+01
1.755877877900000072e+01,-2.506799907699999963e+01,-2.967485598300000049e+01,-2.638595902499999823e+01,-3.241799242599999786e+01,-2.297388666599999851e+01
1.757878878900000075e+01,-3.260819575600000064e+01,-2.242143138500000177e+01,-1.890081659499999844e+01,-1.659354949100000098e+01,-3.254784166299999981e+01
1.759879879900000077e+01,-3.577610044800000111e+01,-3.076496593599999940e+01,-3.192248801299999883e+01,-2.551576557299999948e+01,-2.153710033699999826e+01
1.761880880900000079e+01,-1.713028004799999948e+01,-2.762496502999999848e+01,-2.323150675100000129e+01,-3.793605321999999802e+01,-2.143544742099999922e+01
1.763881881900000081e+01,-3.508671236099999646e+01,-2.792045920500000022e+01,-2.555766670199999879e+01,-3.395636025700000005e+01,-3.317748800599999726e+01
1.765882882900000084e+01,-3.574457199799999785e+01,-3.039901747200000059e+01,-3.062822438299999916e+01,-3.422539869399999901e+01,-2.226217984099999825e+01
1.767883883900000086e+01,-2.033938180099999826e+01,-2.280560338000000087e+01,-4.014556410600000191e+01,-3.005846298799999872e+01,-2.980670757900000112e+01
1.769884884900000088e+01,-3.552094226700000235e+01,-3.315340593900000243e+01,-2.696926788800000097e+01,-2.467961451600000089e+01,-3.006182395100000093e+01
1.771885885900000090e+01,-3.760386432300000337e+01,-4.391635903299999910e+01,-3.401321448400000236e+01,-2.659537922599999860e+01,-2.208333472800000052e+01
1.773886886900000093e+01,-1.882357182999999878e+01,-3.226040798199999671e+01,-4.008798070699999982e+01,-3.281577474000000194e+01,-3.096417212100000071e+01
1.775887887900000095e+01,-3.859131318200000038e+01,-3.083141242399999982e+01,-4.526049855699999824e+01,-2.713364843100000101e+01,-5.087379909399999889e+01
1.777888888900000097e+01,-2.940080574799999980e+01,-3.633364787000000007e+01,-3.403185504700000052e+01,-2.999790396399999892e+01,-3.118140787400000136e+01
1.779889889900000099e+01,-2.679477348400000025e+01,-3.703224382900000222e+01,-2.048232781300000127e+01,-2.347235632199999955e+01,-1.486849793200000036e+01
1.781890890900000102e+01,-3.816082539100000304e+01,-3.354455973000000313e+01,-3.786440756599999702e+01,-3.078521762600000145e+01,-3.653398469399999726e+01
1.783891891900000104e+01,-4.180873683699999788e+01,-3.007092962899999833e+01,-3.101191564999999883e+01,-3.037912709400000111e+01,-3.175444165000000041e+01
1.785892892900000106e+01,-2.676969951099999889e+01,-2.710098093799999930e+01,-3.803228990699999912e+01,-2.455781194300000081e+01,-2.469296631299999945e+01
1.787893893900000108e+01,-4.875743294899999825e+01,-3.764438052500000254e+01,-2.979780729200000167e+01,-2.909456805499999987e+01,-3.140996271799999917e+01
1.789894894900000111e+01,-3.600334046799999754e+01,-3.256312744200000253e+01,-3.835981898000000001e+01,-2.580092551799999967e+01,-3.024815789899999885e+01
1.791895895900000113e+01,-3.636586673099999700e+01,-4.159804170900000031e+01,-2.023019243199999906e+01,-1.680889351100000084e+01,-2.907773331199999944e+01
1.793896896900000115e+01,-3.459501351099999766e+01,-2.363084147400000035e+01,8.925316322300000493e+00,1.133601960000000020e+01,-2.057679243000000113e+01
1.795897897900000117e+01,-3.781156375900000199e+01,-3.277966506500000321e+01,-2.665322028799999998e+01,-2.799727925199999845e+01,-2.693792785000000123e+01
1.797898898900000120e+01,-3.387353855799999991e+01,-1.866909285799999907e+01,-3.040711758200000148e+01,-2.928681926599999841e+01,-2.381954794299999989e+01
1.799899899900000122e+01,-3.236488558199999943e+01,-3.277667278599999889e+01,-2.115926462999999913e+01,-2.950841463300000100e+01,-2.338198791599999993e+01
1.801900900900000124e+01,-3.338380309699999771e+01,-3.794792971300000062e+01,-2.127908919100000062e+01,-2.058077077100000096e+01,-2.391393522599999955e+01
1.803901901900000126e+01,-3.382071120100000172e+01,-3.705496036499999946e+01,-3.034695374500000042e+01,-2.864945538799999980e+01,-3.021104871300000028e+01
1.805902902900000129e+01,-3.730210797800000222e+01,-2.601867073200000036e+01,-3.384648647600000260e+01,-2.472035412600000015e+01,-2.998448958499999861e+01
1.807903903900000131e+01,-3.993234521699999817e+01,-4.033827118100000320e+01,-3.139353562699999856e+01,-3.636491412200000184e+01,-2.421884821700000145e+01
1.809904904900000133e+01,-3.977075135399999795e+01,-4.377412084499999878e+01,-2.978977656600000046e+01,-2.844518880000000038e+01,-2.959724145299999876e+01
1.811905905900000135e+01,-3.037337225499999960e+01,-1.208897407799999968e+01,-3.754250594399999841e+01,-2.887268778199999986e+01,-3.799837051299999757e+01
1.813906906900000138e+01,-4.133518818799999650e+01,-3.219040643299999971e+01,-3.522864897299999853e+01,-2.839237653100000003e+01,-3.600085265700000292e+01
1.815907907900000140e+01,-2.747505231999999964e+01,-3.760923216900000199e+01,-3.488185156200000137e+01,-2.833892051600000173e+01,-4.775824816400000117e+01
1.817908908900000142e+01,-3.996318279500000159e+01,-4.232299486600000193e+01,-2.978154842500000044e+01,-3.059421248399999982e+01,-3.231479745899999756e+01
1.819909909900000144e+01,-4.245958945299999954e+01,-2.787577536799999933e+01,-2.538574258599999922e+01,-2.898840401700000058e+01,-3.070741015999999846e+01
1.821910910900000147e+01,-3.686069839999999687e+01,-4.473348917599999908e+01,-2.960605981100000150e+01,-2.317257708300000019e+01,-3.837737671699999709e+01
1.823911911900000149e+01,-3.884099732899999680e+01,-2.310752435199999866e+01,-3.711931448299999659e+01,-3.131205599700000164e+01,-4.110223373600000230e+01
1.825912912900000151e+01,-3.508767325000000170e+01,-3.888491331400000206e+01,-2.410512840299999837e+01,-3.166686794900000024e+01,-1.218433274200000049e+01
1.827913913900000153e+01,-3.829056831500000158e+01,-2.964357469000000123e+01,-3.172358811999999872e+01,-3.007682605100000117e+01,-4.705656245899999846e+01
1.829914914900000156e+01,-2.901655760299999898e+01,-3.179292902699999956e+01,-2.812627625400000042e+01,-2.549130107199999884e+01,-4.624156069699999705e+01
1.831915915900000158e+01,-2.513772226300000057e+01,-4.417901959099999942e+01,-2.779790784000000059e+01,-3.804915449800000005e+01,-3.254996490500000306e+01
1.833916916900000160e+01,-4.084299020699999971e+01,-2.921343449600000142e+01,-2.786942007200000049e+01,-2.689570201800000149e+01,-3.156247376500000001e+01
1.835917917900000162e+01,-3.021360758499999832e+01,-2.239204793600000087e+01,-1.813977286900000152e+01,-1.770442964000000075e+01,-1.938475910400000046e+01
1.837918918900000165e+01,-3.429891503900000060e+01,-3.326236804799999902e+01,-2.183494795400000044e+01,-3.535157466799999781e+01,-4.422986051000000174e+01
1.839919919900000167e+01,-4.018004693700000018e+01,-3.102416323099999929e+01,-3.388104135900000102e+01,-3.939729094300000156e+01,-3.339596944800000244e+01
1.841920920900000169e+01,-2.432579288999999889e+01,-2.402927828900000051e+01,-3.071807658299999844e+01,-2.995482877199999905e+01,-4.303828706600000231e+01
1.843921921900000171e+01,-3.014949332000000126e+01,-3.316730521899999928e+01,-2.655025753099999974e+01,-2.865733199399999975e+01,-4.163501534000000248e+01
1.845922922900000174e+01,-2.797905262200000109e+01,-2.692376593099999837e+01,-3.150194782899999879e+01,-3.480617254700000274e+01,-4.422039980000000270e+01
1.847923923900000176e+01,-4.186708973500000042e+01,-3.350117474900000047e+01,-2.542438890300000054e+01,-3.096482346100000171e+01,-2.721922278799999972e+01
1.849924924899999823e+01,-3.433168220799999659e+01,-3.562595101099999795e+01,-2.640247283500000108e+01,-2.906985009799999986e+01,-2.570066644799999978e+01
1.851925925899999825e+01,-2.829359021400000174e+01,-3.409439731300000176e+01,-2.656866065499999863e+01,-2.837590225199999949e+01,-2.966823150200000114e+01
1.853926926899999827e+01,-2.523340784299999839e+01,-3.493590871499999650e+01,-3.007856815499999925e+01,-2.518807926699999911e+01,-2.616790909199999859e+01
1.855927927899999830e+01,-5.726086259400000245e+01,-3.307076724099999865e+01,-2.670689994800000022e+01,-2.581760236899999938e+01,-3.530758046700000108e+01
1.857928928899999832e+01,-2.784972013200000163e+01,-2.870032895299999964e+01,-2.690450056899999964e+01,-2.914395457499999864e+01,-3.366202592999999865e+01
1.859929929899999834e+01,-3.826920324200000323e+01,-4.126773460100000079e+01,-2.451900871000000137e+01,-2.801867870599999932e+01,-3.453453102900000005e+01
1.861930930899999836e+01,-2.972130287699999940e+01,-3.366309721799999721e+01,-2.595379918100000083e+01,-3.213856540999999822e+01,-3.643680039000000193e+01
1.863931931899999839e+01,-2.156157719599999822e+01,-3.114554482899999854e+01,-3.841955072900000090e+01,-3.009887292100000167e+01,-3.246429436399999702e+01
1.865932932899999841e+01,-3.451372809299999744e+01,-3.334718802100000090e+01,-2.397822179599999970e+01,-4.891413558899999714e+01,-3.689191357400000015e+01
1.867933933899999843e+01,-6.963038327799999649e+01,-4.124400331500000050e+01,-2.293022059500000154e+01,-2.841385748300000103e+01,-2.999398868999999834e+01
1.869934934899999845e+01,-4.667838056200000096e+01,-4.170959327100000280e+01,-1.569905439399999914e+01,-1.889396757500000135e+01,-2.478781480500000001e+01
1.871935935899999848e+01,-3.333481461899999942e+01,-4.448466777200000166e+01,-2.282481919900000022e+01,-2.953466171999999901e+01,-4.111539347099999731e+01
1.873936936899999850e+01,-2.505880346900000077e+01,-3.504512152299999883e+01,-2.512764440899999840e+01,-4.819505111499999828e+01,-3.822270008999999646e+01
1.875937937899999852e+01,-4.086436325999999752e+01,-3.765796775900000171e+01,-2.075123331600000043e+01,-2.844816644699999841e+01,-2.443491169900000060e+01
1.877938938899999854e+01,-4.063788454499999858e+01,-4.546590409099999874e+01,-1.683338550099999864e+01,-3.301450476400000156e+01,-1.612365209000000021e+01
1.879939939899999857e+01,-3.001315548899999897e+01,-1.652745712200000128e+01,-2.423257062800000128e+01,-2.794410296099999869e+01,-2.475769128399999985e+01
1.881940940899999859e+01,-3.678618231200000110e+01,-4.888018335600000341e+01,-3.331371603299999862e+01,-3.911268288800000192e+01,-3.199668343900000167e+01
1.883941941899999861e+01,-4.976988983900000107e+01,-4.172152266100000162e+01,-2.158586313200000006e+01,-2.563613036299999948e+01,-2.957764016599999835e+01
1.885942942899999863e+01,-2.754789789599999850e+01,-4.185502145499999926e+01,-2.147513661600000034e+01,-3.460496345199999979e+01,-3.645780082899999996e+01
1.887943943899999866e+01,-3.827936159499999746e+01,-3.018322500200000036e+01,-2.147252847200000048e+01,-2.715451666999999958e+01,-2.830119051599999835e+01
1.889944944899999868e+01,-4.307068439599999721e+01,-4.065184219799999710e+01,-2.898541859799999898e+01,-4.006502549900000076e+01,-3.302946679800000140e+01
1.891945945899999870e+01,-2.860860720299999826e+01,-2.496122030400000114e+01,-3.728031344800000113e+01,-3.593029291999999941e+01,-2.781813825300000076e+01
1.893946946899999872e+01,-4.054885731600000298e+01,-4.620077251099999671e+01,-3.333291988700000275e+01,-3.155432320799999957e+01,-2.712929651099999973e+01
1.895947947899999875e+01,-4.129979553700000139e+01,-3.509778500600000228e+01,-2.475972720800000104e+01,-2.867042851400000103e+01,-3.894971066000000093e+01
1.897948948899999877e+01,-2.854601128499999874e+01,-1.321917186800000010e+01,-2.403578830000000011e+01,-3.022213767099999870e+01,-3.152590363099999848e+01
1.899949949899999879e+01,-3.473435836099999818e+01,-5.241689622900000245e+01,-3.430906526500000098e+01,-2.735744539899999950e+01,-5.137568432700000187e+01
1.901950950999999890e+01,-4.170334012800000068e+01,-3.879500070600000328e+01,-2.719611922500000034e+01,-2.890833744500000080e+01,-2.509923785699999854e+01
1.903951951999999892e+01,-3.554125963599999949e+01,-1.895998460999999935e+01,-3.397041880200000197e+00,-1.338649437099999950e+01,-1.899445047000000031e+01
1.905952952999999894e+01,-4.382943242900000058e+01,-4.239188441400000329e+01,-2.943369753700000047e+01,-3.159138019599999936e+01,-3.605997383500000097e+01
1.907953953999999896e+01,-4.153467006399999661e+01,-3.704120429200000331e+01,-2.301415325700000025e+01,-1.206391455400000012e+01,-3.238375078400000007e+01
1.909954954999999899e+01,-3.154845889899999989e+01,-2.946941104800000133e+01,-1.414751553700000031e+01,-1.417971625899999921e+01,-5.481021711100000360e+00
1.911955955999999901e+01,-4.251011542399999854e+01,-4.177928353299999742e+01,-3.606787158099999857e+01,-7.217913841799999375e+01,-3.378344285099999666e+01
1.913956956999999903e+01,-4.028699837100000281e+01,-2.373286277800000121e+01,-4.234102718799999820e+01,-2.439527327700000114e+01,-2.762718119499999858e+01
1.915957957999999905e+01,-2.733560659899999834e+01,-3.940253030000000223e+01,-2.720763977500000053e+01,-3.463421178000000111e+01,-3.271453398199999896e+01
1.917958958999999908e+01,-3.974060555599999844e+01,-3.992394711499999715e+01,-2.795876773000000171e+01,-3.512494543300000061e+01,-3.993109026599999822e+01
1.919959959999999910e+01,-3.244028621500000042e+01,-3.165673654300000095e+01,-3.757152100900000136e+01,-2.204520558999999835e+01,-2.322002101400000029e+01
1.921960960999999912e+01,-3.151962116700000038e+01,-3.555791677999999933e+01,-2.806885760100000127e+01,-3.270661005899999907e+01,-2.706831248599999995e+01
1.923961961999999914e+01,-3.499500472100000081e+01,-4.371216762000000244e+01,-4.846781186799999830e+01,-4.416772233999999742e+01,-5.011028754800000229e+01
1.925962962999999917e+01,-3.361364572299999764e+01,-3.196241619799999967e+01,-2.587893505899999980e+01,-3.657727178300000048e+01,-4.469428340900000052e+01
1.927963963999999919e+01,-6.136594195400000018e+01,-4.599259516099999701e+01,-2.532192952500000160e+01,-3.145201012700000121e+01,-5.307105881799999736e+01
1.929964964999999921e+01,-3.561013356099999783e+01,-3.972797789500000221e+01,-3.465295949800000130e+01,-4.782457212100000277e+01,-4.540014438899999760e+01
1.931965965999999923e+01,-1.835534416599999830e+01,-3.834980721899999878e+01,-2.339891022799999831e+01,-3.046824657499999844e+01,-4.049169999899999794e+01
1.933966966999999926e+01,-3.854927111100000303e+01,-3.419928526500000032e+01,-3.294851455100000237e+01,-3.371683284400000247e+01,-4.185952480299999934e+01
1.935967967999999928e+01,-4.076005270099999933e+01,-4.222129122599999818e+01,-2.610348697999999956e+01,-3.424876072400000027e+01,-3.071001947299999912e+01
1.937968968999999930e+01,-3.059980673200000112e+01,-3.103627394300000120e+01,-3.086279749999999922e+01,-3.136061719900000000e+01,-3.087137571899999955e+01
1.939969969999999932e+01,-2.307757096599999969e+01,-5.384371861599999676e+01,-2.635878540199999875e+01,-3.584118109199999935e+01,-5.024292190599999941e+01
1.941970970999999935e+01,-4.149540569799999901e+01,-4.352757988199999772e+01,-2.746559475600000155e+01,-3.172774933000000175e+01,-5.096748503599999935e+01
1.943971971999999937e+01,-3.231661745400000285e+01,-3.086213555400000175e+01,-2.531422017699999927e+01,-3.023356024399999953e+01,-2.894407351599999956e+01
1.945972972999999939e+01,-3.714570340499999901e+01,-5.176619937699999952e+01,-2.692939852499999986e+01,-3.154119974400000004e+01,-3.628787618100000145e+01
1.947973973999999941e+01,-4.389701647100000059e+01,-5.929527002700000082e+01,-3.015275924199999835e+01,-4.265240136700000306e+01,-3.952280857600000274e+01
1.949974974999999944e+01,-2.899548040599999865e+01,-3.218914858699999826e+01,-2.280616937299999947e+01,-2.779500076100000072e+01,-2.940040929199999908e+01
1.951975975999999946e+01,-5.299177343600000256e+01,-3.705054612699999694e+01,-2.810049083199999842e+01,-3.446181760900000057e+01,-3.229329390699999891e+01
1.953976976999999948e+01,-5.383933235100000303e+01,-3.580193714499999658e+01,-1.971434559600000114e+01,-2.875620099400000029e+01,-7.092501090199999858e+00
1.955977977999999950e+01,-2.848829239499999844e+01,-6.482123657299999309e+01,-2.879159694999999886e+01,-3.673469489600000060e+01,-5.054341551000000266e+01
1.957978978999999953e+01,-4.096974150199999798e+01,-6.181728542300000129e+01,-3.939685687299999728e+01,-3.465770876700000258e+01,-3.170163933299999925e+01
1.959979979999999955e+01,-2.725952648299999836e+01,-4.726768373200000184e+01,-2.361348631399999931e+01,-4.169486749200000020e+01,-3.278319930100000335e+01
1.961980980999999957e+01,-3.459155468099999808e+01,-3.901183722700000089e+01,-1.594577572699999912e+01,-3.895550223699999748e+01,-3.088773428700000068e+01
1.963981981999999959e+01,-3.936580429899999700e+01,-3.488135016799999732e+01,-2.944624923499999980e+01,-4.616361000300000228e+01,-2.984292191300000141e+01
1.965982982999999962e+01,-3.318313546000000258e+01,-1.475995966600000031e+01,-5.908715046400000226e+00,-8.524626236899999654e+00,-4.244488602199999683e+00
1.967983983999999964e+01,-3.261459748699999750e+01,-4.606955240799999984e+01,-2.163388566500000110e+01,-2.894004365600000028e+01,-4.275988941300000334e+01
1.969984984999999966e+01,-3.223416810399999832e+01,-6.215970686299999670e+01,-2.747891764799999947e+01,-3.930441697999999917e+01,-3.632684537800000157e+01
1.971985985999999968e+01,-2.481788145000000156e+01,-4.444271388199999961e+01,-3.155335211999999956e+01,-3.818237875100000167e+01,-3.078182998200000142e+01
1.973986986999999971e+01,-4.105415074900000150e+01,-4.509158149999999665e+01,-3.318143725699999891e+01,-3.043630865700000143e+01,-3.816932276899999721e+01
1.975987987999999973e+01,-6.971500535600000603e+01,-5.485423352000000108e+01,-2.768319265899999948e+01,-3.375222910699999801e+01,-3.964801097899999860e+01
1.977988988999999975e+01,-3.771749816300000191e+01,-3.927814531500000328e+01,-3.033547806800000046e+01,-4.842673083300000059e+01,-2.759067596399999900e+01
1.979989989999999977e+01,-4.489631682899999987e+01,-4.727367124799999942e+01,-1.523802568400000013e+01,-2.730559987199999838e+01,-2.887194667700000039e+01
1.981990990999999980e+01,-4.327087168300000286e+01,-3.373611750900000317e+01,-1.287627121400000085e+01,-2.585826618200000127e+01,-2.445967914299999890e+01
1.983991991999999982e+01,-3.174270798999999954e+01,-3.518584150800000288e+01,-2.880957246399999860e+01,-5.127517953699999964e+01,-2.990265152899999990e+01
1.985992992999999984e+01,-4.388096033899999782e+01,-5.259152519500000267e+01,-2.251133204299999946e+01,-3.705131235099999998e+01,-3.683351708400000035e+01
1.987993993999999986e+01,-2.152129840399999949e+01,-3.684572675199999736e+01,-2.648456752399999914e+01,-4.002451424899999921e+01,-3.556480514599999765e+01
1.989994994999999989e+01,-4.981238353799999885e+01,-4.728474343399999924e+01,-2.297220414899999952e+01,-3.741025811699999792e+01,-3.269801519100000320e+01
1.991995995999999991e+01,-4.277382028000000247e+01,-4.821162445400000252e+01,-2.121345852600000015e+01,-2.938691027400000166e+01,-2.203857489099999967e+01
1.993996996999999993e+01,-3.228193806000000166e+01,-3.557576355900000209e+01,-3.763210556899999659e+01,-3.521571108100000203e+01,-3.154099239600000004e+01
1.995997997999999995e+01,-3.100491664899999833e+01,-5.329203068799999699e+01,-2.569377980899999869e+01,-3.909310576800000092e+01,-4.488543308700000267e+01
1.997998998999999998e+01,-3.334229334199999784e+01,-5.866665148300000254e+01,-2.357937418299999877e+01,-4.681769213999999835e+01,-4.187228774300000111e+01
2.000000000000000000e+01,-2.186427825799999880e+01,-2.618640143800000075e+01,-2.354177676999999846e+01,-2.749549644700000073e+01,-3.512944872599999968e+01
