freq_GHz,S21_dB,S31_dB,S41_dB,S51_dB,S61_dB
1.000000000000000021e-02,-7.023856142100000000e+01,-7.128056100300000253e+01,-8.071558439599999701e+01,-7.947902187900000115e+01,-7.748001463500000341e+01
3.001001001000000099e-02,-7.854450646200000108e+01,-7.851478240999999514e+01,-7.945118544499999302e+01,-7.754766575399999340e+01,-7.796267982800000595e+01
5.002002002000000003e-02,-7.894245647099999985e+01,-7.982364335399999788e+01,-8.610909626100000480e+01,-8.695413838599999679e+01,-8.345831515000000422e+01
7.003003002999999560e-02,-8.833428543799999488e+01,-7.331745979599999430e+01,-7.845597895599999561e+01,-8.489506805000000611e+01,-7.767338364100000092e+01
9.004004004000000505e-02,-8.664149783000000582e+01,-8.177911494399999981e+01,-9.199454175299999292e+01,-8.079565144000000032e+01,-9.385479145799999401e+01
1.100500500500000006e-01,-8.497073831100000518e+01,-8.541500682599999550e+01,-9.037486935399999766e+01,-8.820409614899999440e+01,-8.324094525200000305e+01
1.300600600600000101e-01,-7.900874885300000017e+01,-9.333824887400000136e+01,-8.005403989600000614e+01,-8.514085081999999716e+01,-9.465819849999999747e+01
1.500700700700000056e-01,-8.788656315500000460e+01,-8.142701830800000096e+01,-8.009593878900000163e+01,-8.148982386400000166e+01,-8.071130673599999739e+01
1.700800800800000012e-01,-8.654670876500000531e+01,-7.438419696600000464e+01,-7.788903488100000061e+01,-8.147040656800000136e+01,-8.567388723499999514e+01
1.900900900899999968e-01,-8.956056761000000677e+01,-7.498539522699999793e+01,-8.890283295300000077e+01,-7.860746140899999546e+01,-7.772088945800000204e+01
2.101001000999999924e-01,-8.036168025700000328e+01,-9.849039796600000329e+01,-8.049906644300000380e+01,-8.743032779199999993e+01,-8.319784850199999937e+01
2.301101101100000157e-01,-8.067856324000000257e+01,-9.042145632499999408e+01,-8.882373313700000494e+01,-8.247456142800000123e+01,-8.864300892599999315e+01
2.501201201200000113e-01,-8.828357012499999712e+01,-8.326947021899999868e+01,-7.502290967199999727e+01,-7.536864162199999839e+01,-7.882030842300000018e+01
2.701301301299999791e-01,-7.938625796499999865e+01,-8.486758919899999398e+01,-8.120257308300000432e+01,-8.329431472699999972e+01,-8.006116552400000330e+01
2.901401401400000024e-01,-7.883798351900000512e+01,-1.013444532000000038e+02,-7.539322417500000029e+01,-7.647025711000000570e+01,-7.899423995499999762e+01
3.101501501499999702e-01,-1.047349412300000040e+02,-8.260647704000000147e+01,-7.547504486100000065e+01,-7.726308334399999467e+01,-7.390329467700000521e+01
3.301601601600000491e-01,-8.408537138200000527e+01,-7.491793187400000420e+01,-8.107042056000000230e+01,-9.549003909600000384e+01,-8.019116261400000667e+01
3.501701701700000169e-01,-8.280473329900000579e+01,-8.484243368500000315e+01,-8.003253546199999846e+01,-8.095869879400000002e+01,-7.648268378500000608e+01
3.701801801799999847e-01,-7.717214415700000529e+01,-8.603423481199999401e+01,-7.657792882399999712e+01,-8.396416071100000522e+01,-7.292703033899999809e+01
3.901901901900000080e-01,-7.176524398099999758e+01,-7.957449265900000057e+01,-8.111991679400000521e+01,-7.389991176499999881e+01,-7.503620839900000306e+01
4.102002001999999758e-01,-7.330674819899999761e+01,-7.141703678800000432e+01,-7.477078561800000500e+01,-7.333161979199999791e+01,-7.457667771399999879e+01
4.302102102099999992e-01,-6.972630003800000509e+01,-7.523541810800000462e+01,-7.566841826099999935e+01,-8.755275704700000006e+01,-7.791717150600000252e+01
4.502202202200000225e-01,-7.951214007999999467e+01,-9.177434430099999929e+01,-8.244686583899999732e+01,-7.216917891100000304e+01,-7.897010576300000650e+01
4.702302302300000458e-01,-7.336336197200000697e+01,-8.030894603599999471e+01,-7.508153955400000257e+01,-7.962785944600000221e+01,-7.205395621899999981e+01
4.902402402400000136e-01,-7.569093338499999390e+01,-8.603868622199999550e+01,-7.447443531999999777e+01,-7.822700893600000427e+01,-6.848697055799999589e+01
5.102502502500000370e-01,-9.421587708100000214e+01,-7.861384301299999322e+01,-9.377343172499999469e+01,-9.999962149700000680e+01,-6.937000153600000374e+01
5.302602602599999493e-01,-7.243023089300000095e+01,-8.007975766100000214e+01,-7.929216712199999506e+01,-7.265382139700000153e+01,-6.918993769799999427e+01
5.502702702699999726e-01,-7.096302708700000039e+01,-7.811444584199999497e+01,-6.573291801300000259e+01,-7.363454742999999780e+01,-7.595296499900000242e+01
5.702802802799999959e-01,-7.875967251100000510e+01,-7.731589236099999596e+01,-7.059933465299999966e+01,-9.269731390399999782e+01,-6.566898097099999632e+01
5.902902902899999082e-01,-6.630451068899999711e+01,-7.061236751100000220e+01,-6.611468601200000705e+01,-6.762416385699999921e+01,-6.392890963899999690e+01
6.103003002999999316e-01,-6.714869545899999537e+01,-6.772296317800000054e+01,-6.329776589299999756e+01,-8.133826111800000547e+01,-5.900960262099999909e+01
6.303103103099999549e-01,-6.824188503800000660e+01,-7.480666951199999914e+01,-6.098759087700000237e+01,-7.047966612599999792e+01,-6.019850636900000040e+01
6.503203203200000893e-01,-7.186910112699999331e+01,-7.170932372599999383e+01,-6.305347878199999911e+01,-7.109838521499999331e+01,-5.816700196099999687e+01
6.703303303300000016e-01,-7.394908034700000599e+01,-6.705931121800000483e+01,-5.825224492299999923e+01,-7.763377539900000102e+01,-5.799182342799999645e+01
6.903403403400000249e-01,-7.056089640899999438e+01,-6.892296999100000221e+01,-5.817757569599999812e+01,-6.638169483800000137e+01,-5.917468949100000231e+01
7.103503503500000482e-01,-6.987130083499999955e+01,-6.970833221799999535e+01,-5.684670741600000099e+01,-8.101452526799999987e+01,-5.533609594899999706e+01
7.303603603599999605e-01,-6.472851056199999675e+01,-6.845946207800000138e+01,-5.723838147600000070e+01,-6.751048568199999522e+01,-5.540722797200000116e+01
7.503703703699999839e-01,-6.343455311799999663e+01,-6.981138430800000094e+01,-5.884389621300000073e+01,-6.735912398499999654e+01,-5.375157086499999792e+01
7.703803803800000072e-01,-6.225528127399999789e+01,-6.724953869799999495e+01,-5.495472097599999728e+01,-6.981093349200000375e+01,-5.183459660500000155e+01
7.903903903900000305e-01,-5.952425049499999687e+01,-6.920313793500000088e+01,-5.289384693299999896e+01,-7.911278256200000669e+01,-5.093323013399999866e+01
8.104004003999999428e-01,-6.078938238700000340e+01,-6.791381551800000693e+01,-5.325266782399999954e+01,-7.474607617700000617e+01,-5.067207147999999961e+01
8.304104104099999661e-01,-5.830982543900000081e+01,-6.448013031300000364e+01,-5.019227656999999709e+01,-6.304980570499999715e+01,-5.109141470400000173e+01
8.504204204199999895e-01,-5.666393431400000225e+01,-6.162198807499999731e+01,-5.171891921299999950e+01,-6.211396457400000060e+01,-5.115611762799999696e+01
8.704304304299999018e-01,-5.816162026599999990e+01,-5.974302813799999967e+01,-5.154779267199999992e+01,-6.195174217499999969e+01,-5.058223208799999782e+01
8.904404404400000361e-01,-5.761014610499999833e+01,-5.810409010800000118e+01,-5.172961600699999707e+01,-6.132298978000000034e+01,-4.966432141399999978e+01
9.104504504500000595e-01,-5.973583545399999650e+01,-5.828647331500000206e+01,-5.221503359100000097e+01,-6.341271437099999986e+01,-5.009712008300000008e+01
9.304604604600000828e-01,-5.822356703700000224e+01,-5.957689918199999823e+01,-5.058002560799999969e+01,-6.348827735199999722e+01,-4.975903385400000190e+01
9.504704704699999951e-01,-5.661304561099999688e+01,-6.159731285400000189e+01,-5.059534964699999904e+01,-6.625814673200000016e+01,-5.017266790200000059e+01
9.704804804800000184e-01,-5.811793305799999843e+01,-6.223086475499999892e+01,-5.094441266900000187e+01,-6.265555767699999734e+01,-4.927976068299999923e+01
9.904904904900000417e-01,-5.935129376999999806e+01,-6.053801064400000342e+01,-5.115833900300000181e+01,-6.483700751700000353e+01,-4.911128400700000185e+01
1.010500500500000065e+00,-6.079230191700000319e+01,-6.188404770900000074e+01,-5.164572720700000019e+01,-6.300273317999999989e+01,-4.958416855299999781e+01
1.030510510500000088e+00,-6.079957816299999962e+01,-5.990455550800000140e+01,-5.099403498699999915e+01,-6.235540109499999772e+01,-4.952933791400000274e+01
1.050520520500000110e+00,-6.482838749699999426e+01,-6.327725301299999927e+01,-5.199597403700000342e+01,-6.353008751800000198e+01,-4.839151568700000183e+01
1.070530530499999911e+00,-6.293319519799999995e+01,-6.235826555300000251e+01,-5.092208156400000263e+01,-6.671231086900000662e+01,-4.850820159500000273e+01
1.090540540499999933e+00,-7.296373017300000186e+01,-5.826311150400000116e+01,-5.129566665699999817e+01,-6.959252706099999841e+01,-4.767443093600000026e+01
1.110550550599999964e+00,-7.067614145100000655e+01,-6.318580257899999708e+01,-5.047228756999999888e+01,-6.417418984699999385e+01,-4.616708318100000241e+01
1.130560560599999986e+00,-6.694863409500000273e+01,-6.093985577299999790e+01,-4.951439908900000120e+01,-6.549154483899999946e+01,-4.553806021599999809e+01
1.150570570600000009e+00,-7.048072075700000028e+01,-6.109473683600000271e+01,-5.057695283000000330e+01,-6.325313489300000214e+01,-4.516239290899999759e+01
1.170580580599999809e+00,-7.431374377800000275e+01,-5.917110133599999955e+01,-5.058723598899999985e+01,-6.665766915300000051e+01,-4.506768326200000274e+01
1.190590590599999832e+00,-6.113101663799999841e+01,-6.475961850400000230e+01,-4.839740321400000056e+01,-6.835615972300000465e+01,-4.388926768900000042e+01
1.210600600599999854e+00,-6.691548635700000602e+01,-6.373447161499999680e+01,-4.776471562399999726e+01,-6.826279783900000098e+01,-4.320647663799999805e+01
1.230610610599999877e+00,-6.079449005200000045e+01,-6.051252952000000107e+01,-4.639169390600000042e+01,-6.636718106200000022e+01,-4.179554332299999686e+01
1.250620620599999899e+00,-6.713841630500000690e+01,-6.567994129100000578e+01,-4.534043809799999991e+01,-6.057144651200000141e+01,-4.091488505099999884e+01
1.270630630599999922e+00,-6.511398575100000130e+01,-6.230391877699999981e+01,-4.429117287399999725e+01,-6.680795552099999668e+01,-4.069646036299999992e+01
1.290640640599999944e+00,-6.165242975599999653e+01,-6.624798354300000369e+01,-4.275132645200000070e+01,-6.127350365899999929e+01,-3.999856486800000255e+01
1.310650650699999975e+00,-5.719178474600000328e+01,-6.481941326899999467e+01,-4.294214596500000169e+01,-5.872059324800000013e+01,-3.982774198100000262e+01
1.330660660699999998e+00,-5.791377631400000325e+01,-7.844298896200000115e+01,-4.320128951600000278e+01,-5.478345761700000338e+01,-3.956249898099999740e+01
1.350670670700000020e+00,-5.720191142400000217e+01,-6.295758812900000123e+01,-4.378336086299999863e+01,-5.650120148500000283e+01,-3.934514308899999691e+01
1.370680680700000043e+00,-5.874496226099999774e+01,-5.777554819800000274e+01,-4.350853387000000083e+01,-5.528370784700000229e+01,-3.853111329499999727e+01
1.390690690700000065e+00,-5.878175397100000055e+01,-5.890288518300000220e+01,-4.188647608499999819e+01,-5.467068012400000043e+01,-3.733855934799999687e+01
1.410700700700000088e+00,-5.688761537100000254e+01,-6.466297657900000218e+01,-4.044590986899999763e+01,-5.417450300499999827e+01,-3.649666763199999764e+01
1.430710710700000110e+00,-5.648672626399999785e+01,-6.383815736700000087e+01,-3.888126817399999879e+01,-5.151791505300000296e+01,-3.558353412499999990e+01
1.450720720700000133e+00,-5.442549438900000069e+01,-6.110147978399999857e+01,-3.856906087600000177e+01,-5.272149651499999834e+01,-3.529779743299999950e+01
1.470730730700000155e+00,-5.247229408500000147e+01,-5.449939059700000143e+01,-3.919198156299999880e+01,-5.277726758000000018e+01,-3.440182704299999727e+01
1.490740740699999956e+00,-4.968252740999999872e+01,-5.482037881299999782e+01,-3.846712339599999808e+01,-5.434726897800000245e+01,-3.335865945599999804e+01
1.510750750799999986e+00,-4.906340814200000011e+01,-5.335851646100000067e+01,-3.617847503000000131e+01,-5.431289401200000100e+01,-3.229063560099999819e+01
1.530760760800000009e+00,-5.131688654100000235e+01,-5.499460339099999828e+01,-3.414233086499999814e+01,-5.779459393799999845e+01,-3.084992936500000127e+01
1.550770770800000031e+00,-5.295027778099999693e+01,-6.724320058899999708e+01,-3.299342648900000086e+01,-5.903343115100000205e+01,-3.030984675199999856e+01
1.570780780800000054e+00,-5.118708906100000178e+01,-5.998446140200000087e+01,-3.244241034899999931e+01,-5.788052604800000012e+01,-2.978094317900000121e+01
1.590790790799999854e+00,-4.924346855000000289e+01,-5.568202405099999908e+01,-3.166485671199999885e+01,-5.538640090500000213e+01,-2.955263707599999989e+01
1.610800800799999877e+00,-4.922583345900000040e+01,-5.370720474299999836e+01,-3.134731202800000105e+01,-5.341332901300000202e+01,-2.966268120499999839e+01
1.630810810799999899e+00,-5.009427717199999819e+01,-4.915862946000000022e+01,-3.053870884000000174e+01,-5.737686333999999988e+01,-2.993905029500000126e+01
1.650820820799999922e+00,-4.788083728099999803e+01,-4.826892429400000140e+01,-2.978695522900000014e+01,-5.570441972399999742e+01,-2.964722871400000059e+01
1.670830830799999944e+00,-4.945490410600000075e+01,-4.669637338399999749e+01,-2.932140295099999960e+01,-5.618190921600000109e+01,-2.922133806400000111e+01
1.690840840799999967e+00,-4.972994358500000089e+01,-4.758928401299999678e+01,-2.847998849500000063e+01,-5.829597368000000301e+01,-2.891803993299999931e+01
1.710850850899999998e+00,-4.768875776099999797e+01,-4.602204363500000284e+01,-2.793104007499999852e+01,-5.869287336800000077e+01,-2.871696048200000106e+01
1.730860860900000020e+00,-4.653158314000000217e+01,-4.443863446900000014e+01,-2.830432089800000028e+01,-7.225789075599999478e+01,-2.896101310699999942e+01
1.750870870900000043e+00,-4.605543322399999795e+01,-4.475847547899999768e+01,-2.954175387100000094e+01,-7.814438252099999715e+01,-2.946426737399999851e+01
1.770880880900000065e+00,-4.621260058899999734e+01,-4.798722186599999873e+01,-3.005856325799999951e+01,-6.093467078100000123e+01,-3.015955505899999878e+01
1.790890890900000088e+00,-4.588757435899999848e+01,-4.590449130300000036e+01,-3.051311479199999965e+01,-5.891575273400000157e+01,-3.069236276899999893e+01
1.810900900900000110e+00,-4.635786746800000202e+01,-4.736058555399999648e+01,-3.175815505299999941e+01,-6.156731653899999657e+01,-3.108395266200000151e+01
1.830910910900000133e+00,-5.051996431500000284e+01,-4.851124469100000169e+01,-3.256577486999999849e+01,-7.018819087800000034e+01,-3.207021822699999802e+01
1.850920920900000155e+00,-5.331414973399999724e+01,-4.990597773900000078e+01,-3.355207218599999663e+01,-6.216183526700000073e+01,-3.285433375400000244e+01
1.870930930900000178e+00,-5.715497115099999803e+01,-5.847999929499999894e+01,-3.417711385599999829e+01,-6.207305476500000196e+01,-3.338277242099999853e+01
1.890940940900000200e+00,-5.753059860300000139e+01,-5.623589821099999853e+01,-3.462394851300000198e+01,-6.567659558600000480e+01,-3.382464279100000226e+01
1.910950951000000009e+00,-5.574058167700000155e+01,-5.756380721499999709e+01,-3.447512287899999706e+01,-6.260728216500000087e+01,-3.423951111099999878e+01
1.930960961000000031e+00,-5.604139998200000150e+01,-5.748348224299999742e+01,-3.424618439000000336e+01,-5.744382359499999779e+01,-3.365229840700000352e+01
1.950970971000000054e+00,-5.360020397000000258e+01,-5.550402715199999903e+01,-3.413224246000000051e+01,-5.804563064199999900e+01,-3.316247709299999968e+01
1.970980981000000076e+00,-5.126880682600000227e+01,-5.223150531299999955e+01,-3.424815472400000260e+01,-6.034414994800000187e+01,-3.235762697300000212e+01
1.990990991000000099e+00,-5.249371790200000021e+01,-5.460988772999999696e+01,-3.447546177400000289e+01,-6.040022101600000326e+01,-3.230240263099999964e+01
2.011001000999999899e+00,-5.179434442400000194e+01,-5.156283299900000117e+01,-3.453488203599999906e+01,-6.506335558300000343e+01,-3.242437146099999978e+01
2.031011010999999922e+00,-5.133095677099999676e+01,-5.237078436200000198e+01,-3.495893622500000220e+01,-6.212254288199999763e+01,-3.258288518900000241e+01
2.051021020999999944e+00,-5.298265999800000259e+01,-5.208734472199999743e+01,-3.449466687299999990e+01,-6.196426507000000328e+01,-3.290080884000000339e+01
2.071031030999999967e+00,-5.253108465500000079e+01,-4.942536956000000004e+01,-3.401144101199999881e+01,-6.268133536500000247e+01,-3.317411439300000353e+01
2.091041040999999989e+00,-5.289779037299999942e+01,-4.723162342500000221e+01,-3.372396867599999837e+01,-6.298406439600000084e+01,-3.340113661400000211e+01
2.111051051100000020e+00,-5.631048819200000111e+01,-4.703564157099999932e+01,-3.399484086199999666e+01,-5.932530843899999695e+01,-3.324476253200000286e+01
2.131061061100000043e+00,-5.319062110299999802e+01,-4.783261530800000116e+01,-3.425517324599999824e+01,-5.990077499299999886e+01,-3.298202198500000293e+01
2.151071071100000065e+00,-5.200111019599999906e+01,-4.871151339499999722e+01,-3.455338668899999988e+01,-5.736630500199999716e+01,-3.314184823000000080e+01
2.171081081100000088e+00,-5.331037707499999811e+01,-5.203644222300000166e+01,-3.406325543199999828e+01,-5.565310865499999693e+01,-3.292269163099999929e+01
2.191091091100000110e+00,-5.352002740199999664e+01,-5.487179870100000301e+01,-3.386775197000000048e+01,-5.588465705800000194e+01,-3.287868289000000033e+01
2.211101101099999688e+00,-5.050411797600000341e+01,-5.291065591400000301e+01,-3.402386402700000190e+01,-5.785569153499999828e+01,-3.289927179099999677e+01
2.231111111099999711e+00,-5.147275323000000213e+01,-5.524281121300000308e+01,-3.370629562900000309e+01,-5.454968772299999813e+01,-3.288019687399999924e+01
2.251121121099999733e+00,-5.084723708700000344e+01,-5.802516584600000016e+01,-3.326420627499999938e+01,-6.175399097500000067e+01,-3.291556389099999791e+01
2.271131131099999756e+00,-5.109975430600000124e+01,-6.580085439200000508e+01,-3.319110674299999886e+01,-6.407563067300000625e+01,-3.278666853600000053e+01
2.291141141099999778e+00,-5.243215766400000177e+01,-6.239560211599999917e+01,-3.316889041999999677e+01,-6.435134822300000224e+01,-3.273561957399999756e+01
2.311151151199999809e+00,-5.315094456399999956e+01,-5.855560288000000213e+01,-3.326129927899999927e+01,-6.339520893899999976e+01,-3.257176272499999925e+01
2.331161161199999832e+00,-5.580074796699999951e+01,-5.367335180700000308e+01,-3.308095295599999730e+01,-5.600891328600000207e+01,-3.207140257900000080e+01
2.351171171199999854e+00,-5.383194693400000119e+01,-5.207323572300000336e+01,-3.265414650200000324e+01,-5.515141550500000278e+01,-3.144761099799999826e+01
2.371181181199999877e+00,-5.260913516299999770e+01,-5.420299428799999930e+01,-3.208203091699999732e+01,-5.607517081900000022e+01,-3.042711661699999937e+01
2.391191191199999899e+00,-5.433138903700000100e+01,-5.636183374400000190e+01,-3.196684340799999902e+01,-5.836676064200000269e+01,-2.981559180900000072e+01
2.411201201199999922e+00,-5.677145877099999893e+01,-5.425625132700000108e+01,-3.186157943899999978e+01,-5.152009009900000081e+01,-2.956818448699999990e+01
2.431211211199999944e+00,-5.690036632700000041e+01,-5.503351902699999698e+01,-3.172979945299999827e+01,-5.130143077299999987e+01,-2.969069131599999878e+01
2.451221221199999967e+00,-5.482644973400000055e+01,-5.352625308199999665e+01,-3.121318865299999956e+01,-5.283011693000000264e+01,-2.937908155499999907e+01
2.471231231199999989e+00,-5.202488506099999910e+01,-5.235381594199999711e+01,-3.113118154400000037e+01,-5.942067212900000328e+01,-2.942037066299999992e+01
2.491241241200000012e+00,-5.384441630700000303e+01,-5.109059098699999879e+01,-3.066998520599999978e+01,-5.364748004900000211e+01,-2.942936839100000057e+01
2.511251251300000042e+00,-5.071844920200000217e+01,-5.325177096200000193e+01,-3.054988837100000154e+01,-5.414070780699999830e+01,-2.985277470600000171e+01
2.531261261300000065e+00,-5.306965061399999684e+01,-5.041641835200000088e+01,-3.091841363300000012e+01,-5.724816940600000237e+01,-3.001236638700000015e+01
2.551271271300000087e+00,-5.577440191600000219e+01,-5.072768969599999878e+01,-3.098752751199999977e+01,-5.735522183100000149e+01,-3.060365755500000162e+01
2.571281281300000110e+00,-5.699847927999999797e+01,-4.989619191500000284e+01,-3.137015139500000060e+01,-6.325180255200000090e+01,-3.114560007500000083e+01
2.591291291300000132e+00,-6.069680311700000175e+01,-4.880861692500000260e+01,-3.161095577800000100e+01,-6.455089812699999641e+01,-3.160223648199999857e+01
2.611301301300000155e+00,-5.923351241000000300e+01,-4.756691578699999923e+01,-3.191288851199999854e+01,-5.645147405299999832e+01,-3.201185732900000147e+01
2.631311311300000177e+00,-5.880530697700000076e+01,-4.923883941599999758e+01,-3.203764182999999832e+01,-5.595316207900000194e+01,-3.252113304099999880e+01
2.651321321300000200e+00,-5.974899454900000251e+01,-4.763068908999999707e+01,-3.234443721499999924e+01,-5.529840388699999920e+01,-3.278497075500000335e+01
2.671331331300000222e+00,-5.840978317300000100e+01,-4.903928350700000038e+01,-3.255496623799999867e+01,-5.652515596899999650e+01,-3.304070389900000038e+01
2.691341341300000245e+00,-6.305502500600000104e+01,-5.244585635800000034e+01,-3.236299092000000144e+01,-5.611446389700000026e+01,-3.299115095599999847e+01
2.711351351400000276e+00,-6.237983547999999701e+01,-5.021944249300000251e+01,-3.282296118099999660e+01,-5.449581275900000321e+01,-3.295289878799999883e+01
2.731361361400000298e+00,-6.554527547200000015e+01,-5.173668040999999818e+01,-3.322662978599999661e+01,-5.409612786800000350e+01,-3.291009606400000109e+01
2.751371371399999877e+00,-6.352647276999999804e+01,-5.084188377699999961e+01,-3.382239235899999841e+01,-5.983973240600000310e+01,-3.262871137100000141e+01
2.771381381399999899e+00,-6.669762756500000478e+01,-5.454770655000000090e+01,-3.411586794200000128e+01,-5.940446346400000266e+01,-3.264572043700000137e+01
2.791391391399999922e+00,-6.157026145900000103e+01,-5.839833547399999958e+01,-3.379736812099999810e+01,-6.239355223300000119e+01,-3.265429345799999794e+01
2.811401401399999944e+00,-6.087197191199999935e+01,-5.518508435999999762e+01,-3.388710874600000267e+01,-5.594591517100000289e+01,-3.269175861800000149e+01
2.831411411399999967e+00,-6.759442176299999971e+01,-6.438826536800000611e+01,-3.349966839300000032e+01,-5.678543952799999772e+01,-3.264449587699999711e+01
2.851421421399999989e+00,-6.919733542500000567e+01,-6.226403519400000164e+01,-3.339429864899999956e+01,-5.676254019099999937e+01,-3.273231947800000086e+01
2.871431431400000012e+00,-6.043231319699999915e+01,-6.138903144999999739e+01,-3.315372614000000340e+01,-5.187899794500000183e+01,-3.298797761299999820e+01
2.891441441400000034e+00,-6.032275321000000190e+01,-5.365638766000000004e+01,-3.276013077300000020e+01,-5.227319400700000074e+01,-3.386431291200000260e+01
2.911451451500000065e+00,-6.046722174899999658e+01,-6.078228066700000198e+01,-3.273091758199999646e+01,-5.308733507299999843e+01,-3.445441019500000124e+01
2.931461461500000087e+00,-5.571897430799999995e+01,-5.968435299899999791e+01,-3.272745366800000255e+01,-5.231491423399999974e+01,-3.498726960300000144e+01
2.951471471500000110e+00,-5.617502011199999856e+01,-6.341318945799999796e+01,-3.278221867999999972e+01,-5.067499470100000281e+01,-3.534872398099999913e+01
2.971481481500000132e+00,-5.760850259899999770e+01,-5.970470326800000294e+01,-3.234388712199999816e+01,-5.171588145999999853e+01,-3.551959177399999845e+01
2.991491491500000155e+00,-5.439390543500000064e+01,-5.680658206900000096e+01,-3.259134929700000072e+01,-5.074572519699999873e+01,-3.597279969499999908e+01
3.011501501500000177e+00,-5.142589544900000220e+01,-6.255024739299999936e+01,-3.233744660199999998e+01,-5.173218336400000084e+01,-3.586499815999999896e+01
3.031511511500000200e+00,-5.486149647399999907e+01,-6.632654637699999967e+01,-3.260974435400000004e+01,-5.187638411399999683e+01,-3.592807243499999714e+01
3.051521521499999778e+00,-5.478509642000000213e+01,-6.169030149799999663e+01,-3.245070699499999733e+01,-5.134934436300000016e+01,-3.560603325799999652e+01
3.071531531499999801e+00,-4.878959516300000132e+01,-5.693609108599999757e+01,-3.219093990599999699e+01,-5.234757013200000131e+01,-3.552072676699999931e+01
3.091541541499999823e+00,-5.223998711499999814e+01,-5.042172552099999905e+01,-3.197039565600000088e+01,-5.212222502800000257e+01,-3.531820181900000222e+01
3.111551551599999854e+00,-5.085316857400000146e+01,-5.379440843999999800e+01,-3.166445734299999870e+01,-5.375537591700000206e+01,-3.505166709800000291e+01
3.131561561599999877e+00,-5.242322162199999980e+01,-5.267481148800000312e+01,-3.152599110099999891e+01,-5.503339313600000082e+01,-3.507015451699999886e+01
3.151571571599999899e+00,-5.275737860000000268e+01,-5.708532104900000093e+01,-3.191135173900000055e+01,-5.677103465100000079e+01,-3.448679346200000140e+01
3.171581581599999922e+00,-5.009157251999999971e+01,-5.293976005999999757e+01,-3.162558579799999947e+01,-5.887325279699999925e+01,-3.362863862999999753e+01
3.191591591599999944e+00,-5.226970819799999646e+01,-5.600023515800000240e+01,-3.207797181499999795e+01,-6.521739239599999394e+01,-3.339867066299999721e+01
3.211601601599999967e+00,-5.173276434899999998e+01,-5.245126139700000323e+01,-3.196392555499999943e+01,-6.121082102599999786e+01,-3.231885088899999658e+01
3.231611611599999989e+00,-5.029584707000000066e+01,-5.098199363799999873e+01,-3.166641827600000170e+01,-7.061314039299999479e+01,-3.198847236299999963e+01
3.251621621600000012e+00,-5.055595156199999707e+01,-5.332312419200000164e+01,-3.159371566100000095e+01,-6.273257410299999748e+01,-3.151009404999999930e+01
3.271631631600000034e+00,-4.890310841200000169e+01,-5.120196914999999649e+01,-3.129712765900000093e+01,-6.580208842300000072e+01,-3.060444467099999954e+01
3.291641641600000057e+00,-4.755067183700000299e+01,-4.893392914199999666e+01,-3.124770753600000006e+01,-8.017292675900000631e+01,-3.008399847300000118e+01
3.311651651699999643e+00,-4.579936431499999827e+01,-4.843835297700000098e+01,-3.105759150700000149e+01,-6.109897131299999984e+01,-2.959880208699999926e+01
3.331661661699999666e+00,-4.527866569900000115e+01,-4.957912524799999687e+01,-3.118957171899999992e+01,-6.540887417000000426e+01,-2.879114666199999917e+01
3.351671671699999688e+00,-4.410940599900000336e+01,-4.704868769600000178e+01,-3.156323880200000076e+01,-6.713927240900000015e+01,-2.876050400200000112e+01
3.371681681699999711e+00,-4.287853840700000063e+01,-4.683129758199999770e+01,-3.129354779999999892e+01,-5.900813577899999984e+01,-2.818344914400000079e+01
3.391691691699999733e+00,-4.387844944799999780e+01,-4.483134200399999969e+01,-3.151464750299999906e+01,-6.086057717999999994e+01,-2.766674462800000001e+01
3.411701701699999756e+00,-4.365413326699999885e+01,-4.459148230699999971e+01,-3.189853107800000132e+01,-6.154403760699999992e+01,-2.752866222899999826e+01
3.431711711699999778e+00,-4.338190847399999939e+01,-4.521908073899999891e+01,-3.212256007700000282e+01,-6.964665216999999586e+01,-2.745722866899999914e+01
3.451721721699999801e+00,-4.261795410900000292e+01,-4.436136146100000133e+01,-3.256951250899999906e+01,-6.104627007700000263e+01,-2.706110760600000020e+01
3.471731731699999823e+00,-4.297173745999999994e+01,-4.463750914700000294e+01,-3.256770269199999746e+01,-5.605650202199999654e+01,-2.710378431699999879e+01
3.491741741699999846e+00,-4.337117213599999843e+01,-4.651455212700000175e+01,-3.313425620900000013e+01,-5.999216418200000334e+01,-2.696874891099999871e+01
3.511751751800000321e+00,-4.332378178500000132e+01,-4.755084269400000352e+01,-3.386925071000000287e+01,-5.725972652499999782e+01,-2.701719520900000049e+01
3.531761761800000343e+00,-4.509283181200000001e+01,-4.750212473399999880e+01,-3.404785628500000172e+01,-5.890745157399999954e+01,-2.726609160199999948e+01
3.551771771800000366e+00,-4.654376855600000340e+01,-4.690640596000000073e+01,-3.451869385500000220e+01,-5.631978909299999714e+01,-2.767781615699999875e+01
3.571781781800000388e+00,-4.739611842899999772e+01,-4.557886591399999787e+01,-3.460190054499999945e+01,-5.799465360599999997e+01,-2.790273147099999917e+01
3.591791791800000411e+00,-4.876818171299999705e+01,-4.592449621400000126e+01,-3.470204005200000097e+01,-5.390192188500000015e+01,-2.849663006100000118e+01
3.611801801799999989e+00,-4.864989304699999906e+01,-4.651738274000000217e+01,-3.513923150099999759e+01,-5.774486111699999924e+01,-2.882033550999999960e+01
3.631811811800000012e+00,-4.818370697699999994e+01,-5.189485495099999923e+01,-3.597398291900000089e+01,-5.797336463100000259e+01,-2.930852942199999944e+01
3.651821821800000034e+00,-4.831372795499999739e+01,-5.413214704100000318e+01,-3.614367075900000259e+01,-5.553350769200000059e+01,-2.979498030999999969e+01
3.671831831800000057e+00,-4.699797716999999864e+01,-5.341459791199999785e+01,-3.755269935500000145e+01,-6.387224000399999824e+01,-2.976181819700000020e+01
3.691841841800000079e+00,-4.777107088099999999e+01,-4.980246497200000277e+01,-3.771205496000000323e+01,-6.068370924700000302e+01,-3.036602375100000017e+01
3.711851851900000110e+00,-4.841493489799999850e+01,-5.411868751400000122e+01,-3.806308579400000269e+01,-6.439403865200000610e+01,-3.043898133800000139e+01
3.731861861900000132e+00,-4.712897341899999759e+01,-5.869611733499999673e+01,-3.791336042999999734e+01,-6.226951014800000195e+01,-3.070950215699999930e+01
3.751871871900000155e+00,-4.872639590400000031e+01,-5.663533904199999824e+01,-3.779865316000000064e+01,-6.390411315200000075e+01,-3.075541134799999909e+01
3.771881881900000177e+00,-4.869493616599999797e+01,-4.990227107300000142e+01,-3.758492840099999910e+01,-6.302198106800000232e+01,-3.121601249300000092e+01
3.791891891900000200e+00,-5.185492809600000186e+01,-5.130074329400000011e+01,-3.761447383000000144e+01,-5.985363423199999744e+01,-3.094037618100000131e+01
3.811901901900000222e+00,-5.102753968799999740e+01,-5.681848325499999675e+01,-3.759432901200000288e+01,-6.628371314100000689e+01,-3.093736976799999994e+01
3.831911911900000245e+00,-5.131190547500000321e+01,-5.571014895900000141e+01,-3.741230898199999899e+01,-6.423097057799999732e+01,-3.105920830799999877e+01
3.851921921900000267e+00,-5.163383828700000322e+01,-5.852122711399999844e+01,-3.764280781400000109e+01,-6.456139909600000237e+01,-3.104901096000000038e+01
3.871931931900000290e+00,-4.997666057800000061e+01,-5.550225877700000154e+01,-3.764971721100000224e+01,-7.091092130699999529e+01,-3.079113551600000065e+01
3.891941941900000312e+00,-5.042715735499999852e+01,-6.143816676200000160e+01,-3.717643212499999805e+01,-7.399398152300000220e+01,-3.062966732399999970e+01
3.911951951999999899e+00,-5.103993092000000331e+01,-5.706189367599999684e+01,-3.649707129800000160e+01,-5.717289192199999803e+01,-3.015333816700000114e+01
3.931961961999999922e+00,-4.875174110300000052e+01,-5.790146656200000308e+01,-3.636479275800000011e+01,-6.026329633900000005e+01,-3.004888885700000145e+01
3.951971971999999944e+00,-5.023567701399999663e+01,-5.984800058900000153e+01,-3.556307254699999731e+01,-5.739375935000000339e+01,-2.991172079900000114e+01
3.971981981999999967e+00,-5.293701918899999725e+01,-5.694436707999999925e+01,-3.502337362499999784e+01,-6.465079504899999563e+01,-2.973502530400000055e+01
3.991991991999999989e+00,-4.894927646800000076e+01,-5.927915633399999962e+01,-3.494189419799999996e+01,-6.300153211700000355e+01,-2.960581253999999873e+01
4.012002002000000012e+00,-4.743504465000000181e+01,-5.747221362799999866e+01,-3.400793227999999857e+01,-6.432155902799999581e+01,-2.918479698299999825e+01
4.032012012000000034e+00,-5.014266921499999796e+01,-5.079669761299999919e+01,-3.385439567099999891e+01,-7.103988819500000318e+01,-2.870937851700000110e+01
4.052022022000000057e+00,-5.037529657000000327e+01,-4.646838892699999946e+01,-3.339772519499999959e+01,-6.230072868399999919e+01,-2.856862864900000076e+01
4.072032032000000079e+00,-4.703414438000000075e+01,-4.878731799999999907e+01,-3.252857491599999662e+01,-6.308399615700000140e+01,-2.839984588400000121e+01
4.092042042000000102e+00,-4.766158082799999818e+01,-5.018195896699999992e+01,-3.240359826800000320e+01,-6.031732250999999678e+01,-2.848879761599999938e+01
4.112052052100000132e+00,-5.193963533000000155e+01,-6.190989997999999872e+01,-3.209882529800000128e+01,-5.374467704399999946e+01,-2.841752502499999977e+01
4.132062062100000155e+00,-4.865421019699999761e+01,-5.199585770200000212e+01,-3.198017088099999938e+01,-5.487993492199999679e+01,-2.819003488399999924e+01
4.152072072100000177e+00,-4.968548269699999764e+01,-4.738881721999999996e+01,-3.144958211300000173e+01,-5.696060651900000238e+01,-2.840010893799999891e+01
4.172082082100000200e+00,-5.042681320199999817e+01,-4.877537854799999906e+01,-3.091053091699999911e+01,-6.922491690600000425e+01,-2.817649429800000149e+01
4.192092092100000222e+00,-5.003347836100000023e+01,-4.715985570099999791e+01,-3.071496249200000150e+01,-5.772152119399999748e+01,-2.817900820099999848e+01
4.212102102100000245e+00,-4.790425355299999666e+01,-4.803578939900000222e+01,-3.074422622299999830e+01,-6.272645661100000325e+01,-2.793808190800000091e+01
4.232112112100000267e+00,-4.837864066400000240e+01,-4.816837644400000329e+01,-3.076508095799999865e+01,-5.995333998200000281e+01,-2.774191601600000112e+01
4.252122122100000290e+00,-5.224476361499999655e+01,-4.553338509099999953e+01,-3.066231937899999949e+01,-6.588116016300000410e+01,-2.732613269999999872e+01
4.272132132100000312e+00,-5.210124718200000160e+01,-4.591870011200000334e+01,-2.998804446899999832e+01,-5.841217371100000122e+01,-2.722941438300000172e+01
4.292142142100000335e+00,-5.049524379599999691e+01,-4.391796806699999678e+01,-2.992233237800000012e+01,-5.467027247299999715e+01,-2.708639727799999974e+01
4.312152152199999477e+00,-4.959259994199999966e+01,-4.397631088299999647e+01,-3.012335220299999961e+01,-5.628968788499999931e+01,-2.672651095799999865e+01
4.332162162199999500e+00,-4.883065168699999958e+01,-4.689085876099999695e+01,-3.031569812900000116e+01,-5.318305536700000147e+01,-2.639092857600000031e+01
4.352172172199999522e+00,-5.391890027000000174e+01,-4.465931728200000350e+01,-3.029770014900000064e+01,-5.530117954800000035e+01,-2.629129519600000009e+01
4.372182182199999545e+00,-4.770015765600000179e+01,-4.530579272100000310e+01,-3.087352447600000005e+01,-6.303843725800000186e+01,-2.581301476399999828e+01
4.392192192199999567e+00,-4.991456112200000206e+01,-4.508565416999999798e+01,-3.044373408799999936e+01,-6.111289130099999767e+01,-2.571358369900000085e+01
4.412202202199999590e+00,-4.692898341299999743e+01,-4.363942022700000223e+01,-3.090809700399999826e+01,-6.002080810000000355e+01,-2.546296279799999951e+01
4.432212212199999612e+00,-4.503932941499999743e+01,-4.450508106200000213e+01,-3.177205720099999908e+01,-6.112230840699999845e+01,-2.508393719900000107e+01
4.452222222199999635e+00,-4.330165987099999825e+01,-4.569396417899999818e+01,-3.221436555100000021e+01,-5.539065798899999749e+01,-2.480732059500000020e+01
4.472232232199999657e+00,-4.673867934399999768e+01,-4.571235252200000332e+01,-3.250246883199999814e+01,-6.453571898399999895e+01,-2.453759110900000096e+01
4.492242242199999680e+00,-4.457739690999999738e+01,-4.496925233000000333e+01,-3.199068445800000049e+01,-6.553904708899999321e+01,-2.440626181200000033e+01
4.512252252300000599e+00,-4.755140253500000114e+01,-4.847431299699999840e+01,-3.198492020699999827e+01,-6.717279904299999771e+01,-2.397173215400000146e+01
4.532262262300000621e+00,-4.513749932000000342e+01,-4.587637326600000165e+01,-3.264284367199999792e+01,-6.011136888400000089e+01,-2.378389055999999968e+01
4.552272272299999756e+00,-4.311630170600000156e+01,-4.068891105499999838e+01,-3.285238825999999790e+01,-5.602216775400000159e+01,-2.361549460299999836e+01
4.572282282299999778e+00,-4.294953087399999703e+01,-4.277976010100000082e+01,-3.362770411500000023e+01,-5.430929139799999916e+01,-2.340043932300000051e+01
4.592292292299999801e+00,-4.534892803999999700e+01,-4.140534599699999774e+01,-3.331900156500000065e+01,-6.825924726499999906e+01,-2.314489774600000160e+01
4.612302302299999823e+00,-4.433049201200000056e+01,-3.955954000700000250e+01,-3.269345045000000027e+01,-5.732479317399999985e+01,-2.297547529599999905e+01
4.632312312299999846e+00,-4.695781899899999701e+01,-3.878600750399999697e+01,-3.272232197700000000e+01,-5.316235814899999923e+01,-2.260130927299999826e+01
4.652322322299999868e+00,-4.625374349599999846e+01,-4.169602669300000031e+01,-3.267596052199999690e+01,-5.787629094500000093e+01,-2.255333149799999859e+01
4.672332332299999891e+00,-4.391530184599999842e+01,-3.884222089299999681e+01,-3.331133489300000150e+01,-5.632435810199999793e+01,-2.217929438599999870e+01
4.692342342299999913e+00,-4.558139606099999952e+01,-3.872477753500000119e+01,-3.351788237299999906e+01,-5.619247260899999930e+01,-2.205029652500000026e+01
4.712352352399999944e+00,-4.324350933899999916e+01,-3.768221376799999689e+01,-3.383440733999999850e+01,-6.291954637599999955e+01,-2.178910629499999985e+01
4.732362362399999967e+00,-4.800481902399999967e+01,-3.816992991099999699e+01,-3.358302957800000144e+01,-6.573978644100000679e+01,-2.155948661100000052e+01
4.752372372399999989e+00,-4.417878076000000220e+01,-3.783619104000000277e+01,-3.397867367700000329e+01,-5.874634217500000233e+01,-2.143689129799999904e+01
4.772382382400000012e+00,-4.253616668600000139e+01,-3.591332568299999650e+01,-3.509938003999999978e+01,-5.743085231199999896e+01,-2.107296272099999968e+01
4.792392392400000034e+00,-4.224047722899999968e+01,-3.526981155499999687e+01,-3.528313960799999904e+01,-5.239884367300000179e+01,-2.074667029600000134e+01
4.812402402400000057e+00,-4.127821424300000075e+01,-3.571214767800000089e+01,-3.458123088600000017e+01,-5.082658503199999700e+01,-2.055521887700000150e+01
4.832412412399999191e+00,-4.213997482500000302e+01,-3.615229813900000266e+01,-3.455104771199999902e+01,-5.314052870300000109e+01,-2.024090307399999844e+01
4.852422422399999213e+00,-3.811595299300000050e+01,-3.589674336299999879e+01,-3.402035893699999747e+01,-5.437972881999999686e+01,-2.010432709699999876e+01
4.872432432399999236e+00,-3.863134122700000006e+01,-3.571336169700000340e+01,-3.390617593799999696e+01,-5.098093672299999923e+01,-1.997865229499999984e+01
4.892442442399999258e+00,-3.745934583900000092e+01,-3.527246456599999647e+01,-3.441553753600000221e+01,-5.734676484999999957e+01,-1.974226008699999824e+01
4.912452452500000177e+00,-3.713201415900000057e+01,-3.557714270299999981e+01,-3.424006464299999664e+01,-5.061505389999999949e+01,-1.955368666900000107e+01
4.932462462500000200e+00,-3.640747242900000202e+01,-3.534928093900000334e+01,-3.446248376599999830e+01,-5.249590204999999798e+01,-1.938903278000000086e+01
4.952472472500000222e+00,-3.483272198800000297e+01,-3.453931469300000145e+01,-3.352049295599999823e+01,-5.100087847700000054e+01,-1.931178286300000124e+01
4.972482482500000245e+00,-3.336371355800000060e+01,-3.558044641099999694e+01,-3.354296014999999898e+01,-5.083852691199999896e+01,-1.911885279299999851e+01
4.992492492500000267e+00,-3.312694954700000238e+01,-3.557235898799999774e+01,-3.304166162399999962e+01,-6.877636978799999667e+01,-1.895085831000000098e+01
5.012502502500000290e+00,-3.187585571800000039e+01,-3.634557557600000166e+01,-3.390404519500000191e+01,-5.370724162700000193e+01,-1.890695912700000036e+01
5.032512512500000312e+00,-3.133270183400000164e+01,-3.696051113600000093e+01,-3.294256165899999900e+01,-5.455409643099999784e+01,-1.881971679500000150e+01
5.052522522500000335e+00,-3.092444066799999902e+01,-3.672673335199999656e+01,-3.335071348099999966e+01,-5.513751769099999933e+01,-1.866328370200000109e+01
5.072532532500000357e+00,-3.013877731899999901e+01,-3.845026807400000024e+01,-3.280743736200000171e+01,-6.106922036499999962e+01,-1.826707139199999830e+01
5.092542542500000380e+00,-3.026226812899999885e+01,-3.888532943100000239e+01,-3.206794938899999892e+01,-6.212052508400000050e+01,-1.814407984500000026e+01
5.112552552600000411e+00,-2.985978805599999930e+01,-3.946038704499999739e+01,-3.193268721500000140e+01,-5.601679742200000334e+01,-1.788923801099999977e+01
5.132562562600000433e+00,-2.900812050400000075e+01,-4.092653540799999945e+01,-3.252319041599999849e+01,-5.245073067599999916e+01,-1.769525336499999923e+01
5.152572572600000456e+00,-2.919371977500000170e+01,-4.041634676200000342e+01,-3.200064901700000064e+01,-5.422058207700000310e+01,-1.745193541000000081e+01
5.172582582600000478e+00,-2.848391506500000148e+01,-4.095895563999999922e+01,-3.172508883500000110e+01,-5.305414399499999689e+01,-1.731498665999999886e+01
5.192592592600000501e+00,-2.863948227299999871e+01,-4.338664281999999872e+01,-3.185592255199999911e+01,-5.533603759500000052e+01,-1.700174832700000138e+01
5.212602602600000523e+00,-2.831087979200000149e+01,-4.540876277200000288e+01,-3.170683087100000108e+01,-5.131733368100000092e+01,-1.688337982699999884e+01
5.232612612600000546e+00,-2.898081520799999922e+01,-4.987573701600000220e+01,-3.270996758300000096e+01,-6.060127453199999792e+01,-1.652474285399999943e+01
5.252622622600000568e+00,-2.788094952200000165e+01,-4.636048247899999808e+01,-3.256792065799999847e+01,-5.564240168199999914e+01,-1.639742737199999922e+01
5.272632632600000591e+00,-2.732308875000000015e+01,-4.748228244500000272e+01,-3.212197532399999744e+01,-7.020905708300000470e+01,-1.617316636700000032e+01
5.292642642600000613e+00,-2.700795287100000053e+01,-4.784086857799999848e+01,-3.183423116799999875e+01,-5.560963382199999927e+01,-1.600226459399999968e+01
5.312652652699999756e+00,-2.713649530600000048e+01,-4.731239683999999812e+01,-3.179164422999999928e+01,-5.930427295999999870e+01,-1.587903922099999932e+01
5.332662662699999778e+00,-2.687353618599999905e+01,-6.030880271299999862e+01,-3.178760425899999831e+01,-5.982408382399999880e+01,-1.569729525199999998e+01
5.352672672699999801e+00,-2.671797472800000151e+01,-4.781111704500000315e+01,-3.148946199799999945e+01,-5.828263420300000064e+01,-1.553485826200000020e+01
5.372682682699999823e+00,-2.682152035600000062e+01,-5.310926890999999728e+01,-3.114789227700000040e+01,-5.217595438099999683e+01,-1.534847317300000036e+01
5.392692692699999846e+00,-2.661172465900000006e+01,-4.844729102400000187e+01,-3.108143050800000040e+01,-5.767903982699999688e+01,-1.534473192199999936e+01
5.412702702699999868e+00,-2.614368610200000020e+01,-4.784233542700000186e+01,-3.065384717599999931e+01,-6.601670574700000316e+01,-1.521341661199999962e+01
5.432712712699999891e+00,-2.730981418100000013e+01,-5.488829772900000137e+01,-3.043966298799999848e+01,-5.372288566600000337e+01,-1.526580738000000004e+01
5.452722722699999913e+00,-2.699001581999999999e+01,-5.730065931600000084e+01,-3.069048029300000024e+01,-5.438408316499999984e+01,-1.521571830999999975e+01
5.472732732699999936e+00,-2.659680306999999999e+01,-5.881344026299999683e+01,-3.053023122200000117e+01,-5.520973019200000209e+01,-1.534223036600000079e+01
5.492742742699999958e+00,-2.715181621199999995e+01,-5.042082362899999737e+01,-3.061386873300000033e+01,-4.608695931700000159e+01,-1.535045378799999938e+01
5.512752752799999989e+00,-2.706070088799999951e+01,-5.336652851600000247e+01,-3.025293375600000090e+01,-4.912130264000000324e+01,-1.532253460299999936e+01
5.532762762800000012e+00,-2.739428935899999829e+01,-4.693979661299999862e+01,-3.002708988699999892e+01,-5.106462451600000207e+01,-1.534129582699999972e+01
5.552772772800000034e+00,-2.719934239000000176e+01,-4.468582445500000233e+01,-3.023411130199999874e+01,-5.284387585999999715e+01,-1.531129696700000054e+01
5.572782782800000057e+00,-2.797715852800000036e+01,-4.288773843300000266e+01,-3.072074169100000063e+01,-4.750580129600000134e+01,-1.535330581600000066e+01
5.592792792800000079e+00,-2.810967494100000152e+01,-4.398330401500000164e+01,-3.124485238400000142e+01,-4.887682367000000028e+01,-1.539849183599999982e+01
5.612802802800000102e+00,-2.827986348900000024e+01,-4.403093509299999653e+01,-3.144846439599999854e+01,-5.946553857899999684e+01,-1.536016697900000061e+01
5.632812812800000124e+00,-2.862737171299999872e+01,-4.376988710999999910e+01,-3.175184167000000102e+01,-6.025011299199999826e+01,-1.530910973800000008e+01
5.652822822800000147e+00,-2.903016424799999839e+01,-4.793225241500000067e+01,-3.138273688499999992e+01,-5.959710591700000037e+01,-1.532073829900000028e+01
5.672832832800000169e+00,-2.817903548199999975e+01,-4.272516287700000248e+01,-3.167138477499999993e+01,-5.340808628999999996e+01,-1.535291177400000073e+01
5.692842842800000192e+00,-2.842351416600000036e+01,-4.067740276699999669e+01,-3.209778144900000285e+01,-5.088293098500000156e+01,-1.529156573500000071e+01
5.712852852899999334e+00,-2.914405834000000084e+01,-4.265997968599999979e+01,-3.255384945200000146e+01,-5.161379457799999670e+01,-1.516121325700000000e+01
5.732862862899999357e+00,-2.911276038000000099e+01,-4.135230205100000234e+01,-3.225823709299999820e+01,-5.025798415199999880e+01,-1.524453762799999978e+01
5.752872872899999379e+00,-2.959622536699999884e+01,-4.291061361700000276e+01,-3.207859521700000016e+01,-5.276625731299999700e+01,-1.517159605400000011e+01
5.772882882899999402e+00,-2.948905342100000126e+01,-4.033237651900000031e+01,-3.137988470699999866e+01,-4.722627337600000175e+01,-1.499057425700000046e+01
5.792892892899999424e+00,-2.979095592099999834e+01,-4.080266098100000249e+01,-3.126420644699999940e+01,-4.988009348399999965e+01,-1.492012573499999917e+01
5.812902902899999447e+00,-3.037416151200000058e+01,-4.237737440299999747e+01,-3.135616634200000163e+01,-4.956676606100000271e+01,-1.479383095899999923e+01
5.832912912899999469e+00,-3.013180289900000020e+01,-4.367954558400000309e+01,-3.111777795700000127e+01,-4.944362078200000354e+01,-1.493710852999999972e+01
5.852922922899999492e+00,-3.023552981599999967e+01,-4.126955328100000031e+01,-3.125547066100000038e+01,-4.877333047399999799e+01,-1.491586749300000037e+01
5.872932932899999514e+00,-3.088243971500000029e+01,-4.214565079700000183e+01,-3.090327184199999877e+01,-4.866666888799999668e+01,-1.497043748299999955e+01
5.892942942899999537e+00,-3.143295121499999922e+01,-4.003437365999999997e+01,-3.094761099000000115e+01,-4.458907766699999797e+01,-1.497908794299999968e+01
5.912952952999999567e+00,-3.113125205800000117e+01,-3.931685945000000260e+01,-3.063009319100000027e+01,-4.709738074500000238e+01,-1.509733349799999935e+01
5.932962962999999590e+00,-3.214349030399999663e+01,-3.828005880199999922e+01,-3.105526592900000082e+01,-4.493092861699999929e+01,-1.492107682800000035e+01
5.952972972999999612e+00,-3.172551064399999987e+01,-3.880092531199999684e+01,-3.048340953099999950e+01,-4.780581716799999725e+01,-1.515131207900000021e+01
5.972982982999999635e+00,-3.154970209800000092e+01,-3.802978609899999896e+01,-3.014410335699999877e+01,-4.493590136499999943e+01,-1.506321664999999932e+01
5.992992992999999657e+00,-3.219872296900000208e+01,-3.829627827400000228e+01,-2.999888268200000141e+01,-4.659887957699999816e+01,-1.521590365900000030e+01
6.013003002999999680e+00,-3.341772210900000317e+01,-3.817653530500000159e+01,-2.989872796999999949e+01,-4.510136257100000279e+01,-1.540185508499999933e+01
6.033013012999999702e+00,-3.355882104599999849e+01,-3.615805727499999733e+01,-3.073750957600000078e+01,-4.344748548599999793e+01,-1.555616749400000032e+01
6.053023022999999725e+00,-3.315125605600000114e+01,-3.617860694099999819e+01,-2.972918715899999853e+01,-4.584350351199999807e+01,-1.560458598099999961e+01
6.073033032999999747e+00,-3.523240843600000005e+01,-3.703428964999999806e+01,-3.070553340500000061e+01,-4.471385327499999818e+01,-1.572160324899999928e+01
6.093043042999999770e+00,-3.606275706899999989e+01,-3.718041084499999727e+01,-3.014749742200000071e+01,-4.621124333000000206e+01,-1.593601499200000049e+01
6.113053053100000689e+00,-3.408045974000000200e+01,-3.694151061699999872e+01,-3.003296340500000028e+01,-4.738718787799999888e+01,-1.619802195600000161e+01
6.133063063100000711e+00,-3.628646607799999657e+01,-3.596068450100000291e+01,-2.990728185000000039e+01,-4.436729119799999665e+01,-1.614040295199999875e+01
6.153073073100000734e+00,-3.674560954999999751e+01,-3.684020423999999849e+01,-2.961592304599999892e+01,-4.227694936999999697e+01,-1.637526302699999903e+01
6.173083083100000756e+00,-3.796195198800000270e+01,-3.574851465199999723e+01,-2.971511699299999876e+01,-4.737556710900000212e+01,-1.651554529199999877e+01
6.193093093100000779e+00,-3.600612611500000071e+01,-3.577645909499999988e+01,-2.932492828599999868e+01,-4.886606762400000292e+01,-1.664333528999999956e+01
6.213103103100000801e+00,-3.689317560700000342e+01,-3.745012433600000179e+01,-2.924637101000000072e+01,-4.779230690499999668e+01,-1.675777981599999933e+01
6.233113113100000824e+00,-4.054540086099999741e+01,-3.532930678999999685e+01,-2.893238913700000126e+01,-4.772206018699999674e+01,-1.681216661099999854e+01
6.253123123099999958e+00,-4.060856372399999970e+01,-3.513638284700000014e+01,-2.879100275200000070e+01,-4.624027098999999907e+01,-1.705123269299999933e+01
6.273133133099999981e+00,-3.763794769999999801e+01,-3.713070853100000335e+01,-2.831048109199999985e+01,-5.134000249000000338e+01,-1.718449319100000139e+01
6.293143143100000003e+00,-3.960071269499999858e+01,-3.733862909799999841e+01,-2.825653099199999829e+01,-4.411554986899999875e+01,-1.746329813599999881e+01
6.313153153200000034e+00,-3.941644202799999874e+01,-3.550496730999999784e+01,-2.740705687000000168e+01,-5.350709805999999702e+01,-1.751823403799999923e+01
6.333163163200000056e+00,-4.361837354200000050e+01,-3.635000600600000098e+01,-2.704458066600000166e+01,-4.993884156600000068e+01,-1.745065210599999972e+01
6.353173173200000079e+00,-3.966746730999999926e+01,-3.759587663100000299e+01,-2.655179619100000110e+01,-5.004838919600000224e+01,-1.771108651799999834e+01
6.373183183200000101e+00,-4.182220767199999756e+01,-3.790747467700000328e+01,-2.607365631600000100e+01,-4.520554004899999967e+01,-1.793818002300000103e+01
6.393193193200000124e+00,-4.214971270299999873e+01,-3.818548087199999941e+01,-2.542823288800000014e+01,-5.088661130399999877e+01,-1.792956479900000133e+01
6.413203203200000146e+00,-4.321207088799999951e+01,-3.961531866299999649e+01,-2.525516928700000108e+01,-4.721120300799999825e+01,-1.806955776399999891e+01
6.433213213200000169e+00,-4.494246070399999837e+01,-3.878988538299999789e+01,-2.504865842599999937e+01,-4.944642182799999830e+01,-1.787211927699999947e+01
6.453223223200000191e+00,-4.135759043000000190e+01,-4.042884862300000037e+01,-2.497130548000000161e+01,-4.506516394999999875e+01,-1.791450107300000028e+01
6.473233233200000214e+00,-4.023206073200000077e+01,-3.858270229299999698e+01,-2.495579452999999859e+01,-4.495593881199999942e+01,-1.802321328100000031e+01
6.493243243200000236e+00,-4.361196062900000214e+01,-4.036706644600000260e+01,-2.489950268600000172e+01,-4.687236228399999760e+01,-1.808437778300000076e+01
6.513253253300000267e+00,-4.125745514700000172e+01,-3.937215027999999961e+01,-2.461577908699999995e+01,-4.735470886699999937e+01,-1.801867244099999965e+01
6.533263263300000290e+00,-4.216650272399999722e+01,-3.935253166199999697e+01,-2.482817049299999823e+01,-4.463151629800000109e+01,-1.802480368999999882e+01
6.553273273300000312e+00,-4.010371174499999825e+01,-4.314800799700000056e+01,-2.491885519799999926e+01,-4.278439814099999694e+01,-1.796342615500000051e+01
6.573283283300000335e+00,-3.958328878300000042e+01,-4.089365891100000283e+01,-2.535017050800000149e+01,-4.915258724499999943e+01,-1.817100118600000158e+01
6.593293293300000357e+00,-3.763018482700000078e+01,-4.111121503599999727e+01,-2.546067347500000011e+01,-5.584172725399999848e+01,-1.819915921699999828e+01
6.613303303300000380e+00,-3.733414217899999699e+01,-4.146972067899999814e+01,-2.542119742299999885e+01,-5.158726775099999884e+01,-1.837475992799999958e+01
6.633313313300000402e+00,-3.825998460800000345e+01,-4.478539571000000308e+01,-2.560835604000000032e+01,-4.890204785499999929e+01,-1.841278379899999962e+01
6.653323323300000425e+00,-3.809047077299999984e+01,-4.313311961800000205e+01,-2.545649330299999846e+01,-5.134525162999999992e+01,-1.857922945800000036e+01
6.673333333300000447e+00,-3.858051252700000333e+01,-5.000818151899999719e+01,-2.576755127199999862e+01,-4.876261358699999704e+01,-1.884827456500000054e+01
6.693343343300000470e+00,-3.672184384300000204e+01,-5.064604698299999797e+01,-2.545257531700000087e+01,-4.641399542599999961e+01,-1.900965681799999984e+01
6.713353353399999612e+00,-3.875241654999999952e+01,-4.653049585800000187e+01,-2.515309979199999901e+01,-4.939407738999999964e+01,-1.920280130800000151e+01
6.733363363399999635e+00,-3.767278188000000227e+01,-4.943048554899999658e+01,-2.558320506100000102e+01,-4.769142169900000283e+01,-1.936129303299999904e+01
6.753373373399999657e+00,-3.694071198299999992e+01,-5.095602559999999670e+01,-2.626898251200000090e+01,-4.871654940900000241e+01,-1.941629641000000106e+01
6.773383383399999680e+00,-3.456441682300000195e+01,-5.157384226599999977e+01,-2.590007610700000029e+01,-5.040778493100000190e+01,-1.982468628499999852e+01
6.793393393399999702e+00,-3.486703905699999950e+01,-5.319567182699999819e+01,-2.647779599000000061e+01,-4.850415019599999766e+01,-2.019516259699999949e+01
6.813403403399999725e+00,-3.320659774500000339e+01,-5.016438002999999668e+01,-2.651772807600000093e+01,-4.578620253799999773e+01,-2.023249229199999988e+01
6.833413413399999747e+00,-3.326518503599999832e+01,-4.609423186400000105e+01,-2.721917575100000164e+01,-4.601474106900000294e+01,-2.056521187599999934e+01
6.853423423399999770e+00,-3.390475860899999816e+01,-4.841615387400000259e+01,-2.722605375599999888e+01,-4.458777985300000068e+01,-2.070522891999999970e+01
6.873433433399999792e+00,-3.425984170899999981e+01,-4.487526081400000066e+01,-2.762388883199999867e+01,-4.635278176399999950e+01,-2.092313303699999949e+01
6.893443443399999815e+00,-3.270199802999999861e+01,-4.254373311100000166e+01,-2.836553792500000171e+01,-4.572962453099999891e+01,-2.103156822100000056e+01
6.913453453499999846e+00,-3.418075041899999889e+01,-4.022295898499999822e+01,-2.889750039300000140e+01,-4.354897848400000271e+01,-2.119371289000000047e+01
6.933463463499999868e+00,-3.276254548000000000e+01,-3.924405505200000022e+01,-2.947485311599999847e+01,-4.177166961100000009e+01,-2.134217346200000165e+01
6.953473473499999891e+00,-3.318319875499999938e+01,-4.065723459000000162e+01,-2.933398161799999926e+01,-4.082541750099999689e+01,-2.148787648200000078e+01
6.973483483499999913e+00,-3.377753032799999744e+01,-3.879242263700000137e+01,-3.012245857999999998e+01,-3.915764829399999769e+01,-2.126497055400000136e+01
6.993493493499999936e+00,-3.322116879899999731e+01,-3.879848637599999961e+01,-2.999927561999999881e+01,-3.912428692099999950e+01,-2.126485425899999981e+01
7.013503503499999958e+00,-3.344897160499999700e+01,-3.705814075300000354e+01,-3.083448406999999847e+01,-4.032498286100000229e+01,-2.108970240300000043e+01
7.033513513499999981e+00,-3.288340339799999867e+01,-3.784511002100000354e+01,-3.110065058800000060e+01,-3.645091112200000083e+01,-2.103400323400000005e+01
7.053523523500000003e+00,-3.352749534899999873e+01,-3.920725723799999685e+01,-3.069374099099999853e+01,-3.740288275500000026e+01,-2.097302650600000007e+01
7.073533533500000026e+00,-3.345426230399999667e+01,-3.855385559399999806e+01,-3.126316649099999978e+01,-3.608324938199999821e+01,-2.103029121499999832e+01
7.093543543500000048e+00,-3.315745377199999666e+01,-3.864309882300000254e+01,-3.079860698599999935e+01,-3.584860824999999807e+01,-2.101544277500000035e+01
7.113553553600000079e+00,-3.218120104500000167e+01,-4.069674468699999892e+01,-3.069216071600000006e+01,-3.528833817099999948e+01,-2.114271753599999926e+01
7.133563563600000101e+00,-3.315957795900000349e+01,-3.939392541499999822e+01,-3.057018801399999930e+01,-3.498082758099999978e+01,-2.115590194099999977e+01
7.153573573600000124e+00,-3.370070975699999849e+01,-3.804278646200000225e+01,-3.032358854399999970e+01,-3.474104146100000179e+01,-2.137659380099999851e+01
7.173583583600000146e+00,-3.270391310099999771e+01,-4.031581032500000106e+01,-3.068077693800000105e+01,-3.434059717400000267e+01,-2.133825699599999837e+01
7.193593593600000169e+00,-3.270173320899999680e+01,-3.912310002899999972e+01,-3.100404412800000031e+01,-3.488960432100000020e+01,-2.172459357600000018e+01
7.213603603600000191e+00,-3.187480136599999980e+01,-4.024853154200000205e+01,-3.104683829600000067e+01,-3.484684109199999824e+01,-2.181785585900000157e+01
7.233613613600000214e+00,-3.192757155600000019e+01,-4.119967431900000321e+01,-3.166847527899999903e+01,-3.351420788400000106e+01,-2.165225301099999911e+01
7.253623623600000236e+00,-3.190514932299999984e+01,-4.277741902000000351e+01,-3.147036863900000014e+01,-3.512997948699999995e+01,-2.172786993900000141e+01
7.273633633600000259e+00,-3.137925809400000077e+01,-4.117466825700000044e+01,-3.100751452600000135e+01,-3.379355469400000089e+01,-2.171666776600000048e+01
7.293643643600000281e+00,-3.095467900699999930e+01,-4.200447514199999688e+01,-3.130407861100000133e+01,-3.391227041100000150e+01,-2.172881172199999966e+01
7.313653653699999424e+00,-3.149214584499999958e+01,-4.052156101300000302e+01,-3.191283086500000010e+01,-3.381171775600000018e+01,-2.171717877400000063e+01
7.333663663699999447e+00,-3.104560063899999989e+01,-4.243706316600000150e+01,-3.193256233099999974e+01,-3.436087169099999983e+01,-2.160588060699999957e+01
7.353673673699999469e+00,-3.253872055699999777e+01,-4.352269566900000086e+01,-3.246060419599999847e+01,-3.415924531400000319e+01,-2.142079807400000035e+01
7.373683683699999492e+00,-3.220544612799999840e+01,-4.153376643699999704e+01,-3.280245697699999852e+01,-3.372357003100000128e+01,-2.100298856499999900e+01
7.393693693699999514e+00,-3.127134968000000015e+01,-4.036665437900000342e+01,-3.355101257399999781e+01,-3.383727709299999731e+01,-2.102247850799999895e+01
7.413703703699999537e+00,-3.208017727600000057e+01,-4.378545075000000253e+01,-3.388913165600000355e+01,-3.444720163299999882e+01,-2.062726605099999944e+01
7.433713713699999559e+00,-3.143985058299999835e+01,-4.239642798500000254e+01,-3.425531992399999837e+01,-3.550827844399999833e+01,-2.065565663199999946e+01
7.453723723699999582e+00,-3.189779789399999999e+01,-4.341223661400000111e+01,-3.574906261200000301e+01,-3.510236685600000328e+01,-2.010844931999999829e+01
7.473733733699999604e+00,-3.255077180199999987e+01,-4.085391055600000243e+01,-3.476974347099999818e+01,-3.518532008100000041e+01,-2.019706377700000033e+01
7.493743743699999627e+00,-3.223829110999999870e+01,-4.614676697499999847e+01,-3.556176961500000289e+01,-3.608645813900000121e+01,-2.018836186800000121e+01
7.513753753800000545e+00,-3.240677462600000069e+01,-4.494679241600000097e+01,-3.595524148500000194e+01,-3.601457858300000225e+01,-1.994756758700000177e+01
7.533763763800000568e+00,-3.310891687299999830e+01,-4.411666428299999865e+01,-3.549893568099999897e+01,-3.570997425299999861e+01,-1.993123760499999975e+01
7.553773773800000590e+00,-3.168484569900000025e+01,-4.557937358000000216e+01,-3.592165201899999971e+01,-3.607546707800000263e+01,-2.006284920099999880e+01
7.573783783800000613e+00,-3.154781343799999860e+01,-4.693106474599999700e+01,-3.601083783600000032e+01,-3.652084788500000201e+01,-2.014197852399999888e+01
7.593793793799999747e+00,-3.238627170200000194e+01,-5.987645551699999658e+01,-3.523833582799999675e+01,-3.760714123099999995e+01,-2.027762941699999999e+01
7.613803803799999770e+00,-3.263355870600000230e+01,-4.453420333700000100e+01,-3.473529183200000148e+01,-3.555805992300000185e+01,-2.043691599799999992e+01
7.633813813799999792e+00,-3.275790264799999818e+01,-4.702581527000000250e+01,-3.504482951500000354e+01,-3.597807130399999664e+01,-2.061079272599999967e+01
7.653823823799999815e+00,-3.320843286600000255e+01,-4.104205351800000301e+01,-3.488501781800000145e+01,-3.686126750999999757e+01,-2.094812411399999874e+01
7.673833833799999837e+00,-3.308189310299999875e+01,-4.328202565200000151e+01,-3.376674429700000246e+01,-3.562312651100000238e+01,-2.126124079599999916e+01
7.693843843799999860e+00,-3.200361013500000240e+01,-4.619310235100000028e+01,-3.379751432999999849e+01,-3.533313887599999958e+01,-2.182925476500000173e+01
7.713853853899999891e+00,-3.291419227000000092e+01,-4.189888011299999704e+01,-3.269580343199999817e+01,-3.443465737599999699e+01,-2.225438936999999839e+01
7.733863863899999913e+00,-3.311551437899999684e+01,-4.247517439700000352e+01,-3.329931456300000292e+01,-3.412360010399999766e+01,-2.212992519699999860e+01
7.753873873899999936e+00,-3.326012440800000292e+01,-3.919616545000000229e+01,-3.342561684000000355e+01,-3.356114897399999819e+01,-2.232822627699999884e+01
7.773883883899999958e+00,-3.205228755200000279e+01,-3.960396545700000104e+01,-3.445620942899999761e+01,-3.325403931799999668e+01,-2.231750669999999914e+01
7.793893893899999981e+00,-3.426013536699999662e+01,-3.951976780999999761e+01,-3.241933912799999717e+01,-3.348449646499999943e+01,-2.281658551199999962e+01
7.813903903900000003e+00,-3.424888796300000138e+01,-3.970443336299999970e+01,-3.454284717699999874e+01,-3.237958739100000116e+01,-2.307819522000000134e+01
7.833913913900000026e+00,-3.556994619599999652e+01,-3.999078228599999818e+01,-3.552845029499999896e+01,-3.225246421899999660e+01,-2.272557946499999915e+01
7.853923923900000048e+00,-3.352081947300000309e+01,-4.157503378900000257e+01,-3.383889337800000163e+01,-3.172926934699999890e+01,-2.283735558100000063e+01
7.873933933899999182e+00,-3.351041419700000290e+01,-3.892927209900000207e+01,-3.530581057900000275e+01,-3.158379373200000018e+01,-2.326242782399999953e+01
7.893943943899999205e+00,-3.197483988400000143e+01,-4.142125382500000086e+01,-3.655137931600000201e+01,-3.146165588699999915e+01,-2.325135964500000085e+01
7.913953954000000124e+00,-3.199989028399999924e+01,-3.984339739600000030e+01,-3.717798710200000301e+01,-3.155767456699999940e+01,-2.339149537400000156e+01
7.933963964000000146e+00,-3.064460293599999829e+01,-4.197557973199999992e+01,-3.945324243499999994e+01,-3.140067350700000048e+01,-2.350411750399999988e+01
7.953973974000000169e+00,-2.993624621200000036e+01,-3.931894720500000062e+01,-4.089170004500000033e+01,-3.194112984599999905e+01,-2.406847405799999962e+01
7.973983984000000191e+00,-2.998182380200000097e+01,-4.045428985099999863e+01,-4.305488406900000342e+01,-3.141805946499999891e+01,-2.398519305199999962e+01
7.993993994000000214e+00,-2.990395275599999891e+01,-4.310450205200000084e+01,-4.665993169400000085e+01,-3.340976745399999714e+01,-2.428427128299999893e+01
8.014004004000000236e+00,-2.999050787299999854e+01,-4.551704663900000014e+01,-5.449130299800000188e+01,-3.329463507500000219e+01,-2.419892431199999905e+01
8.034014014000000259e+00,-3.057373374399999832e+01,-5.381330984600000278e+01,-5.548499162699999943e+01,-3.405946236700000185e+01,-2.454067947400000094e+01
8.054024024000000281e+00,-3.008793603699999863e+01,-4.830444310699999733e+01,-4.465827700599999872e+01,-3.389971619500000344e+01,-2.429877486899999894e+01
8.074034034000000304e+00,-3.022509641299999927e+01,-5.423850453899999735e+01,-4.391749643600000041e+01,-3.411535442400000306e+01,-2.494045948699999826e+01
8.094044044000000326e+00,-2.933488128899999836e+01,-4.440412509099999738e+01,-3.853127169300000077e+01,-3.454609399000000280e+01,-2.509719992500000174e+01
8.114054054100000357e+00,-2.970451318599999979e+01,-4.847494684499999806e+01,-3.564412179899999700e+01,-3.675464917899999762e+01,-2.502469536699999964e+01
8.134064064100000380e+00,-2.952658226000000141e+01,-5.139959174799999886e+01,-3.471311191099999860e+01,-3.591504338899999738e+01,-2.462239417299999999e+01
8.154074074100000402e+00,-2.918229616100000001e+01,-4.531478692799999664e+01,-3.330677927699999685e+01,-3.555982889300000238e+01,-2.441367899700000166e+01
8.174084084100000425e+00,-2.919093445700000089e+01,-4.376576106699999968e+01,-3.124545245799999904e+01,-3.833183321599999971e+01,-2.452292132299999849e+01
8.194094094100000447e+00,-2.876550555900000106e+01,-4.466693443999999857e+01,-3.137054482099999930e+01,-3.743893029499999869e+01,-2.460697556399999897e+01
8.214104104100000470e+00,-2.979787656299999909e+01,-4.040699165699999895e+01,-3.119716528800000077e+01,-3.813230949300000105e+01,-2.459039360599999924e+01
8.234114114100000492e+00,-2.943532281199999900e+01,-4.563710107400000027e+01,-2.996762521200000151e+01,-4.022959978299999761e+01,-2.523012835999999837e+01
8.254124124100000515e+00,-2.891508623800000066e+01,-3.887792792300000144e+01,-3.014125690799999902e+01,-3.713268339799999751e+01,-2.536316835399999903e+01
8.274134134100000537e+00,-2.866269267399999876e+01,-4.239087535899999892e+01,-2.965962610700000113e+01,-3.868051512299999928e+01,-2.537893933799999857e+01
8.294144144100000560e+00,-2.989649150400000011e+01,-3.912966630799999734e+01,-3.051817966600000176e+01,-4.003446260399999801e+01,-2.649565947399999999e+01
8.314154154200000590e+00,-2.898948453999999941e+01,-4.043561860599999846e+01,-2.948860669500000142e+01,-3.868586580499999883e+01,-2.633917978799999915e+01
8.334164164200000613e+00,-2.833774426300000115e+01,-4.207934372300000092e+01,-2.859833416100000036e+01,-4.002781306100000336e+01,-2.771735312099999859e+01
8.354174174200000635e+00,-2.923366195699999892e+01,-4.260701433199999855e+01,-2.964050430800000058e+01,-3.879886083000000241e+01,-2.820109543299999899e+01
8.374184184200000658e+00,-2.988559478999999897e+01,-3.966493898299999898e+01,-2.928637999000000036e+01,-4.003710262799999953e+01,-2.856553845599999875e+01
8.394194194200000680e+00,-2.841424987099999910e+01,-4.505865792800000236e+01,-2.887986736399999899e+01,-3.943170547100000078e+01,-2.963307830300000134e+01
8.414204204199998927e+00,-2.957477761799999882e+01,-4.768165849900000097e+01,-2.905125322499999996e+01,-3.786496230800000262e+01,-2.949474487399999845e+01
8.434214214199998949e+00,-3.016093457699999902e+01,-4.901102665900000233e+01,-2.914522116299999865e+01,-3.818331709000000274e+01,-2.994127554199999963e+01
8.454224224199998972e+00,-2.961168937500000098e+01,-4.410329746899999748e+01,-2.889746352299999899e+01,-4.003080759000000199e+01,-2.957021010000000061e+01
8.474234234199998994e+00,-3.022230813899999902e+01,-5.397941780400000056e+01,-2.835823880599999924e+01,-3.972243873699999739e+01,-2.980393973700000032e+01
8.494244244199999017e+00,-2.966588586099999958e+01,-4.546188790200000085e+01,-2.858647818200000046e+01,-3.835550160300000044e+01,-2.983729616100000115e+01
8.514254254300000824e+00,-3.081852839700000146e+01,-7.984771646500000486e+01,-2.860478671399999939e+01,-3.802993957599999675e+01,-3.026729776699999874e+01
8.534264264300000846e+00,-3.189665309600000143e+01,-4.634774204800000064e+01,-2.797477996099999942e+01,-3.894732256700000050e+01,-2.984796840799999984e+01
8.554274274300000869e+00,-3.230855052700000130e+01,-4.681231772900000010e+01,-2.857984959099999855e+01,-3.784685753699999822e+01,-2.872537336499999938e+01
8.574284284300000891e+00,-3.426986029799999756e+01,-4.996633209899999883e+01,-2.903879220299999986e+01,-3.892475039199999998e+01,-2.962904884900000013e+01
8.594294294299999137e+00,-3.425311883700000237e+01,-4.667271886000000336e+01,-2.838065501699999871e+01,-3.727194036299999880e+01,-2.966403023299999830e+01
8.614304304299999160e+00,-3.479707023899999996e+01,-4.247895532700000132e+01,-2.920840588100000090e+01,-3.790734065899999905e+01,-2.886095216000000008e+01
8.634314314299999182e+00,-3.770869324600000283e+01,-5.137127706999999788e+01,-3.058104975499999867e+01,-3.791110250700000250e+01,-2.962420603300000010e+01
8.654324324299999205e+00,-3.689795202599999868e+01,-4.372388000499999805e+01,-3.103612389399999927e+01,-3.703190195900000248e+01,-3.060223587400000156e+01
8.674334334299999227e+00,-3.643741003600000283e+01,-4.421861437900000169e+01,-3.255147023899999681e+01,-3.682661256299999764e+01,-2.960859173800000121e+01
8.694344344299999250e+00,-3.884893146699999988e+01,-4.613103654599999714e+01,-3.459592062899999831e+01,-3.590080385499999949e+01,-2.937266506599999971e+01
8.714354354399999281e+00,-3.607632458799999853e+01,-3.724098628699999836e+01,-3.864134541699999659e+01,-3.566899867299999727e+01,-2.946168360200000080e+01
8.734364364399999303e+00,-3.479107578400000023e+01,-3.871528321800000327e+01,-3.989767501899999758e+01,-3.329072850600000066e+01,-2.915656242700000078e+01
8.754374374399999326e+00,-3.558821906400000046e+01,-3.890806472199999888e+01,-4.551990878600000201e+01,-3.528947126999999995e+01,-2.911356126300000113e+01
8.774384384399999348e+00,-3.472191179200000022e+01,-3.906826245300000267e+01,-4.761225344599999687e+01,-3.416518049700000148e+01,-2.770911821199999991e+01
8.794394394399999371e+00,-3.415648322399999870e+01,-4.719085814099999965e+01,-3.951872356500000194e+01,-3.584088054299999726e+01,-2.619421916199999956e+01
8.814404404399999393e+00,-3.382241487499999977e+01,-3.715463693400000267e+01,-3.932796163500000119e+01,-3.594500054200000250e+01,-2.645734931599999840e+01
8.834414414399999416e+00,-3.473567269499999810e+01,-3.686018363600000214e+01,-3.865951344300000159e+01,-3.632235110100000242e+01,-2.467348425999999861e+01
8.854424424399999438e+00,-3.142812988300000043e+01,-3.692265623899999838e+01,-3.815913040400000256e+01,-3.963474475200000313e+01,-2.400680725200000154e+01
8.874434434399999461e+00,-3.426581641800000000e+01,-4.154141848399999759e+01,-4.025622148000000067e+01,-3.793036015100000213e+01,-2.381256726399999835e+01
8.894444444399999483e+00,-3.056842342499999887e+01,-4.135296747699999997e+01,-3.812200223399999999e+01,-3.952397864800000349e+01,-2.299655665799999937e+01
8.914454454499999514e+00,-3.000132335500000025e+01,-4.001427144099999822e+01,-3.833974473499999647e+01,-3.760099952600000250e+01,-2.285720970999999935e+01
8.934464464499999536e+00,-3.048716101100000131e+01,-4.490477936100000278e+01,-3.669257861100000184e+01,-4.131682179399999910e+01,-2.258927293100000000e+01
8.954474474499999559e+00,-2.907122512799999825e+01,-4.034796539100000246e+01,-3.376226841799999789e+01,-4.107325916100000285e+01,-2.227139368099999928e+01
8.974484484499999581e+00,-2.834514280000000142e+01,-4.202649894999999702e+01,-3.393073693099999844e+01,-4.036086372500000152e+01,-2.202484918200000052e+01
8.994494494499999604e+00,-2.827532209399999985e+01,-4.669183603500000146e+01,-3.488553121399999668e+01,-4.274304004100000043e+01,-2.234322568400000009e+01
9.014504504499999626e+00,-2.769240753400000088e+01,-4.503358714499999849e+01,-3.210687390700000066e+01,-4.199743266699999822e+01,-2.228285093199999878e+01
9.034514514499999649e+00,-2.838427773100000095e+01,-3.905685653799999812e+01,-3.236829957900000210e+01,-4.260164595900000251e+01,-2.253137998200000069e+01
9.054524524499999671e+00,-2.759579259799999917e+01,-4.211948673900000273e+01,-3.261762401499999697e+01,-3.929440716500000264e+01,-2.248090834999999998e+01
9.074534534499999694e+00,-2.600661727399999990e+01,-3.938426201899999768e+01,-3.219104731499999872e+01,-4.031009584000000245e+01,-2.199739295099999836e+01
9.094544544499999716e+00,-2.730981958099999929e+01,-3.417898430399999654e+01,-3.042196791499999975e+01,-4.066305560100000349e+01,-2.306381538699999822e+01
9.114554554599999747e+00,-2.705226958800000148e+01,-3.572418499700000183e+01,-3.166970865700000104e+01,-4.110843783499999660e+01,-2.286375538800000129e+01
9.134564564599999770e+00,-2.675186537300000111e+01,-3.503331637600000192e+01,-3.172554709799999983e+01,-3.956394661899999932e+01,-2.260883518300000006e+01
9.154574574599999792e+00,-2.643750381699999963e+01,-3.380240222700000174e+01,-3.274511243700000307e+01,-4.104383811000000293e+01,-2.285219064200000005e+01
9.174584584599999815e+00,-2.786319456100000025e+01,-3.689067168799999763e+01,-3.185638820799999849e+01,-4.007079993100000337e+01,-2.300212836700000096e+01
9.194594594599999837e+00,-2.656963835499999860e+01,-3.874146710800000193e+01,-3.203077465799999857e+01,-3.886830122100000295e+01,-2.273875494600000025e+01
9.214604604599999860e+00,-2.694031172700000099e+01,-3.815906518300000272e+01,-3.278918971699999929e+01,-3.733214728800000159e+01,-2.285102799499999904e+01
9.234614614599999882e+00,-2.711249255299999916e+01,-3.787298908500000039e+01,-3.515693589199999991e+01,-3.729518900699999762e+01,-2.305461630900000003e+01
9.254624624599999905e+00,-2.696858894700000064e+01,-3.595608879400000291e+01,-3.544482227799999663e+01,-3.883872960499999749e+01,-2.311073318800000109e+01
9.274634634599999927e+00,-2.670377021299999853e+01,-3.997596989400000211e+01,-3.470951341199999973e+01,-3.906494723400000169e+01,-2.282235538500000160e+01
9.294644644599999950e+00,-2.638354864400000110e+01,-4.069429101200000076e+01,-3.518884749400000089e+01,-3.833795674899999995e+01,-2.278217871300000041e+01
9.314654654699999980e+00,-2.598679148900000158e+01,-3.961194367699999930e+01,-3.312518271900000144e+01,-3.790652451900000131e+01,-2.218532844299999951e+01
9.334664664700000003e+00,-2.590278643599999953e+01,-3.972842013900000069e+01,-3.214747367999999739e+01,-4.024927118800000159e+01,-2.290447469100000077e+01
9.354674674700000025e+00,-2.696276787500000083e+01,-3.913561682899999994e+01,-3.079918413900000118e+01,-3.959560656899999742e+01,-2.291236951999999860e+01
9.374684684700000048e+00,-2.737898021000000170e+01,-3.691090615800000307e+01,-2.912984620099999944e+01,-4.088784343199999682e+01,-2.353742140299999974e+01
9.394694694700000070e+00,-2.766630296800000011e+01,-3.899868907300000131e+01,-2.941594265899999883e+01,-4.591753295299999849e+01,-2.336620307900000171e+01
9.414704704700000093e+00,-2.968817258700000039e+01,-3.882147851900000290e+01,-2.901843035599999965e+01,-4.274488979499999886e+01,-2.345216966499999955e+01
9.434714714700000115e+00,-2.878410017199999871e+01,-4.434385600299999908e+01,-2.861919025599999955e+01,-4.382049489700000322e+01,-2.332719660400000095e+01
9.454724724700000138e+00,-2.896892364099999995e+01,-4.048900859700000154e+01,-2.814658019799999877e+01,-4.536897942299999897e+01,-2.364439245100000164e+01
9.474734734700000161e+00,-2.994460635500000123e+01,-3.752103138300000040e+01,-2.753736633500000153e+01,-4.672609213700000197e+01,-2.425108094300000161e+01
9.494744744700000183e+00,-3.133964107199999916e+01,-3.948316791500000278e+01,-2.802768159700000083e+01,-4.252096342899999826e+01,-2.379881299999999911e+01
9.514754754799998437e+00,-3.136092643399999957e+01,-3.702465559899999903e+01,-2.738656317699999931e+01,-3.859583049799999799e+01,-2.331684309699999957e+01
9.534764764799998460e+00,-3.141911615700000127e+01,-4.524798937199999926e+01,-2.824870800900000134e+01,-3.628398425400000349e+01,-2.317826347500000139e+01
9.554774774799998482e+00,-3.438815295300000230e+01,-4.496833469300000274e+01,-2.788519846499999844e+01,-3.693144651800000133e+01,-2.220428202500000125e+01
9.574784784799998505e+00,-3.469152116000000063e+01,-3.890318945599999978e+01,-2.746800675100000078e+01,-3.607779594200000162e+01,-2.295755128900000130e+01
9.594794794799998527e+00,-3.518680191899999699e+01,-4.731029674700000243e+01,-2.713462809600000014e+01,-3.729459088099999775e+01,-2.279221109199999873e+01
9.614804804799998550e+00,-3.712271396799999934e+01,-5.001184379200000052e+01,-2.810489082200000155e+01,-3.795818274399999837e+01,-2.276653149299999868e+01
9.634814814799998572e+00,-3.829270509100000197e+01,-4.092850232400000010e+01,-2.632901843999999869e+01,-3.546285700399999996e+01,-2.263914495399999893e+01
9.654824824799998595e+00,-3.846788961899999748e+01,-5.041932161700000137e+01,-2.808467219399999948e+01,-3.967131650500000006e+01,-2.249023036299999845e+01
9.674834834799998617e+00,-3.931740615500000047e+01,-4.622393320599999811e+01,-2.710388877700000165e+01,-3.674592756500000235e+01,-2.291890852999999950e+01
9.694844844799998640e+00,-3.578353326599999917e+01,-4.566989683900000330e+01,-2.734479389599999877e+01,-3.784789105499999806e+01,-2.186168292099999988e+01
9.714854854900000447e+00,-3.662720152400000018e+01,-4.366797021099999654e+01,-2.720847146699999897e+01,-3.711499350900000138e+01,-2.196775310900000022e+01
9.734864864900000470e+00,-3.297562751000000247e+01,-5.023569171799999822e+01,-2.719280073099999839e+01,-3.627852588300000036e+01,-2.198744762600000158e+01
9.754874874900000492e+00,-3.372826327199999952e+01,-4.792288655800000186e+01,-2.824306366700000126e+01,-3.922835452700000047e+01,-2.156356761199999994e+01
9.774884884899998738e+00,-3.374005578599999922e+01,-4.090043077600000032e+01,-2.846257228500000025e+01,-3.890293700000000143e+01,-2.151221864700000097e+01
9.794894894899998761e+00,-3.383693172499999946e+01,-4.857151456300000092e+01,-2.788662802200000002e+01,-3.851000751200000138e+01,-2.084225892599999952e+01
9.814904904899998783e+00,-3.539108062199999694e+01,-4.113751155700000339e+01,-2.911413174999999853e+01,-3.711079530199999965e+01,-2.095209191400000037e+01
9.834914914899998806e+00,-3.358225892299999771e+01,-3.708341118900000311e+01,-2.751184360499999926e+01,-3.808287869000000114e+01,-2.156484007599999941e+01
9.854924924899998828e+00,-3.262403215199999806e+01,-4.203861602100000283e+01,-2.778455899800000140e+01,-3.525519486200000330e+01,-2.176351867200000001e+01
9.874934934899998851e+00,-3.219156303399999786e+01,-3.976182408399999701e+01,-2.874746753399999832e+01,-3.565098116499999747e+01,-2.161002040099999988e+01
9.894944944899998873e+00,-3.394213861499999751e+01,-4.552848326000000156e+01,-2.857405910499999990e+01,-3.676645306399999669e+01,-2.200936592800000113e+01
9.914954955000000680e+00,-3.298926686600000124e+01,-4.032815339300000090e+01,-2.826927865100000048e+01,-3.572714889800000293e+01,-2.224931958000000165e+01
9.934964965000000703e+00,-3.200181797599999811e+01,-4.245738238599999903e+01,-2.784254822500000159e+01,-3.818462332899999723e+01,-2.243363024599999989e+01
9.954974975000000725e+00,-3.409000472200000331e+01,-4.775321917400000160e+01,-2.784500089999999872e+01,-3.352926548599999990e+01,-2.251493700199999992e+01
9.974984985000000748e+00,-3.536968014400000015e+01,-4.546493095900000014e+01,-2.804592893599999925e+01,-3.519198497699999706e+01,-2.234498404300000018e+01
9.994994995000000770e+00,-3.239164651499999792e+01,-4.540032168900000187e+01,-2.753310335300000133e+01,-3.366638135200000193e+01,-2.232812978799999826e+01
1.001500500500000079e+01,-3.517795602300000013e+01,-4.469458046500000137e+01,-2.847728646299999866e+01,-3.473035798299999755e+01,-2.203040743000000035e+01
1.003501501500000082e+01,-3.519742668800000018e+01,-4.705381707299999761e+01,-2.895322201100000115e+01,-3.727107443999999958e+01,-2.246430721400000152e+01
1.005502502500000084e+01,-3.345272324500000138e+01,-4.341510438299999919e+01,-2.915823789299999902e+01,-3.281335918100000271e+01,-2.279651743300000177e+01
1.007503503500000086e+01,-3.549111791299999652e+01,-5.051607401900000127e+01,-2.829987838299999936e+01,-3.208486836899999872e+01,-2.325896490399999905e+01
1.009504504500000088e+01,-3.273077341199999779e+01,-3.880445150100000262e+01,-2.945406880999999899e+01,-3.288443443999999971e+01,-2.380444460400000040e+01
1.011505505499999913e+01,-3.495158484899999962e+01,-3.971048665099999653e+01,-3.064133102199999925e+01,-3.255285000800000006e+01,-2.290856934600000017e+01
1.013506506499999915e+01,-3.469532579999999911e+01,-3.984398398300000110e+01,-3.041812148600000043e+01,-3.249913100399999877e+01,-2.274927016799999890e+01
1.015507507499999917e+01,-3.546559149800000199e+01,-3.558731149300000141e+01,-3.346469217599999979e+01,-3.022656080799999856e+01,-2.350178710100000146e+01
1.017508508499999920e+01,-4.620257957999999832e+01,-3.649842252799999898e+01,-3.351922173199999833e+01,-3.122777717399999986e+01,-2.312976039300000153e+01
1.019509509499999922e+01,-3.743995991500000287e+01,-4.259882641200000108e+01,-3.550529669800000221e+01,-3.021791650500000159e+01,-2.319275339700000060e+01
1.021510510499999924e+01,-3.784504075000000256e+01,-3.868742939599999886e+01,-3.622831348999999790e+01,-3.186055744400000123e+01,-2.319255287300000035e+01
1.023511511499999926e+01,-4.198572630900000036e+01,-3.757409694399999722e+01,-3.458874516299999868e+01,-3.087893017000000029e+01,-2.261261652600000005e+01
1.025512512499999929e+01,-4.378920585899999907e+01,-3.241694489199999651e+01,-3.770780183000000108e+01,-3.123472114599999827e+01,-2.286807569500000170e+01
1.027513513499999931e+01,-3.912604495600000121e+01,-3.584770785300000284e+01,-3.777454637600000353e+01,-3.186620650400000088e+01,-2.329705756599999944e+01
1.029514514499999933e+01,-4.122090915399999744e+01,-3.209593725100000228e+01,-3.577775726299999803e+01,-3.044347427199999956e+01,-2.370043452299999842e+01
1.031515515499999935e+01,-3.925784566299999767e+01,-3.292916637700000138e+01,-3.550678396200000009e+01,-3.089677591699999937e+01,-2.272366889699999959e+01
1.033516516499999938e+01,-3.959832965100000024e+01,-3.549886137299999689e+01,-3.431421068000000218e+01,-3.103010893300000106e+01,-2.326946596100000164e+01
1.035517517499999940e+01,-3.924721370400000353e+01,-3.113299302100000077e+01,-3.299575635600000112e+01,-3.050031584899999970e+01,-2.233600946900000039e+01
1.037518518499999942e+01,-4.986431197099999935e+01,-3.258202668900000276e+01,-3.453479180699999773e+01,-3.083216441400000107e+01,-2.328598188100000144e+01
1.039519519499999944e+01,-3.932164503700000324e+01,-3.483814861599999801e+01,-3.349915485900000078e+01,-3.317126052700000116e+01,-2.340895844599999975e+01
1.041520520499999947e+01,-3.684954623200000157e+01,-3.066171491200000077e+01,-3.234064668300000278e+01,-3.086303733100000102e+01,-2.258229506200000003e+01
1.043521521499999949e+01,-3.941852530500000285e+01,-3.353660033999999968e+01,-3.480280336500000260e+01,-3.032106948099999855e+01,-2.206948978400000172e+01
1.045522522499999951e+01,-4.167625758100000155e+01,-3.455759233799999919e+01,-3.416410030400000153e+01,-3.355302359699999926e+01,-2.230788371399999903e+01
1.047523523499999953e+01,-3.826574944200000061e+01,-3.495009247600000180e+01,-3.640735034299999739e+01,-3.311097120499999846e+01,-2.231010362499999999e+01
1.049524524499999956e+01,-4.797523583600000308e+01,-3.744965298399999654e+01,-3.615829183599999652e+01,-3.503244308200000035e+01,-2.374820377500000035e+01
1.051525525499999958e+01,-3.796693315400000301e+01,-4.432512960599999730e+01,-3.556231681399999900e+01,-3.479486872900000094e+01,-2.160491229999999874e+01
1.053526526499999960e+01,-4.589663591099999707e+01,-3.653291732600000330e+01,-3.707292893300000003e+01,-3.651757073299999945e+01,-2.255729124899999860e+01
1.055527527499999962e+01,-4.564625045300000039e+01,-3.507057245600000073e+01,-3.568772470100000049e+01,-3.624802103300000056e+01,-2.243854836699999922e+01
1.057528528499999965e+01,-3.477036300299999994e+01,-3.948458937099999844e+01,-3.617673459899999955e+01,-3.680233525700000285e+01,-2.210447655899999830e+01
1.059529529499999967e+01,-3.623907977700000060e+01,-3.699039658899999949e+01,-3.423583480300000303e+01,-3.228082378999999946e+01,-2.117680508500000158e+01
1.061530530499999969e+01,-3.373324969499999781e+01,-4.768949998600000129e+01,-3.313339674400000234e+01,-3.365690900999999968e+01,-2.130711536200000111e+01
1.063531531499999971e+01,-3.545935446200000030e+01,-4.781146231900000032e+01,-3.284407356500000219e+01,-3.328249022699999671e+01,-2.111786431799999875e+01
1.065532532499999974e+01,-3.242998306599999836e+01,-4.194480150500000093e+01,-3.164858411899999879e+01,-3.247390638299999921e+01,-2.092965789400000176e+01
1.067533533499999976e+01,-3.361084893400000340e+01,-4.828548816200000005e+01,-3.069205173699999989e+01,-3.220895841600000153e+01,-2.135930906700000165e+01
1.069534534499999978e+01,-3.694550107700000297e+01,-4.035035370500000340e+01,-2.944782789699999981e+01,-3.231727059499999655e+01,-2.195475006399999884e+01
1.071535535499999980e+01,-3.718352852900000016e+01,-4.216506677200000297e+01,-2.897967929300000023e+01,-3.085462750199999959e+01,-2.234224954300000121e+01
1.073536536499999983e+01,-3.825395337399999818e+01,-3.846588403300000181e+01,-2.905055598499999903e+01,-2.976286908999999881e+01,-2.182914822200000060e+01
1.075537537499999985e+01,-3.268574906199999930e+01,-4.098742748200000108e+01,-2.846273788199999899e+01,-2.862443978499999986e+01,-2.081889413600000083e+01
1.077538538499999987e+01,-3.860245460699999853e+01,-3.890753296799999816e+01,-2.738709140399999953e+01,-2.936513541900000135e+01,-2.319199646799999925e+01
1.079539539499999989e+01,-3.152805594000000156e+01,-3.370412853599999892e+01,-2.737974061399999925e+01,-3.111404158999999936e+01,-2.311115440700000079e+01
1.081540540499999992e+01,-3.393142637900000125e+01,-3.104308728499999859e+01,-2.811196744900000155e+01,-2.864661534500000073e+01,-2.225601846300000020e+01
1.083541541499999994e+01,-3.466305637600000011e+01,-3.458501585999999861e+01,-2.695112993800000112e+01,-2.837093487499999966e+01,-2.279082985000000150e+01
1.085542542499999996e+01,-3.393026952599999646e+01,-3.480189278999999658e+01,-2.820216807699999961e+01,-2.825419193400000140e+01,-2.311736929099999927e+01
1.087543543499999998e+01,-3.747420613799999956e+01,-3.106114435299999954e+01,-2.727971505900000082e+01,-2.885562782299999895e+01,-2.231353530100000171e+01
1.089544544500000001e+01,-4.251719504100000080e+01,-3.530270148500000005e+01,-2.693901352600000010e+01,-3.009830126099999958e+01,-2.266575131600000148e+01
1.091545545500000003e+01,-3.943699222099999702e+01,-4.046181863999999706e+01,-2.922992929600000167e+01,-2.817891316100000054e+01,-2.335243782899999943e+01
1.093546546500000005e+01,-4.084258713199999846e+01,-3.400868896299999733e+01,-2.862175379399999997e+01,-2.772028045000000063e+01,-2.326364559900000017e+01
1.095547547500000007e+01,-3.979900839700000148e+01,-3.107666151900000173e+01,-2.999491972499999903e+01,-2.897629810999999833e+01,-2.271927000999999890e+01
1.097548548500000010e+01,-4.528837954299999780e+01,-3.419636656600000180e+01,-2.784569387599999857e+01,-2.783528693499999918e+01,-2.388740136799999902e+01
1.099549549500000012e+01,-3.512002088599999894e+01,-3.224010126400000331e+01,-3.072569968199999835e+01,-2.762945640699999927e+01,-2.421398358700000131e+01
1.101550550600000022e+01,-3.317788464899999923e+01,-3.101010453800000022e+01,-3.028902148899999958e+01,-2.905241767000000053e+01,-2.671154171299999902e+01
1.103551551600000025e+01,-3.546505446599999800e+01,-3.186659498399999890e+01,-3.192740542099999956e+01,-2.933134981799999963e+01,-2.466343455699999865e+01
1.105552552600000027e+01,-3.397844660999999888e+01,-3.238889934800000248e+01,-3.056642910700000115e+01,-2.854069248000000059e+01,-2.559999824200000162e+01
1.107553553600000029e+01,-3.241085844700000251e+01,-3.507316941900000273e+01,-2.956636116500000000e+01,-3.072566956100000013e+01,-2.826607609399999888e+01
1.109554554600000031e+01,-3.608459742600000197e+01,-3.776549916900000170e+01,-3.129719584000000054e+01,-2.957777265700000058e+01,-2.875176560799999947e+01
1.111555555600000034e+01,-3.835034568100000030e+01,-3.874636413199999652e+01,-3.071069701900000126e+01,-2.897118922599999991e+01,-2.875424642899999839e+01
1.113556556600000036e+01,-3.608909753700000067e+01,-4.672031175299999717e+01,-2.991467362099999860e+01,-2.962881449900000064e+01,-2.688677217500000083e+01
1.115557557600000038e+01,-3.621362641099999991e+01,-4.170107789099999707e+01,-3.056482015499999960e+01,-2.728343565100000134e+01,-2.692737349400000113e+01
1.117558558600000040e+01,-2.967055822900000095e+01,-4.785380734999999675e+01,-3.030048624000000146e+01,-2.763111613599999927e+01,-2.592336474100000032e+01
1.119559559600000043e+01,-3.583238639500000033e+01,-5.223984406299999961e+01,-3.034899474899999916e+01,-2.751868286499999883e+01,-2.508942347800000050e+01
1.121560560600000045e+01,-3.564675875300000030e+01,-4.993971907699999946e+01,-2.879416634000000030e+01,-2.668803584799999840e+01,-2.479705799199999916e+01
1.123561561600000047e+01,-3.317212672499999826e+01,-3.950103167799999682e+01,-3.052733680200000066e+01,-2.578483805300000142e+01,-2.419808185699999825e+01
1.125562562600000049e+01,-3.434753821500000015e+01,-5.199562559000000306e+01,-2.880037657200000112e+01,-2.694465611300000063e+01,-2.439141838700000164e+01
1.127563563600000052e+01,-3.105340281100000155e+01,-4.371648457100000229e+01,-2.952088077499999841e+01,-2.496942942300000112e+01,-2.393304074199999931e+01
1.129564564600000054e+01,-3.768801609799999852e+01,-3.897679689600000330e+01,-2.843860982100000001e+01,-2.489389517900000115e+01,-2.209593388000000047e+01
1.131565565600000056e+01,-3.653351798500000314e+01,-5.849781993700000271e+01,-2.928824842899999936e+01,-2.526379000200000036e+01,-2.350030815099999870e+01
1.133566566600000058e+01,-3.726918376999999793e+01,-4.310788954800000283e+01,-2.862590830799999964e+01,-2.452394446599999966e+01,-2.277112635599999990e+01
1.135567567600000061e+01,-3.318490332999999737e+01,-4.035607465900000079e+01,-2.977942160999999999e+01,-2.510398757300000128e+01,-2.209023121599999939e+01
1.137568568600000063e+01,-3.578934390999999948e+01,-3.754464295599999701e+01,-3.033097296900000117e+01,-2.527492170200000032e+01,-2.336229423199999999e+01
1.139569569600000065e+01,-3.632749005400000186e+01,-3.847294219399999804e+01,-2.844957003800000095e+01,-2.488860256999999976e+01,-2.178429698500000100e+01
1.141570570600000067e+01,-3.369609019600000011e+01,-3.810640184799999730e+01,-2.801986701399999902e+01,-2.486884761199999971e+01,-2.214024018799999993e+01
1.143571571600000070e+01,-3.422498420699999855e+01,-3.382790535000000176e+01,-3.079888941400000135e+01,-2.503721541899999892e+01,-2.249421431500000068e+01
1.145572572600000072e+01,-3.537664390999999853e+01,-3.056718884400000036e+01,-2.959340653599999982e+01,-2.376248825000000053e+01,-2.004361664900000051e+01
1.147573573600000074e+01,-3.757150519700000046e+01,-4.218583656500000245e+01,-2.842253485999999896e+01,-2.460237077500000069e+01,-2.176442654699999935e+01
1.149574574600000076e+01,-3.309070249599999869e+01,-3.711542667399999829e+01,-2.853052899800000120e+01,-2.545789595999999833e+01,-2.115344117000000068e+01
1.151575575600000079e+01,-3.556182920900000255e+01,-3.497216885800000341e+01,-2.929049888300000148e+01,-2.549274855599999867e+01,-2.171685671099999837e+01
1.153576576600000081e+01,-3.716976596699999646e+01,-4.133281647700000150e+01,-2.937416512500000110e+01,-2.492730742099999830e+01,-2.236737484500000051e+01
1.155577577600000083e+01,-3.525750088200000221e+01,-3.583479387900000290e+01,-3.042395365799999851e+01,-2.578502134600000062e+01,-2.105302805899999896e+01
1.157578578600000085e+01,-3.213934737600000346e+01,-2.819228523800000019e+01,-2.696089088100000097e+01,-2.435410206899999963e+01,-2.056291108499999964e+01
1.159579579600000088e+01,-3.149269823699999904e+01,-3.558516798299999806e+01,-2.932189074500000103e+01,-2.631465305000000043e+01,-2.114832970599999840e+01
1.161580580599999912e+01,-3.434627137500000060e+01,-3.155655956500000059e+01,-2.967719583499999914e+01,-2.429447522899999967e+01,-2.059166216399999882e+01
1.163581581599999915e+01,-3.732113886100000144e+01,-3.720056891800000187e+01,-3.074546362199999905e+01,-2.482361781399999856e+01,-2.298063259099999911e+01
1.165582582599999917e+01,-3.408350088699999958e+01,-3.588081459099999648e+01,-3.017649923600000150e+01,-2.664088205299999856e+01,-2.112582088999999996e+01
1.167583583599999919e+01,-3.121157073599999876e+01,-3.426855725000000064e+01,-2.890723176699999897e+01,-2.499133103599999828e+01,-2.001561943700000157e+01
1.169584584599999921e+01,-3.256870848599999846e+01,-3.682214798599999739e+01,-3.057846138800000091e+01,-2.554227473099999912e+01,-2.016675645500000158e+01
1.171585585599999924e+01,-3.251884187699999984e+01,-3.488388672899999676e+01,-3.088807667000000023e+01,-2.632209467499999889e+01,-2.057885862299999857e+01
1.173586586599999926e+01,-2.982599642499999959e+01,-3.308327255300000047e+01,-3.082826295499999958e+01,-2.632748106500000063e+01,-2.091803529499999925e+01
1.175587587599999928e+01,-3.105762860999999830e+01,-3.253287001199999651e+01,-3.088243969599999872e+01,-2.640184410099999823e+01,-2.230280846300000164e+01
1.177588588599999930e+01,-3.506828707300000048e+01,-3.203170304100000010e+01,-3.212881135100000307e+01,-2.603368250100000125e+01,-2.122961732599999962e+01
1.179589589599999933e+01,-3.118907615299999847e+01,-3.383883283400000153e+01,-2.989014714700000042e+01,-2.336913269700000129e+01,-2.150786782200000147e+01
1.181590590599999935e+01,-3.370074534700000157e+01,-4.115814365500000349e+01,-3.214340666399999691e+01,-2.558755244299999987e+01,-2.303876129300000031e+01
1.183591591599999937e+01,-3.214624945100000275e+01,-3.251667460299999846e+01,-3.030234598599999885e+01,-2.499344933300000093e+01,-2.235744345299999836e+01
1.185592592599999939e+01,-3.313169504900000106e+01,-3.581954650200000145e+01,-3.015842314600000051e+01,-2.354459883599999870e+01,-2.305534308300000035e+01
1.187593593599999942e+01,-2.969924810599999887e+01,-3.120767507400000085e+01,-3.071547554500000032e+01,-2.554350337700000040e+01,-2.380887869300000048e+01
1.189594594599999944e+01,-3.160274963999999898e+01,-3.320911393699999792e+01,-3.056498417699999948e+01,-2.539007243900000077e+01,-2.406775350799999913e+01
1.191595595599999946e+01,-2.879917254900000145e+01,-3.510232176400000270e+01,-3.271243892599999725e+01,-2.436962343700000133e+01,-2.348313510499999879e+01
1.193596596599999948e+01,-3.119645872499999939e+01,-3.816229065999999648e+01,-3.557615592900000223e+01,-2.550759848799999929e+01,-2.341898148199999952e+01
1.195597597599999951e+01,-3.513923105399999969e+01,-3.720360435300000290e+01,-3.157342440800000105e+01,-2.466866975299999964e+01,-2.281657993800000028e+01
1.197598598599999953e+01,-3.034669656200000176e+01,-4.145140314900000078e+01,-3.452849035199999861e+01,-2.645401847000000117e+01,-2.260098289600000143e+01
1.199599599599999955e+01,-3.114014205000000146e+01,-3.515733265699999777e+01,-3.208209447299999795e+01,-2.587776782399999931e+01,-2.295869154400000056e+01
1.201600600599999957e+01,-2.994163096200000140e+01,-3.631010995500000149e+01,-2.976785758500000156e+01,-2.413290635299999920e+01,-2.307448295900000090e+01
1.203601601599999960e+01,-3.996317830200000287e+01,-3.780202504100000027e+01,-3.153554688999999911e+01,-2.664998690999999909e+01,-2.288694272400000074e+01
1.205602602599999962e+01,-3.197819376500000033e+01,-3.899630038400000132e+01,-3.085590121099999905e+01,-2.541317316399999982e+01,-2.313409066099999833e+01
1.207603603599999964e+01,-3.334851401099999890e+01,-4.744614245900000071e+01,-3.022930232699999920e+01,-2.555568645800000027e+01,-1.832430346399999976e+01
1.209604604599999966e+01,-3.403982428700000185e+01,-3.966500987300000247e+01,-3.140147219700000036e+01,-2.755362240999999912e+01,-2.210881736099999983e+01
1.211605605599999969e+01,-3.147835064199999877e+01,-4.514990500500000081e+01,-2.899336284099999972e+01,-2.594383129699999913e+01,-2.242984916099999992e+01
1.213606606599999971e+01,-3.104276763800000083e+01,-4.257095377600000319e+01,-2.878524984799999942e+01,-2.593483513400000007e+01,-2.280079101600000158e+01
1.215607607599999973e+01,-2.893609659599999873e+01,-4.671861606400000255e+01,-2.867783860400000151e+01,-2.680455349400000031e+01,-2.164049111599999975e+01
1.217608608599999975e+01,-3.354317307000000170e+01,-6.398655101899999664e+01,-2.871725693599999829e+01,-2.534028487899999860e+01,-2.245828631899999905e+01
1.219609609599999978e+01,-3.945874275999999981e+01,-4.170070041400000349e+01,-2.669906572000000011e+01,-2.521858292599999984e+01,-2.162080782399999990e+01
1.221610610599999980e+01,-4.017851865800000155e+01,-4.379797755199999898e+01,-2.945060209900000103e+01,-2.451130420000000143e+01,-2.157086518099999850e+01
1.223611611599999982e+01,-3.533711025000000205e+01,-3.758236223899999828e+01,-2.867463414999999927e+01,-2.476327269400000120e+01,-2.307600143999999887e+01
1.225612612599999984e+01,-3.902044071499999944e+01,-4.945400946499999861e+01,-2.804736176600000164e+01,-2.478277261599999903e+01,-2.239055868599999854e+01
1.227613613599999987e+01,-3.860866428199999945e+01,-5.002011174599999777e+01,-2.888277996400000092e+01,-2.538104060799999928e+01,-2.411561735500000125e+01
1.229614614599999989e+01,-3.561664122100000185e+01,-4.272764062800000318e+01,-2.952786951999999943e+01,-2.450333879500000123e+01,-2.199429234200000138e+01
1.231615615599999991e+01,-3.701520595899999932e+01,-3.411666244399999925e+01,-2.647530413899999857e+01,-2.637728247800000148e+01,-2.269985080300000035e+01
1.233616616599999993e+01,-3.361235915200000335e+01,-4.584013302500000009e+01,-2.870651531700000092e+01,-2.469094956900000071e+01,-2.238059179300000068e+01
1.235617617599999996e+01,-4.143270962900000143e+01,-3.413500180900000203e+01,-2.617552779600000079e+01,-2.410335002400000093e+01,-2.804419256199999921e+01
1.237618618599999998e+01,-3.435461989899999935e+01,-3.745483793999999733e+01,-2.589833146000000141e+01,-2.545860195399999881e+01,-2.253584177999999838e+01
1.239619619600000000e+01,-4.209281988099999694e+01,-4.137077083900000218e+01,-2.925360177099999959e+01,-2.582695167700000027e+01,-1.970828251600000058e+01
1.241620620600000002e+01,-3.978950527100000301e+01,-3.993209669299999831e+01,-2.886533558300000024e+01,-2.558843086399999933e+01,-2.288624777000000066e+01
1.243621621600000005e+01,-4.035705981600000314e+01,-4.461206394599999925e+01,-2.839073997399999882e+01,-2.520357181600000018e+01,-2.211028907500000074e+01
1.245622622600000007e+01,-3.840032326699999743e+01,-3.319695344699999850e+01,-2.642496001099999958e+01,-2.542681269999999927e+01,-2.289569758600000071e+01
1.247623623600000009e+01,-3.292499915999999871e+01,-3.398101402999999721e+01,-2.682267995699999830e+01,-2.534757147199999849e+01,-2.395454886099999925e+01
1.249624624600000011e+01,-3.235718746100000232e+01,-2.988655589100000043e+01,-2.745345541500000053e+01,-2.682885247999999834e+01,-2.373447370799999945e+01
1.251625625600000014e+01,-3.268804617699999682e+01,-3.782828227899999973e+01,-2.766011359499999855e+01,-2.753108388700000120e+01,-2.421424590299999835e+01
1.253626626600000016e+01,-3.218469844399999857e+01,-3.414479301400000111e+01,-2.699797543200000050e+01,-2.539944269000000077e+01,-2.323491962499999985e+01
1.255627627600000018e+01,-3.868389494800000250e+01,-3.110601116100000141e+01,-2.675905094899999881e+01,-2.738061352100000079e+01,-2.298297148700000037e+01
1.257628628600000020e+01,-4.161062560900000307e+01,-3.354616246799999857e+01,-2.614447838299999916e+01,-2.768475349599999902e+01,-2.363668713299999879e+01
1.259629629600000023e+01,-4.160802289800000153e+01,-3.601711966700000289e+01,-2.657961535600000147e+01,-2.935651183599999925e+01,-2.400058736700000139e+01
1.261630630600000025e+01,-3.339094967199999786e+01,-3.542942578200000270e+01,-2.466092333099999934e+01,-2.932800419799999858e+01,-2.571350858699999975e+01
1.263631631600000027e+01,-4.865878914599999661e+01,-4.174900994400000087e+01,-2.741881179299999971e+01,-2.944072081799999907e+01,-2.483082483800000162e+01
1.265632632600000029e+01,-4.292407515000000018e+01,-3.916053760500000180e+01,-2.663065875699999907e+01,-3.093517253299999936e+01,-2.542523603100000074e+01
1.267633633600000032e+01,-3.626642127899999934e+01,-3.581382037099999849e+01,-2.727620225200000093e+01,-3.084735444400000048e+01,-2.744290331299999863e+01
1.269634634600000034e+01,-4.700491133799999943e+01,-3.206335122499999812e+01,-2.681803138800000141e+01,-3.009151811399999943e+01,-2.385631810599999980e+01
1.271635635600000036e+01,-4.019215258799999901e+01,-3.427702357999999805e+01,-2.919958627500000148e+01,-2.997642275100000120e+01,-2.422744688099999877e+01
1.273636636600000038e+01,-4.216641956200000152e+01,-3.389225887300000295e+01,-2.954876718399999902e+01,-3.003219891399999852e+01,-2.422069365700000176e+01
1.275637637600000041e+01,-3.582990594799999684e+01,-3.139493518600000144e+01,-2.855846202300000058e+01,-3.517152810799999685e+01,-2.380116014600000085e+01
1.277638638600000043e+01,-4.336167809399999840e+01,-3.597112123299999809e+01,-2.833958472500000170e+01,-3.030204343300000147e+01,-2.363790911699999953e+01
1.279639639600000045e+01,-4.545107570599999747e+01,-3.340320842799999923e+01,-3.020732083900000120e+01,-3.135174025599999936e+01,-2.282120167000000066e+01
1.281640640600000047e+01,-3.656082316199999838e+01,-3.074189998099999954e+01,-2.895912687399999896e+01,-2.982228183899999863e+01,-2.341864612899999898e+01
1.283641641600000050e+01,-5.426874853900000062e+01,-4.170536025100000188e+01,-2.797822966500000064e+01,-2.884154739399999912e+01,-2.390513383600000097e+01
1.285642642600000052e+01,-3.893528476099999835e+01,-3.290151343000000139e+01,-2.705778070399999891e+01,-3.024672821100000064e+01,-2.276485657699999976e+01
1.287643643600000054e+01,-3.324311754400000041e+01,-3.421528104800000136e+01,-2.922327660199999855e+01,-3.023218574299999872e+01,-2.258457455099999933e+01
1.289644644600000056e+01,-4.226340645300000176e+01,-4.009548348399999895e+01,-3.116103663899999887e+01,-2.780579996299999834e+01,-2.473371944200000172e+01
1.291645645600000059e+01,-4.268998342700000137e+01,-3.306072829899999732e+01,-2.844639188100000027e+01,-3.162258214499999909e+01,-2.572919909000000160e+01
1.293646646600000061e+01,-3.961386085400000212e+01,-3.354660741499999688e+01,-3.517881507500000282e+01,-2.786471626699999860e+01,-2.279841205800000026e+01
1.295647647600000063e+01,-3.966883092300000158e+01,-3.533457483000000110e+01,-2.912163946600000131e+01,-2.876254989699999953e+01,-2.479981290299999941e+01
1.297648648600000065e+01,-4.083163292399999733e+01,-3.837838423699999879e+01,-3.035760487599999990e+01,-2.882896640099999885e+01,-2.345467883499999928e+01
1.299649649600000068e+01,-4.084288675300000193e+01,-3.597439947899999879e+01,-3.499539689899999928e+01,-3.024678782899999874e+01,-2.680131966700000135e+01
1.301650650700000078e+01,-3.981715163700000204e+01,-3.735892975099999802e+01,-3.094385271599999854e+01,-3.109720553800000076e+01,-2.596017165399999982e+01
1.303651651700000080e+01,-4.109554712100000273e+01,-3.118556398500000171e+01,-3.275444358699999725e+01,-3.043273155099999983e+01,-2.567874759900000114e+01
1.305652652700000083e+01,-2.872376027199999982e+01,-3.585171115200000003e+01,-3.448797282599999647e+01,-2.836657570699999908e+01,-2.558677699700000119e+01
1.307653653700000085e+01,-4.182017222399999667e+01,-4.444263193599999795e+01,-3.649340250299999866e+01,-2.987144615000000059e+01,-2.514860500300000012e+01
1.309654654700000087e+01,-3.702930195599999763e+01,-3.465480597199999835e+01,-3.554072465099999789e+01,-3.051129342600000172e+01,-2.745819945699999920e+01
1.311655655699999912e+01,-3.194076430400000177e+01,-4.036729620300000221e+01,-3.514870710400000320e+01,-3.546978133599999694e+01,-2.979202553700000067e+01
1.313656656699999914e+01,-3.707027994799999959e+01,-3.514708048699999665e+01,-4.134241700900000183e+01,-2.889532971099999870e+01,-2.707517760900000070e+01
1.315657657699999916e+01,-3.185879840400000163e+01,-3.093356130400000126e+01,-3.708721196199999781e+01,-3.366282055599999978e+01,-2.898930071399999875e+01
1.317658658699999918e+01,-3.880163186400000086e+01,-3.405407184900000317e+01,-4.096603030899999709e+01,-3.368694732099999811e+01,-2.662964645699999977e+01
1.319659659699999921e+01,-4.531392286599999863e+01,-3.146544265400000029e+01,-3.448405490500000070e+01,-3.076935385999999895e+01,-3.065823858299999927e+01
1.321660660699999923e+01,-4.602294344500000278e+01,-3.971918534200000295e+01,-4.716686775899999873e+01,-3.062792771499999844e+01,-2.996735581400000115e+01
1.323661661699999925e+01,-4.802697084100000069e+01,-3.781833254099999664e+01,-3.989369952199999858e+01,-3.164985470699999937e+01,-3.028509742800000026e+01
1.325662662699999927e+01,-3.827292626999999925e+01,-4.044121873299999947e+01,-3.831468154600000275e+01,-3.404223451299999681e+01,-3.727422099700000047e+01
1.327663663699999930e+01,-3.866298998900000328e+01,-3.036576481599999866e+01,-4.703762859700000121e+01,-3.001768203600000007e+01,-2.873323255400000065e+01
1.329664664699999932e+01,-3.801453793299999973e+01,-3.462224756199999831e+01,-4.686066336599999715e+01,-2.880594783300000117e+01,-3.309790143499999715e+01
1.331665665699999934e+01,-4.135388731700000164e+01,-2.858669460300000154e+01,-3.455387154200000310e+01,-2.707291709000000068e+01,-3.173007778099999854e+01
1.333666666699999936e+01,-3.096875735900000137e+01,-3.305374483399999974e+01,-5.088411465699999781e+01,-3.118751816400000010e+01,-3.314576983100000263e+01
1.335667667699999939e+01,-4.042117323400000117e+01,-3.825070857699999749e+01,-3.725576253799999904e+01,-2.999692724299999824e+01,-3.395637225000000115e+01
1.337668668699999941e+01,-3.502787843499999809e+01,-3.605885080099999840e+01,-5.033581154200000185e+01,-3.354216307299999755e+01,-3.222022864099999850e+01
1.339669669699999943e+01,-2.772624150300000068e+01,-4.347562150699999961e+01,-4.292976154499999808e+01,-2.880582443500000167e+01,-3.308000860100000295e+01
1.341670670699999945e+01,-3.983418517300000161e+01,-3.834380093400000078e+01,-3.848211755599999861e+01,-2.887782955699999832e+01,-3.522076244400000178e+01
1.343671671699999948e+01,-3.610880854100000192e+01,-3.077001408599999976e+01,-6.002571646700000230e+01,-3.136073868700000133e+01,-3.928454459299999968e+01
1.345672672699999950e+01,-4.112758637999999678e+01,-3.953212839799999756e+01,-5.180195902599999869e+01,-2.953016178400000058e+01,-4.535844515200000160e+01
1.347673673699999952e+01,-4.533933868300000114e+01,-3.514720177299999904e+01,-3.573109960400000062e+01,-2.659645927700000101e+01,-4.213657019800000114e+01
1.349674674699999954e+01,-4.197541968600000217e+01,-3.335695248500000076e+01,-4.101045006599999709e+01,-2.745702059599999956e+01,-4.692800249999999807e+01
1.351675675699999957e+01,-4.793324482500000272e+01,-2.780040056600000042e+01,-3.381204590299999779e+01,-2.729912892300000138e+01,-4.500864513100000153e+01
1.353676676699999959e+01,-3.706190244999999805e+01,-3.855858782600000012e+01,-3.653318443199999876e+01,-2.991831632799999952e+01,-4.016132568500000133e+01
1.355677677699999961e+01,-2.989655039999999886e+01,-4.182091754599999689e+01,-3.627272191699999837e+01,-3.026445875199999946e+01,-4.671561962599999873e+01
1.357678678699999963e+01,-3.228920970499999754e+01,-3.917285756700000121e+01,-3.609517630199999871e+01,-3.202520653999999922e+01,-3.520504668299999906e+01
1.359679679699999966e+01,-3.552649093699999838e+01,-3.857285379300000017e+01,-3.974824133500000301e+01,-3.099461498499999834e+01,-3.748096942499999784e+01
1.361680680699999968e+01,-3.710603520299999758e+01,-3.606459711299999782e+01,-4.299465174000000189e+01,-3.378680262999999684e+01,-5.060973255199999699e+01
1.363681681699999970e+01,-3.499589765099999994e+01,-2.897389102700000052e+01,-3.440070302099999822e+01,-3.394437511000000285e+01,-3.378153265099999913e+01
1.365682682699999972e+01,-4.656054978400000266e+01,-3.248860096500000338e+01,-3.681480438700000235e+01,-3.411107562899999834e+01,-3.404138147900000178e+01
1.367683683699999975e+01,-3.493983199600000233e+01,-2.445189760899999953e+01,-3.386516431300000107e+01,-3.214052286599999775e+01,-3.726964134800000039e+01
1.369684684699999977e+01,-3.683828468899999820e+01,-5.517806649500000304e+01,-3.295084520999999711e+01,-3.632497282700000341e+01,-3.653432064599999762e+01
1.371685685699999979e+01,-3.476953011300000185e+01,-3.102025640999999823e+01,-3.085263633599999977e+01,-2.798443310300000064e+01,-3.066273936600000027e+01
1.373686686699999981e+01,-3.310890344399999918e+01,-3.698843744199999861e+01,-3.273385299000000259e+01,-3.447037736600000102e+01,-3.420295813599999946e+01
1.375687687699999984e+01,-3.498684277800000331e+01,-3.845059692099999893e+01,-3.048284923599999985e+01,-3.035958756300000161e+01,-3.146914307200000138e+01
1.377688688699999986e+01,-3.424629076200000100e+01,-3.808206818099999680e+01,-3.026931456499999840e+01,-3.768669286400000118e+01,-3.372265495300000282e+01
1.379689689699999988e+01,-4.143876854799999876e+01,-3.418242732000000217e+01,-3.183371201900000003e+01,-3.364186248899999754e+01,-3.132592415799999941e+01
1.381690690699999990e+01,-3.696362820499999913e+01,-3.441351728299999735e+01,-3.471268085599999864e+01,-3.214683741599999678e+01,-2.808910015600000065e+01
1.383691691699999993e+01,-5.203995688399999864e+01,-2.864375058899999971e+01,-2.873747414300000003e+01,-3.888845107099999865e+01,-3.630707250700000088e+01
1.385692692699999995e+01,-4.146123762799999923e+01,-3.703389442699999989e+01,-2.926615245800000054e+01,-3.616805071299999952e+01,-2.844166526500000103e+01
1.387693693699999997e+01,-3.692091912299999734e+01,-2.844914553299999938e+01,-3.487613551100000109e+01,-3.645930086500000300e+01,-3.223554844099999883e+01
1.389694694699999999e+01,-3.402728593599999840e+01,-3.056072061200000078e+01,-2.867555596600000101e+01,-3.301249690299999884e+01,-3.233687186400000257e+01
1.391695695700000002e+01,-3.283164437899999655e+01,-3.511986118600000140e+01,-3.019320728799999998e+01,-3.175726598700000025e+01,-3.052585330300000166e+01
1.393696696700000004e+01,-3.491234845400000353e+01,-2.944272677700000074e+01,-3.524150704099999842e+01,-3.667487445900000154e+01,-2.776649353699999878e+01
1.395697697700000006e+01,-4.327246814400000119e+01,-3.334268196400000051e+01,-3.079459109800000149e+01,-3.240605070499999840e+01,-2.521638619899999867e+01
1.397698698700000008e+01,-2.712176478099999954e+01,-3.877280098899999672e+01,-2.875726289600000030e+01,-3.383883719600000006e+01,-3.294176888599999842e+01
1.399699699700000011e+01,-3.367136866700000297e+01,-3.740348157199999690e+01,-3.209486760499999747e+01,-3.465009717800000288e+01,-2.901658685800000015e+01
1.401700700700000013e+01,-3.226732154300000133e+01,-2.919944080000000142e+01,-3.560737964599999827e+01,-3.252278706399999919e+01,-2.880388109400000118e+01
1.403701701700000015e+01,-4.162656480999999786e+01,-3.562914220900000117e+01,-3.580442722099999742e+01,-3.171843018499999900e+01,-2.893498672999999854e+01
1.405702702700000017e+01,-3.585326699600000211e+01,-3.112547692100000063e+01,-3.506399605600000058e+01,-3.487663268899999736e+01,-2.852147075899999962e+01
1.407703703700000020e+01,-3.179011981800000086e+01,-3.880625257399999839e+01,-4.428438431800000075e+01,-3.062107254800000078e+01,-2.992008761199999967e+01
1.409704704700000022e+01,-3.185648456799999906e+01,-4.058743725000000069e+01,-5.501844922699999785e+01,-3.180000797900000009e+01,-2.639691461399999994e+01
1.411705705700000024e+01,-3.114121456299999835e+01,-2.926943868800000104e+01,-4.032018975999999810e+01,-3.124760000899999923e+01,-3.359195626399999668e+01
1.413706706700000026e+01,-2.793036946100000151e+01,-3.376325228999999695e+01,-3.606612827200000027e+01,-3.564227056200000021e+01,-3.238769105299999751e+01
1.415707707700000029e+01,-2.666972039899999913e+01,-2.972187431700000104e+01,-3.874281368599999809e+01,-3.397616446899999687e+01,-3.248882951000000219e+01
1.417708708700000031e+01,-2.838180129399999885e+01,-3.277721215399999721e+01,-3.424531729299999938e+01,-3.790041751700000106e+01,-4.696004213100000158e+01
1.419709709700000033e+01,-2.953636543000000003e+01,-3.026380442199999976e+01,-3.798661982699999839e+01,-3.941038615400000111e+01,-3.289425510299999900e+01
1.421710710700000035e+01,-4.665003736999999973e+01,-2.702838465900000031e+01,-3.635788689099999971e+01,-4.005044791699999962e+01,-3.502431811200000311e+01
1.423711711700000038e+01,-3.212409971999999669e+01,-3.363883741200000088e+01,-3.417455772099999933e+01,-4.116846912100000111e+01,-3.980918642599999657e+01
1.425712712700000040e+01,-3.240068804700000271e+01,-3.104223874499999880e+01,-3.617694424999999825e+01,-3.754089059900000080e+01,-4.714536483100000197e+01
1.427713713700000042e+01,-3.184841698700000023e+01,-3.993292316400000175e+01,-3.222408883399999979e+01,-4.170470777599999934e+01,-4.282607028500000013e+01
1.429714714700000044e+01,-3.602191240599999844e+01,-3.317369720100000308e+01,-3.611561136600000310e+01,-4.065644695700000000e+01,-4.214219923999999651e+01
1.431715715700000047e+01,-3.714713864299999813e+01,-4.730990467200000182e+01,-3.639233611099999877e+01,-3.377293792199999700e+01,-4.793648512000000039e+01
1.433716716700000049e+01,-3.689648977800000296e+01,-3.635881972699999665e+01,-2.998328856799999897e+01,-3.883476423700000169e+01,-4.167167766099999682e+01
1.435717717700000051e+01,-3.672882287299999859e+01,-3.653385124999999789e+01,-3.703563707600000043e+01,-4.313754409599999917e+01,-4.271848809299999772e+01
1.437718718700000053e+01,-3.367541306799999745e+01,-3.445884833200000230e+01,-3.726428850199999943e+01,-3.789989789399999864e+01,-3.666229540999999870e+01
1.439719719700000056e+01,-4.352636308400000331e+01,-3.937947078599999884e+01,-3.213674393699999854e+01,-4.025250678500000134e+01,-3.412309371399999947e+01
1.441720720700000058e+01,-3.927134929599999680e+01,-4.207321200100000169e+01,-2.956879000600000040e+01,-3.730717456499999685e+01,-3.561937901600000345e+01
1.443721721700000060e+01,-4.285569160899999730e+01,-4.228992210599999879e+01,-3.154031766399999981e+01,-4.506040026699999856e+01,-3.732201952199999795e+01
1.445722722700000062e+01,-4.128204370499999953e+01,-3.956796870800000221e+01,-2.955684369800000155e+01,-4.777047263899999763e+01,-3.292924845400000322e+01
1.447723723700000065e+01,-2.866345962000000114e+01,-3.517281721599999855e+01,-3.354173505100000341e+01,-5.012394514300000026e+01,-3.282904338600000216e+01
1.449724724700000067e+01,-3.492162887100000290e+01,-4.737204871299999809e+01,-3.426622837499999719e+01,-4.417692156700000083e+01,-3.117909260700000118e+01
1.451725725700000069e+01,-3.178794351199999824e+01,-2.798074937299999831e+01,-3.989817586699999907e+01,-3.922615084299999921e+01,-3.553630321800000047e+01
1.453726726700000071e+01,-3.410215292400000209e+01,-3.561079838399999886e+01,-3.490619286599999782e+01,-3.887149866499999717e+01,-4.289948151400000143e+01
1.455727727700000074e+01,-4.386785874200000279e+01,-4.101051134699999778e+01,-3.342593310699999876e+01,-4.381672021800000039e+01,-3.782580732400000301e+01
1.457728728700000076e+01,-3.524211703499999970e+01,-3.662358947599999937e+01,-3.154295983600000142e+01,-3.747784507000000076e+01,-2.984302540899999912e+01
1.459729729700000078e+01,-4.329306690100000310e+01,-4.110246322999999791e+01,-3.582771606699999722e+01,-5.528902461900000276e+01,-4.720123393699999781e+01
1.461730730700000080e+01,-3.720333859600000181e+01,-3.600020725699999957e+01,-3.034664799500000143e+01,-3.935951267699999789e+01,-3.623122851600000160e+01
1.463731731700000083e+01,-4.389917174600000038e+01,-3.440089292100000051e+01,-3.096926590600000040e+01,-5.055767344200000224e+01,-3.932368362900000136e+01
1.465732732700000085e+01,-3.179606286699999984e+01,-5.167786793100000153e+01,-3.393996233600000068e+01,-4.145626488599999959e+01,-3.545188079100000067e+01
1.467733733700000087e+01,-3.718917449199999936e+01,-3.610711185099999909e+01,-3.215695062199999654e+01,-3.835910489199999773e+01,-3.627798565799999864e+01
1.469734734699999912e+01,-2.862472551800000176e+01,-3.919739284900000342e+01,-2.696103166099999981e+01,-3.798757032500000008e+01,-3.861189336399999661e+01
1.471735735699999914e+01,-4.168733836999999909e+01,-3.342583119500000066e+01,-2.862020233100000155e+01,-4.521608989599999973e+01,-3.138509646700000033e+01
1.473736736699999916e+01,-3.682262468700000113e+01,-3.554056116099999940e+01,-2.817064930200000106e+01,-4.184954943299999996e+01,-2.982403967600000172e+01
1.475737737699999919e+01,-4.035920700100000147e+01,-3.664180573600000201e+01,-3.084343996799999843e+01,-3.914812572099999954e+01,-3.673254849300000302e+01
1.477738738699999921e+01,-2.730499950200000114e+01,-4.474213783799999788e+01,-2.759591543799999869e+01,-4.785680943999999926e+01,-3.358234999599999782e+01
1.479739739699999923e+01,-3.813405107599999866e+01,-3.151097990899999957e+01,-2.630195413899999934e+01,-3.826711880999999948e+01,-3.784063138100000145e+01
1.481740740699999925e+01,-3.579604458299999692e+01,-4.517027489299999843e+01,-3.044059585200000129e+01,-4.451536937099999847e+01,-4.248953553300000152e+01
1.483741741699999928e+01,-3.388227718099999919e+01,-3.213909966500000337e+01,-2.825572006699999861e+01,-4.270961349600000290e+01,-2.848734914399999951e+01
1.485742742699999930e+01,-3.355899423200000342e+01,-4.181925423700000266e+01,-2.666752837599999992e+01,-3.688923150299999776e+01,-3.318517765699999700e+01
1.487743743699999932e+01,-3.133994520399999928e+01,-2.814089309099999880e+01,-2.576606025999999972e+01,-3.287397393799999890e+01,-3.459695590799999820e+01
1.489744744699999934e+01,-3.507965702900000338e+01,-3.491263107200000348e+01,-2.448825305700000143e+01,-6.586246767500000487e+01,-2.842447334099999878e+01
1.491745745699999937e+01,-3.682930029100000269e+01,-3.643222796700000288e+01,-2.703899488100000070e+01,-3.924075290199999699e+01,-2.716474900900000122e+01
1.493746746699999939e+01,-4.232043107199999810e+01,-2.888972062899999926e+01,-3.091816729299999977e+01,-4.860016748299999989e+01,-2.647723918200000170e+01
1.495747747699999941e+01,-3.675141966999999710e+01,-3.014173530200000073e+01,-2.609132931599999949e+01,-4.471403918299999702e+01,-2.487314148000000102e+01
1.497748748699999943e+01,-3.049584631900000176e+01,-3.760760693099999941e+01,-2.904170858199999827e+01,-4.347449084499999827e+01,-2.827755379499999933e+01
1.499749749699999946e+01,-2.459691102300000054e+01,-2.868148144499999930e+01,-3.101729956599999838e+01,-5.233450849999999832e+01,-2.874854787499999986e+01
1.501750750799999956e+01,-4.443522615700000244e+01,-2.923317154800000139e+01,-2.577371143999999958e+01,-4.935219014799999826e+01,-2.991232640100000140e+01
1.503751751799999958e+01,-1.840008939000000154e+01,-2.986173008900000170e+01,-3.096120178600000017e+01,-4.755670698600000179e+01,-2.930017809299999954e+01
1.505752752799999961e+01,-3.741281968100000199e+01,-5.824181471299999657e+01,-2.631118523199999970e+01,-3.314995572200000140e+01,-2.641352210399999834e+01
1.507753753799999963e+01,-2.760559297000000001e+01,-3.874006495799999783e+01,-2.468276943700000103e+01,-3.998086441299999905e+01,-2.803656087799999952e+01
1.509754754799999965e+01,-2.892896050199999891e+01,-3.801356589600000291e+01,-2.743240661000000102e+01,-3.780794431199999650e+01,-2.625690132800000143e+01
1.511755755799999967e+01,-2.737572884800000139e+01,-4.299871775799999796e+01,-2.692306267300000044e+01,-3.866387005800000054e+01,-2.917922933599999880e+01
1.513756756799999970e+01,-3.488935378299999712e+01,-3.726529551400000173e+01,-3.022835168399999972e+01,-3.654707884100000115e+01,-2.965436272699999876e+01
1.515757757799999972e+01,-3.770789786800000343e+01,-3.578496830699999975e+01,-2.943460817000000063e+01,-3.412098813800000130e+01,-2.948742384599999866e+01
1.517758758799999974e+01,-4.429297428499999967e+01,-1.737084655800000021e+01,-3.478672979499999940e+01,-2.833298137799999949e+01,-2.758827151999999927e+01
1.519759759799999976e+01,-3.465477854000000235e+01,-2.892352065700000097e+01,-2.689115415799999909e+01,-4.531669546900000256e+01,-2.272333576799999832e+01
1.521760760799999979e+01,-3.629496688500000090e+01,-2.737640254400000117e+01,-2.759138466299999948e+01,-4.361072642700000301e+01,-2.934350114200000093e+01
1.523761761799999981e+01,-4.870398543400000335e+01,-4.054883202700000311e+01,-2.892503484099999866e+01,-4.069297443500000355e+01,-2.726966352399999849e+01
1.525762762799999983e+01,-3.391896103199999857e+01,-3.192419873700000110e+01,-3.324184819599999940e+01,-3.746474403799999919e+01,-3.229796183300000223e+01
1.527763763799999985e+01,-5.959186049600000246e+01,-3.864066179999999662e+01,-3.154865477599999934e+01,-3.257272956199999925e+01,-3.312386912800000260e+01
1.529764764799999988e+01,-4.921805966899999873e+01,-3.305540260000000075e+01,-2.959248038799999847e+01,-3.634491919799999948e+01,-3.085337078899999952e+01
1.531765765799999990e+01,-3.888755707899999692e+01,-3.682008484100000345e+01,-2.979375211099999987e+01,-4.285261402900000149e+01,-2.128976315099999894e+01
1.533766766799999992e+01,-4.655363016799999798e+01,-3.368363749899999959e+01,-2.846595614800000007e+01,-3.833337592600000221e+01,-3.389577871600000236e+01
1.535767767799999994e+01,-5.306439122100000105e+01,-2.757397714600000072e+01,-2.816165699900000163e+01,-3.833781985299999917e+01,-3.009333689199999995e+01
1.537768768799999997e+01,-5.095977181199999961e+01,-3.067812638299999861e+01,-3.489813629300000031e+01,-3.616954016399999716e+01,-3.552432439100000039e+01
1.539769769799999999e+01,-2.344104323699999881e+01,-4.160899462100000079e+01,-2.998021218099999885e+01,-4.726058876300000122e+01,-3.029435184700000150e+01
1.541770770800000001e+01,-3.765039538799999974e+01,-3.795624274699999745e+01,-3.017073586800000129e+01,-4.206856535699999711e+01,-2.645923924799999938e+01
1.543771771800000003e+01,-3.128580812099999875e+01,-2.457894954300000023e+01,-3.275026857799999647e+01,-5.781399750399999959e+01,-2.417073682899999909e+01
1.545772772800000006e+01,-3.727007369999999753e+01,-2.942293177399999848e+01,-3.448761403099999967e+01,-4.282196843900000260e+01,-2.845316308499999991e+01
1.547773773800000008e+01,-4.850419495300000250e+01,-3.764906381099999777e+01,-3.433665040399999668e+01,-3.884401126099999857e+01,-2.446521851199999986e+01
1.549774774800000010e+01,-3.950424386800000320e+01,-3.294030147099999795e+01,-2.678196259799999979e+01,-4.377738501599999665e+01,-2.922947401100000064e+01
1.551775775800000012e+01,-3.910727132400000272e+01,-3.775037302500000180e+01,-3.296083392900000320e+01,-3.493262872399999708e+01,-2.508380772199999953e+01
1.553776776800000015e+01,-3.102714866899999890e+01,-2.633596290599999890e+01,-3.384455439999999982e+01,-4.297770582500000103e+01,-2.648105236500000004e+01
1.555777777800000017e+01,-3.236906131300000311e+01,-2.951187686999999826e+01,-3.227153999099999737e+01,-4.991817936300000014e+01,-2.634219053300000013e+01
1.557778778800000019e+01,-4.644365156100000291e+01,-3.160622652300000013e+01,-3.496175425399999881e+01,-4.366804282199999676e+01,-2.616677977699999857e+01
1.559779779800000021e+01,-3.970793893999999824e+01,-4.373492686600000212e+01,-3.390107648099999693e+01,-3.533889912400000100e+01,-3.712613651099999856e+01
1.561780780800000024e+01,-3.690792893399999741e+01,-3.757469057099999787e+01,-4.057139187599999985e+01,-3.766560835199999957e+01,-3.278100589299999967e+01
1.563781781800000026e+01,-2.804861843999999849e+01,-4.158429707799999875e+01,-3.738904653899999886e+01,-3.219088356500000003e+01,-2.010037244700000159e+01
1.565782782800000028e+01,-3.299921524100000170e+01,-3.319537476899999717e+01,-4.009454964799999743e+01,-3.435672990199999788e+01,-2.668287271899999880e+01
1.567783783800000030e+01,-3.107130781100000050e+01,-3.288212501000000287e+01,-3.561619104999999763e+01,-3.792680455499999681e+01,-2.946611365500000090e+01
1.569784784800000033e+01,-2.748454126900000105e+01,-2.848885061000000007e+01,-3.126050863400000068e+01,-3.843236615800000067e+01,-1.953651915400000050e+01
1.571785785800000035e+01,-3.529092706000000135e+01,-3.371147853600000133e+01,-3.756809043300000184e+01,-3.857904499400000020e+01,-3.033788739799999945e+01
1.573786786800000037e+01,-3.372034330999999696e+01,-2.616459159700000114e+01,-3.013432636199999948e+01,-3.645034709899999825e+01,-3.142847091599999843e+01
1.575787787800000039e+01,-4.187823390700000203e+01,-2.992743409699999901e+01,-3.192025363300000151e+01,-3.311751282299999843e+01,-3.208013557299999974e+01
1.577788788800000042e+01,-3.420589418899999856e+01,-3.455436195099999708e+01,-2.978196397099999970e+01,-4.178333719900000176e+01,-3.082747825499999905e+01
1.579789789800000044e+01,-2.775686488099999849e+01,-2.398744961099999884e+01,-2.683709122500000177e+01,-3.045019335900000002e+01,-2.360477825099999905e+01
1.581790790800000046e+01,-4.486546621600000151e+01,-2.745675311000000107e+01,-3.386373166700000326e+01,-2.591705097999999907e+01,-2.498239427600000084e+01
1.583791791800000048e+01,-4.128461787599999866e+01,-2.397244334999999893e+01,-3.168698755799999844e+01,-3.202704579200000268e+01,-2.779624971000000144e+01
1.585792792800000051e+01,-2.645785976199999823e+01,-3.078123963499999860e+01,-2.662513976299999996e+01,-3.932393674600000111e+01,-2.650011910099999923e+01
1.587793793800000053e+01,-3.887483437099999861e+01,-2.758629394400000123e+01,-3.248669778899999727e+01,-3.350387515900000324e+01,-2.842082599100000095e+01
1.589794794800000055e+01,-3.708988058399999943e+01,-4.325721848599999930e+01,-3.387660190100000079e+01,-3.318734194700000018e+01,-3.227302659299999732e+01
1.591795795800000057e+01,-3.211636917100000232e+01,-2.845792913400000046e+01,-2.454713951400000127e+01,-3.777055475000000229e+01,-2.502295447899999914e+01
1.593796796800000060e+01,-3.260670357400000086e+01,-3.760092799600000291e+01,-2.701432629800000029e+01,-3.564804120400000187e+01,-2.271082158200000123e+01
1.595797797800000062e+01,-3.229830887199999978e+01,-3.386662487099999908e+01,-2.708940097099999988e+01,-3.401358399000000077e+01,-2.646199376099999867e+01
1.597798798800000064e+01,-3.765116149699999681e+01,-2.616022212000000025e+01,-2.854751360199999866e+01,-3.775526855399999704e+01,-2.990836914899999854e+01
1.599799799800000066e+01,-3.275050708900000274e+01,-2.910363566499999877e+01,-2.724776615800000101e+01,-3.466541902499999850e+01,-2.892588057600000084e+01
1.601800800799999891e+01,-2.727094269899999901e+01,-2.862500531499999923e+01,-2.809239456999999973e+01,-3.025717292199999875e+01,-2.846357999700000008e+01
1.603801801799999893e+01,-3.577503052499999825e+01,-2.681149448400000068e+01,-2.709800264100000078e+01,-2.543736169199999964e+01,-2.754387985700000030e+01
1.605802802799999895e+01,-3.685426085600000334e+01,-4.612564920300000182e+01,-2.961774918500000098e+01,-3.432594135400000113e+01,-2.477668504800000093e+01
1.607803803799999898e+01,-2.872921735799999965e+01,-3.590504030299999982e+01,-2.921449293799999936e+01,-2.800834454299999976e+01,-2.919426649400000073e+01
1.609804804799999900e+01,-3.481830441200000337e+01,-2.667351108500000123e+01,-3.142135684799999851e+01,-2.811558973300000019e+01,-2.690379095799999831e+01
1.611805805799999902e+01,-3.132684364600000038e+01,-2.837290871600000131e+01,-3.090800153500000036e+01,-3.024065376900000146e+01,-2.940914302199999852e+01
1.613806806799999904e+01,-2.772185751099999962e+01,-3.738390498199999712e+01,-2.964622585300000068e+01,-3.401064384600000068e+01,-3.260609195400000004e+01
1.615807807799999907e+01,-2.681114688199999918e+01,-3.294420802399999815e+01,-3.694392051100000174e+01,-3.291339492200000194e+01,-3.233367247399999655e+01
1.617808808799999909e+01,-3.106569497399999946e+01,-4.342223047499999922e+01,-2.992760206100000175e+01,-5.050542775400000295e+01,-2.880316117599999970e+01
1.619809809799999911e+01,-2.271347022100000146e+01,-3.759430121799999824e+01,-3.184662502500000159e+01,-3.746477810199999681e+01,-3.579333853699999679e+01
1.621810810799999913e+01,-2.412488236300000111e+01,-4.468994701999999819e+01,-2.962725194300000098e+01,-3.455889771900000085e+01,-2.746291656400000036e+01
1.623811811799999916e+01,-3.287116702699999848e+01,-3.736234136299999875e+01,-3.058286306600000160e+01,-2.862354675799999981e+01,-2.876736100800000173e+01
1.625812812799999918e+01,-3.415549468100000041e+01,-2.652654700100000085e+01,-2.674441515799999891e+01,-3.548610019000000193e+01,-2.523856665099999930e+01
1.627813813799999920e+01,-3.611557370399999911e+01,-5.399728950400000116e+01,-2.977957200999999898e+01,-3.672742791499999981e+01,-3.118639870499999844e+01
1.629814814799999922e+01,-3.361548799500000229e+01,-3.335958729800000100e+01,-2.666035643100000030e+01,-3.760282565299999646e+01,-2.432593346499999853e+01
1.631815815799999925e+01,-3.812974843199999953e+01,-3.069162511300000062e+01,-2.418085429599999969e+01,-4.088331323900000314e+01,-2.115083384700000124e+01
1.633816816799999927e+01,-2.900591147100000100e+01,-4.450638009600000089e+01,-3.094431087299999916e+01,-4.163085272499999689e+01,-3.021915352699999957e+01
1.635817817799999929e+01,-3.174106184000000042e+01,-2.265880891400000152e+01,-3.018264062400000114e+01,-3.249284890399999881e+01,-2.882756773799999905e+01
1.637818818799999931e+01,-1.302082486700000041e+00,-2.097569238399999847e+01,-2.563466954700000144e+01,-2.320648982100000168e+01,-2.999038973400000074e+01
1.639819819799999934e+01,-3.985936271399999953e+01,-3.771460599499999944e+01,-2.721587112199999936e+01,-3.054632207899999941e+01,-2.808736261499999998e+01
1.641820820799999936e+01,-3.398132738599999669e+01,-1.031618025600000088e+01,-1.936033229799999944e+01,-1.806670351600000046e+01,-2.751907939699999872e+01
1.643821821799999938e+01,-2.931982873600000161e+01,-2.989874160900000177e+01,-3.120846767100000108e+01,-3.211537414400000046e+01,-2.477179095600000025e+01
1.645822822799999940e+01,-1.914875660299999893e+01,-3.217994110200000080e+01,-3.596692133599999863e+01,-3.171111740299999937e+01,-2.932503309000000158e+01
1.647823823799999943e+01,-3.774472572799999881e+01,-3.002691262700000152e+01,-3.023185634800000088e+01,-3.942559063699999911e+01,-4.754285561799999726e+01
1.649824824799999945e+01,-3.648855862799999983e+01,-3.170130639299999942e+01,-3.528392907500000319e+01,-3.363532678299999645e+01,-3.319392584999999940e+01
1.651825825799999947e+01,-2.762336526200000009e+01,-2.938394940999999960e+01,-3.186889470999999929e+01,-3.295604650300000316e+01,-3.499239466200000237e+01
1.653826826799999949e+01,-3.829297299499999951e+01,-2.889180926999999954e+01,-2.757802531000000101e+01,-3.204026264699999871e+01,-2.344663290900000163e+01
1.655827827799999952e+01,-3.340456994099999832e+01,-2.357767269400000032e+01,-3.075714509100000171e+01,-3.647685594699999712e+01,-3.399070354700000252e+01
1.657828828799999954e+01,-3.120245023200000034e+01,-3.175700227200000114e+01,-3.227518094100000212e+01,-3.542339469099999860e+01,-3.033260582600000177e+01
1.659829829799999956e+01,-2.057921954300000067e+01,-4.075015432000000004e+01,-3.757593107800000354e+01,-3.846812437599999868e+01,-2.877510166100000077e+01
1.661830830799999958e+01,-4.018717185799999925e+01,-2.806681124800000049e+01,-3.056107266300000092e+01,-3.245804642699999931e+01,-2.996812171599999886e+01
1.663831831799999961e+01,-3.374565916600000293e+01,-3.749379550599999789e+01,-2.805618686900000114e+01,-2.888616946100000149e+01,-3.127447629199999923e+01
1.665832832799999963e+01,-2.885757158599999883e+01,-3.199523803299999969e+01,-3.354429406799999924e+01,-2.915470986700000111e+01,-2.918117006099999955e+01
1.667833833799999965e+01,-3.921483534000000049e+01,-4.289105624900000180e+01,-2.706914460200000150e+01,-3.871722519499999748e+01,-2.997526340199999950e+01
1.669834834799999967e+01,-3.498291446599999688e+01,-3.941918529899999868e+01,-2.861361987100000093e+01,-3.822492638699999645e+01,-2.758114758700000024e+01
1.671835835799999970e+01,-3.443762932799999987e+01,-4.140602205500000110e+01,-2.997052252199999955e+01,-2.885277065000000007e+01,-2.998995127199999899e+01
1.673836836799999972e+01,-3.121113660900000042e+01,-5.130049772999999647e+01,-3.255136408799999970e+01,-2.929510335000000154e+01,-2.592454500699999898e+01
1.675837837799999974e+01,-2.808818504799999971e+01,-3.410347440400000352e+01,-3.429535187399999785e+01,-3.558953723199999786e+01,-3.064786688799999936e+01
1.677838838799999976e+01,-4.089214591799999710e+01,-4.033523686600000246e+01,-4.235303835300000230e+01,-3.441596329200000071e+01,-2.480716860800000134e+01
1.679839839799999979e+01,-4.101935738800000308e+01,-2.948598602799999924e+01,-2.970379625300000015e+01,-3.119461345499999894e+01,-3.156115537299999829e+01
1.681840840799999981e+01,-3.243149493199999966e+01,-3.807109155799999911e+01,-3.150006076200000038e+01,-3.389214305600000188e+01,-2.770790255200000018e+01
1.683841841799999983e+01,-2.626378413000000123e+01,-3.354784738299999702e+01,-3.109670191000000017e+01,-3.200752191099999777e+01,-2.589678756600000042e+01
1.685842842799999985e+01,-3.114999126700000076e+01,-3.452816241400000052e+01,-4.008536203100000250e+01,-2.886461851099999976e+01,-2.204886070799999942e+01
1.687843843799999988e+01,-2.601257712299999980e+01,-4.505979994999999860e+01,-3.464372631100000177e+01,-2.791134926899999869e+01,-2.304656620000000089e+01
1.689844844799999990e+01,-3.018437409899999935e+01,-4.868285645200000289e+01,-2.869751191399999968e+01,-3.675729655399999984e+01,-2.652141453000000126e+01
1.691845845799999992e+01,-2.781910692299999965e+01,-4.312083253200000144e+01,-2.829191384700000000e+01,-3.267522754000000162e+01,-2.930441729200000012e+01
1.693846846799999994e+01,-3.077448325299999965e+01,-5.111893223799999930e+01,-3.066804035799999895e+01,-3.024737340100000083e+01,-2.937219496799999874e+01
1.695847847799999997e+01,-2.407394608999999974e+01,-5.391421934200000265e+01,-3.429445059599999723e+01,-2.838031996799999845e+01,-1.388148326299999979e+01
1.697848848799999999e+01,-2.218103164600000099e+01,-2.234883904200000160e+01,-2.833459219299999887e+01,-3.066014362399999982e+01,-3.005414233799999835e+01
1.699849849800000001e+01,-3.288850925700000261e+01,-3.020934159200000124e+01,-2.625283437699999922e+01,-3.552429528599999742e+01,-3.243679428400000120e+01
1.701850850900000012e+01,-2.389272467900000052e+01,-4.684214677899999657e+01,-2.872239222099999978e+01,-2.935430613000000122e+01,-2.671852364600000129e+01
1.703851851900000014e+01,-2.467732093500000090e+01,-2.636879839499999889e+01,-2.574324130800000177e+01,-3.125783713399999897e+01,-2.739094820200000058e+01
1.705852852900000016e+01,-5.885553547199999969e+01,-3.146001644600000091e+01,-2.553749404299999881e+01,-4.025578921200000337e+01,-2.328811233700000116e+01
1.707853853900000018e+01,-4.791715337699999822e+01,-2.950743837699999972e+01,-3.135186436400000076e+01,-3.636571288300000049e+01,-2.838278609099999983e+01
1.709854854900000021e+01,-3.320293846799999926e+01,-3.957158155300000146e+01,-3.059688351599999834e+01,-2.632929688300000137e+01,-3.521610970399999729e+01
1.711855855900000023e+01,-3.657219944300000236e+01,-4.246775760300000258e+01,-2.733714508799999976e+01,-3.336162025499999828e+01,-2.477563901799999968e+01
1.713856856900000025e+01,-4.317147543000000098e+01,-5.137651511300000351e+01,-3.415849203599999839e+01,-3.505896965899999884e+01,-2.801955389500000138e+01
1.715857857900000027e+01,-3.039147933099999932e+01,-3.721051418500000096e+01,-2.142220752800000128e+01,-2.097829954499999872e+01,-2.840990512899999842e+01
1.717858858900000030e+01,-3.420099513400000291e+01,-5.039759773200000126e+01,-2.630601782999999827e+01,-3.583793675300000103e+01,-2.037676397699999953e+01
1.719859859900000032e+01,-4.809254947600000207e+01,-3.222272578199999771e+01,-3.139479941999999824e+01,-3.127301620400000104e+01,-2.543533516400000138e+01
1.721860860900000034e+01,-3.289443097200000210e+01,-3.001914930599999920e+01,-2.827000116700000021e+01,-3.870569757300000191e+01,-3.258317690100000164e+01
1.723861861900000036e+01,-3.538192720499999666e+01,-3.958748179999999905e+01,-2.682066052400000089e+01,-3.636587468300000126e+01,-2.667984757299999998e+01
1.725862862900000039e+01,-3.152793467100000058e+01,-3.710291869000000275e+01,-2.508446749200000170e+01,-3.388432861500000115e+01,-3.561791941100000258e+01
1.727863863900000041e+01,-3.369158576800000304e+01,-3.885962001899999763e+01,-2.208002592400000097e+01,-2.888136614600000129e+01,-2.287855735100000132e+01
1.729864864900000043e+01,-3.238651322599999816e+01,-3.227433782800000017e+01,-2.372941763000000037e+01,-4.145095077599999911e+01,-2.383765906500000042e+01
1.731865865900000045e+01,-3.258858809699999881e+01,-3.847929989499999692e+01,-2.254775455800000117e+01,-3.142327497500000177e+01,-1.396145182899999959e+01
1.733866866900000048e+01,-3.441979262899999981e+01,-3.069246082900000161e+01,-2.659875419200000124e+01,-4.228510924599999754e+01,-2.972809021899999848e+01
1.735867867900000050e+01,-4.049171961399999731e+01,-3.916003924000000325e+01,-2.574194909199999870e+01,-4.188450157100000126e+01,-3.331453760000000131e+01
1.737868868900000052e+01,-3.929907873100000160e+01,-3.130841191800000090e+01,-2.606936959200000103e+01,-4.147738627100000031e+01,-3.910820604999999972e+01
1.739869869900000054e+01,-2.957078964100000107e+01,-3.459174496199999993e+01,-2.380844375599999907e+01,-3.081014761599999829e+01,-3.296808671800000212e+01
1.741870870900000057e+01,-3.570175158400000015e+01,-2.719718531699999886e+01,-2.779790536399999823e+01,-3.862043828400000223e+01,-2.632522742400000126e+01
1.743871871900000059e+01,-3.934875116599999956e+01,-2.689526729700000018e+01,-3.182064186799999916e+01,-3.173877756099999914e+01,-3.769122902499999839e+01
1.745872872900000061e+01,-4.302887662399999869e+01,-3.619239343999999647e+01,-3.311205497899999983e+01,-3.871692732999999720e+01,-3.517081392899999770e+01
1.747873873900000063e+01,-3.422958905400000162e+01,-3.009260882199999898e+01,-3.397763086700000201e+01,-3.520223589700000133e+01,-2.677512317600000102e+01
1.749874874900000066e+01,-3.331524685299999788e+01,-2.346925404599999965e+01,-2.023815697999999941e+01,-4.437457701299999968e+01,-2.984891204199999848e+01
1.751875875900000068e+01,-3.459149986700000312e+01,-2.459493563599999888e+01,-2.907716759699999898e+01,-3.446060687100000308e+01,-3.397522348999999764e+01
1.753876876900000070e+01,-3.442699303799999910e+01,-5.127030662300000330e+01,-3.011527701700000037e+01,-3.075557636599999967e+01,-2.059944224199999852e+01
1.755877877900000072e+01,-3.736802207299999878e+01,-3.729746041399999967e+01,-3.357391392800000318e+01,-3.362786939299999744e+01,-3.182364065000000153e+01
1.757878878900000075e+01,-4.454917809199999823e+01,-3.112768279300000174e+01,-2.872706501700000103e+01,-1.998859092600000054e+01,-5.532619411200000314e+01
1.759879879900000077e+01,-3.563055648099999928e+01,-3.979259498100000059e+01,-2.910523343999999923e+01,-2.316857021099999869e+01,-3.001220643699999968e+01
1.761880880900000079e+01,-2.031617538000000067e+01,-3.494634309700000330e+01,-3.327320426099999651e+01,-3.110816153000000028e+01,-3.056168351000000172e+01
1.763881881900000081e+01,-5.761702365099999668e+01,-3.059183487900000031e+01,-2.724715916099999902e+01,-3.225978221500000132e+01,-4.474054141900000303e+01
1.765882882900000084e+01,-4.055888188400000161e+01,-2.895629950400000041e+01,-2.386668197299999861e+01,-2.924398048200000133e+01,-4.040058798500000137e+01
1.767883883900000086e+01,-3.210253093699999738e+01,-3.980511046099999817e+01,-2.491651010100000008e+01,-2.761904936299999846e+01,-3.710728365500000336e+01
1.769884884900000088e+01,-3.429107710899999972e+01,-3.801256679200000121e+01,-2.939543503200000174e+01,-2.591272534599999844e+01,-3.343767285799999911e+01
1.771885885900000090e+01,-4.212955621799999761e+01,-3.233127612700000242e+01,-3.459802282399999740e+01,-2.695665584500000023e+01,-3.800007597900000178e+01
1.773886886900000093e+01,-4.708805415100000147e+01,-3.873545412499999685e+01,-3.103840077299999933e+01,-3.250470919899999700e+01,-3.915441272399999662e+01
1.775887887900000095e+01,-4.366518385300000205e+01,-3.661183911100000188e+01,-3.438708792799999969e+01,-2.734858006600000024e+01,-5.270938876200000323e+01
1.777888888900000097e+01,-3.218562514300000288e+01,-4.166007648699999777e+01,-3.285633870200000217e+01,-3.289701384699999664e+01,-3.838356087799999727e+01
1.779889889900000099e+01,-3.484030108500000011e+01,-4.790442488699999757e+01,-2.995479818400000127e+01,-3.240002346299999658e+01,-1.734564235199999871e+01
1.781890890900000102e+01,-4.554374838700000083e+01,-4.728109916100000021e+01,-2.787853404999999896e+01,-2.984852592300000040e+01,-3.401274866499999661e+01
1.783891891900000104e+01,-3.644135785600000332e+01,-3.353553469599999914e+01,-3.165380143699999849e+01,-2.914368510199999918e+01,-3.539222420699999816e+01
1.785892892900000106e+01,-3.988820539099999962e+01,-4.075923057899999691e+01,-3.342028768699999830e+01,-2.389401716700000122e+01,-2.951866580900000159e+01
1.787893893900000108e+01,-4.924597729300000282e+01,-4.169912034699999737e+01,-3.431146116499999721e+01,-3.681457070100000095e+01,-4.172820850800000159e+01
1.789894894900000111e+01,-2.343233173100000144e+01,-3.403281305099999798e+01,-3.499292305000000169e+01,-2.776749963700000023e+01,-3.445094149799999883e+01
1.791895895900000113e+01,-4.046993666899999909e+01,-3.639351809800000126e+01,-3.248997158000000240e+01,-3.991500168500000001e+01,-3.000229499299999958e+01
1.793896896900000115e+01,-5.401646704299999868e+01,-3.224733762700000028e+01,-1.174259662100000057e+01,-7.277264872800000006e+00,-2.939384112100000124e+01
1.795897897900000117e+01,-2.963958278699999838e+01,-3.107649545399999980e+01,-2.783853036100000011e+01,-2.881667853100000087e+01,-2.572496805000000109e+01
1.797898898900000120e+01,-4.402106116000000213e+01,-2.324312143699999922e+01,-3.411715355700000174e+01,-2.841751285200000154e+01,-2.514727771400000123e+01
1.799899899900000122e+01,-3.451633214000000294e+01,-3.994553468499999838e+01,-2.147558919200000105e+01,-2.565133464000000174e+01,-1.965591806100000127e+01
1.801900900900000124e+01,-4.045027217300000189e+01,-3.825224207800000187e+01,-3.033266880200000060e+01,-2.982227155600000046e+01,-2.434456169899999978e+01
1.803901901900000126e+01,-3.380824693800000347e+01,-4.221609071999999685e+01,-3.203377934400000271e+01,-3.104454848099999964e+01,-2.875553112600000105e+01
1.805902902900000129e+01,-4.378088908600000195e+01,-2.869547984900000159e+01,-3.503768010999999660e+01,-2.991330601199999961e+01,-2.875902679300000031e+01
1.807903903900000131e+01,-4.124417567300000087e+01,-3.971640935300000308e+01,-2.986818389900000170e+01,-2.527307216000000167e+01,-3.001945057400000039e+01
1.809904904900000133e+01,-4.307780639900000352e+01,-3.375198330500000310e+01,-3.422333225900000286e+01,-2.620871032000000156e+01,-2.847802503300000154e+01
1.811905905900000135e+01,-2.141048560500000164e+01,-2.579200201800000158e+01,-3.232349038000000263e+01,-2.790075662899999998e+01,-2.679826578799999837e+01
1.813906906900000138e+01,-4.329141519099999869e+01,-3.915441094100000186e+01,-3.206662349599999828e+01,-2.731954445299999890e+01,-3.071401192800000146e+01
1.815907907900000140e+01,-2.473164948499999838e+01,-3.393404728200000164e+01,-3.173672196100000065e+01,-2.583049950499999881e+01,-3.103000365600000166e+01
1.817908908900000142e+01,-2.971281314499999837e+01,-5.093048769899999684e+01,-2.897797220700000054e+01,-2.635154594999999844e+01,-2.914463702700000169e+01
1.819909909900000144e+01,-3.825547141300000220e+01,-3.728720598299999978e+01,-2.290701312499999887e+01,-2.694076632599999854e+01,-2.139768970200000098e+01
1.821910910900000147e+01,-3.203276845700000308e+01,-4.574581456899999665e+01,-2.878571000999999896e+01,-2.459166641399999875e+01,-3.235634227599999946e+01
1.823911911900000149e+01,-3.786689243400000038e+01,-3.666685754200000247e+01,-2.420217029799999864e+01,-3.361525775900000212e+01,-2.810453211800000162e+01
1.825912912900000151e+01,-3.837702752700000275e+01,-3.786576411800000130e+01,-3.063858806200000018e+01,-3.107499059899999949e+01,-1.556225635700000076e+01
1.827913913900000153e+01,-4.204513957700000049e+01,-3.607113469499999781e+01,-2.749551627199999970e+01,-2.469117532799999992e+01,-4.708399036000000137e+01
1.829914914900000156e+01,-2.835585519199999993e+01,-3.175261219700000126e+01,-2.943680980299999916e+01,-2.856058642400000025e+01,-3.291118824400000165e+01
1.831915915900000158e+01,-1.212956008199999935e+01,-4.975026931000000019e+01,-2.880118766200000024e+01,-2.704218547199999989e+01,-2.252733908400000118e+01
1.833916916900000160e+01,-4.085514202000000239e+01,-2.929471625600000095e+01,-2.411930027500000051e+01,-1.958774516600000126e+01,-3.152376604999999898e+01
1.835917917900000162e+01,-1.962473112500000028e+01,-1.672505007299999846e+01,-1.761612284699999975e+01,-2.933815622399999867e+01,-1.728575270800000041e+01
1.837918918900000165e+01,-2.826609336599999978e+01,-5.273435589099999987e+01,-2.788131668500000160e+01,-3.651895655999999946e+01,-3.530707952800000271e+01
1.839919919900000167e+01,-3.959604262900000293e+01,-4.068247542900000013e+01,-3.006487933700000070e+01,-2.761180275699999953e+01,-1.942437158399999930e+01
1.841920920900000169e+01,-2.196560893699999895e+01,-3.003135087400000103e+01,-3.201809158300000036e+01,-2.736218851699999988e+01,-5.007963535700000079e+01
1.843921921900000171e+01,-3.135373901799999885e+01,-3.420256944900000207e+01,-2.735126617199999899e+01,-2.309135141999999874e+01,-4.305627423399999998e+01
1.845922922900000174e+01,-2.799428944599999980e+01,-3.481402259600000093e+01,-2.688232531399999914e+01,-3.612085686500000037e+01,-3.468040777699999921e+01
1.847923923900000176e+01,-4.362483392000000038e+01,-3.039505568399999902e+01,-2.516102271700000159e+01,-2.505206482599999873e+01,-2.549072599599999833e+01
1.849924924899999823e+01,-3.985185516500000347e+01,-4.545198620000000034e+01,-3.114465044199999966e+01,-3.668009819200000265e+01,-2.786075341600000144e+01
1.851925925899999825e+01,-3.306247180799999796e+01,-3.096051295499999867e+01,-3.539292845500000340e+01,-3.830972561499999784e+01,-3.296922618600000021e+01
1.853926926899999827e+01,-3.071469905700000069e+01,-4.009011591299999822e+01,-2.769383251300000026e+01,-2.758598183799999859e+01,-2.093460752500000055e+01
1.855927927899999830e+01,-5.458367248300000085e+01,-2.994417325099999871e+01,-2.662727194500000039e+01,-2.792168380400000061e+01,-3.365905535099999923e+01
1.857928928899999832e+01,-3.342923300000000353e+01,-2.692786644299999921e+01,-3.759562369199999665e+01,-3.764300939099999965e+01,-3.337394513999999646e+01
1.859929929899999834e+01,-3.627457420900000074e+01,-4.402905604000000039e+01,-3.347415212500000337e+01,-2.812728582000000088e+01,-2.856066646300000045e+01
1.861930930899999836e+01,-3.127894324400000059e+01,-4.428335480700000204e+01,-4.644794197099999877e+01,-5.345010076300000179e+01,-3.401891895499999663e+01
1.863931931899999839e+01,-2.140831682700000016e+01,-2.650512926500000077e+01,-3.185705815700000088e+01,-2.931254138199999915e+01,-3.752997368700000180e+01
1.865932932899999841e+01,-3.612338259799999918e+01,-2.871811989300000079e+01,-2.528881846399999844e+01,-3.762139525399999940e+01,-4.178528453599999892e+01
1.867933933899999843e+01,-3.539890589000000176e+01,-5.030908160500000292e+01,-2.803970389899999915e+01,-2.660653087300000053e+01,-2.626752462399999999e+01
1.869934934899999845e+01,-3.254699937299999846e+01,-3.666489785699999970e+01,-2.831138685100000174e+01,-3.085881435299999964e+01,-4.171017577300000312e+01
1.871935935899999848e+01,-3.086820292299999835e+01,-4.308301108999999940e+01,-2.321282903299999845e+01,-2.909711126699999895e+01,-3.953286257700000306e+01
1.873936936899999850e+01,-2.860766040100000041e+01,-4.018444731600000353e+01,-2.479084645200000026e+01,-3.450255273799999856e+01,-3.776379552800000283e+01
1.875937937899999852e+01,-6.294284735000000097e+01,-3.779496178800000195e+01,-2.338918982799999924e+01,-2.633180531000000002e+01,-3.250720861100000292e+01
1.877938938899999854e+01,-4.261703425000000323e+01,-4.821455485900000326e+01,-2.498380128999999883e+01,-3.431585569300000316e+01,-2.224304781900000094e+01
1.879939939899999857e+01,-2.994185602499999987e+01,-2.712032088799999840e+01,-3.819185016299999802e+01,-4.861980279299999808e+01,-3.469735433700000016e+01
1.881940940899999859e+01,-3.367092716100000160e+01,-4.459041099499999916e+01,-2.683722294500000061e+01,-4.460747847700000079e+01,-3.508765561799999944e+01
1.883941941899999861e+01,-4.788567613400000056e+01,-4.413668278800000166e+01,-2.421940872100000064e+01,-3.073490493699999959e+01,-3.397218710799999997e+01
1.885942942899999863e+01,-2.548858712399999860e+01,-3.822479726099999908e+01,-1.898013966699999955e+01,-2.860128435500000066e+01,-2.242520019099999828e+01
1.887943943899999866e+01,-3.551406437400000016e+01,-2.736452953799999932e+01,-1.376545426100000036e+01,-1.750657577599999826e+01,-3.106396558000000141e+01
1.889944944899999868e+01,-4.408555821699999910e+01,-3.754699400999999881e+01,-3.273117549199999843e+01,-3.537095950500000185e+01,-3.742368316999999678e+01
1.891945945899999870e+01,-2.911502807500000145e+01,-3.244031129500000077e+01,-2.795116201400000122e+01,-2.782829597399999955e+01,-2.976861571899999959e+01
1.893946946899999872e+01,-3.762228093299999898e+01,-4.621229806600000245e+01,-3.140202137200000010e+01,-4.253083873500000323e+01,-4.257230716099999768e+01
1.895947947899999875e+01,-4.376974594299999666e+01,-3.777351869900000025e+01,-2.365566750200000001e+01,-3.331642358999999942e+01,-4.411998714599999971e+01
1.897948948899999877e+01,-2.062171291299999965e+01,-3.081001699200000132e+01,-1.833298851700000043e+01,-2.896799623300000093e+01,-2.931141385500000140e+01
1.899949949899999879e+01,-3.567639514700000092e+01,-6.389604153599999847e+01,-3.749867005200000136e+01,-3.823527542800000134e+01,-3.809640015800000157e+01
1.901950950999999890e+01,-4.131063430300000050e+01,-4.000677851300000043e+01,-2.661762987399999858e+01,-4.972658994300000046e+01,-3.949750949199999894e+01
1.903951951999999892e+01,-2.851311253500000120e+01,-2.916423105399999827e+01,-6.572317749899999839e+00,-1.516443321500000074e+01,-2.234478559000000075e+01
1.905952952999999894e+01,-4.228704122399999932e+01,-5.316559448800000354e+01,-2.418008344100000073e+01,-2.732733520800000093e+01,-3.347180562199999798e+01
1.907953953999999896e+01,-4.275793845199999765e+01,-4.240516258000000249e+01,-2.353677885900000177e+01,-1.400928479100000068e+01,-3.092820044999999851e+01
1.909954954999999899e+01,-3.362357429099999706e+01,-4.149321079199999929e+01,-3.399159850099999858e+01,-2.864527212699999836e+01,-1.686299522499999881e+01
1.911955955999999901e+01,-4.504536820799999930e+01,-3.980389163400000285e+01,-4.013452264499999700e+01,-4.598122278599999646e+01,-3.163089185000000114e+01
1.913956956999999903e+01,-3.222059884299999766e+01,-2.659075229500000148e+01,-2.688185437799999988e+01,-2.728081806499999828e+01,-1.906753367700000013e+01
1.915957957999999905e+01,-3.456286136599999992e+01,-4.645409713400000129e+01,-3.037029059300000000e+01,-2.861009195700000163e+01,-2.993866977500000104e+01
1.917958958999999908e+01,-5.200764173700000015e+01,-3.428364106000000078e+01,-3.441834076300000334e+01,-4.386161297600000353e+01,-3.298740049500000282e+01
1.919959959999999910e+01,-2.926719049500000125e+01,-1.098805191699999995e+01,1.824686064999999857e+01,1.622061883699999996e+01,-7.348429143599999769e+00
1.921960960999999912e+01,-3.811190759899999847e+01,-4.421005575200000237e+01,-3.731328600199999812e+01,-3.184763578999999822e+01,-2.504346320699999850e+01
1.923961961999999914e+01,-2.968919919800000073e+01,-6.247508121100000267e+01,-3.379615364200000016e+01,-3.614005106199999773e+01,-3.367946804599999666e+01
1.925962962999999917e+01,-3.276039547999999968e+01,-4.487529472100000305e+01,-2.443319756300000023e+01,-3.229467882699999848e+01,-3.476252098700000204e+01
1.927963963999999919e+01,-6.493204588999999771e+01,-4.796905423700000171e+01,-2.402130736299999825e+01,-3.302032658499999940e+01,-4.469363552699999786e+01
1.929964964999999921e+01,-3.785157800700000053e+01,-4.403440922800000124e+01,-2.587068959400000168e+01,-3.489936098199999748e+01,-3.564703968599999939e+01
1.931965965999999923e+01,-2.093574425599999955e+01,-2.771969450599999973e+01,-2.538502175700000052e+01,-2.691475090000000137e+01,-3.658947596200000163e+01
1.933966966999999926e+01,-4.254464605100000085e+01,-4.189822791800000346e+01,-3.811790789199999807e+01,-3.261967021600000294e+01,-3.484192264099999647e+01
1.935967967999999928e+01,-4.359782511200000243e+01,-4.054366559000000336e+01,-2.916343416200000149e+01,-3.500628849600000336e+01,-2.963074589600000053e+01
1.937968968999999930e+01,-2.814184381600000151e+01,-4.502092450899999676e+01,-2.205339716900000013e+01,-2.652868555799999939e+01,-2.015590338299999829e+01
1.939969969999999932e+01,-2.975305796900000033e+01,-4.723466999499999730e+01,-3.317254435400000290e+01,-2.699563403599999845e+01,-6.150266818699999760e+01
1.941970970999999935e+01,-4.345082334399999979e+01,-4.758501813400000202e+01,-2.382970125199999956e+01,-3.308267010000000141e+01,-3.226710124899999954e+01
1.943971971999999937e+01,-2.534623840200000089e+01,-2.963720055099999939e+01,-2.673326313600000148e+01,-4.085456573599999786e+01,-4.359429783699999916e+01
1.945972972999999939e+01,-3.812570649999999972e+01,-5.657191007600000177e+01,-3.266364298100000241e+01,-4.000070110200000073e+01,-3.560273059099999671e+01
1.947973973999999941e+01,-3.755096720800000298e+01,-6.097002225699999656e+01,-2.635235057499999911e+01,-2.494425311799999889e+01,-3.332549198200000262e+01
1.949974974999999944e+01,-2.962036253500000171e+01,-3.262842198599999932e+01,-1.772821045799999951e+01,-3.627279120899999754e+01,-3.506947470899999786e+01
1.951975975999999946e+01,-4.419360540099999923e+01,-4.857047397099999841e+01,-3.353358745799999951e+01,-4.399488249299999865e+01,-3.399796635599999917e+01
1.953976976999999948e+01,-3.267256403999999748e+01,-2.847122386899999924e+01,9.418636653800000147e+00,1.005984166499999999e+00,-2.788745991399999902e+00
1.955977977999999950e+01,-3.386833024799999947e+01,-3.368023462000000023e+01,-2.655898775100000009e+01,-3.440365190400000017e+01,-5.161345539199999877e+01
1.957978978999999953e+01,-5.431342194199999796e+01,-5.220408356000000083e+01,-3.876329555600000276e+01,-3.557467784899999685e+01,-3.730461936700000081e+01
1.959979979999999955e+01,-2.644641535499999918e+01,-4.948637794799999767e+01,-2.991690005599999935e+01,-2.630230916600000057e+01,-2.638444966599999830e+01
1.961980980999999957e+01,-4.360056252700000101e+01,-3.317176676900000132e+01,-1.527501253800000036e+01,-3.602047731100000050e+01,-2.971956762499999982e+01
1.963981981999999959e+01,-4.968458344500000123e+01,-4.029570050400000270e+01,-4.595557240699999824e+01,-3.047642820300000110e+01,-3.370382691999999736e+01
1.965982982999999962e+01,-3.526517172799999855e+01,-1.479736593900000052e+01,-1.442685814600000072e+01,-1.809748482399999858e+01,-1.712783087200000054e+01
1.967983983999999964e+01,-3.504468771100000168e+01,-5.372401402900000278e+01,-3.469241427899999763e+01,-3.536564347600000247e+01,-3.004261085199999926e+01
1.969984984999999966e+01,-4.182005011500000080e+01,-5.696609997000000192e+01,-2.961562953700000023e+01,-3.879440970499999963e+01,-3.383285148499999906e+01
1.971985985999999968e+01,-1.897058242600000000e+01,-4.581600309000000237e+01,-2.387125096799999824e+01,-3.601051715700000244e+01,-2.808087390000000028e+01
1.973986986999999971e+01,-5.796468741900000055e+01,-3.889087118999999859e+01,-2.683154147100000131e+01,-2.709489854799999975e+01,-2.922890397300000132e+01
1.975987987999999973e+01,-4.608951098000000002e+01,-4.527485741200000291e+01,-3.442820513699999907e+01,-3.507686603399999825e+01,-2.904260179899999983e+01
1.977988988999999975e+01,-3.014215193200000087e+01,-3.531540936999999758e+01,-2.609486218199999996e+01,-3.532275886099999695e+01,-1.392038470099999969e+01
1.979989989999999977e+01,-4.737893329799999975e+01,-4.841542931299999708e+01,-2.770179968500000101e+01,-3.654814320500000235e+01,-2.313033063199999972e+01
1.981990990999999980e+01,-3.209899016899999680e+01,-3.732211535900000143e+01,-2.552201459699999830e+01,-2.589531968300000031e+01,-2.479630392800000038e+01
1.983991991999999982e+01,-3.385324587099999860e+01,-2.991087832099999844e+01,-2.889863605800000101e+01,-3.581275344499999846e+01,-2.121462963000000101e+01
1.985992992999999984e+01,-4.313962895699999933e+01,-6.501296999100000562e+01,-1.266829330999999925e+01,-3.389843093599999690e+01,-2.505099501500000159e+01
1.987993993999999986e+01,-2.560960431000000170e+01,-4.570930910399999902e+01,-3.170517153999999849e+01,-3.622463828899999783e+01,-2.458849199999999868e+01
1.989994994999999989e+01,-5.466484728900000079e+01,-3.704385409500000037e+01,-2.193737971499999873e+01,-3.445151454999999885e+01,-2.997519076400000060e+01
1.991995995999999991e+01,-4.705603676300000160e+01,-5.062701836299999769e+01,-1.151823409800000064e+01,-7.906423824900000064e+00,-1.755878966099999872e+01
1.993996996999999993e+01,-3.046417544499999863e+01,-3.350882755399999979e+01,-2.093538636399999930e+01,-2.246655041900000072e+01,-1.613724527899999828e+01
1.995997997999999995e+01,-2.977579357500000157e+01,-4.098331672900000200e+01,-3.424054555400000055e+01,-3.033184949700000033e+01,-4.537359182299999816e+01
1.997998998999999998e+01,-3.231904957500000108e+01,-5.668226280300000042e+01,-2.282867391999999995e+01,-3.208862051900000267e+01,-3.073622804800000097e+01
2.000000000000000000e+01,-1.562474257500000085e+01,-2.820612013199999879e+01,-2.837584877100000114e+01,-3.814395018599999787e+01,-2.478293387000000081e+01
