freq_GHz,S21_dB,S31_dB,S41_dB,S51_dB,S61_dB
1.000000000000000021e-02,-8.046145484100000544e+01,-6.811809029399999815e+01,-7.833861108499999659e+01,-7.180602273799999580e+01,-7.792023359499999913e+01
3.001001001000000099e-02,-7.654333419799999660e+01,-7.103347468500000161e+01,-7.665101741399999469e+01,-8.192882720500000460e+01,-7.194975963699999966e+01
5.002002002000000003e-02,-9.060006184499999904e+01,-8.914911904000000220e+01,-9.421863559800000587e+01,-7.987271022500000583e+01,-8.616276571199999523e+01
7.003003002999999560e-02,-7.591729229099999543e+01,-7.935222161400000118e+01,-1.006562987500000048e+02,-8.106788976999999363e+01,-8.129607375000000502e+01
9.004004004000000505e-02,-8.055548926699999868e+01,-7.994146731600000066e+01,-7.882804249199999447e+01,-8.375204146900000524e+01,-9.166687408500000345e+01
1.100500500500000006e-01,-9.556644539399999871e+01,-8.854806945100000348e+01,-8.972374622499999930e+01,-8.456983452999999429e+01,-7.731793164500000159e+01
1.300600600600000101e-01,-8.597454123500000378e+01,-8.060207067400000369e+01,-8.180145862400000567e+01,-8.547903675099999532e+01,-7.613518339799999524e+01
1.500700700700000056e-01,-8.405469230699999628e+01,-8.129476696199999708e+01,-8.174578302700000165e+01,-8.229611924600000350e+01,-7.879362615200000164e+01
1.700800800800000012e-01,-7.675442422000000420e+01,-8.501462756799999454e+01,-8.411407620699999654e+01,-8.221543784200000005e+01,-9.048513488999999765e+01
1.900900900899999968e-01,-7.263903309299999478e+01,-7.575871703299999638e+01,-7.775612318800000367e+01,-7.732964513599999634e+01,-7.499817670199999498e+01
2.101001000999999924e-01,-8.407822056499999519e+01,-8.017894485700000473e+01,-8.305381454899999483e+01,-8.286761533000000668e+01,-9.164277450299999828e+01
2.301101101100000157e-01,-7.673325266000000511e+01,-8.188218797499999368e+01,-7.863696189600000253e+01,-8.574267853800000694e+01,-8.468180532799999582e+01
2.501201201200000113e-01,-7.570460934099999406e+01,-8.054141092300000082e+01,-7.779025644499999714e+01,-7.930745074499999703e+01,-7.539271149299999308e+01
2.701301301299999791e-01,-7.749074145299999827e+01,-7.683087558399999750e+01,-8.813418395200000077e+01,-7.714280292300000497e+01,-7.570444614999999544e+01
2.901401401400000024e-01,-7.431411133199999597e+01,-7.783907968399999788e+01,-8.204453826300000685e+01,-7.934476580499999443e+01,-7.571156466899999771e+01
3.101501501499999702e-01,-8.508959650299999566e+01,-7.550257946000000686e+01,-7.369994167400000151e+01,-8.459575864100000331e+01,-8.229802184000000409e+01
3.301601601600000491e-01,-8.273329301799999769e+01,-8.621797752499999490e+01,-7.276852645300000688e+01,-8.136344224799999836e+01,-7.750951329900000530e+01
3.501701701700000169e-01,-8.374656511499999567e+01,-7.801747313600000666e+01,-7.632704205400000319e+01,-8.211944510899999727e+01,-7.302305522000000337e+01
3.701801801799999847e-01,-8.689963660399999412e+01,-7.910827459300000442e+01,-7.342505770500000040e+01,-7.664200236199999949e+01,-7.252037153199999864e+01
3.901901901900000080e-01,-7.215585138000000143e+01,-7.948155088699999737e+01,-7.956233920900000101e+01,-9.340741655899999785e+01,-7.355433637999999519e+01
4.102002001999999758e-01,-7.969219413099999372e+01,-7.074613921200000277e+01,-7.664341813199999365e+01,-8.128642399000000296e+01,-7.749128857399999504e+01
4.302102102099999992e-01,-7.827690732499999626e+01,-8.671125521000000447e+01,-7.441731037600000320e+01,-7.783526634499999375e+01,-7.969443652399999678e+01
4.502202202200000225e-01,-7.530682433900000206e+01,-7.589027515600000129e+01,-7.298158524100000477e+01,-7.808787405299999307e+01,-8.982124571500000343e+01
4.702302302300000458e-01,-7.225716568900000425e+01,-7.219221285700000124e+01,-7.151386390400000437e+01,-7.714702910900000177e+01,-6.726097032900000272e+01
4.902402402400000136e-01,-8.718063955499999906e+01,-7.485944896600000220e+01,-6.832710915399999863e+01,-7.761831451700000173e+01,-7.493848993800000358e+01
5.102502502500000370e-01,-7.671254940900000463e+01,-7.426570536799999900e+01,-6.931428135500000565e+01,-7.263820982699999718e+01,-6.984022261600000547e+01
5.302602602599999493e-01,-7.482455035300000645e+01,-6.992126916799999492e+01,-6.518346631900000432e+01,-7.804168611800000122e+01,-7.699121110299999771e+01
5.502702702699999726e-01,-7.076087041600000305e+01,-7.423081947100000377e+01,-6.579852504299999794e+01,-8.912786995099999388e+01,-6.892182503399999405e+01
5.702802802799999959e-01,-6.988914406199999974e+01,-7.224838337299999580e+01,-5.879485903399999813e+01,-8.568032422899999290e+01,-6.272713551500000051e+01
5.902902902899999082e-01,-7.688516949300000647e+01,-7.199035762200000477e+01,-5.661487373399999967e+01,-6.668535168299999327e+01,-5.970530263900000278e+01
6.103003002999999316e-01,-8.167078349199999820e+01,-6.407620415300000616e+01,-5.677173095100000211e+01,-6.813968896500000483e+01,-5.850029281100000134e+01
6.303103103099999549e-01,-6.897121503500000017e+01,-6.570609918600000299e+01,-5.447069578400000012e+01,-6.805220379300000388e+01,-5.644611993099999836e+01
6.503203203200000893e-01,-6.471840953400000274e+01,-8.159108551500000317e+01,-5.395336017799999695e+01,-6.526723473699999545e+01,-5.631142715899999729e+01
6.703303303300000016e-01,-6.733290589400000670e+01,-6.981500241599999868e+01,-5.070893386099999844e+01,-6.674002594099999897e+01,-5.392379134400000140e+01
6.903403403400000249e-01,-6.755379469800000436e+01,-6.360518483399999923e+01,-4.901631293100000164e+01,-6.549816608099999371e+01,-5.093238670099999865e+01
7.103503503500000482e-01,-6.172260285600000174e+01,-6.294554523800000112e+01,-4.922263000200000249e+01,-6.949199718500000245e+01,-4.965119612400000193e+01
7.303603603599999605e-01,-6.451831747800000016e+01,-6.291538408699999962e+01,-4.968325502700000129e+01,-6.245947162000000219e+01,-4.837376053500000239e+01
7.503703703699999839e-01,-5.616766786899999886e+01,-5.880944742199999808e+01,-4.983206817800000010e+01,-7.611510394399999768e+01,-4.821588019099999656e+01
7.703803803800000072e-01,-5.873818801699999881e+01,-5.845065510500000272e+01,-5.100649197799999968e+01,-7.397913912200000652e+01,-4.878083009800000269e+01
7.903903903900000305e-01,-5.695054219299999687e+01,-5.758061845400000323e+01,-4.984177868900000163e+01,-6.564921727499999804e+01,-4.750446454499999760e+01
8.104004003999999428e-01,-5.727396076699999838e+01,-6.333534690599999806e+01,-4.945599023399999794e+01,-6.516231211999999573e+01,-4.730013497699999903e+01
8.304104104099999661e-01,-5.563410720200000270e+01,-6.732739788899999667e+01,-4.906069807400000116e+01,-6.402458486800000514e+01,-4.712224002199999973e+01
8.504204204199999895e-01,-5.392358977800000019e+01,-5.697188507900000332e+01,-4.857615790999999916e+01,-6.023047552100000246e+01,-4.673222171799999813e+01
8.704304304299999018e-01,-5.281690976299999818e+01,-5.492015076300000231e+01,-4.853789345999999938e+01,-6.115045235000000190e+01,-4.617945751500000284e+01
8.904404404400000361e-01,-5.428286085799999938e+01,-5.497477026899999686e+01,-4.965250367499999840e+01,-6.087736481700000013e+01,-4.607877868799999987e+01
9.104504504500000595e-01,-5.351258184400000317e+01,-5.605254388699999879e+01,-5.020491973299999700e+01,-6.079915073400000125e+01,-4.573012245099999973e+01
9.304604604600000828e-01,-5.561701322199999709e+01,-5.724317676500000118e+01,-4.950997495000000015e+01,-6.242090559900000102e+01,-4.631817515499999871e+01
9.504704704699999951e-01,-5.547755543699999947e+01,-5.997653727099999799e+01,-5.062382187699999747e+01,-6.453810005399999739e+01,-4.634149802099999960e+01
9.704804804800000184e-01,-5.983559779400000167e+01,-5.982925349899999645e+01,-4.998063655499999669e+01,-6.671703125899999520e+01,-4.649988967499999859e+01
9.904904904900000417e-01,-5.729563632499999670e+01,-6.247244491400000044e+01,-5.067051721299999656e+01,-6.955515433499999745e+01,-4.713493575999999763e+01
1.010500500500000065e+00,-5.877611660299999841e+01,-6.076235280299999886e+01,-5.087409663999999765e+01,-6.876952154599999290e+01,-4.726673744099999652e+01
1.030510510500000088e+00,-6.393645714699999871e+01,-6.072567648700000120e+01,-5.136012721000000170e+01,-6.656248186000000544e+01,-4.768482512899999648e+01
1.050520520500000110e+00,-6.559709397999999680e+01,-6.517765100799999800e+01,-5.228622358599999842e+01,-6.464655411600000434e+01,-4.645716139099999964e+01
1.070530530499999911e+00,-7.000754966399999546e+01,-7.290281792199999700e+01,-5.215059136499999681e+01,-6.810484561299999484e+01,-4.612784880899999962e+01
1.090540540499999933e+00,-6.831590783299999714e+01,-6.119290842000000197e+01,-5.106947171000000196e+01,-6.384695164800000100e+01,-4.506744554400000169e+01
1.110550550599999964e+00,-6.975404323499999748e+01,-6.193883744699999738e+01,-4.931512053600000201e+01,-6.491425239599999486e+01,-4.440807476999999892e+01
1.130560560599999986e+00,-6.813476563499999372e+01,-6.231968983099999804e+01,-4.953324644300000301e+01,-8.273774739899999986e+01,-4.380830223899999964e+01
1.150570570600000009e+00,-6.611459631699999306e+01,-6.250795430499999839e+01,-5.144764374799999729e+01,-8.038872831300000144e+01,-4.286827279399999924e+01
1.170580580599999809e+00,-6.127437556999999657e+01,-7.004013099399999476e+01,-5.049582193300000199e+01,-6.900884832500000243e+01,-4.402101009599999770e+01
1.190590590599999832e+00,-6.878488777600000503e+01,-6.839142373200000691e+01,-4.976175060100000280e+01,-6.793457251700000654e+01,-4.259295808000000250e+01
1.210600600599999854e+00,-7.810837141199999678e+01,-6.684986425699999302e+01,-4.740277117499999804e+01,-6.516365290500000640e+01,-4.201978950400000201e+01
1.230610610599999877e+00,-5.958825316099999725e+01,-7.385335214299999507e+01,-4.905494974900000216e+01,-6.192248749299999844e+01,-4.097153767100000010e+01
1.250620620599999899e+00,-6.213504765999999790e+01,-7.658936564600000452e+01,-4.669621451999999806e+01,-6.503774118200000487e+01,-4.056069910800000144e+01
1.270630630599999922e+00,-6.177295899399999968e+01,-7.520588888800000404e+01,-4.552510050499999750e+01,-6.431646692399999665e+01,-3.994945063200000135e+01
1.290640640599999944e+00,-5.469246747799999753e+01,-7.217390397500000176e+01,-4.486428348100000107e+01,-6.355449748699999901e+01,-3.916199514699999895e+01
1.310650650699999975e+00,-5.601819544500000347e+01,-6.027590341599999846e+01,-4.449834905600000212e+01,-6.143338713699999687e+01,-3.878422491500000291e+01
1.330660660699999998e+00,-5.488034119499999974e+01,-6.317926642199999776e+01,-4.435025704699999949e+01,-6.334328670699999719e+01,-3.836344035500000160e+01
1.350670670700000020e+00,-5.524880124999999964e+01,-5.931665994400000130e+01,-4.457281177299999797e+01,-5.922222593400000079e+01,-3.773753153500000224e+01
1.370680680700000043e+00,-5.431114541299999843e+01,-5.482417901200000188e+01,-4.446033162500000202e+01,-5.842586760599999707e+01,-3.706568524099999706e+01
1.390690690700000065e+00,-5.231865016100000076e+01,-5.548271427699999947e+01,-4.256435236699999791e+01,-5.689727693700000088e+01,-3.648469315500000221e+01
1.410700700700000088e+00,-5.108010955400000341e+01,-5.576225536399999783e+01,-4.047485183500000261e+01,-5.925826465600000148e+01,-3.576910526999999718e+01
1.430710710700000110e+00,-5.048860487599999658e+01,-5.695035226699999953e+01,-3.931536736999999704e+01,-5.544745948599999963e+01,-3.542557619099999755e+01
1.450720720700000133e+00,-4.810518079300000238e+01,-5.608416724700000344e+01,-3.866409762499999658e+01,-5.538354121900000138e+01,-3.494512527799999901e+01
1.470730730700000155e+00,-4.777336069300000077e+01,-5.573016474199999948e+01,-3.904374727500000120e+01,-6.170010119199999821e+01,-3.450661615100000290e+01
1.490740740699999956e+00,-4.663292036400000029e+01,-5.767660810699999985e+01,-3.888581614299999956e+01,-5.790944685699999894e+01,-3.354997286700000103e+01
1.510750750799999986e+00,-4.678148275400000244e+01,-5.606945173500000124e+01,-3.701919920899999994e+01,-5.759414220600000078e+01,-3.244503140300000155e+01
1.530760760800000009e+00,-4.707532008700000148e+01,-5.727931504499999704e+01,-3.547513640199999685e+01,-5.937784571800000322e+01,-3.108375144500000076e+01
1.550770770800000031e+00,-4.752488042099999888e+01,-5.849635148099999782e+01,-3.463369302600000310e+01,-6.011849474899999990e+01,-3.034043641999999963e+01
1.570780780800000054e+00,-4.622787003399999861e+01,-5.822297159600000072e+01,-3.378326438300000234e+01,-5.634113859899999710e+01,-2.966132208899999867e+01
1.590790790799999854e+00,-4.759048093100000187e+01,-5.304896671400000230e+01,-3.256310103500000253e+01,-5.411540820199999757e+01,-2.900897565800000066e+01
1.610800800799999877e+00,-4.881288456099999706e+01,-5.073857636299999996e+01,-3.192475958900000066e+01,-5.540250501100000236e+01,-2.910492282899999950e+01
1.630810810799999899e+00,-5.031495244900000330e+01,-4.914541160699999978e+01,-3.088073600499999927e+01,-5.554015947300000278e+01,-2.874880821200000014e+01
1.650820820799999922e+00,-5.008547556599999950e+01,-5.003766788800000143e+01,-3.008385117699999967e+01,-5.136219478200000310e+01,-2.794885186500000174e+01
1.670830830799999944e+00,-5.140802161799999936e+01,-4.923292248900000345e+01,-2.916179821500000102e+01,-5.179199131800000089e+01,-2.685247242000000156e+01
1.690840840799999967e+00,-5.170312407600000171e+01,-4.899177704200000250e+01,-2.810265120900000113e+01,-5.374552679300000335e+01,-2.637766858399999848e+01
1.710850850899999998e+00,-5.014438147700000314e+01,-4.491969401600000111e+01,-2.763032302199999890e+01,-5.605893544999999989e+01,-2.623234394300000005e+01
1.730860860900000020e+00,-5.192910670500000236e+01,-4.482733815400000310e+01,-2.797512152599999879e+01,-5.792557698000000244e+01,-2.620343129899999823e+01
1.750870870900000043e+00,-4.981667091799999980e+01,-4.556467166200000207e+01,-2.905390781299999858e+01,-6.023063769600000228e+01,-2.625842152199999902e+01
1.770880880900000065e+00,-4.987444490800000096e+01,-4.876084023300000325e+01,-2.968343698600000025e+01,-6.215831995900000351e+01,-2.654453088200000010e+01
1.790890890900000088e+00,-5.005291328900000281e+01,-4.769733772899999735e+01,-3.026965016600000169e+01,-5.418282328800000158e+01,-2.718312472899999932e+01
1.810900900900000110e+00,-5.072687957299999795e+01,-4.821969349700000151e+01,-3.111937874899999912e+01,-5.832888078900000295e+01,-2.776988409999999874e+01
1.830910910900000133e+00,-5.424101625400000160e+01,-4.873221662800000331e+01,-3.182230083900000039e+01,-6.516159623500000464e+01,-2.872865842599999908e+01
1.850920920900000155e+00,-5.777716592699999865e+01,-5.110741510900000151e+01,-3.238168212699999771e+01,-6.158923710500000226e+01,-2.946689408700000001e+01
1.870930930900000178e+00,-6.075222585899999928e+01,-5.791898600700000088e+01,-3.283308917400000126e+01,-6.487708729499999549e+01,-2.979442129599999944e+01
1.890940940900000200e+00,-5.610202615499999723e+01,-5.897256932399999840e+01,-3.298138800699999962e+01,-6.437599686900000506e+01,-3.020833932900000107e+01
1.910950951000000009e+00,-5.557311477199999672e+01,-5.566481701200000032e+01,-3.302066948400000257e+01,-5.899233410800000144e+01,-3.053134844699999917e+01
1.930960961000000031e+00,-5.333477591599999812e+01,-5.967237955200000243e+01,-3.286205305299999679e+01,-5.478681306499999693e+01,-3.029557585299999900e+01
1.950970971000000054e+00,-5.322810084799999686e+01,-5.716198221399999824e+01,-3.258066544900000139e+01,-6.079976080499999824e+01,-2.980769188600000064e+01
1.970980981000000076e+00,-5.434510115900000216e+01,-5.324909980500000017e+01,-3.252486088100000217e+01,-6.394389180999999667e+01,-2.925559990500000040e+01
1.990990991000000099e+00,-5.455338117000000153e+01,-5.839618945800000205e+01,-3.264806863199999754e+01,-6.054815140299999854e+01,-2.893069158400000163e+01
2.011001000999999899e+00,-5.539937304099999693e+01,-5.530806002100000285e+01,-3.265503137799999678e+01,-5.980853478800000289e+01,-2.858606240599999992e+01
2.031011010999999922e+00,-5.444498250499999870e+01,-5.450494912500000311e+01,-3.287074958600000230e+01,-5.576220215600000074e+01,-2.838926363199999869e+01
2.051021020999999944e+00,-5.565619550099999913e+01,-5.209704554500000029e+01,-3.252632033199999739e+01,-6.207893589799999745e+01,-2.841517852500000174e+01
2.071031030999999967e+00,-5.724300737800000149e+01,-4.905363354400000020e+01,-3.221525671900000276e+01,-5.843249915199999833e+01,-2.859828787200000022e+01
2.091041040999999989e+00,-5.655045790599999833e+01,-4.847014939400000344e+01,-3.206142800399999970e+01,-5.675096859199999955e+01,-2.886094008699999947e+01
2.111051051100000020e+00,-5.416387546100000350e+01,-4.770475823700000007e+01,-3.215249506300000348e+01,-5.560014884400000312e+01,-2.901855257800000132e+01
2.131061061100000043e+00,-5.163267968499999938e+01,-4.780268603399999705e+01,-3.231199625899999717e+01,-5.843784971899999903e+01,-2.885015789099999850e+01
2.151071071100000065e+00,-5.205627890600000285e+01,-4.753706257200000351e+01,-3.249390006800000208e+01,-5.431871610400000350e+01,-2.867638265900000150e+01
2.171081081100000088e+00,-5.109517458599999884e+01,-4.930894232299999658e+01,-3.206889770099999737e+01,-5.465893143499999951e+01,-2.859347886999999844e+01
2.191091091100000110e+00,-5.077507478199999724e+01,-5.050374341700000258e+01,-3.186985245700000036e+01,-5.979605509999999668e+01,-2.850840485399999835e+01
2.211101101099999688e+00,-4.907271757600000228e+01,-4.833292845100000079e+01,-3.178031251299999838e+01,-5.984427069000000188e+01,-2.864133913799999931e+01
2.231111111099999711e+00,-4.717043791799999752e+01,-4.980374143699999934e+01,-3.139174110200000101e+01,-6.543106500499999356e+01,-2.860290019700000030e+01
2.251121121099999733e+00,-4.749093809299999691e+01,-5.003564319600000232e+01,-3.186517129399999959e+01,-6.587021458300000631e+01,-2.879216207800000049e+01
2.271131131099999756e+00,-4.767102903499999655e+01,-5.426537511499999766e+01,-3.223770652999999697e+01,-7.594300378500000193e+01,-2.879268125899999831e+01
2.291141141099999778e+00,-4.639212370300000288e+01,-5.260713993000000244e+01,-3.260316061799999687e+01,-5.964163788799999821e+01,-2.882047509699999921e+01
2.311151151199999809e+00,-4.746450082900000211e+01,-5.326987587899999710e+01,-3.250299435899999878e+01,-6.424137868900000115e+01,-2.851093011300000057e+01
2.331161161199999832e+00,-5.059311251199999759e+01,-5.061005994399999963e+01,-3.226313610599999748e+01,-5.491768081200000040e+01,-2.776932334299999994e+01
2.351171171199999854e+00,-4.756299744999999746e+01,-4.939781152700000177e+01,-3.151267645600000122e+01,-5.338242654900000161e+01,-2.689269340199999903e+01
2.371181181199999877e+00,-4.888211362300000218e+01,-4.706016261199999917e+01,-3.100929637999999855e+01,-5.521129821400000282e+01,-2.604206403199999897e+01
2.391191191199999899e+00,-4.977874920000000003e+01,-4.645157358200000175e+01,-3.108077773799999832e+01,-5.612071353999999701e+01,-2.561209542099999936e+01
2.411201201199999922e+00,-5.043998667399999647e+01,-4.674404414899999693e+01,-3.116334080300000053e+01,-5.200465225399999980e+01,-2.541349440400000148e+01
2.431211211199999944e+00,-5.120907812200000109e+01,-4.744332477799999737e+01,-3.076727634699999925e+01,-5.058620741200000026e+01,-2.541916029300000091e+01
2.451221221199999967e+00,-4.886083294600000215e+01,-4.786392298599999862e+01,-3.033468585399999995e+01,-5.221965354200000320e+01,-2.529460376600000160e+01
2.471231231199999989e+00,-4.980145178600000122e+01,-4.531794463500000347e+01,-3.035225636599999888e+01,-5.366388261000000170e+01,-2.531092844400000175e+01
2.491241241200000012e+00,-4.923152238200000141e+01,-4.556578015899999912e+01,-3.015779213200000086e+01,-5.201517382099999764e+01,-2.550845370400000078e+01
2.511251251300000042e+00,-5.307678419599999842e+01,-4.862539776300000227e+01,-3.039190793499999899e+01,-5.336942185299999863e+01,-2.564593483799999873e+01
2.531261261300000065e+00,-5.070780873599999694e+01,-4.834626818600000320e+01,-3.096071301099999928e+01,-5.535019785499999756e+01,-2.577602676300000084e+01
2.551271271300000087e+00,-5.492592584700000202e+01,-4.737269555200000326e+01,-3.128557348400000038e+01,-5.377317306799999841e+01,-2.596564193700000089e+01
2.571281281300000110e+00,-5.381132389300000085e+01,-4.693991618300000113e+01,-3.160434699199999997e+01,-5.535310505700000050e+01,-2.615720368399999884e+01
2.591291291300000132e+00,-5.104419016399999975e+01,-4.626329207799999921e+01,-3.201007594699999714e+01,-5.849089945200000074e+01,-2.608038368500000104e+01
2.611301301300000155e+00,-4.969932215400000075e+01,-4.643028594500000139e+01,-3.254768953300000334e+01,-6.018534892699999972e+01,-2.599520665200000025e+01
2.631311311300000177e+00,-5.063645592700000009e+01,-4.668678151600000348e+01,-3.265915732900000279e+01,-5.374734467799999749e+01,-2.569862375099999952e+01
2.651321321300000200e+00,-4.945802507700000206e+01,-4.756099743800000113e+01,-3.272106790099999785e+01,-5.157871774899999906e+01,-2.566960062100000073e+01
2.671331331300000222e+00,-5.002090455599999785e+01,-4.908975542000000303e+01,-3.259307660900000059e+01,-5.093832950000000181e+01,-2.551485840400000171e+01
2.691341341300000245e+00,-5.052139134400000131e+01,-5.301025685500000151e+01,-3.272076994599999722e+01,-5.209406114499999774e+01,-2.538479573400000078e+01
2.711351351400000276e+00,-4.967882843799999648e+01,-5.241353847399999921e+01,-3.276741386799999844e+01,-4.952340773400000273e+01,-2.518758424399999996e+01
2.731361361400000298e+00,-4.915788793600000162e+01,-5.368558732700000036e+01,-3.323022739400000347e+01,-5.325218314600000014e+01,-2.493579793400000000e+01
2.751371371399999877e+00,-5.287351171099999902e+01,-5.648598824799999818e+01,-3.355048425399999701e+01,-5.534164032599999672e+01,-2.458626482100000032e+01
2.771381381399999899e+00,-5.533206604699999787e+01,-6.098589610399999827e+01,-3.353142879399999998e+01,-5.460438268800000117e+01,-2.437491117600000123e+01
2.791391391399999922e+00,-5.137226785000000007e+01,-6.404882487599999763e+01,-3.344370127500000223e+01,-5.241108626100000123e+01,-2.425856728500000159e+01
2.811401401399999944e+00,-5.577474438000000134e+01,-7.459822284999999908e+01,-3.306675299799999834e+01,-5.741911422799999798e+01,-2.394823070200000004e+01
2.831411411399999967e+00,-5.560547724199999919e+01,-6.034751978300000275e+01,-3.278031853299999909e+01,-5.864276349200000027e+01,-2.380144078400000041e+01
2.851421421399999989e+00,-5.497875887299999675e+01,-6.450524240199999326e+01,-3.243868998800000014e+01,-5.605001185900000138e+01,-2.353255979500000095e+01
2.871431431400000012e+00,-5.350944725800000157e+01,-5.937702802799999802e+01,-3.266819722999999698e+01,-5.151436908600000208e+01,-2.339440711499999992e+01
2.891441441400000034e+00,-5.242436006100000156e+01,-5.638123521499999669e+01,-3.220286196100000353e+01,-5.018285435399999983e+01,-2.330390421899999964e+01
2.911451451500000065e+00,-5.357060270499999888e+01,-5.457212695599999819e+01,-3.227140452500000123e+01,-4.901431108399999914e+01,-2.310078306300000150e+01
2.931461461500000087e+00,-5.089479279500000075e+01,-5.491298560500000292e+01,-3.234949632600000058e+01,-5.070934369399999753e+01,-2.289203606099999888e+01
2.951471471500000110e+00,-4.888830310600000217e+01,-5.531666465299999658e+01,-3.248382303000000348e+01,-5.041817604500000272e+01,-2.248157822399999972e+01
2.971481481500000132e+00,-4.827574410999999799e+01,-5.760449959099999973e+01,-3.182628006399999876e+01,-4.878220818500000178e+01,-2.229806402399999854e+01
2.991491491500000155e+00,-4.901179490799999883e+01,-6.360866673600000354e+01,-3.134798899999999833e+01,-5.053446520300000344e+01,-2.201863198599999905e+01
3.011501501500000177e+00,-4.763699645799999871e+01,-5.644765416500000299e+01,-3.114649468900000073e+01,-4.979133416399999845e+01,-2.165788561600000151e+01
3.031511511500000200e+00,-4.705443600200000276e+01,-5.643335795400000166e+01,-3.083620524499999860e+01,-4.849792478999999901e+01,-2.147855097400000091e+01
3.051521521499999778e+00,-4.708406786199999772e+01,-5.320084177100000034e+01,-3.034887805500000013e+01,-4.794593915800000161e+01,-2.138829560699999988e+01
3.071531531499999801e+00,-4.683975064199999849e+01,-5.659468842799999777e+01,-3.007346588000000054e+01,-4.815540557700000335e+01,-2.118924858400000133e+01
3.091541541499999823e+00,-4.707177168399999800e+01,-5.402930221799999799e+01,-2.967326094299999895e+01,-4.918241106600000023e+01,-2.107313204600000134e+01
3.111551551599999854e+00,-4.658157146899999645e+01,-5.980773337400000145e+01,-2.904859999600000009e+01,-4.797836401800000061e+01,-2.117012399500000086e+01
3.131561561599999877e+00,-4.470321578800000140e+01,-5.494434661599999714e+01,-2.844206669400000109e+01,-4.817194809099999731e+01,-2.123011314600000077e+01
3.151571571599999899e+00,-4.504682358000000164e+01,-5.236626345599999865e+01,-2.823557610399999973e+01,-5.005229493299999888e+01,-2.139877572400000005e+01
3.171581581599999922e+00,-4.408510784599999965e+01,-4.987523245700000274e+01,-2.818578840500000027e+01,-5.057559607700000015e+01,-2.137791518999999951e+01
3.191591591599999944e+00,-4.370062180699999743e+01,-5.096318564500000292e+01,-2.772386630500000138e+01,-5.226755019000000146e+01,-2.183273808999999943e+01
3.211601601599999967e+00,-4.302685200199999827e+01,-4.900991694199999671e+01,-2.758681868900000111e+01,-5.124832405699999782e+01,-2.217106442200000060e+01
3.231611611599999989e+00,-4.304427096700000277e+01,-5.159812481400000195e+01,-2.729301250600000017e+01,-5.138002035600000283e+01,-2.261121253900000028e+01
3.251621621600000012e+00,-4.319682792799999760e+01,-5.219134043100000042e+01,-2.685165329100000164e+01,-4.921598302099999955e+01,-2.328620331500000162e+01
3.271631631600000034e+00,-4.290635579900000351e+01,-5.656090809700000221e+01,-2.647100808400000105e+01,-5.574317968500000120e+01,-2.443543533600000117e+01
3.291641641600000057e+00,-4.395974427099999815e+01,-5.601481223900000117e+01,-2.617507048199999886e+01,-5.338638778199999990e+01,-2.597089804200000174e+01
3.311651651699999643e+00,-4.342518515399999757e+01,-6.233905654699999843e+01,-2.590835774700000016e+01,-5.294543271399999895e+01,-2.748860715800000065e+01
3.331661661699999666e+00,-4.502174165499999958e+01,-5.611826824599999952e+01,-2.558461039699999873e+01,-5.597499220699999967e+01,-2.926201440899999895e+01
3.351671671699999688e+00,-4.646126188000000212e+01,-6.248452321799999964e+01,-2.518267868299999890e+01,-5.474809079999999994e+01,-3.114323694899999850e+01
3.371681681699999711e+00,-4.600531118499999650e+01,-5.959406818000000072e+01,-2.503754698999999917e+01,-5.537569402599999790e+01,-3.303249313199999904e+01
3.391691691699999733e+00,-4.524507438999999920e+01,-5.637986429099999697e+01,-2.500087599000000083e+01,-6.199649709500000228e+01,-3.392867101899999938e+01
3.411701701699999756e+00,-4.840735764000000074e+01,-5.294384049399999981e+01,-2.466105872600000026e+01,-6.580349446799999669e+01,-3.347650058100000336e+01
3.431711711699999778e+00,-4.804023498299999773e+01,-5.238225696899999662e+01,-2.435906452700000102e+01,-5.721729679199999907e+01,-3.247625703500000327e+01
3.451721721699999801e+00,-5.173062559699999952e+01,-5.452519675100000285e+01,-2.378239285500000122e+01,-6.055770326999999753e+01,-3.097108845099999996e+01
3.471731731699999823e+00,-4.784455631800000219e+01,-4.929466627000000045e+01,-2.341241364500000088e+01,-5.882136296099999839e+01,-2.964753276600000120e+01
3.491741741699999846e+00,-4.571168883699999697e+01,-5.031945919000000345e+01,-2.301258839699999825e+01,-6.543963108399999840e+01,-2.862215569900000034e+01
3.511751751800000321e+00,-4.499972214400000325e+01,-4.837811054600000205e+01,-2.268398528399999847e+01,-6.735145450199999573e+01,-2.725914329100000089e+01
3.531761761800000343e+00,-4.473415424699999932e+01,-4.611315439500000224e+01,-2.231844668800000164e+01,-6.053018723999999651e+01,-2.620536803699999950e+01
3.551771771800000366e+00,-4.356472039799999862e+01,-4.383661114400000258e+01,-2.200459693099999825e+01,-6.432018164299999796e+01,-2.535996221399999939e+01
3.571781781800000388e+00,-4.212818837199999678e+01,-4.349825137199999858e+01,-2.171359929999999849e+01,-5.651349296699999769e+01,-2.448602170199999861e+01
3.591791791800000411e+00,-4.340808875500000141e+01,-4.406794109300000173e+01,-2.139405584500000046e+01,-6.361160378999999665e+01,-2.385884571100000073e+01
3.611801801799999989e+00,-4.423695253500000035e+01,-4.199787285400000059e+01,-2.106359409699999929e+01,-5.747178700799999973e+01,-2.314831783400000020e+01
3.631811811800000012e+00,-4.275899697599999882e+01,-3.989780254899999790e+01,-2.070605419500000011e+01,-5.754003179800000112e+01,-2.274284882699999955e+01
3.651821821800000034e+00,-4.342764942099999814e+01,-4.134969820199999901e+01,-2.027687963099999990e+01,-5.748777302199999895e+01,-2.243996007300000173e+01
3.671831831800000057e+00,-4.311382219299999718e+01,-3.938848865199999949e+01,-1.991282522999999927e+01,-5.993383422899999857e+01,-2.214870461699999993e+01
3.691841841800000079e+00,-4.440772579699999767e+01,-3.907615141899999855e+01,-1.959707421999999966e+01,-5.869471494599999772e+01,-2.178765035600000033e+01
3.711851851900000110e+00,-4.611709174300000313e+01,-3.798951893600000318e+01,-1.924870148700000172e+01,-6.703858839999999475e+01,-2.144747383300000010e+01
3.731861861900000132e+00,-4.492611961099999718e+01,-3.900831382799999858e+01,-1.899798368200000098e+01,-5.727322441100000106e+01,-2.100086548799999875e+01
3.751871871900000155e+00,-4.505615410200000071e+01,-3.826000628599999942e+01,-1.849955028300000137e+01,-6.347074833500000324e+01,-2.086899255999999880e+01
3.771881881900000177e+00,-4.328308466299999679e+01,-3.788172285600000322e+01,-1.820742352299999922e+01,-6.361352361099999797e+01,-2.061177849499999937e+01
3.791891891900000200e+00,-4.349209497300000038e+01,-3.704769532499999940e+01,-1.802703064299999980e+01,-5.888820248999999762e+01,-2.025216329099999868e+01
3.811901901900000222e+00,-4.352901422800000120e+01,-3.581283250399999929e+01,-1.770525432999999893e+01,-7.397339576100000613e+01,-2.001653906099999958e+01
3.831911911900000245e+00,-4.541583497900000310e+01,-3.792455501599999934e+01,-1.719616977900000165e+01,-6.122451333699999765e+01,-1.999623054999999994e+01
3.851921921900000267e+00,-4.460166164599999661e+01,-3.677673760599999753e+01,-1.683791694399999983e+01,-5.836869724799999659e+01,-1.988889292200000014e+01
3.871931931900000290e+00,-4.458801372799999996e+01,-3.518094226899999910e+01,-1.645740366900000140e+01,-6.166566110699999825e+01,-2.007970414400000081e+01
3.891941941900000312e+00,-4.448184408800000256e+01,-3.454007301400000074e+01,-1.625194612700000008e+01,-6.277352617700000081e+01,-2.003981558299999932e+01
3.911951951999999899e+00,-4.450114933100000059e+01,-3.405967663799999912e+01,-1.603377496599999930e+01,-6.047171026899999902e+01,-1.995768997600000105e+01
3.931961961999999922e+00,-4.409670819400000141e+01,-3.393723052899999715e+01,-1.579259959500000043e+01,-5.707589835899999997e+01,-2.005215774299999865e+01
3.951971971999999944e+00,-4.461856678800000253e+01,-3.430497252800000041e+01,-1.556560442900000041e+01,-5.997662706300000224e+01,-1.996728082799999981e+01
3.971981981999999967e+00,-4.424255160500000272e+01,-3.378638182800000322e+01,-1.547689592400000080e+01,-6.379880519299999975e+01,-1.996210219600000002e+01
3.991991991999999989e+00,-4.528351323199999712e+01,-3.336990774800000281e+01,-1.554870963599999989e+01,-6.382138191800000016e+01,-2.008091302100000064e+01
4.012002002000000012e+00,-4.244190375600000209e+01,-3.279397487100000319e+01,-1.562122716800000077e+01,-6.094297048100000325e+01,-2.007873165599999865e+01
4.032012012000000034e+00,-4.270010773300000295e+01,-3.250709504999999666e+01,-1.576970446199999998e+01,-7.595804958700000498e+01,-2.016472542400000023e+01
4.052022022000000057e+00,-4.364664711000000352e+01,-3.245831837499999750e+01,-1.580085316499999948e+01,-6.766802187300000071e+01,-2.030437316300000106e+01
4.072032032000000079e+00,-4.316807146800000083e+01,-3.315168507799999986e+01,-1.606368145200000086e+01,-6.560590444700000035e+01,-2.029579160500000157e+01
4.092042042000000102e+00,-4.240294683199999781e+01,-3.318195116300000080e+01,-1.636925530399999928e+01,-5.507037562899999728e+01,-2.027890666100000061e+01
4.112052052100000132e+00,-4.309959545400000280e+01,-3.313166745600000240e+01,-1.667777521500000049e+01,-6.141170486800000106e+01,-2.035521933400000094e+01
4.132062062100000155e+00,-4.310035603499999723e+01,-3.279259021000000018e+01,-1.706330215299999864e+01,-5.971272258700000179e+01,-2.035976288299999837e+01
4.152072072100000177e+00,-4.454161675299999956e+01,-3.238329339599999912e+01,-1.751524753700000048e+01,-7.190394675400000324e+01,-2.045691467700000032e+01
4.172082082100000200e+00,-4.477831791900000269e+01,-3.286209394299999786e+01,-1.780975370299999838e+01,-6.808853424500000528e+01,-2.065564747100000176e+01
4.192092092100000222e+00,-4.512114456599999812e+01,-3.384493575999999848e+01,-1.825063658299999858e+01,-5.915009189100000242e+01,-2.059911188599999932e+01
4.212102102100000245e+00,-4.437069825900000097e+01,-3.375317903100000194e+01,-1.885432475600000046e+01,-5.182795422499999916e+01,-2.079208265700000169e+01
4.232112112100000267e+00,-4.372954883300000262e+01,-3.383870823000000172e+01,-1.954745756699999859e+01,-5.992037611899999661e+01,-2.101998129700000106e+01
4.252122122100000290e+00,-4.725047629600000221e+01,-3.369890360600000179e+01,-2.032623113400000037e+01,-6.233050211900000193e+01,-2.140718208399999867e+01
4.272132132100000312e+00,-4.675197511399999684e+01,-3.389132048399999775e+01,-2.074287504500000168e+01,-6.438757871999999338e+01,-2.151703614999999914e+01
4.292142142100000335e+00,-5.421494776299999785e+01,-3.543666862900000325e+01,-2.138505968100000132e+01,-6.395919617999999929e+01,-2.170569973799999985e+01
4.312152152199999477e+00,-4.685510433299999988e+01,-3.511240017499999766e+01,-2.194640147400000174e+01,-5.546962572399999658e+01,-2.213487442499999958e+01
4.332162162199999500e+00,-4.901549998499999816e+01,-3.480128221100000019e+01,-2.268210886900000034e+01,-5.678216636100000159e+01,-2.229484547099999858e+01
4.352172172199999522e+00,-4.888571437099999883e+01,-3.680127660499999820e+01,-2.300770342299999882e+01,-6.738913961199999392e+01,-2.243880704400000070e+01
4.372182182199999545e+00,-4.609962177599999933e+01,-3.559324982399999726e+01,-2.289905602199999990e+01,-5.498783518100000123e+01,-2.230179763800000003e+01
4.392192192199999567e+00,-4.876669087300000172e+01,-3.503975650000000286e+01,-2.309159660599999953e+01,-6.420344660899999667e+01,-2.214573756000000060e+01
4.412202202199999590e+00,-4.717782323099999786e+01,-3.686121325500000268e+01,-2.345846021699999895e+01,-6.061096644599999905e+01,-2.196881664600000050e+01
4.432212212199999612e+00,-4.993587683799999866e+01,-3.684585164899999654e+01,-2.376178711900000096e+01,-5.231105955099999960e+01,-2.169276995199999902e+01
4.452222222199999635e+00,-5.239240118699999726e+01,-3.807521612699999736e+01,-2.404169884999999951e+01,-5.970906020200000341e+01,-2.147760592399999879e+01
4.472232232199999657e+00,-4.898092764199999749e+01,-3.457833976999999948e+01,-2.402675863700000036e+01,-5.586045993100000118e+01,-2.111540732699999978e+01
4.492242242199999680e+00,-5.404353344700000150e+01,-3.635965189299999878e+01,-2.381632945500000176e+01,-5.881426240799999761e+01,-2.078479937699999880e+01
4.512252252300000599e+00,-5.103830127900000235e+01,-3.788146445600000334e+01,-2.404435573800000014e+01,-6.211445706800000011e+01,-2.043542479399999934e+01
4.532262262300000621e+00,-4.847453889500000201e+01,-3.771791019199999795e+01,-2.413560023400000176e+01,-5.543281546000000048e+01,-1.994991310500000026e+01
4.552272272299999756e+00,-4.714510393799999832e+01,-3.837586880300000303e+01,-2.370805096000000134e+01,-5.599642176700000107e+01,-1.957387083900000135e+01
4.572282282299999778e+00,-4.880262370500000202e+01,-3.676587332199999736e+01,-2.336033774899999926e+01,-5.951711560399999712e+01,-1.932615190399999960e+01
4.592292292299999801e+00,-4.449696365700000200e+01,-3.810066435000000240e+01,-2.325311630199999868e+01,-8.009341123199999402e+01,-1.886392060000000015e+01
4.612302302299999823e+00,-4.395088143099999911e+01,-3.653458605899999867e+01,-2.272989117499999878e+01,-6.061200500599999685e+01,-1.847166465999999829e+01
4.632312312299999846e+00,-4.284567552600000084e+01,-3.652316564600000248e+01,-2.259459428299999928e+01,-6.963489563100000623e+01,-1.813674727000000075e+01
4.652322322299999868e+00,-4.246907257699999860e+01,-3.693499151999999697e+01,-2.266682305200000158e+01,-6.130517411799999650e+01,-1.778597782900000013e+01
4.672332332299999891e+00,-4.098514717700000176e+01,-3.683927597000000276e+01,-2.253607445400000131e+01,-6.536719720700000380e+01,-1.744826978900000114e+01
4.692342342299999913e+00,-4.037389117400000060e+01,-3.625966900200000254e+01,-2.270525097699999861e+01,-6.219547368599999970e+01,-1.733170789800000122e+01
4.712352352399999944e+00,-3.954133178200000032e+01,-3.797890913900000243e+01,-2.231986877099999944e+01,-5.595218060599999887e+01,-1.705374455000000111e+01
4.732362362399999967e+00,-3.879001525399999650e+01,-3.695888144500000294e+01,-2.241999763999999828e+01,-5.439820758900000186e+01,-1.683149879600000176e+01
4.752372372399999989e+00,-3.871849052299999983e+01,-3.805046478500000262e+01,-2.265781682200000091e+01,-5.141485045900000017e+01,-1.681847723699999975e+01
4.772382382400000012e+00,-3.764025993799999981e+01,-3.852022909899999803e+01,-2.322626775599999860e+01,-5.153310680300000257e+01,-1.667139336400000005e+01
4.792392392400000034e+00,-3.623196285699999919e+01,-3.674145338099999947e+01,-2.344881484700000129e+01,-5.863207343300000218e+01,-1.641433207100000047e+01
4.812402402400000057e+00,-3.741971265699999805e+01,-3.623610371800000252e+01,-2.373824513399999958e+01,-5.211975423599999857e+01,-1.644544018099999860e+01
4.832412412399999191e+00,-3.515170037400000069e+01,-3.684434440399999744e+01,-2.411294795899999954e+01,-5.491292081000000280e+01,-1.627031824199999832e+01
4.852422422399999213e+00,-3.457091587699999735e+01,-3.698110311199999956e+01,-2.485407875199999950e+01,-5.362703138900000255e+01,-1.630995290399999931e+01
4.872432432399999236e+00,-3.377655316500000282e+01,-4.256200516599999872e+01,-2.553633363799999856e+01,-6.696980542299999684e+01,-1.633759579899999892e+01
4.892442442399999258e+00,-3.398505798699999758e+01,-3.907030883299999857e+01,-2.662345161300000029e+01,-5.001281851099999898e+01,-1.644875107100000022e+01
4.912452452500000177e+00,-3.375628603399999861e+01,-3.766967328199999798e+01,-2.669413098000000062e+01,-5.652065443200000061e+01,-1.661234302400000118e+01
4.932462462500000200e+00,-3.385538851500000135e+01,-3.585058796900000289e+01,-2.624135453499999926e+01,-5.105016899099999961e+01,-1.672155429700000084e+01
4.952472472500000222e+00,-3.380161775300000215e+01,-3.547512528699999734e+01,-2.702844973299999864e+01,-5.604199541199999857e+01,-1.687930977699999957e+01
4.972482482500000245e+00,-3.284106379699999678e+01,-3.608542631200000272e+01,-2.754761852200000050e+01,-5.811153825899999958e+01,-1.688924639000000028e+01
4.992492492500000267e+00,-3.317497129800000266e+01,-3.555963618799999892e+01,-2.799150365499999893e+01,-5.173668317399999950e+01,-1.715644813600000163e+01
5.012502502500000290e+00,-3.249380023500000192e+01,-3.365093868099999952e+01,-2.722641246799999948e+01,-5.420124331200000256e+01,-1.742762932799999831e+01
5.032512512500000312e+00,-3.385641288099999713e+01,-3.258365772700000207e+01,-2.723857246400000065e+01,-5.004970773200000167e+01,-1.757290857599999967e+01
5.052522522500000335e+00,-3.311968159399999934e+01,-3.251855762000000283e+01,-2.708113914600000172e+01,-5.107960922299999851e+01,-1.782305192800000171e+01
5.072532532500000357e+00,-3.329853123600000231e+01,-3.313591598499999691e+01,-2.720736186399999923e+01,-4.840207108999999974e+01,-1.813178886200000051e+01
5.092542542500000380e+00,-3.355471045600000224e+01,-3.158735277799999963e+01,-2.728346859799999891e+01,-4.865305610299999728e+01,-1.841315842199999864e+01
5.112552552600000411e+00,-3.305568120299999890e+01,-3.060571927399999836e+01,-2.713244538200000022e+01,-5.021093392899999941e+01,-1.876909498599999893e+01
5.132562562600000433e+00,-3.352333821300000238e+01,-2.932634390999999852e+01,-2.656017484399999873e+01,-4.795755348000000140e+01,-1.911231327899999854e+01
5.152572572600000456e+00,-3.321833817299999936e+01,-2.898939082500000097e+01,-2.634581928200000078e+01,-4.738008422800000119e+01,-1.939001452700000172e+01
5.172582582600000478e+00,-3.474407604499999991e+01,-2.929862351399999909e+01,-2.685797203599999960e+01,-4.672938777299999913e+01,-1.983779432800000109e+01
5.192592592600000501e+00,-3.418054868200000129e+01,-2.858888278399999905e+01,-2.722762060999999889e+01,-4.653029341599999924e+01,-2.005719652300000178e+01
5.212602602600000523e+00,-3.426956236600000238e+01,-2.815607784299999850e+01,-2.728231061400000002e+01,-4.984357136799999921e+01,-2.033695196600000088e+01
5.232612612600000546e+00,-3.420750503699999712e+01,-2.805248341900000142e+01,-2.693351706900000053e+01,-5.198301600100000286e+01,-2.073788069300000103e+01
5.252622622600000568e+00,-3.467052155999999741e+01,-2.752718473099999841e+01,-2.722050746700000090e+01,-4.935413957600000145e+01,-2.073607691400000164e+01
5.272632632600000591e+00,-3.570973019800000259e+01,-2.802811256800000095e+01,-2.794459420800000160e+01,-4.519549278499999900e+01,-2.085237460800000164e+01
5.292642642600000613e+00,-3.600672819999999774e+01,-2.788027835300000135e+01,-2.866426068999999899e+01,-4.546348582400000282e+01,-2.151123223600000145e+01
5.312652652699999756e+00,-3.583999138600000123e+01,-2.765099568000000119e+01,-2.951952043200000020e+01,-5.321191319900000138e+01,-2.159100648300000103e+01
5.332662662699999778e+00,-3.661750986700000254e+01,-2.745614271599999867e+01,-2.959457433100000046e+01,-4.919843101200000035e+01,-2.197156554900000103e+01
5.352672672699999801e+00,-3.841407023600000059e+01,-2.743287417899999880e+01,-2.950824612299999927e+01,-5.006558018999999859e+01,-2.215170339200000171e+01
5.372682682699999823e+00,-3.705848301399999656e+01,-2.769727770500000119e+01,-2.954515338199999874e+01,-4.764667241499999761e+01,-2.271177819100000050e+01
5.392692692699999846e+00,-3.744489652000000035e+01,-2.809601381499999917e+01,-3.089034181999999973e+01,-5.064588367500000032e+01,-2.296536513099999866e+01
5.412702702699999868e+00,-3.743317715999999962e+01,-2.826189270700000122e+01,-3.234513344900000220e+01,-5.048038264600000247e+01,-2.335043558299999944e+01
5.432712712699999891e+00,-4.088843213199999838e+01,-2.789918696100000162e+01,-3.273696940199999972e+01,-4.707142592299999961e+01,-2.355558824499999915e+01
5.452722722699999913e+00,-4.056580458300000203e+01,-2.755888561400000114e+01,-3.245936508599999826e+01,-5.368140067099999868e+01,-2.416592724599999897e+01
5.472732732699999936e+00,-4.273948304700000023e+01,-2.770754233899999974e+01,-3.283765877100000097e+01,-4.914005165500000061e+01,-2.458627838600000004e+01
5.492742742699999958e+00,-4.067993048499999986e+01,-2.718950970699999914e+01,-3.323201553799999886e+01,-4.802951000699999895e+01,-2.499946707100000154e+01
5.512752752799999989e+00,-4.028643859499999991e+01,-2.687429107499999859e+01,-3.505810261399999916e+01,-4.875755469799999986e+01,-2.557056207600000164e+01
5.532762762800000012e+00,-4.284013250499999970e+01,-2.667975032400000046e+01,-3.543243487800000224e+01,-4.742864257800000161e+01,-2.620560986199999931e+01
5.552772772800000034e+00,-4.153352750599999865e+01,-2.693584293400000007e+01,-3.511876740699999999e+01,-5.413816118199999750e+01,-2.664646304500000085e+01
5.572782782800000057e+00,-3.872406766299999958e+01,-2.696537026100000034e+01,-3.533504242499999748e+01,-5.008984743599999945e+01,-2.688437490700000154e+01
5.592792792800000079e+00,-4.050356406899999939e+01,-2.627176678700000068e+01,-3.616672730799999869e+01,-4.684588366799999903e+01,-2.669766766400000080e+01
5.612802802800000102e+00,-4.084292708000000260e+01,-2.537332636800000074e+01,-3.721299613400000084e+01,-4.738061056800000159e+01,-2.727596693199999933e+01
5.632812812800000124e+00,-4.109514307399999922e+01,-2.594865888300000023e+01,-3.925124236599999961e+01,-4.769398162099999894e+01,-2.696041397899999836e+01
5.652822822800000147e+00,-4.053525112199999825e+01,-2.533025244999999970e+01,-3.663308617999999939e+01,-4.421538489800000349e+01,-2.706889104500000087e+01
5.672832832800000169e+00,-4.145254425000000253e+01,-2.526445911400000099e+01,-3.764002884899999657e+01,-4.646301090499999731e+01,-2.678714400499999826e+01
5.692842842800000192e+00,-4.126332613900000013e+01,-2.507834670500000129e+01,-3.805469887000000284e+01,-4.767641840699999989e+01,-2.699805582400000148e+01
5.712852852899999334e+00,-3.931430288800000028e+01,-2.502355551699999836e+01,-3.737801086099999992e+01,-5.044632143100000121e+01,-2.677299539199999856e+01
5.732862862899999357e+00,-4.212909831900000057e+01,-2.537789587600000019e+01,-3.686731068200000294e+01,-5.146303766199999785e+01,-2.704213133100000022e+01
5.752872872899999379e+00,-4.162810560199999799e+01,-2.479434552700000083e+01,-3.704253666099999975e+01,-4.466571169099999850e+01,-2.692843536099999824e+01
5.772882882899999402e+00,-3.914638004100000046e+01,-2.543906102700000105e+01,-3.561025579300000032e+01,-5.203554166800000047e+01,-2.742780191800000011e+01
5.792892892899999424e+00,-3.885908846699999941e+01,-2.531022979300000131e+01,-3.440060932899999813e+01,-5.111673218399999996e+01,-2.655922724399999879e+01
5.812902902899999447e+00,-3.951922918700000054e+01,-2.572891081899999932e+01,-3.400049792299999751e+01,-4.795187388000000084e+01,-2.719378989699999849e+01
5.832912912899999469e+00,-4.162680934600000171e+01,-2.585183938699999828e+01,-3.338259339700000083e+01,-5.513026986799999918e+01,-2.779942933099999891e+01
5.852922922899999492e+00,-4.016127124700000195e+01,-2.591619764800000070e+01,-3.434820428300000117e+01,-4.475439473600000184e+01,-2.836112742899999972e+01
5.872932932899999514e+00,-4.201915853900000286e+01,-2.645457238399999866e+01,-3.308795921000000106e+01,-5.359216117900000143e+01,-2.938584212800000017e+01
5.892942942899999537e+00,-4.139709201099999802e+01,-2.686265446199999829e+01,-3.289304649000000325e+01,-5.395453176099999837e+01,-3.013263589700000011e+01
5.912952952999999567e+00,-3.935305359499999867e+01,-2.773302217999999897e+01,-3.372773263900000273e+01,-5.307285998900000124e+01,-3.193614090499999847e+01
5.932962962999999590e+00,-4.085951359300000263e+01,-2.766659503200000003e+01,-3.336038427900000158e+01,-5.079592361800000333e+01,-3.273792757900000083e+01
5.952972972999999612e+00,-4.273314707600000162e+01,-2.797527055200000135e+01,-3.300646645300000159e+01,-5.038821397299999916e+01,-3.406803706699999879e+01
5.972982982999999635e+00,-4.115126707000000295e+01,-2.865730426800000075e+01,-3.283164811700000030e+01,-5.201346233099999949e+01,-3.695032898099999841e+01
5.992992992999999657e+00,-4.181656218999999908e+01,-2.914272612399999929e+01,-3.228731527800000123e+01,-5.026666671400000297e+01,-3.671166388799999680e+01
6.013003002999999680e+00,-4.210457041699999792e+01,-2.950488852599999845e+01,-3.149205854299999885e+01,-5.015653671500000144e+01,-3.610298680599999699e+01
6.033013012999999702e+00,-4.278670255099999764e+01,-2.957279456299999865e+01,-3.099876409000000166e+01,-5.491947961700000036e+01,-3.572108378699999776e+01
6.053023022999999725e+00,-3.920385138700000027e+01,-3.092613840599999975e+01,-3.068285180299999837e+01,-4.756330572200000262e+01,-3.413901660799999860e+01
6.073033032999999747e+00,-4.259194299100000336e+01,-3.088872299899999874e+01,-3.060863095699999903e+01,-4.682828836499999881e+01,-3.388466349099999775e+01
6.093043042999999770e+00,-4.003139356700000207e+01,-3.164770047200000036e+01,-3.018031933299999992e+01,-4.894545101300000312e+01,-3.296284690600000289e+01
6.113053053100000689e+00,-4.496788295700000049e+01,-3.248265956099999840e+01,-2.963999234899999990e+01,-4.975553219700000085e+01,-3.192469335899999905e+01
6.133063063100000711e+00,-4.016532507800000218e+01,-3.265229648199999701e+01,-2.824872119600000175e+01,-5.011758007099999901e+01,-3.060613033699999974e+01
6.153073073100000734e+00,-4.105169185500000140e+01,-3.306520474900000295e+01,-2.792725281999999964e+01,-4.994729899800000084e+01,-2.997503159300000064e+01
6.173083083100000756e+00,-4.039434884199999942e+01,-3.272406012399999753e+01,-2.744877819699999932e+01,-5.133157187700000179e+01,-2.991144922100000159e+01
6.193093093100000779e+00,-4.109437506100000093e+01,-3.385507635300000118e+01,-2.670251912699999863e+01,-4.584729150100000084e+01,-3.011734200000000072e+01
6.213103103100000801e+00,-3.935293387000000109e+01,-3.273525438400000098e+01,-2.663905007700000027e+01,-5.329338507700000349e+01,-2.905245586399999880e+01
6.233113113100000824e+00,-4.071170848100000228e+01,-3.514028333299999929e+01,-2.618273160800000099e+01,-4.731005506300000008e+01,-2.937332830100000081e+01
6.253123123099999958e+00,-3.909335640900000186e+01,-3.492419224100000008e+01,-2.561746437900000117e+01,-5.824680852099999839e+01,-2.909217615300000048e+01
6.273133133099999981e+00,-4.139736548599999821e+01,-3.482107277000000067e+01,-2.548642321999999893e+01,-4.765628528900000305e+01,-2.928128827400000134e+01
6.293143143100000003e+00,-3.829014660299999662e+01,-3.541193041500000049e+01,-2.470070847099999867e+01,-5.630170980399999792e+01,-2.928383657899999903e+01
6.313153153200000034e+00,-4.086089358099999913e+01,-3.632194434699999874e+01,-2.395620277400000120e+01,-4.940410002499999820e+01,-2.942732208400000005e+01
6.333163163200000056e+00,-3.994206062599999996e+01,-3.427395349900000099e+01,-2.351268288900000059e+01,-5.089113066400000207e+01,-2.919815342300000083e+01
6.353173173200000079e+00,-3.986204931299999998e+01,-3.552094516700000071e+01,-2.314383334900000122e+01,-4.960550648000000251e+01,-2.873917729700000123e+01
6.373183183200000101e+00,-3.917077064099999717e+01,-3.558029471100000052e+01,-2.253178346099999985e+01,-5.251355905799999846e+01,-2.883379841200000016e+01
6.393193193200000124e+00,-4.043031548799999797e+01,-3.646864041199999917e+01,-2.213830116600000153e+01,-5.249407419799999985e+01,-2.843555262099999936e+01
6.413203203200000146e+00,-3.927675528299999996e+01,-3.563553454000000187e+01,-2.195117402300000009e+01,-5.995433124699999894e+01,-2.805615245199999919e+01
6.433213213200000169e+00,-4.074311521100000277e+01,-3.397737326099999677e+01,-2.160790906800000144e+01,-5.352714694699999853e+01,-2.774928587000000135e+01
6.453223223200000191e+00,-3.902032895400000001e+01,-3.456320511700000253e+01,-2.148324713399999908e+01,-6.242411084399999766e+01,-2.739361813100000020e+01
6.473233233200000214e+00,-3.874831595900000281e+01,-3.371922106099999894e+01,-2.155402278500000079e+01,-5.461224600799999962e+01,-2.682164059899999842e+01
6.493243243200000236e+00,-4.001560492499999810e+01,-3.460796916000000323e+01,-2.150251569399999951e+01,-5.383814438400000313e+01,-2.659203789100000037e+01
6.513253253300000267e+00,-3.841992276700000275e+01,-3.516120811100000054e+01,-2.163037930200000147e+01,-5.665328241800000342e+01,-2.633347059100000109e+01
6.533263263300000290e+00,-3.795608887699999912e+01,-3.549125154099999691e+01,-2.148439630500000064e+01,-5.641761538800000153e+01,-2.619522580299999959e+01
6.553273273300000312e+00,-3.864892784500000289e+01,-3.693162121200000314e+01,-2.185027770599999997e+01,-4.807186038999999766e+01,-2.572420569399999835e+01
6.573283283300000335e+00,-3.755830138799999673e+01,-3.419321676199999871e+01,-2.196269651800000133e+01,-4.849075301399999915e+01,-2.508988202000000101e+01
6.593293293300000357e+00,-3.719844867100000130e+01,-3.613683497400000277e+01,-2.184541876300000141e+01,-5.057799204700000217e+01,-2.510352549999999994e+01
6.613303303300000380e+00,-3.811557574500000101e+01,-3.590783238400000243e+01,-2.218552061000000108e+01,-5.193793853599999721e+01,-2.525363215999999866e+01
6.633313313300000402e+00,-3.786178624600000120e+01,-3.692722870600000107e+01,-2.195119010799999870e+01,-4.558511744199999782e+01,-2.473090465099999946e+01
6.653323323300000425e+00,-3.789284206600000005e+01,-3.458736962300000073e+01,-2.180413595599999965e+01,-4.386729723100000200e+01,-2.458673534700000118e+01
6.673333333300000447e+00,-3.689096678500000337e+01,-3.561403760999999690e+01,-2.185624100800000136e+01,-4.370741426200000035e+01,-2.492133924999999905e+01
6.693343343300000470e+00,-3.557796624600000257e+01,-3.611656642700000219e+01,-2.178537363799999937e+01,-4.774368533700000228e+01,-2.446912097299999900e+01
6.713353353399999612e+00,-3.516092105500000287e+01,-3.506638939900000196e+01,-2.183661836099999931e+01,-4.606545565500000095e+01,-2.435150846499999844e+01
6.733363363399999635e+00,-3.545805589700000127e+01,-3.513887060399999740e+01,-2.178898426399999977e+01,-4.387516783600000281e+01,-2.415163181599999831e+01
6.753373373399999657e+00,-3.409071197699999800e+01,-3.518918654800000212e+01,-2.186717280099999883e+01,-4.331629322900000290e+01,-2.392700414200000125e+01
6.773383383399999680e+00,-3.516057691200000335e+01,-3.444093382900000222e+01,-2.201777312100000117e+01,-4.491689994499999727e+01,-2.385791641400000174e+01
6.793393393399999702e+00,-3.427720728799999961e+01,-3.397305656799999696e+01,-2.230126652099999873e+01,-4.511049206900000286e+01,-2.346426381199999867e+01
6.813403403399999725e+00,-3.547080988799999801e+01,-3.447993765100000019e+01,-2.229041955900000005e+01,-4.842696935299999694e+01,-2.318806894500000126e+01
6.833413413399999747e+00,-3.358362416199999956e+01,-3.423045203800000280e+01,-2.236451989700000098e+01,-4.670730488899999955e+01,-2.317349668700000009e+01
6.853423423399999770e+00,-3.349683530899999795e+01,-3.509087081900000271e+01,-2.269398887499999873e+01,-5.879657490200000325e+01,-2.286254458200000172e+01
6.873433433399999792e+00,-3.350670977600000100e+01,-3.387702337000000341e+01,-2.286723010200000061e+01,-4.628434271399999744e+01,-2.299410013399999997e+01
6.893443443399999815e+00,-3.387987023400000197e+01,-3.442242783399999695e+01,-2.275817819699999944e+01,-4.979105210699999873e+01,-2.224331566100000046e+01
6.913453453499999846e+00,-3.331067213400000071e+01,-3.431482862299999681e+01,-2.290781857400000021e+01,-5.153655855800000296e+01,-2.243341232999999946e+01
6.933463463499999868e+00,-3.352175727200000210e+01,-3.659169772700000323e+01,-2.267831201099999916e+01,-5.426076551999999964e+01,-2.186588410699999940e+01
6.953473473499999891e+00,-3.422124520399999881e+01,-3.676395375100000251e+01,-2.254349946399999993e+01,-5.602722358399999791e+01,-2.159718298399999981e+01
6.973483483499999913e+00,-3.330982270700000214e+01,-3.561043234099999921e+01,-2.292416005700000170e+01,-6.006106014099999868e+01,-2.140007292600000000e+01
6.993493493499999936e+00,-3.312544073099999764e+01,-3.560854687100000149e+01,-2.292501905800000017e+01,-5.013235884600000247e+01,-2.118643965600000101e+01
7.013503503499999958e+00,-3.250099339599999837e+01,-3.626323986500000274e+01,-2.277293720100000129e+01,-4.813875750100000062e+01,-2.089011871599999992e+01
7.033513513499999981e+00,-3.317479929200000299e+01,-3.463605405799999915e+01,-2.289764881500000016e+01,-4.459452120299999933e+01,-2.077210591800000117e+01
7.053523523500000003e+00,-3.328833759399999792e+01,-3.461186234699999886e+01,-2.283375537999999949e+01,-4.477843711799999937e+01,-2.074087894000000176e+01
7.073533533500000026e+00,-3.275658338099999867e+01,-3.605342625699999815e+01,-2.301782227500000033e+01,-4.236215771500000216e+01,-2.090610633600000057e+01
7.093543543500000048e+00,-3.200774193899999887e+01,-3.488850560800000267e+01,-2.323565630399999904e+01,-4.277584604500000154e+01,-2.066025730799999849e+01
7.113553553600000079e+00,-3.339394084500000304e+01,-3.491965446500000070e+01,-2.323110302199999921e+01,-4.251165512299999705e+01,-2.081432676800000081e+01
7.133563563600000101e+00,-3.336783954100000216e+01,-3.582040236699999980e+01,-2.341423987099999948e+01,-4.247624886199999850e+01,-2.098987773400000023e+01
7.153573573600000124e+00,-3.438135503800000237e+01,-3.407325253900000206e+01,-2.370069569300000012e+01,-4.210953363099999791e+01,-2.115759293200000002e+01
7.173583583600000146e+00,-3.472188179199999780e+01,-3.287274445599999950e+01,-2.401718021699999994e+01,-4.186243289000000090e+01,-2.138665921999999853e+01
7.193593593600000169e+00,-3.507745475000000113e+01,-3.403913266899999712e+01,-2.423163731300000023e+01,-4.120745431000000281e+01,-2.154026337499999855e+01
7.213603603600000191e+00,-3.424883158699999797e+01,-3.279679384199999959e+01,-2.481465315299999830e+01,-4.212860722399999958e+01,-2.134931223599999939e+01
7.233613613600000214e+00,-3.537085289299999857e+01,-3.276857523099999980e+01,-2.466305228999999954e+01,-4.099992944499999936e+01,-2.155758654999999990e+01
7.253623623600000236e+00,-3.496027082999999891e+01,-3.261236734500000267e+01,-2.445965630999999973e+01,-4.036292329399999801e+01,-2.143028320299999834e+01
7.273633633600000259e+00,-3.478262276099999895e+01,-3.274738736700000175e+01,-2.460940909600000026e+01,-4.204820459199999760e+01,-2.155006967099999926e+01
7.293643643600000281e+00,-3.677663960600000337e+01,-3.287307186599999653e+01,-2.462983626799999826e+01,-4.367023858099999956e+01,-2.137936605100000165e+01
7.313653653699999424e+00,-3.454411162499999932e+01,-3.277263436500000182e+01,-2.454344963200000151e+01,-4.223813660900000144e+01,-2.116237671900000095e+01
7.333663663699999447e+00,-3.652704279200000315e+01,-3.336358255399999706e+01,-2.436860561399999980e+01,-4.145641004299999821e+01,-2.120555588299999883e+01
7.353673673699999469e+00,-3.447059353600000264e+01,-3.562775357299999968e+01,-2.440452728800000060e+01,-4.205912157299999876e+01,-2.065076330999999854e+01
7.373683683699999492e+00,-3.735738984700000032e+01,-3.719731402699999734e+01,-2.455485909500000119e+01,-4.084753238700000111e+01,-2.049401355899999899e+01
7.393693693699999514e+00,-3.633730173600000057e+01,-3.550460340200000076e+01,-2.515455579300000011e+01,-4.209339715899999845e+01,-2.045407896800000103e+01
7.413703703699999537e+00,-3.663110734199999996e+01,-3.809039609500000267e+01,-2.484079086899999922e+01,-4.167104102199999716e+01,-2.004264432400000118e+01
7.433713713699999559e+00,-3.642407618899999733e+01,-3.846202592800000275e+01,-2.523555046999999973e+01,-4.245086917599999765e+01,-1.990645662200000032e+01
7.453723723699999582e+00,-3.666647343399999670e+01,-4.185900871799999834e+01,-2.560708486700000108e+01,-3.924371954000000073e+01,-1.970054997900000160e+01
7.473733733699999604e+00,-3.835816076199999713e+01,-4.166588062600000342e+01,-2.593903162699999854e+01,-4.043579902799999815e+01,-1.974919906299999894e+01
7.493743743699999627e+00,-3.786696234200000077e+01,-4.233305471599999947e+01,-2.682519372399999824e+01,-4.097568293500000181e+01,-1.977888082899999844e+01
7.513753753800000545e+00,-3.949788460100000265e+01,-4.716648256100000225e+01,-2.720441969299999840e+01,-3.931688758899999669e+01,-1.968953881499999881e+01
7.533763763800000568e+00,-3.964519147699999735e+01,-4.650904929800000076e+01,-2.778021196299999929e+01,-3.786201247500000022e+01,-1.961560049599999900e+01
7.553773773800000590e+00,-3.969747772299999866e+01,-5.773408460499999961e+01,-2.803341572300000095e+01,-3.996337365699999822e+01,-1.975176338800000053e+01
7.573783783800000613e+00,-4.051488885700000253e+01,-4.810599206500000236e+01,-2.851690715899999873e+01,-3.977744814900000137e+01,-1.977260872900000166e+01
7.593793793799999747e+00,-3.865874133199999818e+01,-4.364698514300000198e+01,-3.008822001900000132e+01,-3.845601188799999903e+01,-1.967841315000000080e+01
7.613803803799999770e+00,-3.797893430700000295e+01,-4.591907235699999745e+01,-3.049512319999999832e+01,-3.779966172900000032e+01,-2.002172126800000029e+01
7.633813813799999792e+00,-3.807672091700000294e+01,-4.368504948300000024e+01,-3.174490150200000116e+01,-3.961674516899999787e+01,-2.000632055100000173e+01
7.653823823799999815e+00,-3.966684168700000157e+01,-4.133074768400000210e+01,-3.236146196600000025e+01,-3.954830414199999922e+01,-2.009238968400000047e+01
7.673833833799999837e+00,-3.584564593300000013e+01,-3.673672133699999875e+01,-3.386009188199999898e+01,-3.925444795399999975e+01,-2.022024578899999980e+01
7.693843843799999860e+00,-3.576672930600000200e+01,-3.709578874200000342e+01,-3.366089123900000146e+01,-4.003019947300000325e+01,-2.032687980400000072e+01
7.713853853899999891e+00,-3.469016603699999735e+01,-3.889392920099999884e+01,-3.697248370999999878e+01,-3.960757930100000124e+01,-2.061037814299999837e+01
7.733863863899999913e+00,-3.472329756500000286e+01,-4.035455582499999849e+01,-3.796276776900000272e+01,-3.926329790100000139e+01,-2.060245946199999878e+01
7.753873873899999936e+00,-3.431032457100000244e+01,-3.764705772199999956e+01,-3.882148022300000179e+01,-3.932070061999999666e+01,-2.086030201199999823e+01
7.773883883899999958e+00,-3.510086329100000313e+01,-3.911393008699999996e+01,-3.780115728700000233e+01,-4.082883414900000218e+01,-2.116579458300000027e+01
7.793893893899999981e+00,-3.464975954199999819e+01,-3.589157236599999834e+01,-3.791008707900000019e+01,-4.080089009200000305e+01,-2.142413508099999930e+01
7.813903903900000003e+00,-3.449967963400000315e+01,-3.624012283999999795e+01,-4.062007650500000011e+01,-4.212511013799999660e+01,-2.211137824300000077e+01
7.833913913900000026e+00,-3.435726292799999726e+01,-3.942735973599999966e+01,-4.298295912700000088e+01,-4.142022871500000036e+01,-2.216119556700000004e+01
7.853923923900000048e+00,-3.487020257799999712e+01,-3.641798552000000200e+01,-4.156572893399999913e+01,-4.294871533500000282e+01,-2.263642187900000025e+01
7.873933933899999182e+00,-3.307560105999999678e+01,-3.601114548799999682e+01,-4.140277864099999761e+01,-4.076688670200000075e+01,-2.307573022800000118e+01
7.893943943899999205e+00,-3.319039710700000256e+01,-3.792419848400000149e+01,-4.289235468700000098e+01,-3.836596529799999900e+01,-2.348865178599999837e+01
7.913953954000000124e+00,-3.344369171700000010e+01,-4.073838236200000296e+01,-3.980679148600000161e+01,-4.053777986800000122e+01,-2.385474117600000099e+01
7.933963964000000146e+00,-3.223498178799999891e+01,-3.859898137700000120e+01,-4.141135203999999703e+01,-3.971491819900000309e+01,-2.432214822999999981e+01
7.953973974000000169e+00,-3.260818294199999912e+01,-4.104262010499999747e+01,-4.169073243100000070e+01,-4.315730543499999783e+01,-2.481751838899999996e+01
7.973983984000000191e+00,-3.338223879400000271e+01,-4.300756773199999827e+01,-3.865732622099999816e+01,-3.977824184400000007e+01,-2.498008714199999858e+01
7.993993994000000214e+00,-3.251956584300000230e+01,-3.886537132899999847e+01,-3.616246401099999730e+01,-4.071198492399999935e+01,-2.474296733299999929e+01
8.014004004000000236e+00,-3.293287445600000041e+01,-4.035324691999999658e+01,-3.616583661199999966e+01,-4.095248370699999896e+01,-2.497854455699999932e+01
8.034014014000000259e+00,-3.377704284000000001e+01,-3.884950794099999882e+01,-3.521899954700000279e+01,-4.073082171899999793e+01,-2.530287302600000032e+01
8.054024024000000281e+00,-3.309608216600000219e+01,-3.759389931599999812e+01,-3.375072746800000090e+01,-4.027505915399999736e+01,-2.540925114199999868e+01
8.074034034000000304e+00,-3.457899691600000125e+01,-3.893920919100000333e+01,-3.196346620399999949e+01,-3.911560830100000175e+01,-2.563989245200000155e+01
8.094044044000000326e+00,-3.292531534100000101e+01,-3.678932473599999753e+01,-3.083865582800000027e+01,-4.138136797199999961e+01,-2.547268545000000017e+01
8.114054054100000357e+00,-3.439542582899999701e+01,-3.947102844700000190e+01,-3.032112847899999863e+01,-4.121679936799999666e+01,-2.578427798899999956e+01
8.134064064100000380e+00,-3.333943567099999683e+01,-4.281358921000000350e+01,-3.040595060100000069e+01,-3.948946938400000306e+01,-2.676447439100000025e+01
8.154074074100000402e+00,-3.121258833199999927e+01,-3.839789695099999989e+01,-2.940935132899999971e+01,-4.048331660499999884e+01,-2.718331498999999951e+01
8.174084084100000425e+00,-3.322470478900000046e+01,-4.148443328399999785e+01,-2.976717873300000150e+01,-3.983227283000000085e+01,-2.803495990000000049e+01
8.194094094100000447e+00,-3.414609765200000169e+01,-3.931261319499999729e+01,-3.078352096500000101e+01,-4.051218855399999796e+01,-2.880402329700000053e+01
8.214104104100000470e+00,-3.214489544399999943e+01,-3.834125325499999803e+01,-3.080967579100000009e+01,-3.830008837599999794e+01,-2.988977429899999905e+01
8.234114114100000492e+00,-3.108604733700000011e+01,-3.891669709300000335e+01,-3.136693895699999857e+01,-3.945990387700000213e+01,-3.003696937799999844e+01
8.254124124100000515e+00,-3.112462915800000118e+01,-3.745542554099999677e+01,-3.213386686900000200e+01,-4.139677318700000086e+01,-3.159809814999999844e+01
8.274134134100000537e+00,-3.132330362800000145e+01,-3.696559267300000329e+01,-3.240710132400000276e+01,-4.763617140000000205e+01,-3.246357702400000278e+01
8.294144144100000560e+00,-3.114127177499999988e+01,-3.533386370899999918e+01,-3.464211053900000081e+01,-4.625941509900000170e+01,-3.443681890599999917e+01
8.314154154200000590e+00,-3.078787658999999977e+01,-3.536071199799999931e+01,-3.679860023500000210e+01,-4.442181330799999728e+01,-3.481197657500000275e+01
8.334164164200000613e+00,-2.983379223000000025e+01,-3.394742936000000100e+01,-4.036883571999999987e+01,-4.580941164800000109e+01,-3.597678391899999895e+01
8.354174174200000635e+00,-3.009668404600000002e+01,-3.557041757599999698e+01,-4.512111748699999936e+01,-4.478224917600000055e+01,-3.912629900299999974e+01
8.374184184200000658e+00,-3.081500593100000174e+01,-3.581584518900000091e+01,-4.948827843899999834e+01,-4.607165682499999804e+01,-4.051919460999999956e+01
8.394194194200000680e+00,-2.930534839299999916e+01,-3.551391018900000063e+01,-4.875814151200000168e+01,-4.769506037800000087e+01,-4.490566619199999820e+01
8.414204204199998927e+00,-2.961432216600000089e+01,-3.475997132399999856e+01,-4.631401952800000288e+01,-4.630679955400000125e+01,-4.498562110299999972e+01
8.434214214199998949e+00,-2.959755140800000106e+01,-3.683153026400000130e+01,-3.953360131400000199e+01,-4.936604045600000035e+01,-4.366351337399999721e+01
8.454224224199998972e+00,-3.031858813799999908e+01,-3.673306720400000103e+01,-3.786360642799999709e+01,-4.449933724000000268e+01,-4.200926212400000281e+01
8.474234234199998994e+00,-2.899450889399999909e+01,-3.738777813699999797e+01,-3.745366109300000090e+01,-5.347555068900000208e+01,-4.005605475299999796e+01
8.494244244199999017e+00,-2.937663888999999884e+01,-3.827757308999999708e+01,-3.555730672800000036e+01,-5.062284111499999995e+01,-3.729871282799999932e+01
8.514254254300000824e+00,-2.971888443299999949e+01,-3.960863752899999923e+01,-3.521030204400000230e+01,-4.564456021499999849e+01,-3.449605768800000050e+01
8.534264264300000846e+00,-3.131962615600000177e+01,-3.968001410299999776e+01,-3.438297654200000153e+01,-5.254423599799999778e+01,-3.436874458799999843e+01
8.554274274300000869e+00,-3.115203319900000167e+01,-4.105188839299999870e+01,-3.417335482899999732e+01,-4.573934888400000176e+01,-3.259933029900000179e+01
8.574284284300000891e+00,-3.225929477900000109e+01,-4.495880252700000312e+01,-3.308991795499999711e+01,-4.975003581299999666e+01,-3.181499992499999863e+01
8.594294294299999137e+00,-3.254353788400000269e+01,-4.684609535199999897e+01,-3.316810803599999957e+01,-4.586376221999999814e+01,-3.178250502099999864e+01
8.614304304299999160e+00,-3.295181788899999731e+01,-5.569374676399999657e+01,-3.411442822499999750e+01,-4.848514846500000175e+01,-3.049373271099999982e+01
8.634314314299999182e+00,-3.311789503800000034e+01,-4.609466451099999773e+01,-3.529947070400000086e+01,-4.873119136700000098e+01,-3.110903224100000131e+01
8.654324324299999205e+00,-3.289451146999999764e+01,-4.889416478599999749e+01,-3.633776674100000292e+01,-5.100672925700000349e+01,-3.114078894200000036e+01
8.674334334299999227e+00,-3.299635214599999955e+01,-4.399963034400000339e+01,-3.639887732500000084e+01,-5.035187393100000008e+01,-3.005746001199999995e+01
8.694344344299999250e+00,-3.185391486199999989e+01,-4.745556361799999934e+01,-3.790804394700000302e+01,-5.105498160900000215e+01,-3.024189249999999873e+01
8.714354354399999281e+00,-3.462047066200000245e+01,-4.216478077499999699e+01,-3.884698124500000205e+01,-4.430947673299999678e+01,-2.969138658199999981e+01
8.734364364399999303e+00,-3.619006334499999866e+01,-4.639516997199999793e+01,-3.946045631399999820e+01,-4.664081845900000189e+01,-3.063220987600000100e+01
8.754374374399999326e+00,-3.669366727700000297e+01,-3.877339845699999898e+01,-3.966457410200000311e+01,-4.444771733799999680e+01,-3.145487512700000110e+01
8.774384384399999348e+00,-3.834786346900000353e+01,-3.749243716099999801e+01,-4.055166026700000259e+01,-4.606277133199999696e+01,-3.253225392800000293e+01
8.794394394399999371e+00,-3.827283652100000211e+01,-3.992393243200000086e+01,-4.339816276900000247e+01,-4.668448737500000334e+01,-3.213619323500000036e+01
8.814404404399999393e+00,-4.185425462300000277e+01,-4.004980846699999830e+01,-4.441052878099999646e+01,-4.278600591499999695e+01,-3.278166337500000083e+01
8.834414414399999416e+00,-4.584228341299999698e+01,-3.729135311800000352e+01,-4.779998078199999867e+01,-4.516304846199999901e+01,-3.383798289899999645e+01
8.854424424399999438e+00,-4.303783065500000049e+01,-4.239836647999999997e+01,-4.731290278000000171e+01,-4.426339564100000246e+01,-3.407285042699999877e+01
8.874434434399999461e+00,-4.351053890400000057e+01,-4.120724237600000350e+01,-4.326817349099999888e+01,-4.413015515699999725e+01,-3.823783043000000248e+01
8.894444444399999483e+00,-4.664877932800000337e+01,-4.460972578300000180e+01,-4.093909555199999772e+01,-4.291108684000000295e+01,-3.746478337199999942e+01
8.914454454499999514e+00,-4.527254493699999927e+01,-5.002699874000000335e+01,-4.065816663900000094e+01,-4.629115752199999889e+01,-4.116164742200000148e+01
8.934464464499999536e+00,-4.874654670099999976e+01,-4.430284386799999652e+01,-4.287081390699999872e+01,-4.254150031399999676e+01,-4.437194851499999970e+01
8.954474474499999559e+00,-5.014117235999999878e+01,-4.975219941799999646e+01,-4.219471161700000295e+01,-4.220736483400000338e+01,-4.056691419900000284e+01
8.974484484499999581e+00,-5.016481202800000005e+01,-4.493013825500000280e+01,-4.395949128400000205e+01,-4.373496073500000136e+01,-3.986606856600000270e+01
8.994494494499999604e+00,-4.360863476499999791e+01,-4.463817023400000039e+01,-4.057083664499999998e+01,-4.445633515000000102e+01,-3.683056708400000190e+01
9.014504504499999626e+00,-4.144198140200000324e+01,-4.453903118299999875e+01,-3.904783489500000115e+01,-4.686374012299999947e+01,-3.557198569999999904e+01
9.034514514499999649e+00,-4.331703602900000050e+01,-5.133744840600000003e+01,-3.905878481700000293e+01,-4.840338375799999682e+01,-3.188767123099999878e+01
9.054524524499999671e+00,-3.960416383300000120e+01,-4.237333509999999848e+01,-3.861706660600000163e+01,-4.378760573600000328e+01,-3.116563289600000175e+01
9.074534534499999694e+00,-3.786453353400000310e+01,-3.812209217600000244e+01,-3.762085871499999712e+01,-4.744925494799999655e+01,-3.055475034599999873e+01
9.094544544499999716e+00,-3.564810518400000205e+01,-4.015253607100000011e+01,-3.904393092699999812e+01,-5.531759259799999739e+01,-3.132693856199999871e+01
9.114554554599999747e+00,-3.539758716699999752e+01,-3.725205416099999667e+01,-3.781895540200000028e+01,-5.214553945000000112e+01,-2.934289236500000086e+01
9.134564564599999770e+00,-3.913428273200000262e+01,-3.994808177699999874e+01,-4.028337155700000238e+01,-5.079504196199999910e+01,-2.927352510800000118e+01
9.154574574599999792e+00,-3.332489248499999945e+01,-3.614474035899999649e+01,-3.806272221999999772e+01,-5.635615234200000145e+01,-2.894195314699999955e+01
9.174584584599999815e+00,-3.421442705399999795e+01,-3.291818343500000310e+01,-4.059468506500000018e+01,-4.881553957500000251e+01,-2.916163233500000018e+01
9.194594594599999837e+00,-3.361756313099999716e+01,-3.500273696099999654e+01,-3.800773718500000342e+01,-5.202366773400000000e+01,-2.806039407999999824e+01
9.214604604599999860e+00,-3.371409926799999823e+01,-3.423599010000000220e+01,-3.973316561899999755e+01,-4.476502726999999737e+01,-2.768527137999999965e+01
9.234614614599999882e+00,-3.146944743499999930e+01,-3.560047776999999769e+01,-4.060616230899999834e+01,-4.885940475700000007e+01,-2.729399407700000069e+01
9.254624624599999905e+00,-3.098344633299999984e+01,-3.340203731399999754e+01,-3.771659576100000066e+01,-4.573405160200000097e+01,-2.777850608700000024e+01
9.274634634599999927e+00,-3.263025379199999776e+01,-3.175863880900000069e+01,-3.523407463299999876e+01,-4.170536546700000002e+01,-2.696065862900000099e+01
9.294644644599999950e+00,-3.350279349899999914e+01,-3.080804076800000146e+01,-3.485648425499999803e+01,-4.184650174000000078e+01,-2.707703284999999838e+01
9.314654654699999980e+00,-3.014026220999999950e+01,-3.239180503299999714e+01,-3.609843701799999849e+01,-4.007950493900000311e+01,-2.655107944499999917e+01
9.334664664700000003e+00,-3.134243465899999848e+01,-3.146012577799999832e+01,-3.420025081600000050e+01,-3.944390761300000037e+01,-2.704898717800000085e+01
9.354674674700000025e+00,-3.372038405699999686e+01,-3.113277765599999825e+01,-3.372032562100000064e+01,-3.841823694600000039e+01,-2.728851040099999992e+01
9.374684684700000048e+00,-2.963774028099999924e+01,-3.084382597400000137e+01,-3.435073115400000177e+01,-4.045206239699999884e+01,-2.798367262500000052e+01
9.394694694700000070e+00,-3.261093896799999925e+01,-3.035369646599999882e+01,-3.394406727399999824e+01,-3.982066581600000177e+01,-2.794567245800000066e+01
9.414704704700000093e+00,-3.357557632799999681e+01,-3.217628541199999859e+01,-3.478367252099999973e+01,-4.349179609000000113e+01,-2.942187224299999926e+01
9.434714714700000115e+00,-3.225361937899999987e+01,-3.161695289200000047e+01,-3.325187438500000070e+01,-4.148255663700000184e+01,-2.794942562800000019e+01
9.454724724700000138e+00,-3.063893044099999940e+01,-3.035359511500000096e+01,-3.321964766600000019e+01,-4.374649833200000160e+01,-2.824912709899999896e+01
9.474734734700000161e+00,-3.286686242599999730e+01,-3.387180762300000225e+01,-3.373358956500000261e+01,-4.165460983599999878e+01,-2.819334673599999874e+01
9.494744744700000183e+00,-3.439658457299999839e+01,-3.384008579200000355e+01,-3.471968663100000185e+01,-4.199720169599999764e+01,-2.913601833099999894e+01
9.514754754799998437e+00,-3.466047061500000126e+01,-3.394988215699999756e+01,-3.323887414400000040e+01,-4.452778737799999931e+01,-2.856443055900000161e+01
9.534764764799998460e+00,-3.564377001599999772e+01,-3.343308891200000232e+01,-3.558844566700000200e+01,-4.228807934999999674e+01,-2.830934847199999993e+01
9.554774774799998482e+00,-3.564437063399999772e+01,-3.472782482800000281e+01,-3.442540630799999946e+01,-4.607741455099999683e+01,-2.882254378300000042e+01
9.574784784799998505e+00,-4.105346849800000086e+01,-4.067171528299999750e+01,-3.471044925000000347e+01,-4.292401138599999655e+01,-3.028407101699999870e+01
9.594794794799998527e+00,-3.493635522200000310e+01,-4.658959447899999873e+01,-3.540615324299999855e+01,-3.922454117200000212e+01,-3.039849922000000149e+01
9.614804804799998550e+00,-3.556039726099999854e+01,-4.447413498299999901e+01,-3.372904029299999706e+01,-3.796192228099999966e+01,-3.009437301299999845e+01
9.634814814799998572e+00,-3.647204950599999762e+01,-4.459041903800000028e+01,-3.497667252299999774e+01,-3.855728443400000316e+01,-3.087658785400000028e+01
9.654824824799998595e+00,-3.837614927999999992e+01,-4.439975077599999764e+01,-3.432732095600000122e+01,-3.627223327699999800e+01,-3.003670212200000122e+01
9.674834834799998617e+00,-4.821332738200000279e+01,-4.796495202100000199e+01,-3.702566984199999922e+01,-3.526853186200000323e+01,-3.130082688099999899e+01
9.694844844799998640e+00,-4.140895067799999651e+01,-4.225480206699999997e+01,-3.474654189599999654e+01,-3.487226313800000099e+01,-3.069445006100000128e+01
9.714854854900000447e+00,-3.532114703700000291e+01,-3.654200461799999999e+01,-3.814606844699999755e+01,-3.885532301199999949e+01,-3.002242811400000022e+01
9.734864864900000470e+00,-4.190729330700000332e+01,-3.823781130700000119e+01,-3.620523753500000197e+01,-3.790466422099999733e+01,-2.998750341899999938e+01
9.754874874900000492e+00,-4.091978988099999981e+01,-3.678948294700000332e+01,-3.637036110199999683e+01,-3.632827636900000101e+01,-2.965195357300000012e+01
9.774884884899998738e+00,-3.842874462099999988e+01,-3.660481499099999780e+01,-3.792103672999999731e+01,-3.858732193000000166e+01,-2.840264126599999983e+01
9.794894894899998761e+00,-4.008433274800000135e+01,-3.699625680999999844e+01,-3.524944445599999909e+01,-3.759361770299999961e+01,-2.901528813699999887e+01
9.814904904899998783e+00,-3.902091177399999822e+01,-3.567754993399999819e+01,-3.644757645400000001e+01,-3.951866722300000134e+01,-2.922221190000000135e+01
9.834914914899998806e+00,-4.104477770700000150e+01,-3.767732326200000159e+01,-3.761489392400000042e+01,-3.540394240199999842e+01,-2.867429297400000010e+01
9.854924924899998828e+00,-4.070522557999999691e+01,-3.720202354500000297e+01,-3.428972645999999713e+01,-3.533733753700000335e+01,-2.907484686900000170e+01
9.874934934899998851e+00,-4.367928392400000348e+01,-4.061501381299999736e+01,-3.356769802600000219e+01,-3.583548671399999819e+01,-2.898522890299999943e+01
9.894944944899998873e+00,-3.976221291299999905e+01,-3.462911333000000269e+01,-3.521536862300000337e+01,-3.627372841599999731e+01,-2.940586738000000011e+01
9.914954955000000680e+00,-3.694575199500000195e+01,-3.655325883100000084e+01,-3.546398068700000294e+01,-3.554679208400000334e+01,-2.967900809100000004e+01
9.934964965000000703e+00,-4.153497861099999966e+01,-4.008470363600000042e+01,-3.473520906899999972e+01,-3.414974812999999898e+01,-2.981114313200000154e+01
9.954974975000000725e+00,-3.873504459099999764e+01,-3.430448247399999673e+01,-3.242263085999999817e+01,-3.236293106699999811e+01,-2.986313810300000071e+01
9.974984985000000748e+00,-3.792765177100000074e+01,-3.776347862800000144e+01,-3.219997459100000015e+01,-3.258870175300000227e+01,-3.033293292999999835e+01
9.994994995000000770e+00,-4.234774258099999855e+01,-4.438171011699999724e+01,-3.214469808500000170e+01,-3.255922185400000046e+01,-2.958130837999999940e+01
1.001500500500000079e+01,-3.667758617300000168e+01,-4.133740482700000030e+01,-3.062676124100000052e+01,-3.289594720800000260e+01,-2.908901480999999833e+01
1.003501501500000082e+01,-3.252713281399999801e+01,-4.304620806700000202e+01,-3.018233237600000152e+01,-3.278735351499999950e+01,-3.013292689900000099e+01
1.005502502500000084e+01,-3.786930192799999872e+01,-3.885067864799999882e+01,-3.200863100000000117e+01,-3.206541619400000087e+01,-3.205996195099999824e+01
1.007503503500000086e+01,-3.650386664500000222e+01,-4.472615483799999936e+01,-3.059387932799999987e+01,-2.970187706100000113e+01,-3.491079346600000122e+01
1.009504504500000088e+01,-3.358384827599999767e+01,-4.044384403899999825e+01,-3.005841135200000025e+01,-3.223711161199999964e+01,-3.584758291200000002e+01
1.011505505499999913e+01,-3.218734439199999997e+01,-3.465830523900000060e+01,-3.158285292400000088e+01,-3.062288177399999967e+01,-3.715808226200000064e+01
1.013506506499999915e+01,-3.388700082999999807e+01,-3.516022948799999881e+01,-3.097657687799999948e+01,-3.141686374500000056e+01,-3.628946865799999699e+01
1.015507507499999917e+01,-3.300956132700000012e+01,-3.262625419300000118e+01,-2.997896824700000096e+01,-2.976063691099999886e+01,-4.359447445699999690e+01
1.017508508499999920e+01,-3.365737191200000211e+01,-3.197742322199999876e+01,-3.140206862599999837e+01,-3.103277725499999917e+01,-3.617214009199999936e+01
1.019509509499999922e+01,-3.183134760700000143e+01,-3.005337478299999887e+01,-3.196328439699999890e+01,-3.053488172000000134e+01,-3.620494755499999684e+01
1.021510510499999924e+01,-3.008553941699999967e+01,-3.269220162100000238e+01,-3.074761955099999966e+01,-3.264878085800000207e+01,-3.670577454400000050e+01
1.023511511499999926e+01,-2.887624229700000100e+01,-2.957282554600000068e+01,-3.207511273600000123e+01,-3.074129197699999949e+01,-3.180554301300000120e+01
1.025512512499999929e+01,-2.842389625799999919e+01,-2.944581614799999869e+01,-3.158563714099999942e+01,-3.304765175499999685e+01,-3.352074611599999798e+01
1.027513513499999931e+01,-2.977963615000000175e+01,-3.280969333600000226e+01,-3.323567162799999863e+01,-3.248882283999999743e+01,-3.296187202499999813e+01
1.029514514499999933e+01,-2.931130342899999874e+01,-3.226824043100000239e+01,-3.225277659099999994e+01,-3.544785674500000283e+01,-3.239232300199999770e+01
1.031515515499999935e+01,-2.803131766099999922e+01,-3.241906790200000188e+01,-3.433228489300000064e+01,-3.606629476799999878e+01,-3.169699689699999823e+01
1.033516516499999938e+01,-2.841339641200000088e+01,-3.259409043200000156e+01,-3.454689983400000131e+01,-3.444357262900000194e+01,-3.418660096600000031e+01
1.035517517499999940e+01,-3.060749647900000170e+01,-2.939423050899999978e+01,-3.428799156400000214e+01,-3.545781298400000026e+01,-3.074754340899999860e+01
1.037518518499999942e+01,-3.088693710400000114e+01,-3.530599659599999995e+01,-3.979357891200000097e+01,-3.626888837999999993e+01,-3.298812610400000267e+01
1.039519519499999944e+01,-2.898860494199999849e+01,-3.318990410899999688e+01,-3.355554410799999943e+01,-3.685339486099999817e+01,-3.674479289700000351e+01
1.041520520499999947e+01,-3.091483583300000149e+01,-3.160327302399999994e+01,-3.380569097699999759e+01,-3.462567749699999808e+01,-3.711095357100000314e+01
1.043521521499999949e+01,-3.089449808899999894e+01,-3.051369095900000161e+01,-3.264779908700000277e+01,-3.604273433499999868e+01,-3.601734857799999645e+01
1.045522522499999951e+01,-2.824126382200000052e+01,-3.193458327100000105e+01,-3.647812632800000188e+01,-3.538924210999999787e+01,-3.617207487200000315e+01
1.047523523499999953e+01,-2.872160485899999927e+01,-3.026770961200000087e+01,-3.161600088999999869e+01,-3.197366648299999881e+01,-3.684512611499999934e+01
1.049524524499999956e+01,-2.854143756399999887e+01,-2.852978445400000140e+01,-3.449481035000000162e+01,-3.282353080899999753e+01,-4.222109666299999731e+01
1.051525525499999958e+01,-2.861163378599999874e+01,-2.981242421299999990e+01,-3.374589014499999706e+01,-3.149869785899999997e+01,-3.829963342799999992e+01
1.053526526499999960e+01,-3.010529970300000002e+01,-2.758692038199999885e+01,-3.412451701199999832e+01,-3.023487555099999824e+01,-4.056965711200000158e+01
1.055527527499999962e+01,-3.006201010699999898e+01,-2.884228934100000075e+01,-3.524743308200000058e+01,-3.120304798900000165e+01,-4.100398449299999726e+01
1.057528528499999965e+01,-2.982011237600000086e+01,-3.023023623699999973e+01,-3.367036967500000344e+01,-3.098695014000000114e+01,-3.951553341099999983e+01
1.059529529499999967e+01,-2.705319179500000004e+01,-2.633417247399999894e+01,-3.418830347899999822e+01,-2.914820612999999838e+01,-3.560675912100000318e+01
1.061530530499999969e+01,-3.035095321200000029e+01,-2.712779571600000139e+01,-3.845898202400000088e+01,-2.991920401599999835e+01,-3.529874214600000215e+01
1.063531531499999971e+01,-2.951666034499999824e+01,-2.764122239399999970e+01,-3.990590868099999966e+01,-2.966159711899999962e+01,-3.438813106199999936e+01
1.065532532499999974e+01,-2.792209361100000109e+01,-2.904041192300000063e+01,-3.486512967800000240e+01,-2.927410347200000018e+01,-3.295885431800000021e+01
1.067533533499999976e+01,-2.859900201299999978e+01,-2.779945215300000072e+01,-4.192726284999999820e+01,-2.871599050200000036e+01,-3.231334831400000240e+01
1.069534534499999978e+01,-2.807757085700000133e+01,-2.727502463200000093e+01,-4.097828507599999881e+01,-2.907024190499999960e+01,-3.193164452699999956e+01
1.071535535499999980e+01,-2.994479689799999989e+01,-3.537973914700000222e+01,-4.869358608000000288e+01,-2.915289582999999851e+01,-3.170937786100000011e+01
1.073536536499999983e+01,-3.294500370000000089e+01,-2.926504519199999876e+01,-4.739096985599999812e+01,-2.750561446600000082e+01,-3.131461209500000109e+01
1.075537537499999985e+01,-2.770885617800000134e+01,-2.838196073099999950e+01,-4.896933479500000175e+01,-2.916282283399999997e+01,-2.844465548499999841e+01
1.077538538499999987e+01,-3.065646707799999859e+01,-2.884512010999999987e+01,-4.179232029599999976e+01,-2.931111501999999902e+01,-2.980447832000000119e+01
1.079539539499999989e+01,-3.175274723000000066e+01,-2.753168273100000008e+01,-5.223054382600000167e+01,-2.836713354100000117e+01,-3.175011509699999834e+01
1.081540540499999992e+01,-3.066802364899999844e+01,-2.854981051200000053e+01,-4.076977484900000093e+01,-2.623704542600000167e+01,-2.975204402600000009e+01
1.083541541499999994e+01,-2.827177343299999990e+01,-2.962588221000000033e+01,-4.392190806400000014e+01,-2.792068912999999952e+01,-3.065835249499999904e+01
1.085542542499999996e+01,-2.978341212699999829e+01,-2.920482192700000112e+01,-4.600953099699999882e+01,-2.885087526299999894e+01,-3.179539884200000088e+01
1.087543543499999998e+01,-2.980959624400000152e+01,-2.672906977899999958e+01,-4.327806256600000268e+01,-2.886659415500000136e+01,-2.925609481800000111e+01
1.089544544500000001e+01,-2.844017209800000145e+01,-3.057647226799999984e+01,-3.875965325399999983e+01,-2.762373973000000049e+01,-3.134717297699999961e+01
1.091545545500000003e+01,-2.853117066000000079e+01,-2.684281958200000062e+01,-3.708903459300000094e+01,-2.691274172399999998e+01,-3.462384769900000236e+01
1.093546546500000005e+01,-3.016307141500000100e+01,-2.894491126699999839e+01,-3.649637806999999867e+01,-2.787489594999999909e+01,-3.223444454199999853e+01
1.095547547500000007e+01,-2.689686694199999906e+01,-2.593481878500000093e+01,-4.108699507200000056e+01,-2.707652707200000108e+01,-3.393907996299999752e+01
1.097548548500000010e+01,-3.104096628299999949e+01,-2.689452815900000004e+01,-4.053506092800000005e+01,-2.569667986600000020e+01,-3.201856488500000353e+01
1.099549549500000012e+01,-2.797677386899999874e+01,-2.780683162100000061e+01,-3.872271991299999883e+01,-2.593850255999999987e+01,-3.185129390399999849e+01
1.101550550600000022e+01,-2.899039897700000168e+01,-2.602996883200000156e+01,-3.576659179899999685e+01,-2.526270296899999934e+01,-3.067017407499999848e+01
1.103551551600000025e+01,-2.825252876100000066e+01,-3.148209199200000086e+01,-3.657140711200000283e+01,-2.433265132100000017e+01,-2.906235098999999877e+01
1.105552552600000027e+01,-2.921311786200000071e+01,-2.896016925700000044e+01,-3.429482015800000028e+01,-2.431377017599999846e+01,-2.947956737499999846e+01
1.107553553600000029e+01,-2.820463655200000019e+01,-2.668059138699999977e+01,-3.366362608200000039e+01,-2.433590923699999919e+01,-2.828835260199999979e+01
1.109554554600000031e+01,-3.189730705699999902e+01,-2.791284446999999957e+01,-3.455647433600000085e+01,-2.360359894000000125e+01,-2.640165590799999862e+01
1.111555555600000034e+01,-3.033123442999999853e+01,-2.656746729099999982e+01,-3.195076390999999916e+01,-2.401362739700000049e+01,-2.744715910900000111e+01
1.113556556600000036e+01,-3.100675686499999983e+01,-2.671982103899999927e+01,-3.334801282299999770e+01,-2.354130850099999961e+01,-2.601424624799999918e+01
1.115557557600000038e+01,-3.264227083299999777e+01,-2.848809353700000102e+01,-3.305884654700000169e+01,-2.325095448700000134e+01,-2.500155144600000057e+01
1.117558558600000040e+01,-2.933048223999999848e+01,-2.743321934400000117e+01,-3.250543795800000169e+01,-2.365531659999999903e+01,-2.431983803500000008e+01
1.119559559600000043e+01,-2.756124895199999969e+01,-2.807252888600000063e+01,-3.137355872699999892e+01,-2.342053554700000007e+01,-2.412209567900000096e+01
1.121560560600000045e+01,-3.090706733300000053e+01,-2.791810103499999940e+01,-3.096481059999999985e+01,-2.340303706499999947e+01,-2.314127277000000049e+01
1.123561561600000047e+01,-3.031151822600000045e+01,-2.797995607900000081e+01,-3.036812833200000128e+01,-2.294393893199999823e+01,-2.370847995500000138e+01
1.125562562600000049e+01,-3.184270531800000015e+01,-2.746698031400000062e+01,-2.989639464800000113e+01,-2.365144254799999857e+01,-2.493747150000000090e+01
1.127563563600000052e+01,-3.282322731699999707e+01,-3.060422163699999842e+01,-3.016139490799999834e+01,-2.344357425400000139e+01,-2.418408044899999965e+01
1.129564564600000054e+01,-3.541838813999999758e+01,-2.978200511000000006e+01,-3.173745191700000134e+01,-2.323688136099999824e+01,-2.365608171099999879e+01
1.131565565600000056e+01,-3.213013488499999681e+01,-3.187543659800000029e+01,-2.995300641300000066e+01,-2.360464224800000110e+01,-2.409920368499999910e+01
1.133566566600000058e+01,-3.331567118699999952e+01,-2.857583677499999908e+01,-2.979760735600000032e+01,-2.342483839499999831e+01,-2.488204913299999887e+01
1.135567567600000061e+01,-3.512367940800000099e+01,-2.969840451099999967e+01,-3.161471055199999824e+01,-2.397343389799999969e+01,-2.528367660700000030e+01
1.137568568600000063e+01,-3.094514135400000043e+01,-3.118148035899999826e+01,-3.097841271100000071e+01,-2.511036149899999970e+01,-2.528116244699999982e+01
1.139569569600000065e+01,-3.231072343200000319e+01,-3.345345285900000221e+01,-3.113924695600000092e+01,-2.440760997399999965e+01,-2.520922871999999870e+01
1.141570570600000067e+01,-3.302495781199999669e+01,-3.138705847199999965e+01,-3.068384157699999903e+01,-2.569269952599999840e+01,-2.588661704400000119e+01
1.143571571600000070e+01,-3.951445118899999898e+01,-3.602362855799999863e+01,-3.335852910999999921e+01,-2.531226299900000143e+01,-2.789153052400000021e+01
1.145572572600000072e+01,-3.212897032400000086e+01,-3.321533234999999706e+01,-3.234217566899999952e+01,-2.469547722800000145e+01,-2.524126239199999944e+01
1.147573573600000074e+01,-3.486373147999999844e+01,-3.507785694999999748e+01,-3.177924711600000052e+01,-2.558959136500000042e+01,-2.769231648299999904e+01
1.149574574600000076e+01,-3.109542567800000157e+01,-3.728339553499999681e+01,-3.088361812699999831e+01,-2.692231954300000041e+01,-2.695975819799999940e+01
1.151575575600000079e+01,-3.286631805199999690e+01,-2.870999746300000055e+01,-3.112612767399999925e+01,-2.576745813799999851e+01,-2.737913183799999928e+01
1.153576576600000081e+01,-3.200989199600000035e+01,-3.740595839800000277e+01,-3.210136094899999648e+01,-2.655483777599999939e+01,-2.880934891700000122e+01
1.155577577600000083e+01,-3.251216253199999784e+01,-3.897702334600000285e+01,-3.748074178299999915e+01,-2.635037681800000087e+01,-2.799081863199999987e+01
1.157578578600000085e+01,-3.903560344000000271e+01,-3.119927856900000052e+01,-3.298215579800000086e+01,-2.605528533600000074e+01,-2.634873671300000098e+01
1.159579579600000088e+01,-3.267098316900000299e+01,-3.647315518599999962e+01,-3.601915208100000143e+01,-2.732661015100000057e+01,-2.745041336399999921e+01
1.161580580599999912e+01,-3.543759309899999721e+01,-3.391979940000000227e+01,-3.796447151899999994e+01,-2.708577509599999900e+01,-2.729282950600000035e+01
1.163581581599999915e+01,-4.112544032400000305e+01,-3.615041387600000178e+01,-3.655792492700000196e+01,-2.658191541600000107e+01,-2.946886254700000052e+01
1.165582582599999917e+01,-4.062632264500000190e+01,-3.497295274599999715e+01,-3.629988286199999692e+01,-2.752685400200000032e+01,-2.766969209399999841e+01
1.167583583599999919e+01,-4.064576990799999834e+01,-3.828090837300000260e+01,-3.369677118700000307e+01,-2.701960172500000112e+01,-2.522623913099999982e+01
1.169584584599999921e+01,-4.484931780400000179e+01,-3.261150100900000126e+01,-3.510926580400000319e+01,-2.742606649100000027e+01,-2.569258383400000056e+01
1.171585585599999924e+01,-3.545815496499999853e+01,-3.255335925499999661e+01,-3.688141426800000033e+01,-2.851711134900000033e+01,-2.523377205499999931e+01
1.173586586599999926e+01,-3.388309491900000125e+01,-4.236966685899999874e+01,-3.537387343399999651e+01,-2.726271393400000065e+01,-2.638688017799999841e+01
1.175587587599999928e+01,-3.568236493399999887e+01,-3.796246869200000162e+01,-4.007185328199999930e+01,-2.880668800999999846e+01,-2.622444844199999991e+01
1.177588588599999930e+01,-4.019541331500000325e+01,-3.616123278100000249e+01,-4.245591907099999673e+01,-2.985881682600000175e+01,-2.577210361299999875e+01
1.179589589599999933e+01,-4.472884255200000325e+01,-3.735676521500000291e+01,-4.243673590200000234e+01,-2.824849029700000003e+01,-2.470210163200000153e+01
1.181590590599999935e+01,-4.865239865099999861e+01,-3.826029115400000080e+01,-3.784360254999999995e+01,-3.048004750000000129e+01,-2.569655109400000015e+01
1.183591591599999937e+01,-4.181739842599999690e+01,-3.108067017100000129e+01,-3.700263933400000127e+01,-3.320216278699999890e+01,-2.731425360200000085e+01
1.185592592599999939e+01,-3.224061220200000122e+01,-3.764869697099999968e+01,-3.476712050500000117e+01,-3.272932390700000127e+01,-2.779190461600000006e+01
1.187593593599999942e+01,-4.836488604699999883e+01,-3.662645172799999926e+01,-3.749013162899999685e+01,-3.271388612799999862e+01,-2.635453191799999928e+01
1.189594594599999944e+01,-4.139014337399999732e+01,-3.068399099499999849e+01,-3.533320750400000065e+01,-3.394051784500000224e+01,-2.661923628399999942e+01
1.191595595599999946e+01,-4.033499163900000184e+01,-3.274030401499999954e+01,-3.497592659200000043e+01,-3.358039693199999931e+01,-2.723782461300000080e+01
1.193596596599999948e+01,-4.141708070600000013e+01,-3.298999024599999785e+01,-3.808153080499999987e+01,-3.529662151600000186e+01,-2.909850722299999859e+01
1.195597597599999951e+01,-4.096541190599999993e+01,-3.904221222200000341e+01,-3.307121909899999679e+01,-3.134236723800000135e+01,-2.630461656399999981e+01
1.197598598599999953e+01,-5.105716924200000051e+01,-3.414494351900000169e+01,-3.217505109599999713e+01,-3.222803884100000005e+01,-2.689826691200000042e+01
1.199599599599999955e+01,-3.696234784199999979e+01,-3.510489089699999710e+01,-3.442308976999999715e+01,-3.132661220700000015e+01,-2.611072344300000125e+01
1.201600600599999957e+01,-4.228303026599999725e+01,-3.902356088599999850e+01,-3.451788266500000191e+01,-3.043771981900000156e+01,-2.606135511500000135e+01
1.203601601599999960e+01,-3.668625200799999675e+01,-4.422119979800000067e+01,-3.161923591600000094e+01,-3.065349545600000170e+01,-2.696345735399999910e+01
1.205602602599999962e+01,-4.219281484199999710e+01,-3.604538848199999990e+01,-3.341202569000000011e+01,-2.966220518400000117e+01,-2.591383260699999980e+01
1.207603603599999964e+01,-3.532732993900000196e+01,-3.754556489299999811e+01,-3.273126591900000193e+01,-3.116546427100000116e+01,-2.227299528900000070e+01
1.209604604599999966e+01,-3.731695182299999658e+01,-3.768612130100000002e+01,-3.105582402699999989e+01,-3.305692925900000034e+01,-2.605269614699999892e+01
1.211605605599999969e+01,-3.633989245800000134e+01,-4.129708003500000046e+01,-3.119956356400000175e+01,-3.340277625699999930e+01,-2.482458802400000053e+01
1.213606606599999971e+01,-2.977871774100000124e+01,-3.649653006300000158e+01,-3.168263744400000093e+01,-3.174123816299999845e+01,-2.562432571100000089e+01
1.215607607599999973e+01,-3.747087532399999787e+01,-3.756176467800000296e+01,-3.105709319400000012e+01,-3.082356968899999927e+01,-2.714885247799999846e+01
1.217608608599999975e+01,-4.279280233699999769e+01,-4.023996424799999971e+01,-3.093762257199999866e+01,-3.265255712300000113e+01,-2.585345715700000113e+01
1.219609609599999978e+01,-3.741256684199999683e+01,-3.635058071200000285e+01,-3.043732733299999893e+01,-3.259184971700000233e+01,-2.682540935899999823e+01
1.221610610599999980e+01,-3.717355864299999979e+01,-5.692262955700000049e+01,-3.043915496099999984e+01,-3.195866362399999971e+01,-2.594843261600000162e+01
1.223611611599999982e+01,-3.475079057899999668e+01,-3.976191040700000201e+01,-3.114305619900000011e+01,-3.329367086799999953e+01,-2.754987347000000142e+01
1.225612612599999984e+01,-6.151043888899999956e+01,-4.991566960200000125e+01,-3.067195020000000127e+01,-3.334610007199999870e+01,-2.619648691000000085e+01
1.227613613599999987e+01,-3.690669844199999972e+01,-4.412013379700000115e+01,-2.945209222100000090e+01,-3.513103703800000233e+01,-2.845322268900000040e+01
1.229614614599999989e+01,-4.086413974300000262e+01,-3.756177695800000294e+01,-2.978070267100000024e+01,-3.334038249099999973e+01,-2.827433199000000030e+01
1.231615615599999991e+01,-4.244616942100000045e+01,-3.654926366899999834e+01,-2.927124745700000119e+01,-3.455705867700000056e+01,-2.781763793100000015e+01
1.233616616599999993e+01,-4.176302552500000331e+01,-4.001510985699999878e+01,-2.834075012099999924e+01,-3.844290692300000245e+01,-2.744850006500000106e+01
1.235617617599999996e+01,-5.932247060899999980e+01,-3.824546087200000244e+01,-3.045925190099999824e+01,-4.259574190400000049e+01,-3.421892336100000165e+01
1.237618618599999998e+01,-4.390474618300000031e+01,-3.840704013399999894e+01,-2.844830014200000079e+01,-3.630150941000000131e+01,-2.739248197499999904e+01
1.239619619600000000e+01,-4.062052908199999735e+01,-3.584564233300000069e+01,-2.925181089299999826e+01,-6.387069278599999933e+01,-2.912392677300000088e+01
1.241620620600000002e+01,-3.879967894400000006e+01,-5.333294663699999916e+01,-3.090292141600000164e+01,-3.817772900199999953e+01,-3.136357832599999895e+01
1.243621621600000005e+01,-4.834910077699999675e+01,-4.677222566199999676e+01,-2.983333006399999832e+01,-3.684432102000000242e+01,-3.054653410599999930e+01
1.245622622600000007e+01,-4.206069501700000046e+01,-3.076433765799999875e+01,-2.896526468000000065e+01,-3.487405371900000262e+01,-3.007569809499999991e+01
1.247623623600000009e+01,-4.654717296100000112e+01,-3.680341246999999782e+01,-2.956584935200000075e+01,-4.104607165099999833e+01,-3.557423180800000040e+01
1.249624624600000011e+01,-3.565729385200000223e+01,-3.257544531599999971e+01,-2.907601407199999954e+01,-3.819062487600000111e+01,-3.388171215599999897e+01
1.251625625600000014e+01,-3.962128759400000177e+01,-3.766094035199999723e+01,-3.096587898199999955e+01,-3.766204281699999967e+01,-3.330501513400000135e+01
1.253626626600000016e+01,-3.949063160000000039e+01,-4.333609041399999739e+01,-2.898591452200000163e+01,-3.940346582699999800e+01,-3.232026608099999976e+01
1.255627627600000018e+01,-4.137122800800000277e+01,-3.160192821700000110e+01,-2.822512222099999946e+01,-3.745918493799999993e+01,-2.983409635399999971e+01
1.257628628600000020e+01,-5.235242462299999744e+01,-4.778382267100000291e+01,-2.707925856099999962e+01,-4.107080678100000171e+01,-3.291446903300000315e+01
1.259629629600000023e+01,-3.266150761800000168e+01,-3.711166760799999764e+01,-2.839008431899999962e+01,-3.551321012300000035e+01,-3.312603062000000165e+01
1.261630630600000025e+01,-4.630302575999999704e+01,-3.607562635200000045e+01,-2.875601058599999860e+01,-3.651385065499999882e+01,-3.709515148399999873e+01
1.263631631600000027e+01,-3.819592953600000129e+01,-3.521228890500000119e+01,-2.800937053999999904e+01,-3.394517794600000116e+01,-3.520865479599999759e+01
1.265632632600000029e+01,-4.391185575200000102e+01,-3.395498397600000118e+01,-2.939759763700000050e+01,-3.749131541100000220e+01,-3.825811006699999695e+01
1.267633633600000032e+01,-3.827369228399999912e+01,-4.085123768399999733e+01,-2.598771223800000030e+01,-3.363465009200000111e+01,-4.736253594699999780e+01
1.269634634600000034e+01,-4.315199398000000031e+01,-3.013011894899999987e+01,-2.914832622200000145e+01,-4.269377755000000008e+01,-3.944876337499999863e+01
1.271635635600000036e+01,-3.405943162100000166e+01,-3.801764343400000001e+01,-3.039115479799999875e+01,-3.487953660099999809e+01,-4.327784188999999770e+01
1.273636636600000038e+01,-3.816205245599999785e+01,-3.376445252700000310e+01,-2.856664542000000040e+01,-3.713953822199999877e+01,-3.936138480200000345e+01
1.275637637600000041e+01,-3.298937817400000228e+01,-3.331963594999999856e+01,-2.667730113800000069e+01,-3.662622048499999750e+01,-3.796427191899999798e+01
1.277638638600000043e+01,-3.838003139599999969e+01,-3.977252773699999722e+01,-2.886212369600000116e+01,-3.481792133799999789e+01,-4.095752536799999888e+01
1.279639639600000045e+01,-3.429489035600000335e+01,-3.035963640399999974e+01,-2.809407789699999825e+01,-3.673127741599999752e+01,-5.610546096699999907e+01
1.281640640600000047e+01,-3.461305501599999701e+01,-3.108818091799999905e+01,-2.849468460599999986e+01,-4.578920362800000277e+01,-4.199525037400000116e+01
1.283641641600000050e+01,-4.189775297900000339e+01,-2.981026679700000059e+01,-2.883302882799999978e+01,-3.742826798899999829e+01,-4.365908217100000144e+01
1.285642642600000052e+01,-3.890151918099999762e+01,-3.234713742400000314e+01,-3.064793397800000108e+01,-4.933932544999999692e+01,-4.610293397400000259e+01
1.287643643600000054e+01,-3.504616944800000056e+01,-3.127648508100000058e+01,-2.700018201099999970e+01,-4.314720674000000145e+01,-4.213378270700000172e+01
1.289644644600000056e+01,-3.472239328199999875e+01,-3.299325143600000132e+01,-2.979348582800000145e+01,-4.209119326199999733e+01,-4.317130844300000092e+01
1.291645645600000059e+01,-5.754620286400000140e+01,-3.354567000200000138e+01,-2.872169775800000124e+01,-4.424206331300000272e+01,-4.423271078399999823e+01
1.293646646600000061e+01,-3.348993992900000194e+01,-3.407600427999999937e+01,-2.855092920499999920e+01,-4.144322345999999868e+01,-3.840021354999999659e+01
1.295647647600000063e+01,-3.292247355399999975e+01,-3.826099351500000267e+01,-3.137498572499999838e+01,-3.493879040499999888e+01,-3.559744409399999654e+01
1.297648648600000065e+01,-4.638827237999999653e+01,-3.637487435999999974e+01,-2.995394942600000121e+01,-4.425513570599999724e+01,-3.524054422500000072e+01
1.299649649600000068e+01,-3.789120417600000224e+01,-3.860032456900000142e+01,-2.791234207600000161e+01,-4.447360983000000090e+01,-3.732064308399999675e+01
1.301650650700000078e+01,-3.704885061200000251e+01,-4.431056516799999656e+01,-2.939930124700000036e+01,-3.880986035899999820e+01,-3.504449330100000282e+01
1.303651651700000080e+01,-3.501313031099999762e+01,-3.300523759699999715e+01,-3.072216961599999863e+01,-4.751368724200000315e+01,-4.069596985700000147e+01
1.305652652700000083e+01,-3.422058216399999964e+01,-3.366970812400000312e+01,-3.078616194600000000e+01,-3.927122181299999681e+01,-4.364016867899999852e+01
1.307653653700000085e+01,-3.905121185000000139e+01,-3.995684215600000044e+01,-2.958087542899999889e+01,-4.069730536099999796e+01,-3.489609557299999665e+01
1.309654654700000087e+01,-3.537355483599999673e+01,-3.900339411000000212e+01,-3.673286467999999871e+01,-4.329273749899999757e+01,-4.151500527299999987e+01
1.311655655699999912e+01,-3.702646802400000325e+01,-3.617846072999999762e+01,-3.383369158200000015e+01,-4.413802891099999925e+01,-4.565479519899999872e+01
1.313656656699999914e+01,-4.279790584199999870e+01,-3.385381429400000286e+01,-3.248990336199999973e+01,-4.514379051200000248e+01,-3.632153589299999652e+01
1.315657657699999916e+01,-3.284399126400000313e+01,-3.594061815100000246e+01,-2.881105585999999974e+01,-4.031992448799999806e+01,-5.494084679699999896e+01
1.317658658699999918e+01,-4.883170941200000215e+01,-5.610436242600000156e+01,-3.351954654000000033e+01,-3.524221916199999782e+01,-4.444404181200000181e+01
1.319659659699999921e+01,-4.923496561999999699e+01,-3.098554898700000138e+01,-2.860721167999999892e+01,-3.873084439200000162e+01,-5.022556175300000092e+01
1.321660660699999923e+01,-4.653121058499999663e+01,-2.971290225099999915e+01,-3.199605154300000009e+01,-4.061962929999999972e+01,-5.888091699999999662e+01
1.323661661699999925e+01,-5.233715523400000080e+01,-3.951694133499999850e+01,-3.247151164699999981e+01,-4.351766269200000181e+01,-4.260004213900000281e+01
1.325662662699999927e+01,-4.614035313899999835e+01,-3.287200827299999872e+01,-3.071561792900000043e+01,-4.807172127500000158e+01,-6.065352488100000272e+01
1.327663663699999930e+01,-3.990087994099999946e+01,-3.287373206499999867e+01,-3.477275266299999856e+01,-4.062969683299999701e+01,-4.346882124999999775e+01
1.329664664699999932e+01,-3.910330649400000169e+01,-2.923040097899999878e+01,-3.236452065099999942e+01,-5.081044067100000206e+01,-4.622795292100000353e+01
1.331665665699999934e+01,-3.912624560100000082e+01,-3.214355689700000340e+01,-2.833800183500000003e+01,-3.378367233200000186e+01,-3.621957125200000149e+01
1.333666666699999936e+01,-3.703249833999999652e+01,-5.156709672400000244e+01,-3.266548569599999752e+01,-3.948324910600000237e+01,-5.447268823800000348e+01
1.335667667699999939e+01,-3.657285211199999964e+01,-2.902885769599999932e+01,-2.966587207499999934e+01,-4.269898520699999978e+01,-4.853625225500000084e+01
1.337668668699999941e+01,-3.189078006600000137e+01,-4.017837933100000214e+01,-3.028796732200000008e+01,-3.020210418099999927e+01,-3.110186279899999917e+01
1.339669669699999943e+01,-3.130306826300000012e+01,-3.199938032000000021e+01,-3.402945764399999717e+01,-3.776370868099999711e+01,-3.609580414100000212e+01
1.341670670699999945e+01,-3.261941623199999896e+01,-3.671086642299999880e+01,-3.108368650599999938e+01,-3.638519470800000022e+01,-4.099503201099999927e+01
1.343671671699999948e+01,-4.117272416299999804e+01,-3.782972847900000346e+01,-3.145345421900000105e+01,-4.059093326400000024e+01,-3.949294880499999749e+01
1.345672672699999950e+01,-4.062264243599999958e+01,-3.847287702700000267e+01,-2.932942037400000146e+01,-3.685124190500000196e+01,-4.381509749800000009e+01
1.347673673699999952e+01,-4.235066744000000227e+01,-2.971289789100000078e+01,-2.923029077200000003e+01,-3.498811580299999946e+01,-4.831184602300000108e+01
1.349674674699999954e+01,-4.464670093299999820e+01,-3.875323140399999744e+01,-2.889179616999999922e+01,-3.223739334599999751e+01,-4.943911366300000054e+01
1.351675675699999957e+01,-4.141087099899999657e+01,-2.612687826499999844e+01,-3.181823248699999951e+01,-3.365132845099999770e+01,-4.050961296900000264e+01
1.353676676699999959e+01,-3.615308042400000232e+01,-3.660701592099999857e+01,-3.102567515300000167e+01,-3.537390580999999656e+01,-4.787075696400000169e+01
1.355677677699999961e+01,-3.133980609199999989e+01,-2.816230379599999978e+01,-3.042805700599999952e+01,-3.711668306400000006e+01,-4.167742288200000189e+01
1.357678678699999963e+01,-4.520394490200000348e+01,-3.191908117699999892e+01,-3.182690043299999871e+01,-3.427131566700000320e+01,-4.075079607299999651e+01
1.359679679699999966e+01,-3.508618574300000148e+01,-3.945066864100000004e+01,-3.217033996300000354e+01,-3.053217361600000146e+01,-4.608344132300000240e+01
1.361680680699999968e+01,-6.051058519400000080e+01,-2.809773976900000036e+01,-3.503901722599999857e+01,-2.935920216999999965e+01,-6.202601949400000336e+01
1.363681681699999970e+01,-4.072953934400000264e+01,-2.962707501499999907e+01,-3.276890483599999726e+01,-3.013543281300000132e+01,-4.089497955699999920e+01
1.365682682699999972e+01,-2.998353588999999886e+01,-2.989682881699999939e+01,-3.223603830300000084e+01,-3.571076547399999868e+01,-3.856366955800000085e+01
1.367683683699999975e+01,-3.903026217200000048e+01,-1.151964099599999969e+01,-3.538739191799999873e+01,-2.769064602699999966e+01,-3.414027652200000063e+01
1.369684684699999977e+01,-3.446838369799999668e+01,-2.793724187799999825e+01,-3.293130513999999920e+01,-2.799872919599999932e+01,-4.461419565599999970e+01
1.371685685699999979e+01,-3.670973611299999817e+01,-2.757172658900000073e+01,-3.019565913599999973e+01,-3.006816892399999830e+01,-5.202564291000000196e+01
1.373686686699999981e+01,-4.227517916899999761e+01,-3.132621901099999917e+01,-3.017254164299999886e+01,-3.099284405099999873e+01,-4.530235190100000153e+01
1.375687687699999984e+01,-3.777502746100000053e+01,-4.111290531200000231e+01,-3.340703242600000067e+01,-2.828626146799999930e+01,-3.636966791599999738e+01
1.377688688699999986e+01,-3.042128861300000153e+01,-3.195885089900000153e+01,-3.126025591499999834e+01,-2.818784079399999953e+01,-4.406469509400000106e+01
1.379689689699999988e+01,-4.120452580900000328e+01,-3.443792751099999805e+01,-3.584914446300000179e+01,-3.430761759899999674e+01,-3.930684492000000319e+01
1.381690690699999990e+01,-2.858247637899999916e+01,-3.565209415900000067e+01,-3.632126415999999836e+01,-3.138944459500000050e+01,-4.488246604999999789e+01
1.383691691699999993e+01,-3.036784340199999832e+01,-2.793262872900000104e+01,-3.731325989100000129e+01,-3.408647290199999702e+01,-4.536126136099999684e+01
1.385692692699999995e+01,-4.220108854299999734e+01,-3.943614180699999849e+01,-4.002996756999999661e+01,-2.879639214099999833e+01,-4.004954217499999913e+01
1.387693693699999997e+01,-3.424199010200000259e+01,-2.890590001600000036e+01,-4.432235889399999706e+01,-3.307084747700000094e+01,-5.172829289799999941e+01
1.389694694699999999e+01,-3.502356193800000028e+01,-3.211613315999999685e+01,-3.970187925100000115e+01,-3.319753153999999995e+01,-4.739079402699999832e+01
1.391695695700000002e+01,-2.716137630000000058e+01,-3.574570342500000208e+01,-4.130011377699999997e+01,-3.059396016499999860e+01,-4.119466917199999756e+01
1.393696696700000004e+01,-4.196925194300000328e+01,-3.113973702499999874e+01,-3.849301358599999645e+01,-3.506939260099999700e+01,-3.426764339000000348e+01
1.395697697700000006e+01,-3.265010748899999982e+01,-2.894493715200000139e+01,-3.453765791600000057e+01,-3.522628869700000109e+01,-3.284151238300000131e+01
1.397698698700000008e+01,-2.772653617199999942e+01,-3.336786880599999705e+01,-5.016483739600000291e+01,-3.493704693000000105e+01,-3.641531774199999916e+01
1.399699699700000011e+01,-3.305673025000000109e+01,-3.345997143400000340e+01,-4.360807423300000352e+01,-3.557840203199999962e+01,-3.582831174199999680e+01
1.401700700700000013e+01,-3.141655357200000154e+01,-2.934740020299999941e+01,-3.825822803799999861e+01,-3.331659245099999822e+01,-3.569201950099999721e+01
1.403701701700000015e+01,-3.681575357599999876e+01,-2.897925008500000033e+01,-3.605554518299999955e+01,-3.561256656599999815e+01,-3.130498081100000007e+01
1.405702702700000017e+01,-3.730978591800000288e+01,-3.012905723500000121e+01,-5.601141238299999969e+01,-4.244716530899999896e+01,-3.077728210100000084e+01
1.407703703700000020e+01,-3.554740132999999958e+01,-3.997054675900000120e+01,-3.653894366099999758e+01,-3.758021927299999732e+01,-2.941501588299999881e+01
1.409704704700000022e+01,-3.376521521200000109e+01,-4.254191354400000336e+01,-3.152407471700000130e+01,-4.327016927799999735e+01,-2.680328038700000093e+01
1.411705705700000024e+01,-4.025373790100000093e+01,-2.871445633500000127e+01,-3.350187527899999651e+01,-3.522317483900000212e+01,-2.658402030899999957e+01
1.413706706700000026e+01,-3.655476509799999718e+01,-3.804032046799999733e+01,-3.992766190399999715e+01,-4.999274035199999844e+01,-2.797844083700000084e+01
1.415707707700000029e+01,-3.384745530000000002e+01,-3.163551013100000020e+01,-3.744731677200000064e+01,-4.061497385500000235e+01,-3.030971602300000001e+01
1.417708708700000031e+01,-4.308223986800000205e+01,-3.267351284000000078e+01,-3.709327423300000248e+01,-3.436863474700000154e+01,-2.667301387999999918e+01
1.419709709700000033e+01,-3.557321369600000338e+01,-3.596907115199999794e+01,-4.994515881099999888e+01,-4.113385218700000223e+01,-2.497735392999999959e+01
1.421710710700000035e+01,-3.397413536700000236e+01,-3.425395878500000180e+01,-3.462207898399999806e+01,-3.983017628599999682e+01,-2.653594183799999939e+01
1.423711711700000038e+01,-3.251809104400000194e+01,-4.631383549200000260e+01,-3.434463979099999875e+01,-4.102338411899999926e+01,-2.714766888200000139e+01
1.425712712700000040e+01,-3.519191193099999992e+01,-3.360597812400000350e+01,-3.900696154399999926e+01,-3.844218722000000099e+01,-2.694984766900000039e+01
1.427713713700000042e+01,-4.441596013200000215e+01,-4.214545864200000125e+01,-3.774583265599999748e+01,-4.173288563700000253e+01,-2.769808280499999853e+01
1.429714714700000044e+01,-3.399028829499999915e+01,-2.871665949699999842e+01,-3.119783973199999849e+01,-3.911585476999999855e+01,-2.820689301499999857e+01
1.431715715700000047e+01,-3.104578852199999872e+01,-3.970352647699999693e+01,-3.128431027999999969e+01,-4.945971995800000087e+01,-2.951567035200000078e+01
1.433716716700000049e+01,-3.374355085399999865e+01,-4.312259280300000341e+01,-2.901274932200000123e+01,-4.642299216899999692e+01,-2.528809758699999932e+01
1.435717717700000051e+01,-4.741500964200000112e+01,-3.436903422299999988e+01,-2.933002378999999848e+01,-4.394231391099999939e+01,-2.951410704999999979e+01
1.437718718700000053e+01,-3.185489120400000118e+01,-4.220071445100000318e+01,-3.743842406200000283e+01,-4.420853997900000110e+01,-3.167536256700000052e+01
1.439719719700000056e+01,-2.597087992899999875e+01,-3.567890644700000280e+01,-3.433902893500000175e+01,-4.059871092899999923e+01,-2.712211999599999857e+01
1.441720720700000058e+01,-3.932781292100000314e+01,-3.750335676699999965e+01,-4.593023902000000191e+01,-3.870727381799999733e+01,-3.303446684099999686e+01
1.443721721700000060e+01,-3.272291258599999964e+01,-3.798199226500000236e+01,-3.230024543199999698e+01,-5.584931566000000203e+01,-2.951632285100000175e+01
1.445722722700000062e+01,-3.514443993100000085e+01,-3.289691388600000010e+01,-3.747487958899999683e+01,-4.492510057599999840e+01,-3.311150259000000062e+01
1.447723723700000065e+01,-4.154591278600000237e+01,-4.461365419100000196e+01,-3.650685977500000234e+01,-3.665624704599999717e+01,-3.109556910599999924e+01
1.449724724700000067e+01,-3.262794325499999815e+01,-3.681895762599999955e+01,-3.325376275899999712e+01,-5.117797468900000268e+01,-3.043474472600000169e+01
1.451725725700000069e+01,-3.458430602100000328e+01,-4.068571835499999878e+01,-3.825160446299999961e+01,-3.751169737800000092e+01,-3.686255889699999955e+01
1.453726726700000071e+01,-4.061712502799999669e+01,-3.473495605499999783e+01,-3.644747890099999665e+01,-3.726313531899999987e+01,-4.653784602199999654e+01
1.455727727700000074e+01,-4.007730399399999754e+01,-4.473563049999999919e+01,-3.810748760799999957e+01,-3.627453815399999826e+01,-4.293719389799999675e+01
1.457728728700000076e+01,-3.914421080900000049e+01,-2.964012168200000019e+01,-5.153846502199999691e+01,-4.091127961899999832e+01,-4.102469751400000320e+01
1.459729729700000078e+01,-6.157083593400000154e+01,-4.221496000100000145e+01,-3.255034734699999888e+01,-3.914106035399999683e+01,-4.584064043099999708e+01
1.461730730700000080e+01,-3.615301961499999805e+01,-3.880674841799999797e+01,-3.572785622600000011e+01,-4.279325352800000104e+01,-3.591836333300000206e+01
1.463731731700000083e+01,-6.982959518100000196e+01,-4.012809938499999873e+01,-4.279159578499999839e+01,-3.525244614199999660e+01,-4.024054456599999696e+01
1.465732732700000085e+01,-3.680578232900000302e+01,-3.231480595899999742e+01,-3.278028425299999782e+01,-4.500150617700000311e+01,-3.472375253900000303e+01
1.467733733700000087e+01,-4.244560428300000154e+01,-3.897967197799999894e+01,-5.407169150699999705e+01,-3.612725613700000338e+01,-4.005933998199999735e+01
1.469734734699999912e+01,-2.438859057899999883e+01,-5.013689976300000239e+01,-3.647943445100000304e+01,-4.342855531600000063e+01,-5.199170693199999960e+01
1.471735735699999914e+01,-3.691076094400000329e+01,-3.316346509800000320e+01,-3.689625365199999862e+01,-3.523785042099999743e+01,-4.015817615099999927e+01
1.473736736699999916e+01,-4.120285579200000114e+01,-3.548546190300000092e+01,-3.981857244199999712e+01,-3.411462634200000110e+01,-3.460150760100000156e+01
1.475737737699999919e+01,-3.260949005599999850e+01,-4.152222142800000171e+01,-3.502097418299999987e+01,-3.898098529100000320e+01,-3.810752102699999710e+01
1.477738738699999921e+01,-3.361923799200000218e+01,-4.253389468799999662e+01,-3.394613332699999830e+01,-3.783486632299999997e+01,-3.302031086899999934e+01
1.479739739699999923e+01,-4.213296523599999688e+01,-3.567671345699999819e+01,-3.569745476599999989e+01,-4.627821648399999788e+01,-3.231752019700000034e+01
1.481740740699999925e+01,-3.244896693999999826e+01,-3.523362553300000144e+01,-4.497527351299999765e+01,-4.058891424400000147e+01,-4.548447464800000262e+01
1.483741741699999928e+01,-3.432571338000000338e+01,-3.213788615299999663e+01,-4.459944333300000352e+01,-5.301829772499999649e+01,-3.000189062700000164e+01
1.485742742699999930e+01,-3.738511327599999845e+01,-3.607502289399999995e+01,-5.092341382400000072e+01,-3.224920485500000211e+01,-4.091582619399999743e+01
1.487743743699999932e+01,-3.231403786799999978e+01,-4.099027465900000067e+01,-4.093147532399999733e+01,-3.860453596899999695e+01,-3.391647841300000010e+01
1.489744744699999934e+01,-3.561675826900000175e+01,-3.497463805999999664e+01,-3.613892248100000160e+01,-5.573999768099999841e+01,-3.836871203399999786e+01
1.491745745699999937e+01,-3.619324823099999833e+01,-3.419241020900000194e+01,-3.541214558099999721e+01,-3.926550742500000268e+01,-3.662351946599999764e+01
1.493746746699999939e+01,-3.657494744600000303e+01,-2.914618589899999890e+01,-3.721173106799999886e+01,-3.085056837000000129e+01,-3.368965036899999888e+01
1.495747747699999941e+01,-3.811009505599999869e+01,-3.994982213699999818e+01,-3.684526229400000119e+01,-4.212502090899999985e+01,-2.669923938899999882e+01
1.497748748699999943e+01,-2.299200928799999843e+01,-3.976002144000000271e+01,-3.531833327999999739e+01,-4.371731609700000121e+01,-3.869753468999999768e+01
1.499749749699999946e+01,-3.140866828500000096e+01,-3.355021149499999922e+01,-3.713608772599999952e+01,-4.150925288999999907e+01,-3.436622505199999722e+01
1.501750750799999956e+01,-3.049250440999999867e+01,-3.545873168499999650e+01,-3.907114095499999706e+01,-3.584072885500000183e+01,-3.737299369400000160e+01
1.503751751799999958e+01,-1.414965657700000001e+01,-3.261375045399999806e+01,-4.220122014300000046e+01,-5.106164879199999973e+01,-4.829690763199999992e+01
1.505752752799999961e+01,-3.110025692500000005e+01,-2.613579316599999913e+01,-3.919768684600000341e+01,-4.135729721599999920e+01,-3.764688267900000085e+01
1.507753753799999963e+01,-3.796296104000000327e+01,-3.073195034300000117e+01,-5.476826519400000137e+01,-4.485080197100000277e+01,-3.276840936199999987e+01
1.509754754799999965e+01,-4.042724633000000267e+01,-3.283218697400000252e+01,-4.217014920900000163e+01,-3.405157745399999669e+01,-3.688904706999999661e+01
1.511755755799999967e+01,-3.969626026699999954e+01,-2.772612664700000096e+01,-3.610078459799999706e+01,-3.507787398699999670e+01,-4.606447895299999828e+01
1.513756756799999970e+01,-3.792219855700000153e+01,-3.251340720200000334e+01,-3.780413778999999863e+01,-3.477516247100000157e+01,-3.715140433900000261e+01
1.515757757799999972e+01,-4.272278689899999904e+01,-3.730984039700000210e+01,-3.243937159000000037e+01,-3.586150790399999977e+01,-3.887846743299999730e+01
1.517758758799999974e+01,-4.181507358399999674e+01,-2.667724727699999931e+01,-4.837665422599999943e+01,-4.169363781399999880e+01,-3.602968351599999863e+01
1.519759759799999976e+01,-3.448235236099999668e+01,-2.283288428599999875e+01,-4.340386784599999714e+01,-3.769839935400000286e+01,-3.301680873299999774e+01
1.521760760799999979e+01,-4.607344846200000177e+01,-3.734996696999999699e+01,-3.213292962599999925e+01,-3.237013073499999649e+01,-4.027980007499999715e+01
1.523761761799999981e+01,-5.136818454699999847e+01,-3.715176388500000115e+01,-3.307225888499999655e+01,-3.875901379799999802e+01,-3.501740382399999874e+01
1.525762762799999983e+01,-4.216150283599999682e+01,-3.598381724099999701e+01,-4.273090066900000039e+01,-2.875741311000000167e+01,-2.823482235999999901e+01
1.527763763799999985e+01,-4.347271077599999956e+01,-4.061001040499999704e+01,-3.003664657199999866e+01,-3.702737771400000355e+01,-3.418507159699999676e+01
1.529764764799999988e+01,-4.151478118099999648e+01,-3.153227261800000036e+01,-4.936172734200000178e+01,-3.542124607099999878e+01,-3.007118299700000108e+01
1.531765765799999990e+01,-4.471934350200000097e+01,-4.313416990199999645e+01,-4.145920817199999675e+01,-3.370147242299999846e+01,-2.393547448500000030e+01
1.533766766799999992e+01,-3.652195140799999962e+01,-3.123850363100000038e+01,-3.597654901700000352e+01,-3.171243502400000125e+01,-3.192620752899999914e+01
1.535767767799999994e+01,-4.393602128300000231e+01,-2.600761823399999884e+01,-3.226365135599999689e+01,-3.138007304399999953e+01,-2.741499510799999939e+01
1.537768768799999997e+01,-3.565276321599999676e+01,-5.123818436100000184e+01,-3.774871015099999738e+01,-3.196140452899999929e+01,-3.064546441199999904e+01
1.539769769799999999e+01,-2.590092617599999869e+01,-4.141571055000000001e+01,-3.288495879199999905e+01,-3.442947800200000330e+01,-3.031109412700000050e+01
1.541770770800000001e+01,-3.800456836800000104e+01,-3.440494463200000297e+01,-3.675762903999999764e+01,-3.120219653399999871e+01,-2.512472492199999863e+01
1.543771771800000003e+01,-3.165106517799999963e+01,-4.877125964799999736e+01,-3.084797455400000032e+01,-3.093423824899999985e+01,-3.156616522699999905e+01
1.545772772800000006e+01,-2.818535581300000104e+01,-5.161915924499999875e+01,-3.739965760500000158e+01,-3.931233896300000197e+01,-2.841434165700000136e+01
1.547773773800000008e+01,-4.920983522000000221e+01,-4.041811169500000034e+01,-3.219835986700000063e+01,-3.088765186999999912e+01,-2.330212946199999990e+01
1.549774774800000010e+01,-3.385929052699999886e+01,-3.263091887499999899e+01,-2.999586968699999900e+01,-3.719908573099999671e+01,-3.018730804599999828e+01
1.551775775800000012e+01,-3.204448502200000348e+01,-3.796376996899999767e+01,-3.379613887600000055e+01,-3.574696638000000348e+01,-2.753552059500000126e+01
1.553776776800000015e+01,-3.464610650000000192e+01,-3.970977771100000098e+01,-3.150407310199999955e+01,-3.325932046599999836e+01,-2.838929030699999956e+01
1.555777777800000017e+01,-3.124342180700000071e+01,-3.261754692899999952e+01,-3.128574781700000074e+01,-3.078078293200000104e+01,-2.905333516299999985e+01
1.557778778800000019e+01,-2.783113539700000061e+01,-3.797033592700000071e+01,-3.370191626500000126e+01,-3.387146992200000284e+01,-2.526735276799999852e+01
1.559779779800000021e+01,-2.809086749900000157e+01,-4.519801360000000301e+01,-3.066872252499999973e+01,-3.243729309300000097e+01,-3.617555213199999997e+01
1.561780780800000024e+01,-3.664009850800000123e+01,-3.844321952600000003e+01,-3.270181409900000347e+01,-3.500704016200000268e+01,-2.753102454400000099e+01
1.563781781800000026e+01,-3.112032985400000129e+01,-4.138608057199999735e+01,-4.051091133399999933e+01,-3.080777209900000102e+01,-2.467944539300000173e+01
1.565782782800000028e+01,-2.696467978700000145e+01,-3.128292130599999865e+01,-3.383186074999999704e+01,-3.929920687199999918e+01,-3.074037796000000000e+01
1.567783783800000030e+01,-3.179409992700000132e+01,-3.413768553300000264e+01,-3.625769302599999833e+01,-3.085486701299999979e+01,-2.931786824499999966e+01
1.569784784800000033e+01,-4.503357379599999888e+01,-3.204501689399999975e+01,-2.848084639800000062e+01,-3.394733980600000223e+01,-2.528802597399999996e+01
1.571785785800000035e+01,-3.073412453899999974e+01,-3.790008359200000143e+01,-3.269794173100000023e+01,-3.383795163399999950e+01,-2.709034516899999900e+01
1.573786786800000037e+01,-4.747751421600000299e+01,-3.317319266799999866e+01,-3.806999870300000310e+01,-3.359999877500000309e+01,-2.885185150499999907e+01
1.575787787800000039e+01,-3.449695754300000061e+01,-3.101537236000000064e+01,-3.181283764000000147e+01,-2.902998722099999895e+01,-3.013314021500000095e+01
1.577788788800000042e+01,-4.393577579600000149e+01,-4.934197991300000297e+01,-5.188055697600000116e+01,-3.270999218000000042e+01,-2.666372615199999885e+01
1.579789789800000044e+01,-3.385180745299999927e+01,-3.120888052500000143e+01,-3.311830313499999789e+01,-2.630698886500000100e+01,-2.678366756200000154e+01
1.581790790800000046e+01,-3.743094441299999886e+01,-3.200013667500000025e+01,-3.006575731399999896e+01,-3.047814579399999957e+01,-2.374280531899999858e+01
1.583791791800000048e+01,-4.771245126099999823e+01,-2.632596152300000014e+01,-3.231095338499999770e+01,-3.119441570700000099e+01,-2.505104834699999827e+01
1.585792792800000051e+01,-3.702146391400000169e+01,-3.356639468800000259e+01,-3.347565584099999825e+01,-3.006967579200000174e+01,-2.631198038100000147e+01
1.587793793800000053e+01,-3.837813364699999852e+01,-4.367227991200000048e+01,-3.647974841999999995e+01,-3.255404804399999819e+01,-2.890707601000000082e+01
1.589794794800000055e+01,-3.699082651399999833e+01,-4.555480720599999955e+01,-3.727256310599999978e+01,-2.842505922599999835e+01,-2.588133048299999928e+01
1.591795795800000057e+01,-4.806228217999999686e+01,-3.335643261500000278e+01,-3.514455428499999812e+01,-2.629489826700000066e+01,-2.322545906499999901e+01
1.593796796800000060e+01,-4.345185833899999750e+01,-3.381141861500000090e+01,-3.739203696500000262e+01,-3.205860890099999949e+01,-2.223153274999999951e+01
1.595797797800000062e+01,-4.117923252399999967e+01,-3.159915991000000091e+01,-2.645951871600000160e+01,-2.440875964299999978e+01,-2.498097868199999994e+01
1.597798798800000064e+01,-3.131419576300000074e+01,-3.066385576800000123e+01,-2.744487761199999909e+01,-2.919215720500000089e+01,-2.602647970199999961e+01
1.599799799800000066e+01,-4.788777693299999783e+01,-3.319203047599999934e+01,-3.227915302499999939e+01,-3.051326960500000141e+01,-2.406775455200000025e+01
1.601800800799999891e+01,-2.921886531699999878e+01,-3.661322686599999798e+01,-2.737210095300000035e+01,-2.978530280900000093e+01,-2.603520009800000068e+01
1.603801801799999893e+01,-2.884469836699999945e+01,-2.719570483700000096e+01,-2.758800867800000134e+01,-2.344031144499999897e+01,-2.638463369600000163e+01
1.605802802799999895e+01,-4.109589792100000238e+01,-4.772715249400000204e+01,-3.122585166800000067e+01,-2.939044568799999979e+01,-2.741703032599999901e+01
1.607803803799999898e+01,-3.472516139999999751e+01,-5.711869482200000192e+01,-3.144549310400000053e+01,-2.685848749299999838e+01,-2.522215320400000138e+01
1.609804804799999900e+01,-3.285232894600000009e+01,-2.354463626800000142e+01,-2.844202185400000005e+01,-2.805228093799999911e+01,-2.399081131699999858e+01
1.611805805799999902e+01,-3.239932005800000070e+01,-2.722036461600000123e+01,-3.436540205299999684e+01,-2.950543117100000146e+01,-2.599890877700000047e+01
1.613806806799999904e+01,-3.372275715800000029e+01,-3.251834353800000343e+01,-3.160297518699999841e+01,-2.895818688099999960e+01,-2.769922891599999915e+01
1.615807807799999907e+01,-2.357343481999999923e+01,-3.860800361999999808e+01,-3.498333348599999937e+01,-3.308457016900000269e+01,-2.883985032800000070e+01
1.617808808799999909e+01,-2.621548272100000077e+01,-4.533905889900000119e+01,-3.713188192100000151e+01,-2.700628028899999933e+01,-2.607798517599999855e+01
1.619809809799999911e+01,-2.270170576399999973e+01,-4.777335820399999733e+01,-3.090000096800000051e+01,-3.156852129900000037e+01,-2.967040075399999921e+01
1.621810810799999913e+01,-9.714939431099999467e+00,-3.258238273199999924e+01,-2.971234971200000174e+01,-3.498145500999999769e+01,-2.441068679800000041e+01
1.623811811799999916e+01,-3.529276770999999968e+01,-3.976842915200000306e+01,-2.951720011400000132e+01,-2.873472505899999874e+01,-2.657439677800000055e+01
1.625812812799999918e+01,-2.947727696000000108e+01,-3.566885910199999898e+01,-2.971636615199999909e+01,-2.854908740899999842e+01,-2.398822036600000018e+01
1.627813813799999920e+01,-3.511431295199999880e+01,-4.593795556999999974e+01,-3.836641713600000259e+01,-3.006481836100000038e+01,-2.913351088900000008e+01
1.629814814799999922e+01,-2.558187135400000045e+01,-3.026081845399999892e+01,-3.405298350799999696e+01,-2.925573663500000166e+01,-2.361234026300000011e+01
1.631815815799999925e+01,-3.190647607100000016e+01,-3.843086411600000218e+01,-3.182580887299999972e+01,-3.552744615099999947e+01,-2.539588032300000009e+01
1.633816816799999927e+01,-2.560054495099999983e+01,-4.188785329499999932e+01,-3.410869429200000269e+01,-3.579078521899999998e+01,-2.928277723900000140e+01
1.635817817799999929e+01,-3.097886615499999863e+01,-3.223236535699999905e+01,-3.010781409599999847e+01,-3.679850202000000081e+01,-3.060990788999999879e+01
1.637818818799999931e+01,-1.430285022700000042e+01,-3.876327686799999839e+01,-3.099777322399999946e+01,-3.349311691399999802e+01,-2.519306185900000017e+01
1.639819819799999934e+01,-3.102366105799999829e+01,-7.170212630400000364e+01,-3.276858192200000275e+01,-3.672798360400000206e+01,-3.138339723300000017e+01
1.641820820799999936e+01,-2.882965996800000141e+01,-2.433248253400000038e+01,-2.968497662200000065e+01,-2.549700822899999864e+01,-3.133614433700000035e+01
1.643821821799999938e+01,-2.497656446899999949e+01,-4.510385244799999782e+01,-3.177685832399999910e+01,-3.987346578999999736e+01,-2.321851881199999923e+01
1.645822822799999940e+01,-2.069809302099999826e+01,-3.662343696100000301e+01,-3.722890316099999808e+01,-4.163881303099999798e+01,-2.981214335399999982e+01
1.647823823799999943e+01,-3.245024740600000257e+01,-3.152762528899999950e+01,-3.230673691599999842e+01,-3.113952351300000032e+01,-4.914988323000000037e+01
1.649824824799999945e+01,-3.068457954499999829e+01,-2.959841939400000044e+01,-3.061918813100000136e+01,-4.585224148900000074e+01,-2.852139684100000139e+01
1.651825825799999947e+01,-3.172663114899999925e+01,-2.887069144299999834e+01,-2.779630567799999952e+01,-3.779737100300000208e+01,-3.008075446100000150e+01
1.653826826799999949e+01,-2.808528613700000065e+01,-2.843618934999999937e+01,-3.145227541099999868e+01,-3.368088969899999796e+01,-3.223521576899999985e+01
1.655827827799999952e+01,-3.526755396000000076e+01,-4.282342573399999708e+01,-3.220421637599999798e+01,-3.513823232000000019e+01,-3.417250168999999715e+01
1.657828828799999954e+01,-2.908934618800000038e+01,-4.374720135799999809e+01,-3.133858759800000016e+01,-4.059941665899999919e+01,-3.559711971800000185e+01
1.659829829799999956e+01,-3.041019588099999993e+01,-4.293841033399999674e+01,-3.556496355000000165e+01,-3.890080091000000095e+01,-2.948593633999999852e+01
1.661830830799999958e+01,-4.272696825100000240e+01,-4.205197326399999724e+01,-3.392223640400000306e+01,-3.483092718999999704e+01,-3.014767116100000166e+01
1.663831831799999961e+01,-3.936337715799999870e+01,-3.152084442299999978e+01,-3.042684419900000137e+01,-4.131296570899999665e+01,-3.664673240300000145e+01
1.665832832799999963e+01,-2.954056663900000146e+01,-2.846015366099999966e+01,-2.974777139800000114e+01,-3.035847728799999956e+01,-3.061482265000000069e+01
1.667833833799999965e+01,-3.212288947799999761e+01,-4.630090337400000067e+01,-3.486441332100000068e+01,-4.663803861499999925e+01,-2.672797249699999966e+01
1.669834834799999967e+01,-2.171849969499999844e+01,-3.905318595300000339e+01,-2.685734499200000158e+01,-3.917979969799999651e+01,-2.340420304299999898e+01
1.671835835799999970e+01,-3.206207840900000150e+01,-4.595850610699999805e+01,-3.499107442999999762e+01,-3.531351491600000259e+01,-3.304570574299999919e+01
1.673836836799999972e+01,-3.948324815400000176e+01,-3.703287052000000301e+01,-3.049798169399999992e+01,-3.124908882300000101e+01,-2.736688971799999948e+01
1.675837837799999974e+01,-1.692945564600000097e+01,-3.301366088399999654e+01,-3.101212889700000019e+01,-4.028474390600000277e+01,-3.258528213700000009e+01
1.677838838799999976e+01,-3.610472597700000108e+01,-3.564666301100000112e+01,-2.853265702499999890e+01,-3.962648771900000355e+01,-2.607323474500000060e+01
1.679839839799999979e+01,-3.368232644300000089e+01,-1.662213870300000096e+01,-3.286600573999999853e+01,-3.918648841800000326e+01,-2.888956642200000147e+01
1.681840840799999981e+01,-3.487755887600000193e+01,-2.079249592000000035e+01,-3.010233329800000135e+01,-3.808944920999999795e+01,-2.997792255799999950e+01
1.683841841799999983e+01,-2.111456779099999892e+01,-4.931162541300000157e+01,-3.121717421800000025e+01,-4.436868663399999946e+01,-2.725092144799999971e+01
1.685842842799999985e+01,-2.969620825499999839e+01,-3.158829167000000027e+01,-3.238002206699999874e+01,-3.363748409000000095e+01,-2.560776299799999833e+01
1.687843843799999988e+01,-2.901191904999999949e+01,-3.103603999499999944e+01,-2.944920450900000120e+01,-3.259867675499999962e+01,-2.728215619799999914e+01
1.689844844799999990e+01,-3.110602007399999991e+01,-4.311210876100000178e+01,-3.095364441599999950e+01,-2.829335247399999886e+01,-2.194022152699999850e+01
1.691845845799999992e+01,-2.967149269500000131e+01,-5.344096959299999838e+01,-3.252289867399999679e+01,-3.290832025299999941e+01,-2.875799865400000144e+01
1.693846846799999994e+01,-3.354455916700000273e+01,-5.223601172400000081e+01,-2.453275677099999896e+01,-3.118376439500000075e+01,-2.831680061000000137e+01
1.695847847799999997e+01,-3.135900913900000120e+01,-2.840753767300000021e+01,-2.721167009599999886e+01,-2.868753756199999927e+01,-1.803430021499999825e+01
1.697848848799999999e+01,-3.150270517899999945e+01,-3.170677341500000068e+01,-2.771921142600000110e+01,-2.825912815499999908e+01,-2.845202767099999974e+01
1.699849849800000001e+01,-3.587640046100000291e+01,-3.156495557899999937e+01,-2.718164090200000160e+01,-2.449018218599999841e+01,-2.822535617599999824e+01
1.701850850900000012e+01,-2.493086040400000059e+01,-4.470710999100000294e+01,-2.523950884599999966e+01,-3.317960082599999794e+01,-2.666276928599999962e+01
1.703851851900000014e+01,-2.674789918100000108e+01,-2.947051212999999947e+01,-2.817017549199999848e+01,-2.779511544400000034e+01,-2.639471961199999939e+01
1.705852852900000016e+01,-5.224235928400000262e+01,-2.732808111299999965e+01,-3.051388884300000015e+01,-3.618031677500000143e+01,-2.394294159900000096e+01
1.707853853900000018e+01,-3.575441389600000264e+01,-3.240157353899999748e+01,-2.840445062099999873e+01,-3.358942714199999813e+01,-3.370618621500000245e+01
1.709854854900000021e+01,-3.538277543200000252e+01,-2.826433055800000105e+01,-3.217675877700000342e+01,-3.538303226000000024e+01,-3.795830707799999715e+01
1.711855855900000023e+01,-4.425678206700000317e+01,-3.383548265099999952e+01,-3.449701793799999905e+01,-3.385234089699999771e+01,-3.240251745700000185e+01
1.713856856900000025e+01,-4.354930522800000148e+01,-3.081149783400000075e+01,-2.622261249900000024e+01,-3.227128629700000317e+01,-2.666077287399999918e+01
1.715857857900000027e+01,-3.512525624199999896e+01,-2.839944927100000172e+01,-3.144601294799999991e+01,-2.489145573900000130e+01,-3.693847997499999991e+01
1.717858858900000030e+01,-3.618652934200000004e+01,-4.092504891800000166e+01,-3.069062956799999853e+01,-3.354170008599999875e+01,-3.045126237999999930e+01
1.719859859900000032e+01,-6.219851692000000298e+01,-2.763719039900000141e+01,-2.925158642599999936e+01,-2.612608987100000135e+01,-3.229669030899999882e+01
1.721860860900000034e+01,-4.295663045700000282e+01,-3.161020745700000134e+01,-2.728126665199999934e+01,-2.993151125900000054e+01,-4.025479104200000080e+01
1.723861861900000036e+01,-3.521326069700000261e+01,-4.939615637400000026e+01,-3.316631000000000284e+01,-2.741313105100000058e+01,-3.284110833599999779e+01
1.725862862900000039e+01,-4.782217756200000025e+01,-5.781823854200000312e+01,-2.705033444400000064e+01,-3.008321667599999927e+01,-3.337681825699999649e+01
1.727863863900000041e+01,-3.905949776100000292e+01,-3.066128377100000080e+01,-2.538197926699999840e+01,-2.897539134899999880e+01,-2.941447328699999986e+01
1.729864864900000043e+01,-3.105172456100000034e+01,-3.419558260499999847e+01,-3.214658746599999972e+01,-3.516757855699999880e+01,-3.283668133999999839e+01
1.731865865900000045e+01,-3.449945944400000286e+01,-3.123527684800000159e+01,-2.797578016699999992e+01,-3.201741275999999914e+01,-1.471067784999999972e+01
1.733866866900000048e+01,-3.890780951400000021e+01,-3.554095043000000231e+01,-3.337469226300000003e+01,-2.808207182700000004e+01,-3.131785661500000018e+01
1.735867867900000050e+01,-4.093388440399999695e+01,-3.475728239899999750e+01,-2.721146981200000070e+01,-3.438263212399999702e+01,-3.462181450899999646e+01
1.737868868900000052e+01,-3.389961857000000123e+01,-3.328193774199999666e+01,-2.676724750200000003e+01,-3.482252552300000303e+01,-3.799072193899999661e+01
1.739869869900000054e+01,-4.003609621599999713e+01,-3.516693057199999828e+01,-2.473050711599999829e+01,-3.382436605499999871e+01,-3.143879319399999872e+01
1.741870870900000057e+01,-3.197249563000000094e+01,-2.826928334100000129e+01,-2.657010927500000008e+01,-2.320938748400000051e+01,-1.852505541600000072e+01
1.743871871900000059e+01,-3.656174423699999920e+01,-3.657965623999999849e+01,-2.728919289499999934e+01,-3.412777821099999898e+01,-3.383732499300000285e+01
1.745872872900000061e+01,-2.847210593799999856e+01,-3.469306401899999770e+01,-3.584951545199999856e+01,-3.025531339599999825e+01,-2.830265389799999909e+01
1.747873873900000063e+01,-4.469612012999999706e+01,-3.091989767800000166e+01,-2.897318184099999883e+01,-2.953263731499999878e+01,-2.010434368900000024e+01
1.749874874900000066e+01,-2.353076385099999968e+01,-2.491704398599999948e+01,-2.802701957400000055e+01,-2.892084752999999964e+01,-2.172105403699999826e+01
1.751875875900000068e+01,-4.627926393100000269e+01,-3.447681666199999739e+01,-2.942326215099999942e+01,-3.292964386700000290e+01,-2.731415748199999882e+01
1.753876876900000070e+01,-3.612987599600000266e+01,-4.109785019600000311e+01,-3.246694090900000162e+01,-2.513638036100000051e+01,-1.521010785500000040e+01
1.755877877900000072e+01,-2.559930471399999874e+01,-3.313247432200000020e+01,-2.740709336400000140e+01,-3.083867987700000057e+01,-2.306025193199999990e+01
1.757878878900000075e+01,-3.204509444499999660e+01,-3.579158947399999846e+01,-2.212944421499999947e+01,-1.858573971399999891e+01,-3.486060899400000324e+01
1.759879879900000077e+01,-4.074003116000000091e+01,-4.701524892999999850e+01,-2.781670948500000051e+01,-2.709889235500000026e+01,-1.986570227200000005e+01
1.761880880900000079e+01,-2.176470161299999972e+01,-2.844357351400000056e+01,-2.693761951200000127e+01,-3.506313038300000073e+01,-2.619068525999999864e+01
1.763881881900000081e+01,-4.514933826600000089e+01,-2.699471556499999991e+01,-2.743694766599999824e+01,-4.081804274999999649e+01,-2.999034286399999871e+01
1.765882882900000084e+01,-3.786337089799999944e+01,-3.773379555100000005e+01,-3.347754281099999929e+01,-3.148110013300000176e+01,-2.235417106399999909e+01
1.767883883900000086e+01,-3.194743272399999867e+01,-3.288716832200000084e+01,-2.705319331200000121e+01,-3.193519729799999851e+01,-2.766795460999999889e+01
1.769884884900000088e+01,-3.570676680500000089e+01,-3.924073514799999884e+01,-2.668609497299999944e+01,-2.656761806000000092e+01,-1.935756065700000050e+01
1.771885885900000090e+01,-4.335176431099999661e+01,-3.001593222900000058e+01,-2.842254391399999847e+01,-2.659987765800000048e+01,-1.241500703700000052e+01
1.773886886900000093e+01,-2.966302110599999864e+01,-3.152411559200000113e+01,-3.145487334199999907e+01,-3.478182976200000098e+01,-2.383731937700000003e+01
1.775887887900000095e+01,-3.852524758900000279e+01,-3.492008997399999970e+01,-2.848119638500000050e+01,-2.744086418599999888e+01,-3.466744097899999844e+01
1.777888888900000097e+01,-3.572253848700000134e+01,-3.119053285900000105e+01,-3.069813913100000136e+01,-3.042749701199999990e+01,-2.858431249099999860e+01
1.779889889900000099e+01,-2.856966209899999853e+01,-3.527685753899999810e+01,-2.293217583999999931e+01,-2.440570950000000039e+01,-1.128709884300000077e+01
1.781890890900000102e+01,-5.276135824299999655e+01,-4.397630170299999719e+01,-3.719662694499999844e+01,-2.892392992699999965e+01,-2.815380375200000174e+01
1.783891891900000104e+01,-3.332080968799999710e+01,-3.272249388899999900e+01,-3.084706713199999939e+01,-3.189703349999999915e+01,-2.707419768999999832e+01
1.785892892900000106e+01,-2.850034238499999972e+01,-2.072849332199999850e+01,-3.013801492700000040e+01,-2.225737790000000160e+01,-2.154502424800000071e+01
1.787893893900000108e+01,-4.768076433400000269e+01,-3.660060131600000233e+01,-2.955448492400000049e+01,-3.100485201000000046e+01,-3.058956072000000148e+01
1.789894894900000111e+01,-1.694267286199999845e+01,-2.414672837199999833e+01,-2.882451409200000114e+01,-2.826395844500000010e+01,-2.631444649899999888e+01
1.791895895900000113e+01,-5.034783563999999956e+01,-3.197853252100000176e+01,-2.264387502099999949e+01,-2.826692340800000025e+01,-2.343624319999999983e+01
1.793896896900000115e+01,-3.294044047300000244e+01,-3.917934944699999988e+01,-1.629439835599999853e+01,-8.509545582499999483e+00,-2.113244650900000110e+01
1.795897897900000117e+01,-3.315582364499999812e+01,-3.195879019599999893e+01,-3.621754307399999817e+01,-2.255724861499999889e+01,-2.331001761599999966e+01
1.797898898900000120e+01,-3.762643129500000327e+01,-2.789324846999999963e+01,-3.583299174599999759e+01,-2.724350405399999886e+01,-1.973879419500000054e+01
1.799899899900000122e+01,-3.414845422300000166e+01,-3.337053529800000007e+01,-2.088645593300000058e+01,-2.887803700499999948e+01,-1.760472248700000009e+01
1.801900900900000124e+01,-3.772389580299999778e+01,-4.442786925299999723e+01,-2.289358164100000081e+01,-2.766666563400000101e+01,-1.994729072299999828e+01
1.803901901900000126e+01,-3.585302724400000329e+01,-3.789337773399999776e+01,-3.300298253300000084e+01,-2.669427423500000174e+01,-2.626825274699999824e+01
1.805902902900000129e+01,-3.586232284399999770e+01,-3.040917962400000008e+01,-3.059326109399999893e+01,-2.576175053900000123e+01,-2.414001726100000056e+01
1.807903903900000131e+01,-4.415636246500000084e+01,-4.772586882600000280e+01,-2.891195643600000054e+01,-3.159485529499999856e+01,-2.509116738399999846e+01
1.809904904900000133e+01,-4.067899370899999667e+01,-3.128688350699999887e+01,-3.788753004600000196e+01,-3.554176255600000189e+01,-2.224913610100000128e+01
1.811905905900000135e+01,-2.688617207200000081e+01,-2.538892798199999845e+01,-3.102903643000000145e+01,-3.535106352300000054e+01,-1.925665894600000172e+01
1.813906906900000138e+01,-3.957467023699999942e+01,-3.526954059599999880e+01,-3.367344435100000055e+01,-2.958477804099999986e+01,-1.757068412199999941e+01
1.815907907900000140e+01,-3.237762615100000119e+01,-3.688700004500000063e+01,-3.470921312800000180e+01,-2.493158584600000083e+01,-2.299322536200000044e+01
1.817908908900000142e+01,-3.526739336699999683e+01,-3.574136631700000066e+01,-2.611024162400000037e+01,-2.844160427999999996e+01,-2.697503584800000098e+01
1.819909909900000144e+01,-3.667560141900000303e+01,-3.780892744900000224e+01,-3.329488482699999707e+01,-3.131795634999999933e+01,-2.054914887400000012e+01
1.821910910900000147e+01,-3.480686209200000292e+01,-3.984538664400000130e+01,-2.833989057799999856e+01,-2.881936343599999972e+01,-2.780709862899999862e+01
1.823911911900000149e+01,-4.327958303199999790e+01,-4.140641081399999734e+01,-2.461994463499999952e+01,-3.251360833599999722e+01,-2.628448064999999900e+01
1.825912912900000151e+01,-3.409571610700000122e+01,-3.781926675500000101e+01,-2.508986971999999938e+01,-4.051334777099999940e+01,-1.315582293399999969e+01
1.827913913900000153e+01,-4.401736232300000040e+01,-3.440044443499999716e+01,-3.451250444099999726e+01,-2.786586814700000048e+01,-4.415764315100000204e+01
1.829914914900000156e+01,-2.754538355500000080e+01,-3.708775532899999661e+01,-2.740097632899999880e+01,-3.106397088499999981e+01,-3.278474551800000114e+01
1.831915915900000158e+01,-1.847503395700000084e+01,-4.716157738599999760e+01,-2.752871955000000170e+01,-2.865933793700000010e+01,-2.068560687700000145e+01
1.833916916900000160e+01,-3.138261388700000154e+01,-2.717409459499999969e+01,-3.641600264400000242e+01,-1.774820639500000041e+01,-1.853085795100000155e+01
1.835917917900000162e+01,-2.597515818600000159e+01,-1.132384827999999999e+01,3.149871015500000038e+00,-5.844431992999999714e+00,-1.028847888299999980e+01
1.837918918900000165e+01,-3.201658309599999797e+01,-3.644297288900000353e+01,-2.365995164599999967e+01,-2.962664529299999927e+01,-2.866803706199999979e+01
1.839919919900000167e+01,-3.152393248599999964e+01,-3.760682304499999873e+01,-2.211736321700000119e+01,-2.051709223299999962e+01,-1.709906638200000017e+01
1.841920920900000169e+01,-2.007185355200000032e+01,-2.532230445600000124e+01,-2.132424691299999964e+01,-2.430407520700000035e+01,-2.416476938199999935e+01
1.843921921900000171e+01,-3.316501407399999835e+01,-2.774197497400000145e+01,-3.154941835099999992e+01,-2.369448017299999876e+01,-3.577981570499999719e+01
1.845922922900000174e+01,-3.422703704100000266e+01,-3.647348109200000010e+01,-3.161710603199999881e+01,-3.532390766599999665e+01,-3.266552257499999712e+01
1.847923923900000176e+01,-3.654885860800000330e+01,-3.272947562200000249e+01,-3.564708982599999842e+01,-2.989684517099999894e+01,-2.527413465700000117e+01
1.849924924899999823e+01,-4.066648011600000245e+01,-3.736592499500000031e+01,-3.219855796800000292e+01,-2.895926267400000143e+01,-2.986579969599999984e+01
1.851925925899999825e+01,-3.500815193599999731e+01,-3.220853479699999866e+01,-2.564299789400000051e+01,-3.956538108600000214e+01,-3.194582432300000008e+01
1.853926926899999827e+01,-3.342853182900000064e+01,-3.347594256800000068e+01,-2.842597195900000173e+01,-2.290171662499999883e+01,-1.743867048499999939e+01
1.855927927899999830e+01,-5.211149574899999948e+01,-3.093285326100000177e+01,-4.479447577700000238e+01,-3.039069681100000153e+01,-4.116280304499999687e+01
1.857928928899999832e+01,-2.631276176900000152e+01,-4.106044013300000017e+01,-3.303406825999999796e+01,-3.037662820199999913e+01,-2.433128233700000109e+01
1.859929929899999834e+01,-3.158635669999999962e+01,-3.543329279099999951e+01,-2.809941163399999908e+01,-2.771672307600000096e+01,-2.208785278499999905e+01
1.861930930899999836e+01,-3.712450085199999705e+01,-3.716673319099999873e+01,-3.637165457700000104e+01,-3.229854170200000141e+01,-3.379670610000000153e+01
1.863931931899999839e+01,-2.161417829000000168e+01,-2.345643894799999885e+01,-3.588811584999999837e+01,-4.227875509500000106e+01,-2.967873861600000041e+01
1.865932932899999841e+01,-3.386954149900000033e+01,-2.952983008900000073e+01,-2.340873346200000071e+01,-4.315691646799999859e+01,-2.696183844800000173e+01
1.867933933899999843e+01,-4.198067928100000046e+01,-3.569488138199999838e+01,-2.027928879699999953e+01,-2.419538065900000134e+01,-1.086288369200000048e+01
1.869934934899999845e+01,-3.598008831100000293e+01,-2.946939732399999912e+01,-2.416108083399999984e+01,-3.376082444200000054e+01,-3.357855424800000321e+01
1.871935935899999848e+01,-2.683067912499999963e+01,-2.957995308299999948e+01,-2.470523421300000066e+01,-2.095377627599999926e+01,-3.543448241400000143e+01
1.873936936899999850e+01,-2.820804847499999823e+01,-3.614314260199999751e+01,-2.711774575100000106e+01,-2.855710745100000025e+01,-3.249179544599999758e+01
1.875937937899999852e+01,-3.936255656800000224e+01,-3.081853798899999930e+01,-2.443029661199999936e+01,-3.424290933399999659e+01,-3.652323435600000323e+01
1.877938938899999854e+01,-4.364284955099999763e+01,-4.518989703999999819e+01,-2.785987986499999991e+01,-2.823213961600000133e+01,-1.680387677799999935e+01
1.879939939899999857e+01,-2.945299377699999965e+01,-2.920894768999999869e+01,-3.166801715800000139e+01,-3.378877880000000289e+01,-2.511447461999999931e+01
1.881940940899999859e+01,-4.183811795900000163e+01,-4.476453092999999939e+01,-3.430300682200000040e+01,-3.531036579799999942e+01,-2.644107240800000014e+01
1.883941941899999861e+01,-5.580790099499999712e+01,-4.622435676599999965e+01,-2.084560152299999913e+01,-1.977379457700000032e+01,-2.529930438399999915e+01
1.885942942899999863e+01,-3.400234763800000337e+01,-3.460294872600000105e+01,4.411117102100000409e+00,-2.549280437799999799e+00,-3.375419406899999863e+00
1.887943943899999866e+01,-3.128244045099999937e+01,-2.594151382700000141e+01,-1.160990014999999964e+01,-2.791032643100000143e+01,-2.087822472399999896e+01
1.889944944899999868e+01,-4.599204634099999822e+01,-4.278197442799999806e+01,-3.009605008300000151e+01,-3.514850324300000040e+01,-3.581807020400000141e+01
1.891945945899999870e+01,-3.105123578699999953e+01,-3.028054695599999846e+01,-2.270462571199999857e+01,-3.121525026999999852e+01,-2.902478010800000163e+01
1.893946946899999872e+01,-4.467876974899999709e+01,-4.932364082200000155e+01,-3.519708167400000320e+01,-2.595742405400000052e+01,-2.473618182699999934e+01
1.895947947899999875e+01,-4.431219312999999715e+01,-5.198187922599999666e+01,-2.798082303800000048e+01,-2.928807007300000009e+01,-3.052701066099999849e+01
1.897948948899999877e+01,-2.259854203800000150e+01,-3.872319577799999735e+01,-3.178610422099999866e+01,-3.635085850200000124e+01,-2.033654342599999865e+01
1.899949949899999879e+01,-4.105562021899999792e+01,-5.868860751399999742e+01,-4.226616701700000078e+01,-3.912845231600000062e+01,-2.340157594500000116e+01
1.901950950999999890e+01,-3.714581010599999900e+01,-4.144012521199999810e+01,-2.523502223499999886e+01,-2.474027623899999995e+01,-2.715661593999999823e+01
1.903951951999999892e+01,-3.581026136799999904e+01,-2.614866420299999916e+01,-1.856540375499999840e+01,-2.777430800500000174e+01,-4.608917006800000138e+01
1.905952952999999894e+01,-4.569646003599999773e+01,-4.365311403700000170e+01,-3.363458912499999798e+01,-2.461955545200000017e+01,-2.251919146399999860e+01
1.907953953999999896e+01,-3.670936993600000164e+01,-4.103885171099999951e+01,-2.483728846800000056e+01,-1.776443651599999995e+01,-2.217345983899999950e+01
1.909954954999999899e+01,-3.461098817999999966e+01,-2.949672688400000098e+01,-1.881936533000000011e+01,-1.601920597499999843e+01,-1.155168843599999917e+01
1.911955955999999901e+01,-4.116688550300000315e+01,-4.134214524499999754e+01,-2.974445479499999934e+01,-5.694942984299999722e+01,-2.630186636799999889e+01
1.913956956999999903e+01,-2.869680665599999969e+01,-3.929429926499999937e+01,-2.849564672099999996e+01,-2.653359136899999982e+01,-1.644939954999999898e+01
1.915957957999999905e+01,-3.102445704000000148e+01,-5.116396039600000023e+01,-2.842627546199999955e+01,-2.928157119300000133e+01,-2.984598128800000083e+01
1.917958958999999908e+01,-3.506155028100000237e+01,-4.239145485200000252e+01,-3.175438203199999876e+01,-4.195722711900000235e+01,-4.744990687399999985e+01
1.919959959999999910e+01,-2.673525386400000059e+01,-2.072168609499999903e+01,-1.047513956699999937e+01,-7.593511504200000317e+00,-1.900954042200000060e+01
1.921960960999999912e+01,-3.681003417699999858e+01,-4.746795539800000086e+01,-2.053086373100000017e+01,-3.098807185800000141e+01,-2.334511536799999831e+01
1.923961961999999914e+01,-4.372422512800000050e+01,-5.297857540700000101e+01,-3.843506269299999900e+01,-3.933002092600000310e+01,-2.713601221500000094e+01
1.925962962999999917e+01,-2.808648597499999866e+01,-3.474040092799999968e+01,-2.575925069999999906e+01,-2.259419737300000008e+01,-2.388308942100000110e+01
1.927963963999999919e+01,-7.852701602000000491e+01,-4.702591040099999731e+01,-2.694349019699999914e+01,-3.517839026800000113e+01,-4.360505344300000274e+01
1.929964964999999921e+01,-3.480021916399999782e+01,-4.079191748299999887e+01,-2.837715570399999976e+01,-4.067294290800000311e+01,-3.586086821100000321e+01
1.931965965999999923e+01,-3.022731757600000080e+01,-4.580281721499999747e+01,-3.042732490499999898e+01,-2.675223342700000018e+01,-3.013128151200000104e+01
1.933966966999999926e+01,-4.141570064399999751e+01,-4.639813670400000234e+01,-2.373460643499999989e+01,-2.848616056799999896e+01,-2.747048340699999969e+01
1.935967967999999928e+01,-3.653985754699999688e+01,-3.777952584100000166e+01,-2.813591660399999839e+01,-3.281587567599999744e+01,-2.378923002200000170e+01
1.937968968999999930e+01,-2.052930114799999828e+01,-3.333753312500000021e+01,-2.354766060200000055e+01,-1.736834532499999995e+01,-1.615413257699999861e+01
1.939969969999999932e+01,-2.701869136799999893e+01,-5.712550217700000132e+01,-2.656103261000000160e+01,-3.104221548099999950e+01,-4.304459002000000112e+01
1.941970970999999935e+01,-5.463171848700000055e+01,-4.526441881400000256e+01,-2.039339863900000083e+01,-2.963345037199999865e+01,-2.892447653299999999e+01
1.943971971999999937e+01,-2.675313841099999834e+01,-3.850269366799999915e+01,-2.146724688999999842e+01,-2.942749577800000083e+01,-2.539164815000000175e+01
1.945972972999999939e+01,-3.990991052599999733e+01,-4.033232590800000139e+01,-3.594562206900000234e+01,-2.863756898999999834e+01,-2.892750262199999867e+01
1.947973973999999941e+01,-4.118998802299999795e+01,-4.659669884400000228e+01,-3.611320207600000032e+01,-3.687718325699999866e+01,-2.274716299700000022e+01
1.949974974999999944e+01,-2.932005340399999938e+01,-4.007549512100000300e+01,-2.482159018400000150e+01,-2.504830253400000117e+01,-3.292383965100000154e+01
1.951975975999999946e+01,-4.347542682200000286e+01,-4.092801641700000204e+01,-2.929245119200000147e+01,-3.558885561999999680e+01,-2.821863105699999963e+01
1.953976976999999948e+01,-3.128796586400000024e+01,-2.918030624700000075e+01,1.495932846000000005e+01,4.446896600999999727e+00,5.387215281899999653e+00
1.955977977999999950e+01,-4.174884139899999980e+01,-3.150415810499999836e+01,-2.421836857399999943e+01,-2.928465166499999839e+01,-4.203311686400000013e+01
1.957978978999999953e+01,-4.902130658600000146e+01,-6.650805911400000525e+01,-3.317472052200000121e+01,-3.457936111499999754e+01,-2.757707373899999936e+01
1.959979979999999955e+01,-3.438635303600000270e+01,-4.177224389100000224e+01,-3.505312168300000053e+01,-3.478083043699999877e+01,-2.351399424799999949e+01
1.961980980999999957e+01,-3.984368106299999823e+01,-3.260883916800000293e+01,-2.048994460100000126e+01,-2.454702254200000056e+01,-2.757575782099999984e+01
1.963981981999999959e+01,-4.138920229000000006e+01,-3.850790302600000103e+01,-3.000083881700000177e+01,-2.948498433299999988e+01,-3.355342501100000163e+01
1.965982982999999962e+01,-3.652087186499999660e+01,-1.081716828999999969e+01,3.286941860899999845e+00,8.149277463599999827e-01,4.292776452100000029e+00
1.967983983999999964e+01,-3.645262519799999978e+01,-4.792897303800000230e+01,-2.427206520100000020e+01,-3.258552234500000111e+01,-4.140783222400000341e+01
1.969984984999999966e+01,-4.152583535099999779e+01,-5.489659608000000190e+01,-3.745045668800000271e+01,-3.268474707000000024e+01,-3.483317869300000069e+01
1.971985985999999968e+01,-2.039314816799999974e+01,-3.150915943400000074e+01,-2.952103356399999967e+01,-4.530252137899999809e+01,-3.376812232500000022e+01
1.973986986999999971e+01,-4.238019863800000309e+01,-3.531844314500000337e+01,-1.937831681999999844e+01,-2.987925466000000085e+01,-3.087389609899999954e+01
1.975987987999999973e+01,-5.845784061300000189e+01,-3.528279297200000286e+01,-3.333017982900000220e+01,-2.901795344800000009e+01,-4.423416421299999968e+01
1.977988988999999975e+01,-3.829974777300000000e+01,-3.681558600200000342e+01,-2.480856243999999933e+01,-3.450250837000000104e+01,-1.795871832199999929e+01
1.979989989999999977e+01,-4.245089581500000264e+01,-4.565848304099999666e+01,-3.345413658500000054e+01,-3.151187562300000167e+01,-2.467907325099999838e+01
1.981990990999999980e+01,-4.878363006099999666e+01,-3.674599803600000314e+01,-1.985205309199999846e+01,-2.705965154000000084e+01,-3.706109180899999700e+01
1.983991991999999982e+01,-3.477600661999999687e+01,-3.616404906399999675e+01,-3.127104972800000127e+01,-4.865713975599999941e+01,-2.759704362500000130e+01
1.985992992999999984e+01,-5.730276826400000090e+01,-5.588712167999999991e+01,-4.572283539200000035e+01,-3.595706076700000153e+01,-3.400753354700000131e+01
1.987993993999999986e+01,-2.346014461000000040e+01,-4.047765997500000168e+01,-3.563261089800000292e+01,-3.344730514199999760e+01,-3.436359034499999865e+01
1.989994994999999989e+01,-4.918731927399999648e+01,-4.117774401700000197e+01,-3.519810273499999909e+01,-3.991542836099999647e+01,-2.944779068400000099e+01
1.991995995999999991e+01,-4.632850208199999997e+01,-3.967072840400000189e+01,-2.696547636600000075e+01,-1.058474956400000089e+01,-2.508516166900000144e+01
1.993996996999999993e+01,-3.985761747600000149e+01,-3.351123581400000262e+01,-4.445772174900000095e+01,-3.328204116300000237e+01,-3.143641334999999870e+01
1.995997997999999995e+01,-3.597136088100000251e+01,-4.078345193799999890e+01,-3.449379048499999811e+01,-3.664395239699999962e+01,-5.528449798599999809e+01
1.997998998999999998e+01,-3.378286599599999818e+01,-6.308023071400000248e+01,-3.087511418900000137e+01,-3.558580424200000181e+01,-3.457434446199999911e+01
2.000000000000000000e+01,-2.587669380199999836e+01,-2.686806340900000123e+01,-2.756168154299999884e+01,-4.218931209800000204e+01,-4.278451879899999710e+01
