freq_GHz,S21_dB,S31_dB,S41_dB,S51_dB,S61_dB
1.000000000000000021e-02,-7.500395387800000435e+01,-6.947395440200000394e+01,-7.315475324700000215e+01,-6.883455520200000421e+01,-7.778459995100000413e+01
3.001001001000000099e-02,-7.477305672100000322e+01,-6.992729076000000532e+01,-7.556513320499999509e+01,-7.234982050200000003e+01,-7.395873430199999632e+01
5.002002002000000003e-02,-8.448177393400000312e+01,-8.176267600600000662e+01,-7.877378966400000593e+01,-7.866397462199999779e+01,-7.451850056899999686e+01
7.003003002999999560e-02,-7.995063847599999463e+01,-8.482876786999999297e+01,-8.317318406399999731e+01,-8.698775195499999313e+01,-8.735273744900000281e+01
9.004004004000000505e-02,-8.009482182799999350e+01,-7.638122523200000558e+01,-8.452509466899999779e+01,-7.831904964899999300e+01,-7.817109737299999495e+01
1.100500500500000006e-01,-7.403436946300000443e+01,-8.028529092399999456e+01,-7.557542375799999945e+01,-7.522384430799999677e+01,-8.323192214300000558e+01
1.300600600600000101e-01,-8.073892777999999737e+01,-8.543392667800000595e+01,-7.917428839199999402e+01,-9.212096759700000348e+01,-8.534648707499999887e+01
1.500700700700000056e-01,-9.095893651699999793e+01,-7.942029990400000372e+01,-7.934920784999999910e+01,-8.363222988699999405e+01,-7.726249204600000553e+01
1.700800800800000012e-01,-7.914556384899999841e+01,-8.364683192600000439e+01,-7.980456341299999679e+01,-7.718044495600000232e+01,-7.807660054000000116e+01
1.900900900899999968e-01,-8.207385821200000464e+01,-7.401590769999999964e+01,-8.414924172700000327e+01,-8.474779344300000616e+01,-9.239871932699999491e+01
2.101001000999999924e-01,-8.393480477699999653e+01,-7.732088450599999874e+01,-8.751078812599999424e+01,-8.448790249200000346e+01,-8.524247509299999592e+01
2.301101101100000157e-01,-7.635132721399999411e+01,-8.527586407299999394e+01,-8.582736099599999591e+01,-7.457870423399999993e+01,-7.564870786500000577e+01
2.501201201200000113e-01,-7.670602322599999923e+01,-8.885400063999999531e+01,-8.325839973499999758e+01,-7.722546182600000009e+01,-8.309930837199999587e+01
2.701301301299999791e-01,-8.387781681399999911e+01,-8.876049868900000206e+01,-8.231245033400000466e+01,-8.834085378100000696e+01,-7.554737618299999724e+01
2.901401401400000024e-01,-9.912340574499999946e+01,-7.601624196299999880e+01,-7.590780939100000069e+01,-7.928027413499999909e+01,-8.134585155000000611e+01
3.101501501499999702e-01,-8.250982022700000584e+01,-9.277400710199999878e+01,-7.803422808400000577e+01,-8.173907316400000411e+01,-7.121729020200000093e+01
3.301601601600000491e-01,-9.498312189700000374e+01,-7.886484242299999892e+01,-7.430758005600000615e+01,-7.624600646499999357e+01,-7.812764758000000143e+01
3.501701701700000169e-01,-8.393232742700000415e+01,-1.098695359599999932e+02,-7.834551961600000425e+01,-8.064449151099999824e+01,-7.487418490700000007e+01
3.701801801799999847e-01,-8.303013827300000571e+01,-8.838757490000000416e+01,-7.442510898199999758e+01,-8.058278184899999985e+01,-8.446607344999999611e+01
3.901901901900000080e-01,-7.975768105900000648e+01,-7.524267547799999534e+01,-7.638890012500000637e+01,-8.408755228699999407e+01,-7.772902803099999858e+01
4.102002001999999758e-01,-8.312139097399999343e+01,-7.876385487100000660e+01,-7.778322277600000234e+01,-8.265741395899999588e+01,-7.302393864299999393e+01
4.302102102099999992e-01,-7.532342022699999973e+01,-8.926512051999999642e+01,-7.607524707299999989e+01,-8.006689304699999354e+01,-8.144444104800000162e+01
4.502202202200000225e-01,-7.262683002400000021e+01,-7.553497293499999898e+01,-7.547329504200000372e+01,-7.811358652299999505e+01,-7.678063275799999587e+01
4.702302302300000458e-01,-7.663251496499999860e+01,-7.444764429399999983e+01,-8.889586297300000695e+01,-8.028714623800000538e+01,-7.324786958100000334e+01
4.902402402400000136e-01,-7.300921603400000492e+01,-8.184806529200000114e+01,-7.664962139600000057e+01,-7.735531063000000529e+01,-8.095520754000000352e+01
5.102502502500000370e-01,-7.534102155499999753e+01,-7.478906931100000577e+01,-8.123163284999999689e+01,-8.385299920900000359e+01,-7.638801875599999391e+01
5.302602602599999493e-01,-7.630714492600000654e+01,-7.711640718399999628e+01,-7.068521967499999903e+01,-7.982097066199999347e+01,-7.608732174799999370e+01
5.502702702699999726e-01,-7.218149504199999456e+01,-7.795753922000000102e+01,-7.211744673399999783e+01,-7.238256857000000366e+01,-7.750620996300000343e+01
5.702802802799999959e-01,-7.777057311199999390e+01,-7.747477225199999395e+01,-8.054638570999999558e+01,-7.689622864499999366e+01,-6.920661117100000581e+01
5.902902902899999082e-01,-7.682195006599999942e+01,-6.766940438999999685e+01,-9.040837113599999952e+01,-7.292020912600000315e+01,-6.689189083099999777e+01
6.103003002999999316e-01,-8.296839634200000546e+01,-7.176194052699999304e+01,-7.163179547100000377e+01,-8.601213792800000135e+01,-6.517163600099999599e+01
6.303103103099999549e-01,-6.911118818299999589e+01,-7.366529284300000313e+01,-6.564655310999999926e+01,-6.988605347799999379e+01,-6.096863594399999897e+01
6.503203203200000893e-01,-7.748928497199999299e+01,-7.535625824400000283e+01,-6.979597640500000466e+01,-7.251662795000000017e+01,-6.348661938200000066e+01
6.703303303300000016e-01,-7.187274038900000050e+01,-7.694661403899999641e+01,-6.266436816099999874e+01,-7.023785622200000489e+01,-5.816078800599999710e+01
6.903403403400000249e-01,-7.536659924799999999e+01,-7.264630556699999886e+01,-6.244922553399999998e+01,-7.066705391300000372e+01,-5.593417091700000299e+01
7.103503503500000482e-01,-6.924036206600000298e+01,-7.006354435900000510e+01,-6.284705244999999962e+01,-7.675770817400000112e+01,-5.402558413900000289e+01
7.303603603599999605e-01,-6.333098439500000154e+01,-6.558646435999999369e+01,-5.914812963499999654e+01,-6.883023327499999766e+01,-5.116885546000000318e+01
7.503703703699999839e-01,-6.141000670599999722e+01,-6.318741865900000221e+01,-6.161471325899999840e+01,-7.453318141600000502e+01,-5.038605667600000260e+01
7.703803803800000072e-01,-5.665970809699999933e+01,-6.159201190499999967e+01,-5.769045337000000018e+01,-7.088357825800000001e+01,-4.866706720500000216e+01
7.903903903900000305e-01,-5.655636593999999917e+01,-6.119300924800000274e+01,-5.544437449600000178e+01,-6.907734096800000145e+01,-4.701797725099999781e+01
8.104004003999999428e-01,-5.536242976700000185e+01,-6.173747820300000200e+01,-5.350837245499999995e+01,-6.550044803100000479e+01,-4.666363319799999942e+01
8.304104104099999661e-01,-5.336864527899999899e+01,-6.151820197299999649e+01,-5.219848799500000069e+01,-5.984566905700000206e+01,-4.631799453499999686e+01
8.504204204199999895e-01,-5.257204847300000239e+01,-5.504711152099999794e+01,-5.124464856899999887e+01,-5.752175155199999779e+01,-4.495339942799999733e+01
8.704304304299999018e-01,-5.273742987899999690e+01,-5.285951580100000058e+01,-4.978062195500000087e+01,-5.659783547600000020e+01,-4.465069402099999962e+01
8.904404404400000361e-01,-5.294888448100000033e+01,-5.323482567700000345e+01,-4.884080076299999718e+01,-5.543636506899999716e+01,-4.492598793999999884e+01
9.104504504500000595e-01,-5.201337985199999991e+01,-5.259680432500000080e+01,-4.926124066799999923e+01,-5.468837644700000311e+01,-4.486154494000000170e+01
9.304604604600000828e-01,-5.405478331900000200e+01,-5.433706130699999903e+01,-4.741172048499999647e+01,-5.865793715699999922e+01,-4.540333204000000222e+01
9.504704704699999951e-01,-5.337033043499999962e+01,-5.434072126000000225e+01,-4.767913172299999758e+01,-5.855300392800000253e+01,-4.566427576699999946e+01
9.704804804800000184e-01,-5.688734552300000047e+01,-5.638090732700000274e+01,-4.813610550899999652e+01,-6.108859631199999995e+01,-4.660334813899999773e+01
9.904904904900000417e-01,-5.732665910899999773e+01,-5.792566872199999750e+01,-4.925485617100000013e+01,-6.079543061100000045e+01,-4.719104743999999840e+01
1.010500500500000065e+00,-5.768994554999999735e+01,-5.976991822000000099e+01,-4.916292367199999802e+01,-5.796242272399999962e+01,-4.711981809299999924e+01
1.030510510500000088e+00,-5.913529303699999673e+01,-5.850054695099999691e+01,-4.951623792400000212e+01,-6.234654734600000126e+01,-4.770341961100000105e+01
1.050520520500000110e+00,-5.900430999400000331e+01,-6.207708520399999941e+01,-4.976931006699999926e+01,-6.132674463000000031e+01,-4.654697163899999879e+01
1.070530530499999911e+00,-6.790838301499999830e+01,-6.238892990400000116e+01,-4.952932889299999886e+01,-6.210343526700000183e+01,-4.551371241100000020e+01
1.090540540499999933e+00,-6.592284308099999635e+01,-6.214551580799999897e+01,-4.865970078899999862e+01,-6.203057185600000167e+01,-4.436408722099999835e+01
1.110550550599999964e+00,-6.868108171199999390e+01,-6.006402737599999853e+01,-4.836351574100000050e+01,-6.693835335999999359e+01,-4.395972636300000147e+01
1.130560560599999986e+00,-7.562924057700000446e+01,-6.383195658900000069e+01,-4.727921298900000124e+01,-6.049587004299999649e+01,-4.342127935900000324e+01
1.150570570600000009e+00,-6.206325603599999852e+01,-6.103372469300000347e+01,-4.974241068100000263e+01,-7.511596559299999853e+01,-4.314025525099999925e+01
1.170580580599999809e+00,-6.445769026099999621e+01,-5.826133127199999961e+01,-4.926791938200000232e+01,-6.294789485399999762e+01,-4.300810043999999976e+01
1.190590590599999832e+00,-6.511486947400000247e+01,-6.299640125700000226e+01,-4.699671550800000119e+01,-5.977125859800000285e+01,-4.170385151400000012e+01
1.210600600599999854e+00,-6.103837126199999830e+01,-6.237656649099999839e+01,-4.666181454800000239e+01,-6.539978637500000502e+01,-4.058141742099999760e+01
1.230610610599999877e+00,-6.388741597500000324e+01,-6.491915234900000087e+01,-4.350860200700000036e+01,-6.735815217100000041e+01,-3.982475995600000118e+01
1.250620620599999899e+00,-6.734465170000000001e+01,-6.477984551699999827e+01,-4.402169861699999842e+01,-7.179751535299999432e+01,-3.937833798999999857e+01
1.270630630599999922e+00,-6.269426667999999836e+01,-7.782822691299999462e+01,-4.088226577500000047e+01,-6.726706538999999907e+01,-3.810667939500000045e+01
1.290640640599999944e+00,-5.775477301200000113e+01,-6.565558342399999958e+01,-4.020484552100000286e+01,-5.675031830799999710e+01,-3.777710101000000265e+01
1.310650650699999975e+00,-5.958726277299999907e+01,-5.942926438399999967e+01,-4.086060415000000035e+01,-5.770210168700000253e+01,-3.770729597599999749e+01
1.330660660699999998e+00,-6.268262287600000349e+01,-5.694479488799999700e+01,-4.032639604999999960e+01,-5.506059543300000314e+01,-3.755169653499999782e+01
1.350670670700000020e+00,-5.905997336000000075e+01,-5.564683543299999968e+01,-4.038374549400000291e+01,-5.517649951599999980e+01,-3.721411459200000138e+01
1.370680680700000043e+00,-5.952187059199999908e+01,-5.106678063199999684e+01,-4.004997008000000136e+01,-5.335057204799999653e+01,-3.648195725499999753e+01
1.390690690700000065e+00,-5.622245345599999666e+01,-5.219377542800000214e+01,-3.769189157200000295e+01,-5.548817650299999826e+01,-3.573617488299999678e+01
1.410700700700000088e+00,-5.436670703800000126e+01,-5.203391392700000040e+01,-3.658465611399999773e+01,-5.524899790500000307e+01,-3.494170368900000057e+01
1.430710710700000110e+00,-5.324847286699999671e+01,-4.991942587100000139e+01,-3.545552293299999747e+01,-5.241814247700000351e+01,-3.403674550099999863e+01
1.450720720700000133e+00,-5.048764777099999890e+01,-5.211725897200000190e+01,-3.513599134100000043e+01,-5.231563282700000173e+01,-3.361961985899999661e+01
1.470730730700000155e+00,-4.767930995599999733e+01,-5.261704541999999662e+01,-3.489200168699999693e+01,-5.712618652399999775e+01,-3.314989621600000191e+01
1.490740740699999956e+00,-4.626416136800000345e+01,-5.416592181299999709e+01,-3.402570662299999782e+01,-5.619913655900000293e+01,-3.241725457799999788e+01
1.510750750799999986e+00,-4.601186838200000295e+01,-5.056778952300000185e+01,-3.223811311099999699e+01,-5.893853288700000093e+01,-3.149811990299999920e+01
1.530760760800000009e+00,-4.660990847499999745e+01,-5.019983127700000125e+01,-3.074401762500000146e+01,-5.661605440200000317e+01,-3.013112405200000055e+01
1.550770770800000031e+00,-4.579085538799999711e+01,-5.581353297500000110e+01,-2.981905654299999853e+01,-5.564405786199999682e+01,-2.956980464200000114e+01
1.570780780800000054e+00,-4.397345638200000195e+01,-5.302594888200000156e+01,-2.924865723499999959e+01,-5.021771197599999681e+01,-2.913020178400000049e+01
1.590790790799999854e+00,-4.318841964399999966e+01,-5.311945229900000243e+01,-2.919071648799999963e+01,-4.712171892500000325e+01,-2.900395292199999986e+01
1.610800800799999877e+00,-4.242859887200000202e+01,-5.207446961200000146e+01,-2.973952549999999917e+01,-4.835176011099999727e+01,-2.911921833999999976e+01
1.630810810799999899e+00,-4.278803730900000346e+01,-4.745401360299999993e+01,-2.939440569699999983e+01,-4.884075003499999923e+01,-2.966892206700000045e+01
1.650820820799999922e+00,-4.178883433400000058e+01,-4.966500682899999930e+01,-2.919553889699999871e+01,-4.734605642500000044e+01,-3.007742228000000040e+01
1.670830830799999944e+00,-4.129149353300000058e+01,-4.686488459699999964e+01,-2.852710313800000108e+01,-4.727635103800000138e+01,-3.003364588499999854e+01
1.690840840799999967e+00,-4.179209519900000203e+01,-4.422914385800000048e+01,-2.812727661999999995e+01,-5.117263295499999742e+01,-2.999958399400000175e+01
1.710850850899999998e+00,-3.961133801599999771e+01,-4.270114021399999871e+01,-2.778831940199999906e+01,-5.267510510000000323e+01,-2.964145039399999959e+01
1.730860860900000020e+00,-3.981054993099999706e+01,-4.259194726900000205e+01,-2.792622673099999986e+01,-5.710816887600000058e+01,-2.916236992900000047e+01
1.750870870900000043e+00,-3.929549865599999947e+01,-4.380443526799999887e+01,-2.861504190200000153e+01,-5.378232044599999995e+01,-2.896351734099999931e+01
1.770880880900000065e+00,-3.908009029600000162e+01,-4.504520123000000353e+01,-2.878674999000000057e+01,-6.174179677200000071e+01,-2.957864556599999872e+01
1.790890890900000088e+00,-3.950992287700000105e+01,-4.461392402300000271e+01,-2.922085580999999976e+01,-5.492929776900000149e+01,-3.041773752299999956e+01
1.810900900900000110e+00,-3.985535361600000215e+01,-4.513081272499999841e+01,-3.043842388199999860e+01,-5.450761829100000000e+01,-3.084578335300000163e+01
1.830910910900000133e+00,-4.196470918100000347e+01,-4.706219676700000321e+01,-3.183729887100000155e+01,-5.542887670100000008e+01,-3.224769395700000274e+01
1.850920920900000155e+00,-4.435887395299999980e+01,-4.971483983099999904e+01,-3.359153377599999857e+01,-5.364343017400000235e+01,-3.390095009099999857e+01
1.870930930900000178e+00,-4.914447415600000113e+01,-5.521086903700000192e+01,-3.422247674300000142e+01,-5.557311362499999774e+01,-3.510192873500000132e+01
1.890940940900000200e+00,-5.501190438100000080e+01,-5.667099915600000060e+01,-3.436745186600000324e+01,-5.384658269300000200e+01,-3.539252435299999888e+01
1.910950951000000009e+00,-5.789829866200000197e+01,-5.459006502900000157e+01,-3.448593560199999786e+01,-6.201220940399999648e+01,-3.512847932300000053e+01
1.930960961000000031e+00,-5.253311499899999859e+01,-5.341773953900000294e+01,-3.452562508700000166e+01,-5.987838375700000171e+01,-3.327984866999999980e+01
1.950970971000000054e+00,-4.771727038499999907e+01,-5.410704697900000326e+01,-3.381383060999999657e+01,-5.314884047200000339e+01,-3.184536220200000045e+01
1.970980981000000076e+00,-4.414613539700000189e+01,-5.014953398699999809e+01,-3.294206802000000067e+01,-5.292498580800000241e+01,-3.043883342399999847e+01
1.990990991000000099e+00,-4.288561684599999779e+01,-5.090082971399999678e+01,-3.347564191800000089e+01,-5.164826426199999787e+01,-3.012636612900000088e+01
2.011001000999999899e+00,-4.130611315600000211e+01,-4.775557150200000223e+01,-3.320036934099999826e+01,-5.400802887700000099e+01,-3.013113737799999825e+01
2.031011010999999922e+00,-4.174753071800000015e+01,-5.067307081399999902e+01,-3.360382583199999829e+01,-5.224004306900000216e+01,-2.990494266800000034e+01
2.051021020999999944e+00,-4.181720480900000325e+01,-4.863668962799999917e+01,-3.359621752200000344e+01,-5.028541817600000030e+01,-3.017720544699999863e+01
2.071031030999999967e+00,-4.131759250000000350e+01,-4.886808029000000175e+01,-3.340296637099999799e+01,-4.946258873499999709e+01,-3.055976721600000090e+01
2.091041040999999989e+00,-4.213186424199999891e+01,-4.675167949099999731e+01,-3.295416048900000305e+01,-5.043438278499999683e+01,-3.046715976699999828e+01
2.111051051100000020e+00,-4.293099667799999963e+01,-4.752736856100000296e+01,-3.389166062299999993e+01,-4.965413511700000271e+01,-3.040026131100000129e+01
2.131061061100000043e+00,-4.099066132600000145e+01,-4.919920255800000319e+01,-3.405635161899999730e+01,-4.832543117499999852e+01,-2.991444854299999889e+01
2.151071071100000065e+00,-4.044413010000000241e+01,-5.021244458099999974e+01,-3.470329597500000318e+01,-4.713362192499999992e+01,-3.003298342500000118e+01
2.171081081100000088e+00,-4.010227678999999767e+01,-5.517025818599999809e+01,-3.496642503099999999e+01,-4.620822280299999818e+01,-2.990003923100000094e+01
2.191091091100000110e+00,-4.007477047799999781e+01,-5.718371217400000006e+01,-3.509286639100000116e+01,-4.673348904800000270e+01,-3.020802892000000028e+01
2.211101101099999688e+00,-3.984954127200000329e+01,-5.246797663800000322e+01,-3.502304116500000220e+01,-4.683237750400000010e+01,-3.045673981199999858e+01
2.231111111099999711e+00,-3.974672606200000047e+01,-6.155425707399999879e+01,-3.452318533500000086e+01,-4.758185850200000289e+01,-3.050159948800000009e+01
2.251121121099999733e+00,-4.040830386599999713e+01,-5.473561657500000166e+01,-3.461342928799999896e+01,-4.846584914999999683e+01,-3.049571365999999983e+01
2.271131131099999756e+00,-4.081510107799999787e+01,-5.016730994800000332e+01,-3.523229743299999939e+01,-4.683903156000000223e+01,-3.048360445400000174e+01
2.291141141099999778e+00,-4.116346283000000028e+01,-5.145892126900000108e+01,-3.516808450199999925e+01,-4.540143891599999648e+01,-3.019749528899999902e+01
2.311151151199999809e+00,-4.307639435200000122e+01,-5.092295935500000326e+01,-3.470039970100000204e+01,-4.488304592800000137e+01,-2.969071908000000093e+01
2.331161161199999832e+00,-4.100972511199999815e+01,-5.091381110900000095e+01,-3.495018755099999908e+01,-4.436155425700000166e+01,-2.862490937100000110e+01
2.351171171199999854e+00,-4.055273760600000088e+01,-5.310967755400000101e+01,-3.512708639099999886e+01,-4.450786595299999959e+01,-2.737440822099999949e+01
2.371181181199999877e+00,-4.051055864799999995e+01,-5.281381736800000226e+01,-3.453536568199999834e+01,-4.521345436699999709e+01,-2.628936838799999975e+01
2.391191191199999899e+00,-4.073873549200000355e+01,-5.007791607899999775e+01,-3.415662785600000007e+01,-4.545455292700000172e+01,-2.548603813000000073e+01
2.411201201199999922e+00,-4.010546865599999933e+01,-4.989817817600000183e+01,-3.376318599300000045e+01,-4.411295223500000162e+01,-2.506930641199999954e+01
2.431211211199999944e+00,-3.978320902800000169e+01,-5.066819433599999911e+01,-3.337809743399999718e+01,-4.429428778199999783e+01,-2.482428789000000080e+01
2.451221221199999967e+00,-4.127338853399999863e+01,-5.224688756700000170e+01,-3.291884183900000238e+01,-4.566854043000000019e+01,-2.450814733700000048e+01
2.471231231199999989e+00,-4.151535493699999790e+01,-5.505966889199999770e+01,-3.260559760000000296e+01,-4.851886224799999781e+01,-2.420752978200000172e+01
2.491241241200000012e+00,-4.248691437299999762e+01,-5.313942062800000343e+01,-3.216038045500000209e+01,-4.749475845100000271e+01,-2.403067963799999873e+01
2.511251251300000042e+00,-4.279202547599999917e+01,-5.360934821200000044e+01,-3.247901751799999914e+01,-4.829118531799999658e+01,-2.389927929099999915e+01
2.531261261300000065e+00,-4.253963703800000218e+01,-4.997541323299999760e+01,-3.329938761500000055e+01,-5.028106896199999909e+01,-2.394872310299999896e+01
2.551271271300000087e+00,-4.103232934300000068e+01,-4.950628051700000043e+01,-3.296501204999999857e+01,-5.027256238399999688e+01,-2.397696021000000144e+01
2.571281281300000110e+00,-4.066342433999999884e+01,-5.374563400899999976e+01,-3.219535608000000337e+01,-5.212355056500000217e+01,-2.420534262299999995e+01
2.591291291300000132e+00,-4.145493063600000028e+01,-5.125263205099999908e+01,-3.184863923400000019e+01,-5.185391663000000051e+01,-2.460396662799999845e+01
2.611301301300000155e+00,-4.178504922300000146e+01,-4.882619627999999778e+01,-3.164234580600000157e+01,-4.915090500200000179e+01,-2.490983311300000125e+01
2.631311311300000177e+00,-4.189298809600000340e+01,-5.040580351900000267e+01,-3.127027595199999865e+01,-4.887583713200000091e+01,-2.559753167399999896e+01
2.651321321300000200e+00,-4.243104524599999650e+01,-4.773778209099999970e+01,-3.114117010700000066e+01,-4.948104479700000269e+01,-2.612059483699999873e+01
2.671331331300000222e+00,-4.206312431199999935e+01,-4.784077429500000278e+01,-3.120214496899999901e+01,-5.017284796300000238e+01,-2.659221927100000116e+01
2.691341341300000245e+00,-4.351850030100000311e+01,-4.805924450399999870e+01,-3.142702432900000176e+01,-4.950605947599999723e+01,-2.719260812399999949e+01
2.711351351400000276e+00,-4.408417659900000274e+01,-4.913445931399999722e+01,-3.148370319600000045e+01,-4.987644010500000036e+01,-2.758718420299999963e+01
2.731361361400000298e+00,-4.667034332600000113e+01,-4.950105127399999816e+01,-3.172461287799999852e+01,-5.118476055600000052e+01,-2.824437780499999917e+01
2.751371371399999877e+00,-4.564259793000000087e+01,-4.898317365300000148e+01,-3.215710356799999659e+01,-5.124968003600000088e+01,-2.857832574800000103e+01
2.771381381399999899e+00,-4.445233319700000152e+01,-5.010996115399999695e+01,-3.227306367999999992e+01,-5.210114154699999744e+01,-2.906327051399999917e+01
2.791391391399999922e+00,-4.398447893000000164e+01,-5.789944349299999971e+01,-3.265529328099999873e+01,-5.218119378099999750e+01,-2.964201415899999859e+01
2.811401401399999944e+00,-4.550108067200000050e+01,-5.513142984899999988e+01,-3.241251646700000322e+01,-5.146186562700000167e+01,-3.034535302200000118e+01
2.831411411399999967e+00,-4.536009608300000195e+01,-5.604386555800000025e+01,-3.191524186199999846e+01,-5.023536604400000272e+01,-3.078640097699999956e+01
2.851421421399999989e+00,-4.428722671999999960e+01,-5.946913197500000337e+01,-3.145104300899999927e+01,-4.829674335200000002e+01,-3.072425332899999972e+01
2.871431431400000012e+00,-4.290828452299999896e+01,-5.347388477199999812e+01,-3.135248165300000167e+01,-4.808330125100000174e+01,-3.070588439100000144e+01
2.891441441400000034e+00,-4.240855053800000007e+01,-5.128503608300000138e+01,-3.106501985799999943e+01,-5.064170949100000030e+01,-3.106060375599999901e+01
2.911451451500000065e+00,-4.204270120799999688e+01,-5.130356968400000284e+01,-3.096416931899999980e+01,-4.959170810700000231e+01,-3.176138686499999864e+01
2.931461461500000087e+00,-4.114053973800000108e+01,-4.935379170000000215e+01,-3.102252364299999954e+01,-4.975733495299999731e+01,-3.233378505499999989e+01
2.951471471500000110e+00,-4.165046528399999914e+01,-4.731333826899999906e+01,-3.145698725000000096e+01,-5.220568796100000242e+01,-3.284986180300000314e+01
2.971481481500000132e+00,-4.214752739000000048e+01,-4.472158740199999727e+01,-3.140120432499999836e+01,-5.300653029000000060e+01,-3.323358381500000291e+01
2.991491491500000155e+00,-4.157860253700000186e+01,-4.526197525100000263e+01,-3.070513513199999878e+01,-4.991070117699999997e+01,-3.341189452500000101e+01
3.011501501500000177e+00,-4.156835415799999822e+01,-4.484372107699999788e+01,-3.050022768799999895e+01,-4.869029392200000217e+01,-3.337427588900000330e+01
3.031511511500000200e+00,-4.172399577299999862e+01,-4.297998306499999899e+01,-3.009976945900000089e+01,-4.921240589899999662e+01,-3.370669805099999650e+01
3.051521521499999778e+00,-4.130611804800000186e+01,-4.191503474099999949e+01,-2.992151963599999931e+01,-5.208511438499999713e+01,-3.338872020400000196e+01
3.071531531499999801e+00,-4.311344769400000132e+01,-4.258176009299999976e+01,-2.973606855499999924e+01,-5.531585452099999856e+01,-3.347640223399999826e+01
3.091541541499999823e+00,-4.564174540100000144e+01,-4.019246995700000014e+01,-2.960571001599999974e+01,-5.372824395699999656e+01,-3.274395535699999726e+01
3.111551551599999854e+00,-4.722358681299999716e+01,-3.885920207000000204e+01,-2.913087557300000086e+01,-5.527283941900000031e+01,-3.252277017699999817e+01
3.131561561599999877e+00,-4.969075936800000193e+01,-3.788966643799999900e+01,-2.911540410199999940e+01,-6.105287329600000135e+01,-3.238345224900000119e+01
3.151571571599999899e+00,-5.186613445199999717e+01,-3.728750497800000119e+01,-2.936498787400000055e+01,-7.356598390000000620e+01,-3.140148225600000131e+01
3.171581581599999922e+00,-5.326056977599999698e+01,-3.746145040500000079e+01,-2.946967337299999912e+01,-6.595436684099999525e+01,-3.081197416799999900e+01
3.191591591599999944e+00,-5.059662097900000077e+01,-3.933754081400000047e+01,-2.936058169100000015e+01,-6.777709985699999606e+01,-3.035654759199999830e+01
3.211601601599999967e+00,-5.733293918199999695e+01,-3.939541525599999972e+01,-2.927351295000000064e+01,-6.362070218299999880e+01,-2.991453770100000042e+01
3.231611611599999989e+00,-5.546776106800000150e+01,-3.926604779899999897e+01,-2.930472915700000058e+01,-6.759423704699999291e+01,-2.962954188899999863e+01
3.251621621600000012e+00,-5.378191933000000091e+01,-3.979073978200000283e+01,-3.003983904300000063e+01,-6.683016897999999628e+01,-2.929587898100000132e+01
3.271631631600000034e+00,-5.257203481999999894e+01,-3.944155644800000005e+01,-3.016352208300000015e+01,-6.323902655700000253e+01,-2.874824972600000095e+01
3.291641641600000057e+00,-5.560933653099999674e+01,-4.056443900800000080e+01,-2.950374146300000078e+01,-5.733866803499999776e+01,-2.862423870699999995e+01
3.311651651699999643e+00,-5.266640699399999903e+01,-4.252250047100000074e+01,-2.962434183299999901e+01,-5.727919029899999970e+01,-2.812594791200000088e+01
3.331661661699999666e+00,-5.221433065200000101e+01,-4.338623423100000309e+01,-2.979938830400000072e+01,-6.238718581100000193e+01,-2.796266267500000069e+01
3.351671671699999688e+00,-5.153453024499999913e+01,-4.409736659699999706e+01,-2.931716812299999830e+01,-6.865144119100000353e+01,-2.768130797899999962e+01
3.371681681699999711e+00,-5.016811948200000160e+01,-4.584347516300000080e+01,-2.927172861300000051e+01,-5.834691358999999977e+01,-2.753483976100000064e+01
3.391691691699999733e+00,-4.869771475099999947e+01,-4.966849292199999866e+01,-2.969037257200000113e+01,-5.401200233299999809e+01,-2.692367837999999836e+01
3.411701701699999756e+00,-5.110316949799999975e+01,-5.130547714800000136e+01,-2.997994940099999894e+01,-6.305806593700000207e+01,-2.647995477399999942e+01
3.431711711699999778e+00,-4.636122189999999677e+01,-4.992966694999999788e+01,-2.970437351500000034e+01,-5.552429941700000171e+01,-2.616831513500000028e+01
3.451721721699999801e+00,-4.679141918799999900e+01,-5.139883264899999915e+01,-3.034979292399999906e+01,-6.742449983800000268e+01,-2.560041515300000015e+01
3.471731731699999823e+00,-4.687526553699999710e+01,-4.957602603499999816e+01,-3.044547979700000084e+01,-6.042939122399999974e+01,-2.502940151800000024e+01
3.491741741699999846e+00,-4.564792927700000291e+01,-4.651256890900000229e+01,-3.076419504000000060e+01,-6.961735714300000666e+01,-2.464421209400000023e+01
3.511751751800000321e+00,-4.860490778900000208e+01,-4.944046012199999751e+01,-3.109152854799999943e+01,-5.874314547600000225e+01,-2.409371300400000138e+01
3.531761761800000343e+00,-4.968434675400000344e+01,-4.880786846400000201e+01,-3.118566442199999855e+01,-5.687500973000000215e+01,-2.383075107599999853e+01
3.551771771800000366e+00,-4.666716072999999909e+01,-6.062329252600000018e+01,-3.140368927200000115e+01,-6.062844403300000096e+01,-2.354886393499999997e+01
3.571781781800000388e+00,-4.682481867199999925e+01,-5.275537675900000067e+01,-3.211569494599999786e+01,-5.824628357499999964e+01,-2.352924417199999851e+01
3.591791791800000411e+00,-4.771144742799999960e+01,-5.117142006299999935e+01,-3.307739887700000025e+01,-5.416401283599999772e+01,-2.343864119799999912e+01
3.611801801799999989e+00,-5.113334316299999927e+01,-5.520528600499999783e+01,-3.406114871799999833e+01,-5.561974452999999841e+01,-2.347227855899999938e+01
3.631811811800000012e+00,-5.325329895800000202e+01,-4.766332975200000277e+01,-3.441379499500000350e+01,-6.273703385700000013e+01,-2.370093165500000154e+01
3.651821821800000034e+00,-5.049493666299999717e+01,-4.421897255199999677e+01,-3.528675809500000327e+01,-5.347929175499999843e+01,-2.404908569499999871e+01
3.671831831800000057e+00,-4.949441571199999856e+01,-4.203356263900000300e+01,-3.705300186699999898e+01,-5.423394081099999653e+01,-2.427874131900000165e+01
3.691841841800000079e+00,-5.075079843500000010e+01,-4.571375865099999913e+01,-3.790975474900000108e+01,-5.465033558100000022e+01,-2.466956833200000077e+01
3.711851851900000110e+00,-4.724473025799999704e+01,-4.562116529099999696e+01,-3.642405884800000138e+01,-5.293464313599999826e+01,-2.495375266799999991e+01
3.731861861900000132e+00,-4.902509994399999727e+01,-4.383399825200000066e+01,-3.548319486500000153e+01,-5.555899580999999898e+01,-2.542817384800000013e+01
3.751871871900000155e+00,-4.751620107200000120e+01,-4.206661772999999727e+01,-3.703470678800000115e+01,-5.317421579100000173e+01,-2.603238666600000073e+01
3.771881881900000177e+00,-4.629757629600000257e+01,-4.154265439400000304e+01,-3.671876075099999781e+01,-5.392582330799999824e+01,-2.661796398699999955e+01
3.791891891900000200e+00,-4.667471758399999970e+01,-4.527351307100000355e+01,-3.802780817600000063e+01,-5.454215831900000211e+01,-2.696430411700000107e+01
3.811901901900000222e+00,-4.976897055399999914e+01,-4.645119075499999894e+01,-3.902281042799999966e+01,-4.947508395199999853e+01,-2.786113715700000171e+01
3.831911911900000245e+00,-5.317534125699999947e+01,-4.045670450899999793e+01,-3.676639063300000032e+01,-4.901819468099999710e+01,-2.859955327400000158e+01
3.851921921900000267e+00,-4.929513613400000338e+01,-4.080207564300000200e+01,-3.638751105600000102e+01,-5.198863822399999890e+01,-2.924236340099999865e+01
3.871931931900000290e+00,-5.430399795200000312e+01,-4.295065390799999960e+01,-3.718160020900000262e+01,-5.190096258599999857e+01,-3.021636164299999905e+01
3.891941941900000312e+00,-6.165987090000000137e+01,-4.208786260600000162e+01,-3.751743499300000195e+01,-4.827564094600000288e+01,-3.052103775400000174e+01
3.911951951999999899e+00,-5.282649701399999742e+01,-4.224090595500000234e+01,-3.659273005800000078e+01,-4.812718030999999996e+01,-3.115875611499999920e+01
3.931961961999999922e+00,-4.977818045400000102e+01,-4.088545129900000319e+01,-3.578190964499999893e+01,-4.833545564899999647e+01,-3.189098150899999951e+01
3.951971971999999944e+00,-5.302908607199999835e+01,-4.143584160099999991e+01,-3.498166425800000212e+01,-4.945768601900000050e+01,-3.231111942100000078e+01
3.971981981999999967e+00,-5.864466853700000115e+01,-4.148017353099999838e+01,-3.447754515799999808e+01,-5.190434076700000077e+01,-3.306911203199999960e+01
3.991991991999999989e+00,-5.395923027399999938e+01,-4.124289565400000157e+01,-3.542177283800000254e+01,-5.039112117100000177e+01,-3.435764757999999830e+01
4.012002002000000012e+00,-5.791190197000000239e+01,-3.896333695500000260e+01,-3.600696980099999678e+01,-4.931215516400000354e+01,-3.630395337000000211e+01
4.032012012000000034e+00,-4.802269435800000252e+01,-4.246492822599999784e+01,-3.641027153699999985e+01,-4.897828066799999647e+01,-3.715723543499999693e+01
4.052022022000000057e+00,-5.145846576099999936e+01,-4.098449039199999788e+01,-3.615846564600000335e+01,-4.882394477700000124e+01,-3.810542100400000010e+01
4.072032032000000079e+00,-5.257327015399999937e+01,-4.157690745000000021e+01,-3.690529465699999889e+01,-4.827855691199999910e+01,-4.113699395900000155e+01
4.092042042000000102e+00,-5.050675769200000076e+01,-4.327744585699999647e+01,-3.651915121399999720e+01,-4.995232917500000269e+01,-4.171562385200000023e+01
4.112052052100000132e+00,-5.241629002799999881e+01,-4.369125669499999987e+01,-3.767605888599999986e+01,-6.376805374799999981e+01,-4.362536669299999659e+01
4.132062062100000155e+00,-5.111205125299999708e+01,-4.244638263600000272e+01,-3.843484408799999841e+01,-5.577822585500000230e+01,-4.611313687100000180e+01
4.152072072100000177e+00,-5.937438686699999835e+01,-4.112762445999999983e+01,-3.726027083599999656e+01,-5.865354854899999992e+01,-4.476697888399999670e+01
4.172082082100000200e+00,-5.805918938500000337e+01,-4.283563439600000322e+01,-3.707078668500000163e+01,-5.499124632099999843e+01,-4.517053564799999776e+01
4.192092092100000222e+00,-5.435427878499999821e+01,-4.080031634299999865e+01,-3.681124984600000261e+01,-6.062315369099999884e+01,-4.439969763599999908e+01
4.212102102100000245e+00,-5.681641781500000121e+01,-3.971005764200000243e+01,-3.751066542400000259e+01,-6.091337364999999693e+01,-4.425641108899999665e+01
4.232112112100000267e+00,-6.602394078499999353e+01,-4.006702371299999754e+01,-3.702138064700000086e+01,-5.700106517999999767e+01,-4.248539220300000352e+01
4.252122122100000290e+00,-5.929772306000000270e+01,-4.058614706499999869e+01,-3.720252227000000289e+01,-5.563159117800000075e+01,-4.025618403699999703e+01
4.272132132100000312e+00,-5.150013635199999840e+01,-3.914805239900000089e+01,-3.668162867600000254e+01,-4.960188521399999928e+01,-3.963403006299999731e+01
4.292142142100000335e+00,-5.297031429500000144e+01,-4.023456014700000338e+01,-3.672192643399999668e+01,-5.560300724500000058e+01,-3.826440290000000033e+01
4.312152152199999477e+00,-5.727159128600000315e+01,-3.988686105400000059e+01,-3.596337376000000319e+01,-5.811750385999999935e+01,-3.752870670099999728e+01
4.332162162199999500e+00,-4.952385163000000290e+01,-3.928501455499999651e+01,-3.737139696199999861e+01,-5.411898749899999927e+01,-3.681248516499999823e+01
4.352172172199999522e+00,-5.007993356899999782e+01,-3.893061094800000177e+01,-3.695967138599999657e+01,-5.999949561799999742e+01,-3.612630719300000237e+01
4.372182182199999545e+00,-4.638236610599999921e+01,-4.067511107400000014e+01,-3.582861756799999853e+01,-5.693725463599999870e+01,-3.514476607200000302e+01
4.392192192199999567e+00,-4.781306895000000168e+01,-3.864355203899999935e+01,-3.527413402599999870e+01,-6.349918642200000107e+01,-3.449827940000000126e+01
4.412202202199999590e+00,-4.698775188599999808e+01,-3.959857377000000156e+01,-3.507629654699999833e+01,-5.229554810900000206e+01,-3.452068042700000206e+01
4.432212212199999612e+00,-4.719245086699999803e+01,-4.005010289100000165e+01,-3.517940937600000240e+01,-5.183618370199999958e+01,-3.491241074799999922e+01
4.452222222199999635e+00,-4.682449549199999694e+01,-3.864289863599999819e+01,-3.476765990700000231e+01,-5.363664325799999943e+01,-3.394462869699999885e+01
4.472232232199999657e+00,-4.882566277099999752e+01,-3.840362768399999993e+01,-3.526583409100000210e+01,-5.366662130499999961e+01,-3.357845556899999906e+01
4.492242242199999680e+00,-5.181263384300000041e+01,-3.903496504999999672e+01,-3.366767863500000146e+01,-5.121109820200000229e+01,-3.332651845000000179e+01
4.512252252300000599e+00,-4.851244061900000304e+01,-4.045372327399999790e+01,-3.279263643499999858e+01,-4.807234451099999717e+01,-3.403210332500000135e+01
4.532262262300000621e+00,-4.928269180299999874e+01,-3.883603709199999798e+01,-3.182097189599999965e+01,-5.197205877300000054e+01,-3.374218062700000331e+01
4.552272272299999756e+00,-4.684206674499999679e+01,-4.033559932400000037e+01,-3.318064583400000345e+01,-5.029948315699999739e+01,-3.357712030999999797e+01
4.572282282299999778e+00,-4.660256203699999844e+01,-3.881685109499999697e+01,-3.241488435200000140e+01,-4.912492907000000031e+01,-3.390381067999999942e+01
4.592292292299999801e+00,-4.726238016300000311e+01,-3.813815530200000126e+01,-3.199784507600000083e+01,-5.349822430399999718e+01,-3.391210754400000127e+01
4.612302302299999823e+00,-5.211596924199999847e+01,-3.935298576600000331e+01,-3.145413453000000104e+01,-4.763307657600000056e+01,-3.438127233699999863e+01
4.632312312299999846e+00,-5.156534774200000015e+01,-3.875171402000000143e+01,-3.180747104299999961e+01,-5.199951228599999808e+01,-3.546542293299999926e+01
4.652322322299999868e+00,-4.868522570100000024e+01,-3.841072789999999770e+01,-3.176003833200000059e+01,-5.151107354199999833e+01,-3.521185982400000114e+01
4.672332332299999891e+00,-4.932043250400000289e+01,-3.779796597600000041e+01,-3.183424302199999900e+01,-4.959877355900000140e+01,-3.509326388299999877e+01
4.692342342299999913e+00,-4.459288427100000263e+01,-3.778912394900000038e+01,-3.193489542600000064e+01,-4.706825853099999790e+01,-3.533006576300000035e+01
4.712352352399999944e+00,-4.593658613800000268e+01,-3.832283405100000095e+01,-3.116393145199999992e+01,-4.463720305999999738e+01,-3.543175842000000131e+01
4.732362362399999967e+00,-5.081430138599999680e+01,-3.784765174199999649e+01,-3.058753197400000090e+01,-4.632361625899999780e+01,-3.499883552099999662e+01
4.752372372399999989e+00,-4.795487315399999773e+01,-3.678086463199999656e+01,-3.049187048099999942e+01,-4.773218258100000355e+01,-3.577545265999999913e+01
4.772382382400000012e+00,-4.936914217500000035e+01,-3.708178779299999661e+01,-3.069616490599999992e+01,-4.846578114100000079e+01,-3.467795618400000279e+01
4.792392392400000034e+00,-4.593298049799999916e+01,-3.785428796000000062e+01,-3.029624758499999970e+01,-4.574758972099999710e+01,-3.509420887999999650e+01
4.812402402400000057e+00,-5.077486911999999819e+01,-3.745128656100000342e+01,-3.020491275599999881e+01,-4.655497349299999854e+01,-3.434926973500000003e+01
4.832412412399999191e+00,-5.394617319599999661e+01,-3.762978695399999651e+01,-2.967021301100000130e+01,-4.417473532599999686e+01,-3.438543899700000139e+01
4.852422422399999213e+00,-5.243657419000000175e+01,-3.681023726499999782e+01,-2.941419915499999860e+01,-4.732922540700000269e+01,-3.407620215400000063e+01
4.872432432399999236e+00,-5.349787738100000212e+01,-3.692281854400000185e+01,-2.944183197399999941e+01,-4.317964064800000301e+01,-3.294359615999999846e+01
4.892442442399999258e+00,-5.837290127299999654e+01,-3.672039758500000062e+01,-2.914903397799999851e+01,-4.240208974099999750e+01,-3.301660164900000183e+01
4.912452452500000177e+00,-5.222676882399999698e+01,-3.713068042799999802e+01,-2.864242263899999941e+01,-4.147226033999999828e+01,-3.262136640100000307e+01
4.932462462500000200e+00,-7.699519962300000486e+01,-3.701856654400000224e+01,-2.848280489300000085e+01,-4.365953381100000286e+01,-3.287525076099999666e+01
4.952472472500000222e+00,-5.779607583800000015e+01,-3.639702079799999979e+01,-2.824049217299999981e+01,-4.520281492899999876e+01,-3.346267059499999874e+01
4.972482482500000245e+00,-5.762137773399999929e+01,-3.502993372899999969e+01,-2.796210114999999874e+01,-4.376335322999999988e+01,-3.301579871599999905e+01
4.992492492500000267e+00,-6.267621174399999973e+01,-3.558851799699999674e+01,-2.856272333800000141e+01,-4.324878898800000115e+01,-3.396726427200000131e+01
5.012502502500000290e+00,-6.144121041700000063e+01,-3.593982539000000287e+01,-2.835181341499999874e+01,-4.351537633200000244e+01,-3.471632219899999683e+01
5.032512512500000312e+00,-5.054189475900000161e+01,-3.479754069599999866e+01,-2.841070367300000044e+01,-4.294707004800000050e+01,-3.459390546000000199e+01
5.052522522500000335e+00,-5.510191243700000285e+01,-3.422160658899999675e+01,-2.849239035700000144e+01,-4.553257619899999753e+01,-3.476619661899999869e+01
5.072532532500000357e+00,-5.366809332500000096e+01,-3.267262340500000306e+01,-2.848074674000000073e+01,-4.466157951400000314e+01,-3.452241628099999815e+01
5.092542542500000380e+00,-5.158248378799999756e+01,-3.331843321299999872e+01,-2.865836793700000129e+01,-4.481255653099999847e+01,-3.535752776300000022e+01
5.112552552600000411e+00,-4.933523054199999791e+01,-3.375661429600000218e+01,-2.883505738099999860e+01,-4.294509890700000199e+01,-3.585252032900000074e+01
5.132562562600000433e+00,-5.627384539799999885e+01,-3.403576486299999715e+01,-2.921846345100000164e+01,-4.401384779699999683e+01,-3.602454474000000317e+01
5.152572572600000456e+00,-4.862381019699999740e+01,-3.308877290800000281e+01,-2.832182247400000108e+01,-4.501025735399999661e+01,-3.536221460299999819e+01
5.172582582600000478e+00,-4.757621519500000318e+01,-3.388175670199999701e+01,-2.902889701200000161e+01,-4.631021606499999876e+01,-3.628802393600000187e+01
5.192592592600000501e+00,-4.994680640400000016e+01,-3.421807914600000089e+01,-2.941731603699999908e+01,-4.792747547999999824e+01,-3.699468327400000334e+01
5.212602602600000523e+00,-4.580162339700000018e+01,-3.430998602999999747e+01,-3.015786834200000044e+01,-5.025658043499999650e+01,-3.656731546500000007e+01
5.232612612600000546e+00,-5.168773352899999907e+01,-3.547991048099999745e+01,-3.025556316300000148e+01,-5.516671087499999970e+01,-3.768290128099999947e+01
5.252622622600000568e+00,-4.334709228300000206e+01,-3.422472014000000229e+01,-2.999943877200000131e+01,-5.509408245200000209e+01,-3.823480555700000139e+01
5.272632632600000591e+00,-4.622999348199999758e+01,-3.424155627300000049e+01,-3.048091754600000058e+01,-6.240494687999999712e+01,-3.889081834200000287e+01
5.292642642600000613e+00,-4.510971655299999838e+01,-3.475245468100000323e+01,-3.149798709899999949e+01,-5.364991208800000067e+01,-3.792161979000000116e+01
5.312652652699999756e+00,-4.458456480299999924e+01,-3.588789334300000178e+01,-3.157476481100000143e+01,-4.768749540599999648e+01,-4.047924750899999680e+01
5.332662662699999778e+00,-4.737473717099999959e+01,-3.640105125600000235e+01,-3.259531611999999967e+01,-4.826619806499999754e+01,-3.918466390500000074e+01
5.352672672699999801e+00,-4.795218317900000216e+01,-3.516608223800000133e+01,-3.257717194899999669e+01,-5.364917129100000182e+01,-3.915074379099999646e+01
5.372682682699999823e+00,-4.717080450099999922e+01,-3.616201886500000029e+01,-3.263248381100000017e+01,-4.333352821700000135e+01,-3.942329852000000301e+01
5.392692692699999846e+00,-4.734073405299999848e+01,-3.865345424899999927e+01,-3.378502921700000172e+01,-4.495990616499999959e+01,-4.048263878400000237e+01
5.412702702699999868e+00,-4.732656473000000119e+01,-3.748754659800000155e+01,-3.469467559000000279e+01,-4.679824485599999662e+01,-4.211562829900000082e+01
5.432712712699999891e+00,-4.631874542900000336e+01,-3.767806659099999678e+01,-3.529754540799999774e+01,-4.438060508299999896e+01,-3.999235973199999705e+01
5.452722722699999913e+00,-4.643279055099999653e+01,-3.761215960599999875e+01,-3.566553906099999693e+01,-4.666192353400000314e+01,-4.322255795400000267e+01
5.472732732699999936e+00,-5.157376184400000341e+01,-3.838696624899999676e+01,-3.992561087699999689e+01,-4.490658006900000032e+01,-4.173808056299999691e+01
5.492742742699999958e+00,-5.511821906000000126e+01,-3.923015305300000222e+01,-3.945480033900000194e+01,-4.382928805099999892e+01,-4.716405394699999931e+01
5.512752752799999989e+00,-5.341884365599999995e+01,-4.076539861700000245e+01,-3.917484651299999854e+01,-4.505250236999999913e+01,-4.316789811900000018e+01
5.532762762800000012e+00,-6.042224340500000324e+01,-4.165050381100000010e+01,-3.949251767199999819e+01,-4.667512780100000214e+01,-4.254242253799999673e+01
5.552772772800000034e+00,-5.473801888300000229e+01,-4.054333423799999991e+01,-4.111197139899999797e+01,-4.640554038300000173e+01,-4.318390067600000037e+01
5.572782782800000057e+00,-5.652619523199999918e+01,-4.115760192300000142e+01,-4.396900252399999687e+01,-5.037295849600000253e+01,-4.400858003500000137e+01
5.592792792800000079e+00,-5.046654696099999882e+01,-4.272904402399999668e+01,-4.054376236000000233e+01,-5.903608753599999659e+01,-4.571592331200000103e+01
5.612802802800000102e+00,-4.845019637299999715e+01,-4.395445469700000274e+01,-3.864065348900000174e+01,-4.899154028299999908e+01,-4.223524631299999754e+01
5.632812812800000124e+00,-5.945790089100000131e+01,-4.144721557599999784e+01,-3.808969293599999872e+01,-5.860281653900000265e+01,-4.295440485299999978e+01
5.652822822800000147e+00,-5.374381672300000190e+01,-4.120905658200000232e+01,-3.709868795300000244e+01,-6.330082856100000299e+01,-4.080257595399999815e+01
5.672832832800000169e+00,-5.568793601600000187e+01,-4.055193380400000080e+01,-3.535759274600000168e+01,-5.653271373199999772e+01,-4.083396355600000049e+01
5.692842842800000192e+00,-5.164966521600000249e+01,-3.785250382400000291e+01,-3.351199711200000309e+01,-5.325027459799999718e+01,-4.233032495500000181e+01
5.712852852899999334e+00,-5.347159435900000091e+01,-3.699400709700000078e+01,-3.332033971700000308e+01,-5.327624193500000160e+01,-4.111956114699999887e+01
5.732862862899999357e+00,-5.068309372800000290e+01,-3.522127647399999972e+01,-3.155307514800000135e+01,-4.982749927900000131e+01,-4.094587417900000048e+01
5.752872872899999379e+00,-5.355065014800000256e+01,-3.355993044299999895e+01,-3.057346369100000061e+01,-4.535932468499999715e+01,-4.059471175000000187e+01
5.772882882899999402e+00,-4.638400726599999757e+01,-3.310701795699999650e+01,-2.909687521900000107e+01,-4.309818879699999883e+01,-4.063161756200000241e+01
5.792892892899999424e+00,-4.689124309299999993e+01,-3.215071033200000272e+01,-2.841985308599999982e+01,-3.956221437399999985e+01,-3.909804677799999695e+01
5.812902902899999447e+00,-4.563563149299999822e+01,-3.237582724100000320e+01,-2.767910586900000069e+01,-4.002004534299999960e+01,-3.773885991400000250e+01
5.832912912899999469e+00,-4.997944873800000209e+01,-3.127736526700000042e+01,-2.682849313099999833e+01,-3.799439402899999862e+01,-3.803187412799999834e+01
5.852922922899999492e+00,-5.316200801600000148e+01,-3.066144685800000147e+01,-2.642715645199999841e+01,-3.668299801900000290e+01,-3.734831656800000133e+01
5.872932932899999514e+00,-4.976262407200000126e+01,-3.059287340899999919e+01,-2.606039498499999851e+01,-3.617312325599999667e+01,-3.853464535900000243e+01
5.892942942899999537e+00,-6.143614216900000002e+01,-3.109910935399999943e+01,-2.537874041299999917e+01,-3.546931738400000000e+01,-3.789656330199999701e+01
5.912952952999999567e+00,-5.313434824000000134e+01,-3.092396367599999962e+01,-2.482019132299999953e+01,-3.596282321099999990e+01,-3.743886187100000029e+01
5.932962962999999590e+00,-5.107939638900000290e+01,-3.071591451200000122e+01,-2.463964982199999909e+01,-3.395962278700000070e+01,-3.821601414399999896e+01
5.952972972999999612e+00,-5.315463013499999789e+01,-3.066869561400000066e+01,-2.375784610399999863e+01,-3.450366298099999796e+01,-3.785747670800000009e+01
5.972982982999999635e+00,-5.084747473400000217e+01,-3.231465142900000131e+01,-2.349925800800000175e+01,-3.412161053199999827e+01,-3.796057922199999979e+01
5.992992992999999657e+00,-6.446182532400000298e+01,-3.179837438399999883e+01,-2.318363259299999868e+01,-3.420784876900000171e+01,-3.854585061800000290e+01
6.013003002999999680e+00,-5.859107711000000052e+01,-3.308656967900000012e+01,-2.305038065900000177e+01,-3.497274929600000348e+01,-3.839696148899999883e+01
6.033013012999999702e+00,-5.496752097600000297e+01,-3.335709926100000189e+01,-2.267749321499999837e+01,-3.498484546800000317e+01,-3.965784960500000267e+01
6.053023022999999725e+00,-5.710267768500000329e+01,-3.307437993700000334e+01,-2.270969139299999995e+01,-3.396517758699999945e+01,-4.017777481600000300e+01
6.073033032999999747e+00,-4.906353004399999662e+01,-3.331928117700000058e+01,-2.210075482199999897e+01,-3.526214278900000210e+01,-4.150974080700000002e+01
6.093043042999999770e+00,-5.778971151500000047e+01,-3.313663152099999820e+01,-2.214882470999999953e+01,-3.518746796300000312e+01,-4.048604786799999999e+01
6.113053053100000689e+00,-5.039698967100000004e+01,-3.356359810099999663e+01,-2.203924303100000159e+01,-3.653510463500000327e+01,-4.182113458300000275e+01
6.133063063100000711e+00,-4.951611957899999794e+01,-3.249822303500000231e+01,-2.180680285900000115e+01,-3.625937403700000061e+01,-4.189112520900000192e+01
6.153073073100000734e+00,-4.978304251299999805e+01,-3.279025855999999806e+01,-2.167860013099999961e+01,-3.697286392800000243e+01,-4.360756201200000248e+01
6.173083083100000756e+00,-4.880248604399999834e+01,-3.265059181099999819e+01,-2.171182266599999977e+01,-3.775582446800000014e+01,-4.101994644199999840e+01
6.193093093100000779e+00,-5.122108460500000149e+01,-3.171271902699999856e+01,-2.165296465000000126e+01,-3.763972849200000326e+01,-4.072853391999999673e+01
6.213103103100000801e+00,-5.748832192599999757e+01,-3.158571591000000112e+01,-2.156686768100000151e+01,-3.698821110699999792e+01,-4.160575955899999911e+01
6.233113113100000824e+00,-4.761182849800000128e+01,-3.152138898600000161e+01,-2.191669428200000169e+01,-3.721623962299999988e+01,-4.055852277299999997e+01
6.253123123099999958e+00,-5.038406435299999941e+01,-3.114301798199999993e+01,-2.173306074599999960e+01,-3.845824931899999655e+01,-4.119138096199999666e+01
6.273133133099999981e+00,-5.704582172100000292e+01,-3.135287511399999971e+01,-2.153329848499999954e+01,-3.859286297500000273e+01,-4.173254942999999884e+01
6.293143143100000003e+00,-5.719332943599999908e+01,-3.072233933200000067e+01,-2.168595645499999947e+01,-3.831490207299999895e+01,-4.020426066600000325e+01
6.313153153200000034e+00,-5.346968195299999849e+01,-2.978302075999999943e+01,-2.211182311900000030e+01,-3.907633251499999716e+01,-4.143671962100000172e+01
6.333163163200000056e+00,-4.937441828699999746e+01,-2.975620210199999960e+01,-2.220473252200000047e+01,-3.649432009699999924e+01,-4.205193396600000000e+01
6.353173173200000079e+00,-5.689695576300000113e+01,-2.933080873500000152e+01,-2.250500021699999920e+01,-3.779473123500000042e+01,-3.986663614799999777e+01
6.373183183200000101e+00,-5.781925948899999668e+01,-2.911378299100000078e+01,-2.265261623099999966e+01,-3.750089501400000103e+01,-4.215946508900000111e+01
6.393193193200000124e+00,-6.405433393500000250e+01,-2.849906940700000035e+01,-2.259022810300000117e+01,-3.807163435999999734e+01,-4.345649419600000130e+01
6.413203203200000146e+00,-4.945706250100000290e+01,-2.916774643100000119e+01,-2.280368199799999829e+01,-3.697273095399999931e+01,-3.964577018500000349e+01
6.433213213200000169e+00,-4.952744034100000192e+01,-2.822990744699999865e+01,-2.309828752800000018e+01,-3.616598898899999881e+01,-3.980075447000000111e+01
6.453223223200000191e+00,-4.615649403300000131e+01,-2.809691248200000047e+01,-2.309539948899999828e+01,-3.642305295199999904e+01,-4.210872253600000192e+01
6.473233233200000214e+00,-4.625890353500000174e+01,-2.868670270400000177e+01,-2.328557272300000136e+01,-3.637625036299999692e+01,-3.843022226800000141e+01
6.493243243200000236e+00,-4.562781801799999926e+01,-2.897896832900000064e+01,-2.327405934800000153e+01,-3.646814638000000031e+01,-3.999625775100000169e+01
6.513253253300000267e+00,-4.397329282900000180e+01,-2.854290235699999911e+01,-2.310958201600000095e+01,-3.639562371099999893e+01,-4.014641655199999803e+01
6.533263263300000290e+00,-3.961359187299999718e+01,-2.864240548300000100e+01,-2.348574510399999937e+01,-3.731542095399999681e+01,-4.170766037899999645e+01
6.553273273300000312e+00,-4.157990254999999991e+01,-2.954304946599999937e+01,-2.304530524200000130e+01,-3.693948741599999863e+01,-4.079141433800000272e+01
6.573283283300000335e+00,-4.036773688200000265e+01,-2.877129233799999852e+01,-2.291803578100000038e+01,-3.575872927399999668e+01,-4.202736202199999838e+01
6.593293293300000357e+00,-4.060745469399999763e+01,-2.936958184299999886e+01,-2.279942305999999874e+01,-3.662407733399999898e+01,-4.198717662100000325e+01
6.613303303300000380e+00,-4.031574581899999998e+01,-2.937263884200000064e+01,-2.274522845499999946e+01,-3.761487953000000317e+01,-4.219248952000000230e+01
6.633313313300000402e+00,-3.889716918700000292e+01,-2.944385632899999905e+01,-2.229981684099999839e+01,-3.643686956300000190e+01,-4.180973727100000303e+01
6.653323323300000425e+00,-3.806918327000000346e+01,-3.014282770799999867e+01,-2.248177680799999933e+01,-3.707869334899999814e+01,-4.351089588100000327e+01
6.673333333300000447e+00,-4.022788727100000017e+01,-3.073109452899999994e+01,-2.221536146300000070e+01,-3.630134232000000338e+01,-4.157696642500000195e+01
6.693343343300000470e+00,-3.879240596700000054e+01,-3.052250537700000166e+01,-2.230966546999999878e+01,-3.720228627600000237e+01,-3.966488325699999962e+01
6.713353353399999612e+00,-3.720527517099999670e+01,-3.090052209499999947e+01,-2.227499578300000138e+01,-3.640764317299999675e+01,-4.298334172900000283e+01
6.733363363399999635e+00,-3.823421543599999950e+01,-3.155176479500000042e+01,-2.230333177300000003e+01,-3.623899317800000119e+01,-4.131336336399999709e+01
6.753373373399999657e+00,-3.829418333000000274e+01,-3.119257365800000059e+01,-2.228491629999999901e+01,-3.498088966099999908e+01,-4.334719482100000221e+01
6.773383383399999680e+00,-3.713964318499999706e+01,-3.108724470699999998e+01,-2.233764090300000049e+01,-3.495973067300000281e+01,-4.449255984399999875e+01
6.793393393399999702e+00,-3.611076601799999963e+01,-3.093969627799999955e+01,-2.232927019699999960e+01,-3.489800954100000041e+01,-4.474757662999999752e+01
6.813403403399999725e+00,-3.640766368700000299e+01,-3.076393743099999867e+01,-2.242360362399999829e+01,-3.529925592499999709e+01,-4.744933487200000144e+01
6.833413413399999747e+00,-3.671733309599999728e+01,-2.940935610600000061e+01,-2.220051391499999838e+01,-3.478353925100000055e+01,-4.534468599499999897e+01
6.853423423399999770e+00,-3.566777871499999719e+01,-2.967649373200000085e+01,-2.245051751400000128e+01,-3.553992634600000144e+01,-4.318696845899999914e+01
6.873433433399999792e+00,-3.539672805800000077e+01,-3.042923019299999865e+01,-2.239906143900000046e+01,-3.635222024400000151e+01,-4.512801865299999804e+01
6.893443443399999815e+00,-3.460776910999999956e+01,-2.971087146700000048e+01,-2.204610111799999927e+01,-3.601215226200000075e+01,-4.180284136000000217e+01
6.913453453499999846e+00,-3.671506481899999841e+01,-3.080543126199999904e+01,-2.267278433199999910e+01,-3.628218130300000155e+01,-4.079887178900000322e+01
6.933463463499999868e+00,-3.566088857700000148e+01,-3.004234369299999940e+01,-2.293557982999999822e+01,-3.521088599299999800e+01,-4.062351925000000108e+01
6.953473473499999891e+00,-3.572228227299999759e+01,-3.151168761499999960e+01,-2.313914025500000093e+01,-3.505882604899999677e+01,-3.830441408699999783e+01
6.973483483499999913e+00,-3.563760371400000082e+01,-3.046864451300000098e+01,-2.430570494799999892e+01,-3.461963005599999832e+01,-3.638577030300000104e+01
6.993493493499999936e+00,-3.579825449500000190e+01,-3.047527368500000122e+01,-2.495434919099999860e+01,-3.602937687200000028e+01,-3.553700094700000278e+01
7.013503503499999958e+00,-3.630784161900000129e+01,-2.943853934899999913e+01,-2.575624316500000077e+01,-3.403253693199999930e+01,-3.461873109700000128e+01
7.033513513499999981e+00,-3.794538606399999736e+01,-3.001699872500000055e+01,-2.705907042200000134e+01,-3.256605159800000138e+01,-3.471230244099999851e+01
7.053523523500000003e+00,-3.732917416299999758e+01,-2.997065435500000063e+01,-2.816214410599999951e+01,-3.174271044199999992e+01,-3.464292752099999717e+01
7.073533533500000026e+00,-3.766623741899999800e+01,-2.979208358400000023e+01,-2.911485835599999916e+01,-3.135405441300000007e+01,-3.364357078199999762e+01
7.093543543500000048e+00,-3.749553283800000258e+01,-2.990000103499999895e+01,-2.927557068200000145e+01,-3.095481662099999909e+01,-3.336214020700000304e+01
7.113553553600000079e+00,-3.893477085899999679e+01,-2.905284309600000014e+01,-2.874740295200000162e+01,-3.039462384000000128e+01,-3.358537209200000007e+01
7.133563563600000101e+00,-3.716413886200000150e+01,-2.986251758199999884e+01,-2.739707234100000122e+01,-2.999360313600000083e+01,-3.396338850000000065e+01
7.153573573600000124e+00,-3.652380179499999713e+01,-2.958875155500000176e+01,-2.690076053199999961e+01,-2.968220226800000106e+01,-3.270268389200000314e+01
7.173583583600000146e+00,-3.873348440200000198e+01,-3.080496059200000047e+01,-2.640259569299999853e+01,-2.957983736699999966e+01,-3.359789403999999990e+01
7.193593593600000169e+00,-3.736311408000000256e+01,-3.054113097999999837e+01,-2.518717967799999968e+01,-2.847977038100000158e+01,-3.309550724199999649e+01
7.213603603600000191e+00,-3.804175766899999900e+01,-3.142204695199999875e+01,-2.457067421500000037e+01,-2.792653765200000038e+01,-3.210922653499999768e+01
7.233613613600000214e+00,-3.692138986500000186e+01,-3.210271649399999916e+01,-2.419367840199999975e+01,-2.815015023999999855e+01,-3.333950641399999881e+01
7.253623623600000236e+00,-3.566956734499999726e+01,-3.263371758499999942e+01,-2.399336728000000107e+01,-2.763726997599999891e+01,-3.240066023199999989e+01
7.273633633600000259e+00,-3.590827034200000156e+01,-3.344326569700000107e+01,-2.423653038799999848e+01,-2.751292688699999900e+01,-3.191520489899999902e+01
7.293643643600000281e+00,-3.441203793399999711e+01,-3.426688564199999831e+01,-2.426066262699999854e+01,-2.772176844000000173e+01,-3.128221069800000009e+01
7.313653653699999424e+00,-3.396624945100000303e+01,-3.521312054799999913e+01,-2.406104453400000054e+01,-2.687208280999999843e+01,-3.133697676399999921e+01
7.333663663699999447e+00,-3.293441455600000012e+01,-3.557539432800000156e+01,-2.506792412500000111e+01,-2.739568972900000077e+01,-3.087097529500000093e+01
7.353673673699999469e+00,-3.203628476400000125e+01,-3.587820209899999924e+01,-2.498271881799999861e+01,-2.675129987500000084e+01,-3.034614196100000072e+01
7.373683683699999492e+00,-3.293475819199999677e+01,-3.485196798300000154e+01,-2.548617035899999905e+01,-2.650530531000000067e+01,-3.066905553999999867e+01
7.393693693699999514e+00,-3.189534134699999868e+01,-3.432398033500000167e+01,-2.563910752399999993e+01,-2.631596780699999982e+01,-2.999737723699999847e+01
7.413703703699999537e+00,-3.172947387700000021e+01,-3.395265052799999950e+01,-2.584191267599999975e+01,-2.649925061300000095e+01,-2.978018409899999952e+01
7.433713713699999559e+00,-3.250471185300000343e+01,-3.390610399900000260e+01,-2.607997201199999893e+01,-2.593724759299999860e+01,-3.006925033199999930e+01
7.453723723699999582e+00,-3.198967730500000073e+01,-3.499699767999999978e+01,-2.594416373900000039e+01,-2.611672472700000114e+01,-2.952766745099999923e+01
7.473733733699999604e+00,-3.159416638300000102e+01,-3.487386552099999903e+01,-2.612594610400000050e+01,-2.654443798300000168e+01,-2.967504884199999893e+01
7.493743743699999627e+00,-3.219039857399999960e+01,-3.594768857199999701e+01,-2.611143019900000084e+01,-2.634848319399999994e+01,-2.948413397999999930e+01
7.513753753800000545e+00,-3.217477283699999902e+01,-3.449287918200000291e+01,-2.667614222099999921e+01,-2.666849644199999858e+01,-2.928542051999999885e+01
7.533763763800000568e+00,-3.167219452599999840e+01,-3.730009293199999831e+01,-2.656309400600000004e+01,-2.669070992700000033e+01,-2.888564229200000000e+01
7.553773773800000590e+00,-3.213981434499999779e+01,-3.830137942399999673e+01,-2.796432772400000033e+01,-2.733409895599999828e+01,-2.859302895100000086e+01
7.573783783800000613e+00,-3.258028813100000320e+01,-3.817731745999999760e+01,-2.847857847599999914e+01,-2.718735825899999980e+01,-2.908764143899999866e+01
7.593793793799999747e+00,-3.288372616200000209e+01,-4.108913066600000263e+01,-2.775903563600000012e+01,-2.741162606800000034e+01,-2.859665791500000154e+01
7.613803803799999770e+00,-3.563850511700000112e+01,-4.084367725300000274e+01,-2.914244356100000033e+01,-2.764040333499999846e+01,-2.926222810100000160e+01
7.633813813799999792e+00,-3.601412532199999816e+01,-4.302227575999999942e+01,-2.943117109599999992e+01,-2.773047222900000008e+01,-2.982094536099999971e+01
7.653823823799999815e+00,-3.606851587700000294e+01,-4.679347152399999743e+01,-3.092428325599999894e+01,-2.789289189999999863e+01,-2.991972094799999837e+01
7.673833833799999837e+00,-3.857012413999999723e+01,-4.325914829999999967e+01,-3.107990897399999852e+01,-2.857079691399999888e+01,-3.059938704500000028e+01
7.693843843799999860e+00,-3.938613426500000259e+01,-4.325258383399999929e+01,-3.169445317399999951e+01,-2.885919153700000095e+01,-3.132761253800000034e+01
7.713853853899999891e+00,-4.043559868399999857e+01,-3.705973693499999655e+01,-3.139060024400000160e+01,-2.952138066499999880e+01,-3.195776842100000081e+01
7.733863863899999913e+00,-4.571287517100000031e+01,-3.633909641599999674e+01,-3.170240478699999898e+01,-3.031176912400000134e+01,-3.230519661799999653e+01
7.753873873899999936e+00,-4.328841300199999864e+01,-3.615482413299999820e+01,-3.219696162200000344e+01,-3.171903621899999948e+01,-3.355595669499999900e+01
7.773883883899999958e+00,-4.313107477799999856e+01,-3.442664588800000303e+01,-3.134559939700000086e+01,-3.193173612700000064e+01,-3.491145495500000351e+01
7.793893893899999981e+00,-3.986199316599999776e+01,-3.312611802600000033e+01,-3.297361464600000147e+01,-3.317579664800000216e+01,-3.469580851199999927e+01
7.813903903900000003e+00,-4.136149140999999929e+01,-3.262323836899999918e+01,-3.185637999700000123e+01,-3.307004560099999679e+01,-3.475345862199999658e+01
7.833913913900000026e+00,-4.417250703799999911e+01,-3.237349392600000186e+01,-3.197929471799999845e+01,-3.443865560900000133e+01,-3.549964557399999876e+01
7.853923923900000048e+00,-4.080583210500000035e+01,-3.102034367199999920e+01,-3.146201253699999967e+01,-3.413051918400000062e+01,-3.314350644799999657e+01
7.873933933899999182e+00,-4.094017545799999880e+01,-3.120885175800000155e+01,-3.249821307900000278e+01,-3.392250622699999951e+01,-3.367135338300000313e+01
7.893943943899999205e+00,-3.885008914400000180e+01,-3.161618386700000016e+01,-3.190969922500000067e+01,-3.462812903799999731e+01,-3.297154324899999978e+01
7.913953954000000124e+00,-4.141430575399999725e+01,-3.170765955099999900e+01,-3.235476230900000161e+01,-3.341016857200000345e+01,-3.237094635500000095e+01
7.933963964000000146e+00,-4.227152631900000301e+01,-3.106268403300000003e+01,-3.188893444600000038e+01,-3.456557156600000269e+01,-3.420834524299999657e+01
7.953973974000000169e+00,-4.079672275299999740e+01,-3.151114542999999912e+01,-3.189674767200000005e+01,-3.471295028499999802e+01,-3.447831585600000182e+01
7.973983984000000191e+00,-3.987285544499999901e+01,-3.115020167999999856e+01,-3.158034975300000013e+01,-3.386283493300000202e+01,-3.451810893799999747e+01
7.993993994000000214e+00,-4.040557341899999955e+01,-3.115694754300000113e+01,-3.232652732999999756e+01,-3.644148306700000006e+01,-3.549472495399999872e+01
8.014004004000000236e+00,-3.906140534000000031e+01,-3.020680985399999940e+01,-3.216843965399999661e+01,-3.422381201000000317e+01,-3.627628534699999818e+01
8.034014014000000259e+00,-3.920105198000000257e+01,-2.932228225300000091e+01,-3.258953013299999668e+01,-3.910889496800000131e+01,-3.889992949799999877e+01
8.054024024000000281e+00,-3.765332058799999970e+01,-3.168162249999999958e+01,-3.372664464999999723e+01,-3.870420905600000339e+01,-4.316501292499999920e+01
8.074034034000000304e+00,-3.659665898600000133e+01,-3.023649339099999978e+01,-3.332240477199999873e+01,-4.018415495200000009e+01,-4.573742155200000070e+01
8.094044044000000326e+00,-3.769124694199999936e+01,-3.003582676699999965e+01,-3.327180618999999950e+01,-3.879142403099999825e+01,-5.056436102600000027e+01
8.114054054100000357e+00,-3.771320670499999750e+01,-2.988729293100000106e+01,-3.310128392699999722e+01,-3.887377492600000295e+01,-5.614239834300000354e+01
8.134064064100000380e+00,-3.434023852899999696e+01,-3.049902330300000131e+01,-3.310326795200000305e+01,-3.773306035299999905e+01,-5.128655105099999645e+01
8.154074074100000402e+00,-3.369328742799999787e+01,-2.982467592000000067e+01,-3.467915355499999919e+01,-4.029894192300000100e+01,-4.361543028799999888e+01
8.174084084100000425e+00,-3.338446430700000178e+01,-2.915371441699999977e+01,-3.425963620999999648e+01,-3.994528556400000241e+01,-4.302328879400000261e+01
8.194094094100000447e+00,-3.413875951699999689e+01,-3.127305121799999910e+01,-3.399655669599999896e+01,-4.181919810099999779e+01,-4.262388747400000000e+01
8.214104104100000470e+00,-3.505569149699999798e+01,-2.949272469599999980e+01,-3.449925192300000276e+01,-3.991067151800000090e+01,-3.889015040000000312e+01
8.234114114100000492e+00,-3.329320779700000088e+01,-2.974908912600000122e+01,-3.347041596300000066e+01,-3.932812403700000203e+01,-3.757862894699999856e+01
8.254124124100000515e+00,-3.240194243599999879e+01,-3.008491469799999862e+01,-3.427910654400000112e+01,-4.048892465499999815e+01,-3.622109872899999772e+01
8.274134134100000537e+00,-3.219243127899999735e+01,-3.036308897800000040e+01,-3.464959551700000162e+01,-3.813292127700000123e+01,-3.556107299100000319e+01
8.294144144100000560e+00,-3.220515469400000086e+01,-3.018069401700000043e+01,-3.404947782800000056e+01,-3.940860638099999846e+01,-3.540960720300000020e+01
8.314154154200000590e+00,-3.316676310300000097e+01,-3.163409362399999836e+01,-3.465546797799999723e+01,-4.251102402699999772e+01,-3.447399026000000077e+01
8.334164164200000613e+00,-3.147196497299999862e+01,-2.944986551799999930e+01,-3.426276946000000123e+01,-4.233830495499999813e+01,-3.478335870299999755e+01
8.354174174200000635e+00,-3.183351272599999859e+01,-3.077443629400000091e+01,-3.631613607999999971e+01,-4.138750389799999851e+01,-3.312882740199999887e+01
8.374184184200000658e+00,-3.476038421700000214e+01,-3.031430430700000045e+01,-3.516206831800000288e+01,-3.837014957400000270e+01,-3.445932348699999892e+01
8.394194194200000680e+00,-3.342133385399999668e+01,-3.072307962400000036e+01,-3.637296423299999759e+01,-3.892617159499999957e+01,-3.430846471299999934e+01
8.414204204199998927e+00,-3.320708613600000092e+01,-3.162179563999999843e+01,-3.500902075500000166e+01,-3.819574944200000033e+01,-3.351978456199999812e+01
8.434214214199998949e+00,-3.236779836200000204e+01,-3.173562761299999835e+01,-3.518423595000000148e+01,-3.863692546400000083e+01,-3.333990257600000007e+01
8.454224224199998972e+00,-3.274473246600000209e+01,-3.030120034200000134e+01,-3.461283711000000096e+01,-3.732672529199999900e+01,-3.387833942700000023e+01
8.474234234199998994e+00,-3.254481815199999772e+01,-3.094906648999999987e+01,-3.521825729900000113e+01,-3.506238559700000224e+01,-3.332300559400000139e+01
8.494244244199999017e+00,-3.090984341200000074e+01,-3.094591629700000013e+01,-3.502156077800000133e+01,-3.431387319099999900e+01,-3.476905308900000335e+01
8.514254254300000824e+00,-3.224253463099999806e+01,-3.001876157799999945e+01,-3.385319714100000255e+01,-3.281179681199999720e+01,-3.419053382799999952e+01
8.534264264300000846e+00,-3.368729644900000153e+01,-2.980126059199999844e+01,-3.513428121700000162e+01,-3.413404080800000173e+01,-3.509617292699999780e+01
8.554274274300000869e+00,-3.381277626400000003e+01,-3.100048067799999885e+01,-3.463652614200000102e+01,-3.385527904399999954e+01,-3.588974940199999963e+01
8.574284284300000891e+00,-3.456860420600000339e+01,-3.036395873300000048e+01,-3.415019167799999877e+01,-3.369992465499999668e+01,-3.468600429499999649e+01
8.594294294299999137e+00,-3.269731289799999985e+01,-3.138735053199999925e+01,-3.352492816099999828e+01,-3.243833026400000108e+01,-3.577889143000000161e+01
8.614304304299999160e+00,-3.362810787699999793e+01,-3.204083835400000169e+01,-3.229395008000000189e+01,-3.311134941099999907e+01,-3.416232677899999715e+01
8.634314314299999182e+00,-3.513544173799999726e+01,-3.069007350400000078e+01,-3.222727348600000141e+01,-3.236753298200000017e+01,-3.509888528999999835e+01
8.654324324299999205e+00,-3.200713295900000332e+01,-3.206080628299999802e+01,-3.058106524000000093e+01,-3.347053942200000165e+01,-3.435856733899999682e+01
8.674334334299999227e+00,-3.286612858699999862e+01,-3.447189967700000324e+01,-2.869867722200000060e+01,-3.263605992200000117e+01,-3.287469620299999917e+01
8.694344344299999250e+00,-3.283257623400000114e+01,-3.315420497800000277e+01,-2.820158268200000151e+01,-3.293500454800000199e+01,-3.417070553799999999e+01
8.714354354399999281e+00,-3.375653170799999714e+01,-3.266630986700000250e+01,-2.670984947399999854e+01,-3.197781651900000099e+01,-3.382429348200000163e+01
8.734364364399999303e+00,-3.278207051599999744e+01,-3.211082029199999965e+01,-2.683951518699999994e+01,-3.153344905000000153e+01,-3.296083924100000218e+01
8.754374374399999326e+00,-3.371660948800000313e+01,-3.099412991100000170e+01,-2.613193967999999856e+01,-3.229605028499999975e+01,-3.353429969799999810e+01
8.774384384399999348e+00,-3.526647872000000206e+01,-3.087075649799999866e+01,-2.578088551600000145e+01,-3.120156418799999898e+01,-3.495273435400000039e+01
8.794394394399999371e+00,-3.484554775899999868e+01,-3.085212018900000075e+01,-2.551653887999999881e+01,-3.007508501999999950e+01,-3.414318117399999863e+01
8.814404404399999393e+00,-3.467000225200000330e+01,-3.102385130300000071e+01,-2.547306793099999922e+01,-3.128071365999999998e+01,-3.383477551699999708e+01
8.834414414399999416e+00,-3.913816552200000132e+01,-2.844124435899999881e+01,-2.484637160600000172e+01,-3.293234466900000257e+01,-3.485922823599999987e+01
8.854424424399999438e+00,-3.673319975399999748e+01,-2.900582347599999977e+01,-2.480109459599999866e+01,-3.185899215199999901e+01,-3.335792105899999882e+01
8.874434434399999461e+00,-3.663786499599999757e+01,-2.917000047300000176e+01,-2.469916058600000142e+01,-3.239714703899999648e+01,-3.543363876299999760e+01
8.894444444399999483e+00,-3.827767782600000146e+01,-2.792692379600000052e+01,-2.471046634700000055e+01,-3.320211525100000216e+01,-3.524840811699999676e+01
8.914454454499999514e+00,-3.889909047700000144e+01,-2.906456060200000024e+01,-2.531027105000000077e+01,-3.489299689799999982e+01,-3.521516175400000037e+01
8.934464464499999536e+00,-3.940499294199999980e+01,-2.742648467000000068e+01,-2.412115864100000096e+01,-3.395105227300000195e+01,-3.775515452300000163e+01
8.954474474499999559e+00,-3.999350818799999985e+01,-3.054222010699999856e+01,-2.489481645000000043e+01,-3.442998373199999662e+01,-3.805274382999999716e+01
8.974484484499999581e+00,-3.915279901699999954e+01,-3.130537661199999988e+01,-2.486106518000000065e+01,-3.312912278499999985e+01,-4.060083565400000083e+01
8.994494494499999604e+00,-4.193854712899999981e+01,-3.136678608000000068e+01,-2.543788027800000151e+01,-3.285789515399999772e+01,-4.497229963699999900e+01
9.014504504499999626e+00,-3.752206498799999679e+01,-3.098690752399999937e+01,-2.593627437600000007e+01,-3.129829043999999882e+01,-4.293738923200000102e+01
9.034514514499999649e+00,-3.799364717400000302e+01,-3.120610822400000117e+01,-2.663773508599999928e+01,-3.145908855900000134e+01,-4.139533509999999694e+01
9.054524524499999671e+00,-4.517445095899999785e+01,-3.396467196799999755e+01,-2.693647399299999989e+01,-3.126763983700000082e+01,-3.993845283899999998e+01
9.074534534499999694e+00,-3.838076731000000308e+01,-3.076467908300000076e+01,-2.710937702900000090e+01,-2.963770154999999917e+01,-3.854219729300000097e+01
9.094544544499999716e+00,-3.690279611100000068e+01,-3.110828012600000037e+01,-2.832849758100000059e+01,-2.969551284299999949e+01,-3.698449886299999889e+01
9.114554554599999747e+00,-3.875040036699999746e+01,-3.360580997099999934e+01,-2.858344208200000125e+01,-2.846434470200000177e+01,-4.032478826599999877e+01
9.134564564599999770e+00,-3.687080918499999882e+01,-3.072658675399999950e+01,-2.877352901900000148e+01,-2.829022287100000099e+01,-4.197885369200000127e+01
9.154574574599999792e+00,-3.773839656700000234e+01,-3.217173260199999874e+01,-2.948484107599999859e+01,-2.777282845799999933e+01,-4.174903351500000070e+01
9.174584584599999815e+00,-3.653533739000000224e+01,-3.544212660899999889e+01,-2.816628860200000162e+01,-2.847167718500000078e+01,-3.974705748000000227e+01
9.194594594599999837e+00,-3.544746598100000057e+01,-3.403395747100000079e+01,-2.915863335799999945e+01,-2.863576565400000007e+01,-3.858093042800000205e+01
9.214604604599999860e+00,-4.186703770100000099e+01,-3.463547489799999823e+01,-2.995965131099999823e+01,-2.796567521000000056e+01,-3.935546515200000073e+01
9.234614614599999882e+00,-3.665221264000000190e+01,-3.480528934499999849e+01,-2.880357223100000041e+01,-2.823484818400000051e+01,-3.780330896400000285e+01
9.254624624599999905e+00,-3.510265169699999888e+01,-3.227207864700000073e+01,-2.973428730499999872e+01,-2.875571464300000102e+01,-3.734551607800000284e+01
9.274634634599999927e+00,-3.531044894899999775e+01,-3.393088473099999902e+01,-3.052486418899999876e+01,-2.873098196500000157e+01,-3.996047784000000291e+01
9.294644644599999950e+00,-3.579446260999999652e+01,-3.255349509999999924e+01,-3.194861193199999860e+01,-2.804689262000000127e+01,-3.875742271000000017e+01
9.314654654699999980e+00,-3.229792144999999692e+01,-3.259429757899999913e+01,-3.253129636100000255e+01,-2.742530380699999881e+01,-3.774209386900000140e+01
9.334664664700000003e+00,-3.315181331299999812e+01,-3.157767096099999904e+01,-3.299223250800000073e+01,-2.752965202600000083e+01,-3.595076739999999660e+01
9.354674674700000025e+00,-3.268346578700000293e+01,-3.061825390399999947e+01,-3.591031340199999988e+01,-2.806741697200000019e+01,-3.650496503000000104e+01
9.374684684700000048e+00,-3.298347215300000101e+01,-2.993859907899999939e+01,-3.831213715500000205e+01,-2.807485838199999861e+01,-3.687656010300000275e+01
9.394694694700000070e+00,-3.167132633299999966e+01,-3.183629785899999831e+01,-4.031202858099999986e+01,-2.756277889800000125e+01,-3.956240634400000289e+01
9.414704704700000093e+00,-3.314083079699999956e+01,-3.065065666699999980e+01,-4.100646182999999922e+01,-2.750824458099999958e+01,-3.541078280499999664e+01
9.434714714700000115e+00,-2.962630643199999980e+01,-3.084360101700000101e+01,-4.350075774999999823e+01,-2.860106744100000142e+01,-3.823249025399999823e+01
9.454724724700000138e+00,-3.037863132300000046e+01,-3.202592045400000131e+01,-4.340963066799999837e+01,-2.787792886500000122e+01,-3.773073693399999939e+01
9.474734734700000161e+00,-3.072736315099999871e+01,-2.972727023099999855e+01,-4.898097567500000338e+01,-2.810353276300000047e+01,-3.722854161000000062e+01
9.494744744700000183e+00,-2.937562627399999826e+01,-3.056807502999999926e+01,-4.480735459899999995e+01,-2.782263358799999864e+01,-3.855453500600000183e+01
9.514754754799998437e+00,-2.961715542199999973e+01,-2.924646720400000177e+01,-4.337703854899999811e+01,-2.749556209800000062e+01,-3.988223394500000296e+01
9.534764764799998460e+00,-2.852540062099999929e+01,-3.068090930299999997e+01,-3.944259143499999709e+01,-2.695975896499999891e+01,-4.193077854500000257e+01
9.554774774799998482e+00,-2.918598959599999887e+01,-3.011830558999999852e+01,-4.318624598800000314e+01,-2.747293999300000067e+01,-4.147997643200000084e+01
9.574784784799998505e+00,-2.824787688199999991e+01,-2.927028351999999956e+01,-3.766928456400000158e+01,-2.752528289099999981e+01,-4.463865741000000043e+01
9.594794794799998527e+00,-2.893396520199999955e+01,-3.050327361800000148e+01,-4.244117313400000313e+01,-2.772752063700000136e+01,-4.303077721300000036e+01
9.614804804799998550e+00,-2.810527694499999996e+01,-2.906782868999999891e+01,-4.398530718300000331e+01,-2.788326156200000128e+01,-4.267863407699999811e+01
9.634814814799998572e+00,-3.049203291899999968e+01,-3.018968402100000148e+01,-4.597246000500000207e+01,-2.756938283499999898e+01,-3.958810385900000028e+01
9.654824824799998595e+00,-2.927154121099999884e+01,-3.186491890299999952e+01,-4.033896094800000043e+01,-2.809825431000000151e+01,-4.032103483200000227e+01
9.674834834799998617e+00,-3.008565270000000069e+01,-3.085711558799999921e+01,-3.906167312000000180e+01,-2.921197204999999997e+01,-3.801969618300000064e+01
9.694844844799998640e+00,-3.117464430900000139e+01,-2.923563921899999940e+01,-3.663653538100000162e+01,-2.917630710699999952e+01,-3.644231099699999987e+01
9.714854854900000447e+00,-3.101405405999999942e+01,-2.804808428799999831e+01,-3.298324187400000085e+01,-3.097442505400000101e+01,-3.405369981700000181e+01
9.734864864900000470e+00,-3.263523097899999925e+01,-2.963242567200000011e+01,-3.346421910600000160e+01,-3.089190164200000055e+01,-3.338417133200000109e+01
9.754874874900000492e+00,-3.383479794200000157e+01,-2.966804893500000162e+01,-3.250101223000000061e+01,-3.362187909299999689e+01,-3.390032541600000116e+01
9.774884884899998738e+00,-3.417156803700000012e+01,-2.986142309299999908e+01,-3.128931232900000126e+01,-3.347948867299999876e+01,-3.241870302899999956e+01
9.794894894899998761e+00,-3.296259102599999835e+01,-3.136497374300000018e+01,-3.007616093100000043e+01,-3.475288866799999710e+01,-3.358221840099999866e+01
9.814904904899998783e+00,-3.804339655199999726e+01,-3.063354502600000018e+01,-2.983848420099999998e+01,-3.494935254500000354e+01,-3.427369320599999725e+01
9.834914914899998806e+00,-3.878926957099999839e+01,-2.798730023899999964e+01,-2.953758159499999891e+01,-3.353917275900000305e+01,-3.278451207399999845e+01
9.854924924899998828e+00,-3.360560788000000088e+01,-2.828864203799999899e+01,-3.034476263000000174e+01,-3.270312230999999770e+01,-3.337135458099999852e+01
9.874934934899998851e+00,-3.858405620199999930e+01,-2.935060194000000067e+01,-2.999438737299999858e+01,-3.200209411800000225e+01,-3.286852617699999968e+01
9.894944944899998873e+00,-3.345562939500000255e+01,-2.834544456300000093e+01,-2.845616456200000144e+01,-3.017450832700000163e+01,-3.197822977499999908e+01
9.914954955000000680e+00,-3.597627216200000078e+01,-2.871371390299999860e+01,-2.990832115999999985e+01,-3.095604154500000149e+01,-3.269665727900000007e+01
9.934964965000000703e+00,-3.417437089799999939e+01,-2.936983424900000017e+01,-2.966185403400000098e+01,-2.982656292300000089e+01,-3.454508792600000078e+01
9.954974975000000725e+00,-3.453013708400000326e+01,-2.868140549600000000e+01,-3.038293499299999922e+01,-3.207516504600000218e+01,-3.343020173600000078e+01
9.974984985000000748e+00,-3.302365741900000273e+01,-2.932455856300000008e+01,-2.970468002799999852e+01,-3.028407354499999826e+01,-3.360388256499999926e+01
9.994994995000000770e+00,-3.400455980899999986e+01,-3.014676616199999870e+01,-3.159406067200000123e+01,-3.071832747199999858e+01,-3.472183231599999687e+01
1.001500500500000079e+01,-2.912042126000000053e+01,-2.932866175299999867e+01,-3.166719758700000042e+01,-2.947112004199999902e+01,-3.548908064900000170e+01
1.003501501500000082e+01,-3.193100208899999970e+01,-2.942192885500000088e+01,-3.344521548600000216e+01,-3.073988472399999949e+01,-3.454887118700000315e+01
1.005502502500000084e+01,-3.104153852499999999e+01,-2.898375613600000023e+01,-3.381187498700000305e+01,-2.885142977599999980e+01,-3.853923767799999922e+01
1.007503503500000086e+01,-3.138990516999999869e+01,-2.774617025099999879e+01,-3.420311518199999767e+01,-2.699032977699999947e+01,-3.661984088300000195e+01
1.009504504500000088e+01,-3.274147250099999695e+01,-2.810737146499999994e+01,-3.636265934099999697e+01,-2.900677189499999997e+01,-3.597824663800000167e+01
1.011505505499999913e+01,-3.093829914699999861e+01,-2.892620641499999934e+01,-3.699362015900000245e+01,-2.701997314700000175e+01,-3.561977371900000122e+01
1.013506506499999915e+01,-3.169049439799999845e+01,-2.899575675299999844e+01,-3.375379073799999929e+01,-2.620033447000000137e+01,-3.632494910700000190e+01
1.015507507499999917e+01,-3.318508324399999765e+01,-2.894658994699999965e+01,-3.368640417299999967e+01,-2.674579384899999823e+01,-3.513241065599999757e+01
1.017508508499999920e+01,-3.327958928399999650e+01,-2.854739324000000167e+01,-3.375915856299999973e+01,-2.621429351100000105e+01,-3.426759657499999889e+01
1.019509509499999922e+01,-3.269709610000000310e+01,-3.081996379799999985e+01,-3.134659490800000015e+01,-2.616827332600000133e+01,-3.343299299000000246e+01
1.021510510499999924e+01,-3.329453595199999683e+01,-2.913219526700000017e+01,-3.108462166500000023e+01,-2.659825144099999861e+01,-3.322149181300000009e+01
1.023511511499999926e+01,-3.389222905500000138e+01,-2.877403322800000041e+01,-2.988223770900000176e+01,-2.614135007999999871e+01,-3.404848456500000253e+01
1.025512512499999929e+01,-3.089706110699999897e+01,-2.725032694800000144e+01,-3.079150223199999914e+01,-2.526917257499999891e+01,-3.394946252999999814e+01
1.027513513499999931e+01,-3.340181682200000068e+01,-2.962052992699999976e+01,-3.005954091299999931e+01,-2.622526495900000043e+01,-3.303562730099999811e+01
1.029514514499999933e+01,-3.162720495599999992e+01,-2.874131870000000077e+01,-3.017299273000000071e+01,-2.602629211200000015e+01,-3.217683977299999754e+01
1.031515515499999935e+01,-3.208309250399999968e+01,-2.897976215599999961e+01,-2.905318090800000164e+01,-2.643316134699999864e+01,-3.144546377600000042e+01
1.033516516499999938e+01,-3.095971499799999904e+01,-2.969165755499999904e+01,-2.967399332400000134e+01,-2.698074423099999919e+01,-3.141372987200000111e+01
1.035517517499999940e+01,-3.040259877300000113e+01,-3.126832675800000061e+01,-3.051319706800000020e+01,-2.604370453900000015e+01,-3.046337906400000151e+01
1.037518518499999942e+01,-3.334795703300000014e+01,-3.006813816000000017e+01,-2.872053224900000146e+01,-2.719540402499999843e+01,-2.902366191300000153e+01
1.039519519499999944e+01,-2.870322051300000155e+01,-2.964856277299999832e+01,-2.834853718100000108e+01,-2.649778117500000008e+01,-3.024813611300000105e+01
1.041520520499999947e+01,-2.662735512300000096e+01,-3.007342156200000005e+01,-2.811800187100000059e+01,-2.741143598500000067e+01,-2.681260864200000071e+01
1.043521521499999949e+01,-2.910042604299999880e+01,-3.016335314799999878e+01,-2.773111668499999993e+01,-2.715698095500000164e+01,-2.666190060199999934e+01
1.045522522499999951e+01,-2.831482354499999943e+01,-3.144206018299999883e+01,-2.769547550400000091e+01,-2.862725911200000084e+01,-2.688770876699999945e+01
1.047523523499999953e+01,-2.860597640199999958e+01,-3.398261960100000323e+01,-2.904001276600000025e+01,-2.887302005000000094e+01,-2.675114967000000021e+01
1.049524524499999956e+01,-2.929156523700000037e+01,-3.228540645700000056e+01,-2.793174846799999855e+01,-2.879683904199999844e+01,-2.786250136700000013e+01
1.051525525499999958e+01,-2.937498841300000052e+01,-3.390060154700000083e+01,-2.792668141900000123e+01,-2.956660827700000027e+01,-2.713629873800000070e+01
1.053526526499999960e+01,-2.925483772799999826e+01,-3.291007851999999900e+01,-2.878402302499999976e+01,-2.881007397999999853e+01,-2.594534445100000042e+01
1.055527527499999962e+01,-3.043814718300000166e+01,-3.512144818899999876e+01,-2.947345935899999958e+01,-2.852192165700000004e+01,-2.554588013600000096e+01
1.057528528499999965e+01,-2.769940941600000173e+01,-3.875191024200000101e+01,-2.904804843799999858e+01,-3.111520310499999908e+01,-2.567911984999999930e+01
1.059529529499999967e+01,-2.919164648900000003e+01,-3.553821679800000055e+01,-3.031957892499999829e+01,-2.947928220200000027e+01,-2.516084868900000160e+01
1.061530530499999969e+01,-2.951504723700000099e+01,-3.580668299700000290e+01,-2.887895085899999970e+01,-3.156932229199999895e+01,-2.400072436299999978e+01
1.063531531499999971e+01,-3.019094139799999965e+01,-3.517655530599999736e+01,-3.027810367600000063e+01,-3.073508492399999881e+01,-2.412956498599999833e+01
1.065532532499999974e+01,-2.880310593900000171e+01,-3.418226785600000284e+01,-2.898551391999999893e+01,-3.254452525300000332e+01,-2.280744370600000082e+01
1.067533533499999976e+01,-3.179906834499999846e+01,-3.865152066400000308e+01,-3.053878068399999890e+01,-3.121179832099999985e+01,-2.443669744299999991e+01
1.069534534499999978e+01,-3.284183147899999966e+01,-3.388402840199999844e+01,-2.972504594400000144e+01,-2.990824904300000142e+01,-2.443049003499999827e+01
1.071535535499999980e+01,-3.111475643099999999e+01,-3.804069757900000326e+01,-3.037951363799999882e+01,-2.998142816500000052e+01,-2.484126682200000147e+01
1.073536536499999983e+01,-3.626834227999999882e+01,-3.418549508899999978e+01,-3.104257722499999872e+01,-2.842574791799999900e+01,-2.450794928799999894e+01
1.075537537499999985e+01,-4.113411629400000180e+01,-3.337350331500000067e+01,-2.844329235400000044e+01,-2.827445180799999846e+01,-2.449720085299999894e+01
1.077538538499999987e+01,-3.510108605899999645e+01,-3.537710186000000334e+01,-2.999823001100000042e+01,-2.807110188600000100e+01,-2.650406510299999852e+01
1.079539539499999989e+01,-3.303425303299999882e+01,-3.246719168999999994e+01,-3.070176801599999905e+01,-2.900559869800000001e+01,-2.586070950099999877e+01
1.081540540499999992e+01,-3.605351558400000300e+01,-3.210810342999999989e+01,-2.885257143200000129e+01,-2.818397355899999823e+01,-2.561515877400000107e+01
1.083541541499999994e+01,-3.246701735799999966e+01,-3.235485909300000174e+01,-2.937729929400000017e+01,-2.657368441299999873e+01,-2.722188567299999917e+01
1.085542542499999996e+01,-2.999349313500000136e+01,-3.171332509000000144e+01,-2.903328547999999998e+01,-2.764738404999999943e+01,-2.759528200300000123e+01
1.087543543499999998e+01,-3.088440130100000047e+01,-3.131416967899999904e+01,-2.765382878799999844e+01,-2.776926706900000141e+01,-2.733160533099999867e+01
1.089544544500000001e+01,-3.223638298800000257e+01,-3.933788915699999933e+01,-2.791831765599999926e+01,-2.569448594200000002e+01,-2.831927294799999828e+01
1.091545545500000003e+01,-2.611775402600000007e+01,-3.690790760400000181e+01,-2.705499470299999842e+01,-2.675089798599999824e+01,-2.902962676399999964e+01
1.093546546500000005e+01,-2.795477632000000057e+01,-3.985158959999999695e+01,-2.688124277000000006e+01,-2.671681190199999989e+01,-2.794231837499999926e+01
1.095547547500000007e+01,-2.654656678399999947e+01,-3.223729849600000108e+01,-2.678255356300000045e+01,-2.710753395700000112e+01,-2.883445693299999846e+01
1.097548548500000010e+01,-2.812584938099999832e+01,-3.650747050399999694e+01,-2.570179245799999990e+01,-2.614322383300000041e+01,-2.883140728600000102e+01
1.099549549500000012e+01,-2.622115420800000152e+01,-3.332187862100000331e+01,-2.673198907100000099e+01,-2.613202618100000052e+01,-2.799154765200000128e+01
1.101550550600000022e+01,-2.634995311599999823e+01,-3.109512101199999989e+01,-2.821360771699999859e+01,-2.586475646199999900e+01,-2.652970736099999982e+01
1.103551551600000025e+01,-2.752590732599999868e+01,-3.369101554800000287e+01,-2.703324572300000028e+01,-2.638117532400000087e+01,-2.644758394100000132e+01
1.105552552600000027e+01,-2.655574069000000037e+01,-3.203165452300000027e+01,-2.828680811899999981e+01,-2.476264255999999975e+01,-2.635239676999999858e+01
1.107553553600000029e+01,-2.449839470499999905e+01,-3.168241979800000152e+01,-2.791960299899999853e+01,-2.572068433500000140e+01,-2.659900245400000074e+01
1.109554554600000031e+01,-2.605878283399999873e+01,-3.951867313300000006e+01,-2.767753220999999897e+01,-2.558975798999999895e+01,-2.637795464299999892e+01
1.111555555600000034e+01,-2.391121615500000175e+01,-3.381051096899999919e+01,-2.876097174799999934e+01,-2.609284670599999956e+01,-2.608653809400000156e+01
1.113556556600000036e+01,-2.384497275900000091e+01,-3.635626844099999744e+01,-3.035434890399999830e+01,-2.683997752000000148e+01,-2.500791541299999921e+01
1.115557557600000038e+01,-2.512084090700000161e+01,-3.777215242399999795e+01,-3.267207048699999916e+01,-2.588034686900000025e+01,-2.494731019500000002e+01
1.117558558600000040e+01,-2.149570107699999966e+01,-3.652612594699999704e+01,-3.224258187499999906e+01,-2.694746548799999886e+01,-2.510492827399999882e+01
1.119559559600000043e+01,-2.062442758099999907e+01,-3.743139567000000056e+01,-3.358969294399999939e+01,-2.696838486900000120e+01,-2.538323223000000084e+01
1.121560560600000045e+01,-2.352059367000000023e+01,-2.942998906900000122e+01,-3.574392143099999686e+01,-2.659756317300000106e+01,-2.547302649499999916e+01
1.123561561600000047e+01,-2.449408969799999980e+01,-3.438153840100000025e+01,-3.770246300299999831e+01,-2.684831647700000090e+01,-2.525133749400000127e+01
1.125562562600000049e+01,-2.414428484500000138e+01,-3.268364001999999857e+01,-3.706594267799999898e+01,-2.719584228600000131e+01,-2.674891222899999832e+01
1.127563563600000052e+01,-2.370620298100000056e+01,-3.136165292500000135e+01,-4.467362072699999942e+01,-2.637163424799999945e+01,-2.645252932600000051e+01
1.129564564600000054e+01,-2.689376863700000087e+01,-3.135464464000000007e+01,-4.222165144000000225e+01,-2.609355012099999982e+01,-2.642339109299999933e+01
1.131565565600000056e+01,-2.418023398100000065e+01,-2.998495723099999921e+01,-5.039769744200000190e+01,-2.642785538000000045e+01,-2.786245485599999938e+01
1.133566566600000058e+01,-2.511493986300000003e+01,-2.943642139700000016e+01,-4.047243048400000021e+01,-2.517975127700000115e+01,-2.833727078400000110e+01
1.135567567600000061e+01,-2.633951038200000028e+01,-2.782424068299999931e+01,-4.436019178899999815e+01,-2.475426014099999961e+01,-2.958938625200000061e+01
1.137568568600000063e+01,-2.532334754500000074e+01,-3.421637087500000263e+01,-6.230094893500000097e+01,-2.546956967899999924e+01,-3.106630391599999896e+01
1.139569569600000065e+01,-2.405162312799999924e+01,-3.069560533499999977e+01,-4.589406610199999648e+01,-2.392205166000000105e+01,-3.064605832999999890e+01
1.141570570600000067e+01,-2.495258811600000115e+01,-3.030858402799999851e+01,-4.133696654199999898e+01,-2.252472041800000113e+01,-3.073024191600000066e+01
1.143571571600000070e+01,-2.649989852599999907e+01,-3.190025579499999964e+01,-3.965211888399999651e+01,-2.295103429599999956e+01,-3.160219543799999897e+01
1.145572572600000072e+01,-2.685685506100000097e+01,-3.367638833499999862e+01,-3.869662629700000167e+01,-2.199855399300000158e+01,-2.944604050999999956e+01
1.147573573600000074e+01,-2.703456652899999924e+01,-3.686151548299999803e+01,-3.643107983299999830e+01,-2.281521706699999896e+01,-2.931871086199999965e+01
1.149574574600000076e+01,-2.527001442699999956e+01,-3.984874135799999806e+01,-3.962534685300000348e+01,-2.320150608200000164e+01,-3.002691170800000009e+01
1.151575575600000079e+01,-2.574707720299999991e+01,-3.246139773699999864e+01,-3.839636687600000187e+01,-2.294987346799999983e+01,-3.053877360599999946e+01
1.153576576600000081e+01,-2.577305843899999971e+01,-3.484267252499999756e+01,-4.391885217800000163e+01,-2.292684459299999844e+01,-3.110899871100000169e+01
1.155577577600000083e+01,-2.773303787800000109e+01,-4.596136226000000136e+01,-3.982343583099999762e+01,-2.125344637699999950e+01,-2.811958331599999994e+01
1.157578578600000085e+01,-2.712950365500000061e+01,-3.757595004000000216e+01,-3.812219833399999658e+01,-2.207856657399999989e+01,-2.819343567399999984e+01
1.159579579600000088e+01,-2.719520941400000069e+01,-4.748954429700000190e+01,-4.217711151000000314e+01,-2.330469258000000110e+01,-2.881374147800000074e+01
1.161580580599999912e+01,-2.804709147599999852e+01,-4.049421353700000026e+01,-3.567286013399999689e+01,-2.314141494700000123e+01,-2.907578519100000136e+01
1.163581581599999915e+01,-3.218165413199999847e+01,-3.685865220600000214e+01,-4.025295779999999723e+01,-2.238083714800000124e+01,-3.061433621799999827e+01
1.165582582599999917e+01,-2.885043196199999826e+01,-3.535927558600000253e+01,-3.753498922600000043e+01,-2.484629103199999989e+01,-2.885151723999999973e+01
1.167583583599999919e+01,-2.873075586099999867e+01,-4.070104616799999775e+01,-3.273350214500000277e+01,-2.302612923399999900e+01,-2.706623632200000173e+01
1.169584584599999921e+01,-3.276889174200000099e+01,-4.624164380300000232e+01,-3.460595369800000043e+01,-2.394882223000000110e+01,-2.784985134800000139e+01
1.171585585599999924e+01,-3.045244166799999874e+01,-3.331039733800000135e+01,-3.325558318499999899e+01,-2.463670888600000097e+01,-2.930966806400000024e+01
1.173586586599999926e+01,-2.676833036200000038e+01,-3.561155902299999809e+01,-3.368262785299999962e+01,-2.546680051299999903e+01,-2.880875140399999879e+01
1.175587587599999928e+01,-2.489113168800000153e+01,-4.378056036200000278e+01,-3.513309177499999691e+01,-2.604657533099999966e+01,-2.743909431899999873e+01
1.177588588599999930e+01,-3.088137008300000019e+01,-3.867360889599999751e+01,-3.393469707500000254e+01,-2.588090983900000097e+01,-2.775597223400000146e+01
1.179589589599999933e+01,-2.762539502299999938e+01,-3.790699606500000129e+01,-3.415745351900000060e+01,-2.567255942399999924e+01,-2.677970208400000018e+01
1.181590590599999935e+01,-3.645538404500000240e+01,-3.358604033600000349e+01,-3.331898982500000272e+01,-2.734489011799999858e+01,-2.658524568099999996e+01
1.183591591599999937e+01,-3.162482883799999911e+01,-3.400547200599999798e+01,-3.542834083000000334e+01,-2.601913140599999963e+01,-2.588641068300000114e+01
1.185592592599999939e+01,-3.028532566799999870e+01,-3.897599401600000135e+01,-3.440098855400000133e+01,-2.563215980300000041e+01,-2.576717117400000134e+01
1.187593593599999942e+01,-3.139792019600000117e+01,-3.189110709699999902e+01,-3.578422685099999967e+01,-2.673491935899999916e+01,-2.591685657000000020e+01
1.189594594599999944e+01,-3.044636082299999913e+01,-3.571055838499999879e+01,-3.395272982299999853e+01,-2.723092841500000105e+01,-2.652577615599999916e+01
1.191595595599999946e+01,-3.320694166599999875e+01,-3.586720503200000110e+01,-3.420148813299999802e+01,-2.694100694500000159e+01,-2.501974771800000141e+01
1.193596596599999948e+01,-3.587662083299999694e+01,-3.217664456699999675e+01,-3.766162032199999743e+01,-2.803605419100000162e+01,-2.632777140900000035e+01
1.195597597599999951e+01,-3.273700562500000188e+01,-3.436368970200000206e+01,-3.742971200200000226e+01,-2.737171284000000071e+01,-2.488439563300000046e+01
1.197598598599999953e+01,-2.811371946699999924e+01,-3.299720840500000207e+01,-3.512899583299999762e+01,-2.710684118100000006e+01,-2.535629382799999831e+01
1.199599599599999955e+01,-3.539558733399999824e+01,-3.515610643600000174e+01,-3.671329493999999727e+01,-2.789990309099999877e+01,-2.600086831899999851e+01
1.201600600599999957e+01,-3.369428894699999688e+01,-3.111734639699999860e+01,-3.503908779100000004e+01,-2.537598893399999866e+01,-2.520225721399999941e+01
1.203601601599999960e+01,-3.131654267600000097e+01,-3.175507606900000113e+01,-3.794006884600000262e+01,-2.754293734699999874e+01,-2.614661690000000149e+01
1.205602602599999962e+01,-3.726781863200000089e+01,-3.453555826600000245e+01,-4.588078498600000188e+01,-2.709887050400000064e+01,-2.669759761699999956e+01
1.207603603599999964e+01,-3.543688899600000042e+01,-3.188573323500000001e+01,-4.116998264800000129e+01,-2.787860946099999992e+01,-2.333454149800000010e+01
1.209604604599999966e+01,-4.168237121399999978e+01,-3.379951951299999990e+01,-5.603943412800000345e+01,-2.724510705699999846e+01,-2.657482146999999983e+01
1.211605605599999969e+01,-5.373467231099999708e+01,-4.030577479499999782e+01,-4.553329561799999681e+01,-2.891277205400000128e+01,-2.697283405800000011e+01
1.213606606599999971e+01,-3.909769259899999838e+01,-3.486914620700000000e+01,-4.140210339800000128e+01,-2.869091235599999834e+01,-2.584743056399999972e+01
1.215607607599999973e+01,-3.963048770399999654e+01,-3.611740126499999803e+01,-4.412720026600000267e+01,-3.002747186799999923e+01,-2.746335647200000096e+01
1.217608608599999975e+01,-4.298127654900000039e+01,-3.887071800700000068e+01,-4.056082586000000134e+01,-3.026578845299999898e+01,-2.663960046700000106e+01
1.219609609599999978e+01,-3.791941371600000110e+01,-3.325460943400000247e+01,-3.553157904399999723e+01,-3.101248194400000102e+01,-2.638806533099999996e+01
1.221610610599999980e+01,-3.216168306699999846e+01,-3.767636131900000152e+01,-3.435299845099999771e+01,-3.240734272600000310e+01,-2.565223174899999847e+01
1.223611611599999982e+01,-2.769766643199999834e+01,-2.811952348999999884e+01,-3.119861158999999873e+01,-3.159633047899999880e+01,-2.877451725599999932e+01
1.225612612599999984e+01,-2.790101645200000036e+01,-3.822292980499999970e+01,-2.902276625000000010e+01,-3.282845055399999978e+01,-2.768399707200000037e+01
1.227613613599999987e+01,-2.660179893899999826e+01,-3.411617697300000174e+01,-2.942109682099999901e+01,-3.442654460800000038e+01,-2.876548537700000097e+01
1.229614614599999989e+01,-3.072540032399999888e+01,-4.167841913099999829e+01,-2.796299865800000006e+01,-3.731495750700000258e+01,-2.463095291699999834e+01
1.231615615599999991e+01,-3.098998919799999996e+01,-3.314531466100000046e+01,-2.635424375999999924e+01,-3.536626250500000168e+01,-2.663654172900000106e+01
1.233616616599999993e+01,-2.954377218699999830e+01,-3.621490555799999811e+01,-2.682736573300000060e+01,-3.667186021999999923e+01,-2.635052053400000105e+01
1.235617617599999996e+01,-2.949783479999999969e+01,-3.487322214299999956e+01,-2.629066164700000030e+01,-3.121394282400000009e+01,-2.097326370200000056e+01
1.237618618599999998e+01,-2.769727719100000130e+01,-3.646029508299999833e+01,-2.688182248100000038e+01,-3.840495428300000214e+01,-2.657160162999999997e+01
1.239619619600000000e+01,-3.021465515399999902e+01,-3.572743418999999676e+01,-2.649093607000000006e+01,-3.595100557800000018e+01,-2.529684183000000175e+01
1.241620620600000002e+01,-2.583709560799999849e+01,-3.624281560899999732e+01,-2.759712422200000148e+01,-3.155902259499999829e+01,-2.923853679999999855e+01
1.243621621600000005e+01,-2.956145801899999981e+01,-3.443868891599999671e+01,-2.767464972499999831e+01,-3.288802830699999902e+01,-2.951937729200000149e+01
1.245622622600000007e+01,-2.993843093099999919e+01,-2.958476941800000048e+01,-2.670802921199999957e+01,-3.598718339599999894e+01,-2.686302024600000138e+01
1.247623623600000009e+01,-2.873660968700000140e+01,-3.062317598299999943e+01,-2.757286125999999982e+01,-2.972297548599999928e+01,-3.017415951299999932e+01
1.249624624600000011e+01,-2.875805962700000151e+01,-2.634687401200000068e+01,-2.940939922700000153e+01,-3.510849020700000267e+01,-2.996473148800000175e+01
1.251625625600000014e+01,-2.791281539499999909e+01,-3.209554012299999926e+01,-2.760729447099999945e+01,-3.134215546200000091e+01,-3.014444353900000095e+01
1.253626626600000016e+01,-3.380562386100000083e+01,-2.785487082799999925e+01,-2.868515410799999898e+01,-3.242104181300000221e+01,-3.068814917599999958e+01
1.255627627600000018e+01,-3.796422528299999755e+01,-2.821451922700000026e+01,-2.912640282899999988e+01,-3.136424943000000098e+01,-3.121697047500000011e+01
1.257628628600000020e+01,-3.209306586699999997e+01,-3.142120858499999869e+01,-2.911499471799999839e+01,-3.225328918700000003e+01,-2.783456233400000102e+01
1.259629629600000023e+01,-3.225318485399999702e+01,-2.713161213600000110e+01,-2.821409143600000036e+01,-2.875948328100000140e+01,-2.911103936499999989e+01
1.261630630600000025e+01,-3.386858946699999962e+01,-3.190348262499999876e+01,-3.014490201799999980e+01,-2.966888030899999862e+01,-3.223493713700000285e+01
1.263631631600000027e+01,-3.869174859099999964e+01,-2.732336381900000077e+01,-2.753760721200000106e+01,-3.020899544899999967e+01,-3.221850896200000136e+01
1.265632632600000029e+01,-2.790358290700000055e+01,-2.891055873299999845e+01,-2.758790470900000003e+01,-2.798725496999999862e+01,-3.495007897299999655e+01
1.267633633600000032e+01,-2.514234861999999993e+01,-2.876737452200000078e+01,-3.118214629999999943e+01,-2.832070691399999873e+01,-3.364606554499999902e+01
1.269634634600000034e+01,-2.810324050399999862e+01,-2.841661725999999888e+01,-2.887663189799999941e+01,-3.009070638200000047e+01,-3.209733521100000075e+01
1.271635635600000036e+01,-2.817628043599999899e+01,-3.357548306500000024e+01,-3.037495021799999861e+01,-2.896260057499999974e+01,-3.315709152699999862e+01
1.273636636600000038e+01,-3.227043823599999683e+01,-2.715313706199999899e+01,-3.064043806600000153e+01,-2.994090388600000097e+01,-3.646332538299999726e+01
1.275637637600000041e+01,-2.550342707700000133e+01,-2.742219334199999992e+01,-3.184551963599999880e+01,-2.800350693500000077e+01,-3.826058532900000131e+01
1.277638638600000043e+01,-3.678327034299999809e+01,-3.098562451999999823e+01,-2.965434955199999933e+01,-3.299078040199999862e+01,-3.659731188199999963e+01
1.279639639600000045e+01,-3.174606983900000046e+01,-3.137290019299999955e+01,-2.970356028799999848e+01,-2.982980369699999912e+01,-4.598737462999999792e+01
1.281640640600000047e+01,-3.196357614900000144e+01,-3.399330367999999680e+01,-2.974073973599999832e+01,-2.869056079299999951e+01,-4.721636817299999933e+01
1.283641641600000050e+01,-2.979437426799999855e+01,-3.045912655400000091e+01,-3.192558914900000033e+01,-3.319187971600000253e+01,-3.552953163200000120e+01
1.285642642600000052e+01,-2.703071092000000064e+01,-3.645159334299999898e+01,-3.133953483699999865e+01,-3.283522894800000103e+01,-3.810489908499999956e+01
1.287643643600000054e+01,-3.037105019699999886e+01,-3.141846617599999902e+01,-3.464572324899999956e+01,-3.121986838000000120e+01,-3.626999849700000311e+01
1.289644644600000056e+01,-2.899576013900000149e+01,-2.923791296699999975e+01,-3.788974683200000015e+01,-3.735923479200000230e+01,-3.189516626300000013e+01
1.291645645600000059e+01,-3.074259364999999988e+01,-3.026848301800000129e+01,-2.994939668099999963e+01,-4.196874019399999867e+01,-3.787547814100000210e+01
1.293646646600000061e+01,-3.083542067100000139e+01,-3.455477914499999770e+01,-2.926152254599999836e+01,-3.909267648000000150e+01,-3.888737631800000116e+01
1.295647647600000063e+01,-2.939285968800000148e+01,-3.495753208000000001e+01,-3.257204673399999706e+01,-3.593475499600000234e+01,-3.408671201199999956e+01
1.297648648600000065e+01,-3.250415128899999928e+01,-2.764721580799999856e+01,-3.020132648499999917e+01,-4.302085856600000113e+01,-3.415898965299999901e+01
1.299649649600000068e+01,-2.789464920900000067e+01,-2.862392843099999951e+01,-3.186139096300000162e+01,-3.813769053200000059e+01,-3.220201737299999678e+01
1.301650650700000078e+01,-2.522904706199999936e+01,-2.973461019899999869e+01,-3.448263036200000187e+01,-3.939651853800000225e+01,-3.152103599699999847e+01
1.303651651700000080e+01,-2.771207146500000107e+01,-3.501366000800000222e+01,-3.053697318100000047e+01,-4.534299984700000152e+01,-3.234462571499999939e+01
1.305652652700000083e+01,-2.781459970599999920e+01,-3.346364686500000118e+01,-3.113102481600000004e+01,-3.727196421299999685e+01,-3.148832868399999896e+01
1.307653653700000085e+01,-3.063636757700000146e+01,-3.956186249900000007e+01,-3.183543556400000085e+01,-3.165925595199999876e+01,-2.953396237799999824e+01
1.309654654700000087e+01,-2.731400973699999923e+01,-3.055603078000000039e+01,-3.101252675299999950e+01,-3.467465131600000205e+01,-3.036250559300000162e+01
1.311655655699999912e+01,-2.453333665699999955e+01,-3.165609952699999852e+01,-3.219718322500000340e+01,-3.115578064700000027e+01,-3.021330233300000145e+01
1.313656656699999914e+01,-2.618459276400000135e+01,-2.543262313600000013e+01,-2.972172969800000075e+01,-3.036141682299999900e+01,-2.864467242399999947e+01
1.315657657699999916e+01,-2.899945423200000150e+01,-3.072703447600000004e+01,-3.102534012499999960e+01,-3.337197776499999691e+01,-3.060699750999999935e+01
1.317658658699999918e+01,-3.632874915400000049e+01,-3.287799772599999670e+01,-2.700083717800000116e+01,-2.993401235199999988e+01,-2.860746586400000169e+01
1.319659659699999921e+01,-2.971403629499999965e+01,-3.637345450299999783e+01,-3.140501759700000051e+01,-2.900087444000000048e+01,-2.755599504699999969e+01
1.321660660699999923e+01,-3.426401796300000058e+01,-3.531125098399999729e+01,-3.042011255599999942e+01,-2.793745760499999875e+01,-3.177228557400000142e+01
1.323661661699999925e+01,-2.994123117199999839e+01,-3.759819914100000204e+01,-2.837668037199999915e+01,-2.744532490299999949e+01,-3.078489841400000060e+01
1.325662662699999927e+01,-3.257166835499999991e+01,-3.355721198700000230e+01,-3.684489680299999748e+01,-2.947431145499999872e+01,-3.677560278100000346e+01
1.327663663699999930e+01,-4.364751682699999691e+01,-3.529596899199999882e+01,-3.074264719499999998e+01,-2.818195560199999861e+01,-2.861672337899999974e+01
1.329664664699999932e+01,-3.538454137200000105e+01,-3.055194647500000116e+01,-3.154250835499999894e+01,-2.595090705999999869e+01,-2.694979408100000029e+01
1.331665665699999934e+01,-2.973851715099999993e+01,-3.029055422300000089e+01,-3.197129211100000035e+01,-2.495899128599999983e+01,-2.613326744400000123e+01
1.333666666699999936e+01,-3.548131059100000328e+01,-3.493329707800000250e+01,-3.285798568199999892e+01,-2.722378514700000096e+01,-2.694340647299999958e+01
1.335667667699999939e+01,-3.020901720599999862e+01,-2.509939818499999831e+01,-3.913906950300000176e+01,-2.554802616999999998e+01,-2.747287216300000168e+01
1.337668668699999941e+01,-3.183806818900000124e+01,-3.080037200700000000e+01,-3.176387816700000144e+01,-2.408405312000000009e+01,-2.508503748000000044e+01
1.339669669699999943e+01,-3.112085325900000043e+01,-4.013702252400000248e+01,-3.603077631699999728e+01,-2.602074225400000174e+01,-2.793718125399999863e+01
1.341670670699999945e+01,-3.106475930099999871e+01,-3.142920372000000029e+01,-3.377790834500000017e+01,-2.535459166000000053e+01,-2.789291642499999924e+01
1.343671671699999948e+01,-3.613170743500000270e+01,-3.244840327499999688e+01,-3.435691866599999855e+01,-2.657023907800000018e+01,-3.219710371000000038e+01
1.345672672699999950e+01,-3.855138318000000197e+01,-2.925658836899999926e+01,-3.226287193099999939e+01,-2.524090983399999999e+01,-3.268310871700000320e+01
1.347673673699999952e+01,-4.223399741499999749e+01,-3.886773524099999833e+01,-3.341910019699999879e+01,-2.222709336599999830e+01,-3.107163005199999972e+01
1.349674674699999954e+01,-4.035955367500000079e+01,-3.343249680099999921e+01,-3.814833394600000105e+01,-2.643029656499999902e+01,-3.115009432100000097e+01
1.351675675699999957e+01,-4.117459056199999878e+01,-2.553971866899999910e+01,-3.557821838200000286e+01,-2.621181383700000112e+01,-3.550331916799999732e+01
1.353676676699999959e+01,-3.447959418899999662e+01,-3.457100202400000200e+01,-4.274890132899999884e+01,-2.724292764300000158e+01,-2.928530182700000140e+01
1.355677677699999961e+01,-3.583370965600000346e+01,-2.692690804000000071e+01,-4.063421010599999761e+01,-2.758343947199999846e+01,-3.552909919599999711e+01
1.357678678699999963e+01,-3.623773590300000080e+01,-3.282298696899999868e+01,-4.200535375999999843e+01,-2.711500016200000118e+01,-3.824262854799999900e+01
1.359679679699999966e+01,-3.503427002299999771e+01,-2.976095060000000103e+01,-4.417827043700000189e+01,-2.786136291400000076e+01,-3.830721737599999699e+01
1.361680680699999968e+01,-3.404030772400000160e+01,-3.284703294199999846e+01,-4.093918059699999645e+01,-2.695291922699999887e+01,-3.953922026800000111e+01
1.363681681699999970e+01,-4.062468192099999698e+01,-2.680260889799999902e+01,-4.154236829100000250e+01,-2.850043014899999960e+01,-3.909602904399999801e+01
1.365682682699999972e+01,-3.555999310199999996e+01,-3.227726362899999657e+01,-4.374018830899999699e+01,-2.939140273599999986e+01,-3.786820595300000036e+01
1.367683683699999975e+01,-2.957152160000000052e+01,-1.187268888700000069e+01,-3.098962623599999944e+01,-3.092560534100000069e+01,-4.181181219799999838e+01
1.369684684699999977e+01,-3.543984532399999665e+01,-3.911537466000000052e+01,-3.373332233499999688e+01,-2.864439283100000111e+01,-4.720871969099999887e+01
1.371685685699999979e+01,-3.362878031399999657e+01,-3.877684466000000185e+01,-3.236355070700000169e+01,-2.964082509800000054e+01,-3.732265776199999863e+01
1.373686686699999981e+01,-3.689343006000000003e+01,-3.065911002800000063e+01,-3.471559513799999763e+01,-3.173794805900000071e+01,-3.450017831400000290e+01
1.375687687699999984e+01,-3.629007505599999917e+01,-3.260875624199999834e+01,-3.892161462600000021e+01,-2.901031014400000174e+01,-3.257421838300000161e+01
1.377688688699999986e+01,-2.758887805099999824e+01,-3.589182973900000206e+01,-3.258261195499999729e+01,-3.368123333799999841e+01,-3.330100513800000073e+01
1.379689689699999988e+01,-3.899859674700000056e+01,-3.324043672500000213e+01,-3.109656220000000104e+01,-3.668095651400000179e+01,-3.208425136400000355e+01
1.381690690699999990e+01,-3.292101002900000140e+01,-3.781594044900000284e+01,-2.853794355300000163e+01,-3.362982201300000185e+01,-3.133794747600000008e+01
1.383691691699999993e+01,-4.110246834000000149e+01,-3.261993944400000345e+01,-2.663464122699999947e+01,-2.846369649900000098e+01,-3.798502309900000284e+01
1.385692692699999995e+01,-3.548073524899999853e+01,-3.653420155999999963e+01,-2.806554248999999857e+01,-2.807232864099999858e+01,-2.964030797999999933e+01
1.387693693699999997e+01,-3.862910848399999963e+01,-4.383829845199999653e+01,-3.137213412599999884e+01,-3.114726030899999998e+01,-3.239587311199999675e+01
1.389694694699999999e+01,-3.797923260999999684e+01,-3.994786754700000131e+01,-3.069199841700000064e+01,-3.373902801999999923e+01,-3.227186716700000346e+01
1.391695695700000002e+01,-3.173163549599999911e+01,-5.000541930299999649e+01,-2.956772134299999877e+01,-3.050523066799999938e+01,-2.895085410600000131e+01
1.393696696700000004e+01,-3.831552029299999873e+01,-3.319451154499999745e+01,-3.207041901200000211e+01,-3.006319278499999825e+01,-3.297246067900000099e+01
1.395697697700000006e+01,-2.798234142300000116e+01,-4.823410373099999759e+01,-2.850889448199999876e+01,-2.908709898900000113e+01,-2.912473370500000058e+01
1.397698698700000008e+01,-2.751293688799999870e+01,-4.114845715199999887e+01,-3.568029621099999815e+01,-2.986659562599999873e+01,-3.439655605600000143e+01
1.399699699700000011e+01,-3.016458341199999893e+01,-3.853132131400000304e+01,-3.141164325800000157e+01,-2.785603616299999885e+01,-3.375059477399999963e+01
1.401700700700000013e+01,-3.237093042200000070e+01,-3.754488484699999873e+01,-2.892116024499999938e+01,-3.210812463399999928e+01,-3.143173885199999873e+01
1.403701701700000015e+01,-2.870516501299999845e+01,-3.063913700899999881e+01,-2.999051204799999937e+01,-3.266494776999999772e+01,-3.492699401400000170e+01
1.405702702700000017e+01,-4.134897483799999662e+01,-3.129211030500000135e+01,-3.008610884400000174e+01,-3.200159412499999689e+01,-3.630275404000000350e+01
1.407703703700000020e+01,-3.171374900300000022e+01,-4.005959674500000034e+01,-2.894107821400000091e+01,-3.310133270499999725e+01,-4.369133083999999911e+01
1.409704704700000022e+01,-3.427956045999999901e+01,-3.546635609199999806e+01,-2.997685597199999918e+01,-3.328683051800000214e+01,-2.924798104999999993e+01
1.411705705700000024e+01,-3.601808360100000073e+01,-3.225231354000000294e+01,-2.947229726999999855e+01,-3.067845174600000036e+01,-3.287209064299999994e+01
1.413706706700000026e+01,-3.683888954199999688e+01,-3.477596969999999743e+01,-3.194712274500000149e+01,-3.445432666100000318e+01,-3.985246482800000223e+01
1.415707707700000029e+01,-3.183649417699999873e+01,-3.077416659600000060e+01,-3.536154059999999788e+01,-3.318090277700000001e+01,-3.477303750800000159e+01
1.417708708700000031e+01,-3.438215814200000153e+01,-4.880297711400000082e+01,-3.217907514200000207e+01,-3.051520914399999995e+01,-3.791970117700000031e+01
1.419709709700000033e+01,-4.157204634200000015e+01,-3.136857534199999975e+01,-4.148665457799999956e+01,-2.899090902600000064e+01,-3.530898093900000134e+01
1.421710710700000035e+01,-4.323558201000000167e+01,-4.067194128999999947e+01,-3.102427618800000175e+01,-3.758836760999999882e+01,-3.623420406599999666e+01
1.423711711700000038e+01,-3.770716707500000098e+01,-3.772946024499999851e+01,-3.261082966800000094e+01,-4.233802761100000112e+01,-3.480827886800000215e+01
1.425712712700000040e+01,-3.256999760299999735e+01,-3.631658594099999959e+01,-3.768021602000000314e+01,-3.800080818400000027e+01,-3.744982879500000195e+01
1.427713713700000042e+01,-4.713313736100000284e+01,-3.295097032999999698e+01,-3.675480395000000300e+01,-3.368555200299999797e+01,-3.352696067499999799e+01
1.429714714700000044e+01,-4.297799092599999682e+01,-4.877816368900000299e+01,-3.704055573200000140e+01,-4.225932079900000105e+01,-3.614103455200000070e+01
1.431715715700000047e+01,-4.336248371700000348e+01,-4.392505050900000185e+01,-3.848118693299999649e+01,-3.594473410799999868e+01,-3.635945530099999701e+01
1.433716716700000049e+01,-4.202189452999999730e+01,-4.012860117599999654e+01,-3.666444103700000312e+01,-3.528160091699999867e+01,-3.105868404599999977e+01
1.435717717700000051e+01,-4.062423280600000197e+01,-3.043787906700000079e+01,-3.709117494099999846e+01,-3.968773652099999794e+01,-3.206213751500000342e+01
1.437718718700000053e+01,-3.272776949600000052e+01,-3.255006947199999701e+01,-3.235717095999999771e+01,-4.089664670399999835e+01,-4.793132546100000013e+01
1.439719719700000056e+01,-2.845913692799999950e+01,-3.748413230399999918e+01,-4.532060333500000127e+01,-3.809015577800000329e+01,-3.932903981900000190e+01
1.441720720700000058e+01,-4.261048573899999781e+01,-3.281083615400000042e+01,-3.233558118500000234e+01,-3.083866530799999950e+01,-3.589650890899999780e+01
1.443721721700000060e+01,-2.644563843399999925e+01,-3.784521095499999888e+01,-4.633475869400000136e+01,-3.243649482099999659e+01,-3.120289492899999928e+01
1.445722722700000062e+01,-3.075075745099999835e+01,-3.835121369699999860e+01,-3.573412607099999860e+01,-4.015035683400000011e+01,-3.510355728300000067e+01
1.447723723700000065e+01,-2.733306145899999962e+01,-4.464631600300000258e+01,-3.787393416900000176e+01,-3.274385476900000214e+01,-3.294792123999999944e+01
1.449724724700000067e+01,-2.941777089500000031e+01,-3.937233418499999971e+01,-4.093843279099999677e+01,-3.503933718599999736e+01,-3.874402513700000128e+01
1.451725725700000069e+01,-4.172145918500000050e+01,-2.523017882599999950e+01,-4.150269064900000160e+01,-3.423466850999999878e+01,-4.091909003699999658e+01
1.453726726700000071e+01,-3.466541251200000318e+01,-4.446383547800000002e+01,-3.521983628800000332e+01,-4.258076367700000020e+01,-4.518478134699999771e+01
1.455727727700000074e+01,-3.660113134299999871e+01,-3.472056701599999684e+01,-4.465601587900000169e+01,-3.722457540199999926e+01,-3.790041703699999687e+01
1.457728728700000076e+01,-4.048822861400000050e+01,-3.885716148699999906e+01,-3.711466559899999851e+01,-4.393956529799999799e+01,-3.514565080700000266e+01
1.459729729700000078e+01,-3.858762571799999819e+01,-4.810859343999999993e+01,-3.944198443300000179e+01,-3.831086932600000239e+01,-5.457350854399999918e+01
1.461730730700000080e+01,-4.010314507500000047e+01,-3.608157959700000106e+01,-3.771775511100000244e+01,-2.961482325300000085e+01,-4.095538771999999739e+01
1.463731731700000083e+01,-4.276668087800000251e+01,-3.947303787599999936e+01,-3.456592546800000321e+01,-5.117381163000000299e+01,-4.024933403200000015e+01
1.465732732700000085e+01,-2.968115247400000101e+01,-2.958385872899999924e+01,-3.612113179300000354e+01,-3.841172000899999972e+01,-3.829613034199999788e+01
1.467733733700000087e+01,-4.345993401599999828e+01,-4.727352838299999860e+01,-3.470833969899999971e+01,-4.473158295000000351e+01,-3.879597713900000144e+01
1.469734734699999912e+01,-2.753944534900000107e+01,-3.843952764699999847e+01,-3.550530777600000221e+01,-3.597010631300000227e+01,-2.906291347699999861e+01
1.471735735699999914e+01,-4.051867701100000119e+01,-3.847203331000000048e+01,-3.987256425100000001e+01,-3.775070068600000184e+01,-3.737797704399999787e+01
1.473736736699999916e+01,-4.078538017500000024e+01,-2.896704173399999860e+01,-5.253809984800000166e+01,-3.212340291999999664e+01,-3.231838346899999692e+01
1.475737737699999919e+01,-3.522272397999999782e+01,-3.388233975800000053e+01,-3.532917951499999987e+01,-3.417278286599999859e+01,-3.566245867599999997e+01
1.477738738699999921e+01,-3.591008835200000249e+01,-3.531564823000000075e+01,-4.533850593300000043e+01,-3.546820139799999794e+01,-3.340729614800000036e+01
1.479739739699999923e+01,-3.513530913000000311e+01,-4.148141955500000222e+01,-3.062295471799999902e+01,-4.005657201300000025e+01,-2.763217458100000101e+01
1.481740740699999925e+01,-2.704865029200000137e+01,-4.009974130599999853e+01,-3.408011530000000278e+01,-3.667690828900000355e+01,-4.293610121599999729e+01
1.483741741699999928e+01,-2.758436223600000048e+01,-3.237639864500000186e+01,-3.687138559499999957e+01,-4.685385795599999881e+01,-2.592562572799999998e+01
1.485742742699999930e+01,-3.005549870999999840e+01,-3.562788242399999916e+01,-4.825713997500000119e+01,-4.529870547499999844e+01,-2.972136287500000051e+01
1.487743743699999932e+01,-3.435157867400000242e+01,-3.052746751500000144e+01,-4.571565548400000267e+01,-3.476704886299999941e+01,-3.036882780699999884e+01
1.489744744699999934e+01,-2.869225198999999904e+01,-2.956336585500000069e+01,-4.950061159700000246e+01,-4.345223672400000225e+01,-2.981561554700000016e+01
1.491745745699999937e+01,-3.925534370900000170e+01,-3.125575538900000083e+01,-4.451073558000000219e+01,-3.654262894499999703e+01,-3.155249979999999965e+01
1.493746746699999939e+01,-3.039005312500000144e+01,-3.008309029600000173e+01,-3.253954613799999862e+01,-3.113385843700000066e+01,-3.166361548300000095e+01
1.495747747699999941e+01,-3.017781874299999956e+01,-3.194050755199999969e+01,-3.436069530999999699e+01,-4.123459407299999668e+01,-2.504486407599999964e+01
1.497748748699999943e+01,-2.714713466999999980e+01,-4.518950593900000001e+01,-3.413267986099999973e+01,-4.607736706200000043e+01,-3.042583421799999854e+01
1.499749749699999946e+01,-1.848076062699999866e+01,-3.631858017399999738e+01,-4.132663403800000168e+01,-5.141758910299999741e+01,-3.009984925499999875e+01
1.501750750799999956e+01,-3.329765091299999824e+01,-3.059383592700000065e+01,-3.765318818200000095e+01,-4.061988319499999989e+01,-3.003410562299999853e+01
1.503751751799999958e+01,-2.485138698000000090e+01,-4.968716048299999954e+01,-4.095817937300000011e+01,-4.661708995600000094e+01,-3.128374693900000025e+01
1.505752752799999961e+01,-3.369924121100000036e+01,-3.676801508199999802e+01,-3.111761437899999905e+01,-3.764682440200000002e+01,-2.890719629599999863e+01
1.507753753799999963e+01,-4.244497712100000086e+01,-2.611646407499999967e+01,-2.650949312299999860e+01,-3.605360981199999770e+01,-2.660155697700000132e+01
1.509754754799999965e+01,-2.954129587299999926e+01,-4.377513401499999901e+01,-3.018295365899999894e+01,-4.359931419800000185e+01,-2.529934625499999967e+01
1.511755755799999967e+01,-2.713768865200000135e+01,-3.264423152599999867e+01,-2.866671982700000143e+01,-3.347906039699999781e+01,-2.895939711400000149e+01
1.513756756799999970e+01,-3.128561292199999855e+01,-3.885194083799999731e+01,-3.194488991000000055e+01,-2.902126790000000156e+01,-2.774354971200000008e+01
1.515757757799999972e+01,-3.686801670100000194e+01,-3.902015394400000048e+01,-3.392445261799999656e+01,-3.728969675500000136e+01,-2.584257524899999936e+01
1.517758758799999974e+01,-3.446551342499999748e+01,-1.629353619100000117e+01,-2.380887865100000056e+01,-2.580593318800000091e+01,-2.405439574900000110e+01
1.519759759799999976e+01,-3.185496053600000010e+01,-1.114094930099999914e+01,-2.692787281700000079e+01,-2.918674665300000015e+01,-2.929823565499999916e+01
1.521760760799999979e+01,-3.951426311699999872e+01,-3.774347483900000100e+01,-3.127559002599999971e+01,-4.216064097299999958e+01,-2.901883845900000125e+01
1.523761761799999981e+01,-4.600186607199999855e+01,-3.771202965500000204e+01,-2.778071813500000076e+01,-3.542748159799999996e+01,-2.693743570799999887e+01
1.525762762799999983e+01,-3.613079300700000118e+01,-4.734711653800000164e+01,-3.292694330900000210e+01,-3.772723441499999808e+01,-2.591160125000000036e+01
1.527763763799999985e+01,-4.767298132399999844e+01,-3.844971431100000103e+01,-3.311692389800000313e+01,-2.850508158599999931e+01,-3.244814003700000171e+01
1.529764764799999988e+01,-3.920398383500000250e+01,-5.192604732600000261e+01,-3.353656337999999693e+01,-4.762093131099999965e+01,-2.663076958299999930e+01
1.531765765799999990e+01,-4.868138266199999720e+01,-5.635539510800000329e+01,-3.303125840999999951e+01,-4.842857715000000240e+01,-2.148357746099999943e+01
1.533766766799999992e+01,-5.471360542699999741e+01,-5.102025093900000030e+01,-3.105396044600000138e+01,-3.339483359999999834e+01,-2.965652641799999856e+01
1.535767767799999994e+01,-4.359869206700000177e+01,-3.154449520100000015e+01,-3.466572568600000182e+01,-3.560412296700000212e+01,-2.806950659600000009e+01
1.537768768799999997e+01,-3.834225382399999660e+01,-3.484033779699999656e+01,-3.138112607800000120e+01,-3.442233475599999792e+01,-3.245786338700000329e+01
1.539769769799999999e+01,-3.547551407800000334e+01,-4.466189021000000281e+01,-2.905772113300000115e+01,-3.411548988599999888e+01,-3.124740634600000178e+01
1.541770770800000001e+01,-4.540339306199999925e+01,-3.772135579399999727e+01,-3.171289023099999937e+01,-3.682732776200000302e+01,-2.509063882999999961e+01
1.543771771800000003e+01,-3.254162680999999679e+01,-3.128517854900000117e+01,-3.180237285899999833e+01,-4.305771849199999934e+01,-2.628859320400000144e+01
1.545772772800000006e+01,-2.762814014199999946e+01,-2.970555595200000099e+01,-2.898021379900000127e+01,-3.870052115200000031e+01,-2.915853552200000109e+01
1.547773773800000008e+01,-5.104504991099999955e+01,-4.589169559199999782e+01,-3.406746483799999936e+01,-3.489822940199999834e+01,-2.451629955599999988e+01
1.549774774800000010e+01,-4.276536782299999828e+01,-3.563116304700000114e+01,-3.076257207900000168e+01,-5.345006019000000208e+01,-4.110506437200000107e+01
1.551775775800000012e+01,-4.122270892600000280e+01,-3.326056512600000303e+01,-3.788977354299999689e+01,-3.616364829199999775e+01,-2.890837964299999996e+01
1.553776776800000015e+01,-3.802386238599999757e+01,-2.955533082999999905e+01,-3.601884171700000081e+01,-2.800078048900000027e+01,-3.108915892699999972e+01
1.555777777800000017e+01,-3.566237405199999699e+01,-4.227075846599999664e+01,-3.119125968199999832e+01,-3.144859497399999881e+01,-3.260669790600000084e+01
1.557778778800000019e+01,-3.210770872300000178e+01,-3.905317022799999904e+01,-3.628832390299999844e+01,-3.672763484899999753e+01,-3.708501692099999758e+01
1.559779779800000021e+01,-3.560336301899999967e+01,-5.471997158700000341e+01,-3.111813179700000020e+01,-3.516079883100000103e+01,-4.505939123099999932e+01
1.561780780800000024e+01,-3.163247069299999836e+01,-3.448569833100000182e+01,-3.133871439099999989e+01,-3.553191105799999860e+01,-3.988620019399999705e+01
1.563781781800000026e+01,-3.050235213199999862e+01,-4.690757957999999661e+01,-2.866717768399999855e+01,-2.457478855900000170e+01,-3.161287976099999852e+01
1.565782782800000028e+01,-4.502729196300000325e+01,-3.768765904499999664e+01,-2.969878998500000122e+01,-3.255360625800000207e+01,-4.055123944300000005e+01
1.567783783800000030e+01,-3.251260081600000262e+01,-3.413780479399999734e+01,-3.021990879399999841e+01,-3.651950392100000187e+01,-3.643111310500000144e+01
1.569784784800000033e+01,-3.709817244199999919e+01,-2.932603600999999927e+01,-2.911467972299999829e+01,-3.270700798499999706e+01,-2.961379571499999841e+01
1.571785785800000035e+01,-3.424427673600000332e+01,-3.299183550699999756e+01,-2.549193976800000172e+01,-3.263611317299999826e+01,-3.209376497899999947e+01
1.573786786800000037e+01,-4.110000747000000132e+01,-3.817476197100000235e+01,-2.486257422399999939e+01,-2.917067189899999846e+01,-3.257764006200000040e+01
1.575787787800000039e+01,-4.637412881699999900e+01,-2.951970053899999868e+01,-2.575399273300000047e+01,-2.778166496700000110e+01,-3.218122405900000160e+01
1.577788788800000042e+01,-4.904480429800000252e+01,-4.055149287700000116e+01,-2.294513767100000123e+01,-3.578801415099999872e+01,-3.240762389000000354e+01
1.579789789800000044e+01,-3.596615590799999751e+01,-3.620063983400000041e+01,-2.367125496699999943e+01,-3.374719833599999674e+01,-2.866985059900000010e+01
1.581790790800000046e+01,-4.211190830000000318e+01,-3.768046769800000106e+01,-2.172342101699999972e+01,-2.600138135899999980e+01,-2.618254277699999832e+01
1.583791791800000048e+01,-4.368053280899999891e+01,-3.388011267299999929e+01,-2.232463437899999903e+01,-2.783763332899999909e+01,-2.990498778999999985e+01
1.585792792800000051e+01,-3.201081906699999990e+01,-3.153985452599999917e+01,-2.267089908299999834e+01,-3.384168311900000248e+01,-2.865463581999999931e+01
1.587793793800000053e+01,-4.279331446199999789e+01,-3.628321981999999934e+01,-2.543958929000000069e+01,-3.524957330499999841e+01,-2.778874630900000042e+01
1.589794794800000055e+01,-4.478611998899999946e+01,-4.491827641500000112e+01,-2.210759253599999852e+01,-3.520057189700000322e+01,-2.914040290200000172e+01
1.591795795800000057e+01,-2.613860689399999870e+01,-2.771307275199999864e+01,-2.175003520599999973e+01,-2.539176873499999942e+01,-2.679021973000000045e+01
1.593796796800000060e+01,-3.013862033599999890e+01,-3.359195960899999989e+01,-2.212053957999999909e+01,-3.262670243299999839e+01,-2.894532924199999968e+01
1.595797797800000062e+01,-2.819952638999999905e+01,-4.679885833800000228e+01,-2.270833744899999829e+01,-3.438668743299999875e+01,-3.242462014499999867e+01
1.597798798800000064e+01,-3.509180118399999770e+01,-3.271452873199999800e+01,-2.151222034399999927e+01,-2.842230857399999877e+01,-3.659059012400000199e+01
1.599799799800000066e+01,-3.212736622900000327e+01,-2.439379395699999975e+01,-2.273247390499999909e+01,-3.106906913499999945e+01,-2.866714220500000110e+01
1.601800800799999891e+01,-2.661131090199999960e+01,-3.912639335800000140e+01,-2.257067972500000153e+01,-3.085783632600000104e+01,-3.187639594099999840e+01
1.603801801799999893e+01,-2.938316742399999981e+01,-2.767610399100000151e+01,-1.960822465500000078e+01,-3.809355457499999886e+01,-3.397625964000000209e+01
1.605802802799999895e+01,-3.753777312399999744e+01,-3.677048694599999834e+01,-2.354279913099999888e+01,-3.349461193799999847e+01,-3.242972323099999699e+01
1.607803803799999898e+01,-2.959106750100000127e+01,-4.192898922500000225e+01,-2.341502919099999858e+01,-3.228148994099999669e+01,-2.990264442300000169e+01
1.609804804799999900e+01,-3.776639635600000133e+01,-2.935541947600000157e+01,-2.374200052799999838e+01,-3.349460295200000104e+01,-3.341124597700000010e+01
1.611805805799999902e+01,-3.427024604599999691e+01,-3.348979946699999743e+01,-2.112356572499999885e+01,-3.209860291599999726e+01,-3.144676743500000171e+01
1.613806806799999904e+01,-2.658763998099999881e+01,-3.101384286600000095e+01,-2.485447658700000062e+01,-3.874845742299999785e+01,-3.019375513199999972e+01
1.615807807799999907e+01,-2.519905118799999855e+01,-3.288377024300000073e+01,-2.372127610300000100e+01,-3.501658581800000292e+01,-3.310392431100000010e+01
1.617808808799999909e+01,-2.879511490000000151e+01,-4.655397872000000348e+01,-2.556415489800000174e+01,-3.557208559299999706e+01,-3.248702682799999764e+01
1.619809809799999911e+01,-2.601769108099999883e+01,-3.707999082999999985e+01,-2.830649291499999975e+01,-3.220764648200000124e+01,-3.793261397500000243e+01
1.621810810799999913e+01,-1.964224226299999998e+01,-3.756449408499999976e+01,-2.814988093799999902e+01,-2.915811142700000147e+01,-2.663982653600000106e+01
1.623811811799999916e+01,-3.107182288799999981e+01,-4.074941697199999879e+01,-3.184465813199999928e+01,-3.229374328000000105e+01,-2.839672862999999836e+01
1.625812812799999918e+01,-3.123469173899999873e+01,-2.434770863800000029e+01,-2.800766707500000052e+01,-3.071216327599999829e+01,-2.546086950899999835e+01
1.627813813799999920e+01,-2.737420654399999975e+01,-3.635747905699999905e+01,-3.415070438600000102e+01,-3.337347632400000208e+01,-2.959658963300000067e+01
1.629814814799999922e+01,-3.211842671699999840e+01,-3.741336398800000040e+01,-2.912155473099999980e+01,-3.142501421800000116e+01,-2.370866223399999839e+01
1.631815815799999925e+01,-2.665094321000000122e+01,-3.244207234699999987e+01,-2.585221241200000009e+01,-3.304973673300000314e+01,-1.836354682300000007e+01
1.633816816799999927e+01,-2.974597649100000041e+01,-3.480970354600000150e+01,-3.077285552000000024e+01,-3.701609568500000336e+01,-2.717944291399999912e+01
1.635817817799999929e+01,-3.300292882699999808e+01,-2.393380802500000115e+01,-3.278730740200000326e+01,-3.237322625800000253e+01,-2.945514926899999963e+01
1.637818818799999931e+01,-2.227711304700000028e+01,-2.617222597900000025e+01,-3.068270561299999954e+01,-3.019339543499999934e+01,-2.939112048999999871e+01
1.639819819799999934e+01,-3.700246338499999865e+01,-4.857987167900000003e+01,-2.673435054100000130e+01,-3.480474921599999760e+01,-2.763937166099999843e+01
1.641820820799999936e+01,-2.801540331200000011e+01,-1.296981994699999952e+01,-3.100385649500000085e+01,-3.473173842700000336e+01,-2.898589351600000086e+01
1.643821821799999938e+01,-2.484526016099999879e+01,-3.319469787300000263e+01,-2.813007668299999864e+01,-3.250072057199999875e+01,-2.392608777299999900e+01
1.645822822799999940e+01,-1.603866439100000107e+01,-3.359292056099999968e+01,-3.271447975800000307e+01,-3.390213045600000186e+01,-2.476599423700000102e+01
1.647823823799999943e+01,-2.841116252400000164e+01,-3.548417155599999973e+01,-3.021665836400000060e+01,-3.228251250999999655e+01,-4.455747856899999704e+01
1.649824824799999945e+01,-4.661975788899999884e+01,-3.538134509000000349e+01,-2.821140335200000138e+01,-3.330537576599999738e+01,-2.558949461199999931e+01
1.651825825799999947e+01,-2.396729649799999962e+01,-2.709315599600000013e+01,-2.830493653799999976e+01,-3.012231760299999905e+01,-2.810058953600000109e+01
1.653826826799999949e+01,-3.651386872700000197e+01,-5.482303396199999668e+01,-3.127537840500000144e+01,-3.603794059999999888e+01,-2.027774900900000077e+01
1.655827827799999952e+01,-3.088816744600000064e+01,-2.681871285100000080e+01,-3.174257153299999956e+01,-3.891941995900000251e+01,-2.787716777300000004e+01
1.657828828799999954e+01,-2.870768275000000003e+01,-3.543250391699999824e+01,-2.979133707300000111e+01,-3.627554606100000001e+01,-2.636882836299999866e+01
1.659829829799999956e+01,-2.764873814399999929e+01,-3.804525982599999878e+01,-2.958967810000000043e+01,-3.954092513500000194e+01,-2.467950950899999896e+01
1.661830830799999958e+01,-3.609335685199999944e+01,-3.466818713600000024e+01,-3.184940153300000176e+01,-3.564236938700000223e+01,-2.743485452999999907e+01
1.663831831799999961e+01,-3.208197603600000036e+01,-3.056577619100000121e+01,-3.019173082200000024e+01,-3.292850042799999954e+01,-3.162608617600000116e+01
1.665832832799999963e+01,-2.844331217399999900e+01,-2.608169930000000036e+01,-2.696370431100000076e+01,-3.510301464599999832e+01,-2.531051636999999843e+01
1.667833833799999965e+01,-2.752250070299999862e+01,-4.582208844899999889e+01,-2.806831953000000013e+01,-3.546066493000000008e+01,-2.803690903000000034e+01
1.669834834799999967e+01,-2.180557817900000117e+01,-3.625793900899999755e+01,-3.293269180899999782e+01,-3.471951198400000038e+01,-2.574349075800000008e+01
1.671835835799999970e+01,-3.603199616900000279e+01,-4.829433102600000183e+01,-2.913223566599999970e+01,-3.626042241900000107e+01,-2.798247217300000145e+01
1.673836836799999972e+01,-3.322596191400000265e+01,-4.527112145899999973e+01,-3.477842779400000239e+01,-2.988795375600000170e+01,-2.477207663200000098e+01
1.675837837799999974e+01,-7.034860839000000254e+00,-5.024308247100000102e+01,-3.807672082199999863e+01,-3.354622722900000298e+01,-2.835878255900000156e+01
1.677838838799999976e+01,-2.971042713699999993e+01,-4.330656907499999875e+01,-3.339247741100000155e+01,-3.836166630299999980e+01,-2.215076315800000017e+01
1.679839839799999979e+01,-3.680463443499999698e+01,-3.121872019699999967e+01,-2.911689814300000023e+01,-2.957139988000000130e+01,-3.008572615599999978e+01
1.681840840799999981e+01,-2.887937379599999943e+01,-2.960371750399999868e+01,-2.708849840699999945e+01,-2.858367920899999959e+01,-2.852202506200000087e+01
1.683841841799999983e+01,-1.942280159199999900e+01,-3.738758553200000279e+01,-3.128782973399999889e+01,-2.810499009200000131e+01,-2.558776835300000130e+01
1.685842842799999985e+01,-3.098389651000000100e+01,-3.784182321499999802e+01,-3.390146240800000044e+01,-3.619407181999999779e+01,-2.365234503399999966e+01
1.687843843799999988e+01,-2.737555669199999997e+01,-3.463800282300000077e+01,-2.641718379799999994e+01,-3.298265855100000010e+01,-2.423489938399999843e+01
1.689844844799999990e+01,-2.887154575599999973e+01,-4.041874198299999676e+01,-2.931477696600000016e+01,-3.536797693999999836e+01,-2.405858858899999930e+01
1.691845845799999992e+01,-2.672590099800000019e+01,-4.811898103499999735e+01,-2.706063512200000076e+01,-2.791296351800000153e+01,-2.745417429700000156e+01
1.693846846799999994e+01,-2.533127612799999895e+01,-3.681772447699999873e+01,-2.449792345699999885e+01,-4.110246871900000087e+01,-2.704309067799999866e+01
1.695847847799999997e+01,-3.860667151799999885e+01,-3.191153321000000176e+01,-2.798455634900000177e+01,-2.272180078699999939e+01,-1.670533278099999919e+01
1.697848848799999999e+01,-2.007251639800000120e+01,-2.463240829300000101e+01,-2.836763483100000016e+01,-2.999075400999999985e+01,-2.792656098000000142e+01
1.699849849800000001e+01,-2.964179455900000093e+01,-3.279167769099999674e+01,-2.229149144599999843e+01,-2.232534115600000035e+01,-2.286023175800000118e+01
1.701850850900000012e+01,-2.449635463499999943e+01,-3.799850412899999696e+01,-2.895295363199999983e+01,-2.903529584099999994e+01,-2.449031006399999910e+01
1.703851851900000014e+01,-2.747310932699999952e+01,-2.274964197399999932e+01,-2.954111852999999854e+01,-2.857168772600000040e+01,-2.732657344500000107e+01
1.705852852900000016e+01,-6.611850945000000479e+01,-2.503498198400000163e+01,-3.304357287399999876e+01,-3.043707603600000056e+01,-1.811541787299999839e+01
1.707853853900000018e+01,-3.707162124300000272e+01,-1.956115617400000062e+01,-2.938054903200000112e+01,-3.116637348600000124e+01,-2.945290388300000117e+01
1.709854854900000021e+01,-2.292663313799999969e+01,-2.734072482199999854e+01,-3.301887134399999724e+01,-2.827093389099999854e+01,-3.148479332599999836e+01
1.711855855900000023e+01,-3.592243541100000215e+01,-3.440556206600000166e+01,-2.390346880599999935e+01,-3.356632707100000346e+01,-2.126831148300000152e+01
1.713856856900000025e+01,-4.411667428300000182e+01,-2.730485681600000092e+01,-3.054241921599999898e+01,-3.136005354199999928e+01,-2.689799413900000147e+01
1.715857857900000027e+01,-3.057979272300000062e+01,-2.639814026000000169e+01,-3.091585054400000132e+01,-1.974069002299999909e+01,-3.213659521799999652e+01
1.717858858900000030e+01,-3.644367760899999809e+01,-3.109447031299999864e+01,-2.669853546899999941e+01,-3.155508437499999985e+01,-2.862022379500000113e+01
1.719859859900000032e+01,-4.112688095200000049e+01,-2.471430906999999877e+01,-2.586553886700000149e+01,-2.168766576200000173e+01,-2.981516627099999894e+01
1.721860860900000034e+01,-2.939842705199999884e+01,-2.826168555599999976e+01,-3.027244246600000110e+01,-2.429607570299999963e+01,-3.950209437699999881e+01
1.723861861900000036e+01,-2.965978050800000076e+01,-2.707937706699999936e+01,-3.296874898499999773e+01,-2.914715605299999979e+01,-3.302792497200000099e+01
1.725862862900000039e+01,-2.823950503500000053e+01,-3.207206181400000133e+01,-3.043176023899999905e+01,-3.022345664499999884e+01,-3.533559688399999743e+01
1.727863863900000041e+01,-2.726727272000000113e+01,-2.410715834299999827e+01,-2.931126383699999849e+01,-3.102475077700000128e+01,-2.132321970599999972e+01
1.729864864900000043e+01,-3.260931236799999766e+01,-3.140893619099999867e+01,-3.475683441299999998e+01,-2.963844214799999932e+01,-3.552596625999999702e+01
1.731865865900000045e+01,-2.975751578899999927e+01,-3.212287072499999852e+01,-2.911263770600000100e+01,-2.907520006800000090e+01,-2.082083478499999885e+01
1.733866866900000048e+01,-3.662074401899999998e+01,-2.608912522900000042e+01,-3.208551719799999802e+01,-2.657348363999999918e+01,-4.239220679600000352e+01
1.735867867900000050e+01,-3.228225748300000220e+01,-3.042167271099999937e+01,-2.885476901999999910e+01,-3.161919695799999985e+01,-3.401614109399999819e+01
1.737868868900000052e+01,-2.529271820700000006e+01,-3.103169143899999938e+01,-3.838923877900000292e+01,-3.233234409399999976e+01,-3.633259768900000353e+01
1.739869869900000054e+01,-3.338552093900000273e+01,-3.255297701100000296e+01,-3.082920491499999827e+01,-2.923864181800000139e+01,-3.453810189800000074e+01
1.741870870900000057e+01,-2.656360584200000119e+01,-3.062656315799999973e+01,-2.532192988299999925e+01,-2.360042944599999970e+01,-2.941410119300000048e+01
1.743871871900000059e+01,-2.676929128700000149e+01,-2.880912462299999888e+01,-2.611739232400000077e+01,-2.619563108299999854e+01,-3.961530230700000033e+01
1.745872872900000061e+01,-2.686966685299999824e+01,-2.961811398800000106e+01,-3.443435468399999877e+01,-2.865561411499999878e+01,-3.581325969099999895e+01
1.747873873900000063e+01,-3.315965575100000251e+01,-2.590706039699999863e+01,-2.513481177699999947e+01,-2.606771272900000014e+01,-2.755587639599999861e+01
1.749874874900000066e+01,-2.219222395299999917e+01,-2.141621500600000161e+01,-2.274108578099999889e+01,-4.203135070900000159e+01,-3.112498980499999846e+01
1.751875875900000068e+01,-3.256303181100000188e+01,-1.730026607399999961e+01,-2.573270357399999853e+01,-2.852126923599999841e+01,-3.111170289400000044e+01
1.753876876900000070e+01,-2.755335397099999994e+01,-4.055857583000000233e+01,-2.617305810799999932e+01,-2.686775336199999842e+01,-1.978627453700000061e+01
1.755877877900000072e+01,-2.907409644999999898e+01,-2.905220710000000039e+01,-2.805161844799999926e+01,-2.972114169099999970e+01,-3.180934987799999902e+01
1.757878878900000075e+01,-3.086225517700000154e+01,-2.614309484400000017e+01,-2.423633999700000174e+01,-1.786185053199999828e+01,-3.785606212999999798e+01
1.759879879900000077e+01,-3.014749510100000052e+01,-3.077027674400000024e+01,-2.633272799499999905e+01,-2.087579924099999928e+01,-3.271679391199999998e+01
1.761880880900000079e+01,-1.014938180500000087e+01,-2.456390825000000078e+01,-2.464292959999999866e+01,-3.265726703200000003e+01,-3.234275535500000132e+01
1.763881881900000081e+01,-3.644024790999999652e+01,-2.449806208600000090e+01,-2.419337723900000015e+01,-2.903135670300000015e+01,-3.575421810200000294e+01
1.765882882900000084e+01,-3.931702506700000299e+01,-2.722381657300000057e+01,-3.078200109699999842e+01,-2.594444914900000043e+01,-2.557068918699999927e+01
1.767883883900000086e+01,-2.334773142299999904e+01,-2.851094326999999851e+01,-2.095310273400000156e+01,-2.828300683699999851e+01,-3.309353537500000186e+01
1.769884884900000088e+01,-4.747183098800000067e+01,-3.098495652500000119e+01,-2.187877499800000081e+01,-1.700761721699999995e+01,-2.818436199499999972e+01
1.771885885900000090e+01,-4.009191744599999652e+01,-2.509718621000000027e+01,-2.170044761400000155e+01,-2.164611329099999892e+01,-2.510352084799999872e+01
1.773886886900000093e+01,-2.567508731299999880e+01,-2.582731661000000045e+01,-2.827646218399999967e+01,-2.664916587700000150e+01,-2.733727954700000140e+01
1.775887887900000095e+01,-4.520206533100000001e+01,-3.012337775900000025e+01,-2.192210714799999849e+01,-2.373742362300000153e+01,-4.018633459000000130e+01
1.777888888900000097e+01,-2.995260346099999893e+01,-2.903366702699999991e+01,-2.381605743700000133e+01,-2.328407179599999921e+01,-2.895956679800000089e+01
1.779889889900000099e+01,-2.882534717600000107e+01,-3.356985396900000040e+01,-2.683760956800000130e+01,-2.857532600300000070e+01,-2.610871760199999869e+01
1.781890890900000102e+01,-3.943722045399999843e+01,-3.524444078900000221e+01,-2.710869914299999905e+01,-2.543247950099999954e+01,-3.634904259999999709e+01
1.783891891900000104e+01,-2.650520403000000158e+01,-3.584951850400000239e+01,-2.600856722300000001e+01,-3.126040651399999959e+01,-3.364738040799999652e+01
1.785892892900000106e+01,-2.866111614100000082e+01,-2.284831915699999882e+01,-2.697966292199999927e+01,-2.340080102099999948e+01,-4.266008893400000090e+01
1.787893893900000108e+01,-4.218375550599999713e+01,-3.183220984800000153e+01,-2.935767483200000072e+01,-2.653283624899999893e+01,-3.334659678100000235e+01
1.789894894900000111e+01,-2.765870725499999949e+01,-2.871442186299999832e+01,-2.578489370799999847e+01,-2.571254693799999913e+01,-3.268542892899999686e+01
1.791895895900000113e+01,-3.799205582700000150e+01,-2.580155826100000027e+01,-1.945555826300000035e+01,-2.114355194499999868e+01,-2.956529235900000074e+01
1.793896896900000115e+01,-3.996342888499999901e+01,-2.585899268800000073e+01,-1.476008344599999944e+01,-4.498344947099999658e+00,-3.574311208200000323e+01
1.795897897900000117e+01,-3.961561120900000077e+01,-2.530153236700000008e+01,-2.808332404500000123e+01,-2.419312279500000074e+01,-3.159942857600000110e+01
1.797898898900000120e+01,-4.504133830699999663e+01,-3.045926953500000067e+01,-3.745534352199999972e+01,-2.992090642000000145e+01,-2.751331869399999874e+01
1.799899899900000122e+01,-3.526018750600000118e+01,-3.331581509899999816e+01,-2.572161021599999842e+01,-3.322695058400000079e+01,-2.108688870199999954e+01
1.801900900900000124e+01,-3.363879617300000291e+01,-3.384471533100000329e+01,-3.419775583599999891e+01,-2.670769507900000050e+01,-3.286818988699999977e+01
1.803901901900000126e+01,-3.660747537900000026e+01,-4.301210646199999843e+01,-2.948142567200000030e+01,-3.111791419700000105e+01,-4.425240062499999993e+01
1.805902902900000129e+01,-3.008488241699999932e+01,-2.296379495100000057e+01,-2.361417073899999863e+01,-2.295374809600000177e+01,-3.192412015200000042e+01
1.807903903900000131e+01,-5.009999174899999730e+01,-3.520862677299999888e+01,-2.362623886900000159e+01,-2.703237921299999869e+01,-3.887324573699999775e+01
1.809904904900000133e+01,-3.293860396800000245e+01,-3.178921612399999930e+01,-2.373942881900000046e+01,-2.806176087600000102e+01,-2.699880884199999898e+01
1.811905905900000135e+01,-2.714750196800000026e+01,-2.021653787199999996e+01,-2.837186265100000071e+01,-3.070755325600000063e+01,-3.462720013700000266e+01
1.813906906900000138e+01,-4.370155226600000020e+01,-4.439607179499999745e+01,-2.652181812999999977e+01,-2.542296648499999989e+01,-2.570446991100000034e+01
1.815907907900000140e+01,-2.847155029600000020e+01,-3.658669949000000088e+01,-2.675010611200000099e+01,-2.978291043100000124e+01,-3.747798825200000294e+01
1.817908908900000142e+01,-3.364198107899999712e+01,-3.298630845299999947e+01,-2.708185210499999940e+01,-2.694930294299999929e+01,-2.395615539099999936e+01
1.819909909900000144e+01,-3.378537515800000079e+01,-2.846116338999999940e+01,-2.155117014600000047e+01,-3.206669281899999646e+01,-2.724164495799999841e+01
1.821910910900000147e+01,-3.307589557099999666e+01,-4.056911414799999704e+01,-2.507526125800000116e+01,-2.917255774699999904e+01,-3.715054266799999994e+01
1.823911911900000149e+01,-3.757333143599999659e+01,-2.410508042500000059e+01,-2.251754324599999890e+01,-3.021145130100000031e+01,-2.650572077200000010e+01
1.825912912900000151e+01,-3.820695676900000137e+01,-4.165989774599999862e+01,-3.251673318499999965e+01,-4.312160006799999934e+01,-2.366679686499999846e+01
1.827913913900000153e+01,-4.741624299800000131e+01,-3.168224922599999971e+01,-2.616230544900000154e+01,-4.144855773300000124e+01,-5.003358415400000325e+01
1.829914914900000156e+01,-2.859790190100000018e+01,-2.578939376599999989e+01,-2.440587113599999824e+01,-4.139063763299999721e+01,-4.014375875799999704e+01
1.831915915900000158e+01,-1.378693858799999994e+01,-4.009547568800000050e+01,-2.899858451700000117e+01,-3.404883571799999942e+01,-3.574646775499999762e+01
1.833916916900000160e+01,-3.361196669000000270e+01,-2.359657713500000042e+01,-3.322383864999999759e+01,-2.214334696699999938e+01,-2.934499229700000100e+01
1.835917917900000162e+01,-1.908208549600000126e+01,-1.995347892499999887e+01,-1.838214778600000088e+01,-1.926006474100000077e+01,-2.020354569499999897e+01
1.837918918900000165e+01,-3.277688648400000204e+01,-3.519030953499999725e+01,-3.159233351199999973e+01,-4.552609995099999907e+01,-4.326246359400000330e+01
1.839919919900000167e+01,-5.261891690099999863e+01,-4.136875285100000355e+01,-2.958088964999999959e+01,-2.533600577700000045e+01,-3.320604286500000057e+01
1.841920920900000169e+01,-2.290384266999999952e+01,-2.707179843100000127e+01,-2.937507929699999920e+01,-2.645855470400000087e+01,-3.612543648700000176e+01
1.843921921900000171e+01,-3.031153438500000163e+01,-3.337946763000000061e+01,-3.045236571199999887e+01,-3.269892539899999662e+01,-4.190379727399999865e+01
1.845922922900000174e+01,-3.359799421900000027e+01,-2.200124883499999839e+01,-4.223923593100000318e+01,-3.539769022400000154e+01,-3.234810236900000291e+01
1.847923923900000176e+01,-3.880550828599999846e+01,-2.889266865500000137e+01,-3.399147354000000121e+01,-2.486771451799999966e+01,-1.961301337300000114e+01
1.849924924899999823e+01,-4.232878154800000203e+01,-3.548137302800000015e+01,-4.644451430699999861e+01,-3.084558128899999829e+01,-2.881004714799999888e+01
1.851925925899999825e+01,-3.842344619600000044e+01,-3.033746093399999921e+01,-2.995735716300000107e+01,-3.507199598300000076e+01,-3.113571857699999867e+01
1.853926926899999827e+01,-3.632153440399999766e+01,-3.576891227800000195e+01,-3.759614326999999889e+01,-2.318422906600000033e+01,-1.848220779200000052e+01
1.855927927899999830e+01,-5.238252925700000162e+01,-3.403984150800000208e+01,-3.187367920799999865e+01,-2.958382111299999906e+01,-2.549184606100000039e+01
1.857928928899999832e+01,-2.861847642300000061e+01,-2.778203192100000152e+01,-3.222062691499999687e+01,-3.546768072300000085e+01,-2.407500081199999897e+01
1.859929929899999834e+01,-4.966702020999999689e+01,-3.333986109899999661e+01,-3.265583306500000305e+01,-3.183801560799999919e+01,-3.154794855700000156e+01
1.861930930899999836e+01,-3.979089069199999784e+01,-3.946527152499999858e+01,-3.131016132799999951e+01,-3.802971805399999994e+01,-3.188535517200000058e+01
1.863931931899999839e+01,-2.317571187100000074e+01,-3.951913237000000123e+01,-3.565829949399999776e+01,-3.267196811400000200e+01,-3.975180524000000304e+01
1.865932932899999841e+01,-3.277848133500000216e+01,-4.061059149999999818e+01,-2.767387690800000044e+01,-4.140137560899999869e+01,-3.599576376099999919e+01
1.867933933899999843e+01,-4.238450798099999872e+01,-4.601115930000000276e+01,-2.432249500500000039e+01,-1.799904596300000037e+01,-7.685653203800000277e+00
1.869934934899999845e+01,-3.493462210100000220e+01,-4.196744749100000149e+01,-3.084692212399999889e+01,-2.913556761699999953e+01,-3.880972649699999977e+01
1.871935935899999848e+01,-3.849003578699999650e+01,-4.323103715500000277e+01,-2.253881098700000152e+01,-2.877102436499999882e+01,-3.375454758299999725e+01
1.873936936899999850e+01,-3.122667819500000164e+01,-4.101659418300000226e+01,-4.391514377899999744e+01,-3.172974468199999976e+01,-2.984913344599999974e+01
1.875937937899999852e+01,-5.157561983800000149e+01,-4.043480672799999809e+01,-2.906098289299999848e+01,-3.671157112699999914e+01,-2.906171293599999927e+01
1.877938938899999854e+01,-4.067379932699999756e+01,-4.800320817699999765e+01,-3.342990781599999650e+01,-2.889976701200000164e+01,-2.230840647400000165e+01
1.879939939899999857e+01,-2.836030982899999842e+01,-1.916530084000000045e+01,-2.571060428699999889e+01,-3.198532402300000044e+01,-2.746256779400000170e+01
1.881940940899999859e+01,-4.171980523999999946e+01,-4.525497393999999929e+01,-3.004865840000000077e+01,-4.784085891499999832e+01,-2.777766003800000050e+01
1.883941941899999861e+01,-4.329515054000000163e+01,-4.219319309499999804e+01,-2.746959243799999939e+01,-3.613623371100000270e+01,-4.213012373899999830e+01
1.885942942899999863e+01,-2.578950317700000028e+01,-3.944737437900000288e+01,-1.280894274399999944e+01,-2.574786326999999986e+01,-2.073601178299999859e+01
1.887943943899999866e+01,-3.306769941099999954e+01,-4.013522254499999775e+01,-2.243387650600000072e+01,-2.925980368300000123e+01,-3.618160451800000033e+01
1.889944944899999868e+01,-3.772826486799999657e+01,-4.219356740399999950e+01,-2.753295541199999974e+01,-3.968598478599999879e+01,-3.529136971900000219e+01
1.891945945899999870e+01,-3.161956067399999881e+01,-3.069453960199999898e+01,-2.556475868900000137e+01,-3.529448570000000274e+01,-3.406164844300000283e+01
1.893946946899999872e+01,-4.536522349700000234e+01,-5.453365508699999964e+01,-3.405341692100000017e+01,-3.581616352000000347e+01,-3.675415539899999828e+01
1.895947947899999875e+01,-4.072670589599999857e+01,-4.354818360600000204e+01,-2.437454952299999889e+01,-3.676733377499999733e+01,-3.830299406599999656e+01
1.897948948899999877e+01,-2.703640274800000043e+01,-3.135094417999999905e+01,-4.210895161300000211e+01,-3.204084519999999969e+01,-3.188264275699999928e+01
1.899949949899999879e+01,-4.505219418000000076e+01,-6.050698274399999832e+01,-3.258751881999999966e+01,-4.541781311500000129e+01,-3.398935915500000249e+01
1.901950950999999890e+01,-4.473781894599999731e+01,-4.348923748600000039e+01,-2.616814904599999991e+01,-3.697390434100000078e+01,-4.047239992499999772e+01
1.903951951999999892e+01,-3.046128759799999841e+01,-3.942464354900000245e+01,3.300312493900000033e-01,-7.804476053100000144e+00,-1.971092536600000145e+01
1.905952952999999894e+01,-3.553113927399999739e+01,-5.253647611800000305e+01,-3.315154037100000295e+01,-2.875716910499999912e+01,-3.004474605800000120e+01
1.907953953999999896e+01,-3.328148810799999779e+01,-4.302003623200000249e+01,-3.327438712699999712e+01,-1.770776926099999926e+01,-3.171634261399999843e+01
1.909954954999999899e+01,-4.027210239899999777e+01,-3.613062060699999734e+01,-2.073949585400000117e+01,-2.014121194699999862e+01,-1.514391404500000071e+01
1.911955955999999901e+01,-5.185178223799999842e+01,-5.106522372599999926e+01,-4.986146476399999727e+01,-4.564889224600000261e+01,-4.087591552800000017e+01
1.913956956999999903e+01,-3.326402113000000327e+01,-3.057500955000000076e+01,-2.261329840599999841e+01,-2.663960723099999939e+01,-1.743150255799999826e+01
1.915957957999999905e+01,-3.676750846600000244e+01,-3.978298381199999767e+01,-2.992494165100000103e+01,-3.849251133100000288e+01,-3.233281713800000290e+01
1.917958958999999908e+01,-3.622587907399999807e+01,-4.220429087800000190e+01,-3.847855182100000349e+01,-3.156560169000000116e+01,-3.960220319900000163e+01
1.919959959999999910e+01,-2.793439588200000046e+01,-3.631722489399999887e+01,-3.342650659200000263e+01,-3.467835067499999724e+01,-2.553142758999999984e+01
1.921960960999999912e+01,-3.608832572800000094e+01,-4.392411805399999736e+01,-2.624464047600000072e+01,-3.525376024399999864e+01,-3.224329062399999657e+01
1.923961961999999914e+01,-4.572905599100000273e+01,-4.411325254399999807e+01,-3.727331597100000238e+01,-3.762421343900000181e+01,-3.112972982400000177e+01
1.925962962999999917e+01,-2.986419160000000161e+01,-3.431007194099999680e+01,-2.305815776400000061e+01,-4.499704135399999672e+01,-4.148407887199999777e+01
1.927963963999999919e+01,-5.422784349700000206e+01,-5.758217054100000354e+01,-3.428033539599999813e+01,-3.746066488400000338e+01,-4.519348113099999864e+01
1.929964964999999921e+01,-4.600703063800000336e+01,-5.308237035999999875e+01,-2.736868933299999895e+01,-3.893400654599999910e+01,-5.701960685400000273e+01
1.931965965999999923e+01,-4.393762546699999660e+01,-2.631329115699999832e+01,-2.705236070200000142e+01,-2.402873441399999876e+01,-2.690767465200000075e+01
1.933966966999999926e+01,-5.099828330300000090e+01,-3.453219343500000349e+01,-3.036235526700000165e+01,-3.253870832300000160e+01,-3.420939853699999844e+01
1.935967967999999928e+01,-4.654082853500000283e+01,-5.247135031700000241e+01,-4.206585254400000196e+01,-3.225173197899999877e+01,-3.750267082900000304e+01
1.937968968999999930e+01,-4.136093302700000152e+01,-4.276272879599999754e+01,-2.719956946699999989e+01,-3.772731768700000288e+01,-2.660364537799999951e+01
1.939969969999999932e+01,-3.123710962699999882e+01,-5.013338446200000220e+01,-4.151388404000000065e+01,-2.660599773499999898e+01,-5.276169532800000184e+01
1.941970970999999935e+01,-4.061710020499999985e+01,-4.546047560499999918e+01,-2.762072896900000174e+01,-3.498416583299999871e+01,-3.466868924900000337e+01
1.943971971999999937e+01,-3.444562187599999703e+01,-2.803254320899999996e+01,-3.119909544700000126e+01,-2.908088555899999861e+01,-2.856090153399999920e+01
1.945972972999999939e+01,-3.879791753500000340e+01,-4.638506802799999917e+01,-3.329783096700000300e+01,-3.076473080599999932e+01,-3.566246160099999685e+01
1.947973973999999941e+01,-3.985547991600000017e+01,-4.044523000400000257e+01,-3.220127152799999948e+01,-2.486730282199999920e+01,-2.642843394399999823e+01
1.949974974999999944e+01,-3.309087143400000031e+01,-4.145977474200000046e+01,-2.201265980799999866e+01,-3.160599259600000011e+01,-3.434801048500000320e+01
1.951975975999999946e+01,-4.406862465700000087e+01,-4.273247837299999929e+01,-2.696532374599999926e+01,-3.875596210799999852e+01,-3.708647241399999928e+01
1.953976976999999948e+01,-3.874953020600000286e+01,-3.190123957500000174e+01,9.978764617899999578e+00,1.267952558800000018e+00,-6.443044252599999799e-01
1.955977977999999950e+01,-5.057334711499999713e+01,-3.723839726700000341e+01,-2.579147393199999883e+01,-4.193560358799999932e+01,-4.584502969999999777e+01
1.957978978999999953e+01,-5.108349565700000028e+01,-6.172329229900000058e+01,-3.254423038699999893e+01,-4.942077566300000058e+01,-3.778460045300000303e+01
1.959979979999999955e+01,-3.132749283800000129e+01,-4.120076480000000174e+01,-3.515521641099999783e+01,-3.257032209199999784e+01,-3.472021424799999778e+01
1.961980980999999957e+01,-3.652219614700000250e+01,-3.279750299300000194e+01,-2.467230313800000019e+01,-3.168612003699999846e+01,-3.028657695100000069e+01
1.963981981999999959e+01,-4.046137340700000351e+01,-3.969385655899999676e+01,-3.321207348699999784e+01,-3.122201217799999995e+01,-3.398337459799999749e+01
1.965982982999999962e+01,-3.563744242700000342e+01,-2.554231684299999827e+01,-1.896464839400000102e+01,-1.825958198900000085e+01,-6.939465555600000002e+00
1.967983983999999964e+01,-5.501276379400000138e+01,-5.287957777999999820e+01,-2.752399216299999907e+01,-4.050760873800000184e+01,-3.527402467299999955e+01
1.969984984999999966e+01,-4.274966933799999680e+01,-5.284521452399999930e+01,-4.435650454200000325e+01,-4.365313356499999742e+01,-4.135923217199999868e+01
1.971985985999999968e+01,-2.758745382700000093e+01,-4.441366097099999877e+01,-3.842043341600000161e+01,-3.208443361199999799e+01,-3.762209198200000060e+01
1.973986986999999971e+01,-4.639896365500000286e+01,-4.459768418099999820e+01,-2.604723450199999846e+01,-2.579765648000000056e+01,-4.915956264999999803e+01
1.975987987999999973e+01,-6.602372930900000370e+01,-4.090775917199999867e+01,-3.097779619900000014e+01,-3.824435806700000029e+01,-2.970499129199999899e+01
1.977988988999999975e+01,-3.729302326500000220e+01,-3.112080778900000055e+01,-3.936772462900000136e+01,-3.278243619199999870e+01,-2.040640842599999871e+01
1.979989989999999977e+01,-5.476895332000000138e+01,-8.067823417500000005e+01,-2.005203248000000116e+01,-3.122943994699999948e+01,-3.018587262100000146e+01
1.981990990999999980e+01,-3.978968807599999735e+01,-3.109932386099999846e+01,-1.815797452900000053e+01,-2.441824524500000138e+01,-2.448444167399999927e+01
1.983991991999999982e+01,-2.982386115599999954e+01,-3.725526287699999983e+01,-3.126925143700000120e+01,-3.166127304999999836e+01,-3.245672043399999751e+01
1.985992992999999984e+01,-4.291405782399999680e+01,-4.936376265399999852e+01,-2.921784021999999936e+01,-3.202064747200000028e+01,-3.644370420599999960e+01
1.987993993999999986e+01,-3.079430656199999916e+01,-3.057458305899999829e+01,-3.085798863200000142e+01,-3.442046710399999654e+01,-3.180738248700000170e+01
1.989994994999999989e+01,-5.200901548200000235e+01,-4.630011302500000170e+01,-2.183287668999999909e+01,-2.873458510500000074e+01,-2.877799544200000170e+01
1.991995995999999991e+01,-4.849759529800000024e+01,-4.111808448000000027e+01,-1.056092495300000067e+01,-6.636462641399999640e+00,-2.478559948499999877e+01
1.993996996999999993e+01,-3.599244654599999649e+01,-3.105308288299999830e+01,-3.390461166899999768e+01,-3.878535904900000020e+01,-2.595639520800000000e+01
1.995997997999999995e+01,-3.311258504300000283e+01,-5.266101615699999883e+01,-2.501484896499999877e+01,-3.738724910999999906e+01,-5.931854125600000316e+01
1.997998998999999998e+01,-3.639380327300000317e+01,-5.317111168000000276e+01,-2.684661437500000147e+01,-5.504547911800000293e+01,-4.475331665699999917e+01
2.000000000000000000e+01,-1.583616592399999945e+01,-1.656418577399999847e+01,-2.167697083499999877e+01,-2.823386729099999926e+01,-2.794207332499999907e+01
