freq_GHz,S21_dB,S31_dB,S41_dB,S51_dB,S61_dB
1.000000000000000021e-02,-7.473356905699999686e+01,-7.376345816900000329e+01,-7.005042298099999698e+01,-7.181956872599999997e+01,-7.507335828499999764e+01
3.001001001000000099e-02,-7.929955503799999406e+01,-7.437960136300000613e+01,-7.545895013199999823e+01,-7.807576576200000318e+01,-7.290355369099999905e+01
5.002002002000000003e-02,-7.956239726100000098e+01,-8.349978989699999943e+01,-8.693905847700000322e+01,-8.323486378799999841e+01,-7.776117313800000375e+01
7.003003002999999560e-02,-7.840306046800000672e+01,-7.357623274899999899e+01,-7.413738879500000678e+01,-8.507335496499999294e+01,-8.581684320899999818e+01
9.004004004000000505e-02,-8.400944181600000604e+01,-8.174313827800000354e+01,-8.678732843100000593e+01,-7.997930466900000113e+01,-8.526446473400000059e+01
1.100500500500000006e-01,-9.098626366000000587e+01,-9.147418638400000646e+01,-7.911457225200000209e+01,-8.201383603799999378e+01,-8.083661886299999821e+01
1.300600600600000101e-01,-7.752065140300000223e+01,-8.958200717299999383e+01,-7.902804977099999917e+01,-7.657440874099999917e+01,-7.634829408299999898e+01
1.500700700700000056e-01,-8.593646828299999640e+01,-9.020351096800000334e+01,-8.457602169000000458e+01,-8.331577344699999799e+01,-7.716579371299999934e+01
1.700800800800000012e-01,-8.150454338299999790e+01,-7.450885688900000048e+01,-7.921659440800000596e+01,-7.627339514599999859e+01,-7.502048706899999786e+01
1.900900900899999968e-01,-7.283825314000000617e+01,-8.508494737300000565e+01,-7.813733719799999733e+01,-7.944532359999999471e+01,-8.031909251999999810e+01
2.101001000999999924e-01,-8.045879113799999516e+01,-7.705519334400000275e+01,-8.580306125799999961e+01,-7.975953660599999751e+01,-7.855946466999999700e+01
2.301101101100000157e-01,-8.227998976799999298e+01,-7.716955888100000038e+01,-8.804130126399999767e+01,-9.358908639999999934e+01,-7.668300358300000141e+01
2.501201201200000113e-01,-9.074608024399999806e+01,-9.141907828799999436e+01,-7.468504790100000434e+01,-8.025466010600000288e+01,-7.503162610699999391e+01
2.701301301299999791e-01,-8.865329020000000071e+01,-7.689727302800000075e+01,-7.827464040899999986e+01,-7.964728061600000331e+01,-7.202640864100000329e+01
2.901401401400000024e-01,-7.701669276699999500e+01,-7.793534864599999423e+01,-8.076406656000000339e+01,-7.830508139699999504e+01,-7.224897837400000356e+01
3.101501501499999702e-01,-7.714326380200000699e+01,-8.045641148299999657e+01,-9.134319073100000708e+01,-7.506875856800000690e+01,-7.747854839400000060e+01
3.301601601600000491e-01,-8.502372723300000246e+01,-8.185158505299999376e+01,-8.177613030800000615e+01,-8.804907337500000608e+01,-7.473414247499999874e+01
3.501701701700000169e-01,-9.792195552500000133e+01,-8.275582140400000242e+01,-8.079461047799999562e+01,-8.153374621899999397e+01,-7.258635343900000692e+01
3.701801801799999847e-01,-8.287942379199999721e+01,-7.547179970400000570e+01,-7.486335821299999793e+01,-8.559749998300000584e+01,-6.878942227299999956e+01
3.901901901900000080e-01,-7.664560095800000283e+01,-8.721097230300000547e+01,-7.669533288700000639e+01,-8.677655576600000131e+01,-7.248490199799999800e+01
4.102002001999999758e-01,-7.620423996899999963e+01,-8.777634499399999868e+01,-7.887802884399999925e+01,-7.693139487999999915e+01,-7.288140493999999592e+01
4.302102102099999992e-01,-7.378516440999999304e+01,-7.151047137400000508e+01,-7.754374664799999550e+01,-7.917663041100000498e+01,-7.195052375599999550e+01
4.502202202200000225e-01,-8.152660000299999865e+01,-7.750087363000000096e+01,-7.309530294900000058e+01,-7.671289840999999399e+01,-7.405233482600000627e+01
4.702302302300000458e-01,-7.890526250199999936e+01,-7.372098201800000083e+01,-7.732284210699999960e+01,-7.389193427899999733e+01,-6.746955930299999693e+01
4.902402402400000136e-01,-8.460967934999999329e+01,-7.539825532199999714e+01,-7.815523082699999691e+01,-8.085035571299999901e+01,-6.982806412300000432e+01
5.102502502500000370e-01,-7.708995529099999544e+01,-7.573309146900000144e+01,-8.066556391000000303e+01,-9.180830672800000514e+01,-6.593580981499999893e+01
5.302602602599999493e-01,-7.064853807100000438e+01,-8.041127751400000534e+01,-7.228959790300000066e+01,-8.080803722599999617e+01,-6.347721841300000278e+01
5.502702702699999726e-01,-7.100085224199999345e+01,-8.351461519199999373e+01,-7.999019599899999378e+01,-6.947250040299999796e+01,-5.957228174000000109e+01
5.702802802799999959e-01,-6.926217112700000200e+01,-7.992974108699999647e+01,-6.734942144199999348e+01,-8.348870633800000007e+01,-5.752146747599999799e+01
5.902902902899999082e-01,-7.164302842700000440e+01,-7.237987181200000464e+01,-6.288022757699999943e+01,-7.174926721999999302e+01,-5.513926960999999949e+01
6.103003002999999316e-01,-6.971622856999999840e+01,-8.321660208900000555e+01,-6.124007640100000316e+01,-6.964319855399999426e+01,-5.258250360899999976e+01
6.303103103099999549e-01,-7.169193645999999376e+01,-7.369034904199999403e+01,-6.300046737800000329e+01,-6.533803882499999816e+01,-5.196842537900000281e+01
6.503203203200000893e-01,-6.495031107699999495e+01,-7.571356668100000320e+01,-5.773192888700000225e+01,-6.367978810299999992e+01,-4.966803399799999852e+01
6.703303303300000016e-01,-6.517659736999999609e+01,-6.947349474499999644e+01,-5.775849895099999998e+01,-6.307210905099999820e+01,-4.720857200199999681e+01
6.903403403400000249e-01,-7.062135018499999717e+01,-6.789594962799999678e+01,-5.619939882399999931e+01,-6.241560727699999944e+01,-4.565552805800000158e+01
7.103503503500000482e-01,-6.646874379599999827e+01,-7.246175392799999315e+01,-5.515569282799999939e+01,-6.443506799399999352e+01,-4.536909263799999792e+01
7.303603603599999605e-01,-6.188139291800000308e+01,-8.082632371500000090e+01,-5.384088899599999678e+01,-6.913085783600000411e+01,-4.466493600900000160e+01
7.503703703699999839e-01,-6.153641032400000199e+01,-6.895918233700000144e+01,-5.307568736500000028e+01,-7.551584695100000033e+01,-4.447305251899999945e+01
7.703803803800000072e-01,-6.174623579400000040e+01,-7.158046880300000225e+01,-5.178864462899999666e+01,-7.345140824099999577e+01,-4.403476398099999756e+01
7.903903903900000305e-01,-5.889027977700000349e+01,-5.884914150699999880e+01,-5.087390617599999842e+01,-6.839623030100000278e+01,-4.361235660399999858e+01
8.104004003999999428e-01,-5.831898744400000112e+01,-5.916471954600000061e+01,-5.119199668000000258e+01,-6.689428771199999346e+01,-4.366721053700000255e+01
8.304104104099999661e-01,-5.541275257099999862e+01,-6.208778331999999978e+01,-5.044456351299999852e+01,-6.745174147800000242e+01,-4.367559768699999978e+01
8.504204204199999895e-01,-5.589424573499999838e+01,-6.161967332599999736e+01,-4.982372106199999706e+01,-6.694612091999999848e+01,-4.239811570799999885e+01
8.704304304299999018e-01,-5.546445925700000146e+01,-6.029585059200000074e+01,-4.928885668800000275e+01,-6.110763933999999864e+01,-4.214033712399999843e+01
8.904404404400000361e-01,-5.432707133200000271e+01,-5.715484653499999723e+01,-4.909731865900000258e+01,-5.915704715900000110e+01,-4.130616459400000196e+01
9.104504504500000595e-01,-5.340852272800000122e+01,-5.687488585900000260e+01,-4.930129831400000029e+01,-6.263443580999999938e+01,-4.125733357000000012e+01
9.304604604600000828e-01,-5.291749990099999934e+01,-5.886535451599999647e+01,-4.855161451299999698e+01,-6.127779551900000143e+01,-4.089883514299999945e+01
9.504704704699999951e-01,-5.348171902100000352e+01,-6.086432530799999796e+01,-4.938793060700000126e+01,-6.204468739299999669e+01,-4.162690162199999833e+01
9.704804804800000184e-01,-5.827547086999999948e+01,-5.832046296699999743e+01,-4.906096930300000025e+01,-6.337046351400000077e+01,-4.226390386100000285e+01
9.904904904900000417e-01,-5.903207080399999995e+01,-5.867047163800000220e+01,-4.893316688899999889e+01,-6.161513556100000244e+01,-4.322274199200000311e+01
1.010500500500000065e+00,-5.969692099200000257e+01,-6.158043734400000346e+01,-4.955842937799999959e+01,-5.984609839600000214e+01,-4.322465444099999843e+01
1.030510510500000088e+00,-6.001639303799999681e+01,-6.362754976400000118e+01,-5.035325001300000025e+01,-5.873701986500000061e+01,-4.376188805099999968e+01
1.050520520500000110e+00,-6.312505022199999871e+01,-7.055786873700000683e+01,-4.984473947400000071e+01,-6.499905834400000515e+01,-4.262989361900000063e+01
1.070530530499999911e+00,-6.493168611900000542e+01,-6.216682068699999775e+01,-5.109107426100000282e+01,-6.286568108000000166e+01,-4.304438841000000338e+01
1.090540540499999933e+00,-6.961816374800000062e+01,-6.227099644399999789e+01,-5.024011595799999697e+01,-6.678682381100000498e+01,-4.236184488699999662e+01
1.110550550599999964e+00,-6.861248313699999812e+01,-6.947962531400000330e+01,-4.876056241100000221e+01,-6.178989289799999796e+01,-4.193846385900000229e+01
1.130560560599999986e+00,-7.602547562899999889e+01,-6.084055963800000200e+01,-4.861686571100000265e+01,-7.331642806700000392e+01,-4.118278779999999983e+01
1.150570570600000009e+00,-6.355408362400000044e+01,-6.707515449900000704e+01,-5.177821925199999953e+01,-7.068888549700000112e+01,-4.105435907300000054e+01
1.170580580599999809e+00,-6.739003062999999827e+01,-5.991892740099999770e+01,-5.112154224100000022e+01,-6.361013149099999708e+01,-4.127756074399999875e+01
1.190590590599999832e+00,-6.430699824900000294e+01,-6.830130896599999346e+01,-4.868259246000000218e+01,-6.541629858700000000e+01,-4.094269067900000181e+01
1.210600600599999854e+00,-6.459934871000000101e+01,-6.580941704200000686e+01,-4.911450662499999709e+01,-7.391192674900000270e+01,-3.990270789899999926e+01
1.230610610599999877e+00,-6.531861947500000554e+01,-6.540808486599999583e+01,-4.710307499000000320e+01,-5.926698341400000203e+01,-3.965029610999999932e+01
1.250620620599999899e+00,-6.134161150300000287e+01,-7.060136660999999947e+01,-4.666067111400000300e+01,-5.824995910100000174e+01,-3.886194200999999993e+01
1.270630630599999922e+00,-6.136864886499999727e+01,-6.664766266300000552e+01,-4.474516129300000244e+01,-5.843490196100000134e+01,-3.826787525799999656e+01
1.290640640599999944e+00,-6.296612833900000084e+01,-8.378561376199999700e+01,-4.404470974800000249e+01,-6.166867944700000237e+01,-3.761390408700000165e+01
1.310650650699999975e+00,-5.603792121499999723e+01,-6.220599023700000174e+01,-4.345162892300000124e+01,-5.941283268899999825e+01,-3.703492936199999974e+01
1.330660660699999998e+00,-5.845738482899999866e+01,-6.739493013199999893e+01,-4.384100964499999975e+01,-5.668445977700000071e+01,-3.685747256999999877e+01
1.350670670700000020e+00,-5.796422711000000305e+01,-5.790414447500000250e+01,-4.418018492800000274e+01,-5.690498831200000041e+01,-3.616786850599999781e+01
1.370680680700000043e+00,-5.533388510999999710e+01,-5.700953136999999771e+01,-4.365443196999999742e+01,-6.002408735699999909e+01,-3.520331105700000052e+01
1.390690690700000065e+00,-5.558004506000000333e+01,-5.918791697799999696e+01,-4.275158464799999791e+01,-6.034281619699999766e+01,-3.448333525599999660e+01
1.410700700700000088e+00,-5.429704850899999968e+01,-5.906555365199999841e+01,-4.157454203300000017e+01,-5.500672399300000137e+01,-3.404413310399999659e+01
1.430710710700000110e+00,-5.757147267599999907e+01,-5.893185121500000179e+01,-4.068517457400000126e+01,-5.548112953300000072e+01,-3.321482967200000047e+01
1.450720720700000133e+00,-5.578393769600000240e+01,-5.876529676700000238e+01,-3.967974243399999779e+01,-5.703740818400000023e+01,-3.262064701999999983e+01
1.470730730700000155e+00,-5.394370911899999754e+01,-5.596192937600000050e+01,-3.869222601300000264e+01,-5.974528665599999755e+01,-3.196929769500000162e+01
1.490740740699999956e+00,-5.185513539800000160e+01,-5.315246116800000209e+01,-3.722841738399999656e+01,-5.586093488800000273e+01,-3.153127208300000106e+01
1.510750750799999986e+00,-5.142236076700000069e+01,-5.383214925600000100e+01,-3.575175785100000070e+01,-5.775785339600000157e+01,-3.091612578100000164e+01
1.530760760800000009e+00,-5.104148029099999917e+01,-5.366663186899999971e+01,-3.460530717599999662e+01,-6.660250652400000604e+01,-2.992558317599999995e+01
1.550770770800000031e+00,-5.072348154699999867e+01,-5.436984443099999709e+01,-3.360067092999999971e+01,-7.425539454299999420e+01,-2.900323625000000050e+01
1.570780780800000054e+00,-5.018728930000000332e+01,-5.423338686299999978e+01,-3.330416106700000256e+01,-6.162689266499999974e+01,-2.843413743800000049e+01
1.590790790799999854e+00,-5.180057048300000133e+01,-5.556820401800000297e+01,-3.239952019500000091e+01,-5.820590270099999941e+01,-2.819048469000000168e+01
1.610800800799999877e+00,-5.024479999300000088e+01,-6.053448720800000160e+01,-3.184494690800000072e+01,-5.461921000699999951e+01,-2.798068143400000096e+01
1.630810810799999899e+00,-4.692603794600000100e+01,-5.506308871000000238e+01,-3.100554253099999968e+01,-5.355883456200000126e+01,-2.796306135900000100e+01
1.650820820799999922e+00,-4.575273094599999979e+01,-5.163149424800000276e+01,-3.059787314300000105e+01,-5.412519564000000116e+01,-2.752168997500000103e+01
1.670830830799999944e+00,-4.363721068200000275e+01,-4.891818159099999974e+01,-3.003524512199999918e+01,-5.547486325700000265e+01,-2.683873596500000147e+01
1.690840840799999967e+00,-4.401129413900000031e+01,-4.967505710199999669e+01,-2.918458022900000159e+01,-5.592534659500000060e+01,-2.664618261800000099e+01
1.710850850899999998e+00,-4.154487545399999959e+01,-4.813383978000000241e+01,-2.884120090200000064e+01,-6.087413998099999901e+01,-2.622350428000000022e+01
1.730860860900000020e+00,-4.086569202100000098e+01,-4.828222399399999887e+01,-2.913658108099999922e+01,-6.066738337900000033e+01,-2.594084122299999962e+01
1.750870870900000043e+00,-4.106668286400000056e+01,-5.188193811000000011e+01,-3.005529039700000027e+01,-5.721554196499999989e+01,-2.567782271700000152e+01
1.770880880900000065e+00,-4.070766505699999982e+01,-5.580350939200000226e+01,-3.035134991500000012e+01,-5.366612093700000230e+01,-2.585077064500000077e+01
1.790890890900000088e+00,-4.116989696000000265e+01,-5.177770768500000287e+01,-3.048052968200000024e+01,-5.377166857499999963e+01,-2.636083640300000042e+01
1.810900900900000110e+00,-4.117541594499999746e+01,-4.996147596099999788e+01,-3.138398648700000138e+01,-5.117338048399999906e+01,-2.712819968999999887e+01
1.830910910900000133e+00,-4.159343065800000261e+01,-4.895442109599999725e+01,-3.160405528800000141e+01,-5.099995306099999937e+01,-2.869764732499999838e+01
1.850920920900000155e+00,-4.440696441699999752e+01,-5.199289190300000030e+01,-3.279550868199999769e+01,-5.174238927500000074e+01,-3.042410686499999883e+01
1.870930930900000178e+00,-4.644960199300000170e+01,-6.011733623100000301e+01,-3.368656625300000229e+01,-5.422595731199999847e+01,-3.196993426099999880e+01
1.890940940900000200e+00,-4.859018721399999663e+01,-7.455871912000000634e+01,-3.430256905299999914e+01,-6.121780013499999740e+01,-3.274545483400000023e+01
1.910950951000000009e+00,-5.011963148600000295e+01,-6.055376943800000333e+01,-3.456720096400000131e+01,-6.200236261100000235e+01,-3.297303448099999912e+01
1.930960961000000031e+00,-5.161230485200000118e+01,-5.374800455500000140e+01,-3.461351159699999869e+01,-6.114788806300000346e+01,-3.223279035299999862e+01
1.950970971000000054e+00,-5.444409796299999726e+01,-5.543873368399999890e+01,-3.416991768700000165e+01,-5.839360328600000116e+01,-3.128123593899999833e+01
1.970980981000000076e+00,-5.554979626600000131e+01,-5.404048943000000094e+01,-3.413231334799999672e+01,-5.662105805600000252e+01,-3.062549105900000157e+01
1.990990991000000099e+00,-5.550546810899999883e+01,-5.399359238600000310e+01,-3.394743783799999903e+01,-5.621004374000000325e+01,-3.051456102699999917e+01
2.011001000999999899e+00,-5.466003783299999697e+01,-5.876162465299999837e+01,-3.399289505400000166e+01,-6.043282196900000258e+01,-3.024586739700000138e+01
2.031011010999999922e+00,-5.267936482900000073e+01,-6.003918044699999967e+01,-3.449133656400000092e+01,-5.491033651800000115e+01,-3.064588628499999956e+01
2.051021020999999944e+00,-5.232373641299999889e+01,-5.527761633499999760e+01,-3.398342405999999727e+01,-5.763715446900000217e+01,-3.076968371699999949e+01
2.071031030999999967e+00,-5.466557529699999662e+01,-5.320827055800000238e+01,-3.345639586000000065e+01,-5.623889128700000128e+01,-3.118356099200000031e+01
2.091041040999999989e+00,-5.224161540000000059e+01,-5.219590220100000266e+01,-3.305987309199999657e+01,-6.121196736899999991e+01,-3.130027571800000175e+01
2.111051051100000020e+00,-4.929297672599999913e+01,-5.182738945199999847e+01,-3.314578608800000126e+01,-6.771447617399999785e+01,-3.134858347500000164e+01
2.131061061100000043e+00,-4.917435408499999738e+01,-5.011466369299999712e+01,-3.316924252500000136e+01,-5.957877642799999762e+01,-3.194162797999999981e+01
2.151071071100000065e+00,-4.563033120000000054e+01,-5.091487470900000289e+01,-3.357669257199999890e+01,-5.774825573700000092e+01,-3.249784295100000264e+01
2.171081081100000088e+00,-4.459708571400000210e+01,-5.215980702499999921e+01,-3.371572589299999834e+01,-5.518021082799999988e+01,-3.291262601199999693e+01
2.191091091100000110e+00,-4.485061931199999918e+01,-5.121943901800000276e+01,-3.383645643300000216e+01,-5.572458754800000236e+01,-3.328016747699999911e+01
2.211101101099999688e+00,-4.401211059199999909e+01,-5.064504322700000216e+01,-3.376563634699999739e+01,-6.419163124300000334e+01,-3.347450812200000314e+01
2.231111111099999711e+00,-4.376534557699999795e+01,-5.186339570100000174e+01,-3.328348504600000268e+01,-6.730293062699999496e+01,-3.282015334100000103e+01
2.251121121099999733e+00,-4.357923877599999685e+01,-5.084047354599999835e+01,-3.359755527499999772e+01,-7.428176663200000007e+01,-3.241821841899999868e+01
2.271131131099999756e+00,-4.475740096799999890e+01,-5.335767072899999874e+01,-3.348749005500000209e+01,-7.751293254700000546e+01,-3.201807373100000120e+01
2.291141141099999778e+00,-4.401560104400000029e+01,-5.094045806999999826e+01,-3.358351902500000108e+01,-6.109594066399999690e+01,-3.126866590399999879e+01
2.311151151199999809e+00,-4.529742965399999832e+01,-5.063352761499999843e+01,-3.359622187400000115e+01,-6.887168239899999378e+01,-3.033461396199999882e+01
2.331161161199999832e+00,-4.590381743700000072e+01,-4.913361342799999676e+01,-3.321148994100000351e+01,-6.203541983899999934e+01,-2.925091185899999857e+01
2.351171171199999854e+00,-4.578390373999999952e+01,-4.773808974100000313e+01,-3.213023133099999740e+01,-5.697347988700000343e+01,-2.835885352100000034e+01
2.371181181199999877e+00,-4.487862288099999830e+01,-4.824528320099999945e+01,-3.153543660600000109e+01,-6.039606045400000056e+01,-2.743225745999999887e+01
2.391191191199999899e+00,-4.603359792900000258e+01,-4.595119269300000298e+01,-3.139148386500000143e+01,-5.811065069299999664e+01,-2.683711309899999975e+01
2.411201201199999922e+00,-4.569733556100000271e+01,-4.645038126499999720e+01,-3.124639315399999973e+01,-5.270350851999999975e+01,-2.653047894099999837e+01
2.431211211199999944e+00,-4.700788807400000024e+01,-4.942772024700000344e+01,-3.093962731999999960e+01,-5.188305167000000040e+01,-2.648702112100000150e+01
2.451221221199999967e+00,-4.618261685299999897e+01,-4.977019480500000270e+01,-3.065876582299999953e+01,-5.336571051199999971e+01,-2.625623248400000165e+01
2.471231231199999989e+00,-4.788293261199999762e+01,-4.862477850300000171e+01,-3.044993926500000114e+01,-5.324868922699999985e+01,-2.609615472799999836e+01
2.491241241200000012e+00,-4.804675411299999865e+01,-4.784974582400000287e+01,-3.006501278800000065e+01,-5.252135347200000126e+01,-2.609613670199999902e+01
2.511251251300000042e+00,-4.663268904000000248e+01,-4.824103120899999908e+01,-3.008202900999999940e+01,-5.213823088400000216e+01,-2.631559765600000134e+01
2.531261261300000065e+00,-4.621763766499999804e+01,-4.670025572899999844e+01,-3.035155502499999969e+01,-5.451546103700000145e+01,-2.653086159500000107e+01
2.551271271300000087e+00,-4.712454835199999792e+01,-4.859443007499999823e+01,-3.067913668599999966e+01,-5.171697454099999902e+01,-2.665041160699999878e+01
2.571281281300000110e+00,-4.841109407799999786e+01,-4.948850444199999998e+01,-3.070154028099999977e+01,-5.696038943599999982e+01,-2.700956729400000000e+01
2.591291291300000132e+00,-4.732124822200000125e+01,-4.968867436499999712e+01,-3.097024422100000152e+01,-5.725916061400000245e+01,-2.737802847700000086e+01
2.611301301300000155e+00,-4.933537219000000107e+01,-4.836827638599999801e+01,-3.107258384600000056e+01,-5.751050314700000143e+01,-2.787508013900000137e+01
2.631311311300000177e+00,-5.374153915899999845e+01,-4.696170729600000016e+01,-3.132588925499999988e+01,-5.479804056199999707e+01,-2.818724017899999978e+01
2.651321321300000200e+00,-5.204520936800000186e+01,-4.793353101000000294e+01,-3.120097230500000052e+01,-5.550132264700000206e+01,-2.863302317699999833e+01
2.671331331300000222e+00,-5.076945548700000188e+01,-4.734459489799999687e+01,-3.135104408699999823e+01,-5.396896310799999696e+01,-2.881973093599999913e+01
2.691341341300000245e+00,-5.211559447199999795e+01,-4.632302447000000001e+01,-3.149334355399999907e+01,-5.241888559400000247e+01,-2.917606306400000094e+01
2.711351351400000276e+00,-5.223650191400000153e+01,-4.751953015299999805e+01,-3.124361810099999914e+01,-5.249310460299999903e+01,-2.930419111200000160e+01
2.731361361400000298e+00,-5.511746586299999962e+01,-5.219680081399999949e+01,-3.150860933799999941e+01,-5.127733109100000064e+01,-2.951974551300000016e+01
2.751371371399999877e+00,-5.531026603899999827e+01,-4.892463109999999915e+01,-3.143686383600000056e+01,-5.301420200799999805e+01,-2.942732737800000109e+01
2.771381381399999899e+00,-5.857130499699999859e+01,-5.165336245600000353e+01,-3.126615024999999903e+01,-5.406748261900000330e+01,-2.956754240500000108e+01
2.791391391399999922e+00,-6.423456240100000514e+01,-5.278341100800000163e+01,-3.105938626300000038e+01,-6.069238832300000297e+01,-2.974626869000000084e+01
2.811401401399999944e+00,-6.361035365499999727e+01,-5.624788296599999882e+01,-3.116254473300000072e+01,-6.149648009599999909e+01,-2.987042182700000126e+01
2.831411411399999967e+00,-6.416875452700000437e+01,-5.399259124999999671e+01,-3.075574320899999847e+01,-5.696587230099999744e+01,-3.004424272600000023e+01
2.851421421399999989e+00,-6.025459482200000139e+01,-5.620443627000000220e+01,-3.028331594899999857e+01,-6.306782274999999771e+01,-3.019381365299999942e+01
2.871431431400000012e+00,-5.344367941299999814e+01,-6.305355404499999850e+01,-2.991027048500000163e+01,-5.577137245200000137e+01,-3.050885191500000104e+01
2.891441441400000034e+00,-5.594734107899999742e+01,-6.134731187100000227e+01,-2.948717349600000048e+01,-5.391555836100000221e+01,-3.102272888499999937e+01
2.911451451500000065e+00,-5.567597128199999901e+01,-6.656235164500000678e+01,-2.947044588500000017e+01,-5.752505850499999696e+01,-3.139221544600000158e+01
2.931461461500000087e+00,-5.229615095900000199e+01,-6.597260744400000476e+01,-2.931515581000000026e+01,-5.630025714399999970e+01,-3.150907867999999823e+01
2.951471471500000110e+00,-5.145460619400000013e+01,-7.104863013099999591e+01,-2.921288898999999972e+01,-5.627298470800000274e+01,-3.197400038900000041e+01
2.971481481500000132e+00,-5.031885632800000252e+01,-6.466720821299999500e+01,-2.908763176800000139e+01,-5.938312875999999818e+01,-3.239861226000000016e+01
2.991491491500000155e+00,-5.267668966299999767e+01,-5.520930228999999656e+01,-2.875701626200000049e+01,-5.458544614800000261e+01,-3.276995207899999940e+01
3.011501501500000177e+00,-4.821091373099999799e+01,-5.853840633600000132e+01,-2.859445580499999906e+01,-5.289961139500000087e+01,-3.370874195700000087e+01
3.031511511500000200e+00,-5.115185793799999914e+01,-5.646528556700000223e+01,-2.861108178899999999e+01,-5.301937751700000234e+01,-3.373269959999999656e+01
3.051521521499999778e+00,-4.920108537899999845e+01,-5.698198455099999649e+01,-2.830499657900000088e+01,-5.476603126500000229e+01,-3.448863477799999799e+01
3.071531531499999801e+00,-4.916199213499999843e+01,-6.127275580199999894e+01,-2.801016208800000129e+01,-5.490559190500000142e+01,-3.498728397400000034e+01
3.091541541499999823e+00,-5.024721564800000095e+01,-5.429873175099999827e+01,-2.765275227100000066e+01,-6.213291474700000094e+01,-3.492178598899999997e+01
3.111551551599999854e+00,-5.244004730599999675e+01,-5.476947569299999685e+01,-2.724503375100000113e+01,-5.887392129999999923e+01,-3.450659293599999700e+01
3.131561561599999877e+00,-4.901005334500000288e+01,-5.654064811599999985e+01,-2.696472890200000094e+01,-5.607328376600000297e+01,-3.431439909499999885e+01
3.151571571599999899e+00,-4.750351344900000328e+01,-6.135667534600000295e+01,-2.683986523100000099e+01,-5.727247515399999855e+01,-3.379788152300000093e+01
3.171581581599999922e+00,-4.874960873900000280e+01,-5.419561956500000122e+01,-2.687838367100000170e+01,-5.756213361399999684e+01,-3.267827931000000063e+01
3.191591591599999944e+00,-4.683162134999999893e+01,-5.488850582999999972e+01,-2.679514224800000122e+01,-5.804211828700000098e+01,-3.145254251500000109e+01
3.211601601599999967e+00,-4.726032334100000298e+01,-5.166211641000000299e+01,-2.676289398700000177e+01,-5.770678834999999651e+01,-3.046507958999999843e+01
3.231611611599999989e+00,-4.704323744100000226e+01,-5.051486414499999711e+01,-2.664024412299999867e+01,-5.720569172100000088e+01,-2.944711990600000107e+01
3.251621621600000012e+00,-4.708156166500000239e+01,-5.152446344399999845e+01,-2.637885202600000056e+01,-5.712722048199999847e+01,-2.842075971199999884e+01
3.271631631600000034e+00,-4.879357771499999785e+01,-5.422646564899999788e+01,-2.623350122200000101e+01,-5.432897396399999934e+01,-2.741812085700000168e+01
3.291641641600000057e+00,-4.792060470300000219e+01,-5.427140072800000326e+01,-2.613757442100000006e+01,-5.723275010399999729e+01,-2.643163212099999981e+01
3.311651651699999643e+00,-4.656631025600000129e+01,-5.273482631800000320e+01,-2.610166305599999959e+01,-5.671385855599999815e+01,-2.575867832400000168e+01
3.331661661699999666e+00,-4.498819206499999979e+01,-5.589988369699999993e+01,-2.604261774700000132e+01,-5.792533040899999719e+01,-2.505698521500000098e+01
3.351671671699999688e+00,-4.554177807199999961e+01,-5.181239149900000029e+01,-2.588485590899999877e+01,-5.573019347999999695e+01,-2.451074840500000107e+01
3.371681681699999711e+00,-4.575223551999999927e+01,-5.869981780399999849e+01,-2.619535470399999966e+01,-5.713555139599999677e+01,-2.379371832300000023e+01
3.391691691699999733e+00,-4.679497544699999878e+01,-5.873049366499999735e+01,-2.669890418700000012e+01,-5.956629276299999987e+01,-2.325886378999999948e+01
3.411701701699999756e+00,-4.447390443700000162e+01,-5.427933390900000177e+01,-2.692925122500000157e+01,-5.441028495900000195e+01,-2.269535160899999937e+01
3.431711711699999778e+00,-4.419424078499999808e+01,-5.152709746400000057e+01,-2.736223799000000056e+01,-5.926892865199999960e+01,-2.232060757300000020e+01
3.451721721699999801e+00,-4.282814947199999978e+01,-5.008673794700000315e+01,-2.778092680399999992e+01,-5.647856716100000085e+01,-2.180895088500000156e+01
3.471731731699999823e+00,-4.217800694600000355e+01,-5.132042524799999939e+01,-2.823327038600000094e+01,-6.094764581700000150e+01,-2.138035927700000016e+01
3.491741741699999846e+00,-4.276248786600000074e+01,-5.279637945599999682e+01,-2.896515448999999975e+01,-5.588620456299999972e+01,-2.099752481999999887e+01
3.511751751800000321e+00,-4.082931642399999816e+01,-5.821753689799999876e+01,-2.970171416499999850e+01,-6.002614674000000150e+01,-2.041859972399999990e+01
3.531761761800000343e+00,-3.991834995600000013e+01,-5.747698594300000252e+01,-3.017072527099999846e+01,-5.559078992300000266e+01,-1.997567084900000012e+01
3.551771771800000366e+00,-3.918940957099999878e+01,-5.060640264100000252e+01,-3.129247782899999919e+01,-5.625321447400000352e+01,-1.974298859600000000e+01
3.571781781800000388e+00,-3.861832131999999973e+01,-5.161802055999999794e+01,-3.266872162199999963e+01,-5.513446774700000219e+01,-1.946853103799999829e+01
3.591791791800000411e+00,-3.824518744200000242e+01,-6.300056252299999926e+01,-3.376044001199999656e+01,-6.923900572499999839e+01,-1.914946677000000008e+01
3.611801801799999989e+00,-3.828574946900000242e+01,-6.540173641900000234e+01,-3.375957252999999980e+01,-5.899828770999999961e+01,-1.899055100200000012e+01
3.631811811800000012e+00,-3.803822483199999738e+01,-5.573869913499999740e+01,-3.467528576099999782e+01,-6.104776130300000148e+01,-1.889285520900000037e+01
3.651821821800000034e+00,-3.833604242300000209e+01,-5.396334562799999901e+01,-3.438744390600000145e+01,-6.012339313500000060e+01,-1.883175112900000059e+01
3.671831831800000057e+00,-3.856451968500000049e+01,-6.192984924099999944e+01,-3.438985555099999658e+01,-6.988166333799999563e+01,-1.852894706800000080e+01
3.691841841800000079e+00,-3.870962928099999800e+01,-7.043463294699999722e+01,-3.453943700300000330e+01,-6.642889280699999688e+01,-1.828598319299999986e+01
3.711851851900000110e+00,-3.800648858099999927e+01,-5.471253303900000020e+01,-3.546621166599999952e+01,-6.260644171599999908e+01,-1.826032032399999849e+01
3.731861861900000132e+00,-3.702111386400000015e+01,-5.700729376999999687e+01,-3.654601258400000319e+01,-6.919065831300000013e+01,-1.825142622099999912e+01
3.751871871900000155e+00,-3.721829997399999712e+01,-5.706377089099999722e+01,-3.709958057699999756e+01,-5.623166453799999687e+01,-1.822938137599999919e+01
3.771881881900000177e+00,-3.683083195900000106e+01,-6.709102875199999971e+01,-3.780850000200000238e+01,-6.267600450300000148e+01,-1.835226402500000020e+01
3.791891891900000200e+00,-3.576010347100000075e+01,-5.550686939999999936e+01,-3.671625025200000181e+01,-7.271506379699999911e+01,-1.848042329700000153e+01
3.811901901900000222e+00,-3.541969132300000211e+01,-5.747570891400000193e+01,-3.584124849300000193e+01,-6.281038433500000195e+01,-1.866217969799999921e+01
3.831911911900000245e+00,-3.510993124899999884e+01,-4.895709974100000039e+01,-3.542514583199999834e+01,-6.564166684799999985e+01,-1.878874210300000058e+01
3.851921921900000267e+00,-3.490882945799999959e+01,-5.420168484700000278e+01,-3.458670896200000300e+01,-6.512670494900000051e+01,-1.886092605300000002e+01
3.871931931900000290e+00,-3.529782090300000164e+01,-5.550337620900000246e+01,-3.431844217799999797e+01,-6.736963300300000412e+01,-1.906289329399999843e+01
3.891941941900000312e+00,-3.513258859500000142e+01,-6.352075300599999963e+01,-3.419159080400000050e+01,-5.630757727900000020e+01,-1.917110641000000015e+01
3.911951951999999899e+00,-3.439336575899999815e+01,-5.568230374099999835e+01,-3.492790841899999776e+01,-5.613877399700000126e+01,-1.931283231100000108e+01
3.931961961999999922e+00,-3.456088292900000170e+01,-5.880877414500000100e+01,-3.403665976100000279e+01,-5.742233801199999732e+01,-1.962074303900000061e+01
3.951971971999999944e+00,-3.477905166299999706e+01,-6.156759686400000220e+01,-3.353697916699999837e+01,-8.048041901999999936e+01,-1.977976644399999984e+01
3.971981981999999967e+00,-3.480586456999999712e+01,-5.478872787499999930e+01,-3.289210147600000056e+01,-8.132290620599999897e+01,-1.999635194100000035e+01
3.991991991999999989e+00,-3.524207559199999906e+01,-5.359658301399999658e+01,-3.210097903199999791e+01,-5.928245120199999718e+01,-2.022536417599999936e+01
4.012002002000000012e+00,-3.597113538100000341e+01,-5.522154369900000148e+01,-3.202127541899999841e+01,-6.483636993499999335e+01,-2.033727288400000077e+01
4.032012012000000034e+00,-3.600508171199999907e+01,-5.616744711999999851e+01,-3.202793489599999788e+01,-6.553801767699999914e+01,-2.071238442499999977e+01
4.052022022000000057e+00,-3.762872122099999928e+01,-5.107117523299999817e+01,-3.159318495300000151e+01,-6.247817679999999996e+01,-2.106812038700000045e+01
4.072032032000000079e+00,-3.822700682100000336e+01,-5.188525480999999928e+01,-3.103278865800000119e+01,-5.950161376999999874e+01,-2.146589170900000099e+01
4.092042042000000102e+00,-3.961021428600000149e+01,-4.977493997700000250e+01,-3.074666716899999841e+01,-5.260186630799999818e+01,-2.179304139499999948e+01
4.112052052100000132e+00,-3.844304122399999812e+01,-4.774067674100000147e+01,-3.132720998899999998e+01,-5.215286415300000300e+01,-2.231806991099999848e+01
4.132062062100000155e+00,-3.908938333900000117e+01,-4.740105290300000007e+01,-3.086974323600000147e+01,-5.379111676899999850e+01,-2.274535580299999893e+01
4.152072072100000177e+00,-4.105094335700000130e+01,-5.196578745600000104e+01,-3.029020035499999963e+01,-5.883196484799999837e+01,-2.314453878699999834e+01
4.172082082100000200e+00,-4.118896438800000226e+01,-5.610161772099999666e+01,-2.982635893300000163e+01,-6.075919093499999946e+01,-2.360811902500000059e+01
4.192092092100000222e+00,-4.288928063699999882e+01,-5.271086380300000229e+01,-2.970709250299999837e+01,-5.898404533099999725e+01,-2.422105462700000089e+01
4.212102102100000245e+00,-4.354348243700000154e+01,-5.041443362500000092e+01,-3.015998948400000046e+01,-5.771307200799999748e+01,-2.475645903599999897e+01
4.232112112100000267e+00,-4.589704672399999907e+01,-5.260684514799999789e+01,-3.021234765199999828e+01,-5.369200261400000329e+01,-2.557069303700000162e+01
4.252122122100000290e+00,-4.537562959299999932e+01,-5.219408057199999718e+01,-2.995071270600000091e+01,-5.955784831100000076e+01,-2.637550466400000104e+01
4.272132132100000312e+00,-4.567604225800000251e+01,-4.843979694099999733e+01,-2.991653550699999897e+01,-5.552429963299999827e+01,-2.693427773200000175e+01
4.292142142100000335e+00,-4.910227381299999649e+01,-4.854671647199999995e+01,-3.012399100900000093e+01,-6.345126055600000115e+01,-2.774074689100000057e+01
4.312152152199999477e+00,-4.543103372000000206e+01,-5.045617036400000188e+01,-3.055069376200000164e+01,-6.393733585100000028e+01,-2.854883818800000128e+01
4.332162162199999500e+00,-4.458627846600000311e+01,-4.951602853899999701e+01,-3.050075415099999887e+01,-5.500448037400000345e+01,-2.896698344800000058e+01
4.352172172199999522e+00,-4.652127554100000140e+01,-5.634407595700000115e+01,-3.081475410599999876e+01,-6.154946066000000116e+01,-2.936699682100000075e+01
4.372182182199999545e+00,-4.826294828799999692e+01,-5.044432709499999845e+01,-3.109916008300000101e+01,-5.623859780800000152e+01,-2.947944311299999853e+01
4.392192192199999567e+00,-4.768598679800000184e+01,-6.068077772499999867e+01,-3.109703330500000007e+01,-5.850926415600000041e+01,-2.912122007800000034e+01
4.412202202199999590e+00,-4.596496068199999741e+01,-5.021601131700000309e+01,-3.144670854199999965e+01,-5.886052378600000168e+01,-2.875640867399999934e+01
4.432212212199999612e+00,-4.374205669999999913e+01,-5.068374777700000067e+01,-3.168900670200000036e+01,-5.727589535599999948e+01,-2.837437826300000054e+01
4.452222222199999635e+00,-4.683524229500000047e+01,-5.024906896499999931e+01,-3.214472684799999769e+01,-5.850496400600000158e+01,-2.801927099899999973e+01
4.472232232199999657e+00,-4.528704184899999774e+01,-4.935547720499999969e+01,-3.176168094599999847e+01,-5.295857583200000107e+01,-2.716626892600000076e+01
4.492242242199999680e+00,-4.432701336600000275e+01,-4.965733225700000020e+01,-3.138552138300000038e+01,-6.677515364900000350e+01,-2.722456738200000004e+01
4.512252252300000599e+00,-4.206333604900000012e+01,-5.427366943599999871e+01,-3.218821308900000133e+01,-5.733035231299999879e+01,-2.658757378099999968e+01
4.532262262300000621e+00,-4.210727545600000354e+01,-5.020969773000000203e+01,-3.251410744300000033e+01,-5.203166068299999836e+01,-2.621047821100000164e+01
4.552272272299999756e+00,-4.143903194300000337e+01,-4.726811265900000336e+01,-3.281746333699999951e+01,-5.640771177399999914e+01,-2.605700576299999938e+01
4.572282282299999778e+00,-4.036341722600000281e+01,-5.060699930199999841e+01,-3.296783729199999868e+01,-5.238749928299999681e+01,-2.579500775600000040e+01
4.592292292299999801e+00,-4.033883243100000016e+01,-4.882661820799999930e+01,-3.327273393400000145e+01,-6.047443573599999667e+01,-2.562858235799999918e+01
4.612302302299999823e+00,-4.027921070699999717e+01,-5.364096631299999984e+01,-3.272272578100000118e+01,-5.794908686600000181e+01,-2.570622887600000084e+01
4.632312312299999846e+00,-4.087015515600000271e+01,-4.518163415600000121e+01,-3.328430165099999982e+01,-5.684540621699999718e+01,-2.532868487700000060e+01
4.652322322299999868e+00,-4.046794218699999846e+01,-4.567936645799999695e+01,-3.335189384699999948e+01,-5.252095024100000131e+01,-2.511780716499999855e+01
4.672332332299999891e+00,-3.979791404299999868e+01,-4.722461845600000174e+01,-3.255842100200000289e+01,-5.374853367800000115e+01,-2.473515121000000150e+01
4.692342342299999913e+00,-4.158828813000000224e+01,-4.686165997500000202e+01,-3.217922700999999819e+01,-5.020924509599999652e+01,-2.422727869399999889e+01
4.712352352399999944e+00,-4.153970181700000097e+01,-4.892371179999999953e+01,-3.184359109100000040e+01,-5.597636980299999721e+01,-2.366019856799999843e+01
4.732362362399999967e+00,-4.150812552499999697e+01,-5.259627745000000232e+01,-3.353653046200000176e+01,-5.303491884000000312e+01,-2.305073056000000165e+01
4.752372372399999989e+00,-4.190542572300000046e+01,-4.852066207400000053e+01,-3.315032843499999871e+01,-5.766420446299999725e+01,-2.274982666300000034e+01
4.772382382400000012e+00,-4.182763276699999722e+01,-4.469058193000000045e+01,-3.260170991500000071e+01,-5.954865660400000138e+01,-2.224958944799999827e+01
4.792392392400000034e+00,-4.181062439499999783e+01,-4.405473815700000273e+01,-3.210468028100000026e+01,-5.709155911900000291e+01,-2.189270996699999827e+01
4.812402402400000057e+00,-4.279392895699999855e+01,-4.523176636800000239e+01,-3.265603542299999873e+01,-5.019094257799999781e+01,-2.158639831099999995e+01
4.832412412399999191e+00,-4.094752931000000018e+01,-4.571542096900000018e+01,-3.191394202600000085e+01,-5.286920160999999752e+01,-2.136179465800000088e+01
4.852422422399999213e+00,-4.184714538400000094e+01,-4.446833506899999833e+01,-3.283941195700000293e+01,-5.794406684300000165e+01,-2.099359766999999977e+01
4.872432432399999236e+00,-4.157659037500000210e+01,-4.329137840599999976e+01,-3.238445231099999688e+01,-5.941944604900000115e+01,-2.073312531399999870e+01
4.892442442399999258e+00,-4.294454107199999982e+01,-4.429239922699999710e+01,-3.157352424799999824e+01,-5.767883598400000267e+01,-2.062351884499999954e+01
4.912452452500000177e+00,-4.325851007400000015e+01,-4.189468161100000287e+01,-3.059898954200000176e+01,-5.577329492100000152e+01,-2.049747807500000008e+01
4.932462462500000200e+00,-4.152837200199999756e+01,-4.444749702699999716e+01,-3.109490217500000142e+01,-5.106858694000000298e+01,-2.025917207899999894e+01
4.952472472500000222e+00,-4.201051493700000350e+01,-4.425865693699999781e+01,-3.074946233800000073e+01,-5.306986070399999988e+01,-2.013544083800000095e+01
4.972482482500000245e+00,-4.071563809399999911e+01,-4.322560288900000103e+01,-2.989187611299999858e+01,-5.736581750199999874e+01,-2.019881302699999992e+01
4.992492492500000267e+00,-3.919929212499999949e+01,-4.193774696599999885e+01,-2.945233565799999909e+01,-5.119981558300000302e+01,-2.023591117899999858e+01
5.012502502500000290e+00,-3.878555713600000132e+01,-4.185506176599999861e+01,-2.899471744399999906e+01,-5.490181332800000291e+01,-2.033013972899999899e+01
5.032512512500000312e+00,-3.979386406199999726e+01,-4.123670718500000021e+01,-2.909815360400000017e+01,-5.387793695999999954e+01,-2.065549443400000129e+01
5.052522522500000335e+00,-3.921396189200000038e+01,-3.968007142999999814e+01,-2.863890018400000059e+01,-5.105087906299999645e+01,-2.095858791799999921e+01
5.072532532500000357e+00,-3.842031520399999778e+01,-4.153673804600000352e+01,-2.816183808399999933e+01,-5.118788938899999863e+01,-2.119426075000000154e+01
5.092542542500000380e+00,-4.056594077199999759e+01,-3.827491887200000065e+01,-2.715443234600000011e+01,-5.786371833599999803e+01,-2.188084924400000020e+01
5.112552552600000411e+00,-4.093766638000000313e+01,-3.872907273799999928e+01,-2.772706913700000086e+01,-5.250913243699999811e+01,-2.248266667400000074e+01
5.132562562600000433e+00,-3.914505229800000308e+01,-3.727736262599999861e+01,-2.699126835299999883e+01,-5.208631693099999893e+01,-2.331387871000000089e+01
5.152572572600000456e+00,-3.984271041800000290e+01,-3.767590464599999933e+01,-2.684681587100000044e+01,-5.026559506499999941e+01,-2.397272526900000145e+01
5.172582582600000478e+00,-4.232224206299999736e+01,-3.740798254599999950e+01,-2.687066580300000140e+01,-5.063528992799999884e+01,-2.529209831600000058e+01
5.192592592600000501e+00,-3.992631725300000056e+01,-3.769008192799999790e+01,-2.665501964099999910e+01,-5.079572860999999762e+01,-2.619702255500000021e+01
5.212602602600000523e+00,-4.016201532200000202e+01,-3.827091863999999788e+01,-2.689410858300000129e+01,-6.421385073899999441e+01,-2.726311152499999935e+01
5.232612612600000546e+00,-4.186803453899999994e+01,-3.844966811900000181e+01,-2.634996054599999837e+01,-5.173813777499999844e+01,-2.926349205700000056e+01
5.252622622600000568e+00,-4.070439738999999690e+01,-3.983303266200000081e+01,-2.686408044899999936e+01,-5.749031672000000270e+01,-3.070024988999999849e+01
5.272632632600000591e+00,-4.298517565400000251e+01,-3.791900865400000242e+01,-2.616570665500000104e+01,-5.568362788000000307e+01,-3.198886488600000177e+01
5.292642642600000613e+00,-4.260709585899999752e+01,-3.953660019299999817e+01,-2.644567632500000087e+01,-5.484946480699999682e+01,-3.248279171899999795e+01
5.312652652699999756e+00,-4.775967145599999952e+01,-3.823728388400000000e+01,-2.619054867499999872e+01,-4.967974938999999779e+01,-3.235853913599999743e+01
5.332662662699999778e+00,-4.766432163599999683e+01,-3.988830818299999947e+01,-2.590073321999999933e+01,-5.301806661599999870e+01,-3.272050944600000122e+01
5.352672672699999801e+00,-5.172110635899999664e+01,-3.921816010399999897e+01,-2.580643072899999879e+01,-5.238038747099999881e+01,-3.342460206799999867e+01
5.372682682699999823e+00,-4.451406078200000138e+01,-3.996762212699999850e+01,-2.557047725900000046e+01,-5.489873788500000273e+01,-3.284320059200000230e+01
5.392692692699999846e+00,-5.313061765399999814e+01,-4.001034464399999990e+01,-2.542292578700000050e+01,-5.729125103500000193e+01,-3.280623398800000246e+01
5.412702702699999868e+00,-5.485642335800000069e+01,-4.098551083499999947e+01,-2.515209432199999995e+01,-5.738559422299999824e+01,-3.215142242699999997e+01
5.432712712699999891e+00,-4.877160546399999674e+01,-4.608688994599999944e+01,-2.476468404799999945e+01,-5.035657588499999804e+01,-3.126906487799999823e+01
5.452722722699999913e+00,-4.872076368599999796e+01,-4.688177383400000053e+01,-2.453553323999999947e+01,-4.946258438200000285e+01,-3.154939049700000098e+01
5.472732732699999936e+00,-4.912616179700000174e+01,-4.709388007500000128e+01,-2.444035324400000064e+01,-5.146185978199999767e+01,-3.055396103400000030e+01
5.492742742699999958e+00,-5.848844505200000299e+01,-4.924594825700000200e+01,-2.429103290000000115e+01,-7.065438267000000394e+01,-2.989982706700000037e+01
5.512752752799999989e+00,-4.982920618600000040e+01,-4.862428094799999911e+01,-2.466190512900000087e+01,-5.189652845199999831e+01,-2.907978159700000020e+01
5.532762762800000012e+00,-5.866392784899999668e+01,-4.894213090600000271e+01,-2.425085680700000168e+01,-5.079078200400000043e+01,-2.861940625600000132e+01
5.552772772800000034e+00,-4.800214899899999921e+01,-5.486166842699999791e+01,-2.443227565300000137e+01,-5.015738801900000254e+01,-2.777046128099999933e+01
5.572782782800000057e+00,-5.388898713300000054e+01,-5.016793844200000052e+01,-2.443831067200000007e+01,-5.238328889299999958e+01,-2.694885206000000011e+01
5.592792792800000079e+00,-5.926247686399999992e+01,-5.137966836900000089e+01,-2.498883016599999962e+01,-5.948200458699999871e+01,-2.613052777000000049e+01
5.612802802800000102e+00,-4.715897482300000121e+01,-4.447822844400000264e+01,-2.502791533799999968e+01,-5.114430222299999684e+01,-2.581863987299999863e+01
5.632812812800000124e+00,-4.868851144900000349e+01,-5.108852664399999810e+01,-2.540161921800000044e+01,-5.097098308900000063e+01,-2.520388004599999832e+01
5.652822822800000147e+00,-5.223326091300000229e+01,-4.862211449699999832e+01,-2.553487615699999935e+01,-5.181419582499999876e+01,-2.467339973400000019e+01
5.672832832800000169e+00,-4.852068327399999959e+01,-4.452277993599999917e+01,-2.573363421799999884e+01,-5.778815795999999949e+01,-2.504313919599999849e+01
5.692842842800000192e+00,-4.827971637099999924e+01,-4.721249218399999847e+01,-2.655891298699999936e+01,-5.715658703100000082e+01,-2.479621711400000095e+01
5.712852852899999334e+00,-4.724753619700000229e+01,-4.123005191099999678e+01,-2.733245599500000012e+01,-5.472825376299999789e+01,-2.439188117000000133e+01
5.732862862899999357e+00,-5.225046944799999693e+01,-4.217754747299999707e+01,-2.755027988699999852e+01,-4.997649978500000145e+01,-2.466758402500000003e+01
5.752872872899999379e+00,-4.772104669499999829e+01,-4.737448024599999741e+01,-2.810386254999999878e+01,-5.100878047300000162e+01,-2.479165765400000154e+01
5.772882882899999402e+00,-5.453300289500000275e+01,-4.154420088599999872e+01,-2.853374646800000036e+01,-5.472135577699999942e+01,-2.471476988699999922e+01
5.792892892899999424e+00,-4.812906378699999976e+01,-4.238949758599999740e+01,-3.043399985799999996e+01,-5.246925174799999780e+01,-2.460184896599999860e+01
5.812902902899999447e+00,-4.753234512499999909e+01,-4.011477158000000287e+01,-3.114252221499999962e+01,-5.623428219699999886e+01,-2.451467969500000166e+01
5.832912912899999469e+00,-4.732784324600000048e+01,-4.210803349199999701e+01,-3.274643051000000327e+01,-4.564099883000000091e+01,-2.487097259200000110e+01
5.852922922899999492e+00,-5.010823667900000089e+01,-4.051889092500000089e+01,-3.449353033300000249e+01,-4.785088430999999787e+01,-2.483265338200000016e+01
5.872932932899999514e+00,-5.290511245700000131e+01,-3.852835993499999745e+01,-3.493550663399999934e+01,-5.231933323799999869e+01,-2.522915053799999896e+01
5.892942942899999537e+00,-4.509255593700000020e+01,-3.898868981100000042e+01,-3.698442156400000158e+01,-4.869298340699999983e+01,-2.522757730300000034e+01
5.912952952999999567e+00,-4.479674093799999923e+01,-3.797019207799999663e+01,-4.150810870899999827e+01,-5.182518159600000018e+01,-2.559187709900000129e+01
5.932962962999999590e+00,-5.104836641699999689e+01,-3.784037758899999915e+01,-4.320702816200000029e+01,-5.115807387099999914e+01,-2.617877781700000028e+01
5.952972972999999612e+00,-5.080403407000000016e+01,-3.724337078899999653e+01,-4.689961618499999929e+01,-4.535981599400000164e+01,-2.602821532600000154e+01
5.972982982999999635e+00,-4.957785453300000000e+01,-3.772403057999999731e+01,-6.159417330899999854e+01,-4.732397739200000331e+01,-2.606694203099999996e+01
5.992992992999999657e+00,-4.708741358799999688e+01,-3.733569644899999673e+01,-5.327291216199999724e+01,-4.716535438999999741e+01,-2.619710164900000038e+01
6.013003002999999680e+00,-4.389793457599999726e+01,-3.695906016899999713e+01,-4.637950522300000245e+01,-4.455745514299999854e+01,-2.609436582200000032e+01
6.033013012999999702e+00,-4.510966274300000123e+01,-3.505770503000000105e+01,-4.410622418100000175e+01,-4.616651376499999770e+01,-2.561613497200000111e+01
6.053023022999999725e+00,-4.719923483400000208e+01,-3.657360439299999655e+01,-4.193292055999999945e+01,-4.755805715700000036e+01,-2.532516407299999983e+01
6.073033032999999747e+00,-4.323837063100000222e+01,-3.446550045600000090e+01,-4.028089969300000206e+01,-4.747183545200000054e+01,-2.544324274499999916e+01
6.093043042999999770e+00,-4.295161212800000072e+01,-3.504356661599999967e+01,-3.825010027100000087e+01,-4.445562532299999958e+01,-2.454434222700000134e+01
6.113053053100000689e+00,-4.613817449700000140e+01,-3.499167074100000008e+01,-3.789293873100000098e+01,-4.565582760299999876e+01,-2.419089870299999845e+01
6.133063063100000711e+00,-4.626129972100000032e+01,-3.512004819900000285e+01,-3.706208706900000038e+01,-4.364487472199999729e+01,-2.331302433300000132e+01
6.153073073100000734e+00,-4.528845826799999941e+01,-3.397983409799999777e+01,-3.592690560399999811e+01,-4.193647595299999864e+01,-2.312453122499999836e+01
6.173083083100000756e+00,-4.223423594399999814e+01,-3.306871517500000124e+01,-3.368815358900000234e+01,-4.384921408400000331e+01,-2.247539009899999840e+01
6.193093093100000779e+00,-4.171849428099999813e+01,-3.233974754500000159e+01,-3.369157956600000148e+01,-3.905952220300000022e+01,-2.215157595799999868e+01
6.213103103100000801e+00,-4.152810535500000100e+01,-3.299009412200000213e+01,-3.280329786600000119e+01,-4.225363616100000286e+01,-2.181674734999999998e+01
6.233113113100000824e+00,-4.332962839000000344e+01,-3.179717622400000110e+01,-3.215960703399999687e+01,-4.594638359399999672e+01,-2.138733631299999871e+01
6.253123123099999958e+00,-4.484007190599999859e+01,-3.193839177299999932e+01,-3.097050143499999919e+01,-4.348632832900000267e+01,-2.103464279399999981e+01
6.273133133099999981e+00,-4.196153825999999754e+01,-3.169674191000000008e+01,-3.089048752900000139e+01,-4.287799922699999655e+01,-2.123043903099999952e+01
6.293143143100000003e+00,-4.224234911599999975e+01,-3.139800877400000090e+01,-3.026648675999999938e+01,-4.272392928299999681e+01,-2.100091489100000075e+01
6.313153153200000034e+00,-4.395247901300000137e+01,-3.104642463500000105e+01,-3.059625818499999994e+01,-4.218626157700000334e+01,-2.083957468699999893e+01
6.333163163200000056e+00,-3.956326045600000185e+01,-3.035085205400000063e+01,-3.019498962799999831e+01,-4.273660108400000013e+01,-2.138972434600000128e+01
6.353173173200000079e+00,-4.225926050500000031e+01,-3.064150101599999942e+01,-3.024878522999999930e+01,-4.366211050199999733e+01,-2.140401429099999930e+01
6.373183183200000101e+00,-4.246794692999999654e+01,-2.994378446500000024e+01,-2.997863203400000032e+01,-4.205706076999999965e+01,-2.147729251999999889e+01
6.393193193200000124e+00,-4.322586197999999769e+01,-2.970958675800000037e+01,-2.945005237100000173e+01,-4.347964924600000103e+01,-2.144024658700000074e+01
6.413203203200000146e+00,-4.287584137599999679e+01,-2.947843414300000120e+01,-3.048586499800000027e+01,-4.237440876400000178e+01,-2.165446947199999883e+01
6.433213213200000169e+00,-4.317710641499999724e+01,-2.940832040400000125e+01,-3.041053170900000069e+01,-4.337556357799999773e+01,-2.177172019200000008e+01
6.453223223200000191e+00,-4.031645016899999945e+01,-2.975554771299999857e+01,-3.029941693299999983e+01,-4.273771615199999729e+01,-2.173766208400000011e+01
6.473233233200000214e+00,-4.175116190399999994e+01,-2.987855149299999979e+01,-3.042192863300000027e+01,-4.208394059700000156e+01,-2.158956545099999857e+01
6.493243243200000236e+00,-4.098895349299999680e+01,-2.890341184600000091e+01,-3.094005189800000011e+01,-4.088132477900000339e+01,-2.171724922199999952e+01
6.513253253300000267e+00,-4.008537460800000218e+01,-2.871560741300000075e+01,-3.120437233099999830e+01,-4.043789072399999895e+01,-2.149022068500000060e+01
6.533263263300000290e+00,-4.003876214299999958e+01,-2.912627324600000023e+01,-3.147929633600000088e+01,-4.260062570299999862e+01,-2.148037349399999840e+01
6.553273273300000312e+00,-4.115749655700000176e+01,-2.899338749100000001e+01,-3.211110365599999739e+01,-4.109085732399999813e+01,-2.122579124900000025e+01
6.573283283300000335e+00,-4.171837295499999954e+01,-2.860510584200000039e+01,-3.180737618399999889e+01,-4.181402747500000316e+01,-2.129024569099999908e+01
6.593293293300000357e+00,-3.967995440499999660e+01,-2.840504324100000133e+01,-3.221727462300000155e+01,-4.062448108899999966e+01,-2.128499186599999859e+01
6.613303303300000380e+00,-4.138594992299999831e+01,-2.892098389499999911e+01,-3.269584316699999960e+01,-3.954623924799999912e+01,-2.141160100100000108e+01
6.633313313300000402e+00,-3.926473495300000138e+01,-2.798308183299999996e+01,-3.292387733599999677e+01,-3.995002645000000285e+01,-2.155224496399999978e+01
6.653323323300000425e+00,-3.856278759799999989e+01,-2.952233413200000101e+01,-3.385339679999999873e+01,-4.025836824400000324e+01,-2.164250301499999907e+01
6.673333333300000447e+00,-3.914527655799999906e+01,-2.876233627699999928e+01,-3.341313500700000105e+01,-4.090264339400000182e+01,-2.217068129300000123e+01
6.693343343300000470e+00,-3.820760935199999864e+01,-2.872204449399999859e+01,-3.315563429400000217e+01,-3.900572151800000142e+01,-2.241148359399999990e+01
6.713353353399999612e+00,-3.848565538199999736e+01,-2.878873920999999925e+01,-3.388128265499999969e+01,-3.987076171500000044e+01,-2.283440356599999888e+01
6.733363363399999635e+00,-3.973394930799999969e+01,-2.944909698100000028e+01,-3.347564079499999679e+01,-4.077858678700000183e+01,-2.356656163699999951e+01
6.753373373399999657e+00,-3.880365910700000143e+01,-2.895744576599999931e+01,-3.478075112999999874e+01,-4.123030210799999651e+01,-2.370741505799999871e+01
6.773383383399999680e+00,-3.743971206599999846e+01,-2.984550785900000136e+01,-3.369105600299999992e+01,-4.149309458999999833e+01,-2.441624622300000169e+01
6.793393393399999702e+00,-3.731039432099999686e+01,-3.013536309099999855e+01,-3.419536707700000022e+01,-4.355166918300000134e+01,-2.515139050499999840e+01
6.813403403399999725e+00,-3.937913740900000192e+01,-2.975759769500000118e+01,-3.434339712999999961e+01,-4.288987118800000076e+01,-2.545374288900000082e+01
6.833413413399999747e+00,-3.750410243999999693e+01,-2.941642286800000150e+01,-3.334007155599999805e+01,-4.510313042800000005e+01,-2.584487665700000036e+01
6.853423423399999770e+00,-3.767258770099999765e+01,-3.053482662900000122e+01,-3.482324177999999648e+01,-4.770432807400000286e+01,-2.631796386099999907e+01
6.873433433399999792e+00,-3.778309436800000043e+01,-3.027600471999999954e+01,-3.416793119599999784e+01,-4.695318194000000034e+01,-2.707478862800000030e+01
6.893443443399999815e+00,-3.671716179500000266e+01,-2.981192494200000098e+01,-3.446365536599999757e+01,-4.268712185199999709e+01,-2.679480477299999919e+01
6.913453453499999846e+00,-3.619661208499999816e+01,-2.897550543899999909e+01,-3.413066076799999848e+01,-4.608761687599999846e+01,-2.673764920700000047e+01
6.933463463499999868e+00,-3.499539659500000255e+01,-2.962301444499999903e+01,-3.360862050200000084e+01,-4.594212817599999710e+01,-2.663462634300000076e+01
6.953473473499999891e+00,-3.459696926899999880e+01,-2.878366635800000140e+01,-3.355224609999999785e+01,-4.654013192200000049e+01,-2.679299655100000166e+01
6.973483483499999913e+00,-3.458513193999999658e+01,-2.820235132299999847e+01,-3.284847954600000008e+01,-4.337648769799999826e+01,-2.667485249699999983e+01
6.993493493499999936e+00,-3.483517194600000266e+01,-2.846747917300000097e+01,-3.232607716100000061e+01,-4.050634006599999992e+01,-2.609699931500000147e+01
7.013503503499999958e+00,-3.441651776999999868e+01,-2.755240856300000019e+01,-3.205743943499999915e+01,-4.327568533499999859e+01,-2.547944005200000106e+01
7.033513513499999981e+00,-3.420325603199999875e+01,-2.838045954400000070e+01,-3.218307504599999902e+01,-4.177608351599999992e+01,-2.526704370999999938e+01
7.053523523500000003e+00,-3.299901908199999667e+01,-2.767656870900000143e+01,-3.113043037799999979e+01,-4.088514205599999940e+01,-2.464663582800000086e+01
7.073533533500000026e+00,-3.234420583899999713e+01,-2.734219441500000158e+01,-3.100877733900000166e+01,-3.997205379799999747e+01,-2.466800854099999896e+01
7.093543543500000048e+00,-3.360076914399999737e+01,-2.769837616699999927e+01,-3.134994239899999968e+01,-4.010636404299999924e+01,-2.455438661499999853e+01
7.113553553600000079e+00,-3.314308715599999999e+01,-2.768692065400000146e+01,-3.100390168799999913e+01,-3.947735929099999908e+01,-2.426276186200000140e+01
7.133563563600000101e+00,-3.325801156200000008e+01,-2.753147444000000021e+01,-3.084545697200000092e+01,-3.814623446800000295e+01,-2.414229012099999849e+01
7.153573573600000124e+00,-3.357296587199999749e+01,-2.770865169700000052e+01,-3.059009903800000174e+01,-3.635369359100000253e+01,-2.450615109299999972e+01
7.173583583600000146e+00,-3.391619116700000092e+01,-2.760483413300000066e+01,-3.159449475499999949e+01,-3.570363688399999802e+01,-2.467590405600000025e+01
7.193593593600000169e+00,-3.357475423399999670e+01,-2.768932668400000097e+01,-3.069998317199999960e+01,-3.637170861100000252e+01,-2.488109265399999970e+01
7.213603603600000191e+00,-3.521412624900000310e+01,-2.781211551699999873e+01,-3.042171378200000120e+01,-3.612081070600000032e+01,-2.492790862900000093e+01
7.233613613600000214e+00,-3.506457939999999951e+01,-2.862157093700000132e+01,-3.126257012299999971e+01,-3.512447622199999842e+01,-2.457922941300000019e+01
7.253623623600000236e+00,-3.492630041700000021e+01,-2.850458837200000062e+01,-2.998819478200000077e+01,-3.469871322200000208e+01,-2.546716166899999934e+01
7.273633633600000259e+00,-3.640892232499999892e+01,-2.875089002700000052e+01,-2.988483364000000009e+01,-3.412218456299999758e+01,-2.572092816400000004e+01
7.293643643600000281e+00,-3.642767856100000046e+01,-2.838161948400000156e+01,-2.915930592599999827e+01,-3.422050883499999685e+01,-2.537603155100000052e+01
7.313653653699999424e+00,-3.642892746500000101e+01,-2.852014612099999979e+01,-2.845870807900000088e+01,-3.379987022499999938e+01,-2.586827586800000134e+01
7.333663663699999447e+00,-3.893665951599999886e+01,-2.853183761800000084e+01,-2.800411367899999959e+01,-3.452095565700000179e+01,-2.649480298900000008e+01
7.353673673699999469e+00,-3.733016678100000263e+01,-2.847269564899999850e+01,-2.758590720400000151e+01,-3.327227159499999942e+01,-2.673841621400000079e+01
7.373683683699999492e+00,-3.859891527500000308e+01,-2.812648558400000098e+01,-2.756737366899999842e+01,-3.293354734900000125e+01,-2.665246324800000011e+01
7.393693693699999514e+00,-4.161888373400000063e+01,-2.894804268200000053e+01,-2.695711555000000104e+01,-3.420958925899999770e+01,-2.686494617700000020e+01
7.413703703699999537e+00,-4.150518070700000095e+01,-2.829006105899999923e+01,-2.677224989400000155e+01,-3.377992832099999987e+01,-2.724794963600000131e+01
7.433713713699999559e+00,-4.135886666199999695e+01,-2.851647586300000015e+01,-2.655807139899999925e+01,-3.472281104500000026e+01,-2.696873006899999936e+01
7.453723723699999582e+00,-4.100266388400000039e+01,-2.920847598499999975e+01,-2.633015239499999893e+01,-3.464583008900000038e+01,-2.750061369799999866e+01
7.473733733699999604e+00,-4.916777253699999761e+01,-2.941248883600000141e+01,-2.614554462599999951e+01,-3.484758765099999778e+01,-2.840995639499999825e+01
7.493743743699999627e+00,-4.402440623700000089e+01,-2.947209669900000151e+01,-2.579423466500000117e+01,-3.461601824499999935e+01,-2.906851207900000134e+01
7.513753753800000545e+00,-4.413431397499999775e+01,-3.023656172400000131e+01,-2.572996278200000120e+01,-3.383906172799999723e+01,-2.998917241899999908e+01
7.533763763800000568e+00,-5.809380979400000200e+01,-2.977475600000000000e+01,-2.543144920599999992e+01,-3.435850771100000145e+01,-3.027316107100000053e+01
7.553773773800000590e+00,-5.037604166500000247e+01,-3.063240607299999851e+01,-2.551536618800000156e+01,-3.482990021799999880e+01,-3.170596399900000151e+01
7.573783783800000613e+00,-4.975425302299999686e+01,-3.130955308300000084e+01,-2.527974959100000163e+01,-3.445791091600000300e+01,-3.233632988699999800e+01
7.593793793799999747e+00,-4.568361059899999788e+01,-3.166348141499999969e+01,-2.521476016700000145e+01,-3.496094626400000038e+01,-3.390706650599999961e+01
7.613803803799999770e+00,-4.772304170799999667e+01,-3.196011981499999877e+01,-2.545732087300000046e+01,-3.564817337099999861e+01,-3.525976174800000251e+01
7.633813813799999792e+00,-4.438811296899999803e+01,-3.180393060500000146e+01,-2.511018246500000117e+01,-3.558034112099999646e+01,-3.743419492299999973e+01
7.653823823799999815e+00,-5.463086198399999915e+01,-3.231045248800000280e+01,-2.529175702399999892e+01,-3.656091891599999855e+01,-3.982203400299999885e+01
7.673833833799999837e+00,-4.919298710799999697e+01,-3.500450749699999875e+01,-2.530356828900000110e+01,-3.682667419799999919e+01,-4.585313208200000190e+01
7.693843843799999860e+00,-4.668372543099999916e+01,-3.454448818800000254e+01,-2.497603277500000019e+01,-3.583917772699999915e+01,-4.734343469899999945e+01
7.713853853899999891e+00,-4.885076572799999894e+01,-3.475773900400000116e+01,-2.518000965899999954e+01,-3.506536744299999953e+01,-4.724044065399999681e+01
7.733863863899999913e+00,-5.383338493000000113e+01,-3.611327553200000295e+01,-2.539929975000000084e+01,-3.539368334800000326e+01,-4.609221427199999965e+01
7.753873873899999936e+00,-4.640694189500000277e+01,-3.659048323799999736e+01,-2.573943299000000096e+01,-3.648995443399999772e+01,-4.149046331200000282e+01
7.773883883899999958e+00,-4.760806400100000246e+01,-3.703397114900000275e+01,-2.614013878600000140e+01,-3.581294816599999820e+01,-4.003985689900000011e+01
7.793893893899999981e+00,-5.558970730400000093e+01,-3.702726442899999881e+01,-2.588110664399999905e+01,-3.485892667800000311e+01,-4.077700202399999796e+01
7.813903903900000003e+00,-5.208044926699999877e+01,-4.090073100099999692e+01,-2.667101446599999903e+01,-3.538207957699999895e+01,-3.790092554200000308e+01
7.833913913900000026e+00,-5.136816811599999966e+01,-3.839097170899999867e+01,-2.719121443499999913e+01,-3.500323973799999777e+01,-3.653552709000000220e+01
7.853923923900000048e+00,-4.728139471899999791e+01,-4.106154405099999849e+01,-2.794372552200000115e+01,-3.566240238799999673e+01,-3.605997896400000258e+01
7.873933933899999182e+00,-4.900419886600000297e+01,-4.037238688600000103e+01,-2.769492219700000035e+01,-3.554339935299999809e+01,-3.584276340499999947e+01
7.893943943899999205e+00,-5.368003393600000095e+01,-3.982769007600000322e+01,-2.837949667799999887e+01,-3.631144299200000347e+01,-3.367638039999999933e+01
7.913953954000000124e+00,-4.805763142600000037e+01,-4.599388911500000177e+01,-2.934327710599999861e+01,-3.635168857299999701e+01,-3.340835898000000270e+01
7.933963964000000146e+00,-4.539826655499999930e+01,-4.498864755200000332e+01,-2.913992417200000062e+01,-3.677362146499999795e+01,-3.175521648400000174e+01
7.953973974000000169e+00,-4.604206967100000014e+01,-4.571169923899999787e+01,-2.939978355899999940e+01,-3.911612704200000223e+01,-3.204510760099999800e+01
7.973983984000000191e+00,-5.298687331699999703e+01,-4.602265918300000180e+01,-2.917086899999999972e+01,-3.928929915599999845e+01,-3.082867512400000010e+01
7.993993994000000214e+00,-5.370367513899999778e+01,-4.948585051500000276e+01,-2.924059843899999933e+01,-3.810520677299999903e+01,-2.983703689100000034e+01
8.014004004000000236e+00,-5.970422030999999663e+01,-4.720274759800000197e+01,-2.889002856400000141e+01,-4.068052099599999849e+01,-2.896079595000000140e+01
8.034014014000000259e+00,-5.134502033199999715e+01,-4.412661981299999781e+01,-2.855019609100000011e+01,-4.215998782199999795e+01,-2.900796838999999849e+01
8.054024024000000281e+00,-5.805868038100000206e+01,-4.691183878999999735e+01,-2.833908033100000168e+01,-4.235588662699999674e+01,-2.887819685299999861e+01
8.074034034000000304e+00,-5.072551720599999925e+01,-4.185751390299999741e+01,-2.775310651799999917e+01,-4.524791358800000296e+01,-2.806442943500000098e+01
8.094044044000000326e+00,-5.241921511799999678e+01,-4.069882201299999736e+01,-2.792697790900000143e+01,-4.506269272200000131e+01,-2.730259586800000093e+01
8.114054054100000357e+00,-5.246350721900000025e+01,-4.162499759699999657e+01,-2.718298482200000166e+01,-5.158973050400000204e+01,-2.776644616000000099e+01
8.134064064100000380e+00,-4.800296374199999860e+01,-4.490811358100000206e+01,-2.726675526200000022e+01,-4.974485431800000157e+01,-2.673494850799999867e+01
8.154074074100000402e+00,-4.533885506499999707e+01,-4.026985729500000133e+01,-2.660912396599999852e+01,-4.969764054899999906e+01,-2.707620239599999934e+01
8.174084084100000425e+00,-4.927882198900000077e+01,-3.936497772100000248e+01,-2.640335577700000158e+01,-4.831814836800000279e+01,-2.666396751699999967e+01
8.194094094100000447e+00,-4.740376474499999659e+01,-3.801610045700000029e+01,-2.623270275200000157e+01,-5.019872704200000157e+01,-2.624661568399999823e+01
8.214104104100000470e+00,-4.828147486099999952e+01,-4.995953647500000017e+01,-2.660430161600000076e+01,-5.058094716000000091e+01,-2.591366705600000131e+01
8.234114114100000492e+00,-4.789636321100000060e+01,-4.467998018299999785e+01,-2.682492232999999970e+01,-4.821178223700000132e+01,-2.587121463600000126e+01
8.254124124100000515e+00,-5.382882701199999786e+01,-4.663879908199999846e+01,-2.653418644699999973e+01,-4.539675225599999919e+01,-2.553266746699999956e+01
8.274134134100000537e+00,-4.643467545200000046e+01,-4.374817365999999907e+01,-2.758413280699999959e+01,-4.193536131500000153e+01,-2.615966222599999824e+01
8.294144144100000560e+00,-6.825982180900000174e+01,-4.189222891400000037e+01,-2.759111987400000032e+01,-4.434988343100000208e+01,-2.664538041200000151e+01
8.314154154200000590e+00,-5.770503195999999946e+01,-4.497703006799999770e+01,-2.858764114199999895e+01,-4.462069831000000164e+01,-2.599377867100000117e+01
8.334164164200000613e+00,-4.675301094200000307e+01,-4.836111155100000047e+01,-2.935714900199999988e+01,-4.295773791700000288e+01,-2.694340338299999971e+01
8.354174174200000635e+00,-5.997382507900000093e+01,-4.154257359700000052e+01,-3.039427185999999992e+01,-4.168410157299999952e+01,-2.700712593800000150e+01
8.374184184200000658e+00,-4.689891757400000216e+01,-5.147553530700000124e+01,-3.053851877500000001e+01,-4.573908699900000130e+01,-2.719124421300000094e+01
8.394194194200000680e+00,-5.496575138400000071e+01,-4.881510198099999798e+01,-3.130614452100000022e+01,-4.426912716799999714e+01,-2.859560388699999933e+01
8.414204204199998927e+00,-4.584715283300000266e+01,-5.098964781499999788e+01,-3.349891191999999762e+01,-4.468938291199999924e+01,-2.860129580699999963e+01
8.434214214199998949e+00,-4.271433378500000089e+01,-4.930446817499999668e+01,-3.352421794800000043e+01,-4.510999461000000110e+01,-2.987086725099999995e+01
8.454224224199998972e+00,-4.849841604800000283e+01,-5.515269034500000345e+01,-3.452682134199999808e+01,-4.257445462399999769e+01,-2.967796674899999942e+01
8.474234234199998994e+00,-4.849014754699999941e+01,-5.627193774300000229e+01,-3.868164292499999846e+01,-4.341581575299999685e+01,-3.077592513700000154e+01
8.494244244199999017e+00,-4.583989876500000094e+01,-5.548005726000000237e+01,-3.861808949699999971e+01,-4.855902202200000062e+01,-3.171282695400000051e+01
8.514254254300000824e+00,-5.013845376999999814e+01,-5.325641954000000311e+01,-3.864761827099999891e+01,-4.798362846900000278e+01,-3.132861605300000107e+01
8.534264264300000846e+00,-4.015508873699999981e+01,-4.133602906499999818e+01,-3.938419943000000245e+01,-4.396546997800000156e+01,-3.088235064899999927e+01
8.554274274300000869e+00,-4.624347799099999889e+01,-4.271008056899999872e+01,-3.934796043000000054e+01,-4.598566615600000063e+01,-3.103846257500000050e+01
8.574284284300000891e+00,-4.649243078199999957e+01,-4.496550711999999805e+01,-4.239146024299999738e+01,-4.651452440900000340e+01,-2.966536085999999983e+01
8.594294294299999137e+00,-4.887217107099999680e+01,-4.148583044699999789e+01,-4.165327567700000344e+01,-4.255386827400000271e+01,-3.010293019499999900e+01
8.614304304299999160e+00,-5.062388978700000308e+01,-4.326562486400000296e+01,-4.058852382500000289e+01,-3.995557960600000058e+01,-2.919104607699999931e+01
8.634314314299999182e+00,-5.002202339499999795e+01,-4.276674719900000099e+01,-4.186620349100000027e+01,-4.148507657399999715e+01,-2.946494738399999846e+01
8.654324324299999205e+00,-4.062620888800000074e+01,-5.193332689300000027e+01,-4.446697729699999968e+01,-4.090846635599999814e+01,-2.955505170300000017e+01
8.674334334299999227e+00,-5.148555753800000190e+01,-5.140285780600000010e+01,-4.820479549800000285e+01,-4.009600651099999880e+01,-2.912382769899999957e+01
8.694344344299999250e+00,-4.714548786400000324e+01,-3.930120464499999855e+01,-4.486173151399999881e+01,-4.291330539900000218e+01,-2.940740878800000146e+01
8.714354354399999281e+00,-4.480963330600000205e+01,-4.381251229800000146e+01,-4.220545653399999964e+01,-4.038100097400000266e+01,-2.964223415700000075e+01
8.734364364399999303e+00,-4.664616866000000073e+01,-5.051128314300000000e+01,-4.285439008499999858e+01,-4.124149628899999698e+01,-2.923509275299999999e+01
8.754374374399999326e+00,-4.381216915400000289e+01,-5.616002666199999993e+01,-3.927820104900000331e+01,-4.018849348100000185e+01,-2.945540274600000075e+01
8.774384384399999348e+00,-4.060686308599999705e+01,-4.511989013699999873e+01,-3.562001254599999811e+01,-3.821977122300000218e+01,-3.021373847599999962e+01
8.794394394399999371e+00,-4.398273177699999792e+01,-5.310847892000000314e+01,-3.574753065499999849e+01,-3.863932180799999827e+01,-3.046778849800000089e+01
8.814404404399999393e+00,-3.813814575100000326e+01,-4.343840053699999970e+01,-3.403876078199999711e+01,-4.065096561499999694e+01,-3.010397988900000144e+01
8.834414414399999416e+00,-3.845756277499999953e+01,-3.990211988400000109e+01,-3.221087163400000009e+01,-3.723037054699999970e+01,-3.049673398599999885e+01
8.854424424399999438e+00,-3.805582715300000274e+01,-4.678253625199999988e+01,-3.145194630599999996e+01,-3.683155053699999826e+01,-3.103798386900000139e+01
8.874434434399999461e+00,-3.805740344000000164e+01,-4.052969732100000044e+01,-3.086539293899999947e+01,-3.690065092100000044e+01,-3.043746351000000061e+01
8.894444444399999483e+00,-3.663511191199999928e+01,-4.009302524900000009e+01,-2.979698464799999869e+01,-4.007007026800000205e+01,-3.056141683699999945e+01
8.914454454499999514e+00,-3.448431192500000009e+01,-4.009310422499999760e+01,-2.963861672899999888e+01,-3.614727215500000312e+01,-3.121294972200000117e+01
8.934464464499999536e+00,-3.463843435399999748e+01,-3.657818335300000001e+01,-2.852345555400000165e+01,-3.615064236500000305e+01,-3.127992041699999959e+01
8.954474474499999559e+00,-3.289028521699999885e+01,-3.509435510000000136e+01,-2.821875320199999848e+01,-4.119321158900000057e+01,-3.141541904900000048e+01
8.974484484499999581e+00,-3.328991649999999680e+01,-3.667082935199999838e+01,-2.914431785200000036e+01,-3.588001656299999809e+01,-3.138699349099999836e+01
8.994494494499999604e+00,-3.529594835399999653e+01,-3.447539442800000131e+01,-2.902383842000000058e+01,-3.576370372299999900e+01,-3.351886378700000080e+01
9.014504504499999626e+00,-3.538448789299999930e+01,-3.492928427999999741e+01,-2.864749911599999876e+01,-3.589078193099999936e+01,-3.426245444199999923e+01
9.034514514499999649e+00,-3.337068929499999825e+01,-3.449314635399999673e+01,-2.793833168400000133e+01,-3.589896414999999763e+01,-3.542454023799999874e+01
9.054524524499999671e+00,-3.129817611600000049e+01,-3.995470222899999868e+01,-2.887774672100000117e+01,-3.559667623899999711e+01,-3.479273819000000145e+01
9.074534534499999694e+00,-3.208228928199999785e+01,-3.890411345300000079e+01,-2.889838468900000024e+01,-3.535758977399999736e+01,-3.626756763800000272e+01
9.094544544499999716e+00,-3.450607638200000338e+01,-3.582864683100000036e+01,-2.849403149899999832e+01,-3.507132653099999686e+01,-3.408748790700000342e+01
9.114554554599999747e+00,-3.158573873299999946e+01,-3.823961074399999660e+01,-2.828783415299999859e+01,-3.661666263200000060e+01,-3.568062391400000166e+01
9.134564564599999770e+00,-3.248443225700000170e+01,-3.478109895600000101e+01,-2.859029618399999961e+01,-3.647861326799999659e+01,-3.412037395099999770e+01
9.154574574599999792e+00,-3.031410902700000065e+01,-3.598935630799999785e+01,-2.814754535399999824e+01,-3.721944564100000008e+01,-3.286005638000000317e+01
9.174584584599999815e+00,-3.166789526799999877e+01,-3.947743944799999838e+01,-2.840086149900000123e+01,-3.701731083600000005e+01,-3.308172313400000064e+01
9.194594594599999837e+00,-3.075271099500000105e+01,-3.829773935699999754e+01,-2.756022707800000049e+01,-3.568631120399999901e+01,-3.168306086999999849e+01
9.214604604599999860e+00,-3.090369094300000086e+01,-3.810698903499999801e+01,-2.906280224700000048e+01,-3.660702959099999987e+01,-3.124443820200000133e+01
9.234614614599999882e+00,-3.122369600500000075e+01,-3.925062913699999712e+01,-2.826440183000000061e+01,-3.752705799200000314e+01,-3.034972673800000109e+01
9.254624624599999905e+00,-3.247893881200000266e+01,-3.730967444899999919e+01,-2.843689999100000065e+01,-3.536736274599999774e+01,-3.010007451799999956e+01
9.274634634599999927e+00,-2.964291840199999939e+01,-4.004743240900000245e+01,-2.782433638099999840e+01,-3.767260291800000260e+01,-2.950522333099999983e+01
9.294644644599999950e+00,-3.122430466599999832e+01,-3.478787675400000268e+01,-2.851794927799999968e+01,-3.963231197399999672e+01,-2.996438012000000128e+01
9.314654654699999980e+00,-3.275392248600000045e+01,-3.835708819999999974e+01,-2.884146966799999845e+01,-3.854118612300000279e+01,-2.902341538099999951e+01
9.334664664700000003e+00,-3.168320413000000002e+01,-4.251313523299999986e+01,-2.925499039700000026e+01,-3.772910540899999887e+01,-3.008081337799999844e+01
9.354674674700000025e+00,-3.305446453500000104e+01,-3.862645855200000256e+01,-3.002435249399999861e+01,-3.868524692500000128e+01,-2.942544149100000084e+01
9.374684684700000048e+00,-3.248172395600000328e+01,-4.250343932599999874e+01,-3.005680058500000129e+01,-3.792844941399999925e+01,-3.008498052499999886e+01
9.394694694700000070e+00,-3.474658103299999823e+01,-4.269185956199999765e+01,-3.092359245100000109e+01,-3.829424223800000249e+01,-3.050259424400000086e+01
9.414704704700000093e+00,-3.355608841600000147e+01,-4.316376720600000283e+01,-3.208064954700000015e+01,-3.922285114900000025e+01,-2.977474870900000070e+01
9.434714714700000115e+00,-3.294195436100000052e+01,-4.613071307199999893e+01,-3.176037106500000107e+01,-3.766816088200000223e+01,-3.016180660099999855e+01
9.454724724700000138e+00,-3.578297905200000173e+01,-3.957724268700000181e+01,-3.141272535299999902e+01,-3.997144292200000137e+01,-3.067453409299999834e+01
9.474734734700000161e+00,-3.602076103299999943e+01,-3.831853021900000300e+01,-3.260552436300000068e+01,-3.766305500800000061e+01,-3.097658287200000160e+01
9.494744744700000183e+00,-3.897410372499999909e+01,-3.790644341299999809e+01,-3.252823906399999743e+01,-4.035545593599999847e+01,-3.061470200899999838e+01
9.514754754799998437e+00,-3.798153570800000267e+01,-3.951506028299999684e+01,-3.380308694800000069e+01,-4.009453570299999825e+01,-3.077427021400000129e+01
9.534764764799998460e+00,-3.991452573499999801e+01,-4.463477481900000043e+01,-3.559053621000000334e+01,-4.028044523100000163e+01,-2.931270426300000054e+01
9.554774774799998482e+00,-4.155290540899999741e+01,-4.163962526099999906e+01,-3.599075495400000335e+01,-4.019493099700000016e+01,-3.010858308699999952e+01
9.574784784799998505e+00,-3.932224227999999755e+01,-4.190518137299999779e+01,-3.636211259099999893e+01,-3.663862924099999674e+01,-3.057719543600000023e+01
9.594794794799998527e+00,-3.919776347700000230e+01,-4.765196224099999966e+01,-3.836344130100000172e+01,-3.567724308999999749e+01,-3.081340460699999895e+01
9.614804804799998550e+00,-4.415458567299999970e+01,-4.328202475199999810e+01,-4.358358904400000000e+01,-3.538265134499999931e+01,-3.201776546300000348e+01
9.634814814799998572e+00,-4.049380273500000271e+01,-5.040764322199999725e+01,-4.006364724800000232e+01,-4.023465849000000105e+01,-3.240562365000000256e+01
9.654824824799998595e+00,-4.240422097900000153e+01,-5.563577522100000294e+01,-4.056603938800000009e+01,-3.664622636499999686e+01,-3.175619855000000058e+01
9.674834834799998617e+00,-4.320165073100000086e+01,-4.161355491199999790e+01,-6.330687193100000343e+01,-3.612715938400000226e+01,-3.357978422499999738e+01
9.694844844799998640e+00,-3.783580603099999706e+01,-4.611902021000000218e+01,-4.797490765999999951e+01,-3.620304985199999948e+01,-3.314461534499999829e+01
9.714854854900000447e+00,-4.238096451399999864e+01,-4.811583889700000327e+01,-5.157419795999999934e+01,-3.557530647699999804e+01,-3.271050918899999971e+01
9.734864864900000470e+00,-4.297141414899999745e+01,-4.436380233500000259e+01,-5.076141992600000208e+01,-3.713596579800000086e+01,-3.536439111100000332e+01
9.754874874900000492e+00,-3.528808970200000061e+01,-4.323904500599999778e+01,-4.415827528999999885e+01,-3.633495437999999922e+01,-3.244810884099999981e+01
9.774884884899998738e+00,-3.974104855200000230e+01,-4.093247616499999708e+01,-3.957033224900000334e+01,-3.393054829900000158e+01,-3.535499959100000211e+01
9.794894894899998761e+00,-3.829032463600000114e+01,-4.515664163099999939e+01,-3.725754673899999858e+01,-3.293015081600000116e+01,-3.552345324299999874e+01
9.814904904899998783e+00,-4.094764797900000275e+01,-4.565630591299999708e+01,-4.176210673300000309e+01,-3.225871300200000036e+01,-3.410928794699999855e+01
9.834914914899998806e+00,-3.576135231899999667e+01,-4.217020568400000258e+01,-3.787207505300000321e+01,-3.214580274600000109e+01,-3.482727485400000234e+01
9.854924924899998828e+00,-3.723625236099999825e+01,-4.202080631100000119e+01,-3.445352363899999659e+01,-3.123254520900000131e+01,-3.530910661800000128e+01
9.874934934899998851e+00,-3.196719752599999964e+01,-6.333389152000000166e+01,-3.507690300600000199e+01,-3.023237312199999849e+01,-3.645475414700000272e+01
9.894944944899998873e+00,-3.574416054800000353e+01,-4.415398887399999950e+01,-3.469778161899999702e+01,-3.025879516999999908e+01,-3.539212066599999673e+01
9.914954955000000680e+00,-3.589686532199999647e+01,-4.555658827100000252e+01,-3.573667517199999821e+01,-2.951358560799999964e+01,-3.620646188300000290e+01
9.934964965000000703e+00,-3.392460902399999867e+01,-5.449127027299999781e+01,-3.449020272599999970e+01,-2.910708093699999921e+01,-3.348007294899999664e+01
9.954974975000000725e+00,-3.163460217300000110e+01,-4.498505101599999989e+01,-3.483521010599999812e+01,-3.016803828500000151e+01,-3.927426602700000302e+01
9.974984985000000748e+00,-2.929615634700000015e+01,-4.053296141199999880e+01,-3.665942110499999984e+01,-2.977883638999999860e+01,-3.816266334800000237e+01
9.994994995000000770e+00,-3.331216794600000242e+01,-4.463596738199999692e+01,-3.774873552599999726e+01,-2.958892429899999854e+01,-3.483228050599999648e+01
1.001500500500000079e+01,-3.143176277599999935e+01,-4.172397781200000111e+01,-3.935330148100000258e+01,-2.931348051000000154e+01,-3.450232569300000307e+01
1.003501501500000082e+01,-3.197176558700000015e+01,-4.261609566700000329e+01,-4.051533760899999947e+01,-2.957662914899999862e+01,-3.555510517100000101e+01
1.005502502500000084e+01,-3.018972073899999842e+01,-5.034395206699999648e+01,-4.435367746699999714e+01,-2.965276262600000123e+01,-3.659840352199999813e+01
1.007503503500000086e+01,-2.989444958200000002e+01,-4.373640200799999889e+01,-3.907034882199999970e+01,-3.043826299799999902e+01,-3.646557718199999698e+01
1.009504504500000088e+01,-2.824431535000000082e+01,-5.839799452300000127e+01,-4.630402702399999981e+01,-3.152701503999999844e+01,-3.587781769499999740e+01
1.011505505499999913e+01,-2.916130895899999942e+01,-4.953707955800000207e+01,-4.463937480399999913e+01,-3.196482432099999826e+01,-3.830280507500000198e+01
1.013506506499999915e+01,-2.802930934500000149e+01,-4.306024341900000252e+01,-4.360306624599999736e+01,-3.041727644499999883e+01,-3.575382222199999660e+01
1.015507507499999917e+01,-2.862124186100000145e+01,-4.619605857100000179e+01,-4.307831926000000067e+01,-3.273766923899999881e+01,-3.824762389800000051e+01
1.017508508499999920e+01,-2.739494322799999892e+01,-4.846856890000000107e+01,-5.278677881400000160e+01,-2.996035509500000060e+01,-3.748069860300000045e+01
1.019509509499999922e+01,-2.706089202300000096e+01,-4.832949658900000145e+01,-4.656427911699999811e+01,-3.015745781700000094e+01,-3.568142487800000140e+01
1.021510510499999924e+01,-2.834021716699999871e+01,-4.672710299100000242e+01,-4.185512829200000340e+01,-3.030903877500000121e+01,-3.962100072900000214e+01
1.023511511499999926e+01,-2.776083017899999916e+01,-4.044323050999999936e+01,-5.518980174099999658e+01,-2.928738735499999990e+01,-3.981812106099999937e+01
1.025512512499999929e+01,-2.485391815699999896e+01,-4.451631769200000122e+01,-4.647214228200000008e+01,-2.877832422099999832e+01,-4.034159681799999930e+01
1.027513513499999931e+01,-2.711945049299999866e+01,-4.539203103599999878e+01,-4.314113490599999778e+01,-2.974109902100000014e+01,-3.722005656900000048e+01
1.029514514499999933e+01,-2.728292601300000086e+01,-4.183406346099999951e+01,-5.451246004499999742e+01,-2.847743192800000145e+01,-3.902258934500000009e+01
1.031515515499999935e+01,-2.569545695100000060e+01,-3.895138315100000170e+01,-4.527398378099999832e+01,-2.937875936200000027e+01,-3.908425136900000041e+01
1.033516516499999938e+01,-2.590342120600000086e+01,-4.387763902300000041e+01,-5.693717330900000206e+01,-3.173830080000000109e+01,-3.844730259399999994e+01
1.035517517499999940e+01,-2.692979657900000134e+01,-3.583847913299999988e+01,-4.028440043799999870e+01,-2.957799376299999849e+01,-3.464777444500000314e+01
1.037518518499999942e+01,-2.718507101000000148e+01,-4.398881227199999699e+01,-4.844753860200000162e+01,-2.938597560799999897e+01,-3.703582566699999745e+01
1.039519519499999944e+01,-2.506504049899999842e+01,-3.940914177399999829e+01,-4.014339663700000216e+01,-3.197832820100000006e+01,-3.709704084300000204e+01
1.041520520499999947e+01,-2.552309689100000156e+01,-4.196049500899999884e+01,-4.986157321099999962e+01,-3.184221357099999850e+01,-3.350260321100000027e+01
1.043521521499999949e+01,-2.573078117000000020e+01,-3.777364397200000212e+01,-4.033078701400000199e+01,-3.271756917599999781e+01,-3.243766847900000272e+01
1.045522522499999951e+01,-2.798502706700000076e+01,-4.488718731600000211e+01,-4.684702459100000027e+01,-3.697620786899999956e+01,-3.306408030099999706e+01
1.047523523499999953e+01,-2.601110857000000109e+01,-3.815438580899999721e+01,-4.359796419300000281e+01,-3.381522808300000094e+01,-3.277469788500000192e+01
1.049524524499999956e+01,-2.536975006100000130e+01,-5.494951723500000185e+01,-5.495039048099999945e+01,-3.585781822900000293e+01,-3.252947770899999824e+01
1.051525525499999958e+01,-2.727993633299999843e+01,-4.405394868700000188e+01,-4.517819398299999989e+01,-3.482382276500000273e+01,-2.992603196800000021e+01
1.053526526499999960e+01,-2.727615767300000016e+01,-4.277010919699999647e+01,-3.790831138299999736e+01,-3.658937724399999780e+01,-3.016929632200000100e+01
1.055527527499999962e+01,-2.709877143699999991e+01,-4.679271353499999719e+01,-4.321632383099999686e+01,-3.613631967700000303e+01,-3.190804119399999905e+01
1.057528528499999965e+01,-2.586760773600000007e+01,-5.196811854300000277e+01,-4.082002964600000183e+01,-3.397706428800000111e+01,-3.123486349099999870e+01
1.059529529499999967e+01,-2.428556623800000125e+01,-4.418428057300000233e+01,-4.322287458299999940e+01,-3.459854056100000008e+01,-2.963713433899999927e+01
1.061530530499999969e+01,-2.775400271199999835e+01,-3.690357676499999684e+01,-4.092337848799999733e+01,-3.193084059399999930e+01,-2.743086714200000031e+01
1.063531531499999971e+01,-2.827683207999999837e+01,-3.687303013399999685e+01,-4.720879959500000211e+01,-3.246891309499999778e+01,-2.881210911499999838e+01
1.065532532499999974e+01,-2.688604929099999907e+01,-3.856782232300000146e+01,-3.835776744199999655e+01,-2.919843399599999856e+01,-2.908090114899999890e+01
1.067533533499999976e+01,-3.074343906500000045e+01,-5.103222781899999916e+01,-3.932558053799999698e+01,-3.139058311300000170e+01,-2.764443125900000098e+01
1.069534534499999978e+01,-2.826069720799999985e+01,-3.634003273799999789e+01,-4.100209613599999869e+01,-2.870744473599999935e+01,-2.821731386400000119e+01
1.071535535499999980e+01,-2.819723280199999849e+01,-3.832557762599999762e+01,-4.186168271999999746e+01,-2.877397335499999897e+01,-2.658006030700000011e+01
1.073536536499999983e+01,-2.977015547399999917e+01,-3.532750827200000288e+01,-3.768209998999999755e+01,-2.780082730699999871e+01,-2.693790725999999935e+01
1.075537537499999985e+01,-2.956220868400000157e+01,-3.505702749400000329e+01,-4.251823713900000001e+01,-2.751453402199999942e+01,-2.762685887299999976e+01
1.077538538499999987e+01,-3.266733518800000269e+01,-3.395821819900000094e+01,-4.115184019699999851e+01,-2.857328206700000095e+01,-2.766064941500000174e+01
1.079539539499999989e+01,-2.745585063500000089e+01,-4.334812622500000145e+01,-4.101421498300000223e+01,-2.777317135399999870e+01,-2.772763233699999930e+01
1.081540540499999992e+01,-2.834468973599999941e+01,-4.414932488499999863e+01,-3.773058065000000028e+01,-2.700907271100000173e+01,-2.745689470599999993e+01
1.083541541499999994e+01,-3.161972670700000165e+01,-5.031641373200000089e+01,-4.259127589900000288e+01,-2.744135749999999874e+01,-2.786626260199999905e+01
1.085542542499999996e+01,-3.078937046000000066e+01,-4.485445518899999939e+01,-4.212508425899999764e+01,-2.759381344499999855e+01,-2.738456284300000121e+01
1.087543543499999998e+01,-3.041046277999999958e+01,-4.260627158199999798e+01,-4.071432371200000233e+01,-2.681920300599999862e+01,-2.650720133700000147e+01
1.089544544500000001e+01,-2.864139926700000061e+01,-3.897682503600000103e+01,-5.297581133500000306e+01,-2.547563426299999989e+01,-2.768875974499999870e+01
1.091545545500000003e+01,-2.686497839000000099e+01,-3.644817145700000083e+01,-5.289048219800000084e+01,-2.666725892599999881e+01,-2.799272930600000109e+01
1.093546546500000005e+01,-2.924002111300000095e+01,-3.495388983800000204e+01,-5.597331567500000205e+01,-2.539588020000000057e+01,-2.680151961800000038e+01
1.095547547500000007e+01,-2.858768203300000010e+01,-3.586929297799999716e+01,-4.602501773800000251e+01,-2.583205840100000117e+01,-2.747915504899999917e+01
1.097548548500000010e+01,-3.122137681799999953e+01,-3.459631263499999676e+01,-4.539782222000000189e+01,-2.537152203999999855e+01,-2.851863756499999880e+01
1.099549549500000012e+01,-2.793194529699999862e+01,-3.518809911299999982e+01,-4.145240259500000235e+01,-2.565811004300000064e+01,-2.749383256899999850e+01
1.101550550600000022e+01,-2.731026679700000059e+01,-4.119621854399999705e+01,-3.954352545900000138e+01,-2.454005847599999868e+01,-2.874148139200000074e+01
1.103551551600000025e+01,-2.885092595400000093e+01,-3.927554301400000014e+01,-4.082902915999999749e+01,-2.511009010800000141e+01,-2.706424403400000145e+01
1.105552552600000027e+01,-2.812319009500000178e+01,-4.555589193099999790e+01,-4.530734534999999852e+01,-2.463349520399999903e+01,-2.680541485299999849e+01
1.107553553600000029e+01,-2.817834460499999949e+01,-4.388675748600000048e+01,-3.962642469800000100e+01,-2.545627222699999948e+01,-2.885884022200000132e+01
1.109554554600000031e+01,-3.136252691400000003e+01,-3.782282643900000352e+01,-3.339252876399999792e+01,-2.411793126799999953e+01,-2.742633707099999896e+01
1.111555555600000034e+01,-2.837332698599999858e+01,-3.939812543499999720e+01,-3.880953021199999853e+01,-2.403556190700000172e+01,-2.851951508599999840e+01
1.113556556600000036e+01,-2.761029645300000013e+01,-3.332013863200000259e+01,-3.312840237799999699e+01,-2.462141949999999824e+01,-2.862691658199999978e+01
1.115557557600000038e+01,-3.088735134699999918e+01,-3.792343021100000300e+01,-3.342192439600000142e+01,-2.555816336000000177e+01,-2.820649789799999851e+01
1.117558558600000040e+01,-2.864197305400000104e+01,-3.365917636700000060e+01,-3.803075487600000315e+01,-2.531642732299999921e+01,-2.843362839399999942e+01
1.119559559600000043e+01,-2.666669581500000064e+01,-3.152083359999999956e+01,-3.340830574200000314e+01,-2.566830961300000169e+01,-2.705569018699999972e+01
1.121560560600000045e+01,-2.862563008100000062e+01,-3.523254146400000053e+01,-3.320809114200000067e+01,-2.541096153799999868e+01,-2.727680462600000055e+01
1.123561561600000047e+01,-2.916481754300000162e+01,-3.364490586699999852e+01,-3.129203909499999980e+01,-2.525427054300000052e+01,-2.658519350699999961e+01
1.125562562600000049e+01,-2.937950748400000123e+01,-3.077185633099999862e+01,-3.210771296099999716e+01,-2.550183133399999846e+01,-2.871825953200000114e+01
1.127563563600000052e+01,-3.058240402499999888e+01,-3.222104358699999693e+01,-3.038251115799999980e+01,-2.523301920700000167e+01,-2.807731672099999898e+01
1.129564564600000054e+01,-3.165856800999999976e+01,-3.383688726199999763e+01,-3.006438732200000175e+01,-2.542468105100000031e+01,-2.773736117199999995e+01
1.131565565600000056e+01,-3.291446868799999947e+01,-3.589565321599999947e+01,-3.125759940800000081e+01,-2.632725701600000079e+01,-2.814391022999999947e+01
1.133566566600000058e+01,-3.290221890000000116e+01,-3.412382652899999869e+01,-2.989174673899999846e+01,-2.560932105899999911e+01,-2.872602692499999932e+01
1.135567567600000061e+01,-3.298668714200000096e+01,-2.687096693499999844e+01,-2.884902073299999969e+01,-2.533103996599999874e+01,-2.906005497800000015e+01
1.137568568600000063e+01,-2.934184557200000043e+01,-3.075655385800000019e+01,-2.903790436799999952e+01,-2.551476178500000103e+01,-2.961349964800000123e+01
1.139569569600000065e+01,-3.180144189800000021e+01,-2.901954269899999872e+01,-2.933622672699999967e+01,-2.559249620199999953e+01,-2.835637084100000038e+01
1.141570570600000067e+01,-3.084744450599999865e+01,-3.217364028699999778e+01,-2.785895886000000132e+01,-2.564043294500000059e+01,-3.323990878499999724e+01
1.143571571600000070e+01,-2.994632355899999965e+01,-2.970795414499999865e+01,-3.077314830699999959e+01,-2.641662433300000146e+01,-3.150017590999999939e+01
1.145572572600000072e+01,-2.903263620799999956e+01,-3.104379696999999894e+01,-2.916331888599999900e+01,-2.486833667499999834e+01,-2.851444777800000097e+01
1.147573573600000074e+01,-3.108397914600000078e+01,-3.562327416499999799e+01,-2.965126867900000107e+01,-2.686442297400000001e+01,-2.965233515299999922e+01
1.149574574600000076e+01,-3.047187323400000025e+01,-3.513579842499999728e+01,-2.988765810900000020e+01,-2.637609377300000091e+01,-2.987028993499999885e+01
1.151575575600000079e+01,-3.059923471600000155e+01,-2.831769617200000155e+01,-2.814421712300000067e+01,-2.660573808999999912e+01,-2.867803559200000052e+01
1.153576576600000081e+01,-3.174903361200000163e+01,-3.925299145399999645e+01,-2.933408648600000035e+01,-2.589170549700000024e+01,-2.866566764399999911e+01
1.155577577600000083e+01,-3.580764923099999919e+01,-3.274585489700000096e+01,-3.129808924800000014e+01,-2.722397768200000101e+01,-2.735001892600000062e+01
1.157578578600000085e+01,-3.234603999400000163e+01,-2.771115821000000068e+01,-2.935839547499999824e+01,-2.618692683300000112e+01,-2.758069765000000118e+01
1.159579579600000088e+01,-3.474334360900000007e+01,-3.319894909799999994e+01,-3.325152013699999998e+01,-2.688356336000000013e+01,-2.826361906400000024e+01
1.161580580599999912e+01,-3.046197881699999854e+01,-3.555799682899999681e+01,-3.342769752200000255e+01,-2.651727726900000093e+01,-2.746241994700000078e+01
1.163581581599999915e+01,-3.499055791499999657e+01,-5.331430122100000091e+01,-3.373041900300000151e+01,-2.624033992300000051e+01,-2.898155651300000102e+01
1.165582582599999917e+01,-3.121802239000000156e+01,-3.258013962799999774e+01,-3.580037289300000225e+01,-2.805383252600000077e+01,-2.932098171699999867e+01
1.167583583599999919e+01,-3.236234995499999911e+01,-3.119745139999999850e+01,-3.392166765399999662e+01,-2.595907725600000049e+01,-2.758753166600000029e+01
1.169584584599999921e+01,-3.147242687399999994e+01,-4.063047644699999950e+01,-3.769195208499999694e+01,-2.632024835800000062e+01,-2.729946333499999866e+01
1.171585585599999924e+01,-3.254385503599999652e+01,-3.455850695899999891e+01,-3.545781513299999688e+01,-2.659476799200000130e+01,-2.845018558800000008e+01
1.173586586599999926e+01,-3.202196367300000190e+01,-4.432299380100000263e+01,-4.538490946900000012e+01,-2.514337576300000165e+01,-2.839404486600000155e+01
1.175587587599999928e+01,-3.375995949299999666e+01,-3.670579198099999729e+01,-3.997653601500000065e+01,-2.594198365600000145e+01,-2.978049183599999949e+01
1.177588588599999930e+01,-3.350572151099999729e+01,-4.202011610899999994e+01,-4.471755362100000042e+01,-2.767671595499999881e+01,-2.743550344799999863e+01
1.179589589599999933e+01,-3.290682746000000236e+01,-3.686268725499999732e+01,-5.500672311499999978e+01,-2.510196698700000084e+01,-2.761185230099999899e+01
1.181590590599999935e+01,-3.622599390900000316e+01,-3.584398718700000330e+01,-4.099113434299999881e+01,-2.635679638699999927e+01,-2.645534697200000096e+01
1.183591591599999937e+01,-3.714146855100000266e+01,-4.201261829900000322e+01,-4.049703556299999718e+01,-2.520135996999999861e+01,-2.907791847100000027e+01
1.185592592599999939e+01,-3.813033348199999750e+01,-4.163945984899999786e+01,-4.709583938000000103e+01,-2.733276778000000107e+01,-2.974604479699999970e+01
1.187593593599999942e+01,-4.016319796999999880e+01,-3.240896718399999799e+01,-4.685970441999999991e+01,-2.708690562900000032e+01,-2.951024449499999847e+01
1.189594594599999944e+01,-3.442219349300000175e+01,-3.328027848600000027e+01,-5.616554175200000287e+01,-2.589900559699999860e+01,-2.829404998600000098e+01
1.191595595599999946e+01,-3.755410947600000071e+01,-5.016797850300000050e+01,-3.333238355799999653e+01,-2.601377918700000080e+01,-2.897231476299999997e+01
1.193596596599999948e+01,-3.977778289999999828e+01,-3.759471581100000037e+01,-3.986828672899999759e+01,-2.630664310899999947e+01,-2.889190128099999910e+01
1.195597597599999951e+01,-3.897281334099999839e+01,-4.007336129099999766e+01,-3.708136268599999852e+01,-2.569879473499999989e+01,-2.682559010700000002e+01
1.197598598599999953e+01,-3.566272186399999811e+01,-3.294661101999999886e+01,-4.114760868199999777e+01,-2.622367098899999860e+01,-2.888889633799999856e+01
1.199599599599999955e+01,-3.687008679499999886e+01,-3.228803827699999829e+01,-4.016516256199999901e+01,-2.626355962499999919e+01,-2.780288296100000167e+01
1.201600600599999957e+01,-3.399554374099999876e+01,-3.824708908000000207e+01,-4.469999074599999744e+01,-2.603358293000000145e+01,-2.780584483399999840e+01
1.203601601599999960e+01,-4.603200325000000248e+01,-3.885046649099999883e+01,-3.579588213099999905e+01,-2.648344989099999935e+01,-2.888788602200000000e+01
1.205602602599999962e+01,-4.394090236099999913e+01,-3.272589373099999932e+01,-3.466735574799999853e+01,-2.611078869800000035e+01,-2.997779041300000102e+01
1.207603603599999964e+01,-3.639070508599999698e+01,-3.589050618800000336e+01,-3.549656231699999864e+01,-2.679745716600000094e+01,-2.653734801899999951e+01
1.209604604599999966e+01,-4.269591936799999843e+01,-4.268035972700000258e+01,-3.517837273100000317e+01,-2.734516934000000177e+01,-2.797577559799999847e+01
1.211605605599999969e+01,-3.692839703399999962e+01,-4.281385481899999945e+01,-3.661375399399999964e+01,-2.725237885499999990e+01,-2.884537117500000036e+01
1.213606606599999971e+01,-3.432802525599999655e+01,-3.368502870399999694e+01,-3.508034018400000065e+01,-2.677913065399999937e+01,-3.234475009900000231e+01
1.215607607599999973e+01,-4.606251674300000332e+01,-4.372561309499999993e+01,-3.583898380499999803e+01,-2.621326775700000056e+01,-3.011177178200000171e+01
1.217608608599999975e+01,-3.018637371599999852e+01,-4.038657483899999789e+01,-3.409703004400000026e+01,-2.705738204000000025e+01,-2.849661423899999946e+01
1.219609609599999978e+01,-3.619533727599999651e+01,-3.537082301400000262e+01,-3.749941979999999830e+01,-2.729458943599999898e+01,-3.100494683000000151e+01
1.221610610599999980e+01,-3.744830277799999863e+01,-4.314974496899999679e+01,-3.311809620100000018e+01,-2.682069889599999968e+01,-3.035628780000000049e+01
1.223611611599999982e+01,-3.312552657100000175e+01,-3.289469006499999892e+01,-3.840472282799999704e+01,-2.734540822700000007e+01,-3.087452349799999851e+01
1.225612612599999984e+01,-3.265145746900000034e+01,-4.526490402000000302e+01,-3.565152319799999958e+01,-2.751736664899999951e+01,-2.781228375399999919e+01
1.227613613599999987e+01,-3.567192961800000006e+01,-3.795110092099999832e+01,-3.398786250300000233e+01,-2.783364071300000120e+01,-3.362897426800000034e+01
1.229614614599999989e+01,-3.492728610900000064e+01,-3.474949956999999756e+01,-3.735216733400000066e+01,-2.725578522600000042e+01,-2.919567730900000058e+01
1.231615615599999991e+01,-3.653584296799999720e+01,-4.457035023400000284e+01,-3.550945165400000292e+01,-2.776355889799999943e+01,-2.915568348400000076e+01
1.233616616599999993e+01,-3.327129507099999728e+01,-5.000672076699999735e+01,-4.177981622099999726e+01,-3.202687282499999810e+01,-3.388491532100000114e+01
1.235617617599999996e+01,-2.955928013999999848e+01,-3.863199036400000352e+01,-3.738415194000000241e+01,-2.630639324999999928e+01,-3.338508841600000210e+01
1.237618618599999998e+01,-2.956628492000000108e+01,-3.794707978800000348e+01,-3.314798779400000228e+01,-2.866376552899999908e+01,-2.965128803300000015e+01
1.239619619600000000e+01,-3.118398952000000079e+01,-4.853567292000000322e+01,-4.078061463899999950e+01,-2.948571348200000131e+01,-2.899778007300000127e+01
1.241620620600000002e+01,-2.926273760799999835e+01,-3.582529952699999853e+01,-3.653859831199999775e+01,-2.917819560099999876e+01,-2.935440869399999997e+01
1.243621621600000005e+01,-3.877104292599999980e+01,-3.159967567400000021e+01,-4.665428390600000341e+01,-2.749352629699999895e+01,-3.194717580500000054e+01
1.245622622600000007e+01,-3.822048048799999975e+01,-4.244130736200000342e+01,-5.257136057499999993e+01,-2.784775068600000125e+01,-2.851676600200000067e+01
1.247623623600000009e+01,-3.507865182100000112e+01,-3.146029436599999940e+01,-3.873960629799999822e+01,-2.671134212300000144e+01,-2.928879820999999950e+01
1.249624624600000011e+01,-3.810596909000000210e+01,-3.153030564399999847e+01,-3.490063461100000097e+01,-2.651658138799999875e+01,-2.894750971499999892e+01
1.251625625600000014e+01,-3.266239467799999829e+01,-3.012304501499999887e+01,-3.413168509599999823e+01,-2.552162999100000107e+01,-3.012586853799999886e+01
1.253626626600000016e+01,-3.099007365399999969e+01,-3.032181430800000044e+01,-3.977177669000000293e+01,-2.784025147599999883e+01,-2.876377835199999922e+01
1.255627627600000018e+01,-3.726967942200000294e+01,-3.588243227699999949e+01,-3.285103002299999986e+01,-2.680517927900000075e+01,-2.674804618399999967e+01
1.257628628600000020e+01,-3.439606451400000253e+01,-3.196789490600000150e+01,-3.868191658799999999e+01,-2.541249198899999939e+01,-2.886188122600000128e+01
1.259629629600000023e+01,-4.408987652799999779e+01,-3.287279408500000244e+01,-3.125254397200000156e+01,-2.494612450099999990e+01,-2.763224364499999908e+01
1.261630630600000025e+01,-3.439021363999999892e+01,-4.077316386199999698e+01,-3.220010577899999760e+01,-2.589536612999999932e+01,-2.881827399599999850e+01
1.263631631600000027e+01,-3.343405547300000080e+01,-3.462895760100000331e+01,-3.026883952100000030e+01,-2.539748723499999983e+01,-2.941849015400000056e+01
1.265632632600000029e+01,-3.093648052600000042e+01,-3.517744769299999774e+01,-3.272684281400000117e+01,-2.495774456099999838e+01,-2.798401768500000131e+01
1.267633633600000032e+01,-3.101221348600000027e+01,-3.058140532999999905e+01,-2.914197944700000065e+01,-2.742250287999999969e+01,-2.910878622499999935e+01
1.269634634600000034e+01,-3.138849777800000140e+01,-3.460939817300000243e+01,-2.902696002500000105e+01,-2.753224432400000055e+01,-2.700843240600000073e+01
1.271635635600000036e+01,-4.031003429900000157e+01,-3.276673525100000006e+01,-2.765548473899999848e+01,-2.763973504100000156e+01,-2.931882148400000077e+01
1.273636636600000038e+01,-3.168005422999999965e+01,-3.683360308900000035e+01,-2.649207092800000041e+01,-2.744069008199999971e+01,-2.824937616100000071e+01
1.275637637600000041e+01,-3.269421337400000027e+01,-3.452903186700000049e+01,-2.530966183199999975e+01,-2.550717090599999892e+01,-2.865758800400000084e+01
1.277638638600000043e+01,-3.977052291300000064e+01,-3.791735625999999826e+01,-2.747438217999999921e+01,-2.525319213999999945e+01,-2.986767818399999896e+01
1.279639639600000045e+01,-3.521361806499999858e+01,-3.343790262200000285e+01,-2.699721283399999905e+01,-2.619496273200000047e+01,-3.203571421299999855e+01
1.281640640600000047e+01,-3.436308731599999788e+01,-3.080563903999999908e+01,-2.691646518800000010e+01,-2.819695899499999925e+01,-3.262840730900000352e+01
1.283641641600000050e+01,-4.689899618199999765e+01,-3.518785450200000042e+01,-2.693636520400000123e+01,-2.599076387999999938e+01,-3.060829494200000056e+01
1.285642642600000052e+01,-2.773903608099999829e+01,-3.550743275199999971e+01,-2.559627196599999976e+01,-2.774941837200000094e+01,-2.874118369299999998e+01
1.287643643600000054e+01,-4.225640132200000210e+01,-3.342105686800000086e+01,-2.672995793799999831e+01,-2.655714201199999991e+01,-3.339736049999999778e+01
1.289644644600000056e+01,-3.510363604599999832e+01,-3.438811058600000337e+01,-2.702592806099999834e+01,-2.594674357699999945e+01,-3.289744231299999910e+01
1.291645645600000059e+01,-3.638967582600000128e+01,-3.960880446899999896e+01,-2.659107197599999850e+01,-3.127071745099999944e+01,-3.922903229399999958e+01
1.293646646600000061e+01,-3.305510013699999661e+01,-3.668774795800000277e+01,-2.714864862299999970e+01,-2.825736623899999955e+01,-3.967091862299999860e+01
1.295647647600000063e+01,-2.919364737500000118e+01,-3.688450054500000164e+01,-2.652414322299999938e+01,-3.050675094300000012e+01,-4.110058899599999904e+01
1.297648648600000065e+01,-3.699816506999999888e+01,-3.341092230200000301e+01,-2.775558837799999878e+01,-3.033271710400000032e+01,-3.845569538400000198e+01
1.299649649600000068e+01,-3.500442175999999961e+01,-3.804496358200000117e+01,-2.762506936799999835e+01,-2.790684636699999999e+01,-3.938292361999999969e+01
1.301650650700000078e+01,-3.156318770900000104e+01,-3.605701304800000173e+01,-3.031347359200000113e+01,-2.760622871099999998e+01,-4.149279004899999990e+01
1.303651651700000080e+01,-3.462742132000000339e+01,-4.395329313500000268e+01,-3.003234363099999982e+01,-3.084372873899999945e+01,-4.839431477400000148e+01
1.305652652700000083e+01,-2.781270209899999912e+01,-3.401160492700000049e+01,-2.983897242800000171e+01,-3.323013150700000296e+01,-3.122566983899999826e+01
1.307653653700000085e+01,-3.624756303600000251e+01,-3.655933222099999824e+01,-2.877234460100000035e+01,-3.205506271600000190e+01,-3.703331500499999862e+01
1.309654654700000087e+01,-5.042021675299999828e+01,-3.682643377200000145e+01,-2.859089755400000143e+01,-2.945175510700000032e+01,-3.587222293300000331e+01
1.311655655699999912e+01,-3.150098377000000127e+01,-4.043049303099999747e+01,-3.020012158000000113e+01,-3.294946305300000233e+01,-3.038259738200000015e+01
1.313656656699999914e+01,-4.304784810999999678e+01,-4.367122229800000355e+01,-3.078350417200000066e+01,-3.422741984999999687e+01,-3.444422187299999649e+01
1.315657657699999916e+01,-3.985320324300000294e+01,-3.916101326399999749e+01,-2.737657670300000134e+01,-3.255996500300000207e+01,-3.453004947899999877e+01
1.317658658699999918e+01,-3.519704028000000307e+01,-3.852244463899999971e+01,-2.867694653499999902e+01,-3.298818793800000293e+01,-4.102804631899999777e+01
1.319659659699999921e+01,-3.800333760699999885e+01,-3.023213965400000092e+01,-3.158222690999999926e+01,-3.301955317400000212e+01,-3.335932454699999994e+01
1.321660660699999923e+01,-3.773046987200000046e+01,-3.974120688499999687e+01,-3.227595206299999830e+01,-3.275453156300000046e+01,-3.904175116500000087e+01
1.323661661699999925e+01,-3.283108279399999674e+01,-3.290435231499999702e+01,-3.144933503200000047e+01,-3.062081039899999979e+01,-3.802134058499999725e+01
1.325662662699999927e+01,-4.223017297500000211e+01,-3.901587852200000128e+01,-3.071560782399999923e+01,-3.413230941599999824e+01,-4.232224480400000033e+01
1.327663663699999930e+01,-4.460293250499999829e+01,-2.981586207899999863e+01,-3.418123249300000310e+01,-3.377553077999999687e+01,-4.342581742899999853e+01
1.329664664699999932e+01,-3.045502780099999995e+01,-3.286103441200000219e+01,-2.871885233700000128e+01,-3.138948587000000146e+01,-3.863277597700000143e+01
1.331665665699999934e+01,-3.836513562999999749e+01,-3.881854935500000181e+01,-4.227239716500000100e+01,-3.224229097700000324e+01,-6.070308407200000289e+01
1.333666666699999936e+01,-3.004320535500000133e+01,-3.909196321000000296e+01,-3.373784674699999897e+01,-3.145893179500000159e+01,-3.975739436100000290e+01
1.335667667699999939e+01,-3.485246153800000002e+01,-3.480349524599999711e+01,-3.194170008800000105e+01,-3.540456592299999983e+01,-5.141778188300000352e+01
1.337668668699999941e+01,-4.568848233399999970e+01,-4.535628164799999951e+01,-3.346139608899999729e+01,-3.535454994700000242e+01,-4.466830597599999919e+01
1.339669669699999943e+01,-3.883059997600000202e+01,-3.533588401299999759e+01,-3.199789293699999959e+01,-3.727945044999999880e+01,-3.692185661500000293e+01
1.341670670699999945e+01,-3.422597443400000117e+01,-4.224086981500000348e+01,-3.263629103400000275e+01,-3.328118336200000016e+01,-3.537882112399999812e+01
1.343671671699999948e+01,-3.798411604999999724e+01,-3.692838491799999900e+01,-3.549767461100000077e+01,-3.227070396399999908e+01,-4.164367488599999945e+01
1.345672672699999950e+01,-4.283410253299999937e+01,-3.780073636600000242e+01,-3.627827294200000097e+01,-3.466996976499999761e+01,-3.710159630999999791e+01
1.347673673699999952e+01,-3.681256736000000274e+01,-3.384258367500000020e+01,-3.689189180300000004e+01,-3.120629899500000093e+01,-5.673582695300000012e+01
1.349674674699999954e+01,-4.206779397199999693e+01,-4.359161242100000067e+01,-4.193214033400000318e+01,-3.831866276699999929e+01,-4.111523191199999872e+01
1.351675675699999957e+01,-3.697446940799999737e+01,-3.317510024700000315e+01,-3.444687528400000076e+01,-3.314322942999999810e+01,-3.769201617099999879e+01
1.353676676699999959e+01,-3.547023434199999770e+01,-4.598629568999999861e+01,-3.539424072399999943e+01,-3.493166105400000276e+01,-4.016395802200000276e+01
1.355677677699999961e+01,-3.523723162099999939e+01,-3.744974186000000316e+01,-3.806116604900000056e+01,-3.687434419400000252e+01,-4.968367537299999981e+01
1.357678678699999963e+01,-4.448533980799999910e+01,-4.323332961300000221e+01,-2.971790059799999995e+01,-3.620206835100000120e+01,-3.907468931500000053e+01
1.359679679699999966e+01,-3.697112026599999979e+01,-4.038561638699999889e+01,-3.321427290199999760e+01,-3.384372107699999788e+01,-4.100391873299999901e+01
1.361680680699999968e+01,-5.245877281799999992e+01,-3.107464738899999901e+01,-3.103527547399999875e+01,-2.999226502899999858e+01,-3.640193790400000040e+01
1.363681681699999970e+01,-4.010865477800000178e+01,-2.776515812199999900e+01,-2.798052836100000107e+01,-3.744121072099999736e+01,-4.801622596100000351e+01
1.365682682699999972e+01,-5.368086145400000220e+01,-3.924741814400000095e+01,-3.442614791399999774e+01,-3.609310966500000006e+01,-4.007010406199999863e+01
1.367683683699999975e+01,-4.509090917900000051e+01,-3.886514923699999713e+01,-3.095869325399999994e+01,-3.367660558400000070e+01,-4.041231204900000051e+01
1.369684684699999977e+01,-4.344230430100000007e+01,-4.467712687299999885e+01,-3.183727088699999896e+01,-3.214073747799999836e+01,-4.142787553299999814e+01
1.371685685699999979e+01,-4.290496130500000049e+01,-5.481338699399999825e+01,-3.028515385500000079e+01,-3.314592760000000027e+01,-3.945655957400000347e+01
1.373686686699999981e+01,-3.486403484800000285e+01,-4.795859094699999758e+01,-2.911878880800000147e+01,-3.628758171700000190e+01,-4.619765258799999685e+01
1.375687687699999984e+01,-3.706861218000000235e+01,-3.423342535799999808e+01,-3.197672084799999936e+01,-3.344069468099999654e+01,-4.278832662399999975e+01
1.377688688699999986e+01,-3.892310489599999812e+01,-3.352385934299999803e+01,-2.724954063899999923e+01,-4.857493299000000064e+01,-4.113713310499999665e+01
1.379689689699999988e+01,-3.867712709300000284e+01,-4.375734550500000353e+01,-3.231289116199999967e+01,-4.196437095299999953e+01,-3.596758837400000175e+01
1.381690690699999990e+01,-3.062024597699999973e+01,-4.448534841800000095e+01,-3.074223793399999849e+01,-4.209097142499999933e+01,-3.669959390700000057e+01
1.383691691699999993e+01,-4.486610429800000333e+01,-5.233613675400000176e+01,-2.720973006699999885e+01,-4.175319177499999768e+01,-3.958883702600000021e+01
1.385692692699999995e+01,-5.165869410500000214e+01,-3.933752149099999684e+01,-3.144835607499999952e+01,-3.803374178899999691e+01,-3.747161484200000103e+01
1.387693693699999997e+01,-3.844142373300000060e+01,-6.419263835200000301e+01,-3.149758742099999864e+01,-3.702379085599999797e+01,-3.436468515899999687e+01
1.389694694699999999e+01,-4.008561235799999878e+01,-3.968859771599999675e+01,-2.732732465300000158e+01,-3.525642188300000157e+01,-3.421478186600000271e+01
1.391695695700000002e+01,-4.025274377400000247e+01,-3.220992552799999942e+01,-2.915762274400000109e+01,-3.281295772499999686e+01,-3.669943806999999936e+01
1.393696696700000004e+01,-3.185455528700000016e+01,-4.654843927799999648e+01,-2.972682711799999922e+01,-4.130785626600000171e+01,-3.824562830699999694e+01
1.395697697700000006e+01,-3.838462109799999666e+01,-4.332067489500000335e+01,-3.042033094099999957e+01,-3.523092490999999882e+01,-3.747529063100000002e+01
1.397698698700000008e+01,-3.072450252000000148e+01,-3.733943541800000077e+01,-2.561946240800000041e+01,-3.724101053700000108e+01,-4.673057276200000132e+01
1.399699699700000011e+01,-4.823670284699999655e+01,-2.939044180200000156e+01,-2.850361549400000172e+01,-3.125446008300000145e+01,-3.411801202499999874e+01
1.401700700700000013e+01,-4.557634499099999914e+01,-3.467338923300000175e+01,-2.787502942300000086e+01,-3.499914309599999740e+01,-3.709370548900000131e+01
1.403701701700000015e+01,-4.666118468599999858e+01,-3.555043679100000276e+01,-2.708941467100000011e+01,-3.514264905600000333e+01,-3.679197489300000257e+01
1.405702702700000017e+01,-3.763649863399999873e+01,-3.323143609800000320e+01,-2.800923339599999906e+01,-3.186666645300000056e+01,-3.630056114500000319e+01
1.407703703700000020e+01,-3.278010887599999990e+01,-3.380732157999999998e+01,-2.865515165100000061e+01,-3.601268801900000227e+01,-3.497926993600000145e+01
1.409704704700000022e+01,-3.948001929400000165e+01,-3.696019351799999697e+01,-2.824101652699999931e+01,-3.724032140399999946e+01,-3.177775027599999902e+01
1.411705705700000024e+01,-4.431558873699999879e+01,-2.841171036500000113e+01,-2.859178314600000093e+01,-3.111288924899999842e+01,-4.004380214300000063e+01
1.413706706700000026e+01,-3.409295044499999960e+01,-4.664455283400000241e+01,-2.515329274500000167e+01,-3.432380981299999689e+01,-3.208910965100000112e+01
1.415707707700000029e+01,-3.345582869500000101e+01,-3.306027268799999774e+01,-2.844028186999999974e+01,-3.744842945599999950e+01,-3.376593698300000312e+01
1.417708708700000031e+01,-3.916516920000000113e+01,-3.502343860300000244e+01,-2.679787240499999967e+01,-3.315427430500000128e+01,-3.273814354099999946e+01
1.419709709700000033e+01,-3.227476785700000050e+01,-3.133052533600000089e+01,-2.686447729800000062e+01,-3.147075630300000171e+01,-3.043995980900000120e+01
1.421710710700000035e+01,-4.756826981900000106e+01,-3.739798607499999861e+01,-2.773030510599999943e+01,-3.270869285999999931e+01,-3.380778636200000165e+01
1.423711711700000038e+01,-2.758244290400000054e+01,-3.692323291999999668e+01,-2.642535416000000126e+01,-2.911684306200000094e+01,-3.236803189199999764e+01
1.425712712700000040e+01,-3.523881510999999733e+01,-5.819694432299999676e+01,-2.544400742399999871e+01,-3.978785329000000104e+01,-3.234760894200000081e+01
1.427713713700000042e+01,-4.033603442799999783e+01,-4.423058215300000029e+01,-2.682326496399999982e+01,-3.345377433099999820e+01,-3.185433185400000156e+01
1.429714714700000044e+01,-4.834506398700000318e+01,-4.294619255700000338e+01,-3.285423250099999848e+01,-3.635770184399999749e+01,-4.041750730100000055e+01
1.431715715700000047e+01,-3.611977720299999817e+01,-4.048854971299999761e+01,-2.743637427999999900e+01,-3.524353465099999738e+01,-3.125894533800000019e+01
1.433716716700000049e+01,-3.292235766299999966e+01,-3.731705072799999812e+01,-2.670423382399999923e+01,-4.632662311699999691e+01,-3.148408860800000042e+01
1.435717717700000051e+01,-4.136036018299999739e+01,-3.364240489699999870e+01,-2.637995067499999990e+01,-3.662717648000000281e+01,-3.119626230000000078e+01
1.437718718700000053e+01,-3.651706314500000161e+01,-3.875031432400000142e+01,-2.754733794199999863e+01,-3.867303788600000303e+01,-3.248848508399999702e+01
1.439719719700000056e+01,-3.678675573700000001e+01,-4.064243602599999861e+01,-3.016849047099999837e+01,-5.281170513099999653e+01,-3.094201164700000106e+01
1.441720720700000058e+01,-4.476112110399999722e+01,-3.211862731000000082e+01,-3.162969422300000133e+01,-3.632472503900000049e+01,-2.786843330800000018e+01
1.443721721700000060e+01,-3.116804969400000047e+01,-3.595652661300000119e+01,-3.347025631300000015e+01,-4.309040427800000117e+01,-3.057618743300000119e+01
1.445722722700000062e+01,-3.014884803200000007e+01,-4.273324290099999700e+01,-3.000248470400000045e+01,-4.734770841499999960e+01,-3.403151052599999815e+01
1.447723723700000065e+01,-5.198612412599999999e+01,-3.199326873300000074e+01,-2.886849050300000030e+01,-4.450689396300000311e+01,-4.395729403200000007e+01
1.449724724700000067e+01,-4.335464816399999677e+01,-3.324767892700000260e+01,-3.022700458099999921e+01,-6.531208995100000436e+01,-3.278902050500000342e+01
1.451725725700000069e+01,-3.374928572500000001e+01,-3.560891025699999801e+01,-2.957287720800000130e+01,-3.777099647899999724e+01,-3.392108032299999820e+01
1.453726726700000071e+01,-3.340380974800000047e+01,-4.099545463300000137e+01,-3.402056121999999760e+01,-3.981767822599999818e+01,-3.962505978600000134e+01
1.455727727700000074e+01,-3.788333244700000080e+01,-3.825802761199999935e+01,-3.214101134700000273e+01,-3.960135962700000078e+01,-3.859891875900000002e+01
1.457728728700000076e+01,-4.121666735099999812e+01,-3.637530908400000129e+01,-3.985161465499999878e+01,-3.781654308499999928e+01,-2.800496773800000128e+01
1.459729729700000078e+01,-2.469848154800000017e+01,-3.215377872599999876e+01,-4.000180142399999994e+01,-3.533556063799999691e+01,-3.880916372200000097e+01
1.461730730700000080e+01,-3.260265443600000168e+01,-3.641482536699999883e+01,-3.618091924499999834e+01,-4.175763408600000304e+01,-3.816108019499999671e+01
1.463731731700000083e+01,-4.668634402299999664e+01,-4.676499833100000103e+01,-3.626087124899999736e+01,-4.592279572900000062e+01,-4.265289044400000051e+01
1.465732732700000085e+01,-2.804539898000000164e+01,-3.396753323099999733e+01,-2.773769669100000002e+01,-4.273905402900000183e+01,-3.794471189499999753e+01
1.467733733700000087e+01,-2.929199437999999844e+01,-3.472805947599999854e+01,-3.306459450599999883e+01,-4.574092905900000261e+01,-3.526960684099999810e+01
1.469734734699999912e+01,-2.747325014700000168e+01,-3.609103429900000037e+01,-3.167078809499999892e+01,-3.822495067399999868e+01,-3.277861625399999923e+01
1.471735735699999914e+01,-3.324954791500000084e+01,-4.564032370299999997e+01,-3.459563976999999824e+01,-3.466159650000000170e+01,-3.802708985799999652e+01
1.473736736699999916e+01,-3.390193353600000137e+01,-4.560535992599999844e+01,-3.176258262099999996e+01,-3.507030368200000225e+01,-2.965588016699999940e+01
1.475737737699999919e+01,-4.080645592100000130e+01,-3.886141855599999673e+01,-3.145777171499999980e+01,-3.661894569100000041e+01,-3.603796973600000086e+01
1.477738738699999921e+01,-3.039581087199999843e+01,-3.344233707400000100e+01,-3.118859538799999953e+01,-4.412316816900000305e+01,-2.878934777899999986e+01
1.479739739699999923e+01,-3.134705234000000118e+01,-3.464508667700000188e+01,-2.933740822000000037e+01,-3.939414616399999858e+01,-2.684148887199999933e+01
1.481740740699999925e+01,-4.196917200699999739e+01,-3.674241223199999951e+01,-3.117376142199999833e+01,-3.993501176400000219e+01,-3.983803755000000280e+01
1.483741741699999928e+01,-3.413258133800000138e+01,-3.957865513000000135e+01,-2.793746984299999880e+01,-4.331708763599999656e+01,-2.730259932999999961e+01
1.485742742699999930e+01,-3.992050512299999809e+01,-3.509122100100000097e+01,-3.315475973000000209e+01,-3.796160420199999663e+01,-2.449791503499999834e+01
1.487743743699999932e+01,-3.000500392400000038e+01,-4.158545960200000025e+01,-2.763455815700000073e+01,-3.775671541900000250e+01,-2.816971154599999849e+01
1.489744744699999934e+01,-3.564918508400000263e+01,-3.301496245799999940e+01,-2.714239798499999878e+01,-3.868686841000000243e+01,-2.665484858399999979e+01
1.491745745699999937e+01,-5.555710496199999682e+01,-2.969443148199999882e+01,-2.563920844400000121e+01,-3.555203233499999982e+01,-2.959155709599999895e+01
1.493746746699999939e+01,-3.342838669000000351e+01,-3.433416136499999993e+01,-2.842674504800000079e+01,-3.775245729400000272e+01,-2.602480956599999828e+01
1.495747747699999941e+01,-3.800552642499999934e+01,-4.467981960299999855e+01,-2.406175049999999871e+01,-4.638993914600000323e+01,-2.307826063299999930e+01
1.497748748699999943e+01,-3.233682987400000286e+01,-4.058161854200000107e+01,-2.558933941700000148e+01,-4.535639507199999798e+01,-2.583191252099999957e+01
1.499749749699999946e+01,-3.394344339300000257e+01,-4.111996477099999936e+01,-2.454223687700000056e+01,-4.202994018599999748e+01,-2.728164204699999829e+01
1.501750750799999956e+01,-3.541293818100000124e+01,-4.476470349800000292e+01,-2.378846907699999846e+01,-3.388813485200000031e+01,-2.763961424400000055e+01
1.503751751799999958e+01,-3.132835016499999981e+01,-2.967629807400000175e+01,-2.516279986099999988e+01,-3.538480987700000213e+01,-2.719714056799999824e+01
1.505752752799999961e+01,-4.011823932200000087e+01,-3.267337256399999745e+01,-2.636032287999999824e+01,-3.083548942599999876e+01,-2.531061161399999904e+01
1.507753753799999963e+01,-3.858148856100000046e+01,-3.629676343799999927e+01,-2.285715288800000167e+01,-3.731406450800000130e+01,-2.778041894400000089e+01
1.509754754799999965e+01,-4.474193338399999931e+01,-3.902839026499999875e+01,-2.210056113499999952e+01,-4.598077143599999772e+01,-2.420403162299999877e+01
1.511755755799999967e+01,-3.657375716399999988e+01,-4.169289057799999654e+01,-2.573534520300000139e+01,-3.532512325399999753e+01,-2.891308622100000036e+01
1.513756756799999970e+01,-3.400365764200000029e+01,-3.210688631699999718e+01,-2.380860001699999984e+01,-3.394217904199999936e+01,-2.566064664499999992e+01
1.515757757799999972e+01,-3.128970540199999917e+01,-3.262018010399999923e+01,-2.536800497899999840e+01,-4.490445505299999951e+01,-2.706471495399999938e+01
1.517758758799999974e+01,-2.971622376899999907e+01,-3.465481059900000105e+01,-2.259919552899999928e+01,-4.232424388300000118e+01,-2.666760443700000138e+01
1.519759759799999976e+01,-3.246543219299999805e+01,-3.553666544099999669e+01,-2.405231015200000044e+01,-3.660472856999999891e+01,-2.343964316099999934e+01
1.521760760799999979e+01,-3.606927890699999750e+01,-3.942050062900000285e+01,-2.344405847899999884e+01,-3.408139883100000134e+01,-3.003010098800000094e+01
1.523761761799999981e+01,-4.129993302300000124e+01,-3.684985981300000191e+01,-2.490431382899999946e+01,-4.444350463699999665e+01,-2.540578811299999984e+01
1.525762762799999983e+01,-2.608396772500000083e+01,-3.526371233999999788e+01,-2.297640704999999883e+01,-4.229117728800000009e+01,-2.723692431999999997e+01
1.527763763799999985e+01,-2.663886463600000098e+01,-3.510787902199999877e+01,-2.576578406799999854e+01,-4.092356131599999713e+01,-2.871710779800000068e+01
1.529764764799999988e+01,-3.746008601900000201e+01,-3.087162914600000008e+01,-2.458238596700000045e+01,-4.392550046099999861e+01,-3.055440954799999886e+01
1.531765765799999990e+01,-4.015364816200000320e+01,-3.129017069400000040e+01,-2.405579737700000109e+01,-4.869369482999999832e+01,-2.564658096100000151e+01
1.533766766799999992e+01,-3.749614085200000346e+01,-3.005725131200000178e+01,-2.706183939900000013e+01,-3.902586958700000253e+01,-2.934655086300000093e+01
1.535767767799999994e+01,-3.448640566000000263e+01,-2.302534189100000006e+01,-2.479246269800000135e+01,-3.868485461200000231e+01,-2.644421186499999976e+01
1.537768768799999997e+01,-3.509924288700000261e+01,-4.860166089599999850e+01,-2.750263020599999919e+01,-5.373100408500000214e+01,-2.886862785299999956e+01
1.539769769799999999e+01,-3.318956950100000114e+01,-3.195056088600000166e+01,-2.731542543500000164e+01,-4.331277884400000033e+01,-3.302802022699999895e+01
1.541770770800000001e+01,-3.484419459000000074e+01,-4.308756095999999758e+01,-2.610793590300000133e+01,-3.726198677000000004e+01,-3.023133946300000119e+01
1.543771771800000003e+01,-3.066674423299999930e+01,-3.266721552799999984e+01,-3.180843982900000100e+01,-4.435977651799999677e+01,-2.844286770300000100e+01
1.545772772800000006e+01,-3.535837331100000114e+01,-2.923458533899999878e+01,-2.758084900400000095e+01,-3.533884059999999749e+01,-3.670959239199999757e+01
1.547773773800000008e+01,-4.027065858400000309e+01,-3.604940254899999985e+01,-3.019302479799999972e+01,-3.960953795900000074e+01,-3.208748778300000026e+01
1.549774774800000010e+01,-3.654428916599999866e+01,-4.351672015300000140e+01,-2.890545860399999967e+01,-4.206088625900000011e+01,-3.708911064800000190e+01
1.551775775800000012e+01,-3.365255679100000208e+01,-3.744054800800000038e+01,-2.947987249599999870e+01,-3.716815646999999956e+01,-2.933134438200000105e+01
1.553776776800000015e+01,-5.171137694699999798e+01,-3.190801697399999881e+01,-2.788966008899999949e+01,-4.078526696699999832e+01,-3.248589741800000041e+01
1.555777777800000017e+01,-2.883847672399999951e+01,-3.003746880699999977e+01,-3.229592797800000170e+01,-5.332216077599999693e+01,-3.539563599000000238e+01
1.557778778800000019e+01,-3.886085579600000273e+01,-3.148316359900000094e+01,-2.910321373600000072e+01,-3.138144857300000012e+01,-2.770283266699999913e+01
1.559779779800000021e+01,-4.353083828900000185e+01,-3.208729069299999992e+01,-2.951123720100000014e+01,-3.087942824699999989e+01,-3.544643222300000218e+01
1.561780780800000024e+01,-2.939520017199999913e+01,-3.943706071500000121e+01,-2.780503108099999920e+01,-3.926612814199999946e+01,-2.925536187000000155e+01
1.563781781800000026e+01,-2.676715396699999872e+01,-4.316273287799999991e+01,-2.828355176699999873e+01,-3.488311850600000241e+01,-2.536706798100000171e+01
1.565782782800000028e+01,-5.566583269499999886e+01,-3.338688308999999776e+01,-3.108838415800000021e+01,-3.938877686400000044e+01,-2.986605412400000148e+01
1.567783783800000030e+01,-3.339386522000000213e+01,-3.636134665699999857e+01,-2.841922458599999857e+01,-3.165684256600000168e+01,-3.225870275900000195e+01
1.569784784800000033e+01,-3.137091665799999873e+01,-5.627508887500000156e+01,-3.283560741000000149e+01,-4.137619373999999794e+01,-2.465822941100000065e+01
1.571785785800000035e+01,-3.727740122000000156e+01,-4.622498256699999786e+01,-2.562578533299999961e+01,-3.235840182599999793e+01,-2.836743487600000080e+01
1.573786786800000037e+01,-4.040306617800000311e+01,-3.156073519099999913e+01,-2.911778863800000039e+01,-3.392742294300000339e+01,-2.840172266100000087e+01
1.575787787800000039e+01,-3.678942730100000347e+01,-3.407564700199999663e+01,-3.187107526200000152e+01,-3.834021009100000299e+01,-3.203885153699999933e+01
1.577788788800000042e+01,-4.321065604199999655e+01,-4.364819389400000205e+01,-2.953191026200000024e+01,-4.323246931399999937e+01,-2.776536536700000113e+01
1.579789789800000044e+01,-2.920640381300000143e+01,-3.337778642600000012e+01,-2.904513180500000047e+01,-4.367579924099999999e+01,-2.338746558700000122e+01
1.581790790800000046e+01,-3.543288397999999972e+01,-2.984032256000000061e+01,-2.725017554200000092e+01,-3.823688786499999992e+01,-2.505076575500000047e+01
1.583791791800000048e+01,-4.084609449999999953e+01,-3.337233542399999919e+01,-2.728545451999999827e+01,-2.967214625100000092e+01,-2.581438797799999918e+01
1.585792792800000051e+01,-2.825652127400000069e+01,-5.194276807699999665e+01,-2.493232365400000106e+01,-3.466132832600000313e+01,-2.450084177000000096e+01
1.587793793800000053e+01,-3.663741486899999700e+01,-3.657288712599999769e+01,-2.855666620699999925e+01,-3.162840618499999934e+01,-2.609317325499999995e+01
1.589794794800000055e+01,-2.546221166500000166e+01,-3.464155969699999815e+01,-2.499633170299999918e+01,-3.425826352299999655e+01,-3.323791005700000056e+01
1.591795795800000057e+01,-3.186795709900000162e+01,-3.210417699500000310e+01,-3.751046459199999816e+01,-2.802972043999999840e+01,-3.057132076799999965e+01
1.593796796800000060e+01,-4.008428249899999685e+01,-3.855025346400000075e+01,-2.635722354800000033e+01,-3.435622127500000289e+01,-2.452503141400000075e+01
1.595797797800000062e+01,-3.253109617999999870e+01,-4.070202310199999829e+01,-2.417973708599999938e+01,-3.463494632100000103e+01,-3.238065988000000317e+01
1.597798798800000064e+01,-3.847395765299999937e+01,-3.285217287599999736e+01,-2.362580727699999983e+01,-3.753337131100000335e+01,-3.215970082300000144e+01
1.599799799800000066e+01,-3.860706952999999686e+01,-3.423143243300000194e+01,-2.487224803699999853e+01,-3.192501080499999944e+01,-2.868562558700000054e+01
1.601800800799999891e+01,-2.103347884500000120e+01,-3.029507909599999849e+01,-2.377485501399999990e+01,-3.100847729199999847e+01,-3.025801868699999986e+01
1.603801801799999893e+01,-3.268582364299999909e+01,-2.595830366499999897e+01,-2.162665089300000076e+01,-3.111568602499999869e+01,-2.806513457999999872e+01
1.605802802799999895e+01,-3.352136277200000336e+01,-3.025021851400000017e+01,-2.346022509899999875e+01,-4.556301788300000055e+01,-2.921814061799999962e+01
1.607803803799999898e+01,-2.515169203399999986e+01,-3.691795986999999712e+01,-2.439677844799999917e+01,-3.850578901400000120e+01,-3.151608622599999876e+01
1.609804804799999900e+01,-3.040490063600000070e+01,-2.506645689000000132e+01,-2.527761457200000095e+01,-2.793848943700000120e+01,-2.962226060100000069e+01
1.611805805799999902e+01,-3.121063156900000024e+01,-2.542047003300000085e+01,-2.301983571199999901e+01,-3.800615938600000021e+01,-2.466252527700000030e+01
1.613806806799999904e+01,-3.429051338499999702e+01,-3.668511853300000070e+01,-2.230104901300000009e+01,-3.489890135899999990e+01,-2.909530820999999889e+01
1.615807807799999907e+01,-2.835646597799999924e+01,-3.702092833999999755e+01,-2.562691627699999941e+01,-3.528781923100000029e+01,-3.051822823999999912e+01
1.617808808799999909e+01,-2.880738254299999923e+01,-4.800551250699999883e+01,-2.315383999100000167e+01,-3.217056632599999944e+01,-2.896952685300000141e+01
1.619809809799999911e+01,-2.453477123400000082e+01,-3.041354147499999883e+01,-4.072412990800000188e+01,-2.761135364300000106e+01,-3.175491085000000169e+01
1.621810810799999913e+01,-2.120982048999999847e+01,-4.424677000100000157e+01,-2.397184575600000045e+01,-3.103493798699999928e+01,-2.289246814799999896e+01
1.623811811799999916e+01,-3.097081897500000025e+01,-3.688514190200000087e+01,-2.677795655999999980e+01,-3.610658775699999978e+01,-2.490801342099999971e+01
1.625812812799999918e+01,-2.606981281899999914e+01,-2.953068798400000006e+01,-2.461908257800000044e+01,-3.019519159400000063e+01,-2.497208482599999968e+01
1.627813813799999920e+01,-3.379057984300000328e+01,-4.823837579399999953e+01,-2.794029502000000065e+01,-3.430716635999999653e+01,-2.684807969699999930e+01
1.629814814799999922e+01,-3.230182073000000287e+01,-4.273109811999999863e+01,-2.784477277399999906e+01,-4.445446939800000052e+01,-2.455248247300000131e+01
1.631815815799999925e+01,-3.325603126099999685e+01,-3.588394715700000148e+01,-2.292334015599999830e+01,-3.945212604099999965e+01,-2.031139909299999857e+01
1.633816816799999927e+01,-2.639683625199999994e+01,-4.493201948299999771e+01,-2.840085426599999963e+01,-3.459604421800000296e+01,-2.418074759199999946e+01
1.635817817799999929e+01,-3.408247017099999709e+01,-3.986099435999999940e+01,-3.220015938600000283e+01,-3.448626587300000068e+01,-2.953815427800000037e+01
1.637818818799999931e+01,-2.454380092499999932e+01,-2.982113320699999903e+01,-2.659845985000000113e+01,-4.397094349099999988e+01,-2.553031420299999965e+01
1.639819819799999934e+01,-3.110397638699999945e+01,-2.701075368200000071e+01,-2.683023951799999907e+01,-3.608608569500000129e+01,-2.455445088800000164e+01
1.641820820799999936e+01,-3.289865660800000313e+01,-2.939050872600000019e+01,-2.631181074299999878e+01,-3.058394558999999902e+01,-2.589167543599999988e+01
1.643821821799999938e+01,-2.466060059400000171e+01,-3.931570824500000327e+01,-2.607717583499999847e+01,-4.163627475700000247e+01,-1.990362127899999933e+01
1.645822822799999940e+01,-3.118998743699999920e+01,-3.837794612500000113e+01,-2.960980067599999899e+01,-2.870812441600000042e+01,-2.413330118100000021e+01
1.647823823799999943e+01,-3.353857395600000046e+01,-3.243218791399999645e+01,-3.172183146700000123e+01,-4.179943138200000163e+01,-3.015722018199999965e+01
1.649824824799999945e+01,-3.018530203899999975e+01,-3.765716737000000336e+01,-2.468305850200000151e+01,-4.352107678299999804e+01,-2.103739390699999845e+01
1.651825825799999947e+01,-2.959434659800000134e+01,-3.628650692800000144e+01,-2.591860426899999936e+01,-4.461063041599999934e+01,-2.398871787899999930e+01
1.653826826799999949e+01,-3.525470292300000352e+01,-3.027955366799999837e+01,-3.483931120599999787e+01,-4.236997214299999825e+01,-1.810964255300000048e+01
1.655827827799999952e+01,-3.254921897599999880e+01,-3.506534848999999809e+01,-2.960480096899999936e+01,-3.352529168800000292e+01,-2.569521409400000067e+01
1.657828828799999954e+01,-2.162557547200000130e+01,-3.274228751100000068e+01,-2.990985713999999973e+01,-4.217176458400000172e+01,-2.315974798699999937e+01
1.659829829799999956e+01,-4.511756265599999693e+01,-4.432410121600000252e+01,-3.036101532800000058e+01,-2.920821327799999878e+01,-2.362727776399999868e+01
1.661830830799999958e+01,-3.852250516299999816e+01,-4.066834500099999872e+01,-3.075715112800000028e+01,-3.444926227999999924e+01,-2.399529694399999968e+01
1.663831831799999961e+01,-2.582482105100000069e+01,-2.853593931700000041e+01,-3.180727752299999977e+01,-3.302553038300000310e+01,-2.506869271700000112e+01
1.665832832799999963e+01,-2.480920670000000072e+01,-3.382889875099999699e+01,-2.809514695900000092e+01,-3.025354059100000015e+01,-2.389258501100000132e+01
1.667833833799999965e+01,-3.387357154099999690e+01,-3.159297460599999852e+01,-2.690465489800000043e+01,-3.895072225199999849e+01,-2.376345107199999873e+01
1.669834834799999967e+01,-2.422305817599999855e+01,-2.772041134099999837e+01,-2.829852865899999870e+01,-3.226901794500000165e+01,-2.131662223400000045e+01
1.671835835799999970e+01,-4.251373656599999862e+01,-4.101045990499999760e+01,-2.583753679499999834e+01,-3.415502196700000326e+01,-2.554912981000000016e+01
1.673836836799999972e+01,-2.989386351199999936e+01,-3.708442233400000276e+01,-2.646979815499999944e+01,-3.255474155499999966e+01,-2.588583716899999843e+01
1.675837837799999974e+01,-3.021327073100000149e+01,-3.740162099999999867e+01,-3.096714709700000157e+01,-3.808946828700000253e+01,-2.013831494500000119e+01
1.677838838799999976e+01,-3.141807618700000049e+01,-3.881100810699999926e+01,-3.081289130500000084e+01,-3.518012515699999909e+01,-2.327484103200000121e+01
1.679839839799999979e+01,-2.447253010600000067e+01,-2.920609821400000072e+01,-2.923717867599999920e+01,-4.671965367899999677e+01,-2.680780120800000077e+01
1.681840840799999981e+01,-2.533752633299999957e+01,-3.333037442199999845e+01,-2.660532645600000023e+01,-3.169087530799999897e+01,-2.570516354000000092e+01
1.683841841799999983e+01,-2.540453948600000089e+01,-3.977590291199999939e+01,-2.598536118299999842e+01,-2.903908112599999924e+01,-2.202578576000000155e+01
1.685842842799999985e+01,-1.915329842699999929e+01,-3.451924840600000266e+01,-3.086569934899999978e+01,-3.261070716399999725e+01,-1.831413713999999970e+01
1.687843843799999988e+01,-2.911989213600000070e+01,-4.475958250600000099e+01,-2.616771998500000151e+01,-3.096285168900000073e+01,-1.959484526099999968e+01
1.689844844799999990e+01,-2.809696262900000008e+01,-4.037458836199999723e+01,-2.465859724699999944e+01,-2.950153406100000097e+01,-1.753690961799999926e+01
1.691845845799999992e+01,-3.162639689999999959e+01,-3.898802399400000240e+01,-2.397458919399999999e+01,-3.285475243799999845e+01,-2.732615674699999886e+01
1.693846846799999994e+01,-2.352983056400000095e+01,-3.102724038299999876e+01,-2.453962043800000004e+01,-2.347876155599999848e+01,-2.457238427800000125e+01
1.695847847799999997e+01,-3.283524035100000305e+01,-4.109583647600000234e+01,-2.353354657099999869e+01,-3.257315092599999673e+01,-2.147173457799999952e+01
1.697848848799999999e+01,-2.969571795099999889e+01,-3.231326731400000085e+01,-2.680961030399999956e+01,-2.778069484299999914e+01,-2.628042243899999875e+01
1.699849849800000001e+01,-3.286594108199999908e+01,-3.776342369500000018e+01,-2.331629872099999901e+01,-2.331872681500000155e+01,-2.650185964900000002e+01
1.701850850900000012e+01,-2.360325968900000149e+01,-5.542113502600000174e+01,-2.703055964099999997e+01,-2.598318779399999912e+01,-2.410850556000000111e+01
1.703851851900000014e+01,-3.711352222099999665e+01,-3.448021512100000052e+01,-2.453618815200000114e+01,-3.549131025799999861e+01,-1.904473707500000046e+01
1.705852852900000016e+01,-3.634892623999999728e+01,-3.957138299500000045e+01,-2.520217771500000126e+01,-3.403985338399999705e+01,-1.933896541500000055e+01
1.707853853900000018e+01,-3.370614172199999814e+01,-2.586155034800000152e+01,-2.841420655800000006e+01,-3.264909693300000271e+01,-2.755991478299999997e+01
1.709854854900000021e+01,-4.930647270200000065e+01,-3.304393639900000323e+01,-2.498837694999999925e+01,-2.341278848199999985e+01,-2.684954297000000167e+01
1.711855855900000023e+01,-4.039670283699999942e+01,-4.077383002999999917e+01,-2.751472525799999858e+01,-2.950300931499999990e+01,-2.400886534800000049e+01
1.713856856900000025e+01,-4.812857610399999686e+01,-4.229460043400000302e+01,-2.575836736899999835e+01,-3.051766775300000134e+01,-2.390262046699999843e+01
1.715857857900000027e+01,-2.664860431500000004e+01,-3.035519836099999935e+01,-2.550425286899999833e+01,-2.474288706999999832e+01,-2.354628452700000096e+01
1.717858858900000030e+01,-3.502314042999999799e+01,-4.861708733199999699e+01,-2.619526484800000077e+01,-2.825000271600000090e+01,-1.652631736900000092e+01
1.719859859900000032e+01,-6.127150836700000269e+01,-3.364422358400000235e+01,-2.901958221800000004e+01,-2.602812836500000060e+01,-2.094666975100000172e+01
1.721860860900000034e+01,-2.568339276000000027e+01,-3.415758779800000156e+01,-2.596462853899999956e+01,-2.502775873599999912e+01,-2.605213683299999872e+01
1.723861861900000036e+01,-4.479193099799999800e+01,-4.184096416100000226e+01,-2.867691301300000006e+01,-2.738280961099999899e+01,-2.497861920700000127e+01
1.725862862900000039e+01,-3.797266248799999744e+01,-3.309987490400000354e+01,-3.080513910899999885e+01,-2.771636075300000002e+01,-2.593620746399999888e+01
1.727863863900000041e+01,-3.712677824800000081e+01,-3.857908438799999828e+01,-2.404163558400000156e+01,-2.783202747400000021e+01,-3.283562971500000316e+01
1.729864864900000043e+01,-2.323297640599999880e+01,-3.474395683000000190e+01,-2.798796301999999869e+01,-3.430988003400000252e+01,-2.860138320700000136e+01
1.731865865900000045e+01,-3.395485301600000128e+01,-3.555016329000000042e+01,-3.118515349600000164e+01,-3.187286869700000125e+01,-1.276261662399999963e+01
1.733866866900000048e+01,-4.288098072100000024e+01,-3.743774105899999682e+01,-3.048845032899999907e+01,-2.283401573200000101e+01,-2.356243893899999975e+01
1.735867867900000050e+01,-4.322211390700000067e+01,-2.710757691799999947e+01,-2.840897359199999883e+01,-3.502822476499999738e+01,-3.415996429700000192e+01
1.737868868900000052e+01,-2.972441121700000011e+01,-3.047426652900000121e+01,-3.429786569600000234e+01,-3.237637627899999870e+01,-3.697547547399999956e+01
1.739869869900000054e+01,-3.313865580099999875e+01,-4.456426934800000339e+01,-3.211886195299999969e+01,-2.726875587800000034e+01,-3.007566206599999958e+01
1.741870870900000057e+01,-3.423222588400000177e+01,-3.024517849500000111e+01,-3.011149019799999849e+01,-3.043528136300000142e+01,-1.781475280700000141e+01
1.743871871900000059e+01,-4.440852758199999784e+01,-2.649740930500000147e+01,-2.911186062699999866e+01,-2.969628524899999888e+01,-3.348459506100000027e+01
1.745872872900000061e+01,-3.703451456100000172e+01,-3.225468653600000124e+01,-2.463525214499999905e+01,-2.682868538800000024e+01,-1.764152174199999834e+01
1.747873873900000063e+01,-4.616164059100000117e+01,-3.561960400600000298e+01,-2.875037546900000152e+01,-2.744907539700000143e+01,-2.085468303500000076e+01
1.749874874900000066e+01,-4.102258383899999927e+01,-2.997032473000000152e+01,-3.704658411199999790e+01,-2.830619866199999990e+01,-2.377045237200000116e+01
1.751875875900000068e+01,-5.058113803300000200e+01,-2.713396718999999990e+01,-2.877806011199999858e+01,-3.647872505899999851e+01,-2.538522489300000018e+01
1.753876876900000070e+01,-3.944877807700000005e+01,-3.892944289599999763e+01,-2.632351351499999836e+01,-2.792940788199999957e+01,-1.347578933900000031e+01
1.755877877900000072e+01,-3.710444079300000197e+01,-3.102618285200000159e+01,-2.563764814399999992e+01,-3.178201648699999993e+01,-2.147307090199999990e+01
1.757878878900000075e+01,-5.330141336100000160e+01,-3.069622591099999909e+01,-1.914406028100000157e+01,-1.089659491399999958e+01,-3.157820762200000075e+01
1.759879879900000077e+01,-3.123622144599999828e+01,-3.225385435199999762e+01,-2.791076600599999935e+01,-4.903216588000000087e+01,-2.168268082299999833e+01
1.761880880900000079e+01,-3.238364151999999763e+01,-3.794671793500000234e+01,-2.358035625600000174e+01,-3.717066961300000116e+01,-1.808870602100000013e+01
1.763881881900000081e+01,-3.878393358299999960e+01,-2.760461068100000048e+01,-2.951201172100000036e+01,-3.420251237099999742e+01,-2.594480606000000122e+01
1.765882882900000084e+01,-3.737274329000000250e+01,-4.013029686899999859e+01,-2.696437337300000081e+01,-3.435969619800000174e+01,-2.288916367099999860e+01
1.767883883900000086e+01,-4.343514640200000088e+01,-3.074612766699999966e+01,-2.536349350500000099e+01,-3.471838120900000035e+01,-3.005681384900000097e+01
1.769884884900000088e+01,-3.277167331500000103e+01,-3.621101653000000198e+01,-2.931408143799999877e+01,-5.603698850300000345e+01,-2.134458142000000080e+01
1.771885885900000090e+01,-3.646574583200000319e+01,-4.381536885300000250e+01,-2.894197799299999829e+01,-2.247291601999999955e+01,-8.501747895499999430e+00
1.773886886900000093e+01,-2.761927165699999875e+01,-3.051214191800000108e+01,-2.087210746599999922e+01,-2.057595416199999860e+01,-2.233469425199999847e+01
1.775887887900000095e+01,-4.037537644199999676e+01,-3.085430173499999995e+01,-2.455643939699999834e+01,-1.733661692500000129e+01,-3.214165181700000318e+01
1.777888888900000097e+01,-3.205022009300000008e+01,-3.701331736299999875e+01,-2.612869498699999937e+01,-3.150426297799999986e+01,-2.295367608800000170e+01
1.779889889900000099e+01,-3.070492865199999954e+01,-3.316295416500000215e+01,-2.235044104300000001e+01,-2.787755675200000027e+01,-2.208708131099999861e+01
1.781890890900000102e+01,-3.136035079299999850e+01,-3.839686543799999896e+01,-1.901180386400000089e+01,-3.009582561799999922e+01,-2.867549556799999877e+01
1.783891891900000104e+01,-5.157990463899999867e+01,-3.308671166500000282e+01,-2.400825615899999832e+01,-2.419208370699999833e+01,-2.635198239600000036e+01
1.785892892900000106e+01,-2.548370021299999877e+01,-2.610152124700000087e+01,-2.742408772399999961e+01,-2.723353038999999853e+01,-2.273582016499999980e+01
1.787893893900000108e+01,-3.879705302400000022e+01,-4.061558751599999795e+01,-3.377861898399999774e+01,-3.093732569299999824e+01,-3.286992724000000266e+01
1.789894894900000111e+01,-3.248837280099999703e+01,-2.934697782299999957e+01,-2.930176465399999941e+01,-2.505154808300000013e+01,-3.564213895700000023e+01
1.791895895900000113e+01,-3.496079817999999761e+01,-2.876523860600000049e+01,-1.934699141200000128e+01,-1.674757868600000066e+01,-2.962212774700000040e+01
1.793896896900000115e+01,-3.236661106300000057e+01,-3.144346252200000080e+01,-5.369982892900000415e+00,9.250734078900000323e-01,-2.321096144599999889e+01
1.795897897900000117e+01,-4.181223853400000223e+01,-3.807666070599999841e+01,-2.381981485000000021e+01,-3.717351633599999872e+01,-3.081421067599999830e+01
1.797898898900000120e+01,-3.083106839499999907e+01,-1.024798867199999997e+01,-2.582653809700000025e+01,-2.495532662400000135e+01,-2.516663016100000050e+01
1.799899899900000122e+01,-3.504553768499999933e+01,-2.977407892300000114e+01,-2.811786068900000046e+01,-3.324147209699999905e+01,-3.063376764499999894e+01
1.801900900900000124e+01,-2.982512537599999902e+01,-3.452809200000000089e+01,-1.581594145699999920e+01,-1.890415989899999971e+01,-2.163362067699999969e+01
1.803901901900000126e+01,-4.324364756500000340e+01,-3.854596721400000092e+01,-2.601542965599999846e+01,-2.741600398499999969e+01,-2.833928269999999827e+01
1.805902902900000129e+01,-4.100637013000000053e+01,-3.519736081199999944e+01,-2.668229932599999898e+01,-2.514771602300000097e+01,-3.763545515900000282e+01
1.807903903900000131e+01,-3.922993625499999837e+01,-3.922045216299999737e+01,-2.791816371299999844e+01,-2.660646436800000103e+01,-3.299380964699999907e+01
1.809904904900000133e+01,-3.822933685299999951e+01,-2.689518637200000128e+01,-2.606229500599999938e+01,-2.571636904900000076e+01,-3.014913909799999914e+01
1.811905905900000135e+01,-3.250153478499999693e+01,-8.401340500299999903e+00,-3.252219676400000026e+01,-3.180207815600000032e+01,-2.038580847800000129e+01
1.813906906900000138e+01,-3.833945974699999937e+01,-2.977577241699999888e+01,-3.183063307800000175e+01,-3.136817317399999894e+01,-2.999162553300000056e+01
1.815907907900000140e+01,-3.301434942600000255e+01,-3.056811652300000048e+01,-2.912669480799999988e+01,-2.263409784299999927e+01,-3.009992040999999929e+01
1.817908908900000142e+01,-4.356002666799999901e+01,-3.707363055999999801e+01,-2.623462548399999861e+01,-2.434102999499999953e+01,-2.932631967700000075e+01
1.819909909900000144e+01,-3.342679552199999904e+01,-2.880714954000000105e+01,-2.369953246300000060e+01,-2.413230412900000132e+01,-1.843947002299999838e+01
1.821910910900000147e+01,-4.204167753299999788e+01,-3.702864963799999742e+01,-2.797177672700000173e+01,-2.598850980399999955e+01,-2.927440173200000118e+01
1.823911911900000149e+01,-3.850252050800000347e+01,-3.618372770900000290e+01,-2.079324895499999926e+01,-2.741687717599999985e+01,-2.650212674400000168e+01
1.825912912900000151e+01,-3.300817546999999763e+01,-3.324860716199999899e+01,-2.320894771800000100e+01,-2.747930468799999915e+01,-2.842715156400000165e+00
1.827913913900000153e+01,-5.869053808099999969e+01,-3.152404891400000153e+01,-2.590634504499999835e+01,-2.707047823299999934e+01,-4.150646131900000313e+01
1.829914914900000156e+01,-3.326701257700000269e+01,-2.993291654800000146e+01,-2.515284293799999915e+01,-2.847571466500000170e+01,-2.915622647400000034e+01
1.831915915900000158e+01,-1.621019743400000124e+01,-5.749206181800000337e+01,-2.588498055299999834e+01,-2.923953380200000041e+01,-2.281325186100000124e+01
1.833916916900000160e+01,-3.978323724100000192e+01,-1.935357750900000084e+01,-2.392337230200000064e+01,-2.564756141399999834e+01,-2.369666187099999988e+01
1.835917917900000162e+01,-2.630885864000000041e+01,-3.572913547600000328e+01,-3.040066849899999823e+01,-2.326874938499999956e+01,-2.219274091899999846e+01
1.837918918900000165e+01,-3.051939145900000128e+01,-3.861545650899999771e+01,-2.176737666700000062e+01,-4.095361459099999735e+01,-2.588228813399999950e+01
1.839919919900000167e+01,-3.553652790799999650e+01,-4.268937756300000075e+01,-2.625046333299999901e+01,-2.673805858500000099e+01,-3.442852063800000195e+00
1.841920920900000169e+01,-2.335186106400000128e+01,-2.796714684799999873e+01,-2.178618244200000120e+01,-2.163966645900000074e+01,-2.243280110199999910e+01
1.843921921900000171e+01,-2.486697561200000095e+01,-3.154817325499999825e+01,-3.205261063100000030e+01,-2.187793060099999920e+01,-3.343745434200000233e+01
1.845922922900000174e+01,-2.321696410799999910e+01,-3.013675077499999944e+01,-4.411223176400000057e+01,-4.505349357800000121e+01,-2.005704043100000078e+01
1.847923923900000176e+01,-3.740001187499999702e+01,-2.579434557700000141e+01,-2.049992259300000086e+01,-1.922987665500000176e+01,-1.885094542299999887e+01
1.849924924899999823e+01,-4.521458114200000011e+01,-3.334095013799999663e+01,-2.262074062299999966e+01,-2.975785722099999830e+01,-2.232504354099999944e+01
1.851925925899999825e+01,-3.542942561000000268e+01,-3.414472650700000145e+01,-2.749985964200000055e+01,-3.310909202700000264e+01,-2.776858288700000088e+01
1.853926926899999827e+01,-1.640614238099999866e+01,-2.787418831999999824e+01,-3.292702922299999813e+01,-2.458075389100000052e+01,-2.336315944500000086e+01
1.855927927899999830e+01,-5.688116292899999848e+01,-3.244970138600000098e+01,-2.979765810099999968e+01,-2.886785939299999981e+01,-2.100545435900000157e+01
1.857928928899999832e+01,-3.167759441800000175e+01,-2.295423331499999975e+01,-3.119100144900000160e+01,-2.433194494099999972e+01,-2.361176534599999854e+01
1.859929929899999834e+01,-2.160034694899999863e+01,-2.833134861699999973e+01,-2.477324516099999840e+01,-4.559155635399999795e+01,-1.704298085900000004e+01
1.861930930899999836e+01,-2.823093120900000130e+01,-2.939115827299999850e+01,-3.192974137899999931e+01,-4.106776655800000242e+01,-2.539511847900000063e+01
1.863931931899999839e+01,-3.685923896100000263e+01,-2.872674413000000015e+01,-3.568208938200000091e+01,-4.158990085899999656e+01,-2.605539310700000044e+01
1.865932932899999841e+01,-3.751556568400000202e+01,-4.324233150599999931e+01,-4.271701365399999872e+01,-3.246710448500000012e+01,-2.645567178900000016e+01
1.867933933899999843e+01,-5.832663676800000019e+01,-3.649142543300000341e+01,-1.375453078500000004e+01,-1.063851470800000065e+01,-1.252606347599999914e+01
1.869934934899999845e+01,-4.066375346000000235e+01,-4.043998347899999857e+01,-3.435376782400000195e+01,-2.291527698499999843e+01,-1.780816016700000048e+01
1.871935935899999848e+01,-2.694963535799999832e+01,-3.556740806900000251e+01,-2.727389113199999926e+01,-2.972536116099999859e+01,-3.425306284399999868e+01
1.873936936899999850e+01,-2.173032549199999863e+01,-3.741434861100000120e+01,-3.548325668900000096e+01,-3.130058156300000149e+01,-3.309309910500000029e+01
1.875937937899999852e+01,-3.906605848099999889e+01,-3.411496000700000053e+01,-3.302516505300000205e+01,-3.444700389799999840e+01,-2.389282212899999891e+01
1.877938938899999854e+01,-4.984869847699999923e+01,-3.845964800800000205e+01,-1.861160015400000134e+01,-2.681954940600000015e+01,-1.286408358199999924e+01
1.879939939899999857e+01,-3.247147596500000333e+01,-2.696490036399999823e+01,-3.144191006899999863e+01,-2.817170211799999890e+01,-2.195558502700000147e+01
1.881940940899999859e+01,-4.152421602300000103e+01,-4.748762301400000041e+01,-2.447529138200000176e+01,-4.424791378399999786e+01,-2.425350793499999824e+01
1.883941941899999861e+01,-4.680719850599999887e+01,-3.440612201199999731e+01,-2.397815244699999937e+01,-2.626298597199999918e+01,-2.137659237800000156e+01
1.885942942899999863e+01,-3.431657173499999658e+01,-3.912849335899999659e+01,-2.590180110300000038e+01,-3.263781967399999928e+01,-2.910064298700000052e+01
1.887943943899999866e+01,-4.160457382399999915e+01,-2.091026663699999943e+01,-1.466458827499999984e+01,-1.470031472600000022e+01,-1.976956299600000122e+01
1.889944944899999868e+01,-3.606441696099999916e+01,-3.677342528100000152e+01,-2.543540968099999944e+01,-2.734756122399999967e+01,-2.726494785199999882e+01
1.891945945899999870e+01,-3.553684408499999847e+01,-3.350444091300000338e+01,-2.677026848399999892e+01,-3.229636754500000251e+01,-2.553940879099999961e+01
1.893946946899999872e+01,-3.507252805400000284e+01,-5.315926266499999997e+01,-2.486887824800000146e+01,-3.413421598600000095e+01,-3.504608471499999922e+01
1.895947947899999875e+01,-3.210835028500000021e+01,-4.476738755800000291e+01,-2.592558474200000163e+01,-3.878575606100000073e+01,-3.713221704499999731e+01
1.897948948899999877e+01,-5.530817984600000159e+01,-2.567258721399999999e+01,-2.077067455299999921e+01,-2.730197014399999844e+01,-1.548775707399999924e+01
1.899949949899999879e+01,-3.529685637200000059e+01,-4.668007098500000041e+01,-3.246924079899999782e+01,-2.873455029699999841e+01,-4.754424654299999986e+01
1.901950950999999890e+01,-4.601993788800000118e+01,-4.618111877399999798e+01,-2.448114854900000026e+01,-2.906137349600000164e+01,-2.519077009900000164e+01
1.903951951999999892e+01,-4.833792883499999959e+01,-2.830885431300000121e+01,-2.662580532799999844e+01,-2.350982773200000153e+01,-3.445580512400000117e+01
1.905952952999999894e+01,-5.023228762699999805e+01,-3.728549599099999767e+01,-2.130390442699999909e+01,-2.718161747099999914e+01,-2.692790961300000063e+01
1.907953953999999896e+01,-3.745327912199999787e+01,-3.013729406999999938e+01,-2.445185281399999866e+01,-1.404713451599999985e+01,-3.116478338399999970e+01
1.909954954999999899e+01,-2.745554734299999922e+01,-3.475483288899999934e+01,-2.334949184399999922e+01,-1.301499294799999973e+01,-1.619101591900000159e+01
1.911955955999999901e+01,-3.309727916199999953e+01,-4.058465506600000339e+01,-2.270437789400000028e+01,-4.326700778400000047e+01,-4.715994328099999677e+01
1.913956956999999903e+01,-3.118669937499999989e+01,-3.313892131200000080e+01,-2.703665614100000170e+01,-2.647572027500000047e+01,-2.627266832300000132e+01
1.915957957999999905e+01,-2.818634474499999953e+01,-3.437718163899999979e+01,-2.003582586599999971e+01,-2.247477041200000158e+01,-2.622533676600000163e+01
1.917958958999999908e+01,-3.258243128200000172e+01,-3.208500094000000047e+01,-2.788312991400000129e+01,-2.589904811499999937e+01,-3.612780122499999891e+01
1.919959959999999910e+01,-2.737011206600000079e+01,-3.186068379499999992e+01,-3.793570719200000241e+01,-3.232338388099999804e+01,-4.225030974500000269e+01
1.921960960999999912e+01,-3.220034339499999732e+01,-3.742081071399999814e+01,-3.008592682000000096e+01,-2.654506588299999947e+01,-3.165168073299999918e+01
1.923961961999999914e+01,-3.943637572099999744e+01,-5.056453810400000037e+01,-3.441438709399999851e+01,-3.557251791699999899e+01,-3.001318020600000125e+01
1.925962962999999917e+01,-3.803592945900000188e+01,-3.256830011499999955e+01,-2.575043548700000073e+01,-2.860077887299999944e+01,-4.137480934399999910e+01
1.927963963999999919e+01,-5.278036474400000344e+01,-5.131651893899999806e+01,-2.825944387399999869e+01,-2.864823393200000012e+01,-4.683314613900000012e+01
1.929964964999999921e+01,-3.672671634000000296e+01,-4.658442678000000114e+01,-2.962828168300000087e+01,-3.157880617700000059e+01,-4.565442016299999750e+01
1.931965965999999923e+01,-2.019210615900000150e+01,-4.154157173299999783e+01,-2.157330586999999866e+01,-2.620151307500000115e+01,-4.858338249799999886e+01
1.933966966999999926e+01,-4.889532959600000339e+01,-3.540770257999999870e+01,-3.155910162200000002e+01,-3.457177307399999933e+01,-2.754201101499999993e+01
1.935967967999999928e+01,-4.565702627999999663e+01,-4.775572872099999699e+01,-3.433541174799999851e+01,-3.745035113200000154e+01,-4.581786870900000253e+01
1.937968968999999930e+01,-2.979110092799999876e+01,-3.700268538699999965e+01,-2.687638582599999992e+01,-2.095462986800000138e+01,-1.564376790100000036e+01
1.939969969999999932e+01,-9.990677804300000631e+00,-4.217143912800000294e+01,-3.346290751499999772e+01,-3.492632735899999830e+01,-5.693275300500000213e+01
1.941970970999999935e+01,-3.790112479100000087e+01,-3.346141784699999988e+01,-2.497199267899999953e+01,-2.784541859000000130e+01,-3.161101016299999955e+01
1.943971971999999937e+01,-3.278024775400000124e+01,-3.695363706599999887e+01,-2.225019970399999991e+01,-1.273148639399999915e+01,-3.134101306599999859e+01
1.945972972999999939e+01,-4.758592342299999700e+01,-3.908708919299999707e+01,-3.250172764599999908e+01,-3.146638503200000159e+01,-2.926500619899999833e+01
1.947973973999999941e+01,-4.690702860100000038e+01,-4.242587635299999960e+01,-2.341395063899999940e+01,-3.635621120300000086e+01,-3.484374100299999810e+01
1.949974974999999944e+01,-3.892184206200000318e+01,-3.448153739100000337e+01,-2.359947136499999942e+01,-3.050530090699999874e+01,-2.964856380699999860e+01
1.951975975999999946e+01,-4.328039572200000151e+01,-3.187773135999999852e+01,-2.778265010499999832e+01,-3.839412025899999747e+01,-3.174873137200000173e+01
1.953976976999999948e+01,-3.889445992299999943e+01,-3.316568192300000106e+01,-1.038314152500000032e-01,-1.133581822700000075e+01,-9.878398214400000654e+00
1.955977977999999950e+01,-3.498397300199999904e+01,-2.634963040299999903e+01,-3.013904009699999875e+01,-2.182049082500000026e+01,-4.132732683399999729e+01
1.957978978999999953e+01,-3.111497510499999919e+01,-4.106601749200000029e+01,-2.778919184700000145e+01,-3.068144257100000161e+01,-2.949622491799999935e+01
1.959979979999999955e+01,-3.827676553300000251e+01,-5.474339005099999866e+01,-2.716188106899999966e+01,-3.441605092100000007e+01,-4.421981025099999840e+01
1.961980980999999957e+01,-4.422447325899999981e+01,-4.120028587699999889e+01,-2.129698871900000157e+01,-3.212110971599999942e+01,-2.762875955499999847e+01
1.963981981999999959e+01,-3.417700835800000192e+01,-3.209349933400000054e+01,-4.447566104700000267e+01,-2.878248417800000070e+01,-2.683642230399999917e+01
1.965982982999999962e+01,-3.813296101200000265e+01,-4.505677815500000349e+01,-9.000107610100000599e+00,-6.122143580900000437e+00,-1.213865907699999980e+01
1.967983983999999964e+01,-3.728544164600000244e+01,-4.402245725400000254e+01,-3.623030963099999724e+01,-3.991678370399999665e+01,-4.045413245200000318e+01
1.969984984999999966e+01,-3.967227794000000074e+01,-3.758638848999999738e+01,-2.225697165400000088e+01,-3.673477301999999867e+01,-4.151019584099999804e+01
1.971985985999999968e+01,-3.260377035999999862e+01,-4.799323693699999893e+01,-2.878895388100000119e+01,-3.069341649900000135e+01,-3.575114784699999859e+01
1.973986986999999971e+01,-4.423144837899999970e+01,-3.813537735199999901e+01,-2.582913595400000162e+01,-3.292649594200000251e+01,-4.287484639000000186e+01
1.975987987999999973e+01,-4.038470549299999846e+01,-4.015109979000000351e+01,-3.115709015299999862e+01,-3.376547515299999702e+01,-4.765873701999999668e+01
1.977988988999999975e+01,-3.836479317500000263e+01,-3.826212839200000104e+01,-2.925769231299999973e+01,-3.536186405899999841e+01,-2.420155803700000163e+01
1.979989989999999977e+01,-3.472864098000000155e+01,-5.370511685200000329e+01,-1.850441646299999832e+01,-2.603447338300000169e+01,-3.403872415499999704e+01
1.981990990999999980e+01,-3.614438309799999871e+01,-2.936933853200000044e+01,-2.370485306699999839e+01,-1.721177027299999907e+01,-2.824826881299999926e+01
1.983991991999999982e+01,-2.924420472399999937e+01,-3.666349166100000190e+01,-2.859661186499999985e+01,-3.793594732500000077e+01,-2.898990746699999832e+01
1.985992992999999984e+01,-4.540442946799999646e+01,-4.464916395600000243e+01,-2.756784395100000040e+01,-2.455617582100000007e+01,-3.246164804099999657e+01
1.987993993999999986e+01,-2.853023113800000132e+01,-4.032026887800000026e+01,-2.958569625699999861e+01,-3.582900317299999671e+01,-3.458674498999999969e+01
1.989994994999999989e+01,-5.794334309399999938e+01,-4.493879441200000002e+01,-2.828684399200000144e+01,-3.615153759599999717e+01,-2.821348330900000079e+01
1.991995995999999991e+01,-4.599208629299999984e+01,-3.956830099599999784e+01,-2.114456273200000069e+01,-1.418707237699999979e+01,-2.087173161200000138e+01
1.993996996999999993e+01,-4.729705932299999915e+01,-3.792567392899999845e+01,-1.994870529700000006e+01,-2.561476046199999956e+01,-2.107973436900000053e+01
1.995997997999999995e+01,-3.730466241199999899e+01,-4.648604080999999866e+01,-3.168036496199999874e+01,-3.381041184099999697e+01,-4.215386646799999681e+01
1.997998998999999998e+01,-3.674698921699999943e+01,-5.625133336999999756e+01,-3.596546159599999726e+01,-3.290473482000000160e+01,-3.309009043199999667e+01
2.000000000000000000e+01,-2.315243103899999966e+01,-3.670622815400000150e+01,-2.888772159099999826e+01,-3.225657333899999912e+01,-2.692364660899999862e+01
