freq_GHz,S21_dB,S31_dB,S41_dB,S51_dB,S61_dB
1.000000000000000021e-02,-7.826882554399999492e+01,-7.500189937400000417e+01,-6.523295499099999972e+01,-7.436647390100000621e+01,-7.017357017599999836e+01
3.001001001000000099e-02,-8.483648928399999534e+01,-7.766987450899999601e+01,-8.294081070100000375e+01,-7.684059847899999340e+01,-7.453638550399999474e+01
5.002002002000000003e-02,-7.378991765199999975e+01,-7.510497269200000403e+01,-8.832976369300000385e+01,-9.119739816199999893e+01,-7.667917262800000344e+01
7.003003002999999560e-02,-7.844387491400000556e+01,-8.316710408599999482e+01,-7.730666637800000274e+01,-8.451201977799999554e+01,-7.295026841700000375e+01
9.004004004000000505e-02,-7.835555841599999383e+01,-8.816477385299999980e+01,-7.858715854599999773e+01,-8.407414065800000458e+01,-7.966943670899999574e+01
1.100500500500000006e-01,-8.364232137700000180e+01,-7.862211794099999906e+01,-8.884707591400000126e+01,-7.630734174100000189e+01,-7.876369314000000088e+01
1.300600600600000101e-01,-7.755095179100000280e+01,-7.964866408100000683e+01,-8.455958213899999976e+01,-7.965102953699999944e+01,-8.499061338100000285e+01
1.500700700700000056e-01,-7.812813433799999530e+01,-7.833311572899999931e+01,-8.144258727499999395e+01,-7.662940941499999781e+01,-7.829782500100000675e+01
1.700800800800000012e-01,-8.071583216599999844e+01,-7.800014844000000380e+01,-7.537211102300000221e+01,-7.949280427799999416e+01,-7.658700675400000080e+01
1.900900900899999968e-01,-7.796512237599999651e+01,-7.702260063800000012e+01,-9.439760326500000076e+01,-8.105205505499999674e+01,-8.252551125300000479e+01
2.101001000999999924e-01,-8.279285258999999542e+01,-7.474586127700000304e+01,-8.478542767599999763e+01,-7.801890272200000709e+01,-9.186938970299999596e+01
2.301101101100000157e-01,-7.545434645800000339e+01,-7.501500065700000164e+01,-7.465900019199999349e+01,-8.056444602099999486e+01,-7.692249632499999734e+01
2.501201201200000113e-01,-7.468756240300000115e+01,-7.947629319600000031e+01,-8.514026631199999429e+01,-7.961586508099999548e+01,-8.377053674600000477e+01
2.701301301299999791e-01,-8.463664172999999380e+01,-9.355903971399999364e+01,-8.671652543899999444e+01,-7.860085987700000487e+01,-7.609886074599999972e+01
2.901401401400000024e-01,-8.068096996299999546e+01,-8.643063293500000555e+01,-7.938814940800000386e+01,-7.871556837500000370e+01,-7.583297063400000582e+01
3.101501501499999702e-01,-8.244576020300000607e+01,-7.529040707800000121e+01,-8.093040212299999325e+01,-8.955838961000000609e+01,-7.754798413000000323e+01
3.301601601600000491e-01,-8.405657585500000550e+01,-7.684869464199999811e+01,-7.462173830000000407e+01,-8.996994047500000136e+01,-7.637908989599999643e+01
3.501701701700000169e-01,-7.748307905999999434e+01,-8.313794761799999833e+01,-8.341890181099999779e+01,-8.050499556600000517e+01,-7.083035959299999718e+01
3.701801801799999847e-01,-8.183680384900000604e+01,-7.440753972900000690e+01,-7.370711047899999357e+01,-7.837487438399999462e+01,-7.311940965300000528e+01
3.901901901900000080e-01,-7.381121692799999323e+01,-7.950959171099999878e+01,-8.105463999100000194e+01,-7.663842719900000588e+01,-7.876689465600000517e+01
4.102002001999999758e-01,-7.622329720999999836e+01,-8.463333890900000256e+01,-7.525597424800000113e+01,-8.142274617200000364e+01,-7.624680510999999683e+01
4.302102102099999992e-01,-8.202313821399999938e+01,-7.951535585400000627e+01,-7.556696072500000128e+01,-7.660591548200000034e+01,-7.919817338599999346e+01
4.502202202200000225e-01,-7.959090204500000709e+01,-7.324029831699999704e+01,-7.726012449899999979e+01,-8.320522156900000255e+01,-7.441669535699999471e+01
4.702302302300000458e-01,-7.729530771299999969e+01,-7.371393632900000625e+01,-7.794772342299999934e+01,-7.620408836500000405e+01,-7.157053805200000340e+01
4.902402402400000136e-01,-7.721975477099999807e+01,-7.629077541399999518e+01,-6.976062721099999919e+01,-7.632809742099999539e+01,-6.725925785399999768e+01
5.102502502500000370e-01,-8.573577753799999357e+01,-7.498130055699999730e+01,-7.650959472099999914e+01,-7.479012834799999609e+01,-7.034961852200000010e+01
5.302602602599999493e-01,-7.679114219000000219e+01,-9.224938887899999429e+01,-7.142733679299999494e+01,-7.529872017300000664e+01,-7.057909110999999314e+01
5.502702702699999726e-01,-7.596494864500000688e+01,-7.391839119899999844e+01,-6.924112075700000446e+01,-7.650795505499999649e+01,-6.445052354199999911e+01
5.702802802799999959e-01,-7.203618751000000486e+01,-6.928313115000000266e+01,-6.232450138800000161e+01,-7.183449575900000639e+01,-6.123659572199999701e+01
5.902902902899999082e-01,-7.241388045899999781e+01,-6.848458643399999346e+01,-6.018937524799999750e+01,-7.317368221099999914e+01,-5.969803923399999945e+01
6.103003002999999316e-01,-7.492277844599999526e+01,-7.178504409100000316e+01,-5.886757841600000063e+01,-6.676421665099999814e+01,-6.015051134600000182e+01
6.303103103099999549e-01,-6.872083361999999340e+01,-7.282755358699999704e+01,-6.204915821899999884e+01,-6.614592930199999898e+01,-5.679925934599999948e+01
6.503203203200000893e-01,-6.662132288099999755e+01,-6.483888004700000351e+01,-5.639300578200000302e+01,-6.444790491800000609e+01,-5.442239240300000347e+01
6.703303303300000016e-01,-7.090432876399999884e+01,-6.288626142199999691e+01,-5.447160978299999812e+01,-7.027477959099999794e+01,-5.204475527400000345e+01
6.903403403400000249e-01,-8.266673358500000290e+01,-5.955029132599999997e+01,-5.288919442299999929e+01,-6.472499492800000098e+01,-5.018011175499999865e+01
7.103503503500000482e-01,-6.717770668900000430e+01,-6.461549363199999618e+01,-5.210354802100000171e+01,-6.999721321399999852e+01,-4.889285245899999666e+01
7.303603603599999605e-01,-6.636123709999999676e+01,-5.947109855899999786e+01,-5.158427540099999931e+01,-7.035900878299999306e+01,-4.769805279599999892e+01
7.503703703699999839e-01,-6.076160591099999664e+01,-7.705142459600000393e+01,-5.102881727700000170e+01,-9.030618563999999537e+01,-4.690371158600000001e+01
7.703803803800000072e-01,-6.174415099099999793e+01,-5.749735432199999963e+01,-5.009913768399999867e+01,-6.824543385900000203e+01,-4.626009174000000002e+01
7.903903903900000305e-01,-6.031440316399999801e+01,-5.278868283700000319e+01,-4.852069205000000096e+01,-6.625944393599999671e+01,-4.568393188400000327e+01
8.104004003999999428e-01,-5.889869473600000305e+01,-5.477306561399999651e+01,-4.814362565500000102e+01,-6.294867608399999881e+01,-4.590565060499999817e+01
8.304104104099999661e-01,-5.918121543400000206e+01,-5.726528330499999697e+01,-4.744590805899999708e+01,-6.439437216499999295e+01,-4.565939591400000097e+01
8.504204204199999895e-01,-5.634976415799999927e+01,-5.487399701199999669e+01,-4.756247741899999681e+01,-7.300906049499999995e+01,-4.518791793300000137e+01
8.704304304299999018e-01,-5.991926050099999657e+01,-5.331305521299999839e+01,-4.724594695100000052e+01,-6.320679305899999889e+01,-4.461543986499999903e+01
8.904404404400000361e-01,-5.729759677700000253e+01,-5.201247309299999699e+01,-4.787720051099999807e+01,-6.058667579400000136e+01,-4.481570692300000047e+01
9.104504504500000595e-01,-5.774606289199999765e+01,-5.323450574000000302e+01,-4.806998986800000040e+01,-6.286359815899999859e+01,-4.551776036199999709e+01
9.304604604600000828e-01,-5.755553990300000322e+01,-5.570660845799999805e+01,-4.884844137300000000e+01,-6.387106349300000119e+01,-4.598421747199999743e+01
9.504704704699999951e-01,-5.790096389100000351e+01,-5.741119422199999889e+01,-4.904598778900000156e+01,-7.228807553699999744e+01,-4.687934821700000043e+01
9.704804804800000184e-01,-5.956123969299999743e+01,-5.690743602500000264e+01,-5.019322316499999914e+01,-6.707196228099999757e+01,-4.796040615100000082e+01
9.904904904900000417e-01,-6.026939128099999721e+01,-5.974525031799999653e+01,-4.995944287399999695e+01,-6.473494581900000355e+01,-4.756745487199999900e+01
1.010500500500000065e+00,-6.162121082099999825e+01,-5.902359921400000076e+01,-5.061510483499999680e+01,-6.213896840700000013e+01,-4.831382059199999901e+01
1.030510510500000088e+00,-6.034327775599999910e+01,-6.046536546200000117e+01,-5.031635187199999848e+01,-6.952009597900000415e+01,-4.884279249000000078e+01
1.050520520500000110e+00,-6.977667852099999379e+01,-6.243707067100000074e+01,-4.937573705900000220e+01,-6.358291666299999889e+01,-4.835822625200000147e+01
1.070530530499999911e+00,-6.379896105699999964e+01,-6.211783789700000113e+01,-5.017480362799999938e+01,-6.635663794100000246e+01,-4.757807850599999711e+01
1.090540540499999933e+00,-7.345371648699999412e+01,-6.066195085799999731e+01,-4.972776427200000171e+01,-6.397183956800000004e+01,-4.554094265599999858e+01
1.110550550599999964e+00,-6.923153976499999374e+01,-6.406315005199999746e+01,-4.891601292400000034e+01,-6.766998880200000599e+01,-4.552258035599999886e+01
1.130560560599999986e+00,-7.602845528500000682e+01,-6.505591714700000239e+01,-4.981531687599999714e+01,-6.691704187199999865e+01,-4.509987025200000232e+01
1.150570570600000009e+00,-6.312447902600000305e+01,-6.188414078600000323e+01,-4.901726709399999748e+01,-6.659838605900000630e+01,-4.467610543800000045e+01
1.170580580599999809e+00,-6.490483039900000506e+01,-6.228593032599999901e+01,-4.883727279200000027e+01,-7.267199434200000496e+01,-4.419419825199999963e+01
1.190590590599999832e+00,-7.463412781200000268e+01,-6.209215934899999922e+01,-4.706146070700000195e+01,-6.917521224499999732e+01,-4.380296582599999766e+01
1.210600600599999854e+00,-7.031591815199999473e+01,-6.149538929199999870e+01,-4.630546044399999772e+01,-7.491608748699999865e+01,-4.388183742900000084e+01
1.230610610599999877e+00,-7.235632675200000108e+01,-7.064185773799999879e+01,-4.548210604300000170e+01,-6.485666268200000673e+01,-4.323404358900000233e+01
1.250620620599999899e+00,-7.637080315500000438e+01,-6.765037223800000277e+01,-4.452546536199999849e+01,-6.476439313500000594e+01,-4.259597760700000180e+01
1.270630630599999922e+00,-6.419684252999999785e+01,-7.246109194899999295e+01,-4.320705034899999930e+01,-6.024506324299999704e+01,-4.204368883800000134e+01
1.290640640599999944e+00,-6.438682559400000116e+01,-6.789542114900000058e+01,-4.305007825599999904e+01,-5.701969312500000342e+01,-4.100057283600000346e+01
1.310650650699999975e+00,-6.373404275200000058e+01,-6.441775877899999614e+01,-4.260286528400000350e+01,-6.090451927699999857e+01,-4.054231782299999765e+01
1.330660660699999998e+00,-6.416988563699999304e+01,-6.834298854200000051e+01,-4.264039581000000112e+01,-5.806228727500000275e+01,-4.026500082700000149e+01
1.350670670700000020e+00,-6.206409703199999939e+01,-6.766100059100000408e+01,-4.197507282600000167e+01,-6.211667619300000354e+01,-3.993283906399999950e+01
1.370680680700000043e+00,-5.981824206200000305e+01,-5.747341147400000239e+01,-4.135144539400000241e+01,-6.459881645900000535e+01,-3.936795565599999946e+01
1.390690690700000065e+00,-6.162100699300000173e+01,-5.491264805000000138e+01,-3.986676444300000099e+01,-6.404198517999999751e+01,-3.818692758600000303e+01
1.410700700700000088e+00,-6.277919513900000226e+01,-5.593420527199999981e+01,-3.855541690399999766e+01,-6.062757944999999893e+01,-3.755585961700000297e+01
1.430710710700000110e+00,-5.788204553399999952e+01,-5.330209721699999648e+01,-3.710849727699999789e+01,-5.666278944799999806e+01,-3.709996002300000129e+01
1.450720720700000133e+00,-5.502904047900000251e+01,-5.106274489999999844e+01,-3.623632198100000323e+01,-5.758808030899999864e+01,-3.630154275000000297e+01
1.470730730700000155e+00,-5.487436022199999996e+01,-5.090992802600000289e+01,-3.534615434500000219e+01,-5.629796818599999852e+01,-3.608703657000000220e+01
1.490740740699999956e+00,-5.285838281699999897e+01,-5.216773264900000129e+01,-3.412368560400000206e+01,-5.928908490100000250e+01,-3.570026424699999978e+01
1.510750750799999986e+00,-5.323454902200000305e+01,-5.096836342400000319e+01,-3.304020369199999863e+01,-6.956509499099999516e+01,-3.498814669499999752e+01
1.530760760800000009e+00,-5.460935953799999965e+01,-5.447549272599999881e+01,-3.183344873900000138e+01,-6.355866332899999804e+01,-3.327021100200000348e+01
1.550770770800000031e+00,-5.235195181099999928e+01,-5.249526204000000007e+01,-3.103333703399999877e+01,-5.379375276300000053e+01,-3.220317219599999703e+01
1.570780780800000054e+00,-5.041440132700000021e+01,-5.428623277599999852e+01,-3.063709788599999939e+01,-5.266417860300000342e+01,-3.153044403599999868e+01
1.590790790799999854e+00,-4.924138094300000290e+01,-5.355938784800000008e+01,-3.000269730899999843e+01,-5.415194434000000001e+01,-3.112731205100000054e+01
1.610800800799999877e+00,-5.086252870799999926e+01,-5.666690317799999832e+01,-2.935195468299999888e+01,-5.251515701900000010e+01,-3.099029024900000095e+01
1.630810810799999899e+00,-4.830182145300000229e+01,-5.167248388899999867e+01,-2.903159271699999877e+01,-5.266922184500000270e+01,-3.128302708300000035e+01
1.650820820799999922e+00,-4.649662397899999888e+01,-5.147272110600000161e+01,-2.873922988900000064e+01,-5.161771882200000050e+01,-3.085849825000000024e+01
1.670830830799999944e+00,-4.640928099500000314e+01,-5.172009391400000311e+01,-2.846996389199999911e+01,-5.968769933699999797e+01,-2.991515337299999899e+01
1.690840840799999967e+00,-4.595008759899999973e+01,-5.598981223900000259e+01,-2.745334946199999848e+01,-6.044828682800000053e+01,-2.957412888700000053e+01
1.710850850899999998e+00,-4.320701667699999859e+01,-5.087271970199999771e+01,-2.701061649900000106e+01,-6.362651145800000307e+01,-2.891388950700000038e+01
1.730860860900000020e+00,-4.349593977300000347e+01,-5.013555044099999947e+01,-2.728344970199999864e+01,-6.191127802999999830e+01,-2.883836236899999861e+01
1.750870870900000043e+00,-4.364792728100000119e+01,-5.205309490900000213e+01,-2.829323464400000177e+01,-5.590811745799999954e+01,-2.853752319199999832e+01
1.770880880900000065e+00,-4.277325648699999761e+01,-5.573949867399999647e+01,-2.882147791099999878e+01,-5.264676459999999736e+01,-2.855887667400000041e+01
1.790890890900000088e+00,-4.360021624000000173e+01,-4.906339481500000232e+01,-2.911054118299999871e+01,-5.212241369699999893e+01,-2.896427175299999845e+01
1.810900900900000110e+00,-4.265592120800000231e+01,-4.760540332499999749e+01,-2.964994785500000063e+01,-5.075573025399999949e+01,-2.948517342299999910e+01
1.830910910900000133e+00,-4.267981058000000161e+01,-4.934083516599999797e+01,-3.016139765799999850e+01,-5.280701088200000015e+01,-3.104025421300000076e+01
1.850920920900000155e+00,-4.497443257199999778e+01,-5.492748252799999875e+01,-3.132630826200000129e+01,-5.421641615099999711e+01,-3.256386294099999645e+01
1.870930930900000178e+00,-4.664383342499999685e+01,-6.285039207199999822e+01,-3.204486811499999988e+01,-5.420702332300000137e+01,-3.360831839899999807e+01
1.890940940900000200e+00,-4.747113705900000014e+01,-6.163154459100000082e+01,-3.268908253400000063e+01,-6.109559834499999909e+01,-3.390916301699999735e+01
1.910950951000000009e+00,-4.817429171799999921e+01,-5.912156474599999711e+01,-3.325456894500000260e+01,-5.812575655300000221e+01,-3.394294149400000293e+01
1.930960961000000031e+00,-4.996169727400000227e+01,-5.327108970700000157e+01,-3.303999943400000205e+01,-6.298462876800000032e+01,-3.338744862299999738e+01
1.950970971000000054e+00,-5.135881275500000243e+01,-5.243454493099999780e+01,-3.302660199299999988e+01,-5.939004167699999925e+01,-3.245958955900000120e+01
1.970980981000000076e+00,-5.605223970000000122e+01,-5.304386555899999678e+01,-3.333798400500000270e+01,-5.702977974200000233e+01,-3.142371304599999959e+01
1.990990991000000099e+00,-5.475844945200000069e+01,-5.200063122000000249e+01,-3.360976781699999805e+01,-5.826301059899999757e+01,-3.083756023999999840e+01
2.011001000999999899e+00,-5.754177401799999814e+01,-5.389002823100000228e+01,-3.354715812900000316e+01,-6.543263196499999879e+01,-3.048109378699999894e+01
2.031011010999999922e+00,-5.880541593600000283e+01,-6.175966852900000248e+01,-3.379079805199999953e+01,-5.959827451700000012e+01,-3.053529478999999824e+01
2.051021020999999944e+00,-6.049301903300000305e+01,-5.313169049300000069e+01,-3.359522629300000318e+01,-5.913526017200000240e+01,-3.042397356500000072e+01
2.071031030999999967e+00,-6.659275281099999688e+01,-4.892063583400000226e+01,-3.306290915900000016e+01,-6.068931717699999950e+01,-3.029084052800000038e+01
2.091041040999999989e+00,-6.137838413800000126e+01,-4.843600038000000296e+01,-3.245231341899999933e+01,-6.497347905300000548e+01,-3.044295901299999940e+01
2.111051051100000020e+00,-5.719359394699999655e+01,-4.878684067900000088e+01,-3.235436127100000192e+01,-6.717445582099999513e+01,-3.052552769000000055e+01
2.131061061100000043e+00,-5.330154611599999726e+01,-4.816711859200000134e+01,-3.234169268800000197e+01,-6.016664009000000135e+01,-3.045621200700000131e+01
2.151071071100000065e+00,-5.143541190300000210e+01,-4.927660871799999853e+01,-3.254175028499999911e+01,-6.051863316200000042e+01,-3.077117739199999846e+01
2.171081081100000088e+00,-4.691425735199999991e+01,-5.161598870899999980e+01,-3.245715988500000293e+01,-6.463539995399999327e+01,-3.095154997099999861e+01
2.191091091100000110e+00,-4.660646128300000157e+01,-5.281532060100000336e+01,-3.264392132199999708e+01,-6.251287160199999704e+01,-3.111284558999999916e+01
2.211101101099999688e+00,-4.490929114699999758e+01,-5.157708279900000292e+01,-3.275050956799999824e+01,-7.235909475699999405e+01,-3.120790742000000151e+01
2.231111111099999711e+00,-4.459129981099999895e+01,-5.402375596299999927e+01,-3.199766034800000014e+01,-8.019491787500000157e+01,-3.169064071100000035e+01
2.251121121099999733e+00,-4.414148924100000215e+01,-5.188484592900000081e+01,-3.200673263200000207e+01,-6.239227432100000215e+01,-3.178307872699999947e+01
2.271131131099999756e+00,-4.427735565999999778e+01,-6.204430828899999995e+01,-3.184986311899999833e+01,-6.224163891100000257e+01,-3.195906875100000022e+01
2.291141141099999778e+00,-4.492213089900000256e+01,-5.974755663999999911e+01,-3.142567365500000065e+01,-5.915762327400000231e+01,-3.196396739400000087e+01
2.311151151199999809e+00,-4.536470316799999836e+01,-5.852658419000000123e+01,-3.081666403799999898e+01,-6.008794282099999862e+01,-3.160528991700000034e+01
2.331161161199999832e+00,-4.655130563200000182e+01,-5.883428364200000260e+01,-2.983520188900000036e+01,-5.972321325400000092e+01,-3.092369493300000016e+01
2.351171171199999854e+00,-4.640180771899999712e+01,-4.956456517400000195e+01,-2.909440646299999855e+01,-5.777930424200000203e+01,-3.032582922199999942e+01
2.371181181199999877e+00,-4.601648469300000244e+01,-5.117912507399999811e+01,-2.879969841300000155e+01,-6.134848025200000166e+01,-2.966122107600000035e+01
2.391191191199999899e+00,-4.689173868999999684e+01,-5.011436742200000083e+01,-2.853678360400000003e+01,-5.810506692700000286e+01,-2.929625537300000104e+01
2.411201201199999922e+00,-4.631002948500000116e+01,-4.883662733199999906e+01,-2.850752969399999870e+01,-5.376179948800000119e+01,-2.898184539100000023e+01
2.431211211199999944e+00,-4.696278401099999655e+01,-5.287833870800000113e+01,-2.847930147199999951e+01,-5.135211337700000200e+01,-2.876838441599999996e+01
2.451221221199999967e+00,-4.671538319799999783e+01,-5.390225862199999796e+01,-2.785218242999999916e+01,-5.143246295499999832e+01,-2.882942596999999907e+01
2.471231231199999989e+00,-4.623348287099999965e+01,-5.152789476200000252e+01,-2.772370588400000102e+01,-5.287874027699999857e+01,-2.893469949300000010e+01
2.491241241200000012e+00,-4.662179350400000288e+01,-5.342410046399999857e+01,-2.748024841799999862e+01,-5.479403131000000116e+01,-2.905642378800000003e+01
2.511251251300000042e+00,-4.555065311599999944e+01,-5.049813698100000181e+01,-2.751133902500000161e+01,-5.400235551000000100e+01,-2.913602017699999891e+01
2.531261261300000065e+00,-4.609228442199999876e+01,-4.897577660500000007e+01,-2.779482850999999854e+01,-5.236481087800000012e+01,-2.958295902000000055e+01
2.551271271300000087e+00,-4.665671444000000179e+01,-5.381368323699999934e+01,-2.801875749099999879e+01,-5.130491447400000027e+01,-3.015815895600000118e+01
2.571281281300000110e+00,-4.582842691799999812e+01,-5.211853496199999825e+01,-2.802321577000000019e+01,-5.167357373499999795e+01,-3.090128483799999870e+01
2.591291291300000132e+00,-4.831015687600000064e+01,-4.958438826100000085e+01,-2.801481432499999968e+01,-5.391695516299999724e+01,-3.133854071900000093e+01
2.611301301300000155e+00,-4.824336022600000007e+01,-4.773045757799999933e+01,-2.809589313300000057e+01,-6.063862180000000279e+01,-3.226738991900000286e+01
2.631311311300000177e+00,-4.910236348000000106e+01,-4.824168583800000221e+01,-2.803817726799999832e+01,-5.978605133500000335e+01,-3.309955325100000323e+01
2.651321321300000200e+00,-4.982411374400000170e+01,-4.672566837099999759e+01,-2.769288828999999907e+01,-5.281858342299999975e+01,-3.461555000900000323e+01
2.671331331300000222e+00,-5.086208187300000105e+01,-4.797817910999999924e+01,-2.773573211000000072e+01,-5.114324443900000006e+01,-3.577440703799999966e+01
2.691341341300000245e+00,-5.002798892199999869e+01,-5.179521738999999769e+01,-2.742971625599999896e+01,-5.160957894500000265e+01,-3.723788536299999663e+01
2.711351351400000276e+00,-5.175219969999999847e+01,-4.835775591499999848e+01,-2.733271169000000000e+01,-4.999917504999999807e+01,-3.986731159600000041e+01
2.731361361400000298e+00,-5.201988342399999965e+01,-5.149037541900000292e+01,-2.746061890100000014e+01,-5.101401662100000323e+01,-4.127186842900000130e+01
2.751371371399999877e+00,-5.310278800100000041e+01,-5.573451973899999956e+01,-2.726817092699999989e+01,-5.309697595200000109e+01,-4.325543895500000247e+01
2.771381381399999899e+00,-5.363701842799999753e+01,-5.285793339599999996e+01,-2.709072980099999839e+01,-5.155390712500000205e+01,-4.580742601499999722e+01
2.791391391399999922e+00,-5.382967998499999851e+01,-5.987981540399999858e+01,-2.698067918099999929e+01,-5.721302104899999819e+01,-4.803069470199999813e+01
2.811401401399999944e+00,-5.488971253100000069e+01,-6.350284317300000225e+01,-2.670993462799999918e+01,-5.599133646500000339e+01,-4.922177441499999873e+01
2.831411411399999967e+00,-5.410512318399999998e+01,-6.021783918199999874e+01,-2.628502574699999883e+01,-5.609428772300000077e+01,-5.368412629299999850e+01
2.851421421399999989e+00,-5.839209418099999738e+01,-6.773532248399999389e+01,-2.614681564900000055e+01,-5.954826746900000245e+01,-6.182215029900000047e+01
2.871431431400000012e+00,-5.619492027700000136e+01,-5.632209742900000293e+01,-2.572156334199999961e+01,-5.582513483500000007e+01,-6.182611329600000261e+01
2.891441441400000034e+00,-5.458867684799999864e+01,-5.995529760800000219e+01,-2.544376289499999899e+01,-5.427486119299999956e+01,-4.960611175700000075e+01
2.911451451500000065e+00,-5.201783613399999950e+01,-6.047727143699999885e+01,-2.543216224400000058e+01,-5.650438791900000268e+01,-4.588425602099999878e+01
2.931461461500000087e+00,-5.270702966799999700e+01,-6.877280399400000022e+01,-2.515876794900000135e+01,-5.508055427699999740e+01,-4.267946311099999690e+01
2.951471471500000110e+00,-5.053435507999999743e+01,-5.625798037900000281e+01,-2.506227366099999898e+01,-5.372647189999999995e+01,-4.087415265799999986e+01
2.971481481500000132e+00,-4.893909122899999886e+01,-5.639952433599999893e+01,-2.489707389899999868e+01,-5.442113213700000074e+01,-3.994974177400000315e+01
2.991491491500000155e+00,-4.875825310599999796e+01,-5.182178319399999822e+01,-2.455579785300000140e+01,-5.407122469800000175e+01,-3.836650907799999999e+01
3.011501501500000177e+00,-4.806853942200000063e+01,-5.606280712899999941e+01,-2.435375865299999987e+01,-5.362390532799999932e+01,-3.703314912399999770e+01
3.031511511500000200e+00,-4.943115726900000340e+01,-5.392419457199999755e+01,-2.423926063100000050e+01,-5.226305822599999829e+01,-3.580128639499999821e+01
3.051521521499999778e+00,-4.928094671600000254e+01,-5.480705193499999694e+01,-2.397021691599999826e+01,-5.264368247299999837e+01,-3.449974828900000290e+01
3.071531531499999801e+00,-4.769635834700000032e+01,-5.624602896399999707e+01,-2.363768109700000153e+01,-5.309689589700000312e+01,-3.349204025400000262e+01
3.091541541499999823e+00,-4.655099535699999791e+01,-5.275086052200000353e+01,-2.322953003599999988e+01,-5.886956803900000068e+01,-3.282960288600000354e+01
3.111551551599999854e+00,-4.931125112200000160e+01,-5.460573982999999743e+01,-2.279921472799999904e+01,-6.099903441299999685e+01,-3.225650540400000210e+01
3.131561561599999877e+00,-4.735577102799999949e+01,-5.303800363399999895e+01,-2.262562488100000024e+01,-5.993253919299999666e+01,-3.203551905399999811e+01
3.151571571599999899e+00,-4.866180557199999868e+01,-5.240841614800000059e+01,-2.239329331400000100e+01,-5.856987782200000225e+01,-3.133954677499999875e+01
3.171581581599999922e+00,-4.675506249800000091e+01,-5.130491377999999969e+01,-2.227266762100000008e+01,-5.947924791799999866e+01,-3.105597930700000120e+01
3.191591591599999944e+00,-4.803109130400000026e+01,-5.229946235199999904e+01,-2.208227826299999919e+01,-5.594346986499999730e+01,-3.073036108699999858e+01
3.211601601599999967e+00,-4.662812047799999959e+01,-4.946496628799999939e+01,-2.200031819499999841e+01,-5.854144813300000294e+01,-3.020127881599999853e+01
3.231611611599999989e+00,-4.673739152200000291e+01,-4.759461889100000320e+01,-2.189100448800000009e+01,-5.562951468600000027e+01,-2.951786925500000081e+01
3.251621621600000012e+00,-5.086064530699999864e+01,-4.865487380700000131e+01,-2.164299449600000003e+01,-5.797239863299999740e+01,-2.931010607099999987e+01
3.271631631600000034e+00,-4.592697739999999840e+01,-4.857236508799999797e+01,-2.144076043200000115e+01,-5.648039895800000210e+01,-2.873738589699999935e+01
3.291641641600000057e+00,-4.652025412599999754e+01,-4.853504480000000143e+01,-2.132677563900000095e+01,-6.183203694800000250e+01,-2.835370973899999925e+01
3.311651651699999643e+00,-4.455231528400000229e+01,-4.781076717700000245e+01,-2.123997379800000118e+01,-6.506662988200000086e+01,-2.799484638499999889e+01
3.331661661699999666e+00,-4.514118092700000062e+01,-4.974298670900000019e+01,-2.103661554400000000e+01,-6.226111714000000319e+01,-2.736254901299999887e+01
3.351671671699999688e+00,-4.454888367099999869e+01,-5.062225758499999984e+01,-2.105700419400000101e+01,-6.073489783699999833e+01,-2.716391833400000166e+01
3.371681681699999711e+00,-4.602139782599999762e+01,-5.827730574400000307e+01,-2.131468061900000066e+01,-6.258744136499999655e+01,-2.671958673700000020e+01
3.391691691699999733e+00,-4.621880793399999732e+01,-5.129638452799999726e+01,-2.171271295600000073e+01,-5.878269094800000261e+01,-2.629938953799999979e+01
3.411701701699999756e+00,-4.519045660799999808e+01,-4.949789173900000350e+01,-2.211521153099999992e+01,-5.595320877700000040e+01,-2.597816942900000114e+01
3.431711711699999778e+00,-4.386699664000000354e+01,-5.095056731900000102e+01,-2.249497285200000007e+01,-5.645417589299999861e+01,-2.541198929000000106e+01
3.451721721699999801e+00,-4.301110658599999681e+01,-4.697925789699999655e+01,-2.299807538800000017e+01,-5.945962617499999681e+01,-2.473093770399999869e+01
3.471731731699999823e+00,-4.163603525199999922e+01,-4.692189178499999969e+01,-2.359956353899999826e+01,-5.615381690800000314e+01,-2.437900653000000162e+01
3.491741741699999846e+00,-4.161161107299999884e+01,-5.142153999399999975e+01,-2.439098092200000067e+01,-5.734155842900000266e+01,-2.399688832400000038e+01
3.511751751800000321e+00,-4.069579677400000151e+01,-5.369709052200000343e+01,-2.489523295600000097e+01,-5.811989191899999696e+01,-2.363730727200000103e+01
3.531761761800000343e+00,-4.000312450300000222e+01,-5.053719324000000057e+01,-2.564660676000000095e+01,-5.329332393100000331e+01,-2.354405161300000060e+01
3.551771771800000366e+00,-3.889420249900000215e+01,-4.866085902799999729e+01,-2.634551945300000142e+01,-5.181160619300000292e+01,-2.339565579099999937e+01
3.571781781800000388e+00,-3.935389398400000260e+01,-5.158433775000000310e+01,-2.755883181200000109e+01,-5.005520944100000236e+01,-2.348543556899999984e+01
3.591791791800000411e+00,-3.808929308900000166e+01,-5.738441651600000171e+01,-2.829391397999999924e+01,-7.512681309500000282e+01,-2.351564233199999876e+01
3.611801801799999989e+00,-3.766704572199999745e+01,-6.094296042399999891e+01,-2.869413648200000111e+01,-5.625895986500000134e+01,-2.354984655200000176e+01
3.631811811800000012e+00,-3.778587774900000085e+01,-5.557021408300000331e+01,-2.917021467300000026e+01,-5.409410753499999913e+01,-2.385048936999999825e+01
3.651821821800000034e+00,-3.700646421300000100e+01,-5.779569092700000255e+01,-2.908025594400000102e+01,-5.387095019699999909e+01,-2.415136370300000124e+01
3.671831831800000057e+00,-3.808096954700000225e+01,-6.473759189099999389e+01,-2.943914331099999870e+01,-6.666083071100000268e+01,-2.423065247099999908e+01
3.691841841800000079e+00,-3.824729319000000061e+01,-5.650535510899999991e+01,-2.998943413499999977e+01,-5.871175140500000111e+01,-2.448480533600000086e+01
3.711851851900000110e+00,-3.795331111099999788e+01,-5.089734630400000270e+01,-3.022260218399999943e+01,-6.804306295499999635e+01,-2.469391988099999935e+01
3.731861861900000132e+00,-3.853044355099999763e+01,-4.902304244500000152e+01,-3.088638058500000128e+01,-5.764040335400000004e+01,-2.517281981700000060e+01
3.751871871900000155e+00,-3.888545557300000155e+01,-4.890616456800000122e+01,-3.106913116100000138e+01,-6.334745903799999667e+01,-2.553218230199999894e+01
3.771881881900000177e+00,-3.926234517299999993e+01,-5.598110766899999646e+01,-3.127725795899999994e+01,-6.513385148800000479e+01,-2.586283079000000029e+01
3.791891891900000200e+00,-3.902203892200000013e+01,-5.211862015599999864e+01,-3.116094011699999911e+01,-5.918264162999999911e+01,-2.653873157099999958e+01
3.811901901900000222e+00,-3.811808374000000299e+01,-5.112844780799999711e+01,-3.083740802299999828e+01,-6.736566629200000023e+01,-2.716705178100000140e+01
3.831911911900000245e+00,-3.832811965999999870e+01,-4.879030195800000058e+01,-3.048988838500000043e+01,-5.621853636000000165e+01,-2.748412976899999904e+01
3.851921921900000267e+00,-3.905756273099999731e+01,-5.123644267800000307e+01,-3.033332135799999918e+01,-6.073975549600000079e+01,-2.799420247700000175e+01
3.871931931900000290e+00,-3.873805111000000068e+01,-5.003160867500000109e+01,-3.057542056200000147e+01,-6.144219094000000325e+01,-2.837075746000000009e+01
3.891941941900000312e+00,-3.855749761900000294e+01,-4.821576647300000218e+01,-3.091577716100000117e+01,-6.311899266900000072e+01,-2.850070854599999848e+01
3.911951951999999899e+00,-3.816235736000000145e+01,-5.232640527499999905e+01,-3.075438517399999938e+01,-6.944180223200000057e+01,-2.903276864700000104e+01
3.931961961999999922e+00,-3.896113874400000299e+01,-5.632593382900000023e+01,-2.971118125799999987e+01,-6.015974887800000204e+01,-2.932801076799999862e+01
3.951971971999999944e+00,-3.845785891500000275e+01,-4.979510281999999677e+01,-2.948408464299999920e+01,-6.418693430999999805e+01,-2.949104555399999938e+01
3.971981981999999967e+00,-4.003538041299999861e+01,-5.391266357199999959e+01,-2.932106486400000023e+01,-6.814141301600000133e+01,-3.002411131099999864e+01
3.991991991999999989e+00,-3.938504182500000184e+01,-5.063606158099999988e+01,-2.874404376600000077e+01,-5.952030064099999862e+01,-3.008086833999999854e+01
4.012002002000000012e+00,-4.073439854600000132e+01,-4.687471597700000103e+01,-2.842175757000000047e+01,-7.423372791699999595e+01,-3.034707130700000022e+01
4.032012012000000034e+00,-4.012444518400000248e+01,-4.975047141799999650e+01,-2.836958878600000133e+01,-6.821576508200000433e+01,-3.076832502399999925e+01
4.052022022000000057e+00,-4.317005318100000011e+01,-4.560451755799999773e+01,-2.783908544399999840e+01,-6.065197652599999856e+01,-3.104887353699999863e+01
4.072032032000000079e+00,-4.229451685299999752e+01,-4.618198758100000134e+01,-2.739014359700000156e+01,-6.876883214400000099e+01,-3.193623065799999949e+01
4.092042042000000102e+00,-4.385658626499999713e+01,-4.546914485500000325e+01,-2.708067846399999823e+01,-6.754127448900000275e+01,-3.208934298300000165e+01
4.112052052100000132e+00,-4.690231885000000034e+01,-4.531189216500000327e+01,-2.728310946499999901e+01,-5.336127840300000003e+01,-3.247847428200000053e+01
4.132062062100000155e+00,-4.662716909400000276e+01,-4.488148914199999950e+01,-2.701559587799999917e+01,-5.788309083800000110e+01,-3.357486051200000077e+01
4.152072072100000177e+00,-4.883161465900000309e+01,-4.301915273299999853e+01,-2.683726589100000126e+01,-6.436122796099999732e+01,-3.366173968599999711e+01
4.172082082100000200e+00,-5.254636703900000327e+01,-4.629380299799999676e+01,-2.671130843399999932e+01,-5.802713320800000218e+01,-3.471209428099999883e+01
4.192092092100000222e+00,-5.256199200999999732e+01,-4.464456354800000071e+01,-2.682028852799999896e+01,-5.441594543200000089e+01,-3.542829705399999796e+01
4.212102102100000245e+00,-5.164538080500000206e+01,-4.297319510799999875e+01,-2.700168795700000146e+01,-7.333193050799999924e+01,-3.665745247200000279e+01
4.232112112100000267e+00,-4.922609044299999681e+01,-4.404248144299999979e+01,-2.732710428600000085e+01,-5.673619915100000100e+01,-3.798017270399999745e+01
4.252122122100000290e+00,-5.085584840700000342e+01,-4.497062143600000184e+01,-2.762089554900000010e+01,-6.029006451299999725e+01,-4.007872536600000046e+01
4.272132132100000312e+00,-5.132847368400000221e+01,-4.444940457999999950e+01,-2.785288270199999872e+01,-6.085159985599999999e+01,-4.209646647699999988e+01
4.292142142100000335e+00,-5.432754913800000196e+01,-4.222960177200000231e+01,-2.840425426599999881e+01,-6.229959024899999775e+01,-4.435412831400000044e+01
4.312152152199999477e+00,-5.206200637900000316e+01,-4.076351055300000326e+01,-2.904887365100000096e+01,-5.535032442300000355e+01,-4.781839532299999718e+01
4.332162162199999500e+00,-4.926566291000000319e+01,-4.457097840600000183e+01,-2.949955437499999888e+01,-6.051407750199999924e+01,-5.792366811600000176e+01
4.352172172199999522e+00,-5.110058487300000252e+01,-4.506238736600000294e+01,-2.985168187800000084e+01,-6.085978865999999954e+01,-5.518201141299999790e+01
4.372182182199999545e+00,-4.884972717800000197e+01,-4.293627437399999991e+01,-3.020051051900000161e+01,-5.870478836000000200e+01,-4.842083209199999771e+01
4.392192192199999567e+00,-4.834593439399999681e+01,-4.466288286599999680e+01,-3.019977286199999966e+01,-5.470198404599999975e+01,-4.345117049800000331e+01
4.412202202199999590e+00,-4.808468453999999781e+01,-4.791061384900000064e+01,-3.024687900500000026e+01,-5.775973500900000346e+01,-4.041661905299999802e+01
4.432212212199999612e+00,-5.026328540299999759e+01,-4.118646843599999841e+01,-3.078830327600000061e+01,-6.447665760200000307e+01,-4.045932263000000262e+01
4.452222222199999635e+00,-5.267787956000000094e+01,-4.216413336200000117e+01,-3.082326653399999827e+01,-5.467714380400000351e+01,-3.931909908000000087e+01
4.472232232199999657e+00,-4.755894194100000050e+01,-4.137861219999999918e+01,-3.009732458799999932e+01,-5.578642624700000141e+01,-3.843614359699999738e+01
4.492242242199999680e+00,-4.779607326299999670e+01,-3.976436203800000158e+01,-3.055087631399999992e+01,-5.250949459499999961e+01,-3.767302138299999825e+01
4.512252252300000599e+00,-4.669455380200000150e+01,-4.181895149799999700e+01,-3.037898684099999969e+01,-5.456587237600000151e+01,-3.662030745500000251e+01
4.532262262300000621e+00,-4.775003877900000049e+01,-4.139743193200000348e+01,-3.050586532499999848e+01,-6.878324617600000579e+01,-3.586665465000000097e+01
4.552272272299999756e+00,-4.819433629400000285e+01,-4.375937938399999894e+01,-3.061261323500000131e+01,-5.668881944099999970e+01,-3.641910465600000180e+01
4.572282282299999778e+00,-4.978482800399999775e+01,-3.977655908500000237e+01,-3.042272328399999992e+01,-5.147561655199999819e+01,-3.596756486499999994e+01
4.592292292299999801e+00,-4.846904298999999838e+01,-4.045716453699999704e+01,-3.011995208300000115e+01,-5.127433368900000232e+01,-3.589702032099999940e+01
4.612302302299999823e+00,-5.195335577200000188e+01,-4.079914229999999975e+01,-2.958324305600000059e+01,-5.728527952299999981e+01,-3.446591134599999862e+01
4.632312312299999846e+00,-5.606176863499999996e+01,-4.139194191800000056e+01,-2.929669889099999835e+01,-5.419701977799999781e+01,-3.472363924700000126e+01
4.652322322299999868e+00,-5.016215694899999988e+01,-4.148131603899999931e+01,-2.993089713799999885e+01,-5.677640378499999940e+01,-3.415552473799999689e+01
4.672332332299999891e+00,-4.764233037599999676e+01,-4.040812823899999984e+01,-2.985372076100000172e+01,-5.750814311100000253e+01,-3.270600251599999808e+01
4.692342342299999913e+00,-4.813463544199999689e+01,-3.826035625899999815e+01,-2.895298436699999911e+01,-5.993176230000000260e+01,-3.213091633999999885e+01
4.712352352399999944e+00,-4.794062304900000271e+01,-4.002973180099999695e+01,-2.862609317100000084e+01,-5.092914176200000043e+01,-3.131825718300000005e+01
4.732362362399999967e+00,-4.841503683199999841e+01,-4.061466240299999697e+01,-2.907424354300000147e+01,-6.196226712200000009e+01,-3.042503303499999845e+01
4.752372372399999989e+00,-4.869038600199999678e+01,-3.983682133599999986e+01,-2.947021228599999887e+01,-5.394084735500000249e+01,-2.990017161700000159e+01
4.772382382400000012e+00,-5.054556742900000188e+01,-3.888511909000000344e+01,-2.975631186700000086e+01,-5.154227843400000353e+01,-2.961943617700000075e+01
4.792392392400000034e+00,-4.746424988799999767e+01,-3.758406045400000295e+01,-2.821012529500000099e+01,-5.146985074700000240e+01,-2.895351271799999893e+01
4.812402402400000057e+00,-4.552480554099999921e+01,-3.887872566099999716e+01,-2.887553186999999966e+01,-5.164428390300000160e+01,-2.906460872999999978e+01
4.832412412399999191e+00,-4.550865982599999882e+01,-3.814363973399999708e+01,-2.846876655599999850e+01,-6.331995901199999821e+01,-2.870444335499999866e+01
4.852422422399999213e+00,-5.021823749600000042e+01,-3.779187812100000343e+01,-2.920291566699999919e+01,-5.604423121600000002e+01,-2.797599543400000144e+01
4.872432432399999236e+00,-4.469963567500000323e+01,-3.696012252999999959e+01,-2.952837409199999996e+01,-5.307393545000000046e+01,-2.808687145500000071e+01
4.892442442399999258e+00,-4.544921964200000275e+01,-3.546562514000000021e+01,-2.840958779199999995e+01,-5.617189143200000245e+01,-2.821641120900000033e+01
4.912452452500000177e+00,-4.681152928099999855e+01,-3.569745996900000051e+01,-2.821664378899999903e+01,-5.032294586500000122e+01,-2.826320624199999898e+01
4.932462462500000200e+00,-4.822349696300000232e+01,-3.558824295099999802e+01,-2.821707003399999891e+01,-5.227701388399999871e+01,-2.813957979699999967e+01
4.952472472500000222e+00,-4.424907949100000337e+01,-3.713926339500000040e+01,-2.865701703499999908e+01,-5.962349298299999845e+01,-2.807574965499999919e+01
4.972482482500000245e+00,-4.459256557399999821e+01,-3.696959737299999915e+01,-2.878974943700000111e+01,-4.979697786199999854e+01,-2.811735031499999948e+01
4.992492492500000267e+00,-4.403568457099999733e+01,-3.714502413099999956e+01,-2.823871840800000044e+01,-5.185957171100000096e+01,-2.807963280799999950e+01
5.012502502500000290e+00,-4.460899993200000324e+01,-3.608659565699999661e+01,-2.729342072800000096e+01,-4.955731862300000046e+01,-2.881771389400000061e+01
5.032512512500000312e+00,-4.317733119799999741e+01,-3.593413178699999833e+01,-2.782794258199999859e+01,-5.059349494500000333e+01,-2.881144279700000155e+01
5.052522522500000335e+00,-4.640031091899999893e+01,-3.531886109399999896e+01,-2.728309231600000118e+01,-5.208352908100000178e+01,-2.937609603499999977e+01
5.072532532500000357e+00,-4.499325083600000141e+01,-3.513347092000000060e+01,-2.743034598199999863e+01,-5.448567616900000132e+01,-3.014860714599999980e+01
5.092542542500000380e+00,-4.273740130800000259e+01,-3.546923410699999835e+01,-2.682807049799999888e+01,-5.581991809000000160e+01,-3.014302877200000097e+01
5.112552552600000411e+00,-4.656933914999999757e+01,-3.432607112899999890e+01,-2.684969703300000177e+01,-5.631487159299999945e+01,-3.068410078100000149e+01
5.132562562600000433e+00,-4.542817857299999673e+01,-3.479300836899999894e+01,-2.644206984699999907e+01,-5.100578625299999658e+01,-3.100164605300000176e+01
5.152572572600000456e+00,-4.311634853300000003e+01,-3.442183529300000089e+01,-2.658723199900000012e+01,-5.221593510900000012e+01,-3.178874360400000043e+01
5.172582582600000478e+00,-4.511412622800000349e+01,-3.354509821900000333e+01,-2.617948668700000070e+01,-5.404205748900000117e+01,-3.209137294399999973e+01
5.192592592600000501e+00,-4.282671821499999965e+01,-3.349291046999999821e+01,-2.676162414699999914e+01,-6.730433965899999293e+01,-3.304211385800000045e+01
5.212602602600000523e+00,-4.604278439800000200e+01,-3.366982633199999952e+01,-2.608574947399999999e+01,-5.848921163299999648e+01,-3.388823298700000208e+01
5.232612612600000546e+00,-4.245209971900000312e+01,-3.356609224700000027e+01,-2.675075641500000145e+01,-6.194980328900000188e+01,-3.381359792199999958e+01
5.252622622600000568e+00,-4.487862255499999975e+01,-3.210396180600000093e+01,-2.647934096699999884e+01,-5.431843021099999902e+01,-3.486309337400000175e+01
5.272632632600000591e+00,-4.509266367099999684e+01,-3.290096774500000265e+01,-2.652991816200000130e+01,-5.617806575899999899e+01,-3.507760271000000074e+01
5.292642642600000613e+00,-4.223556095699999702e+01,-3.244748883999999833e+01,-2.638506385899999884e+01,-5.255221504200000027e+01,-3.475688681799999813e+01
5.312652652699999756e+00,-4.346050840000000193e+01,-3.322627784800000228e+01,-2.664642617000000158e+01,-5.222320228299999911e+01,-3.541090177899999958e+01
5.332662662699999778e+00,-4.441266883600000170e+01,-3.181633567900000159e+01,-2.704983794900000049e+01,-5.293503159000000124e+01,-3.502525691900000027e+01
5.352672672699999801e+00,-4.697503404399999738e+01,-3.168029204500000162e+01,-2.678310987800000120e+01,-4.990153221500000313e+01,-3.480755586800000145e+01
5.372682682699999823e+00,-4.924729329000000178e+01,-3.223581451999999814e+01,-2.748499955400000161e+01,-5.744865841099999670e+01,-3.625627774299999828e+01
5.392692692699999846e+00,-4.553585822299999819e+01,-3.180045892800000118e+01,-2.706868498700000103e+01,-5.217463550299999753e+01,-3.624776656299999900e+01
5.412702702699999868e+00,-5.099277254399999748e+01,-3.245501079000000288e+01,-2.738561478900000168e+01,-5.514573238199999849e+01,-3.773279815299999740e+01
5.432712712699999891e+00,-4.921882736199999897e+01,-3.243859448900000331e+01,-2.751600043699999887e+01,-5.221870541599999882e+01,-3.974700814900000267e+01
5.452722722699999913e+00,-4.835952950000000072e+01,-3.234189214399999912e+01,-2.798740279300000111e+01,-4.821366407800000076e+01,-3.917138014399999690e+01
5.472732732699999936e+00,-5.062437907000000337e+01,-3.274974404099999958e+01,-2.847431486400000011e+01,-5.291156955400000328e+01,-3.856263013499999914e+01
5.492742742699999958e+00,-5.394831466099999773e+01,-3.206281220500000018e+01,-2.856953190999999848e+01,-6.043785256599999656e+01,-3.977340404899999982e+01
5.512752752799999989e+00,-4.831361516399999800e+01,-3.177963784700000005e+01,-2.933388529799999844e+01,-4.993878547799999978e+01,-4.250677231200000250e+01
5.532762762800000012e+00,-5.550313543600000088e+01,-3.207633582999999788e+01,-3.002208949999999987e+01,-4.944764171199999936e+01,-4.122894963499999932e+01
5.552772772800000034e+00,-4.580778384999999986e+01,-3.196478877899999915e+01,-3.087317886399999978e+01,-4.504157068600000002e+01,-4.046182633699999798e+01
5.572782782800000057e+00,-5.253037797300000022e+01,-3.124974673899999900e+01,-3.219483180900000008e+01,-4.517301219499999831e+01,-4.055270599199999992e+01
5.592792792800000079e+00,-4.703561018900000334e+01,-3.073505504399999921e+01,-3.425189196299999850e+01,-4.612938158600000094e+01,-4.198021668100000170e+01
5.612802802800000102e+00,-5.740672919699999710e+01,-3.000247233500000021e+01,-3.576920785699999783e+01,-4.814970234399999782e+01,-4.245758306100000112e+01
5.632812812800000124e+00,-4.690884908999999681e+01,-3.021502870899999849e+01,-3.997181020000000018e+01,-4.404786090599999682e+01,-4.217926218099999858e+01
5.652822822800000147e+00,-5.532539855200000289e+01,-3.053603500499999868e+01,-4.128457831200000072e+01,-4.671127937300000355e+01,-3.983939016899999785e+01
5.672832832800000169e+00,-5.625745134600000341e+01,-2.934962301999999923e+01,-6.059085387900000086e+01,-4.690851615100000060e+01,-4.549425357500000189e+01
5.692842842800000192e+00,-4.985146568399999722e+01,-2.953202593299999990e+01,-4.431692948300000268e+01,-4.568467059900000038e+01,-4.189778388900000294e+01
5.712852852899999334e+00,-5.139620570099999952e+01,-2.955158191099999954e+01,-4.112342140999999884e+01,-4.393866704900000286e+01,-4.198314380600000106e+01
5.732862862899999357e+00,-4.802184492599999999e+01,-2.900034094300000120e+01,-3.798228397599999795e+01,-4.325275030000000243e+01,-3.988280140999999901e+01
5.752872872899999379e+00,-6.137384896900000086e+01,-2.834811763000000084e+01,-3.540995892400000145e+01,-4.677740344499999736e+01,-4.034390971199999854e+01
5.772882882899999402e+00,-5.277545553800000278e+01,-2.802512353399999867e+01,-3.527239289399999933e+01,-4.443797444500000182e+01,-4.170020438699999943e+01
5.792892892899999424e+00,-5.400552802400000019e+01,-2.796223074799999964e+01,-3.228190867299999667e+01,-4.338843607700000149e+01,-3.882822123700000105e+01
5.812902902899999447e+00,-5.059674541100000056e+01,-2.711054209099999923e+01,-3.188434564099999946e+01,-4.190324367099999847e+01,-3.960724902100000122e+01
5.832912912899999469e+00,-5.203362969500000190e+01,-2.674547906600000147e+01,-3.046027225399999949e+01,-4.332572222900000014e+01,-4.056989979600000140e+01
5.852922922899999492e+00,-5.760050860100000136e+01,-2.629861661500000025e+01,-2.915383179000000169e+01,-4.285239781399999970e+01,-4.014977648600000038e+01
5.872932932899999514e+00,-5.249755561700000328e+01,-2.578762754299999926e+01,-2.853142575800000103e+01,-4.094363554499999935e+01,-3.867161331199999807e+01
5.892942942899999537e+00,-5.427142530500000106e+01,-2.555000130000000169e+01,-2.776807699500000126e+01,-4.163856962300000220e+01,-3.994991461200000060e+01
5.912952952999999567e+00,-5.550267604100000085e+01,-2.512584186200000147e+01,-2.753026945699999928e+01,-4.134029181900000083e+01,-4.014059450500000281e+01
5.932962962999999590e+00,-6.705088066800000490e+01,-2.532731835899999950e+01,-2.671542599300000020e+01,-4.152304177399999929e+01,-4.005373658199999909e+01
5.952972972999999612e+00,-5.494208403900000093e+01,-2.448099931400000173e+01,-2.630390739799999977e+01,-4.301415094899999758e+01,-4.179194081699999685e+01
5.972982982999999635e+00,-5.233555726099999816e+01,-2.425416091299999977e+01,-2.559536439500000071e+01,-4.194293196200000295e+01,-4.063554025399999858e+01
5.992992992999999657e+00,-6.145943819000000019e+01,-2.455206816999999830e+01,-2.553100860500000024e+01,-3.917003954799999832e+01,-4.120720589100000097e+01
6.013003002999999680e+00,-6.448531534699999668e+01,-2.467464810999999969e+01,-2.507317982200000017e+01,-4.131114582400000046e+01,-3.987495609599999824e+01
6.033013012999999702e+00,-4.846209727099999753e+01,-2.505356180800000132e+01,-2.537149691400000151e+01,-4.031401877199999717e+01,-3.923030595400000209e+01
6.053023022999999725e+00,-6.481824211100000355e+01,-2.525960265999999876e+01,-2.455891506400000068e+01,-4.198347683600000124e+01,-3.950587733100000065e+01
6.073033032999999747e+00,-5.198480156499999794e+01,-2.579549061100000173e+01,-2.444736579599999970e+01,-4.090381184099999956e+01,-3.827482253000000156e+01
6.093043042999999770e+00,-5.010869368000000179e+01,-2.545650307400000045e+01,-2.432858427800000101e+01,-3.939374494300000151e+01,-3.798427909499999799e+01
6.113053053100000689e+00,-5.223297560700000020e+01,-2.608500614600000134e+01,-2.410101270499999870e+01,-3.971586582700000179e+01,-3.982071535699999743e+01
6.133063063100000711e+00,-4.989650858600000305e+01,-2.613389471600000036e+01,-2.393268723599999959e+01,-4.109005216700000318e+01,-3.863385076800000206e+01
6.153073073100000734e+00,-4.461486952199999934e+01,-2.613927616699999845e+01,-2.393185295800000034e+01,-4.024684815399999849e+01,-3.850241496200000313e+01
6.173083083100000756e+00,-4.767751843500000319e+01,-2.637959259000000145e+01,-2.418754229400000000e+01,-4.132264945200000028e+01,-3.713440024999999878e+01
6.193093093100000779e+00,-4.851467907100000332e+01,-2.636453754300000085e+01,-2.425205438800000124e+01,-4.099538213600000347e+01,-3.775635463300000083e+01
6.213103103100000801e+00,-5.119869239100000158e+01,-2.661618454999999983e+01,-2.417336963099999991e+01,-4.046688605599999988e+01,-4.035047728800000044e+01
6.233113113100000824e+00,-5.136207792300000108e+01,-2.687820411799999931e+01,-2.422284001599999925e+01,-3.840370303000000263e+01,-4.032099234100000018e+01
6.253123123099999958e+00,-4.476731045599999703e+01,-2.701999757800000168e+01,-2.507048234299999834e+01,-3.942533868699999999e+01,-4.023127026099999881e+01
6.273133133099999981e+00,-4.440222159900000065e+01,-2.635948726699999867e+01,-2.483659857299999985e+01,-3.985494177000000349e+01,-4.009637921200000221e+01
6.293143143100000003e+00,-4.695693596000000269e+01,-2.662160036199999880e+01,-2.550619669099999953e+01,-3.872260467299999931e+01,-4.121480784300000266e+01
6.313153153200000034e+00,-4.449413342300000096e+01,-2.629998063200000047e+01,-2.563486634999999936e+01,-3.837162733800000325e+01,-4.221840441100000163e+01
6.333163163200000056e+00,-4.221225667299999884e+01,-2.621276154899999966e+01,-2.584270387799999824e+01,-3.847932309200000134e+01,-4.231452751799999845e+01
6.353173173200000079e+00,-4.975624974800000189e+01,-2.644698569699999879e+01,-2.604370603899999992e+01,-3.666661214399999835e+01,-4.383909247999999792e+01
6.373183183200000101e+00,-4.360356705000000233e+01,-2.613745845700000103e+01,-2.591875828099999879e+01,-3.659601637899999815e+01,-4.851974103500000268e+01
6.393193193200000124e+00,-4.377200002699999715e+01,-2.615046162100000160e+01,-2.612790971300000109e+01,-3.766764166200000119e+01,-4.819379322199999649e+01
6.413203203200000146e+00,-4.649127920099999756e+01,-2.582860209900000115e+01,-2.635748521800000077e+01,-3.574567498399999721e+01,-5.294149431600000355e+01
6.433213213200000169e+00,-4.760314659099999801e+01,-2.586948027000000039e+01,-2.651946671700000024e+01,-3.538376974799999886e+01,-5.788893234500000062e+01
6.453223223200000191e+00,-4.246616255499999681e+01,-2.578785684099999997e+01,-2.678537279900000101e+01,-3.486063057300000168e+01,-5.829170691499999890e+01
6.473233233200000214e+00,-4.452901602800000092e+01,-2.577743408099999911e+01,-2.640004797099999934e+01,-3.441920223599999673e+01,-4.815378486899999899e+01
6.493243243200000236e+00,-4.309066637400000133e+01,-2.552292828699999916e+01,-2.662463038099999935e+01,-3.437846118800000283e+01,-4.911515077300000343e+01
6.513253253300000267e+00,-4.524843984900000038e+01,-2.575730707900000027e+01,-2.711644888400000042e+01,-3.322882809600000087e+01,-4.532066815700000006e+01
6.533263263300000290e+00,-4.642004804900000181e+01,-2.627364776900000010e+01,-2.740860581000000096e+01,-3.288082148299999830e+01,-4.631694475500000152e+01
6.553273273300000312e+00,-4.511120262200000042e+01,-2.557381442399999827e+01,-2.731450154899999916e+01,-3.305375700399999772e+01,-4.562897813699999716e+01
6.573283283300000335e+00,-4.919059051400000016e+01,-2.612253217199999966e+01,-2.707083869099999873e+01,-3.267403812799999940e+01,-4.707211949199999879e+01
6.593293293300000357e+00,-4.204597005600000159e+01,-2.583565205600000070e+01,-2.780660877700000100e+01,-3.179771306199999970e+01,-4.643541033599999679e+01
6.613303303300000380e+00,-4.306145600899999693e+01,-2.645498787100000015e+01,-2.716354655099999960e+01,-3.154997038000000131e+01,-4.573145944800000251e+01
6.633313313300000402e+00,-4.084768091699999815e+01,-2.605971543900000142e+01,-2.702342059900000137e+01,-3.196541550999999970e+01,-4.445843160199999744e+01
6.653323323300000425e+00,-4.572897906099999688e+01,-2.629834405200000091e+01,-2.650573453000000157e+01,-3.151638057699999962e+01,-5.226654246799999726e+01
6.673333333300000447e+00,-4.250583197699999971e+01,-2.692262926600000128e+01,-2.649201254100000114e+01,-3.114562325400000020e+01,-4.915444863300000122e+01
6.693343343300000470e+00,-4.342039886799999948e+01,-2.737355249799999868e+01,-2.604884666599999932e+01,-3.017641799900000166e+01,-4.977618690700000315e+01
6.713353353399999612e+00,-4.108604048699999822e+01,-2.714064842100000163e+01,-2.564565321499999939e+01,-3.015629201999999864e+01,-4.794478042800000139e+01
6.733363363399999635e+00,-4.505717075999999821e+01,-2.757137437200000107e+01,-2.590014972899999890e+01,-3.068889672499999932e+01,-4.772865550299999882e+01
6.753373373399999657e+00,-4.143052165000000286e+01,-2.826254129499999834e+01,-2.517437937500000089e+01,-3.040622925299999935e+01,-4.471632297400000056e+01
6.773383383399999680e+00,-4.519852813699999672e+01,-2.846701036700000031e+01,-2.484294289800000044e+01,-2.968851798300000056e+01,-4.238988763100000057e+01
6.793393393399999702e+00,-4.247139523100000247e+01,-2.903212457300000082e+01,-2.456709788799999927e+01,-2.946575582199999843e+01,-3.950804140000000331e+01
6.813403403399999725e+00,-4.568391396900000245e+01,-3.008034413200000046e+01,-2.401107422600000163e+01,-3.017575300600000077e+01,-3.968754841300000180e+01
6.833413413399999747e+00,-4.321940232299999707e+01,-2.982953293299999942e+01,-2.383528078899999869e+01,-2.942695651800000078e+01,-4.043224551800000199e+01
6.853423423399999770e+00,-4.244404111899999776e+01,-3.019299186599999985e+01,-2.372061685999999980e+01,-2.969606396200000020e+01,-3.980338645300000167e+01
6.873433433399999792e+00,-4.492694538100000301e+01,-3.066989372900000177e+01,-2.356908524600000021e+01,-2.940028090799999916e+01,-3.859533753800000255e+01
6.893443443399999815e+00,-4.499101567400000334e+01,-3.046677760500000076e+01,-2.301502766699999825e+01,-2.901586813400000153e+01,-3.785294371199999830e+01
6.913453453499999846e+00,-4.544561802300000153e+01,-3.076553121599999940e+01,-2.322152130199999931e+01,-2.925232998299999920e+01,-3.819041088899999892e+01
6.933463463499999868e+00,-4.761440030499999665e+01,-3.106154983700000116e+01,-2.287136689600000139e+01,-2.946502628400000035e+01,-3.736678866799999810e+01
6.953473473499999891e+00,-4.655439051399999784e+01,-2.973776449500000041e+01,-2.291839550199999920e+01,-2.884151990799999865e+01,-3.684850620099999929e+01
6.973483483499999913e+00,-4.256100863199999651e+01,-2.976864392299999906e+01,-2.303693230500000055e+01,-2.855625363000000050e+01,-3.736062768800000100e+01
6.993493493499999936e+00,-4.140841390899999652e+01,-3.081316301200000041e+01,-2.278401355400000128e+01,-2.868404763499999888e+01,-3.714293018000000046e+01
7.013503503499999958e+00,-4.234660019100000028e+01,-3.043984502900000066e+01,-2.257532298900000001e+01,-2.877051669400000122e+01,-3.721940620699999869e+01
7.033513513499999981e+00,-4.151606838400000044e+01,-3.163699095500000169e+01,-2.261352629099999945e+01,-2.894480311399999906e+01,-3.752048424899999901e+01
7.053523523500000003e+00,-4.274494370499999718e+01,-3.057383185100000134e+01,-2.271862131800000029e+01,-2.903305571499999971e+01,-3.879883618499999898e+01
7.073533533500000026e+00,-4.527633259400000298e+01,-3.042532972600000107e+01,-2.272822948700000012e+01,-2.929571974099999920e+01,-3.742593187800000010e+01
7.093543543500000048e+00,-4.185069840599999935e+01,-3.137087247199999851e+01,-2.280159277899999992e+01,-2.881875571100000144e+01,-3.795395471599999837e+01
7.113553553600000079e+00,-4.264336600899999752e+01,-3.247678818199999995e+01,-2.280559081099999830e+01,-2.958238378400000101e+01,-3.774736440299999884e+01
7.133563563600000101e+00,-4.373935267800000304e+01,-3.265279710499999766e+01,-2.307379753100000030e+01,-2.890011953899999853e+01,-3.863293258400000241e+01
7.153573573600000124e+00,-4.359155133299999818e+01,-3.329007951399999854e+01,-2.307623827700000163e+01,-2.921196734700000164e+01,-3.787963116099999894e+01
7.173583583600000146e+00,-4.458204283700000303e+01,-3.289675492599999984e+01,-2.324778597499999933e+01,-2.940190618600000150e+01,-3.762425600400000292e+01
7.193593593600000169e+00,-4.093074072499999971e+01,-3.382357471099999913e+01,-2.356588827799999919e+01,-2.997158106299999858e+01,-3.866874962499999668e+01
7.213603603600000191e+00,-4.480591380199999918e+01,-3.340703902999999997e+01,-2.376120053400000032e+01,-2.963115178299999997e+01,-3.802580238800000245e+01
7.233613613600000214e+00,-4.482789726299999700e+01,-3.522555469299999942e+01,-2.415627763299999842e+01,-2.938368349199999940e+01,-3.863636901200000295e+01
7.253623623600000236e+00,-4.217922548599999999e+01,-3.507330764700000003e+01,-2.442566823199999959e+01,-2.902605475000000013e+01,-3.723580936399999786e+01
7.273633633600000259e+00,-4.516611811100000295e+01,-3.577870952800000026e+01,-2.432292758399999855e+01,-2.932478636500000135e+01,-3.585576339400000023e+01
7.293643643600000281e+00,-4.237333122199999735e+01,-3.581531921599999890e+01,-2.437042095600000025e+01,-2.858608788900000164e+01,-3.546695872400000127e+01
7.313653653699999424e+00,-4.289266889400000338e+01,-3.634279609899999741e+01,-2.499565705799999904e+01,-2.923279581199999910e+01,-3.639546195500000181e+01
7.333663663699999447e+00,-4.252650378700000289e+01,-3.655934981299999720e+01,-2.490766611900000171e+01,-2.867512436599999859e+01,-3.497717099799999829e+01
7.353673673699999469e+00,-4.587604654900000156e+01,-3.543270737400000314e+01,-2.496750061099999840e+01,-2.921218182000000141e+01,-3.404959637999999700e+01
7.373683683699999492e+00,-4.388753454700000134e+01,-3.899318007699999811e+01,-2.580317574700000094e+01,-2.939899120800000176e+01,-3.418161973600000181e+01
7.393693693699999514e+00,-4.229564923699999923e+01,-3.928250873500000040e+01,-2.560127479100000158e+01,-2.849521347199999965e+01,-3.417372038100000253e+01
7.413703703699999537e+00,-4.513068040299999950e+01,-3.821864922900000039e+01,-2.563170480599999834e+01,-2.915689246799999879e+01,-3.365593328899999648e+01
7.433713713699999559e+00,-4.234509697499999703e+01,-3.800690301400000237e+01,-2.580356222600000038e+01,-2.927006893700000134e+01,-3.391709651899999756e+01
7.453723723699999582e+00,-4.762363693900000072e+01,-4.165090900700000276e+01,-2.549971732699999905e+01,-2.918774176999999881e+01,-3.321047979000000083e+01
7.473733733699999604e+00,-4.597093470699999784e+01,-3.888275595599999690e+01,-2.596501835300000138e+01,-2.949145913999999991e+01,-3.333926490199999648e+01
7.493743743699999627e+00,-4.603824596900000188e+01,-3.892836410000000313e+01,-2.592222281200000111e+01,-2.937978014000000115e+01,-3.421538282800000275e+01
7.513753753800000545e+00,-4.490800496399999986e+01,-4.195979133099999814e+01,-2.521691024900000144e+01,-2.929707882099999949e+01,-3.337660215999999735e+01
7.533763763800000568e+00,-4.350603734100000253e+01,-3.850238370800000354e+01,-2.543623541099999841e+01,-2.942777357599999988e+01,-3.421031532199999958e+01
7.553773773800000590e+00,-4.848785229799999996e+01,-3.777406943100000092e+01,-2.501513027300000047e+01,-2.900499702500000154e+01,-3.224302359400000029e+01
7.573783783800000613e+00,-5.034223134900000218e+01,-4.085155733599999905e+01,-2.497556982300000072e+01,-2.924638557899999824e+01,-3.321604373400000298e+01
7.593793793799999747e+00,-4.885289844199999720e+01,-3.990071499100000096e+01,-2.524794619500000081e+01,-2.901936049300000064e+01,-3.322751894799999661e+01
7.613803803799999770e+00,-4.891808354799999847e+01,-3.781894354899999655e+01,-2.540614791000000139e+01,-2.940155396300000135e+01,-3.243502089300000080e+01
7.633813813799999792e+00,-5.076795526800000147e+01,-3.973147177999999968e+01,-2.523098311200000055e+01,-2.905274991499999970e+01,-3.240003812900000213e+01
7.653823823799999815e+00,-5.813238322299999794e+01,-4.009855910400000312e+01,-2.566832976299999913e+01,-2.896921005100000102e+01,-3.245425153200000068e+01
7.673833833799999837e+00,-4.899648575199999812e+01,-3.752261686500000337e+01,-2.592290773699999917e+01,-2.867717145900000020e+01,-3.215441849300000143e+01
7.693843843799999860e+00,-4.763513584399999701e+01,-3.836393814400000224e+01,-2.551894397199999887e+01,-2.965829729800000081e+01,-3.235226455400000134e+01
7.713853853899999891e+00,-4.831193968499999869e+01,-3.893347444399999802e+01,-2.600454441100000125e+01,-2.953014107799999977e+01,-3.266990520800000297e+01
7.733863863899999913e+00,-4.658298231300000225e+01,-3.835128082199999966e+01,-2.574693475400000153e+01,-2.926997612099999913e+01,-3.317545243200000016e+01
7.753873873899999936e+00,-4.562784659599999770e+01,-3.590085852600000038e+01,-2.611204277099999871e+01,-2.980916739299999918e+01,-3.328142616899999950e+01
7.773883883899999958e+00,-4.642289245799999975e+01,-3.651162974700000063e+01,-2.649674988499999984e+01,-2.952041508800000003e+01,-3.390209609800000123e+01
7.793893893899999981e+00,-4.276959105699999952e+01,-3.715355624400000067e+01,-2.662218622199999984e+01,-3.083511666500000103e+01,-3.428519976900000188e+01
7.813903903900000003e+00,-4.314685881799999834e+01,-3.444177465100000290e+01,-2.682379276500000032e+01,-3.050104304099999908e+01,-3.394483038100000272e+01
7.833913913900000026e+00,-4.441295055100000155e+01,-3.551615883899999915e+01,-2.705114559300000110e+01,-3.113663883399999932e+01,-3.462178584099999767e+01
7.853923923900000048e+00,-4.416626674399999786e+01,-3.472793975199999750e+01,-2.720526890000000009e+01,-3.133860311999999837e+01,-3.564882935699999678e+01
7.873933933899999182e+00,-4.077916509100000297e+01,-3.520472115500000143e+01,-2.778548527199999896e+01,-3.136514287900000042e+01,-3.641293842399999647e+01
7.893943943899999205e+00,-4.504370810399999669e+01,-3.450824100399999850e+01,-2.765603333099999972e+01,-3.139540110500000125e+01,-3.814325464800000276e+01
7.913953954000000124e+00,-4.163418751300000054e+01,-3.206845280800000353e+01,-2.792761781200000115e+01,-3.301877715500000221e+01,-3.787562899200000288e+01
7.933963964000000146e+00,-4.469939249200000120e+01,-3.400850593300000213e+01,-2.843796833900000109e+01,-3.457130134799999865e+01,-4.170511209000000008e+01
7.953973974000000169e+00,-4.678860442500000261e+01,-3.253490356700000063e+01,-2.828063759699999835e+01,-3.471605065400000001e+01,-4.040564747700000225e+01
7.973983984000000191e+00,-4.405325511299999874e+01,-3.139827914099999973e+01,-2.847612619299999892e+01,-3.727729233000000164e+01,-4.113824395599999661e+01
7.993993994000000214e+00,-4.504531481200000087e+01,-3.082701717000000130e+01,-2.888101464100000015e+01,-3.810275928800000145e+01,-4.314769939800000031e+01
8.014004004000000236e+00,-4.755417060999999990e+01,-3.037823355900000166e+01,-2.923861257900000155e+01,-3.787948887299999967e+01,-4.386130971800000111e+01
8.034014014000000259e+00,-4.733669348800000165e+01,-3.116922869400000096e+01,-2.892486718900000042e+01,-3.958636672299999759e+01,-4.425342782599999936e+01
8.054024024000000281e+00,-4.321182179600000239e+01,-2.991199732300000136e+01,-2.959621605299999914e+01,-4.265246481900000219e+01,-4.359543852800000252e+01
8.074034034000000304e+00,-4.661730424299999953e+01,-2.947179489099999827e+01,-2.971078496999999885e+01,-4.252182499700000307e+01,-4.447121556999999825e+01
8.094044044000000326e+00,-4.349654220699999740e+01,-2.998069428200000175e+01,-3.063514809600000177e+01,-4.140920614699999902e+01,-4.346575484000000245e+01
8.114054054100000357e+00,-4.975648258500000054e+01,-2.956244670999999968e+01,-3.020330798199999833e+01,-4.054738806200000312e+01,-4.667377117899999917e+01
8.134064064100000380e+00,-4.470020495499999669e+01,-3.034078243000000086e+01,-3.111817346100000137e+01,-4.078609936699999849e+01,-4.277076645399999677e+01
8.154074074100000402e+00,-4.501668520300000154e+01,-2.993313705299999938e+01,-3.066998184699999896e+01,-4.192282973799999723e+01,-4.235255487399999907e+01
8.174084084100000425e+00,-6.075221571800000220e+01,-2.972798410700000105e+01,-3.009067974599999928e+01,-4.096953836200000154e+01,-4.279008029199999896e+01
8.194094094100000447e+00,-4.639473806400000200e+01,-2.990039028900000062e+01,-3.093076073199999954e+01,-4.277151106299999839e+01,-4.071720640299999872e+01
8.214104104100000470e+00,-4.101520260299999876e+01,-2.982601497099999932e+01,-3.199646016699999862e+01,-3.997556516899999934e+01,-4.224946395900000340e+01
8.234114114100000492e+00,-4.332493499699999973e+01,-2.846528263600000130e+01,-3.232439828500000090e+01,-4.046669267699999750e+01,-4.175372708799999799e+01
8.254124124100000515e+00,-4.430393778999999910e+01,-3.042480074099999854e+01,-3.345272177300000038e+01,-4.101667975400000188e+01,-4.221781297500000107e+01
8.274134134100000537e+00,-4.026823921799999795e+01,-2.866941782900000035e+01,-3.415063580099999996e+01,-4.425816501100000266e+01,-4.275055652100000003e+01
8.294144144100000560e+00,-4.034103349899999813e+01,-2.924531053999999841e+01,-3.575177677199999948e+01,-4.335437696299999999e+01,-4.201101223500000259e+01
8.314154154200000590e+00,-4.297519692800000257e+01,-3.011902545899999950e+01,-3.888942133100000120e+01,-4.414280626800000107e+01,-3.914219008199999905e+01
8.334164164200000613e+00,-4.048288679099999854e+01,-3.079021860799999999e+01,-4.057519565599999822e+01,-4.263844211400000006e+01,-4.045648423699999796e+01
8.354174174200000635e+00,-4.057583295199999895e+01,-3.197537765699999923e+01,-4.579008857800000243e+01,-4.123239533400000312e+01,-4.003547242100000148e+01
8.374184184200000658e+00,-4.406618947900000194e+01,-3.247536695400000184e+01,-4.720379037499999697e+01,-3.927459592799999655e+01,-4.005776901099999776e+01
8.394194194200000680e+00,-4.041748790500000155e+01,-3.201508854299999740e+01,-4.887872373399999759e+01,-3.884762218200000206e+01,-3.852466555099999823e+01
8.414204204199998927e+00,-4.441052676200000349e+01,-3.234080336200000261e+01,-4.741246611300000069e+01,-3.931213968400000169e+01,-3.809001408900000030e+01
8.434214214199998949e+00,-4.289978384799999844e+01,-3.393717106999999800e+01,-4.365371483399999875e+01,-3.844865006999999935e+01,-3.971998875700000298e+01
8.454224224199998972e+00,-4.421651006999999822e+01,-3.535524679099999901e+01,-3.950007111699999740e+01,-3.811651566399999780e+01,-3.870769797100000176e+01
8.474234234199998994e+00,-4.646468713800000216e+01,-3.588523812399999713e+01,-4.011997664300000110e+01,-3.760709459099999918e+01,-3.866419939499999714e+01
8.494244244199999017e+00,-4.763558061399999843e+01,-3.749840485400000034e+01,-3.611037287399999940e+01,-3.817323586300000215e+01,-3.898777538600000270e+01
8.514254254300000824e+00,-5.137005411300000191e+01,-3.602977320000000105e+01,-3.651704815699999784e+01,-3.722584819800000133e+01,-3.875813779799999992e+01
8.534264264300000846e+00,-4.260929490499999872e+01,-3.599856764500000139e+01,-3.776169265499999739e+01,-3.610030075699999941e+01,-4.109544751600000012e+01
8.554274274300000869e+00,-5.562946300400000155e+01,-3.431593725700000164e+01,-3.554378456700000299e+01,-3.843012762800000104e+01,-4.199142199700000333e+01
8.574284284300000891e+00,-4.855730676200000318e+01,-3.597646063900000257e+01,-3.603202165799999790e+01,-3.743327524200000056e+01,-4.226528363999999982e+01
8.594294294299999137e+00,-5.708755481600000081e+01,-3.345201440600000353e+01,-3.591578651300000047e+01,-3.548875977699999851e+01,-4.158971178600000229e+01
8.614304304299999160e+00,-4.631780222900000155e+01,-3.535188119099999682e+01,-3.594603829199999723e+01,-3.497554118200000062e+01,-3.981839265899999702e+01
8.634314314299999182e+00,-4.524006308300000256e+01,-3.285389841700000346e+01,-3.751023436399999866e+01,-3.457246410900000200e+01,-3.898902727899999832e+01
8.654324324299999205e+00,-4.437984783600000327e+01,-3.350108297999999962e+01,-3.571387379699999798e+01,-3.452829163300000204e+01,-3.924081285799999819e+01
8.674334334299999227e+00,-4.689169406199999912e+01,-3.505952923400000287e+01,-3.441947221299999882e+01,-3.390073664399999842e+01,-3.962612459199999648e+01
8.694344344299999250e+00,-3.711074641999999812e+01,-3.297149834500000054e+01,-3.222875752200000221e+01,-3.350878577699999994e+01,-3.778990716100000213e+01
8.714354354399999281e+00,-4.398503850899999890e+01,-3.237276127100000167e+01,-3.270606494700000155e+01,-3.357531609899999836e+01,-3.761355211200000070e+01
8.734364364399999303e+00,-4.368045245599999760e+01,-3.313022708999999821e+01,-3.081613193600000145e+01,-3.318261770600000204e+01,-3.588516065099999963e+01
8.754374374399999326e+00,-4.060036583899999840e+01,-3.362514396000000261e+01,-3.003682352299999891e+01,-3.377174393199999969e+01,-3.553684666699999894e+01
8.774384384399999348e+00,-4.258003778799999850e+01,-3.117363162799999898e+01,-2.990179146999999915e+01,-3.370368092799999715e+01,-3.507871861699999982e+01
8.794394394399999371e+00,-3.981111080299999827e+01,-3.163485719099999827e+01,-2.855288183900000121e+01,-3.335071418199999727e+01,-3.451082504899999748e+01
8.814404404399999393e+00,-3.954914443100000199e+01,-3.174082122900000158e+01,-2.788802991100000028e+01,-3.469270953000000191e+01,-3.306756496100000220e+01
8.834414414399999416e+00,-3.797188904400000098e+01,-2.894638007300000027e+01,-2.755944249099999865e+01,-3.405603739699999721e+01,-3.237544296000000088e+01
8.854424424399999438e+00,-3.843614401600000008e+01,-3.087895522899999889e+01,-2.692342587299999934e+01,-3.455964437600000139e+01,-3.158414233299999907e+01
8.874434434399999461e+00,-3.767560657500000332e+01,-2.974828403800000132e+01,-2.640133942499999975e+01,-3.310725197899999728e+01,-3.287011758399999906e+01
8.894444444399999483e+00,-3.730577504899999752e+01,-2.910194075900000144e+01,-2.603456075600000119e+01,-3.286074900100000207e+01,-3.269226167000000061e+01
8.914454454499999514e+00,-3.816908456000000172e+01,-2.921291164599999846e+01,-2.619613771799999924e+01,-3.263892233499999662e+01,-3.252456198099999796e+01
8.934464464499999536e+00,-3.847230256000000281e+01,-2.936397246900000013e+01,-2.599372190900000135e+01,-3.309858433000000133e+01,-3.243259509699999654e+01
8.954474474499999559e+00,-4.423394266999999758e+01,-3.050278717100000136e+01,-2.558864948800000150e+01,-3.313439620700000177e+01,-3.146655640299999845e+01
8.974484484499999581e+00,-4.498075543400000242e+01,-3.203723985300000265e+01,-2.607350452300000043e+01,-3.368791731200000328e+01,-3.174874026299999841e+01
8.994494494499999604e+00,-4.366746742499999812e+01,-2.990663852999999861e+01,-2.571085963399999841e+01,-3.327399485800000178e+01,-3.200563650800000204e+01
9.014504504499999626e+00,-4.569937840499999737e+01,-3.221518321399999962e+01,-2.536808522600000160e+01,-3.226793620299999787e+01,-3.227748146999999790e+01
9.034514514499999649e+00,-4.143976846099999989e+01,-3.043804262400000127e+01,-2.571189851800000170e+01,-3.376205743799999937e+01,-3.259280632299999780e+01
9.054524524499999671e+00,-3.783665395300000256e+01,-3.342221813900000171e+01,-2.509438461699999934e+01,-3.402943030800000201e+01,-3.194385172499999825e+01
9.074534534499999694e+00,-3.824823049599999791e+01,-3.308190893300000113e+01,-2.494159834199999892e+01,-3.237472927599999650e+01,-3.270858511000000135e+01
9.094544544499999716e+00,-3.528539510899999954e+01,-3.545066556799999802e+01,-2.543610139999999831e+01,-3.292446087399999755e+01,-3.423766235499999766e+01
9.114554554599999747e+00,-3.748731738600000085e+01,-3.394397099399999718e+01,-2.494767545599999892e+01,-3.397398831400000319e+01,-3.405966118599999959e+01
9.134564564599999770e+00,-3.434448118899999969e+01,-3.433647649800000323e+01,-2.554778152500000132e+01,-3.216614812899999976e+01,-3.345585341900000032e+01
9.154574574599999792e+00,-3.295637904800000229e+01,-3.479275209899999766e+01,-2.542204037999999855e+01,-3.212986340500000182e+01,-3.429332631799999831e+01
9.174584584599999815e+00,-3.451445456999999806e+01,-3.594399322600000346e+01,-2.591438585899999936e+01,-3.133430319300000022e+01,-3.431294705599999872e+01
9.194594594599999837e+00,-3.411284958400000278e+01,-3.583671795200000076e+01,-2.583356030199999864e+01,-3.186755896100000029e+01,-3.319545394600000066e+01
9.214604604599999860e+00,-3.292593783699999932e+01,-3.236500725999999872e+01,-2.647603787799999964e+01,-3.150392137100000056e+01,-3.421280792999999676e+01
9.234614614599999882e+00,-3.309017003299999971e+01,-3.289246145399999932e+01,-2.636068202299999896e+01,-3.176812210499999978e+01,-3.467954641600000087e+01
9.254624624599999905e+00,-3.249937323099999986e+01,-3.503529196600000262e+01,-2.681483515100000048e+01,-3.029403759299999876e+01,-3.494658825999999863e+01
9.274634634599999927e+00,-3.314032672199999752e+01,-3.449627205299999844e+01,-2.713489022799999972e+01,-2.975856306300000043e+01,-3.498163602300000008e+01
9.294644644599999950e+00,-3.304293595000000039e+01,-3.610687703400000004e+01,-2.859188430400000058e+01,-2.924182091500000169e+01,-3.532094965499999972e+01
9.314654654699999980e+00,-3.421625684400000011e+01,-3.353950144499999908e+01,-2.964402122099999914e+01,-2.817676316600000064e+01,-3.685745723499999826e+01
9.334664664700000003e+00,-3.432450560699999897e+01,-3.362228985499999823e+01,-3.013897757599999849e+01,-2.806424532999999855e+01,-3.544026766500000036e+01
9.354674674700000025e+00,-3.473097282500000205e+01,-3.426448355200000151e+01,-3.125290210300000027e+01,-2.716422207700000158e+01,-3.329990497699999707e+01
9.374684684700000048e+00,-3.353398342199999860e+01,-3.235456822700000146e+01,-3.128537775799999920e+01,-2.757974282200000005e+01,-3.262837799300000086e+01
9.394694694700000070e+00,-3.158591659600000057e+01,-3.220814943399999919e+01,-3.252550598399999870e+01,-2.683590437100000159e+01,-3.290224266399999919e+01
9.414704704700000093e+00,-3.107630145599999949e+01,-3.075798237700000115e+01,-3.316916226000000023e+01,-2.712259072299999829e+01,-3.187949459900000093e+01
9.434714714700000115e+00,-3.331573977400000075e+01,-3.273129546700000247e+01,-3.251303653400000115e+01,-2.586904874600000070e+01,-3.208208067999999713e+01
9.454724724700000138e+00,-3.293491948700000194e+01,-3.299183473800000144e+01,-3.257923809500000090e+01,-2.656087139699999966e+01,-3.185795513600000106e+01
9.474734734700000161e+00,-3.354393953900000014e+01,-3.129636042199999935e+01,-3.329558507699999836e+01,-2.699103035699999964e+01,-3.295479257600000267e+01
9.494744744700000183e+00,-3.219703785400000129e+01,-2.985110855199999946e+01,-3.218305627099999811e+01,-2.721178962700000170e+01,-3.171885713300000020e+01
9.514754754799998437e+00,-3.312683496599999700e+01,-3.208071286399999877e+01,-3.277111194500000124e+01,-2.672959973400000067e+01,-3.111427896000000004e+01
9.534764764799998460e+00,-3.194411622899999870e+01,-3.144460416700000138e+01,-3.120156117899999870e+01,-2.699980570499999999e+01,-3.078675473899999915e+01
9.554774774799998482e+00,-3.352518631200000243e+01,-3.301551713199999938e+01,-3.222363925799999862e+01,-2.696143307499999864e+01,-2.983396774999999934e+01
9.574784784799998505e+00,-3.348843210799999781e+01,-3.276575663100000213e+01,-3.338231694899999979e+01,-2.680961704599999962e+01,-2.862380447900000036e+01
9.594794794799998527e+00,-3.660976887900000065e+01,-3.106924276000000162e+01,-3.308246986599999673e+01,-2.674069733400000004e+01,-2.929948300399999894e+01
9.614804804799998550e+00,-3.453025820399999901e+01,-3.027606156799999937e+01,-3.519424825200000129e+01,-2.592819821599999841e+01,-2.828898382799999922e+01
9.634814814799998572e+00,-3.673895479200000125e+01,-2.949440974199999843e+01,-3.633293926799999696e+01,-2.654215147100000038e+01,-2.815251539599999830e+01
9.654824824799998595e+00,-3.461622292799999911e+01,-2.967274260199999958e+01,-3.672772023000000274e+01,-2.730499274499999984e+01,-2.732084634299999948e+01
9.674834834799998617e+00,-4.101185722000000311e+01,-2.926018390799999835e+01,-3.895200688900000330e+01,-2.687195780600000106e+01,-2.886758503400000109e+01
9.694844844799998640e+00,-3.651817006699999979e+01,-3.205434659499999839e+01,-4.089514894900000286e+01,-2.680888042699999829e+01,-2.754144757999999982e+01
9.714854854900000447e+00,-3.819470157300000324e+01,-3.054648387399999976e+01,-4.161597954100000152e+01,-2.724084275199999894e+01,-2.749350095100000146e+01
9.734864864900000470e+00,-3.893643754000000001e+01,-3.008900634999999824e+01,-4.652561121800000166e+01,-2.704843644299999994e+01,-2.805154883000000154e+01
9.754874874900000492e+00,-3.734026334600000041e+01,-3.039730920899999944e+01,-4.581395229900000032e+01,-2.594140767900000100e+01,-2.804651903999999973e+01
9.774884884899998738e+00,-3.774272546800000327e+01,-3.037606912000000037e+01,-4.604834183799999892e+01,-2.572933199999999943e+01,-2.809847422200000011e+01
9.794894894899998761e+00,-3.449100708699999984e+01,-3.039954246399999960e+01,-4.154625567299999744e+01,-2.626077917499999970e+01,-2.848948218600000004e+01
9.814904904899998783e+00,-3.650422853300000270e+01,-2.903474251400000128e+01,-3.927910224899999747e+01,-2.581423078599999954e+01,-2.694983615599999993e+01
9.834914914899998806e+00,-3.336964939300000310e+01,-3.161028760399999982e+01,-3.650380804400000301e+01,-2.589220117300000013e+01,-2.872302598899999992e+01
9.854924924899998828e+00,-3.221235617800000028e+01,-3.142631576799999849e+01,-3.647206190499999678e+01,-2.490450163199999878e+01,-3.003626212400000028e+01
9.874934934899998851e+00,-3.136216157400000171e+01,-3.394514854999999898e+01,-3.702811919599999868e+01,-2.504243281500000151e+01,-3.091742045200000177e+01
9.894944944899998873e+00,-3.175698480000000146e+01,-3.451613555600000183e+01,-3.425547391199999936e+01,-2.445873319400000057e+01,-3.049921072400000099e+01
9.914954955000000680e+00,-3.098876695199999887e+01,-3.556903919700000216e+01,-3.621014086600000326e+01,-2.502143521200000009e+01,-3.082745610799999980e+01
9.934964965000000703e+00,-3.249779496000000023e+01,-3.344658076599999674e+01,-4.036816256899999900e+01,-2.523778921099999906e+01,-3.312730183699999742e+01
9.954974975000000725e+00,-3.224532867199999941e+01,-3.424178721399999858e+01,-4.061449885799999748e+01,-2.445161195400000054e+01,-3.413841926100000279e+01
9.974984985000000748e+00,-2.816271407400000015e+01,-3.591112048000000101e+01,-3.872823791700000129e+01,-2.557790061900000111e+01,-3.365558776999999679e+01
9.994994995000000770e+00,-2.974331052400000175e+01,-3.664342436399999769e+01,-3.917495387700000009e+01,-2.594907038899999918e+01,-3.599662063400000278e+01
1.001500500500000079e+01,-2.799086068600000132e+01,-3.186025487599999906e+01,-3.989337670100000111e+01,-2.535152153900000016e+01,-3.544097160500000143e+01
1.003501501500000082e+01,-2.792198359600000046e+01,-3.233056345600000014e+01,-4.391293647900000252e+01,-2.614413292800000121e+01,-3.245503044400000192e+01
1.005502502500000084e+01,-2.858910555699999989e+01,-3.543027837300000016e+01,-4.413824038199999933e+01,-2.559142627399999981e+01,-3.273531466600000073e+01
1.007503503500000086e+01,-2.775438690700000066e+01,-3.362395437200000003e+01,-4.178818355500000337e+01,-2.623289216299999893e+01,-3.109271394800000010e+01
1.009504504500000088e+01,-2.862944786099999916e+01,-4.065608957300000270e+01,-3.848198578899999944e+01,-2.604069847799999948e+01,-3.105401352999999887e+01
1.011505505499999913e+01,-2.786966764299999966e+01,-3.426464158600000331e+01,-4.273709551299999987e+01,-2.629222189300000068e+01,-2.959908186699999888e+01
1.013506506499999915e+01,-2.828883836199999990e+01,-3.541113533200000063e+01,-3.530777991200000088e+01,-2.536856729100000152e+01,-3.089852693399999950e+01
1.015507507499999917e+01,-2.721176141300000140e+01,-3.687329378599999785e+01,-3.893877671999999990e+01,-2.619991682799999921e+01,-2.941794414399999980e+01
1.017508508499999920e+01,-2.693798282399999877e+01,-3.184458066699999890e+01,-3.773414650600000186e+01,-2.544822076000000166e+01,-2.911470092800000131e+01
1.019509509499999922e+01,-2.850457457499999947e+01,-3.574841816699999697e+01,-3.812005838500000010e+01,-2.668342370599999924e+01,-2.767027069999999966e+01
1.021510510499999924e+01,-2.823714761700000153e+01,-3.888567344300000173e+01,-3.480224201099999704e+01,-2.740364525600000078e+01,-2.805963197000000164e+01
1.023511511499999926e+01,-2.868256079600000064e+01,-3.324633599999999944e+01,-3.282774767400000115e+01,-2.638012464799999890e+01,-2.709064622500000041e+01
1.025512512499999929e+01,-2.758309186800000035e+01,-3.668559937100000212e+01,-3.575416017399999902e+01,-2.748333326499999885e+01,-2.752872748800000124e+01
1.027513513499999931e+01,-2.756643939699999990e+01,-3.692687715900000001e+01,-3.618938339200000343e+01,-2.724226188500000134e+01,-2.714407658200000029e+01
1.029514514499999933e+01,-2.831776845299999934e+01,-4.152908870699999966e+01,-3.447924277700000317e+01,-2.625105756800000023e+01,-2.786673491699999872e+01
1.031515515499999935e+01,-2.834102537800000121e+01,-3.755614814799999834e+01,-3.375085319400000117e+01,-2.604172593499999877e+01,-2.671595782800000052e+01
1.033516516499999938e+01,-2.948654905100000079e+01,-3.605487734799999799e+01,-3.452722401199999780e+01,-2.696832899099999992e+01,-2.734931195600000109e+01
1.035517517499999940e+01,-2.882569487499999994e+01,-3.867468287799999871e+01,-3.597712174099999771e+01,-2.653996326000000039e+01,-2.688311332600000014e+01
1.037518518499999942e+01,-2.895413963400000057e+01,-3.434138257000000038e+01,-3.517700711500000210e+01,-2.684365389299999904e+01,-2.730245541200000048e+01
1.039519519499999944e+01,-2.724538749999999965e+01,-3.263394576599999652e+01,-3.445876045299999646e+01,-2.655659648399999995e+01,-2.748776117599999935e+01
1.041520520499999947e+01,-2.605097396400000065e+01,-3.786966618900000014e+01,-3.593992317899999733e+01,-2.636211709799999880e+01,-2.842510973999999990e+01
1.043521521499999949e+01,-2.779005269199999972e+01,-3.690562619600000005e+01,-3.564741414299999889e+01,-2.635360199899999856e+01,-2.860376926100000006e+01
1.045522522499999951e+01,-2.907223039200000159e+01,-3.550131956199999905e+01,-3.672069234399999971e+01,-2.625259416300000126e+01,-2.846898715900000099e+01
1.047523523499999953e+01,-2.810956009599999916e+01,-3.509418399300000146e+01,-3.371504796400000004e+01,-2.479371734900000135e+01,-2.835810697999999874e+01
1.049524524499999956e+01,-2.885661820099999986e+01,-3.258761801899999710e+01,-3.610080989499999760e+01,-2.575595938100000026e+01,-3.079449763099999871e+01
1.051525525499999958e+01,-2.829766375000000167e+01,-3.704898791299999772e+01,-3.479246532799999869e+01,-2.518120441499999984e+01,-2.969705823400000000e+01
1.053526526499999960e+01,-2.755645930500000063e+01,-4.628932998799999865e+01,-3.315775927899999687e+01,-2.457144621100000137e+01,-2.860816292000000161e+01
1.055527527499999962e+01,-2.959553261900000010e+01,-3.609168783599999841e+01,-3.320250577600000241e+01,-2.555387247099999826e+01,-2.855317477399999859e+01
1.057528528499999965e+01,-2.825387982899999884e+01,-4.103173847699999754e+01,-3.250533395899999789e+01,-2.499245905300000103e+01,-2.864011006599999831e+01
1.059529529499999967e+01,-2.695034107800000100e+01,-3.697878063499999968e+01,-3.249153728499999971e+01,-2.463553167699999946e+01,-2.621031268699999828e+01
1.061530530499999969e+01,-2.771044576999999975e+01,-4.164182714799999729e+01,-3.257203311899999676e+01,-2.498431638599999971e+01,-2.603297766100000032e+01
1.063531531499999971e+01,-2.840211898000000090e+01,-3.573708305800000318e+01,-3.210011709199999785e+01,-2.367039333299999981e+01,-2.709171864099999993e+01
1.065532532499999974e+01,-2.658450867799999884e+01,-3.383747009599999700e+01,-3.328186183399999720e+01,-2.476451257800000150e+01,-2.494581041200000016e+01
1.067533533499999976e+01,-2.803092071000000018e+01,-3.933288032299999770e+01,-3.184250612800000013e+01,-2.437193030999999976e+01,-2.623324771000000055e+01
1.069534534499999978e+01,-2.726805930900000163e+01,-3.978670672599999847e+01,-3.199551514199999858e+01,-2.359528558899999950e+01,-2.629357865700000119e+01
1.071535535499999980e+01,-2.805392631599999831e+01,-4.281859533200000101e+01,-3.191103101099999861e+01,-2.465958150999999887e+01,-2.703874248600000030e+01
1.073536536499999983e+01,-2.761325848099999902e+01,-4.379254338100000155e+01,-3.162242224599999929e+01,-2.434512551499999944e+01,-2.664673180599999824e+01
1.075537537499999985e+01,-2.740836339999999893e+01,-7.133991072700000302e+01,-3.176285365200000044e+01,-2.372510705899999905e+01,-2.615766595099999847e+01
1.077538538499999987e+01,-2.810819692700000161e+01,-4.704172297400000247e+01,-3.212342662999999732e+01,-2.331504889900000066e+01,-2.831266829400000162e+01
1.079539539499999989e+01,-2.817795619400000007e+01,-5.611801537600000245e+01,-3.228287715399999769e+01,-2.375618559999999846e+01,-2.748021245199999996e+01
1.081540540499999992e+01,-2.682261069899999839e+01,-4.560171742800000061e+01,-3.138457603199999824e+01,-2.281145238899999939e+01,-2.943680929900000010e+01
1.083541541499999994e+01,-2.644547724299999913e+01,-3.937550428299999794e+01,-3.179555055100000160e+01,-2.297527461700000018e+01,-2.668318762000000177e+01
1.085542542499999996e+01,-2.812429612200000051e+01,-4.735591664399999701e+01,-3.207895188199999836e+01,-2.326891120799999868e+01,-2.924157264999999839e+01
1.087543543499999998e+01,-2.600601468500000024e+01,-3.737351542999999765e+01,-2.912612880400000037e+01,-2.264113233599999830e+01,-2.772669687200000155e+01
1.089544544500000001e+01,-2.712341751599999995e+01,-3.641982083599999953e+01,-3.331648321099999777e+01,-2.273456559099999907e+01,-3.143200906299999886e+01
1.091545545500000003e+01,-2.494665828799999829e+01,-4.119069308099999915e+01,-3.419155760099999952e+01,-2.276758044299999995e+01,-2.922539464200000126e+01
1.093546546500000005e+01,-2.922569311899999889e+01,-4.297384774399999685e+01,-3.252891886599999793e+01,-2.282876910399999915e+01,-2.989043126199999989e+01
1.095547547500000007e+01,-2.516494045499999999e+01,-4.168838129800000303e+01,-3.270752759999999881e+01,-2.270924942799999968e+01,-2.951008738599999859e+01
1.097548548500000010e+01,-3.009717493500000174e+01,-3.611785104199999807e+01,-3.536673826100000184e+01,-2.301903578299999964e+01,-3.103214755500000166e+01
1.099549549500000012e+01,-2.750520110200000090e+01,-3.598245645200000098e+01,-3.259740043699999745e+01,-2.222577583200000007e+01,-3.135602100799999903e+01
1.101550550600000022e+01,-2.768974180700000076e+01,-4.375638533899999771e+01,-3.318791816200000255e+01,-2.227401505699999973e+01,-3.243642571200000191e+01
1.103551551600000025e+01,-2.794929417099999824e+01,-3.515958682600000174e+01,-3.205889662700000287e+01,-2.223746590300000037e+01,-3.128865021700000071e+01
1.105552552600000027e+01,-3.244322551999999860e+01,-3.598743524300000018e+01,-3.202135589200000254e+01,-2.225643390000000110e+01,-3.289095432999999957e+01
1.107553553600000029e+01,-2.854639686599999848e+01,-3.484315473600000246e+01,-3.364436620000000033e+01,-2.322003933299999900e+01,-3.905157580400000228e+01
1.109554554600000031e+01,-2.941061537999999942e+01,-3.555415045400000196e+01,-3.217603995399999661e+01,-2.292520473300000106e+01,-3.533641267000000141e+01
1.111555555600000034e+01,-2.698225864200000146e+01,-3.348376049499999851e+01,-3.250165564200000290e+01,-2.329542584200000022e+01,-3.336294483199999661e+01
1.113556556600000036e+01,-2.922379143099999865e+01,-3.390860611800000157e+01,-3.276935129999999674e+01,-2.267519985199999866e+01,-3.487653149599999836e+01
1.115557557600000038e+01,-3.068599292300000059e+01,-3.414970814200000149e+01,-3.401077971800000199e+01,-2.384943071400000036e+01,-3.287876572500000094e+01
1.117558558600000040e+01,-2.612269437899999858e+01,-3.329267208499999953e+01,-2.932266613999999905e+01,-2.365888546900000122e+01,-3.091577643800000175e+01
1.119559559600000043e+01,-2.652005703800000092e+01,-3.587264611700000216e+01,-3.066116750799999835e+01,-2.400234479799999932e+01,-3.112837724199999911e+01
1.121560560600000045e+01,-2.797010561500000136e+01,-3.525510400999999661e+01,-3.065905222800000018e+01,-2.510822911700000049e+01,-3.123856542800000113e+01
1.123561561600000047e+01,-2.858870797000000152e+01,-4.208550236399999989e+01,-3.036001846899999990e+01,-2.524499162000000041e+01,-2.966765868299999909e+01
1.125562562600000049e+01,-2.690260724599999875e+01,-3.600110525400000228e+01,-2.855561812599999882e+01,-2.561111702599999873e+01,-3.136812987600000113e+01
1.127563563600000052e+01,-2.764612599000000159e+01,-3.436825871100000285e+01,-2.908087574700000033e+01,-2.496507268999999951e+01,-3.057928478699999886e+01
1.129564564600000054e+01,-2.911945989799999879e+01,-3.531871517300000107e+01,-2.820097392199999931e+01,-2.480368584800000065e+01,-2.964217510799999999e+01
1.131565565600000056e+01,-2.939542232399999833e+01,-3.577953814300000346e+01,-2.917212198300000026e+01,-2.548691894799999957e+01,-2.991048889600000038e+01
1.133566566600000058e+01,-3.001895146800000092e+01,-3.444587506500000273e+01,-2.917635661299999938e+01,-2.572976730199999906e+01,-3.083908040700000086e+01
1.135567567600000061e+01,-2.827522194399999833e+01,-3.188043649700000159e+01,-2.970776753999999897e+01,-2.504601360699999901e+01,-3.045250250300000161e+01
1.137568568600000063e+01,-2.705962536299999854e+01,-3.546343602799999672e+01,-3.039568029400000171e+01,-2.599627783300000061e+01,-3.067463834899999853e+01
1.139569569600000065e+01,-2.892578269199999852e+01,-3.679539902300000165e+01,-3.159881776900000006e+01,-2.704637131599999833e+01,-2.967024136299999881e+01
1.141570570600000067e+01,-2.910184200200000149e+01,-4.238478251800000152e+01,-3.123370508900000075e+01,-2.686165357200000159e+01,-3.119605307400000171e+01
1.143571571600000070e+01,-2.751767327399999985e+01,-3.322119928800000110e+01,-3.074326929900000138e+01,-2.720809454600000166e+01,-3.359121146500000066e+01
1.145572572600000072e+01,-2.896600312300000013e+01,-3.835914224999999789e+01,-3.282230262800000276e+01,-2.648540507199999894e+01,-3.397824182699999795e+01
1.147573573600000074e+01,-2.875599098600000048e+01,-3.795796281799999861e+01,-3.233397179399999999e+01,-2.646112414899999976e+01,-3.523106769900000046e+01
1.149574574600000076e+01,-2.839550795499999936e+01,-3.192507979299999832e+01,-3.204024741399999954e+01,-2.724325058599999849e+01,-3.577791849300000138e+01
1.151575575600000079e+01,-2.646432899199999866e+01,-3.595960811700000193e+01,-3.270700513100000251e+01,-2.602772048599999977e+01,-3.817702018199999969e+01
1.153576576600000081e+01,-2.884120708100000030e+01,-3.578354821300000310e+01,-3.276987700899999822e+01,-2.597895883900000058e+01,-4.321188879099999980e+01
1.155577577600000083e+01,-2.775250983000000105e+01,-3.522268256600000313e+01,-3.427259871500000088e+01,-2.593274442799999946e+01,-4.782553659999999951e+01
1.157578578600000085e+01,-3.062089603300000107e+01,-3.246143644800000061e+01,-3.269896332500000113e+01,-2.420933825499999870e+01,-3.855809911499999743e+01
1.159579579600000088e+01,-2.804843181600000079e+01,-3.409318215900000126e+01,-3.120316666100000091e+01,-2.518403478600000156e+01,-4.035538897299999661e+01
1.161580580599999912e+01,-2.787472315400000156e+01,-3.474485670499999657e+01,-3.581837419800000077e+01,-2.475913652099999851e+01,-4.376876945800000129e+01
1.163581581599999915e+01,-3.379812147500000208e+01,-3.800980613699999822e+01,-3.394686564199999879e+01,-2.316386513899999855e+01,-4.677986822900000163e+01
1.165582582599999917e+01,-3.191128051300000124e+01,-3.537703786499999836e+01,-3.667671519999999674e+01,-2.506990675300000149e+01,-4.148985133200000064e+01
1.167583583599999919e+01,-3.048024403799999860e+01,-2.967601071200000007e+01,-3.522862809299999753e+01,-2.347310713899999968e+01,-3.927479420800000298e+01
1.169584584599999921e+01,-3.278335643700000190e+01,-3.348849384999999756e+01,-3.470587593500000168e+01,-2.441621871599999949e+01,-3.793684346199999879e+01
1.171585585599999924e+01,-2.906533960699999852e+01,-3.177220698100000007e+01,-3.473673813500000307e+01,-2.559752143400000080e+01,-4.275799652700000308e+01
1.173586586599999926e+01,-2.826942353900000171e+01,-3.719118786899999662e+01,-3.323255239899999935e+01,-2.398646602799999883e+01,-3.943802044000000251e+01
1.175587587599999928e+01,-3.158713565900000120e+01,-4.051726923999999741e+01,-3.151912180400000096e+01,-2.479645883999999967e+01,-3.755825312500000024e+01
1.177588588599999930e+01,-3.638079388599999930e+01,-3.769176331700000304e+01,-3.322624118800000304e+01,-2.459771364399999882e+01,-3.634862695399999666e+01
1.179589589599999933e+01,-3.241929393600000253e+01,-3.676840182200000129e+01,-3.017703913400000104e+01,-2.387567424599999910e+01,-3.684906943299999682e+01
1.181590590599999935e+01,-3.934544968099999807e+01,-3.949757222800000278e+01,-3.198452756400000041e+01,-2.419383665100000158e+01,-3.355838219000000322e+01
1.183591591599999937e+01,-3.371643773699999969e+01,-3.285018311799999680e+01,-3.344119740499999693e+01,-2.369457003000000128e+01,-3.680863690000000332e+01
1.185592592599999939e+01,-3.445752001999999692e+01,-3.720884697399999652e+01,-3.158408657500000061e+01,-2.407707154599999910e+01,-3.292551885999999683e+01
1.187593593599999942e+01,-3.154245509100000078e+01,-4.339714389200000255e+01,-3.070886394500000094e+01,-2.427911041000000125e+01,-3.689240477500000281e+01
1.189594594599999944e+01,-3.413435974400000106e+01,-3.826006579399999907e+01,-2.981634354499999873e+01,-2.398385727499999831e+01,-4.357580917699999645e+01
1.191595595599999946e+01,-3.502589709099999737e+01,-3.938028551200000038e+01,-3.043207914599999953e+01,-2.419988961199999977e+01,-4.138509834599999948e+01
1.193596596599999948e+01,-3.594150544499999711e+01,-4.369513806500000186e+01,-3.066462426100000016e+01,-2.425460444200000154e+01,-3.801765548499999881e+01
1.195597597599999951e+01,-4.089704617900000017e+01,-4.436620187300000140e+01,-3.086521921199999952e+01,-2.315448543300000139e+01,-4.679641185900000266e+01
1.197598598599999953e+01,-3.311156292399999757e+01,-3.900554526700000224e+01,-3.259178699600000328e+01,-2.433191816400000107e+01,-4.766590875800000049e+01
1.199599599599999955e+01,-3.558266869199999860e+01,-3.255573204000000231e+01,-3.325439186999999919e+01,-2.417721438699999936e+01,-5.642578609800000322e+01
1.201600600599999957e+01,-3.312676383499999844e+01,-4.312208682699999684e+01,-3.612257491199999748e+01,-2.259627640200000087e+01,-4.416425010100000037e+01
1.203601601599999960e+01,-2.857208898800000085e+01,-3.367616706100000101e+01,-3.593342673400000109e+01,-2.459438606899999868e+01,-4.806042540100000338e+01
1.205602602599999962e+01,-3.753025941399999965e+01,-4.669525075199999975e+01,-3.800497629800000254e+01,-2.382573812500000088e+01,-4.096832014400000332e+01
1.207603603599999964e+01,-4.408260428999999903e+01,-3.434532491899999940e+01,-3.653865031899999849e+01,-2.423040075200000132e+01,-3.839946737700000057e+01
1.209604604599999966e+01,-3.301913276799999863e+01,-3.298843942700000298e+01,-3.396763297700000095e+01,-2.565097385900000049e+01,-4.119969767300000285e+01
1.211605605599999969e+01,-3.183864523900000165e+01,-4.097504959700000171e+01,-3.462665129799999875e+01,-2.450083836700000006e+01,-4.474238709800000180e+01
1.213606606599999971e+01,-4.383796044399999658e+01,-3.057899925499999938e+01,-4.278737400800000046e+01,-2.490815925700000122e+01,-3.847814242599999801e+01
1.215607607599999973e+01,-3.626883453100000310e+01,-3.956452189099999828e+01,-3.710930252400000029e+01,-2.503481024199999894e+01,-3.600405184299999917e+01
1.217608608599999975e+01,-4.011753654299999994e+01,-3.697025701599999792e+01,-5.261094781700000311e+01,-2.409028863800000053e+01,-3.345487516000000028e+01
1.219609609599999978e+01,-3.556730860799999761e+01,-3.043026237100000131e+01,-4.364751496200000247e+01,-2.461067232299999930e+01,-3.660570559500000343e+01
1.221610610599999980e+01,-3.508635033699999894e+01,-4.139794979100000205e+01,-3.786149543700000208e+01,-2.551978947599999969e+01,-3.768887042299999734e+01
1.223611611599999982e+01,-3.667544812500000262e+01,-3.356909583600000246e+01,-6.160116831999999931e+01,-2.503725992600000083e+01,-3.869128141699999901e+01
1.225612612599999984e+01,-3.399464812200000097e+01,-4.382540274299999794e+01,-3.838363576900000140e+01,-2.512425096699999827e+01,-3.315288052300000032e+01
1.227613613599999987e+01,-3.175693419899999981e+01,-3.662102312900000101e+01,-3.799085348900000270e+01,-2.572015538200000151e+01,-3.739932157900000220e+01
1.229614614599999989e+01,-3.810154042500000315e+01,-3.296751790799999782e+01,-4.182343643899999819e+01,-2.450044398100000009e+01,-3.706531761800000169e+01
1.231615615599999991e+01,-2.931795455099999970e+01,-3.086244850900000003e+01,-4.313123641499999650e+01,-2.756130518799999862e+01,-3.561244073299999968e+01
1.233616616599999993e+01,-3.278305675600000058e+01,-5.241513110799999708e+01,-3.696845909900000038e+01,-2.702448531299999956e+01,-3.455286387299999973e+01
1.235617617599999996e+01,-3.138017853699999904e+01,-3.136919033099999865e+01,-3.935837900199999950e+01,-2.567740698500000107e+01,-3.811220720000000028e+01
1.237618618599999998e+01,-2.830531924900000007e+01,-3.967019411700000120e+01,-3.524784207799999791e+01,-2.676012882099999857e+01,-3.554205633299999789e+01
1.239619619600000000e+01,-3.181416285299999913e+01,-3.189257262299999951e+01,-3.741740970899999752e+01,-2.558737706000000145e+01,-3.897635935800000340e+01
1.241620620600000002e+01,-2.832060717199999900e+01,-3.298622066099999728e+01,-3.474748558400000320e+01,-2.519187006900000014e+01,-3.106131019500000079e+01
1.243621621600000005e+01,-3.871332598899999766e+01,-3.788414738000000170e+01,-4.306562510399999866e+01,-2.649668951299999975e+01,-3.070506366200000059e+01
1.245622622600000007e+01,-3.209459728299999881e+01,-3.604245597900000320e+01,-3.365380449500000282e+01,-2.520987335899999948e+01,-3.177182310699999945e+01
1.247623623600000009e+01,-2.614680139600000075e+01,-4.505274831599999885e+01,-2.926249301600000052e+01,-2.671798970500000081e+01,-3.121475467400000170e+01
1.249624624600000011e+01,-2.827367934300000130e+01,-4.515557938500000290e+01,-3.369434566599999670e+01,-2.526048889400000164e+01,-2.976268565999999893e+01
1.251625625600000014e+01,-3.156810969800000066e+01,-3.522738102800000348e+01,-3.069571630300000109e+01,-2.588977720700000162e+01,-2.983088514399999980e+01
1.253626626600000016e+01,-3.216861808200000183e+01,-4.029400051700000063e+01,-2.818270637199999840e+01,-2.580767619299999893e+01,-2.769511899700000157e+01
1.255627627600000018e+01,-3.373398726900000355e+01,-3.346470474499999881e+01,-3.246939583099999993e+01,-2.427174221199999948e+01,-2.470790725899999885e+01
1.257628628600000020e+01,-3.778055975200000205e+01,-3.125115180699999939e+01,-3.074308571699999959e+01,-2.390789424300000121e+01,-2.507947518199999948e+01
1.259629629600000023e+01,-3.206347978200000171e+01,-3.316018316299999924e+01,-2.962641477300000048e+01,-2.358516285099999976e+01,-2.720715559299999953e+01
1.261630630600000025e+01,-3.698399377500000185e+01,-3.266979486999999693e+01,-2.870786380399999871e+01,-2.270840450000000033e+01,-2.621266319100000075e+01
1.263631631600000027e+01,-3.203683487299999655e+01,-3.319498750700000045e+01,-2.991244486700000138e+01,-2.331075289600000033e+01,-2.915288619300000050e+01
1.265632632600000029e+01,-3.013567681900000039e+01,-3.578798104500000221e+01,-2.786551797999999991e+01,-2.240025855800000087e+01,-2.779183291500000053e+01
1.267633633600000032e+01,-2.627620580600000011e+01,-3.762493473300000346e+01,-2.802390803000000119e+01,-2.292614756900000117e+01,-2.816777728199999942e+01
1.269634634600000034e+01,-2.945628512900000118e+01,-3.899729569800000206e+01,-2.557151580700000082e+01,-2.257852480600000078e+01,-2.821174692900000025e+01
1.271635635600000036e+01,-3.027663938099999896e+01,-3.297865249699999879e+01,-2.711364298799999872e+01,-2.219775607000000051e+01,-2.657886335799999955e+01
1.273636636600000038e+01,-2.820234499700000086e+01,-3.391510663900000111e+01,-2.652282671100000044e+01,-2.326713667900000004e+01,-3.111732377799999938e+01
1.275637637600000041e+01,-3.144285376099999851e+01,-3.125975336200000143e+01,-2.511621855199999942e+01,-2.362264240300000040e+01,-2.987602909800000006e+01
1.277638638600000043e+01,-3.245132560399999733e+01,-3.861889917199999900e+01,-2.422741024800000176e+01,-2.291372560499999977e+01,-2.764108114600000121e+01
1.279639639600000045e+01,-2.859557732900000104e+01,-3.671858463899999947e+01,-2.499641152799999944e+01,-2.455275486300000054e+01,-2.821239907600000052e+01
1.281640640600000047e+01,-2.797483295700000028e+01,-3.738016210800000039e+01,-2.349075178900000083e+01,-2.473656766599999912e+01,-2.759984217299999898e+01
1.283641641600000050e+01,-2.961623301099999850e+01,-3.247370028999999647e+01,-2.451350759099999976e+01,-2.457357174999999927e+01,-2.895953076199999998e+01
1.285642642600000052e+01,-2.898286712100000173e+01,-3.934122160700000137e+01,-2.443956955599999858e+01,-2.530768440299999966e+01,-2.831188247100000055e+01
1.287643643600000054e+01,-2.711634418699999927e+01,-3.347597199199999807e+01,-2.560464523999999997e+01,-2.460884042300000019e+01,-2.815127246200000144e+01
1.289644644600000056e+01,-3.490802283600000067e+01,-3.665831340300000107e+01,-2.581927383800000086e+01,-2.564966389199999952e+01,-3.382638711799999953e+01
1.291645645600000059e+01,-3.859140159399999703e+01,-4.035540786300000349e+01,-2.681415853600000077e+01,-2.592663438800000009e+01,-3.576948499400000259e+01
1.293646646600000061e+01,-3.235559048399999682e+01,-4.132301962700000075e+01,-2.660557876000000022e+01,-2.526389131899999896e+01,-3.221538291800000309e+01
1.295647647600000063e+01,-3.592228783499999878e+01,-4.023894145700000280e+01,-2.709342480800000175e+01,-2.629077875600000169e+01,-3.749571595999999829e+01
1.297648648600000065e+01,-2.999888100300000104e+01,-3.376267225299999808e+01,-2.879188502599999921e+01,-2.801911665300000109e+01,-3.960689098499999972e+01
1.299649649600000068e+01,-2.961182219299999829e+01,-3.187584198400000091e+01,-2.640861707599999875e+01,-2.713263644699999944e+01,-4.179368776199999758e+01
1.301650650700000078e+01,-3.865745188199999660e+01,-3.903073325300000107e+01,-2.973328148999999954e+01,-2.836078608900000120e+01,-4.015273478200000312e+01
1.303651651700000080e+01,-3.757744892299999862e+01,-3.683448640099999949e+01,-2.619857345699999840e+01,-2.869837347400000027e+01,-3.839418663000000009e+01
1.305652652700000083e+01,-3.205756278900000211e+01,-2.920845058400000127e+01,-2.935821464500000033e+01,-2.840387223899999825e+01,-4.804258691599999764e+01
1.307653653700000085e+01,-3.816858614099999869e+01,-3.380593576199999717e+01,-2.692709573300000159e+01,-2.798118729899999835e+01,-3.844874053299999872e+01
1.309654654700000087e+01,-3.248820654899999738e+01,-3.496765934999999814e+01,-2.996987506900000042e+01,-2.597435113399999906e+01,-4.228814078300000290e+01
1.311655655699999912e+01,-3.402498165400000119e+01,-4.975071402100000029e+01,-2.787056925899999982e+01,-3.081460561400000131e+01,-5.229743867199999841e+01
1.313656656699999914e+01,-3.765450539900000138e+01,-4.180007719200000338e+01,-3.118696373299999891e+01,-2.865463920299999856e+01,-5.159487180299999665e+01
1.315657657699999916e+01,-3.216274549399999927e+01,-3.653175224400000332e+01,-3.102586674899999863e+01,-2.929608471699999939e+01,-4.378924413699999718e+01
1.317658658699999918e+01,-3.517911450399999751e+01,-3.325469657000000012e+01,-3.308564259599999957e+01,-2.742188062700000017e+01,-4.782940898199999680e+01
1.319659659699999921e+01,-3.414149133699999794e+01,-4.142750004999999902e+01,-3.178777119900000159e+01,-2.814197481000000067e+01,-5.729442578300000122e+01
1.321660660699999923e+01,-4.171376894099999788e+01,-3.004870060700000067e+01,-3.461231396299999830e+01,-2.579566912700000003e+01,-4.524984588499999916e+01
1.323661661699999925e+01,-4.990549336000000125e+01,-2.909672099399999823e+01,-3.134352232399999849e+01,-2.904086600000000118e+01,-4.044109030199999921e+01
1.325662662699999927e+01,-5.278503516600000012e+01,-4.076251884199999864e+01,-3.385907545199999902e+01,-2.997500571100000144e+01,-4.543645411300000347e+01
1.327663663699999930e+01,-5.884752260199999796e+01,-3.327922808200000304e+01,-3.653460745999999659e+01,-2.844726907600000132e+01,-4.315018828000000184e+01
1.329664664699999932e+01,-3.665187710200000026e+01,-2.917727922899999982e+01,-3.474578513099999810e+01,-2.863046364399999888e+01,-3.989661531099999792e+01
1.331665665699999934e+01,-3.017241443600000039e+01,-3.639667585099999769e+01,-4.011024885799999851e+01,-2.615947931899999901e+01,-3.500798754299999871e+01
1.333666666699999936e+01,-3.821422334100000029e+01,-2.817162500199999897e+01,-4.424169771900000114e+01,-2.798359601199999958e+01,-5.121248552499999818e+01
1.335667667699999939e+01,-3.574766069799999713e+01,-2.381448335900000046e+01,-4.251687168400000161e+01,-2.702988027099999968e+01,-4.357504069099999811e+01
1.337668668699999941e+01,-3.741264860900000144e+01,-3.423507819000000296e+01,-3.715249509800000283e+01,-2.902771671200000014e+01,-3.931324968999999925e+01
1.339669669699999943e+01,-5.496697993499999768e+01,-2.858135188600000021e+01,-4.075436633000000342e+01,-2.893032759800000164e+01,-4.767614875200000313e+01
1.341670670699999945e+01,-3.315599540600000239e+01,-3.745443083199999990e+01,-4.142405483299999958e+01,-2.822174128700000040e+01,-4.036279361900000140e+01
1.343671671699999948e+01,-3.840198206200000186e+01,-4.831928840799999847e+01,-4.393616923100000093e+01,-2.861160586600000144e+01,-3.923098627600000299e+01
1.345672672699999950e+01,-4.577901172499999660e+01,-2.973437780100000083e+01,-4.415774225399999864e+01,-2.966371282100000073e+01,-4.238382775000000180e+01
1.347673673699999952e+01,-3.186314433600000129e+01,-3.703243722700000262e+01,-4.239910762299999902e+01,-3.136430852499999844e+01,-4.078334768799999921e+01
1.349674674699999954e+01,-3.514860021700000203e+01,-4.095180818099999698e+01,-2.968353210200000092e+01,-2.925015282400000061e+01,-5.373092403999999789e+01
1.351675675699999957e+01,-3.530336376099999995e+01,-3.562792499599999729e+01,-3.763011954400000292e+01,-3.401211864199999724e+01,-3.680867086500000340e+01
1.353676676699999959e+01,-4.119602152499999903e+01,-3.680134883200000218e+01,-3.549452503599999886e+01,-2.995866658199999932e+01,-3.851703730199999853e+01
1.355677677699999961e+01,-3.550532916899999947e+01,-5.052923684699999995e+01,-3.310761374999999873e+01,-3.351894186500000217e+01,-4.832886057200000351e+01
1.357678678699999963e+01,-3.508120548099999780e+01,-4.292443333899999658e+01,-3.143570447000000101e+01,-3.343796467600000000e+01,-4.096513270300000187e+01
1.359679679699999966e+01,-3.582292879500000282e+01,-3.904604136500000067e+01,-3.271414732899999933e+01,-3.474111570800000237e+01,-4.060098528200000345e+01
1.361680680699999968e+01,-2.841129030100000108e+01,-3.514115302599999779e+01,-3.138743777499999865e+01,-3.298598735699999907e+01,-4.531838713100000149e+01
1.363681681699999970e+01,-2.915144742800000088e+01,-3.877585377599999816e+01,-3.347244690099999787e+01,-3.403513191199999710e+01,-4.699007900200000165e+01
1.365682682699999972e+01,-3.094874215200000123e+01,-3.712660961299999940e+01,-3.186852664799999957e+01,-3.432117584800000287e+01,-3.859103154400000335e+01
1.367683683699999975e+01,-3.224920025000000123e+01,-3.092739707000000138e+01,-3.062146901299999868e+01,-3.306969066999999995e+01,-3.656678545300000138e+01
1.369684684699999977e+01,-3.479767948500000330e+01,-3.578180892999999685e+01,-3.566913444800000121e+01,-3.528108725799999945e+01,-3.668284507399999939e+01
1.371685685699999979e+01,-3.381077649099999860e+01,-3.436264423099999732e+01,-3.741204744200000221e+01,-3.357433705100000054e+01,-5.740889769999999714e+01
1.373686686699999981e+01,-5.240622380100000299e+01,-3.895666025999999960e+01,-3.588511097699999652e+01,-3.482881197700000087e+01,-3.961175172699999791e+01
1.375687687699999984e+01,-3.230763727200000091e+01,-3.532324901700000197e+01,-3.078473644600000014e+01,-3.381920052800000320e+01,-5.219654634500000157e+01
1.377688688699999986e+01,-3.041804881099999847e+01,-3.710774383399999721e+01,-2.947228098300000099e+01,-3.042345330099999856e+01,-4.766638775399999872e+01
1.379689689699999988e+01,-4.828990490300000005e+01,-4.868160147599999732e+01,-3.006095802700000164e+01,-3.230576770799999764e+01,-4.575081927400000126e+01
1.381690690699999990e+01,-4.352544129000000339e+01,-4.123838955299999753e+01,-2.879813045199999877e+01,-2.933195757600000064e+01,-3.681492031700000211e+01
1.383691691699999993e+01,-4.077897087099999851e+01,-3.591209731800000071e+01,-2.855156183300000095e+01,-3.087895227599999970e+01,-4.132451539699999898e+01
1.385692692699999995e+01,-4.620234540100000231e+01,-3.965661597399999749e+01,-3.233685369399999843e+01,-2.547389357899999851e+01,-2.991223719599999953e+01
1.387693693699999997e+01,-3.059870014599999877e+01,-3.512574000200000057e+01,-3.381549672999999956e+01,-2.788439737799999918e+01,-4.833876639399999675e+01
1.389694694699999999e+01,-4.873096801599999850e+01,-3.609295782800000296e+01,-3.022078643700000100e+01,-2.845556023299999993e+01,-3.404811775699999998e+01
1.391695695700000002e+01,-3.805579137200000162e+01,-3.407788934999999952e+01,-2.807594523599999903e+01,-2.941966131599999912e+01,-3.318588737000000322e+01
1.393696696700000004e+01,-4.011522288599999797e+01,-3.359839747600000237e+01,-3.063579057500000147e+01,-2.823535184800000053e+01,-4.916336136500000009e+01
1.395697697700000006e+01,-5.054816767700000213e+01,-3.706201833099999732e+01,-3.031815968300000108e+01,-2.616194811900000161e+01,-4.107823578499999684e+01
1.397698698700000008e+01,-3.521574488299999928e+01,-4.402353692799999862e+01,-3.000273809799999825e+01,-2.828252761399999926e+01,-3.659637689099999847e+01
1.399699699700000011e+01,-4.348396983699999652e+01,-3.830795547099999965e+01,-2.803082779000000002e+01,-2.827749776699999984e+01,-3.589266558199999935e+01
1.401700700700000013e+01,-3.543941838700000346e+01,-3.512236357599999792e+01,-3.095044059499999989e+01,-2.668796856699999864e+01,-3.529080644999999805e+01
1.403701701700000015e+01,-3.291143916600000097e+01,-3.597260022199999696e+01,-3.386733821699999680e+01,-2.815429351799999935e+01,-3.604150477900000027e+01
1.405702702700000017e+01,-3.934896629499999676e+01,-3.900680569099999673e+01,-3.138527340499999951e+01,-2.798145008399999867e+01,-4.018386627600000338e+01
1.407703703700000020e+01,-3.349400724000000196e+01,-4.362944062599999739e+01,-3.165721081199999887e+01,-3.162165870500000153e+01,-3.507104549700000007e+01
1.409704704700000022e+01,-5.070661368199999686e+01,-3.804158151400000065e+01,-2.950518471599999870e+01,-3.163232806299999922e+01,-3.819660565800000285e+01
1.411705705700000024e+01,-4.808307959599999748e+01,-3.721851174199999690e+01,-3.246406726200000037e+01,-2.931959960600000059e+01,-3.590105299599999711e+01
1.413706706700000026e+01,-3.551681553299999905e+01,-5.121325903799999679e+01,-2.961349971900000000e+01,-3.516118915700000258e+01,-4.006276641499999869e+01
1.415707707700000029e+01,-3.271880152500000349e+01,-3.117430130099999985e+01,-3.410344658399999673e+01,-3.711847893800000264e+01,-3.919504562400000225e+01
1.417708708700000031e+01,-3.234664658900000234e+01,-4.497324584999999786e+01,-2.980872808699999865e+01,-4.468139481600000096e+01,-4.500535678399999995e+01
1.419709709700000033e+01,-3.578589880500000220e+01,-3.700267117899999647e+01,-3.177927654999999874e+01,-2.985859909399999879e+01,-3.429070709199999811e+01
1.421710710700000035e+01,-4.373059855799999696e+01,-3.076898269999999869e+01,-3.136412012599999954e+01,-3.329267788199999956e+01,-3.950587506200000121e+01
1.423711711700000038e+01,-3.539283703200000275e+01,-3.682999219300000249e+01,-2.758957894299999936e+01,-3.154522694399999949e+01,-4.471629553900000076e+01
1.425712712700000040e+01,-3.768284178500000081e+01,-3.256270068399999928e+01,-2.904569024899999974e+01,-3.432452692799999738e+01,-4.853873987400000090e+01
1.427713713700000042e+01,-4.722276119600000044e+01,-3.633487895399999701e+01,-2.727628148100000161e+01,-3.384233434099999727e+01,-4.480981759400000186e+01
1.429714714700000044e+01,-4.079987287000000151e+01,-3.911634518900000046e+01,-2.856587893900000097e+01,-3.336710009200000115e+01,-3.919400051400000251e+01
1.431715715700000047e+01,-3.405616774599999985e+01,-4.265300634999999829e+01,-2.924567484900000025e+01,-4.367291954600000281e+01,-4.922134294699999657e+01
1.433716716700000049e+01,-3.433807589300000274e+01,-3.181813988900000112e+01,-2.949839856799999893e+01,-4.064987669799999992e+01,-4.251029940800000162e+01
1.435717717700000051e+01,-5.810052910099999934e+01,-3.538478111199999887e+01,-2.941594027000000011e+01,-4.644283772699999702e+01,-4.044311371999999949e+01
1.437718718700000053e+01,-3.702819986699999788e+01,-3.630194347999999849e+01,-3.547127668699999958e+01,-3.992789762400000342e+01,-4.134142636100000345e+01
1.439719719700000056e+01,-3.632640641599999753e+01,-3.263636370799999753e+01,-3.269407892499999946e+01,-4.711020615200000350e+01,-3.742695969599999728e+01
1.441720720700000058e+01,-3.915122679499999947e+01,-3.366248436600000105e+01,-3.355947023400000262e+01,-3.758878393599999868e+01,-3.726689232999999746e+01
1.443721721700000060e+01,-3.418746846300000186e+01,-3.441768252199999978e+01,-3.312957275800000190e+01,-3.426808830499999914e+01,-3.229658909300000147e+01
1.445722722700000062e+01,-3.776076118200000309e+01,-3.102917532500000064e+01,-3.042104754600000049e+01,-4.957207879199999923e+01,-3.128245600199999998e+01
1.447723723700000065e+01,-3.297623070099999865e+01,-4.713901540300000192e+01,-2.869357904800000014e+01,-4.099883282300000076e+01,-3.513437099000000075e+01
1.449724724700000067e+01,-3.740891890999999703e+01,-3.879441616500000123e+01,-3.142534108499999945e+01,-4.106610464399999927e+01,-4.627425839099999649e+01
1.451725725700000069e+01,-4.245716714299999950e+01,-3.757089901799999865e+01,-2.928689111699999970e+01,-3.995868341599999951e+01,-4.507585230499999795e+01
1.453726726700000071e+01,-2.677522445700000020e+01,-2.902741165999999851e+01,-3.196316906999999929e+01,-3.335892826199999917e+01,-4.710279802000000160e+01
1.455727727700000074e+01,-3.623594649199999651e+01,-3.426373234500000109e+01,-2.927364032199999855e+01,-3.756023801999999989e+01,-4.059365665899999698e+01
1.457728728700000076e+01,-3.540123346200000043e+01,-3.593110176399999744e+01,-3.127366096800000150e+01,-4.193501403900000213e+01,-2.851314924000000062e+01
1.459729729700000078e+01,-3.269598737999999827e+01,-4.027256090699999902e+01,-3.133635238800000167e+01,-3.840381864999999806e+01,-3.748882220899999851e+01
1.461730730700000080e+01,-3.697225796400000064e+01,-3.037004425800000007e+01,-2.773273186699999826e+01,-3.636011748399999988e+01,-3.442067164499999876e+01
1.463731731700000083e+01,-4.193465433200000092e+01,-3.819487076899999778e+01,-3.218192488700000098e+01,-3.560526629400000331e+01,-3.356524173900000108e+01
1.465732732700000085e+01,-2.908116282499999983e+01,-3.473953768999999880e+01,-2.631216230000000067e+01,-4.283889423200000124e+01,-2.982816247899999951e+01
1.467733733700000087e+01,-2.766129124700000119e+01,-4.459795138500000178e+01,-2.991610370100000083e+01,-4.025689329899999791e+01,-3.235765244800000318e+01
1.469734734699999912e+01,-3.021212148500000083e+01,-3.652934966499999803e+01,-2.720011053600000039e+01,-5.087621264599999904e+01,-2.993935366899999906e+01
1.471735735699999914e+01,-5.045969652099999792e+01,-4.261503245600000156e+01,-2.785263726100000170e+01,-3.072468673299999864e+01,-3.654111840000000200e+01
1.473736736699999916e+01,-4.212615002100000083e+01,-3.930408484699999860e+01,-2.554020042399999824e+01,-3.938745953400000133e+01,-2.848909444399999913e+01
1.475737737699999919e+01,-3.677261777799999720e+01,-3.351683735900000016e+01,-2.610460108899999909e+01,-5.202827861200000115e+01,-3.395367702099999718e+01
1.477738738699999921e+01,-4.302302618000000223e+01,-3.527453371200000021e+01,-2.639960591699999881e+01,-3.791504944799999777e+01,-2.767307527699999881e+01
1.479739739699999923e+01,-3.175492899800000046e+01,-3.489893332500000156e+01,-2.428888908000000058e+01,-5.835249246200000073e+01,-2.618132131100000137e+01
1.481740740699999925e+01,-3.387216320499999966e+01,-4.037936765399999928e+01,-2.677585738000000148e+01,-3.548534366100000170e+01,-4.367249435600000140e+01
1.483741741699999928e+01,-4.988023308700000058e+01,-2.968213570700000048e+01,-2.428417319300000088e+01,-4.372901011300000107e+01,-3.358447501599999896e+01
1.485742742699999930e+01,-3.714942574700000222e+01,-4.047145701000000173e+01,-2.708061127899999931e+01,-3.626277003399999899e+01,-3.253317882799999694e+01
1.487743743699999932e+01,-4.877383307800000267e+01,-2.831955492999999890e+01,-2.436854360499999927e+01,-3.786763647299999747e+01,-2.993889156699999887e+01
1.489744744699999934e+01,-3.222560934199999849e+01,-3.347778046100000182e+01,-2.356932313500000120e+01,-5.382323047500000257e+01,-3.676465829699999688e+01
1.491745745699999937e+01,-3.637880772799999818e+01,-3.296824558499999824e+01,-2.157967046799999977e+01,-4.882015920999999992e+01,-3.384531351500000085e+01
1.493746746699999939e+01,-3.476362438599999649e+01,-3.393446886400000295e+01,-2.149863684199999980e+01,-3.884500803800000313e+01,-3.022293631999999874e+01
1.495747747699999941e+01,-3.224136402799999956e+01,-3.281554949299999890e+01,-2.233170280599999913e+01,-4.402348390299999892e+01,-3.338492639199999701e+01
1.497748748699999943e+01,-2.768525693999999859e+01,-3.706954554600000051e+01,-2.178253892500000077e+01,-5.737946406599999705e+01,-3.146786305499999870e+01
1.499749749699999946e+01,-2.969807834999999940e+01,-3.505248929900000121e+01,-2.156280633000000080e+01,-3.984159070999999841e+01,-3.496219994100000150e+01
1.501750750799999956e+01,-3.505881385800000061e+01,-2.946742422399999839e+01,-2.017534601799999905e+01,-4.125781156899999758e+01,-3.533270339700000306e+01
1.503751751799999958e+01,-2.505511953599999941e+01,-2.557367591999999945e+01,-2.026881025200000153e+01,-4.006313569200000302e+01,-4.164204783899999995e+01
1.505752752799999961e+01,-4.011543163000000334e+01,-3.276609270200000168e+01,-2.037947700200000156e+01,-3.908520893600000079e+01,-4.182679079500000086e+01
1.507753753799999963e+01,-3.472582864700000016e+01,-2.626638954399999903e+01,-1.904630372000000094e+01,-4.395924544900000086e+01,-4.213388038000000080e+01
1.509754754799999965e+01,-3.778321316600000301e+01,-3.237595577900000166e+01,-2.113112324700000144e+01,-3.694319693999999998e+01,-4.378403762500000340e+01
1.511755755799999967e+01,-3.619656929899999653e+01,-2.876061938200000156e+01,-2.059235504200000122e+01,-3.890963558199999994e+01,-3.951358330000000052e+01
1.513756756799999970e+01,-4.555038331800000151e+01,-3.076810445599999966e+01,-2.175891220899999823e+01,-3.529371550700000171e+01,-3.438995729900000242e+01
1.515757757799999972e+01,-3.961494554099999732e+01,-3.677940832299999840e+01,-2.306605215800000153e+01,-4.554757819900000015e+01,-3.512096967099999745e+01
1.517758758799999974e+01,-3.373569510899999813e+01,-2.277335528600000103e+01,-2.194100589800000023e+01,-4.446041060900000019e+01,-3.127131084799999883e+01
1.519759759799999976e+01,-4.407606323000000259e+01,-2.746021858800000004e+01,-2.437275327500000088e+01,-4.885712651099999704e+01,-3.038046539699999826e+01
1.521760760799999979e+01,-3.074948133899999902e+01,-2.938296989899999900e+01,-2.338298243099999851e+01,-3.179246282900000153e+01,-3.260346533999999963e+01
1.523761761799999981e+01,-4.422250944400000350e+01,-4.222161824700000210e+01,-2.498600948700000046e+01,-3.946507246400000213e+01,-2.770988778799999963e+01
1.525762762799999983e+01,-4.920894639200000142e+01,-3.266785942799999987e+01,-2.409405520099999976e+01,-5.163769157899999840e+01,-2.565970756999999836e+01
1.527763763799999985e+01,-4.341080108399999915e+01,-3.059147872999999862e+01,-2.524766098099999923e+01,-3.706260004100000316e+01,-3.010979425800000087e+01
1.529764764799999988e+01,-3.847397516800000261e+01,-3.577107718199999908e+01,-2.414868497599999841e+01,-4.248836082300000072e+01,-3.171211140899999847e+01
1.531765765799999990e+01,-4.200098450699999830e+01,-4.131760923800000285e+01,-2.450234211400000106e+01,-4.652404524300000332e+01,-2.214196261100000029e+01
1.533766766799999992e+01,-3.425098634500000117e+01,-3.387692090899999897e+01,-2.662938404000000148e+01,-4.011320601999999980e+01,-3.052474003400000058e+01
1.535767767799999994e+01,-4.453064130100000284e+01,-2.699592703700000129e+01,-2.593573985400000126e+01,-4.443850627700000189e+01,-2.981572492900000171e+01
1.537768768799999997e+01,-4.141631342699999863e+01,-3.160402768200000168e+01,-2.696088235499999897e+01,-4.515226486800000316e+01,-3.317823333199999780e+01
1.539769769799999999e+01,-2.948840792500000063e+01,-3.574911921199999654e+01,-2.954770716999999891e+01,-4.209754188099999794e+01,-2.992508084400000001e+01
1.541770770800000001e+01,-3.820500160400000311e+01,-4.124393643300000178e+01,-3.130814772200000107e+01,-5.341509620499999755e+01,-2.629212872300000114e+01
1.543771771800000003e+01,-3.719974500400000039e+01,-2.700247944499999875e+01,-2.840549838700000151e+01,-3.756873025499999841e+01,-3.568164039999999915e+01
1.545772772800000006e+01,-3.006173003500000007e+01,-3.565013024499999972e+01,-3.633755081900000050e+01,-3.759104751800000344e+01,-3.302174117199999870e+01
1.547773773800000008e+01,-4.500650693699999749e+01,-3.565262922000000145e+01,-2.964603071200000173e+01,-3.908998813400000216e+01,-3.370301210400000258e+01
1.549774774800000010e+01,-4.760795152000000030e+01,-3.742277207299999731e+01,-3.128111153300000069e+01,-3.816491498300000274e+01,-3.615255482900000317e+01
1.551775775800000012e+01,-4.070970753699999989e+01,-3.487226345399999872e+01,-2.902835103399999994e+01,-4.930035177199999907e+01,-3.113961496399999973e+01
1.553776776800000015e+01,-3.413335964200000205e+01,-3.528877042300000255e+01,-2.603331807200000014e+01,-3.822383370600000063e+01,-3.138715613400000137e+01
1.555777777800000017e+01,-3.290314213100000273e+01,-4.106420983200000308e+01,-2.710167920600000002e+01,-3.055425749300000149e+01,-3.074005026800000095e+01
1.557778778800000019e+01,-3.970295123900000078e+01,-4.227848711800000103e+01,-2.727159888299999935e+01,-3.969530941099999666e+01,-3.680923983200000293e+01
1.559779779800000021e+01,-3.336084433199999921e+01,-4.178911151599999840e+01,-2.700710719699999984e+01,-3.635189709200000152e+01,-3.804269577899999888e+01
1.561780780800000024e+01,-3.915472562200000084e+01,-3.556387116799999859e+01,-2.734480110699999855e+01,-3.890313828400000062e+01,-2.923628220000000155e+01
1.563781781800000026e+01,-4.146416649799999732e+01,-4.710044267300000342e+01,-2.601171476800000093e+01,-2.868043976499999914e+01,-2.927454811599999829e+01
1.565782782800000028e+01,-3.633878689000000151e+01,-4.293977583099999862e+01,-2.524244301599999929e+01,-2.989724616499999854e+01,-3.045078256200000055e+01
1.567783783800000030e+01,-3.588884838100000252e+01,-3.037491238300000163e+01,-2.510060408800000076e+01,-3.716861476900000127e+01,-3.100873539699999881e+01
1.569784784800000033e+01,-3.594822157499999804e+01,-4.064593713099999661e+01,-2.698681941799999962e+01,-3.215876839399999909e+01,-2.571609457299999946e+01
1.571785785800000035e+01,-3.044120766700000047e+01,-4.065470261299999777e+01,-2.450858919099999866e+01,-3.399371062800000232e+01,-2.897783748899999878e+01
1.573786786800000037e+01,-3.779450246399999713e+01,-2.787833588100000171e+01,-2.570076456099999973e+01,-3.440566096700000287e+01,-3.516143374199999982e+01
1.575787787800000039e+01,-3.442015581399999746e+01,-3.293722348000000011e+01,-2.452719134199999829e+01,-2.908496434399999941e+01,-3.637140917499999659e+01
1.577788788800000042e+01,-4.134345739700000166e+01,-4.540746664299999935e+01,-2.473178441399999983e+01,-3.691036361500000140e+01,-3.803016915700000311e+01
1.579789789800000044e+01,-3.769866941299999752e+01,-3.235458471399999780e+01,-2.266689374999999984e+01,-3.163225959200000048e+01,-3.956025957399999982e+01
1.581790790800000046e+01,-4.639720338499999741e+01,-3.610229846600000059e+01,-2.306249123699999970e+01,-2.954131556600000152e+01,-3.470266489099999774e+01
1.583791791800000048e+01,-3.979695465500000040e+01,-2.814360894700000060e+01,-2.328653555900000072e+01,-2.984396538400000054e+01,-3.138873930700000159e+01
1.585792792800000051e+01,-2.868270838999999839e+01,-3.263458302600000138e+01,-2.288699106199999989e+01,-3.978398430499999705e+01,-3.189606878600000073e+01
1.587793793800000053e+01,-3.936983235099999945e+01,-3.103254656800000078e+01,-2.442111782199999936e+01,-3.153731945499999867e+01,-2.997790606299999894e+01
1.589794794800000055e+01,-3.720854902199999970e+01,-4.501351487499999848e+01,-2.393700962799999843e+01,-3.429666197499999925e+01,-3.370864352699999955e+01
1.591795795800000057e+01,-2.949138414400000130e+01,-2.997189931100000138e+01,-2.169741805700000015e+01,-3.138376696299999935e+01,-3.038154292700000170e+01
1.593796796800000060e+01,-3.536859874499999989e+01,-4.683101867599999935e+01,-2.463739541500000030e+01,-3.098450725600000055e+01,-2.382521586700000071e+01
1.595797797800000062e+01,-3.480637671400000244e+01,-3.695506125299999667e+01,-2.137698043500000011e+01,-3.024585393099999919e+01,-3.247829437800000107e+01
1.597798798800000064e+01,-3.302766544199999998e+01,-3.566916803200000174e+01,-2.231215323700000042e+01,-3.138214237700000098e+01,-3.225147752699999870e+01
1.599799799800000066e+01,-3.474721162200000180e+01,-3.753174985100000072e+01,-2.066505085000000008e+01,-4.140549159399999724e+01,-3.292314381399999945e+01
1.601800800799999891e+01,-1.847434203799999963e+01,-3.676142341199999919e+01,-2.252396057800000051e+01,-3.062073005799999947e+01,-2.575866552200000115e+01
1.603801801799999893e+01,-2.974560439900000119e+01,-2.306596760600000096e+01,-2.390782403200000061e+01,-2.230335131500000045e+01,-2.826249635699999985e+01
1.605802802799999895e+01,-3.664740507100000144e+01,-4.780417758499999792e+01,-2.231462384299999968e+01,-3.186656343800000002e+01,-2.680710984499999938e+01
1.607803803799999898e+01,-3.455329338300000330e+01,-3.174956698600000138e+01,-2.267006951899999834e+01,-3.059116329600000128e+01,-2.632172071700000160e+01
1.609804804799999900e+01,-2.868670682200000144e+01,-1.115741412600000082e+01,-1.366257716900000041e+01,-2.045297521399999852e+01,-2.595386925100000042e+01
1.611805805799999902e+01,-3.050772631599999940e+01,-2.283969087699999889e+01,-2.949475708099999949e+01,-3.178585335000000001e+01,-2.849804411099999868e+01
1.613806806799999904e+01,-2.974573924799999958e+01,-3.094379581600000151e+01,-2.339897597799999929e+01,-3.110425815700000030e+01,-2.808511497299999959e+01
1.615807807799999907e+01,-2.725503846000000152e+01,-3.064580792699999989e+01,-2.346657173299999855e+01,-3.217980866999999989e+01,-3.032379590400000069e+01
1.617808808799999909e+01,-2.409044440899999984e+01,-3.853669049100000166e+01,-2.373179315699999847e+01,-3.097125385400000042e+01,-3.077957665499999962e+01
1.619809809799999911e+01,-2.185865142200000122e+01,-3.689068415900000275e+01,-2.561226427000000072e+01,-3.358426360200000005e+01,-3.444633104300000070e+01
1.621810810799999913e+01,-1.508473429900000085e+01,-2.996373383299999915e+01,-2.437004360799999958e+01,-3.500781491200000062e+01,-2.647238771600000007e+01
1.623811811799999916e+01,-3.006388113999999945e+01,-3.297713163299999906e+01,-2.453789155899999841e+01,-3.480568491100000017e+01,-2.982190977100000140e+01
1.625812812799999918e+01,-2.791663935900000126e+01,-2.613830466499999972e+01,-2.371389472899999973e+01,-2.747636595099999823e+01,-3.048020581400000140e+01
1.627813813799999920e+01,-3.192715499999999906e+01,-4.875951650700000073e+01,-2.618578002099999935e+01,-3.451895049800000237e+01,-3.019442469499999859e+01
1.629814814799999922e+01,-3.289491080799999878e+01,-3.516602863899999676e+01,-2.669533731699999990e+01,-2.972648092700000078e+01,-2.822894815200000096e+01
1.631815815799999925e+01,-3.277968133800000317e+01,-3.753401077499999872e+01,-2.347187890900000085e+01,-3.040727073500000088e+01,-2.621563949400000126e+01
1.633816816799999927e+01,-3.388138062200000178e+01,-3.548756986699999771e+01,-2.411983262400000072e+01,-3.142955338399999832e+01,-2.968997893799999943e+01
1.635817817799999929e+01,-2.709560812400000174e+01,-1.900820500000000024e+01,-2.597082244899999992e+01,-3.035645622399999866e+01,-3.076845461899999989e+01
1.637818818799999931e+01,-1.862675455899999832e+01,-2.865123677000000058e+01,-2.841436308500000152e+01,-3.337586827599999850e+01,-3.257668668299999837e+01
1.639819819799999934e+01,-3.615852801999999855e+01,-3.658089598200000125e+01,-2.809234903500000158e+01,-3.206766799999999762e+01,-3.418297850799999793e+01
1.641820820799999936e+01,-2.607791527499999873e+01,-2.467494585199999868e+00,-7.121132341000000032e+00,-1.135761265200000025e+01,-1.920531640300000120e+01
1.643821821799999938e+01,-2.882930068199999951e+01,-3.289163623000000314e+01,-2.936004817099999897e+01,-3.314156300599999838e+01,-2.904629888699999896e+01
1.645822822799999940e+01,-2.161083041999999921e+01,-3.288586678899999782e+01,-2.864665330100000062e+01,-3.551632687099999686e+01,-2.751253737400000077e+01
1.647823823799999943e+01,-2.840215378199999918e+01,-2.766757776300000060e+01,-2.648765796100000003e+01,-3.343697983999999934e+01,-4.479163920500000273e+01
1.649824824799999945e+01,-4.596255291500000340e+01,-3.053710036100000025e+01,-3.130951319700000113e+01,-3.106466855800000104e+01,-3.264135756600000349e+01
1.651825825799999947e+01,-2.325456684599999946e+01,-2.745021388299999998e+01,-3.259091957799999761e+01,-2.642217490199999830e+01,-2.437136899700000114e+01
1.653826826799999949e+01,-3.613584102200000103e+01,-2.547042837300000073e+01,-3.005834701299999878e+01,-3.115148050599999863e+01,-2.462973025000000149e+01
1.655827827799999952e+01,-3.405435689200000127e+01,-2.820793977599999991e+01,-4.141292750299999881e+01,-3.992205906499999912e+01,-3.062995031599999862e+01
1.657828828799999954e+01,-1.840130222899999879e+01,-3.346667692500000157e+01,-2.865217807200000166e+01,-4.658959935499999716e+01,-2.662575276500000143e+01
1.659829829799999956e+01,-1.816913809900000132e+01,-4.429538526999999704e+01,-2.971364465199999927e+01,-3.029525042399999890e+01,-2.523826512799999833e+01
1.661830830799999958e+01,-3.009697388000000018e+01,-4.519550939199999817e+01,-2.574051658799999842e+01,-3.978155304500000256e+01,-2.852166829500000134e+01
1.663831831799999961e+01,-3.175317033299999991e+01,-3.166100242699999967e+01,-2.525997586000000084e+01,-4.990014124100000004e+01,-3.050471921200000125e+01
1.665832832799999963e+01,-3.264441265100000322e+01,-3.256798955800000073e+01,-2.424315025800000001e+01,-3.199912498999999855e+01,-2.686569312900000028e+01
1.667833833799999965e+01,-2.548419718499999931e+01,-4.488123889799999944e+01,-2.631716199899999964e+01,-3.575414760200000330e+01,-2.460892318399999823e+01
1.669834834799999967e+01,-2.593643952400000074e+01,-3.409957131499999861e+01,-2.468692221099999884e+01,-5.769975032800000037e+01,-2.620186399800000032e+01
1.671835835799999970e+01,-4.565580830900000109e+01,-4.010619402900000097e+01,-2.503868802199999877e+01,-3.111086145299999828e+01,-2.695034752000000111e+01
1.673836836799999972e+01,-3.416490365599999990e+01,-4.613221879700000017e+01,-2.387786118600000052e+01,-3.342693912800000078e+01,-2.671315956000000114e+01
1.675837837799999974e+01,-2.032424682399999938e+01,-3.044841311100000070e+01,-2.984936517899999942e+01,-3.388003151000000202e+01,-3.409005500500000352e+01
1.677838838799999976e+01,-3.384356418200000149e+01,-3.660977478200000235e+01,-2.238231881300000126e+01,-4.000885592699999904e+01,-2.511139610900000108e+01
1.679839839799999979e+01,-2.738236842899999957e+01,-2.234272730400000029e+01,-2.456206957799999913e+01,-3.562358087999999867e+01,-3.278143941100000092e+01
1.681840840799999981e+01,-2.797996944499999827e+01,-3.483204436700000173e+01,-2.474591854100000177e+01,-3.780003881399999699e+01,-3.193998889999999946e+01
1.683841841799999983e+01,-2.427743476299999870e+01,-3.437617324899999716e+01,-2.491625917800000067e+01,-2.854666775800000167e+01,-2.844370655000000170e+01
1.685842842799999985e+01,-2.200719121199999861e+01,-3.338612878699999698e+01,-2.524697549000000052e+01,-4.185778248399999768e+01,-2.677046376599999888e+01
1.687843843799999988e+01,-3.877376179000000178e+01,-3.195011308699999830e+01,-2.621233625800000056e+01,-3.213768691899999652e+01,-2.518199598200000011e+01
1.689844844799999990e+01,-3.782639135800000219e+01,-4.331789844099999698e+01,-2.497631132100000073e+01,-4.247610389399999775e+01,-2.849120300999999955e+01
1.691845845799999992e+01,-3.848807210500000053e+01,-3.635406319500000194e+01,-2.403736590400000139e+01,-2.929058804599999988e+01,-3.538239506099999687e+01
1.693846846799999994e+01,-1.838962752400000156e+01,-4.427571908600000228e+01,-2.100893942400000114e+01,-2.619804106999999860e+01,-3.277216002800000183e+01
1.695847847799999997e+01,-3.202422059399999910e+01,-4.827793812099999826e+01,-2.187362043999999983e+01,-2.827440192499999938e+01,-2.162972181700000007e+01
1.697848848799999999e+01,-2.294739730799999933e+01,-3.684621822700000138e+01,-2.727034857299999970e+01,-2.897092022200000017e+01,-3.883899592899999931e+01
1.699849849800000001e+01,-2.889706969899999933e+01,-3.586572334800000306e+01,-2.309249690100000052e+01,-2.727534556399999843e+01,-4.849474393500000247e+01
1.701850850900000012e+01,-2.170145342500000041e+01,-4.735851810799999839e+01,-2.522706530600000008e+01,-2.894390436500000163e+01,-3.810300218700000130e+01
1.703851851900000014e+01,-2.952166323100000156e+01,-3.433716690199999988e+01,-2.549161607199999935e+01,-2.849259461600000165e+01,-3.133138217500000167e+01
1.705852852900000016e+01,-4.567346703500000160e+01,-3.455413062099999877e+01,-2.502380961800000136e+01,-3.524255507899999884e+01,-3.973293560900000188e+01
1.707853853900000018e+01,-3.425537055699999911e+01,-2.634306101800000022e+01,-2.521514642300000020e+01,-3.274904813500000245e+01,-3.492796897699999903e+01
1.709854854900000021e+01,-2.947315890899999857e+01,-3.261052340700000229e+01,-3.211236276199999651e+01,-2.296124469700000148e+01,-4.108093865899999741e+01
1.711855855900000023e+01,-3.749731545499999896e+01,-3.017055037400000117e+01,-3.208805573499999753e+01,-5.544409957300000258e+01,-3.043526621399999854e+01
1.713856856900000025e+01,-4.347833310499999726e+01,-3.005171509099999838e+01,-2.643390169199999917e+01,-2.652950450599999854e+01,-3.317274601700000147e+01
1.715857857900000027e+01,-3.406786101899999863e+01,-3.466474292499999876e+01,-2.505650398799999934e+01,-2.456540625399999911e+01,-3.420357021499999917e+01
1.717858858900000030e+01,-3.651796580999999975e+01,-5.412785093899999822e+01,-2.811385733199999848e+01,-3.511731066200000129e+01,-2.139664739999999910e+01
1.719859859900000032e+01,-4.897855792099999661e+01,-3.318035761899999869e+01,-2.602534994499999854e+01,-1.987710215199999908e+01,-3.038371894899999859e+01
1.721860860900000034e+01,-3.171287584199999898e+01,-3.331297566799999998e+01,-2.668547352299999886e+01,-2.526462580300000127e+01,-3.412262289299999907e+01
1.723861861900000036e+01,-4.131202158199999985e+01,-3.385501939499999935e+01,-2.603031942599999837e+01,-2.973019158900000036e+01,-3.086008684800000168e+01
1.725862862900000039e+01,-3.204401715600000244e+01,-3.459775966499999811e+01,-2.882878686400000134e+01,-2.848878458500000121e+01,-3.322999435399999868e+01
1.727863863900000041e+01,-3.609689607499999653e+01,-2.989263445799999985e+01,-3.422675531600000198e+01,-2.588875025100000116e+01,-3.279202947499999965e+01
1.729864864900000043e+01,-3.220617050900000322e+01,-3.684087422099999998e+01,-2.378950515300000035e+01,-3.134286918600000149e+01,-3.016532094800000152e+01
1.731865865900000045e+01,-4.365794604199999895e+01,-3.647615062500000249e+01,-2.127859605700000145e+01,-3.233230870500000265e+01,-1.513704865000000055e+01
1.733866866900000048e+01,-3.862713068600000099e+01,-3.025238102000000140e+01,-2.261398753199999945e+01,-2.729896730400000138e+01,-3.088033693099999866e+01
1.735867867900000050e+01,-3.663739583499999952e+01,-3.569379580399999696e+01,-2.080374529699999897e+01,-3.018454476799999853e+01,-3.840220638600000314e+01
1.737868868900000052e+01,-3.822100997399999756e+01,-2.883112382199999857e+01,-2.838811637599999926e+01,-3.192013646099999846e+01,-4.169092577800000043e+01
1.739869869900000054e+01,-3.636605039199999823e+01,-2.814594579799999963e+01,-2.423522382799999875e+01,-4.372437927499999688e+01,-3.297114138300000263e+01
1.741870870900000057e+01,-4.828736862200000246e+01,-2.961109539399999946e+01,-2.219940312499999990e+01,-2.661990177299999871e+01,-1.971398353100000023e+01
1.743871871900000059e+01,-4.064968079199999806e+01,-3.158007119599999868e+01,-2.399072371100000112e+01,-2.989393480500000067e+01,-3.713159929199999709e+01
1.745872872900000061e+01,-4.780578900300000100e+01,-4.447152110999999763e+01,-2.682366634799999972e+01,-2.974942873499999862e+01,-3.243743060599999950e+01
1.747873873900000063e+01,-4.492417204200000214e+01,-3.883192581600000182e+01,-2.581270121400000050e+01,-2.787531763000000140e+01,-2.822604356800000147e+01
1.749874874900000066e+01,-2.492665992399999908e+01,-3.380740553500000090e+01,-2.756207157600000102e+01,-3.630037700999999828e+01,-2.351394099099999835e+01
1.751875875900000068e+01,-3.308964124300000265e+01,-2.299592944500000158e+01,-2.812603043200000030e+01,-4.434852393599999942e+01,-3.123337370200000151e+01
1.753876876900000070e+01,-3.109216899700000170e+01,-4.137637954099999860e+01,-3.405781060200000354e+01,-3.026921365999999836e+01,-1.865575686800000099e+01
1.755877877900000072e+01,-3.978196968400000344e+01,-2.990139565000000132e+01,-2.351621563300000162e+01,-3.340410852699999822e+01,-3.047750785999999934e+01
1.757878878900000075e+01,-3.982574307499999833e+01,-2.469686866800000047e+01,-1.929171173399999972e+01,-1.885987750299999988e+01,-4.223498717999999741e+01
1.759879879900000077e+01,-3.109302114000000117e+01,-3.190035904599999839e+01,-2.735662629799999834e+01,-3.428187426899999934e+01,-3.298761441599999955e+01
1.761880880900000079e+01,-1.092069869400000037e+01,-2.803747740400000055e+01,-2.402628849799999955e+01,-3.543773048300000283e+01,-2.674035933100000051e+01
1.763881881900000081e+01,-3.787751520799999838e+01,-3.284257498099999850e+01,-2.908233715800000141e+01,-3.367772258600000157e+01,-3.257205783399999888e+01
1.765882882900000084e+01,-3.674793739100000067e+01,-2.709329133099999964e+01,-2.581473674400000107e+01,-3.147299816499999991e+01,-2.802217775800000155e+01
1.767883883900000086e+01,-2.002400125400000164e+01,-2.698945487099999951e+01,-2.449422098399999825e+01,-3.409639210899999995e+01,-3.604339023400000031e+01
1.769884884900000088e+01,-3.869459937199999899e+01,-3.646486846799999881e+01,-2.515473481900000152e+01,-2.617294787000000156e+01,-2.967892818400000010e+01
1.771885885900000090e+01,-4.494560538399999672e+01,-3.205162658399999742e+01,-2.402468441599999949e+01,-2.319321956900000004e+01,-1.254437772900000070e+01
1.773886886900000093e+01,-2.866692808399999848e+01,-3.331593617899999771e+01,-2.851618671499999991e+01,-3.113356511699999984e+01,-3.841754479000000089e+01
1.775887887900000095e+01,-4.531768406700000185e+01,-2.805236590100000171e+01,-3.156495690899999929e+01,-2.103079805100000144e+01,-3.703969886600000194e+01
1.777888888900000097e+01,-3.838043653199999738e+01,-3.702724051999999944e+01,-2.723423049499999848e+01,-3.613345093099999872e+01,-3.636321223299999872e+01
1.779889889900000099e+01,-2.826195254900000009e+01,-3.866884631500000324e+01,-1.575677189299999981e+01,-2.180886610299999973e+01,-1.911897752400000172e+01
1.781890890900000102e+01,-3.395279993199999780e+01,-3.246271431800000329e+01,-3.621171786400000059e+01,-2.923308837400000115e+01,-3.774243871899999903e+01
1.783891891900000104e+01,-4.363314895700000307e+01,-2.877432744700000100e+01,-2.355915262099999907e+01,-2.558197896800000137e+01,-3.763274777000000171e+01
1.785892892900000106e+01,-2.482999916900000059e+01,-2.457649088899999867e+01,-2.418142921999999828e+01,-2.707738302499999961e+01,-2.628795008499999852e+01
1.787893893900000108e+01,-3.335293757899999889e+01,-3.357345015500000329e+01,-2.214662384100000025e+01,-2.823626964600000022e+01,-3.044460804799999920e+01
1.789894894900000111e+01,-2.777819324600000073e+01,-3.271917265999999813e+01,-2.388295240200000080e+01,-2.785923584300000044e+01,-2.842697502700000101e+01
1.791895895900000113e+01,-3.121657164200000167e+01,-2.887513325899999828e+01,-2.236796258700000095e+01,-2.060909869900000047e+01,-3.056898118100000161e+01
1.793896896900000115e+01,-5.017137613399999907e+01,-2.594965174300000044e+01,-3.520082028700000087e+00,5.866936414599999594e+00,-2.353709710800000110e+01
1.795897897900000117e+01,-3.066213585899999927e+01,-2.524669306299999860e+01,-2.530871987200000106e+01,-2.696442095600000144e+01,-2.873804650099999947e+01
1.797898898900000120e+01,-3.293764194900000319e+01,-1.923759281099999896e+01,-2.718608747100000045e+01,-2.461602932599999960e+01,-2.920092984200000075e+01
1.799899899900000122e+01,-3.217185971600000016e+01,-2.341164190199999950e+01,-1.701784886400000119e+01,-2.745494843999999901e+01,-2.327316816400000121e+01
1.801900900900000124e+01,-4.159840169999999659e+01,-2.920043130599999870e+01,-2.991420261100000033e+01,-2.109730161599999931e+01,-2.792852553799999882e+01
1.803901901900000126e+01,-3.433883698100000004e+01,-3.740248548499999970e+01,-2.552884129099999910e+01,-2.712293097099999883e+01,-3.058378048899999868e+01
1.805902902900000129e+01,-4.357690169899999688e+01,-2.370432368799999878e+01,-2.792807854699999837e+01,-2.537574923200000043e+01,-3.427971958199999847e+01
1.807903903900000131e+01,-3.673081289699999985e+01,-4.768807637900000174e+01,-2.068294351700000178e+01,-2.377528655300000082e+01,-2.763312082599999897e+01
1.809904904900000133e+01,-4.137815848200000346e+01,-3.030415483499999851e+01,-2.472581190400000040e+01,-2.332647391700000128e+01,-3.649836508300000304e+01
1.811905905900000135e+01,-3.804742488299999792e+01,-8.925885435599999695e+00,-2.792126062899999894e+01,-2.784579425600000135e+01,-3.111253727300000094e+01
1.813906906900000138e+01,-4.387142508400000196e+01,-3.260258004100000306e+01,-2.892025454699999898e+01,-2.711391093800000007e+01,-3.079714499199999977e+01
1.815907907900000140e+01,-3.877112094299999967e+01,-3.206041873600000258e+01,-2.397736313800000119e+01,-2.658209383100000167e+01,-3.740280477499999989e+01
1.817908908900000142e+01,-4.249044650900000164e+01,-3.677476664699999986e+01,-2.783511269899999974e+01,-3.309397952300000156e+01,-4.088385784300000125e+01
1.819909909900000144e+01,-4.503908245499999907e+01,-3.645084444599999784e+01,-2.537800280100000094e+01,-2.958441668100000044e+01,-2.584229045700000071e+01
1.821910910900000147e+01,-3.707668044199999713e+01,-3.589417612599999785e+01,-2.598436809400000058e+01,-3.005245020399999945e+01,-3.846023722500000019e+01
1.823911911900000149e+01,-4.129763803000000166e+01,-3.613201331100000147e+01,-2.857257689000000056e+01,-3.502930510099999850e+01,-3.677089192399999718e+01
1.825912912900000151e+01,-3.522513716400000305e+01,-3.415875895199999945e+01,-2.622087004000000121e+01,-3.280913825199999678e+01,-1.180365100799999922e+01
1.827913913900000153e+01,-4.540028521499999670e+01,-2.842316227899999959e+01,-2.662892180800000119e+01,-3.148103255299999859e+01,-5.001613224700000160e+01
1.829914914900000156e+01,-3.830761233999999860e+01,-3.030112778299999832e+01,-2.578957043899999846e+01,-3.175166585699999899e+01,-4.011915587299999686e+01
1.831915915900000158e+01,-1.380781234099999999e+01,-4.650417609899999860e+01,-2.893108143399999932e+01,-2.979167904199999839e+01,-3.035356007600000083e+01
1.833916916900000160e+01,-3.632644648299999801e+01,-2.528836614900000157e+01,-2.952413761000000036e+01,-3.421555719500000237e+01,-3.097705120499999865e+01
1.835917917900000162e+01,-2.321435417500000042e+01,-1.686493118899999999e+01,-6.873851525600000123e+00,-1.513870722899999954e+01,-1.235239919600000036e+01
1.837918918900000165e+01,-2.954682271300000096e+01,-3.463768604399999873e+01,-2.767667005299999872e+01,-4.139858181500000001e+01,-3.336151328500000091e+01
1.839919919900000167e+01,-3.687181207100000080e+01,-3.578974153000000058e+01,-3.394732699499999740e+01,-3.104972379599999854e+01,-3.671706610399999704e+01
1.841920920900000169e+01,-2.697468600899999913e+01,-2.583180650999999983e+01,-2.746564280200000141e+01,-3.458978136399999670e+01,-3.770430128400000314e+01
1.843921921900000171e+01,-2.860755832799999965e+01,-3.266392510099999669e+01,-3.669499995900000044e+01,-2.862953972300000061e+01,-4.450913104800000042e+01
1.845922922900000174e+01,-3.393529152100000346e+01,-2.631466097699999906e+01,-4.204790162300000134e+01,-3.318500647199999776e+01,-3.561746540899999758e+01
1.847923923900000176e+01,-3.809355093100000289e+01,-2.987302647499999964e+01,-1.864702511999999857e+01,-2.218061754900000082e+01,-2.554064183199999860e+01
1.849924924899999823e+01,-4.085810704099999668e+01,-3.252477036199999816e+01,-2.860378201400000009e+01,-2.853685534999999973e+01,-3.749288039399999661e+01
1.851925925899999825e+01,-3.615047211800000326e+01,-4.260569471800000230e+01,-3.390171068000000076e+01,-2.996198082600000134e+01,-2.792317203800000058e+01
1.853926926899999827e+01,-2.875273164800000103e+01,-3.288883038699999872e+01,-1.871409849200000153e+01,-1.846966963699999908e+01,-1.915417712900000069e+01
1.855927927899999830e+01,-5.544402444499999660e+01,-3.180103935300000018e+01,-3.341294411300000178e+01,-3.029266502600000166e+01,-3.053850787100000019e+01
1.857928928899999832e+01,-3.529544200400000165e+01,-3.794838476099999980e+01,-2.976112349599999973e+01,-2.961831820900000167e+01,-2.583919899900000061e+01
1.859929929899999834e+01,-2.785456557599999883e+01,-3.149471656900000127e+01,-3.318937907499999795e+01,-2.801080792699999833e+01,-3.304470691400000248e+01
1.861930930899999836e+01,-4.607947594400000213e+01,-3.715480821300000258e+01,-5.184215067400000265e+01,-3.533745462200000276e+01,-2.964738567899999921e+01
1.863931931899999839e+01,-2.724562711000000093e+01,-2.651297306000000020e+01,-2.995480631199999877e+01,-2.730133075399999854e+01,-3.263620496800000126e+01
1.865932932899999841e+01,-3.132200002700000141e+01,-2.970665823199999878e+01,-2.566555684900000145e+01,-3.701057913799999710e+01,-3.452969744300000343e+01
1.867933933899999843e+01,-4.346394706800000307e+01,-3.718570674400000087e+01,-2.522330057599999975e+01,-4.234305691000000138e+01,-1.425079228399999920e+01
1.869934934899999845e+01,-3.310713307399999650e+01,-4.290553198799999990e+01,-3.415406942300000281e+01,-2.962167565700000083e+01,-3.182843568399999867e+01
1.871935935899999848e+01,-3.083211327900000143e+01,-2.880607187900000099e+01,-2.665847639200000074e+01,-2.846132753399999871e+01,-3.818286677599999734e+01
1.873936936899999850e+01,-2.280025442899999888e+01,-4.084584785900000270e+01,-2.585846170099999952e+01,-3.288856851300000272e+01,-4.852601589500000046e+01
1.875937937899999852e+01,-4.403033345400000087e+01,-3.322748704499999661e+01,-4.756064191800000174e+01,-3.146988491100000118e+01,-2.532914332600000051e+01
1.877938938899999854e+01,-4.243230024799999711e+01,-4.126538125500000120e+01,-2.855067395900000093e+01,-3.173205620999999965e+01,-2.413423564700000057e+01
1.879939939899999857e+01,-2.909499054000000129e+01,-2.086509666599999946e+01,-2.127057239000000166e+01,-2.961426266799999851e+01,-2.422015594100000158e+01
1.881940940899999859e+01,-4.967138236899999981e+01,-4.033450628100000301e+01,-3.065044763799999927e+01,-3.415811646299999893e+01,-3.103322699199999946e+01
1.883941941899999861e+01,-4.476344201599999906e+01,-4.211963457800000299e+01,-2.221289018499999912e+01,-2.625392924999999877e+01,-4.071801880799999651e+01
1.885942942899999863e+01,-2.808807135600000038e+01,-3.178125145399999951e+01,-1.434819869100000034e+01,-2.393955627000000064e+01,-2.838639097100000086e+01
1.887943943899999866e+01,-3.627753274199999822e+01,-2.480303986799999905e+01,-1.935975913100000056e+01,-2.807888527300000092e+01,-2.429605982400000030e+01
1.889944944899999868e+01,-4.550559822299999979e+01,-3.309409510500000096e+01,-2.846185789000000099e+01,-3.062445246900000129e+01,-4.218621847699999705e+01
1.891945945899999870e+01,-2.717850690199999875e+01,-2.945492779199999944e+01,-2.861786963300000153e+01,-2.776218472000000048e+01,-3.598363090200000158e+01
1.893946946899999872e+01,-4.243411539699999935e+01,-4.628115197500000022e+01,-5.138695304699999866e+01,-3.582468105200000252e+01,-3.678453654900000203e+01
1.895947947899999875e+01,-3.947551260899999903e+01,-3.448388201899999927e+01,-1.976256760500000098e+01,-3.183686223400000159e+01,-6.216857606899999666e+01
1.897948948899999877e+01,-2.132767791199999863e+01,-1.863950558899999876e+01,-2.225563712499999980e+01,-2.827266656500000153e+01,-1.752705626299999864e+01
1.899949949899999879e+01,-3.207891068600000040e+01,-5.561251736999999906e+01,-2.528752634099999952e+01,-2.496625623799999971e+01,-2.930661719800000142e+01
1.901950950999999890e+01,-4.428736478999999804e+01,-3.868097651600000120e+01,-3.296053112300000265e+01,-3.868006064000000066e+01,-3.290990226000000263e+01
1.903951951999999892e+01,-2.713489195600000059e+01,-3.035106524700000108e+01,-2.040356717499999917e+01,-4.598289153799999696e+01,-3.330778405099999873e+01
1.905952952999999894e+01,-4.468056572100000068e+01,-3.701202377999999982e+01,-2.341984175300000004e+01,-3.099516350800000097e+01,-3.304675232900000026e+01
1.907953953999999896e+01,-3.637276901199999912e+01,-4.148983469400000246e+01,-2.940052979200000038e+01,-1.609778183199999901e+01,-2.855062862200000140e+01
1.909954954999999899e+01,-3.913037076199999831e+01,-2.820489476499999881e+01,-1.825125922200000161e+01,-2.162051878999999843e+01,-1.702349895700000104e+01
1.911955955999999901e+01,-4.241720066700000302e+01,-4.508609838099999934e+01,-3.598306907300000290e+01,-7.056548281800000666e+01,-2.709807486500000095e+01
1.913956956999999903e+01,-2.954060085500000099e+01,-2.295019763799999879e+01,-2.908484238100000141e+01,-3.535976860899999963e+01,-1.951619551499999972e+01
1.915957957999999905e+01,-2.663168912600000127e+01,-3.780880959999999646e+01,-2.268140203200000116e+01,-4.716637788100000250e+01,-3.265854665700000226e+01
1.917958958999999908e+01,-3.411782573400000018e+01,-5.922555675099999917e+01,-2.744763403800000034e+01,-2.998693973800000023e+01,-3.366384270799999712e+01
1.919959959999999910e+01,-3.293284852000000029e+01,-3.936920176600000332e+01,-3.043459938299999834e+01,-1.715165097699999919e+01,-3.611093944000000278e+01
1.921960960999999912e+01,-3.217668949800000178e+01,-5.151021356100000048e+01,-3.853342672699999838e+01,-4.883305424899999991e+01,-3.815738499599999756e+01
1.923961961999999914e+01,-3.330260164199999906e+01,-4.940314850200000052e+01,-3.273734275799999693e+01,-4.570636012500000334e+01,-4.399873078299999918e+01
1.925962962999999917e+01,-2.406677141400000153e+01,-3.655751116100000075e+01,-2.861990478099999891e+01,-4.529935376600000296e+01,-4.188355561600000243e+01
1.927963963999999919e+01,-6.616200124200000232e+01,-4.173897506400000168e+01,-2.336926410299999901e+01,-3.152910541299999991e+01,-4.530102057199999877e+01
1.929964964999999921e+01,-3.168641892699999829e+01,-4.883240652199999943e+01,-3.409341682600000212e+01,-4.385725753399999860e+01,-5.393219894399999959e+01
1.931965965999999923e+01,-1.752837175200000175e+01,-3.461904279800000239e+01,-3.555838160100000067e+01,-3.514001917000000219e+01,-3.787521414900000138e+01
1.933966966999999926e+01,-4.667470557800000108e+01,-3.470267337599999991e+01,-3.838256267700000279e+01,-4.980430952799999744e+01,-4.539536896900000329e+01
1.935967967999999928e+01,-4.170646658999999801e+01,-3.904649519400000202e+01,-3.013496933100000064e+01,-3.175323419100000066e+01,-3.067851690299999845e+01
1.937968968999999930e+01,-1.666750330300000016e+01,-3.119841652499999896e+01,-1.838969769999999926e+01,-4.495539117199999879e+01,-1.659326240800000107e+01
1.939969969999999932e+01,-3.224164215100000064e+01,-4.917288529300000022e+01,-4.206669903400000265e+01,-2.842495748600000027e+01,-6.744076451300000485e+01
1.941970970999999935e+01,-4.115940274599999782e+01,-4.449138981200000131e+01,-1.451398921300000033e+01,-2.891704389399999897e+01,-4.852579294299999901e+01
1.943971971999999937e+01,-2.111809740700000049e+01,-2.895583882100000039e+01,-3.803518694899999986e+01,-3.380073734199999791e+01,-5.243928768300000343e+01
1.945972972999999939e+01,-3.680532960800000097e+01,-3.628235592600000103e+01,-3.278840946900000120e+01,-3.287557037700000251e+01,-3.920262807999999666e+01
1.947973973999999941e+01,-3.497137017600000064e+01,-3.551332136999999989e+01,-3.054722322199999951e+01,-5.328687826400000205e+01,-3.384602867899999978e+01
1.949974974999999944e+01,-2.925921800800000128e+01,-2.452176957800000068e+01,-2.329952465599999911e+01,-3.554631000399999863e+01,-4.291136187499999721e+01
1.951975975999999946e+01,-4.536995007200000174e+01,-3.823770695599999669e+01,-2.441061938200000014e+01,-3.259397303299999749e+01,-3.412658809300000229e+01
1.953976976999999948e+01,-3.570751099999999667e+01,-2.785555593599999824e+01,-3.064512318699999849e+00,-1.534974974200000020e+01,-1.389687828199999942e+01
1.955977977999999950e+01,-3.687605019000000084e+01,-3.444875905600000010e+01,-2.396694417799999854e+01,-2.876688775599999914e+01,-4.147087185899999895e+01
1.957978978999999953e+01,-4.655996076800000338e+01,-4.156609581099999673e+01,-2.944781242999999904e+01,-5.200161802600000271e+01,-3.344482073000000355e+01
1.959979979999999955e+01,-2.457717941399999972e+01,-4.074796083100000033e+01,-2.594689896699999920e+01,-3.195100701899999862e+01,-2.177368096200000025e+01
1.961980980999999957e+01,-5.249040324900000343e+01,-3.499692822299999762e+01,-1.713048757299999991e+01,-4.754057940500000257e+01,-4.768798944099999915e+01
1.963981981999999959e+01,-4.473399816599999923e+01,-4.997503869999999893e+01,-2.570335105799999909e+01,-2.895076660200000163e+01,-3.399373300999999969e+01
1.965982982999999962e+01,-2.742589103699999953e+01,-1.028895187800000066e+01,-1.150448715899999996e+01,1.336130494500000099e+00,6.019017345199999980e+00
1.967983983999999964e+01,-3.915057127299999706e+01,-4.530963856099999987e+01,-2.469014939999999925e+01,-4.129531062600000269e+01,-4.572663878400000215e+01
1.969984984999999966e+01,-4.688012996599999838e+01,-5.086320045099999732e+01,-3.668792969799999781e+01,-3.062558835200000118e+01,-4.034066042100000260e+01
1.971985985999999968e+01,-1.822263882000000024e+01,-2.105737510899999876e+01,-2.546825362199999887e+01,-3.125982358899999980e+01,-4.156696769300000227e+01
1.973986986999999971e+01,-4.161751629999999835e+01,-4.291148290000000287e+01,-3.317893918699999745e+01,-4.384427378000000175e+01,-3.483811135300000217e+01
1.975987987999999973e+01,-5.006600128099999836e+01,-3.675936761100000183e+01,-3.246643423900000158e+01,-3.799384037299999761e+01,-4.211250976699999882e+01
1.977988988999999975e+01,-3.996779727599999887e+01,-3.310894879100000310e+01,-2.739240909500000143e+01,-3.290177980800000057e+01,-1.833280087500000022e+01
1.979989989999999977e+01,-4.667434868000000137e+01,-6.503134487600000568e+01,-2.118802809800000020e+01,-3.174844403499999856e+01,-5.438038578999999828e+01
1.981990990999999980e+01,-3.920058760999999947e+01,-3.279004763599999706e+01,-1.025491315100000023e+01,-1.931593909300000078e+01,-2.640913865599999966e+01
1.983991991999999982e+01,-3.656530815299999659e+01,-4.091975454300000337e+01,-2.793694477100000029e+01,-4.656995774300000335e+01,-3.539487992899999824e+01
1.985992992999999984e+01,-6.649417329700000323e+01,-5.143779961900000330e+01,-2.459764198699999938e+01,-3.806224305799999996e+01,-3.578763777700000048e+01
1.987993993999999986e+01,-2.894343465000000037e+01,-3.674168305999999973e+01,-2.806784756700000116e+01,-3.819203798099999858e+01,-2.358282737800000106e+01
1.989994994999999989e+01,-6.949488297599999953e+01,-4.788097902900000236e+01,-2.882696245900000065e+01,-3.477307518500000327e+01,-3.861839176899999870e+01
1.991995995999999991e+01,-4.131959258100000199e+01,-4.444215069900000259e+01,-7.335415718000000140e+00,-8.153388552999999206e+00,-1.897412018600000039e+01
1.993996996999999993e+01,-3.213693729999999960e+01,-3.124774474399999846e+01,-3.030922289300000116e+01,-2.986378398200000106e+01,-3.230749745199999978e+01
1.995997997999999995e+01,-4.101904459499999689e+01,-4.200996349100000060e+01,-3.255747025600000200e+01,-3.557193305599999888e+01,-3.951920981399999988e+01
1.997998998999999998e+01,-4.550779619499999740e+01,-5.933209106399999655e+01,-3.524484475999999944e+01,-3.494072119599999837e+01,-4.005542804800000312e+01
2.000000000000000000e+01,-2.189388210899999976e+01,-3.330919119600000045e+01,-3.481288158600000315e+01,-3.307260693900000348e+01,-2.815264795999999947e+01
