freq_GHz,S21_dB,S31_dB,S41_dB,S51_dB,S61_dB
1.000000000000000021e-02,-7.627870974900000078e+01,-8.288145024199999966e+01,-6.703357990599999994e+01,-7.257053511099999810e+01,-7.677199700500000290e+01
3.001001001000000099e-02,-8.178192122100000461e+01,-8.313574448999999333e+01,-8.145672438399999749e+01,-7.761802451399999825e+01,-7.093467459800000086e+01
5.002002002000000003e-02,-7.710736223099999620e+01,-8.285880853899999465e+01,-7.903196221299999991e+01,-8.352533946600000547e+01,-8.042751678300000151e+01
7.003003002999999560e-02,-9.351935387199999639e+01,-7.843300666099999319e+01,-7.535646475299999736e+01,-8.614562204400000667e+01,-8.853053419799999801e+01
9.004004004000000505e-02,-7.950816247699999906e+01,-8.456534628199999304e+01,-8.246172659600000543e+01,-8.517625638100000174e+01,-9.117771385000000350e+01
1.100500500500000006e-01,-8.934511922599999423e+01,-7.915000319799999318e+01,-8.661412665299999958e+01,-9.457808610700000429e+01,-8.200450344200000075e+01
1.300600600600000101e-01,-8.158770318000000543e+01,-8.222565912100000673e+01,-8.416309953900000096e+01,-7.755004368599999509e+01,-8.140998801000000640e+01
1.500700700700000056e-01,-8.009360122600000409e+01,-7.592557445399999949e+01,-7.947248426400000199e+01,-8.269979001999999468e+01,-8.103079540900000666e+01
1.700800800800000012e-01,-7.916850526000000343e+01,-8.246571863500000177e+01,-8.059519254999999305e+01,-8.059279577600000266e+01,-7.970337785799999608e+01
1.900900900899999968e-01,-8.083109875799999600e+01,-7.983778875400000175e+01,-8.334762288299999966e+01,-8.081201135099999533e+01,-7.400248461900000052e+01
2.101001000999999924e-01,-8.164623223799999607e+01,-9.918309800100000473e+01,-7.612036055000000090e+01,-8.245571100499999773e+01,-9.274351478399999849e+01
2.301101101100000157e-01,-7.663421748899999386e+01,-7.478599876100000188e+01,-7.737064800100000639e+01,-7.832619017700000086e+01,-8.924157508700000108e+01
2.501201201200000113e-01,-7.594168971099999510e+01,-8.058768995699999493e+01,-8.415481205300000056e+01,-7.768482880899999543e+01,-8.022403407500000583e+01
2.701301301299999791e-01,-8.085971607099999403e+01,-7.625827869399999770e+01,-7.990943604900000707e+01,-7.818540375899999617e+01,-8.489782930200000521e+01
2.901401401400000024e-01,-7.619666020500000059e+01,-8.062444022399999710e+01,-8.517075003899999786e+01,-7.231001061800000684e+01,-8.144447071999999821e+01
3.101501501499999702e-01,-9.561538520899999583e+01,-6.913104595999999447e+01,-8.061413544399999864e+01,-8.724621581300000628e+01,-7.873773565400000507e+01
3.301601601600000491e-01,-7.682969711100000154e+01,-7.895840196700000035e+01,-8.682180432500000222e+01,-8.029487706199999764e+01,-7.903730059299999766e+01
3.501701701700000169e-01,-7.839091267599999924e+01,-8.351416974900000412e+01,-8.061225503299999673e+01,-8.581655374199999642e+01,-7.218381746100000385e+01
3.701801801799999847e-01,-7.434487282199999925e+01,-7.530030200599999546e+01,-7.791391746200000057e+01,-8.671255835300000570e+01,-7.239605803599999945e+01
3.901901901900000080e-01,-8.282309860899999876e+01,-8.404605487199999914e+01,-6.989212825500000292e+01,-8.537452352299999347e+01,-7.154176890700000513e+01
4.102002001999999758e-01,-7.192381874900000582e+01,-8.115306546499999740e+01,-7.173817648399999314e+01,-7.117849612199999854e+01,-6.947904403699999420e+01
4.302102102099999992e-01,-7.699542196100000524e+01,-7.732239152399999682e+01,-7.224923246400000210e+01,-8.970192785099999355e+01,-8.227077756399999942e+01
4.502202202200000225e-01,-7.708291993500000672e+01,-7.729312070800000356e+01,-7.490530058400000257e+01,-7.834905104599999959e+01,-7.389153068000000246e+01
4.702302302300000458e-01,-8.101244953699999485e+01,-7.502404963399999360e+01,-8.792840010499999437e+01,-7.366363339999999482e+01,-7.240293817699999579e+01
4.902402402400000136e-01,-8.518776088500000299e+01,-8.666400372500000060e+01,-7.034528539500000477e+01,-7.418114404199999967e+01,-6.864139823799999363e+01
5.102502502500000370e-01,-7.742237501399999644e+01,-7.460673304099999825e+01,-7.996712441200000399e+01,-8.070610090399999592e+01,-6.950887237199999902e+01
5.302602602599999493e-01,-7.180434657099999640e+01,-8.557755394699999840e+01,-7.314610051799999724e+01,-7.192822319100000072e+01,-6.655406068800000696e+01
5.502702702699999726e-01,-8.004375900799999499e+01,-7.682756543600000043e+01,-7.144071003999999903e+01,-7.414717808599999671e+01,-6.221207917000000265e+01
5.702802802799999959e-01,-6.731970828100000404e+01,-6.854800415799999769e+01,-6.759431118199999844e+01,-7.045015621899999303e+01,-6.189429932299999848e+01
5.902902902899999082e-01,-8.225853877299999795e+01,-8.262105329400000642e+01,-6.511316527600000370e+01,-7.641458318600000155e+01,-5.670706055899999853e+01
6.103003002999999316e-01,-7.023957957099999305e+01,-8.577657813099999373e+01,-6.411396439499999644e+01,-6.865825776200000519e+01,-5.803442200700000342e+01
6.303103103099999549e-01,-6.734561981400000263e+01,-7.677163563199999885e+01,-6.141500075599999775e+01,-7.052172626799999477e+01,-5.375957761000000090e+01
6.503203203200000893e-01,-7.199993408800000338e+01,-6.698937635800000123e+01,-5.725987552600000186e+01,-6.872727353099999448e+01,-5.078939184499999726e+01
6.703303303300000016e-01,-7.173796632100000181e+01,-6.528519047700000044e+01,-5.702603529400000326e+01,-7.446961612900000205e+01,-4.951448400400000338e+01
6.903403403400000249e-01,-7.603188123699999323e+01,-6.292188291800000144e+01,-5.559093626800000010e+01,-6.486358064399999535e+01,-4.885143398299999973e+01
7.103503503500000482e-01,-6.415326354699999456e+01,-7.622344744400000138e+01,-5.460153413599999794e+01,-7.569994005399999537e+01,-4.786700842300000147e+01
7.303603603599999605e-01,-5.872946378000000323e+01,-6.575128336599999557e+01,-5.413976531499999822e+01,-7.537451783699999908e+01,-4.716934722100000243e+01
7.503703703699999839e-01,-5.953057989300000230e+01,-7.301598123899999848e+01,-5.201941181299999784e+01,-8.425878433600000506e+01,-4.560256118600000264e+01
7.703803803800000072e-01,-5.952839795300000247e+01,-6.003140934900000047e+01,-5.107084519000000000e+01,-7.184108183899999744e+01,-4.558130117399999648e+01
7.903903903900000305e-01,-5.814370545199999896e+01,-5.832317119500000047e+01,-5.094437784899999855e+01,-8.113715770199999611e+01,-4.559141264400000182e+01
8.104004003999999428e-01,-6.085376502900000162e+01,-5.705971383699999677e+01,-5.104341592499999791e+01,-6.420277565199999970e+01,-4.541318611999999888e+01
8.304104104099999661e-01,-5.424156141000000275e+01,-5.635014155799999713e+01,-5.132005037100000067e+01,-6.449300970599999516e+01,-4.469042846899999688e+01
8.504204204199999895e-01,-5.466120465099999848e+01,-5.550614527799999820e+01,-5.010198193200000105e+01,-6.303614031200000056e+01,-4.418989196399999742e+01
8.704304304299999018e-01,-5.320335483699999912e+01,-5.570352566300000063e+01,-5.008517105399999991e+01,-6.619713457299999959e+01,-4.317502918099999931e+01
8.904404404400000361e-01,-5.396681845100000174e+01,-5.620225979300000319e+01,-4.895092847699999794e+01,-6.439963644099999840e+01,-4.250218301299999979e+01
9.104504504500000595e-01,-5.259419930100000329e+01,-5.900984067499999952e+01,-4.850663654800000302e+01,-6.686877508599999942e+01,-4.190045212999999791e+01
9.304604604600000828e-01,-5.351866645399999811e+01,-5.960647015199999998e+01,-4.834279513100000258e+01,-6.256310402399999759e+01,-4.183221076499999924e+01
9.504704704699999951e-01,-5.364402774799999918e+01,-6.175081076000000024e+01,-4.866947067899999979e+01,-6.576466023599999744e+01,-4.252714181200000354e+01
9.704804804800000184e-01,-5.587530710699999759e+01,-6.067949088000000302e+01,-4.970226880900000310e+01,-6.665620855699999936e+01,-4.358648073799999878e+01
9.904904904900000417e-01,-5.790515323999999708e+01,-6.183116497900000041e+01,-4.899326245099999966e+01,-6.993538414699999350e+01,-4.468914151999999973e+01
1.010500500500000065e+00,-5.879081577699999883e+01,-6.408869647699999916e+01,-4.895580866000000242e+01,-6.847719807500000400e+01,-4.518854356399999972e+01
1.030510510500000088e+00,-6.034532511399999777e+01,-6.317276305000000036e+01,-4.999170286799999730e+01,-7.259619100000000458e+01,-4.540712148299999740e+01
1.050520520500000110e+00,-6.152916635700000114e+01,-6.446735308600000280e+01,-4.967909362700000031e+01,-7.271543945899999528e+01,-4.403109221100000070e+01
1.070530530499999911e+00,-6.279028327099999984e+01,-6.670787163599999303e+01,-4.920432407599999891e+01,-6.344682846300000278e+01,-4.401034339400000306e+01
1.090540540499999933e+00,-6.320346182099999766e+01,-6.339018319299999860e+01,-5.021834876199999798e+01,-6.285085065599999865e+01,-4.381058103099999812e+01
1.110550550599999964e+00,-6.735936372899999469e+01,-6.208036317199999843e+01,-4.835613712199999981e+01,-6.745713139599999408e+01,-4.265802911099999761e+01
1.130560560599999986e+00,-6.759280184300000371e+01,-6.663797669299999882e+01,-4.778488509900000025e+01,-6.566547746400000563e+01,-4.223834714000000190e+01
1.150570570600000009e+00,-7.297157519300000672e+01,-6.782581437100000699e+01,-4.878822869599999734e+01,-6.934823600599999338e+01,-4.146194328600000034e+01
1.170580580599999809e+00,-6.851139533799999981e+01,-6.089504930599999710e+01,-4.759116400399999947e+01,-6.696968083500000546e+01,-4.158862620099999674e+01
1.190590590599999832e+00,-6.796141651199999956e+01,-6.401306304899999589e+01,-4.776879533000000322e+01,-7.462625807499999553e+01,-4.206412714799999719e+01
1.210600600599999854e+00,-6.736365869799999473e+01,-5.923703270299999701e+01,-4.747326118400000183e+01,-7.129558388200000252e+01,-4.116451920800000153e+01
1.230610610599999877e+00,-6.747343779899999561e+01,-6.279866349899999989e+01,-4.694668414099999865e+01,-6.172319414900000112e+01,-4.054538685200000003e+01
1.250620620599999899e+00,-6.997738226399999917e+01,-6.433304989399999840e+01,-4.649857382300000097e+01,-6.391974230200000306e+01,-3.926421503200000274e+01
1.270630630599999922e+00,-7.596363488800000141e+01,-6.166711814199999964e+01,-4.508241172599999658e+01,-5.992846377000000047e+01,-3.875755799400000257e+01
1.290640640599999944e+00,-6.575449470700000631e+01,-7.200584702400000481e+01,-4.340522905899999984e+01,-5.504724912399999681e+01,-3.808755080600000298e+01
1.310650650699999975e+00,-6.183843835300000080e+01,-6.651768400699999972e+01,-4.273205815899999749e+01,-5.649206680799999702e+01,-3.799722632099999942e+01
1.330660660699999998e+00,-5.927169397899999836e+01,-6.090291767000000078e+01,-4.311860102400000017e+01,-5.566652848100000028e+01,-3.791016825500000209e+01
1.350670670700000020e+00,-5.492645080900000210e+01,-5.817157550000000299e+01,-4.393067443999999711e+01,-5.784636543799999941e+01,-3.712679134599999742e+01
1.370680680700000043e+00,-6.121128498699999909e+01,-5.734757419000000311e+01,-4.408592282699999743e+01,-5.707849760199999878e+01,-3.624585554000000087e+01
1.390690690700000065e+00,-6.235102976099999950e+01,-5.648707881699999689e+01,-4.278919042199999723e+01,-5.601664304599999866e+01,-3.526419677500000205e+01
1.410700700700000088e+00,-5.781698859600000162e+01,-5.876334948400000258e+01,-4.140506935300000180e+01,-5.468259951400000318e+01,-3.480149788300000324e+01
1.430710710700000110e+00,-6.086091698900000324e+01,-5.587479490700000184e+01,-3.990672624100000121e+01,-5.423213538899999975e+01,-3.375201989499999655e+01
1.450720720700000133e+00,-6.422481021900000542e+01,-6.067610808399999911e+01,-3.902783794599999823e+01,-5.525477581700000229e+01,-3.292427086099999656e+01
1.470730730700000155e+00,-6.006382341900000199e+01,-5.699191509300000291e+01,-3.898043725600000187e+01,-5.757789733100000262e+01,-3.224132309600000212e+01
1.490740740699999956e+00,-5.202337800400000134e+01,-6.642500299200000313e+01,-3.856300298099999679e+01,-5.898423072599999983e+01,-3.154808931299999841e+01
1.510750750799999986e+00,-5.200220216999999678e+01,-5.190917360499999944e+01,-3.685812901500000294e+01,-6.138599508600000121e+01,-3.093318227700000023e+01
1.530760760800000009e+00,-5.310463126599999839e+01,-5.251684576099999902e+01,-3.529925020600000352e+01,-6.507495435900000302e+01,-3.007621091200000052e+01
1.550770770800000031e+00,-5.220871519199999966e+01,-5.545943631000000096e+01,-3.442082312699999846e+01,-6.447088860300000590e+01,-2.937882620299999914e+01
1.570780780800000054e+00,-5.557012545399999937e+01,-5.350855949299999992e+01,-3.363420486500000095e+01,-6.027318522099999853e+01,-2.886542740999999879e+01
1.590790790799999854e+00,-5.296381946700000043e+01,-6.209324015699999677e+01,-3.311870446199999662e+01,-6.085988260599999933e+01,-2.892375746600000141e+01
1.610800800799999877e+00,-5.161067757000000000e+01,-5.673550465800000353e+01,-3.295921305200000262e+01,-5.701421341399999676e+01,-2.885274681599999980e+01
1.630810810799999899e+00,-4.710769556399999658e+01,-5.147673136499999913e+01,-3.208828711900000030e+01,-5.491088111999999910e+01,-2.882981473199999911e+01
1.650820820799999922e+00,-4.504176729899999998e+01,-5.102467696600000124e+01,-3.148136021499999870e+01,-5.386292203899999720e+01,-2.865530991199999988e+01
1.670830830799999944e+00,-4.416548648100000207e+01,-6.083242078699999666e+01,-3.090340694300000024e+01,-5.169975225999999680e+01,-2.841381789000000069e+01
1.690840840799999967e+00,-4.285338234700000015e+01,-5.449321312499999692e+01,-3.029165332799999888e+01,-5.475683891999999986e+01,-2.839590875900000100e+01
1.710850850899999998e+00,-4.261917954100000117e+01,-4.883538986300000317e+01,-2.928030645400000154e+01,-5.949567769000000084e+01,-2.803992054800000133e+01
1.730860860900000020e+00,-4.270149040999999812e+01,-4.862385881499999840e+01,-2.928522571599999935e+01,-5.446532414800000055e+01,-2.757922750799999889e+01
1.750870870900000043e+00,-4.459779319199999748e+01,-5.590622159600000174e+01,-3.075024385500000079e+01,-5.098930014500000141e+01,-2.678528398599999960e+01
1.770880880900000065e+00,-4.434114603500000129e+01,-5.512797639000000061e+01,-3.084474972099999945e+01,-4.976239084099999843e+01,-2.687488920599999886e+01
1.790890890900000088e+00,-4.464785953399999840e+01,-5.432654950900000301e+01,-3.119918283699999861e+01,-5.400171678299999911e+01,-2.691473981000000038e+01
1.810900900900000110e+00,-4.522447282200000274e+01,-5.795782250100000255e+01,-3.192838473699999824e+01,-5.467061289200000118e+01,-2.761076920400000034e+01
1.830910910900000133e+00,-4.799544546799999978e+01,-6.530312791999999433e+01,-3.225310626499999955e+01,-5.388124727499999977e+01,-2.883941303599999983e+01
1.850920920900000155e+00,-5.008798747600000212e+01,-5.963093172199999970e+01,-3.286212293199999834e+01,-5.475028061100000087e+01,-2.956786452800000120e+01
1.870930930900000178e+00,-5.265196583899999894e+01,-5.751250815099999869e+01,-3.334792051099999810e+01,-5.487724713499999751e+01,-3.053072273600000131e+01
1.890940940900000200e+00,-5.455511915499999986e+01,-6.686319400399999324e+01,-3.351233559700000342e+01,-6.077123399799999959e+01,-3.105819715200000175e+01
1.910950951000000009e+00,-5.849207262899999904e+01,-6.036057931599999904e+01,-3.342920058299999653e+01,-5.801191313799999705e+01,-3.167755997300000104e+01
1.930960961000000031e+00,-5.709101689100000243e+01,-5.494449348199999861e+01,-3.320041494299999840e+01,-5.753795378899999946e+01,-3.156788266799999931e+01
1.950970971000000054e+00,-5.443977172099999962e+01,-5.383032198000000079e+01,-3.347735510799999759e+01,-5.487184357000000290e+01,-3.119096045499999903e+01
1.970980981000000076e+00,-5.399482005099999782e+01,-5.507236078100000043e+01,-3.341699535499999740e+01,-5.772373059000000239e+01,-3.074448818200000133e+01
1.990990991000000099e+00,-5.139296632100000295e+01,-5.645704263100000020e+01,-3.329712636699999706e+01,-5.728242737200000079e+01,-3.029315688599999845e+01
2.011001000999999899e+00,-5.181801317200000057e+01,-6.129113599600000128e+01,-3.325013268600000060e+01,-5.761383876299999685e+01,-2.980335558799999873e+01
2.031011010999999922e+00,-5.056925840800000316e+01,-5.399501134599999830e+01,-3.326582071800000051e+01,-5.829066781600000269e+01,-2.953109377499999866e+01
2.051021020999999944e+00,-4.998804091699999930e+01,-5.250391898800000234e+01,-3.307413506200000342e+01,-5.588575456099999883e+01,-2.944685197500000129e+01
2.071031030999999967e+00,-5.098558222300000153e+01,-5.074082070899999763e+01,-3.319034290199999759e+01,-6.228015186300000039e+01,-2.952519340099999923e+01
2.091041040999999989e+00,-5.312299282099999687e+01,-5.037539962299999985e+01,-3.326039742399999710e+01,-6.172327437300000241e+01,-2.940257978400000027e+01
2.111051051100000020e+00,-5.089178754000000282e+01,-4.961971511800000201e+01,-3.327183816800000216e+01,-5.488301452200000341e+01,-2.939107903900000096e+01
2.131061061100000043e+00,-4.988545736700000077e+01,-4.949124190999999939e+01,-3.329702868500000079e+01,-5.346974664799999744e+01,-2.965914999600000002e+01
2.151071071100000065e+00,-4.901800081500000061e+01,-4.969403566900000158e+01,-3.330209393399999840e+01,-5.297498917899999782e+01,-2.983734521399999906e+01
2.171081081100000088e+00,-4.979439003299999911e+01,-5.101576865700000241e+01,-3.316051233499999995e+01,-5.087213762799999728e+01,-3.012516197400000095e+01
2.191091091100000110e+00,-4.976003302699999864e+01,-5.389946148199999953e+01,-3.251258002699999849e+01,-5.036896502399999775e+01,-3.071241887600000098e+01
2.211101101099999688e+00,-4.826543555100000304e+01,-5.461050847599999969e+01,-3.257259784699999727e+01,-5.373191770199999695e+01,-3.146226385299999961e+01
2.231111111099999711e+00,-4.742929604399999732e+01,-5.280944331900000321e+01,-3.251470730799999842e+01,-5.548667653799999755e+01,-3.185933245900000088e+01
2.251121121099999733e+00,-4.908308299800000185e+01,-5.442106284700000174e+01,-3.267066247599999684e+01,-6.040718784999999968e+01,-3.165325959100000119e+01
2.271131131099999756e+00,-4.914098882399999724e+01,-5.732010501700000304e+01,-3.248857953699999968e+01,-6.030670147200000031e+01,-3.166216972499999827e+01
2.291141141099999778e+00,-4.948865694700000262e+01,-5.555904584499999999e+01,-3.299664071600000170e+01,-6.154303537599999885e+01,-3.175872784199999899e+01
2.311151151199999809e+00,-5.243099423799999670e+01,-5.348937481000000105e+01,-3.297563632800000022e+01,-6.846205248200000426e+01,-3.144606369999999984e+01
2.331161161199999832e+00,-5.207751086900000104e+01,-5.138296364899999702e+01,-3.285873819700000098e+01,-6.096099446499999885e+01,-3.067287124699999978e+01
2.351171171199999854e+00,-5.420187209499999881e+01,-4.968965180499999690e+01,-3.233953255000000127e+01,-5.641451120400000008e+01,-2.992291866300000081e+01
2.371181181199999877e+00,-5.186796191900000252e+01,-4.792896846499999697e+01,-3.174738851600000089e+01,-5.652148854600000050e+01,-2.905564803800000107e+01
2.391191191199999899e+00,-5.058831972299999791e+01,-4.916211910900000248e+01,-3.150410409499999886e+01,-5.549164427800000254e+01,-2.798572869699999899e+01
2.411201201199999922e+00,-5.007549686299999792e+01,-5.022631278899999785e+01,-3.136003858000000122e+01,-5.447904387799999881e+01,-2.730210492200000161e+01
2.431211211199999944e+00,-5.092137517100000110e+01,-5.247769942499999729e+01,-3.116373409899999913e+01,-5.411872117600000109e+01,-2.707312373799999961e+01
2.451221221199999967e+00,-4.886441720100000197e+01,-5.329617014600000147e+01,-3.069336252600000137e+01,-5.585916108699999683e+01,-2.711251173000000136e+01
2.471231231199999989e+00,-4.895923938300000344e+01,-5.197708647000000326e+01,-3.087262479199999987e+01,-6.286837565999999811e+01,-2.725678055099999852e+01
2.491241241200000012e+00,-4.963605959099999865e+01,-5.000822470899999672e+01,-3.058146975000000012e+01,-6.363583410900000104e+01,-2.741167813399999886e+01
2.511251251300000042e+00,-5.064681427800000080e+01,-4.869144057599999798e+01,-3.099047363200000049e+01,-5.767412625200000065e+01,-2.765855664600000097e+01
2.531261261300000065e+00,-4.987253124499999757e+01,-5.275102667200000184e+01,-3.183217842499999861e+01,-6.341522748700000278e+01,-2.806572064699999913e+01
2.551271271300000087e+00,-5.189046316099999956e+01,-5.233886829499999749e+01,-3.197536791099999931e+01,-5.652983684699999856e+01,-2.836226937200000009e+01
2.571281281300000110e+00,-5.346708496400000143e+01,-5.260887748599999725e+01,-3.193051575699999844e+01,-6.012159476200000086e+01,-2.899700495600000139e+01
2.591291291300000132e+00,-5.894759455100000167e+01,-4.954599788400000193e+01,-3.249506413200000310e+01,-6.150316099599999831e+01,-2.966575744900000089e+01
2.611301301300000155e+00,-6.141507673000000267e+01,-4.780422278399999669e+01,-3.263325772299999983e+01,-5.769734107800000089e+01,-3.024200397699999954e+01
2.631311311300000177e+00,-6.734569682599999396e+01,-4.812840976999999754e+01,-3.262328809899999982e+01,-5.817127641100000091e+01,-3.084527158499999899e+01
2.651321321300000200e+00,-6.255477230099999986e+01,-4.803970573899999863e+01,-3.297272946399999682e+01,-5.752138280199999798e+01,-3.157018578099999928e+01
2.671331331300000222e+00,-6.025174892799999782e+01,-4.867630874500000004e+01,-3.305115230500000223e+01,-5.671348367000000223e+01,-3.220863798999999972e+01
2.691341341300000245e+00,-5.911772121100000277e+01,-4.900754608700000148e+01,-3.287480493399999659e+01,-5.406632021000000066e+01,-3.297313896600000049e+01
2.711351351400000276e+00,-6.130691639700000195e+01,-5.030186529200000223e+01,-3.282817771799999917e+01,-5.749893072500000102e+01,-3.361998332400000322e+01
2.731361361400000298e+00,-5.877040650699999702e+01,-5.094057550600000184e+01,-3.309279665900000111e+01,-5.873800483699999830e+01,-3.380142357599999769e+01
2.751371371399999877e+00,-6.132114677500000255e+01,-5.099784268799999865e+01,-3.308772632400000191e+01,-6.025712753199999838e+01,-3.342845279499999833e+01
2.771381381399999899e+00,-6.756806301400000336e+01,-5.257724731300000087e+01,-3.310817386899999804e+01,-6.279625585200000160e+01,-3.328606347600000248e+01
2.791391391399999922e+00,-5.758282019100000326e+01,-5.595654453499999903e+01,-3.278092000600000233e+01,-6.658786819899999898e+01,-3.334545185799999700e+01
2.811401401399999944e+00,-5.475197583100000287e+01,-5.690914838399999809e+01,-3.294453520500000110e+01,-6.310755602399999731e+01,-3.348380559400000323e+01
2.831411411399999967e+00,-5.320471126999999711e+01,-5.772504628400000115e+01,-3.259279632700000207e+01,-6.988296438599999760e+01,-3.369326813299999657e+01
2.851421421399999989e+00,-5.732674158700000078e+01,-5.501993991900000225e+01,-3.218529847899999652e+01,-6.175658183800000245e+01,-3.421258513499999765e+01
2.871431431400000012e+00,-5.328186762299999657e+01,-6.298661993099999989e+01,-3.173038185100000064e+01,-6.264935150400000197e+01,-3.491693549299999688e+01
2.891441441400000034e+00,-5.158103920300000311e+01,-6.668974758699999938e+01,-3.137864927600000087e+01,-6.030860000399999876e+01,-3.567562634299999758e+01
2.911451451500000065e+00,-5.188305196700000010e+01,-6.546954148000000373e+01,-3.153741801600000016e+01,-5.583633228800000126e+01,-3.605929858999999738e+01
2.931461461500000087e+00,-4.992989944499999666e+01,-6.988332426700000610e+01,-3.140174085499999990e+01,-6.216940607499999771e+01,-3.603236886900000258e+01
2.951471471500000110e+00,-4.860994059400000111e+01,-5.828436326799999989e+01,-3.128608614599999882e+01,-6.336342639400000110e+01,-3.612935846500000281e+01
2.971481481500000132e+00,-4.841740532899999749e+01,-6.235724434899999835e+01,-3.087881705599999904e+01,-5.811122429800000333e+01,-3.599999127899999962e+01
2.991491491500000155e+00,-5.078764251700000187e+01,-5.600860101699999660e+01,-3.069343088100000116e+01,-6.151337880799999880e+01,-3.579261650699999819e+01
3.011501501500000177e+00,-4.793132413600000064e+01,-5.375510927799999905e+01,-3.059963182599999953e+01,-5.968258193100000142e+01,-3.526323366399999770e+01
3.031511511500000200e+00,-4.669116254200000071e+01,-6.286272704999999661e+01,-3.035708360299999953e+01,-5.845103689999999830e+01,-3.453775369099999892e+01
3.051521521499999778e+00,-4.674535762400000038e+01,-6.021591170899999668e+01,-3.030285963900000112e+01,-5.215161313099999774e+01,-3.389701752100000220e+01
3.071531531499999801e+00,-4.654580451599999691e+01,-6.119740139099999965e+01,-3.018514181000000107e+01,-5.770027248400000275e+01,-3.281826516800000348e+01
3.091541541499999823e+00,-4.574703408500000279e+01,-6.196059687599999677e+01,-2.999840213599999927e+01,-5.449504724100000175e+01,-3.202408321499999744e+01
3.111551551599999854e+00,-4.666242568199999852e+01,-5.213940687000000196e+01,-2.955134922299999900e+01,-5.856875937499999907e+01,-3.118801739199999901e+01
3.131561561599999877e+00,-4.527908918899999691e+01,-5.454637238000000110e+01,-2.939804769299999876e+01,-5.569289652399999824e+01,-3.039945786899999902e+01
3.151571571599999899e+00,-4.465283793300000070e+01,-5.296600490000000150e+01,-2.936791022899999959e+01,-5.292631729299999677e+01,-2.990741899700000062e+01
3.171581581599999922e+00,-4.511897166400000003e+01,-5.052244681900000245e+01,-2.902630474100000058e+01,-5.453432571999999823e+01,-2.891880922300000023e+01
3.191591591599999944e+00,-4.614573538900000216e+01,-4.961801381400000110e+01,-2.890604501700000029e+01,-5.438851559599999774e+01,-2.836414720999999872e+01
3.211601601599999967e+00,-4.607323801300000099e+01,-4.894089294300000148e+01,-2.861327859500000059e+01,-5.594629824300000109e+01,-2.789625659700000071e+01
3.231611611599999989e+00,-4.468610299800000263e+01,-4.975193847300000272e+01,-2.840178197699999885e+01,-5.579997674599999868e+01,-2.724300101500000082e+01
3.251621621600000012e+00,-4.522774453600000300e+01,-4.943686601299999950e+01,-2.829199602499999955e+01,-5.525584807199999915e+01,-2.673941157899999865e+01
3.271631631600000034e+00,-4.288535123799999838e+01,-4.921391223199999843e+01,-2.812302581699999848e+01,-5.572904277600000000e+01,-2.610652340300000063e+01
3.291641641600000057e+00,-4.245858470200000312e+01,-4.975091267500000214e+01,-2.798403441700000016e+01,-5.456656502500000272e+01,-2.562250233500000007e+01
3.311651651699999643e+00,-4.192680323100000095e+01,-5.048615403699999860e+01,-2.789846346799999921e+01,-5.563890752900000081e+01,-2.514450670900000162e+01
3.331661661699999666e+00,-4.123144210000000243e+01,-5.031432976300000348e+01,-2.789960858899999963e+01,-5.551725869599999896e+01,-2.500849428500000116e+01
3.351671671699999688e+00,-4.110978868899999839e+01,-5.091532783800000317e+01,-2.763775621799999982e+01,-6.003282691500000112e+01,-2.475019411499999933e+01
3.371681681699999711e+00,-4.057927498200000116e+01,-5.423187984500000169e+01,-2.775178813400000166e+01,-5.573656365000000079e+01,-2.456272349500000018e+01
3.391691691699999733e+00,-4.210095583300000044e+01,-5.262671402499999829e+01,-2.790493330600000021e+01,-5.596743309600000060e+01,-2.435843030199999859e+01
3.411701701699999756e+00,-4.138080066100000209e+01,-5.571758283100000142e+01,-2.792792173100000142e+01,-5.676044909800000227e+01,-2.419245160699999886e+01
3.431711711699999778e+00,-4.189812249900000296e+01,-5.018038167499999957e+01,-2.805510524199999978e+01,-5.356993618599999962e+01,-2.384731680000000154e+01
3.451721721699999801e+00,-4.302165034600000126e+01,-4.755281126900000288e+01,-2.811110603499999883e+01,-5.822563383199999976e+01,-2.343805811100000014e+01
3.471731731699999823e+00,-4.106234236000000237e+01,-5.024321477200000174e+01,-2.809883717700000005e+01,-5.452742543899999816e+01,-2.308834113200000004e+01
3.491741741699999846e+00,-4.108175499499999717e+01,-5.527006193199999728e+01,-2.822461140400000090e+01,-5.597685576199999957e+01,-2.289616464699999909e+01
3.511751751800000321e+00,-4.058065263700000003e+01,-5.375771333299999810e+01,-2.827277978900000122e+01,-5.455426659999999828e+01,-2.245883208500000094e+01
3.531761761800000343e+00,-4.061298740200000168e+01,-5.017996895899999998e+01,-2.820590934299999830e+01,-5.834422907599999775e+01,-2.219649730500000118e+01
3.551771771800000366e+00,-3.950627411499999653e+01,-4.953771705199999786e+01,-2.851763802400000003e+01,-5.492315492000000177e+01,-2.200907688899999926e+01
3.571781781800000388e+00,-4.044254232499999802e+01,-5.697118847899999849e+01,-2.855208219300000039e+01,-6.271255232400000068e+01,-2.198162371600000142e+01
3.591791791800000411e+00,-3.926060875400000327e+01,-5.034072571899999815e+01,-2.838810441600000090e+01,-5.888357781300000227e+01,-2.192669648700000096e+01
3.611801801799999989e+00,-3.828330355899999660e+01,-4.967328136700000130e+01,-2.843718947700000044e+01,-5.778728453699999790e+01,-2.179396360799999854e+01
3.631811811800000012e+00,-3.771754281399999797e+01,-5.110307892499999838e+01,-2.853276052900000082e+01,-6.238726709200000187e+01,-2.188972647399999971e+01
3.651821821800000034e+00,-3.771689891900000191e+01,-5.141634148400000015e+01,-2.845732686299999870e+01,-6.360400530999999802e+01,-2.193875575499999897e+01
3.671831831800000057e+00,-3.744385142200000161e+01,-5.113803977799999956e+01,-2.828241073199999889e+01,-6.935585357399999396e+01,-2.192764598200000137e+01
3.691841841800000079e+00,-3.759806692499999770e+01,-4.842928571600000254e+01,-2.846823897899999878e+01,-5.410418268099999750e+01,-2.180054753800000000e+01
3.711851851900000110e+00,-3.775996992999999691e+01,-5.007910049099999839e+01,-2.882646744899999902e+01,-5.849417031099999775e+01,-2.189574366600000133e+01
3.731861861900000132e+00,-3.660899061100000296e+01,-4.877783254799999924e+01,-2.902543246100000118e+01,-6.278669022599999749e+01,-2.189617908299999982e+01
3.751871871900000155e+00,-3.682657746400000320e+01,-4.725529897599999885e+01,-2.914365242199999884e+01,-6.470247133099999814e+01,-2.216985148399999872e+01
3.771881881900000177e+00,-3.600602169399999752e+01,-5.065303896500000036e+01,-2.922673101899999892e+01,-6.546805254299999888e+01,-2.234864682799999969e+01
3.791891891900000200e+00,-3.670898698900000312e+01,-4.833172423700000309e+01,-2.948999962899999971e+01,-5.892764154599999671e+01,-2.257504431599999961e+01
3.811901901900000222e+00,-3.573553068599999705e+01,-4.469057675500000215e+01,-2.985413148299999975e+01,-5.907892136400000282e+01,-2.297589217100000170e+01
3.831911911900000245e+00,-3.617174682999999646e+01,-4.708294402899999653e+01,-2.998213711200000020e+01,-6.270010006900000121e+01,-2.314136948799999871e+01
3.851921921900000267e+00,-3.576136689399999824e+01,-4.722640357800000288e+01,-3.054236997499999973e+01,-7.038069342000000006e+01,-2.350007675299999832e+01
3.871931931900000290e+00,-3.604926104199999770e+01,-4.545926231899999692e+01,-3.114377046899999968e+01,-5.833717763300000314e+01,-2.377547838199999930e+01
3.891941941900000312e+00,-3.588991435500000193e+01,-4.580690114400000112e+01,-3.219479027100000224e+01,-6.034922419600000154e+01,-2.393486981899999932e+01
3.911951951999999899e+00,-3.510237965200000332e+01,-4.678463403500000339e+01,-3.281393791499999679e+01,-6.307274524700000029e+01,-2.402232863900000126e+01
3.931961961999999922e+00,-3.546582472699999755e+01,-4.904915231799999731e+01,-3.541109429400000153e+01,-5.523885763700000240e+01,-2.432611941000000044e+01
3.951971971999999944e+00,-3.515963270000000307e+01,-4.722544082400000320e+01,-3.706133584399999847e+01,-6.112221481699999970e+01,-2.461471905899999868e+01
3.971981981999999967e+00,-3.565478864199999975e+01,-4.862420107199999819e+01,-3.898467314999999900e+01,-7.535652159500000380e+01,-2.468709798000000077e+01
3.991991991999999989e+00,-3.590542304000000229e+01,-4.711834694200000229e+01,-4.036030573400000065e+01,-6.189494155599999914e+01,-2.481155696100000085e+01
4.012002002000000012e+00,-3.562840254900000048e+01,-4.572069180300000113e+01,-4.372119786999999747e+01,-6.405135989100000415e+01,-2.481951640699999828e+01
4.032012012000000034e+00,-3.566848310099999964e+01,-4.605765323499999653e+01,-4.675346947599999936e+01,-5.614942518099999802e+01,-2.518583292900000004e+01
4.052022022000000057e+00,-3.521319507900000190e+01,-4.561173055799999787e+01,-5.645766210600000079e+01,-6.337550634800000182e+01,-2.545244659900000173e+01
4.072032032000000079e+00,-3.610727622000000281e+01,-4.512242734400000188e+01,-5.472679349799999926e+01,-6.904048407599999848e+01,-2.576384342600000110e+01
4.092042042000000102e+00,-3.692371396600000111e+01,-4.394728203300000047e+01,-5.242804421999999676e+01,-6.363846828500000186e+01,-2.600250816499999829e+01
4.112052052100000132e+00,-3.702026002299999874e+01,-4.199894982699999701e+01,-5.326808762400000319e+01,-5.778824285400000349e+01,-2.600530586900000074e+01
4.132062062100000155e+00,-3.679867801299999996e+01,-4.199248671499999830e+01,-5.130795527200000095e+01,-5.727656976000000100e+01,-2.639311627600000065e+01
4.152072072100000177e+00,-3.794739629499999722e+01,-4.160158497199999772e+01,-4.893813733300000024e+01,-5.589084013200000101e+01,-2.652346122399999828e+01
4.172082082100000200e+00,-3.725644513799999658e+01,-4.496917720599999768e+01,-4.775197725000000304e+01,-5.814598966100000155e+01,-2.657333755999999880e+01
4.192092092100000222e+00,-3.799879566700000311e+01,-4.501598402500000162e+01,-5.056344452500000131e+01,-5.770420776200000290e+01,-2.703966983600000162e+01
4.212102102100000245e+00,-3.880832748800000331e+01,-4.405516822399999910e+01,-5.244365393199999659e+01,-5.555271414300000288e+01,-2.749618539800000150e+01
4.232112112100000267e+00,-3.816324680499999999e+01,-4.154064093299999882e+01,-6.073015106900000148e+01,-5.850321219300000308e+01,-2.777263497299999884e+01
4.252122122100000290e+00,-3.870675597399999646e+01,-4.085761999500000030e+01,-4.794889804000000311e+01,-6.015668674900000212e+01,-2.802930276900000095e+01
4.272132132100000312e+00,-3.991038032299999827e+01,-4.439805178299999966e+01,-5.286365758200000187e+01,-6.971754593999999372e+01,-2.806949432600000094e+01
4.292142142100000335e+00,-3.944418301599999666e+01,-4.239634729499999821e+01,-6.790614489399999343e+01,-6.622374307900000190e+01,-2.795380270600000117e+01
4.312152152199999477e+00,-3.885871109699999693e+01,-3.999806592299999863e+01,-5.045196862600000287e+01,-5.260422640699999874e+01,-2.808294496299999921e+01
4.332162162199999500e+00,-3.984406137900000289e+01,-3.988712494800000030e+01,-4.552051208999999687e+01,-6.462463213399999518e+01,-2.811154803299999827e+01
4.352172172199999522e+00,-3.971023416999999966e+01,-4.217067717599999810e+01,-4.509060449900000123e+01,-5.542529747300000054e+01,-2.814436105200000071e+01
4.372182182199999545e+00,-4.057527511100000339e+01,-4.003255929299999849e+01,-4.103797025000000076e+01,-6.541240186400000312e+01,-2.783775221499999830e+01
4.392192192199999567e+00,-4.188951377200000081e+01,-4.100453895799999771e+01,-4.310787368399999764e+01,-5.548756295799999805e+01,-2.791254474799999841e+01
4.412202202199999590e+00,-4.146126752499999668e+01,-4.151345103500000278e+01,-4.015423471599999772e+01,-6.527094515199999591e+01,-2.798230269000000092e+01
4.432212212199999612e+00,-4.170420050799999956e+01,-3.902219485700000234e+01,-3.769944526500000137e+01,-5.783672273999999902e+01,-2.816676321399999949e+01
4.452222222199999635e+00,-4.015362194499999760e+01,-3.824373098600000276e+01,-3.612389122599999780e+01,-6.314427353500000351e+01,-2.813562740800000128e+01
4.472232232199999657e+00,-4.053809382699999730e+01,-3.870807475600000203e+01,-3.522559486600000156e+01,-5.908021012500000069e+01,-2.858796579499999879e+01
4.492242242199999680e+00,-3.985351342900000304e+01,-3.877675804700000128e+01,-3.587502195199999733e+01,-5.352944612799999646e+01,-2.930989998600000135e+01
4.512252252300000599e+00,-4.083423770400000308e+01,-3.875374097600000312e+01,-3.419524376100000040e+01,-5.149946553600000243e+01,-2.985892311799999987e+01
4.532262262300000621e+00,-3.991439408200000116e+01,-3.682685867299999671e+01,-3.302636592000000348e+01,-5.458259941800000092e+01,-3.060034556300000119e+01
4.552272272299999756e+00,-3.864182171699999913e+01,-3.685964929499999698e+01,-3.195792685199999994e+01,-5.456632570400000048e+01,-3.159913393900000145e+01
4.572282282299999778e+00,-3.994978379999999873e+01,-3.719097278299999942e+01,-3.149963870699999902e+01,-4.884562078999999812e+01,-3.187645567199999874e+01
4.592292292299999801e+00,-3.833230111200000323e+01,-3.628975674400000173e+01,-3.085558869999999843e+01,-4.981984242800000118e+01,-3.305083413599999886e+01
4.612302302299999823e+00,-4.000431795000000079e+01,-3.617810803500000105e+01,-3.018380577299999956e+01,-5.011124279999999942e+01,-3.332402408400000127e+01
4.632312312299999846e+00,-3.765941437800000102e+01,-3.646251247000000006e+01,-2.862564796899999919e+01,-4.710825013099999836e+01,-3.356336914799999960e+01
4.652322322299999868e+00,-3.971147152399999669e+01,-3.496666148199999924e+01,-2.822081109200000171e+01,-5.254789160499999667e+01,-3.368571476700000034e+01
4.672332332299999891e+00,-3.892847355499999651e+01,-3.529039451999999955e+01,-2.757610312399999941e+01,-4.688108545099999702e+01,-3.337187592600000130e+01
4.692342342299999913e+00,-3.960142029800000074e+01,-3.454696041399999729e+01,-2.714024118400000063e+01,-4.901397289100000165e+01,-3.178314810899999898e+01
4.712352352399999944e+00,-4.159318984600000135e+01,-3.458281130099999956e+01,-2.716433119499999904e+01,-4.655105248600000323e+01,-3.110870381599999845e+01
4.732362362399999967e+00,-3.896053286099999724e+01,-3.537237569900000267e+01,-2.661307641699999849e+01,-4.625649135500000142e+01,-3.013403141299999888e+01
4.752372372399999989e+00,-3.943208355499999840e+01,-3.538281956699999853e+01,-2.606514239299999858e+01,-4.567235828199999759e+01,-2.929903028500000062e+01
4.772382382400000012e+00,-4.199342292099999696e+01,-3.493312302399999680e+01,-2.570595918400000102e+01,-4.498782507600000002e+01,-2.867605565399999890e+01
4.792392392400000034e+00,-3.941740400500000163e+01,-3.526367145500000078e+01,-2.537666172599999825e+01,-4.516338905899999645e+01,-2.844583335000000091e+01
4.812402402400000057e+00,-4.197420881499999723e+01,-3.555163908699999809e+01,-2.508184036300000130e+01,-4.317673376100000127e+01,-2.758916675700000098e+01
4.832412412399999191e+00,-4.248070695900000260e+01,-3.647396361100000206e+01,-2.513079662099999823e+01,-4.430586955599999754e+01,-2.755795331199999865e+01
4.852422422399999213e+00,-4.449476616599999801e+01,-3.682222100100000262e+01,-2.485537222299999982e+01,-4.443195250099999782e+01,-2.771978677199999908e+01
4.872432432399999236e+00,-4.251259625699999845e+01,-3.685472628400000161e+01,-2.455896110500000162e+01,-4.234033095400000235e+01,-2.777987445000000122e+01
4.892442442399999258e+00,-4.226099160700000112e+01,-3.641366609199999971e+01,-2.455604520300000004e+01,-4.339011465899999820e+01,-2.737188072000000005e+01
4.912452452500000177e+00,-4.381808260599999727e+01,-3.699913943300000341e+01,-2.426687116400000122e+01,-4.544151365100000106e+01,-2.739828201299999932e+01
4.932462462500000200e+00,-4.808405971599999873e+01,-3.700678309599999949e+01,-2.399255596900000143e+01,-4.393604267300000288e+01,-2.772308312599999880e+01
4.952472472500000222e+00,-4.463562533300000013e+01,-3.653353945199999941e+01,-2.398265551700000131e+01,-4.120267118999999667e+01,-2.779314373700000118e+01
4.972482482500000245e+00,-4.558273967800000293e+01,-3.720508828900000253e+01,-2.385961355599999933e+01,-4.260925183900000235e+01,-2.782086409500000102e+01
4.992492492500000267e+00,-4.293908725600000054e+01,-3.800160430599999728e+01,-2.373863733199999970e+01,-4.273048958999999769e+01,-2.773615865700000072e+01
5.012502502500000290e+00,-4.214723312299999947e+01,-3.700125218299999830e+01,-2.328940583900000050e+01,-4.254403515500000310e+01,-2.844761558200000096e+01
5.032512512500000312e+00,-4.283177786200000270e+01,-3.737618141400000127e+01,-2.324550518699999913e+01,-4.156096011999999718e+01,-2.840197545099999843e+01
5.052522522500000335e+00,-4.306741307699999766e+01,-3.647222280300000108e+01,-2.313868457999999961e+01,-4.112421768200000116e+01,-2.875086986299999836e+01
5.072532532500000357e+00,-4.253518705100000119e+01,-3.622821452299999834e+01,-2.298200639599999917e+01,-4.118728469199999864e+01,-2.848632969200000176e+01
5.092542542500000380e+00,-4.106658540499999788e+01,-3.546235788300000280e+01,-2.263152931000000123e+01,-4.140163015800000323e+01,-2.891828046599999880e+01
5.112552552600000411e+00,-4.042092284400000324e+01,-3.558708092199999840e+01,-2.251806939600000135e+01,-4.123603494099999978e+01,-2.905763740700000142e+01
5.132562562600000433e+00,-4.103657138500000201e+01,-3.462203990900000150e+01,-2.217921159699999833e+01,-4.101240920299999715e+01,-2.960228299499999949e+01
5.152572572600000456e+00,-4.327974845499999645e+01,-3.415108703899999654e+01,-2.208729863399999971e+01,-4.152282455299999953e+01,-2.972382940600000012e+01
5.172582582600000478e+00,-4.551069167400000026e+01,-3.388788608400000157e+01,-2.205863767299999978e+01,-4.432734267099999670e+01,-3.053608409799999990e+01
5.192592592600000501e+00,-4.119406356300000027e+01,-3.284870451100000111e+01,-2.205094225199999869e+01,-4.209249538600000307e+01,-3.113117274100000031e+01
5.212602602600000523e+00,-4.204902222599999817e+01,-3.272619861100000094e+01,-2.192597289700000118e+01,-4.079166590300000195e+01,-3.189179208999999915e+01
5.232612612600000546e+00,-4.243493377699999769e+01,-3.378844492900000063e+01,-2.174791705199999825e+01,-4.287274196100000268e+01,-3.188486648700000003e+01
5.252622622600000568e+00,-4.385803387299999656e+01,-3.258163463900000067e+01,-2.193674359399999929e+01,-4.099204586799999817e+01,-3.368231324100000279e+01
5.272632632600000591e+00,-4.634114149199999844e+01,-3.288693207200000046e+01,-2.180523391299999858e+01,-4.095172261599999786e+01,-3.385793833400000352e+01
5.292642642600000613e+00,-4.339679094499999934e+01,-3.355446796900000095e+01,-2.181149502699999942e+01,-4.323296342300000106e+01,-3.320843272999999840e+01
5.312652652699999756e+00,-4.440835513700000092e+01,-3.351636893300000253e+01,-2.185439539000000053e+01,-4.369446785400000266e+01,-3.380912482800000163e+01
5.332662662699999778e+00,-4.599700302299999777e+01,-3.333198999599999723e+01,-2.218460026600000035e+01,-4.082835646699999899e+01,-3.373070162300000163e+01
5.352672672699999801e+00,-4.960924571399999650e+01,-3.323729697600000321e+01,-2.213946096900000171e+01,-4.176063506500000244e+01,-3.499948825900000315e+01
5.372682682699999823e+00,-4.298192290800000137e+01,-3.396211545799999953e+01,-2.253332432999999924e+01,-4.281890006599999765e+01,-3.493129838400000153e+01
5.392692692699999846e+00,-4.822801592700000128e+01,-3.196020627200000064e+01,-2.296246726600000088e+01,-4.355539152800000124e+01,-3.647337496600000151e+01
5.412702702699999868e+00,-4.693968566099999862e+01,-3.259472958900000350e+01,-2.334203124800000140e+01,-4.260265038000000004e+01,-3.533568698900000271e+01
5.432712712699999891e+00,-5.153492901599999954e+01,-3.299588497700000289e+01,-2.388677183300000095e+01,-4.480316080099999709e+01,-3.585964045800000122e+01
5.452722722699999913e+00,-5.054046077699999984e+01,-3.137589240599999840e+01,-2.451276637500000177e+01,-4.424934785800000014e+01,-3.464909634899999702e+01
5.472732732699999936e+00,-4.854185096300000168e+01,-3.212106326800000033e+01,-2.537382869900000060e+01,-4.658550627500000019e+01,-3.505168813800000294e+01
5.492742742699999958e+00,-4.464532210800000200e+01,-3.258137901700000327e+01,-2.600689668900000129e+01,-4.637934609799999919e+01,-3.409828446600000262e+01
5.512752752799999989e+00,-4.740979146200000116e+01,-3.167694094699999852e+01,-2.657202799299999896e+01,-4.744531677799999869e+01,-3.317639585300000249e+01
5.532762762800000012e+00,-5.403371241100000333e+01,-3.161496048600000108e+01,-2.790194649500000068e+01,-5.010065136600000102e+01,-3.316146995700000133e+01
5.552772772800000034e+00,-5.209547765500000338e+01,-3.133609030699999920e+01,-2.856573175699999823e+01,-5.041242768499999727e+01,-3.323959329600000245e+01
5.572782782800000057e+00,-4.939922614799999678e+01,-2.993229022599999922e+01,-2.964679181700000044e+01,-4.367951248899999683e+01,-3.253910871699999774e+01
5.592792792800000079e+00,-4.908122201900000192e+01,-3.009779896799999932e+01,-3.040823683099999997e+01,-4.666103105900000259e+01,-3.248775703599999787e+01
5.612802802800000102e+00,-4.853676501900000062e+01,-2.960156054200000142e+01,-3.129693005300000053e+01,-4.450902590999999831e+01,-3.321730249000000157e+01
5.632812812800000124e+00,-4.962064755899999824e+01,-2.926981117400000088e+01,-3.265205384000000066e+01,-4.462871034199999798e+01,-3.356638467999999875e+01
5.652822822800000147e+00,-6.529336829599999703e+01,-2.869122859599999842e+01,-3.320263862800000254e+01,-4.610374881399999936e+01,-3.414648889200000070e+01
5.672832832800000169e+00,-4.444630297399999819e+01,-2.797625205800000003e+01,-3.458026554199999936e+01,-4.643879591400000351e+01,-3.461404587599999871e+01
5.692842842800000192e+00,-5.427652605200000124e+01,-2.724406195699999955e+01,-3.385810860400000166e+01,-4.402031864899999647e+01,-3.543882497100000251e+01
5.712852852899999334e+00,-5.181112586199999726e+01,-2.675155815400000137e+01,-3.510222025600000251e+01,-5.036413438200000314e+01,-3.643305290600000035e+01
5.732862862899999357e+00,-4.667779944200000131e+01,-2.658720228199999980e+01,-3.456234883300000149e+01,-5.498072646899999683e+01,-3.733845753199999962e+01
5.752872872899999379e+00,-5.466644905900000140e+01,-2.618043413799999897e+01,-3.383560670600000009e+01,-4.820686854800000276e+01,-3.919706944299999662e+01
5.772882882899999402e+00,-4.592375290199999682e+01,-2.545883901399999871e+01,-3.395652582099999961e+01,-4.807920897799999693e+01,-4.072090945699999764e+01
5.792892892899999424e+00,-4.889938457000000227e+01,-2.561929682199999903e+01,-3.296649418300000178e+01,-4.715197712799999863e+01,-4.585406483799999933e+01
5.812902902899999447e+00,-5.055432193000000041e+01,-2.539347405099999833e+01,-3.235774439000000058e+01,-5.689612154000000288e+01,-4.623366859699999765e+01
5.832912912899999469e+00,-4.662323190400000072e+01,-2.480505414299999956e+01,-3.136362016300000022e+01,-4.621997653999999756e+01,-4.560999334200000277e+01
5.852922922899999492e+00,-4.680710049700000042e+01,-2.419144087999999826e+01,-3.016701069899999865e+01,-4.703599777400000193e+01,-4.610747098000000221e+01
5.872932932899999514e+00,-4.557898008099999743e+01,-2.372521144199999910e+01,-2.873203712400000143e+01,-5.268914386699999852e+01,-4.379560625199999890e+01
5.892942942899999537e+00,-4.296741946200000228e+01,-2.361162703000000107e+01,-2.847559563500000124e+01,-4.972562639099999870e+01,-4.090003381100000013e+01
5.912952952999999567e+00,-4.426484319699999759e+01,-2.328995756600000178e+01,-2.755044308800000152e+01,-5.157257513199999721e+01,-4.024633559899999824e+01
5.932962962999999590e+00,-4.529417472899999808e+01,-2.260351908599999859e+01,-2.698166116299999828e+01,-5.422044663799999853e+01,-3.786957497000000217e+01
5.952972972999999612e+00,-4.632127921800000081e+01,-2.256915427199999868e+01,-2.675753123699999847e+01,-5.699088216300000198e+01,-3.654661460100000170e+01
5.972982982999999635e+00,-4.493761039700000026e+01,-2.244817125599999841e+01,-2.619586528299999983e+01,-5.137733252299999975e+01,-3.535590786400000241e+01
5.992992992999999657e+00,-4.312545105899999953e+01,-2.205561028400000012e+01,-2.565176028100000138e+01,-5.316467428899999703e+01,-3.417214570699999854e+01
6.013003002999999680e+00,-4.312892728199999937e+01,-2.179872987499999937e+01,-2.508063741100000144e+01,-5.024854224799999969e+01,-3.308870035700000045e+01
6.033013012999999702e+00,-4.171544272700000278e+01,-2.151652658900000148e+01,-2.484839211499999934e+01,-5.203157499299999955e+01,-3.298047493600000024e+01
6.053023022999999725e+00,-4.235558227100000295e+01,-2.165388335600000147e+01,-2.431377948900000163e+01,-4.808464094200000005e+01,-3.180952051099999878e+01
6.073033032999999747e+00,-4.371989761199999691e+01,-2.140535898199999920e+01,-2.443350799099999904e+01,-4.498334211099999891e+01,-3.133621404100000163e+01
6.093043042999999770e+00,-4.531716762300000312e+01,-2.135472056900000126e+01,-2.441622044500000044e+01,-4.444378658000000115e+01,-3.030938519000000042e+01
6.113053053100000689e+00,-4.313799176500000243e+01,-2.093817629799999835e+01,-2.428843309199999823e+01,-4.166047102400000313e+01,-3.053533237999999983e+01
6.133063063100000711e+00,-4.658992290500000166e+01,-2.089374358899999962e+01,-2.403891385800000080e+01,-3.885339398699999691e+01,-3.052539933699999963e+01
6.153073073100000734e+00,-4.531184271400000085e+01,-2.102796829700000103e+01,-2.347445847999999913e+01,-4.202330642999999810e+01,-3.057079176899999950e+01
6.173083083100000756e+00,-4.313465382999999775e+01,-2.129393905499999917e+01,-2.363316993400000143e+01,-4.028188136699999689e+01,-2.927762743399999934e+01
6.193093093100000779e+00,-4.657152652700000317e+01,-2.142698893700000085e+01,-2.317541691299999940e+01,-3.791154187000000064e+01,-2.949410434199999997e+01
6.213103103100000801e+00,-4.504123021000000193e+01,-2.182102588700000112e+01,-2.293756163400000148e+01,-3.749215124700000246e+01,-2.903987802500000015e+01
6.233113113100000824e+00,-4.671462426499999765e+01,-2.182998686399999855e+01,-2.279693994200000162e+01,-3.698067010399999788e+01,-2.910172412200000025e+01
6.253123123099999958e+00,-4.399710767900000263e+01,-2.221990370199999987e+01,-2.238923085700000115e+01,-3.739604562899999962e+01,-2.864501253799999958e+01
6.273133133099999981e+00,-4.211134607999999702e+01,-2.255436987599999910e+01,-2.185000959199999926e+01,-3.717178571800000242e+01,-2.885045151599999969e+01
6.293143143100000003e+00,-4.607467404500000185e+01,-2.252413788699999841e+01,-2.164138207699999938e+01,-3.629522234099999878e+01,-2.836087138699999954e+01
6.313153153200000034e+00,-3.988835747099999907e+01,-2.305341640299999995e+01,-2.151447865700000150e+01,-3.516183716100000112e+01,-2.784483404999999934e+01
6.333163163200000056e+00,-4.153805191499999694e+01,-2.403532786899999962e+01,-2.106419280700000130e+01,-3.485134608100000264e+01,-2.744410738999999921e+01
6.353173173200000079e+00,-4.125893926399999856e+01,-2.505333304099999836e+01,-2.120878681099999952e+01,-3.633469380399999693e+01,-2.633380641200000127e+01
6.373183183200000101e+00,-3.984510655300000082e+01,-2.505094769999999826e+01,-2.088800477599999894e+01,-3.536208179100000137e+01,-2.593491962399999906e+01
6.393193193200000124e+00,-4.020405768799999890e+01,-2.519291886699999949e+01,-2.073312234300000156e+01,-3.503949760599999763e+01,-2.492668377200000052e+01
6.413203203200000146e+00,-3.812762270700000045e+01,-2.660521776799999927e+01,-2.087207021400000073e+01,-3.459982900600000022e+01,-2.452424616300000082e+01
6.433213213200000169e+00,-3.704092391500000048e+01,-2.681712501100000168e+01,-2.074525161900000114e+01,-3.467287288600000039e+01,-2.432178240700000060e+01
6.453223223200000191e+00,-3.735782233500000160e+01,-2.796931964599999887e+01,-2.107916441900000137e+01,-3.505479869599999887e+01,-2.396565353600000137e+01
6.473233233200000214e+00,-3.656708234199999907e+01,-2.747226622299999832e+01,-2.126981687600000015e+01,-3.507159596599999674e+01,-2.347389065999999858e+01
6.493243243200000236e+00,-3.510258312700000261e+01,-2.807957928000000081e+01,-2.168465503099999836e+01,-3.429895266900000195e+01,-2.338962403400000056e+01
6.513253253300000267e+00,-3.680291939600000006e+01,-2.879188780400000169e+01,-2.178569454300000174e+01,-3.386468861499999861e+01,-2.366901111499999999e+01
6.533263263300000290e+00,-3.495524990700000245e+01,-2.885898264000000069e+01,-2.239279050000000026e+01,-3.356127398800000350e+01,-2.386041232599999873e+01
6.553273273300000312e+00,-3.517082971100000321e+01,-2.953698285200000129e+01,-2.265739860700000108e+01,-3.341990010699999658e+01,-2.394943364999999957e+01
6.573283283300000335e+00,-3.373457807399999808e+01,-3.044767805500000080e+01,-2.319088490800000102e+01,-3.319771493900000081e+01,-2.409406659500000103e+01
6.593293293300000357e+00,-3.404414789199999802e+01,-3.042166267300000015e+01,-2.382225634499999956e+01,-3.291076147500000104e+01,-2.461166879499999993e+01
6.613303303300000380e+00,-3.377544566400000292e+01,-3.101812018500000079e+01,-2.409607263399999866e+01,-3.230008438499999812e+01,-2.490029923799999878e+01
6.633313313300000402e+00,-3.378170744599999864e+01,-3.217895734599999713e+01,-2.479689122899999987e+01,-3.201803650000000090e+01,-2.503537302299999823e+01
6.653323323300000425e+00,-3.379976645299999660e+01,-3.219248453899999873e+01,-2.544263058700000002e+01,-3.205742442399999703e+01,-2.497637733499999868e+01
6.673333333300000447e+00,-3.490925676999999894e+01,-3.338647683800000010e+01,-2.546571310599999904e+01,-3.191140841200000011e+01,-2.486261205499999960e+01
6.693343343300000470e+00,-3.497363426999999803e+01,-3.355315150399999879e+01,-2.644386677299999988e+01,-3.087706314200000079e+01,-2.526078188900000043e+01
6.713353353399999612e+00,-3.466248455499999892e+01,-3.320317470399999848e+01,-2.596395336400000176e+01,-3.073953423700000087e+01,-2.526207490000000178e+01
6.733363363399999635e+00,-3.526850186099999718e+01,-3.448233037199999984e+01,-2.634823416200000068e+01,-3.052575404599999942e+01,-2.489297957599999833e+01
6.753373373399999657e+00,-3.576758144699999775e+01,-3.364484814299999726e+01,-2.594647137899999834e+01,-2.970435442200000153e+01,-2.526343553599999936e+01
6.773383383399999680e+00,-3.483178290299999702e+01,-3.319598390800000232e+01,-2.588567667699999930e+01,-2.929623200600000033e+01,-2.525627583700000045e+01
6.793393393399999702e+00,-3.505999507300000317e+01,-3.319212760599999967e+01,-2.538429937000000081e+01,-2.873500542100000033e+01,-2.501178701399999937e+01
6.813403403399999725e+00,-3.803550320600000134e+01,-3.210146296199999938e+01,-2.518477442800000077e+01,-2.855137347100000156e+01,-2.505667529899999835e+01
6.833413413399999747e+00,-3.769369307699999894e+01,-3.035667078799999885e+01,-2.453479859999999846e+01,-2.797580458899999911e+01,-2.482183558099999843e+01
6.853423423399999770e+00,-3.747856026000000185e+01,-2.981276859300000126e+01,-2.434667747800000015e+01,-2.765333980999999852e+01,-2.442056042000000105e+01
6.873433433399999792e+00,-3.898161451099999653e+01,-2.821070933800000091e+01,-2.409879508299999884e+01,-2.751981728299999830e+01,-2.446448783800000015e+01
6.893443443399999815e+00,-4.083065616900000094e+01,-2.819283443100000142e+01,-2.386293598800000026e+01,-2.712580952700000125e+01,-2.422701787000000095e+01
6.913453453499999846e+00,-4.157877976599999670e+01,-2.761984389399999884e+01,-2.375535447900000108e+01,-2.701026261299999831e+01,-2.454025163000000020e+01
6.933463463499999868e+00,-4.441798526299999850e+01,-2.755527396500000137e+01,-2.328170838100000140e+01,-2.658456049500000162e+01,-2.461526388600000104e+01
6.953473473499999891e+00,-4.635689979899999713e+01,-2.672069633899999985e+01,-2.312442425000000057e+01,-2.655315648199999856e+01,-2.440613095599999838e+01
6.973483483499999913e+00,-4.697058595200000042e+01,-2.685478653899999912e+01,-2.278536012200000016e+01,-2.671762197600000022e+01,-2.488059823100000045e+01
6.993493493499999936e+00,-4.578635457099999684e+01,-2.621115786700000072e+01,-2.281522549199999972e+01,-2.689087809400000140e+01,-2.516373757999999938e+01
7.013503503499999958e+00,-5.145783408900000211e+01,-2.596338320899999985e+01,-2.273281765400000154e+01,-2.639048274599999999e+01,-2.486272096700000134e+01
7.033513513499999981e+00,-5.541603637099999702e+01,-2.584733673199999870e+01,-2.244708911500000070e+01,-2.680198641400000170e+01,-2.542237011399999957e+01
7.053523523500000003e+00,-4.487400686200000166e+01,-2.606455533500000143e+01,-2.256273931000000132e+01,-2.671522059699999829e+01,-2.554516368099999823e+01
7.073533533500000026e+00,-4.648211104300000329e+01,-2.658676310499999929e+01,-2.243001243200000161e+01,-2.670461495700000043e+01,-2.600494557600000078e+01
7.093543543500000048e+00,-4.388827588600000240e+01,-2.633067904500000012e+01,-2.282678169400000101e+01,-2.662229672300000161e+01,-2.640184858800000001e+01
7.113553553600000079e+00,-4.036037731900000125e+01,-2.674910368600000155e+01,-2.264381150799999887e+01,-2.651256444999999928e+01,-2.681504331500000049e+01
7.133563563600000101e+00,-4.081033071400000267e+01,-2.722423041400000088e+01,-2.305058204199999849e+01,-2.677351472899999862e+01,-2.677222219700000139e+01
7.153573573600000124e+00,-3.837080107900000314e+01,-2.757252993999999902e+01,-2.325092844399999947e+01,-2.674556234799999999e+01,-2.728013193500000000e+01
7.173583583600000146e+00,-3.709458560200000221e+01,-2.774006808800000101e+01,-2.348433544699999942e+01,-2.651449204900000112e+01,-2.762187905200000060e+01
7.193593593600000169e+00,-3.797166882599999838e+01,-2.822059930800000060e+01,-2.348480709900000107e+01,-2.640064637400000080e+01,-2.845120347599999988e+01
7.213603603600000191e+00,-3.588519017800000199e+01,-2.840622067099999981e+01,-2.387878911199999976e+01,-2.673231938700000043e+01,-2.907453945399999995e+01
7.233613613600000214e+00,-3.602197829100000348e+01,-2.882000421500000087e+01,-2.352625711600000002e+01,-2.655148100999999983e+01,-2.929616803400000080e+01
7.253623623600000236e+00,-3.522473641700000258e+01,-2.937896123200000176e+01,-2.368166227300000060e+01,-2.646493198599999985e+01,-2.943913040099999989e+01
7.273633633600000259e+00,-3.611627038700000014e+01,-3.045854314299999999e+01,-2.332356524500000106e+01,-2.648073906300000147e+01,-3.008427630999999991e+01
7.293643643600000281e+00,-3.535440297000000243e+01,-3.073503746100000100e+01,-2.276495324100000062e+01,-2.706056451599999946e+01,-3.116250734899999841e+01
7.313653653699999424e+00,-3.541257377899999881e+01,-3.230741134899999878e+01,-2.272625339200000028e+01,-2.723103510299999996e+01,-3.120242909799999964e+01
7.333663663699999447e+00,-3.543937719899999905e+01,-3.257396023100000093e+01,-2.251760259699999978e+01,-2.751426341699999867e+01,-3.241494850000000127e+01
7.353673673699999469e+00,-3.524052575599999670e+01,-3.494929368500000066e+01,-2.218904636299999922e+01,-2.768860169299999896e+01,-3.246977262000000053e+01
7.373683683699999492e+00,-3.540186349599999716e+01,-3.621545569900000316e+01,-2.223938639700000053e+01,-2.802908777800000095e+01,-3.321112967500000224e+01
7.393693693699999514e+00,-3.535054681799999798e+01,-4.210140304400000133e+01,-2.194104283900000141e+01,-2.854108941599999838e+01,-3.377785020200000332e+01
7.413703703699999537e+00,-3.499601589699999948e+01,-4.610261569400000070e+01,-2.219439443599999962e+01,-2.839354076900000123e+01,-3.489854628300000172e+01
7.433713713699999559e+00,-3.614642631200000267e+01,-4.759298497599999678e+01,-2.243535142800000060e+01,-2.841618260899999981e+01,-3.569341151399999745e+01
7.453723723699999582e+00,-3.498633810799999821e+01,-3.990389740199999835e+01,-2.239515714399999879e+01,-2.791188898800000118e+01,-3.522527725700000190e+01
7.473733733699999604e+00,-3.611894596199999796e+01,-3.848582314400000115e+01,-2.254137787999999887e+01,-2.841064339700000119e+01,-3.696339478099999809e+01
7.493743743699999627e+00,-3.651379510400000328e+01,-3.699502173300000152e+01,-2.299464844999999968e+01,-2.866952827500000112e+01,-3.994468327399999907e+01
7.513753753800000545e+00,-3.764960690600000248e+01,-3.303261606499999914e+01,-2.342385494499999865e+01,-2.893523213199999944e+01,-3.968359258800000333e+01
7.533763763800000568e+00,-3.760647309099999802e+01,-3.281320013999999929e+01,-2.356349175400000107e+01,-2.900549564199999963e+01,-4.112221510500000221e+01
7.553773773800000590e+00,-3.856162598200000247e+01,-3.116830253099999837e+01,-2.423611006799999856e+01,-2.974440657199999904e+01,-4.374016529200000036e+01
7.573783783800000613e+00,-3.816217409299999730e+01,-2.990517123700000113e+01,-2.455929860799999886e+01,-3.014088452000000018e+01,-5.053525897600000150e+01
7.593793793799999747e+00,-4.106954386999999684e+01,-2.853486050800000129e+01,-2.476402900000000074e+01,-3.023433934799999889e+01,-7.284853078400000470e+01
7.613803803799999770e+00,-4.080293048400000089e+01,-2.824285060500000100e+01,-2.528748854899999898e+01,-3.117874105599999979e+01,-5.321534344900000235e+01
7.633813813799999792e+00,-3.880809400799999764e+01,-2.811134403100000156e+01,-2.611703432399999869e+01,-3.163987297799999965e+01,-4.689451209700000334e+01
7.653823823799999815e+00,-3.975084613800000000e+01,-2.866013376100000087e+01,-2.661456289599999891e+01,-3.199708998599999887e+01,-4.457727737100000098e+01
7.673833833799999837e+00,-4.107514141899999771e+01,-2.739813237299999926e+01,-2.692073589800000022e+01,-3.271912316699999934e+01,-4.173268620999999712e+01
7.693843843799999860e+00,-3.983617810100000156e+01,-2.820552206200000001e+01,-2.794279844400000101e+01,-3.353569214600000237e+01,-3.904798451900000344e+01
7.713853853899999891e+00,-3.912467040899999660e+01,-2.748021491300000108e+01,-2.817418964200000175e+01,-3.290233040300000056e+01,-3.609490204499999777e+01
7.733863863899999913e+00,-4.112581026899999870e+01,-2.773224857900000018e+01,-2.853906398000000166e+01,-3.499316499500000077e+01,-3.480667378700000114e+01
7.753873873899999936e+00,-3.890379033199999981e+01,-2.811045934199999863e+01,-2.933641926600000005e+01,-3.544940582400000295e+01,-3.427104369999999989e+01
7.773883883899999958e+00,-4.033322250999999881e+01,-2.817695477699999884e+01,-2.993409052399999837e+01,-3.646274198500000097e+01,-3.266479944099999955e+01
7.793893893899999981e+00,-3.888026894600000105e+01,-2.866338867400000012e+01,-3.064092618600000151e+01,-3.628856061599999805e+01,-3.244318247500000041e+01
7.813903903900000003e+00,-4.050834002300000236e+01,-2.825424350600000167e+01,-3.095789812800000007e+01,-3.701595419400000253e+01,-3.189085427399999872e+01
7.833913913900000026e+00,-4.130399112599999967e+01,-2.785590514400000117e+01,-3.193621167799999938e+01,-3.766829442400000261e+01,-3.114650075500000170e+01
7.853923923900000048e+00,-3.948121820499999757e+01,-2.854927755299999959e+01,-3.269404165000000262e+01,-3.745042826099999900e+01,-3.072218645199999898e+01
7.873933933899999182e+00,-3.863394995899999884e+01,-2.809812884300000135e+01,-3.411193373700000109e+01,-3.670874775499999743e+01,-2.974758909000000173e+01
7.893943943899999205e+00,-3.852258646599999992e+01,-2.910454904899999917e+01,-3.432937633099999886e+01,-3.936049341300000037e+01,-3.076785860600000078e+01
7.913953954000000124e+00,-3.607706827300000185e+01,-2.806611797800000119e+01,-3.487416517799999838e+01,-4.092943102899999985e+01,-3.104138098600000006e+01
7.933963964000000146e+00,-3.728742625600000338e+01,-2.722385600899999858e+01,-3.719312586099999862e+01,-3.868015731300000226e+01,-3.114240739099999900e+01
7.953973974000000169e+00,-3.586784985500000289e+01,-2.800375247699999903e+01,-3.995135783700000331e+01,-3.939589105999999674e+01,-3.107301372299999898e+01
7.973983984000000191e+00,-3.616043132099999724e+01,-2.657049277000000131e+01,-4.387692399000000165e+01,-3.948729810999999756e+01,-3.188328453700000154e+01
7.993993994000000214e+00,-3.602419371999999953e+01,-2.689209879299999884e+01,-6.923174510699999473e+01,-4.002458026800000113e+01,-3.159146356899999830e+01
8.014004004000000236e+00,-3.695476515600000056e+01,-2.636416828699999826e+01,-5.400901968099999806e+01,-3.935405571199999741e+01,-3.183513780499999868e+01
8.034014014000000259e+00,-3.495475049200000228e+01,-2.569275848399999873e+01,-4.309812586799999679e+01,-3.958374516300000323e+01,-3.124861629200000124e+01
8.054024024000000281e+00,-3.268742286700000221e+01,-2.652384629200000177e+01,-4.433136380300000212e+01,-3.898892999499999945e+01,-3.004065508300000076e+01
8.074034034000000304e+00,-3.289008031099999840e+01,-2.548132839399999838e+01,-4.673065839099999863e+01,-3.771890068700000143e+01,-3.058502799600000088e+01
8.094044044000000326e+00,-3.133306369399999980e+01,-2.537864129000000091e+01,-4.037833408099999843e+01,-3.920616255600000244e+01,-3.157616217700000050e+01
8.114054054100000357e+00,-3.234234550000000041e+01,-2.574646760799999967e+01,-3.982486415900000054e+01,-3.831497050699999818e+01,-3.202326619000000107e+01
8.134064064100000380e+00,-3.134264363300000156e+01,-2.580269987400000176e+01,-3.821007639199999772e+01,-3.915699460599999782e+01,-3.143371093400000049e+01
8.154074074100000402e+00,-3.090508802400000121e+01,-2.609400632599999881e+01,-3.944714293999999910e+01,-3.897829809899999987e+01,-3.148900185100000115e+01
8.174084084100000425e+00,-3.240500336499999889e+01,-2.611105133699999925e+01,-4.101506445799999767e+01,-3.948432379399999803e+01,-3.141735219799999967e+01
8.194094094100000447e+00,-3.218375494600000053e+01,-2.718828638999999825e+01,-3.945761467799999878e+01,-3.756185236099999969e+01,-3.187573907499999848e+01
8.214104104100000470e+00,-3.186980453500000010e+01,-2.742762819800000074e+01,-3.951515987100000160e+01,-3.901267484800000318e+01,-3.156969447099999826e+01
8.234114114100000492e+00,-3.217906251699999842e+01,-2.751335144500000141e+01,-3.849996156200000286e+01,-3.691015029199999731e+01,-3.168360939200000104e+01
8.254124124100000515e+00,-3.201464176999999722e+01,-2.842879090099999928e+01,-3.867933298900000239e+01,-3.801252015899999748e+01,-3.149870285100000089e+01
8.274134134100000537e+00,-3.266333286199999719e+01,-2.808747273299999847e+01,-3.757364169000000231e+01,-3.725342816700000270e+01,-3.138942327599999871e+01
8.294144144100000560e+00,-3.147731641400000058e+01,-2.904161538500000006e+01,-3.944071743199999958e+01,-3.747726691599999782e+01,-3.093767246999999898e+01
8.314154154200000590e+00,-3.191821203499999982e+01,-2.841654554999999860e+01,-3.770793626100000040e+01,-3.603994476900000166e+01,-3.122503589400000124e+01
8.334164164200000613e+00,-3.135154702299999840e+01,-3.034479345300000119e+01,-4.081512621299999921e+01,-3.756399810199999934e+01,-2.990628440900000129e+01
8.354174174200000635e+00,-3.171427049000000054e+01,-2.996158915999999905e+01,-3.991743097199999823e+01,-3.569713091100000213e+01,-3.014399559199999956e+01
8.374184184200000658e+00,-3.176158187800000121e+01,-2.858124906000000109e+01,-4.234627272299999845e+01,-3.769495778600000335e+01,-3.076955573800000110e+01
8.394194194200000680e+00,-3.077141387400000028e+01,-2.890442683199999863e+01,-4.162467977099999672e+01,-3.589562444399999919e+01,-3.082390716600000147e+01
8.414204204199998927e+00,-3.106051148899999959e+01,-2.943993292700000097e+01,-4.308690293099999735e+01,-3.788930632000000287e+01,-3.134900364099999948e+01
8.434214214199998949e+00,-3.083186271199999950e+01,-2.960036253199999834e+01,-4.028359888199999972e+01,-3.776796292800000288e+01,-3.181604055300000056e+01
8.454224224199998972e+00,-3.144372149899999869e+01,-2.934128951699999988e+01,-4.194253960399999670e+01,-3.942362144399999835e+01,-3.199481636699999854e+01
8.474234234199998994e+00,-3.099993502499999920e+01,-3.062891045299999959e+01,-4.221073851700000290e+01,-4.121444739399999690e+01,-3.244450771000000344e+01
8.494244244199999017e+00,-3.129078999900000113e+01,-2.978584434100000067e+01,-4.257064350899999994e+01,-4.001393173799999659e+01,-3.419802870499999869e+01
8.514254254300000824e+00,-3.245303977799999728e+01,-2.970472140400000072e+01,-3.971495216900000003e+01,-4.169396226700000341e+01,-3.331163558800000146e+01
8.534264264300000846e+00,-3.122502495399999844e+01,-2.993548515599999860e+01,-4.234580241399999778e+01,-4.236670307899999699e+01,-3.570398927099999753e+01
8.554274274300000869e+00,-3.137244630700000059e+01,-3.024630275699999871e+01,-4.250162991999999917e+01,-4.399581938400000070e+01,-3.474281491699999691e+01
8.574284284300000891e+00,-3.244706307199999884e+01,-3.062993355900000125e+01,-4.717946956000000114e+01,-4.891266885900000005e+01,-3.440375879599999820e+01
8.594294294299999137e+00,-3.277942290699999717e+01,-3.019339563600000176e+01,-4.777759633899999869e+01,-4.248063263099999887e+01,-3.420847477200000242e+01
8.614304304299999160e+00,-3.334215638100000234e+01,-2.946860835200000039e+01,-4.703720477000000244e+01,-3.987188535500000341e+01,-3.421724935200000317e+01
8.634314314299999182e+00,-3.576617051499999889e+01,-2.881743790799999871e+01,-4.279540667700000256e+01,-3.768171196099999776e+01,-3.253459004199999782e+01
8.654324324299999205e+00,-3.403204891299999701e+01,-2.962913174499999869e+01,-3.709309858799999660e+01,-3.583760298100000341e+01,-3.297730692799999730e+01
8.674334334299999227e+00,-3.411307538100000158e+01,-2.889295455999999973e+01,-3.514332892899999905e+01,-3.545664665900000045e+01,-3.247771763400000111e+01
8.694344344299999250e+00,-3.539860563999999954e+01,-2.922641403800000148e+01,-3.359378549600000241e+01,-3.453550807199999895e+01,-3.123608807500000140e+01
8.714354354399999281e+00,-3.806899065700000051e+01,-2.925218919399999962e+01,-3.232253387299999758e+01,-3.482875787900000120e+01,-3.062925801300000117e+01
8.734364364399999303e+00,-3.881152702499999663e+01,-3.010707359399999916e+01,-3.081108606400000127e+01,-3.402263238500000142e+01,-2.986798549899999955e+01
8.754374374399999326e+00,-3.655738973700000116e+01,-2.864962238600000077e+01,-2.985895272799999844e+01,-3.251738713700000005e+01,-3.003834150000000136e+01
8.774384384399999348e+00,-3.682697710400000091e+01,-2.872685502699999915e+01,-2.917199281199999916e+01,-3.353271043000000162e+01,-2.972634588000000022e+01
8.794394394399999371e+00,-4.100612946599999731e+01,-2.823807359599999955e+01,-2.831276261200000022e+01,-3.257063812799999880e+01,-2.928690543200000107e+01
8.814404404399999393e+00,-4.535879536600000250e+01,-2.788567404599999833e+01,-2.810512026299999988e+01,-3.187488134699999875e+01,-2.954717715199999972e+01
8.834414414399999416e+00,-4.133853832700000197e+01,-2.752833347900000049e+01,-2.784087231899999892e+01,-3.265130740299999701e+01,-2.844171487599999892e+01
8.854424424399999438e+00,-4.020032817700000294e+01,-2.732508913799999917e+01,-2.793843363199999885e+01,-3.068526262900000035e+01,-2.941099496000000002e+01
8.874434434399999461e+00,-3.806167604099999835e+01,-2.787357979700000143e+01,-2.701962201899999982e+01,-3.245851643400000341e+01,-2.827118627400000150e+01
8.894444444399999483e+00,-3.762902771200000274e+01,-2.685744207700000175e+01,-2.739530544599999828e+01,-3.151361573000000149e+01,-2.809164957599999823e+01
8.914454454499999514e+00,-3.879557722399999875e+01,-2.699686591800000102e+01,-2.786252434600000072e+01,-3.128911510300000032e+01,-2.884638462399999881e+01
8.934464464499999536e+00,-4.322633976400000222e+01,-2.606035266900000025e+01,-2.626851690999999889e+01,-3.262830689100000114e+01,-2.816018493300000003e+01
8.954474474499999559e+00,-3.785470066700000302e+01,-2.832252920899999893e+01,-2.682126497699999845e+01,-3.215788842599999953e+01,-2.834219270499999865e+01
8.974484484499999581e+00,-3.930707074600000084e+01,-2.788782472899999831e+01,-2.667156399299999947e+01,-3.308092374499999977e+01,-2.896302023100000156e+01
8.994494494499999604e+00,-4.554022850799999844e+01,-2.779100840999999988e+01,-2.654944644100000062e+01,-3.335523232100000257e+01,-2.948519956299999834e+01
9.014504504499999626e+00,-3.754802540699999724e+01,-2.843100911999999880e+01,-2.701231455599999975e+01,-3.446993109699999991e+01,-2.945353007199999951e+01
9.034514514499999649e+00,-4.093434330200000204e+01,-2.761283639199999840e+01,-2.607769121100000120e+01,-3.429942214900000153e+01,-3.081239738600000067e+01
9.054524524499999671e+00,-4.143162420800000234e+01,-2.933076620900000009e+01,-2.790208733900000126e+01,-3.390159732899999767e+01,-3.004628535999999883e+01
9.074534534499999694e+00,-3.709131196900000305e+01,-2.994569531899999859e+01,-2.760028371900000010e+01,-3.486620974800000283e+01,-3.054022657899999871e+01
9.094544544499999716e+00,-3.996112404800000206e+01,-2.893811821799999962e+01,-2.658350213199999956e+01,-3.571838928399999702e+01,-3.066044387699999874e+01
9.114554554599999747e+00,-3.693634125700000226e+01,-3.137227126899999874e+01,-2.734216848999999883e+01,-3.547112708000000225e+01,-3.289456404599999928e+01
9.134564564599999770e+00,-3.954783859900000209e+01,-2.999553959500000033e+01,-2.769093574100000055e+01,-3.456831023000000158e+01,-3.197011127500000072e+01
9.154574574599999792e+00,-3.488771031400000311e+01,-3.253054936699999899e+01,-2.658352112600000083e+01,-3.404496600099999881e+01,-3.125431219900000102e+01
9.174584584599999815e+00,-3.761181286400000090e+01,-3.106478122800000108e+01,-2.751099034599999982e+01,-3.423905299100000121e+01,-3.205333585199999646e+01
9.194594594599999837e+00,-3.496666988399999809e+01,-3.317882910699999854e+01,-2.707841447499999887e+01,-3.164176679999999919e+01,-3.191468940600000082e+01
9.214604604599999860e+00,-3.528304994100000158e+01,-3.576321364999999730e+01,-2.710922305200000082e+01,-3.078728258099999948e+01,-3.114447873199999961e+01
9.234614614599999882e+00,-3.282782060499999943e+01,-3.856948630400000155e+01,-2.775025249200000133e+01,-3.098516418399999850e+01,-3.054666146599999976e+01
9.254624624599999905e+00,-3.323294163100000276e+01,-4.027965375200000153e+01,-2.831714801500000078e+01,-3.029660657200000173e+01,-2.920923282300000068e+01
9.274634634599999927e+00,-3.320492624599999942e+01,-4.114555218800000347e+01,-2.790213998600000167e+01,-2.890879970900000018e+01,-2.895134060799999887e+01
9.294644644599999950e+00,-3.181233944699999938e+01,-4.299389883100000276e+01,-2.904834298899999823e+01,-2.946191617499999893e+01,-2.877579846100000083e+01
9.314654654699999980e+00,-3.152476995800000026e+01,-4.184138741000000294e+01,-2.926433461699999938e+01,-2.937054416399999823e+01,-2.748815919100000116e+01
9.334664664700000003e+00,-3.102207517100000089e+01,-4.029629594499999712e+01,-2.888908561299999889e+01,-2.909079436700000088e+01,-2.774822504999999850e+01
9.354674674700000025e+00,-3.084561319199999829e+01,-4.522576148099999926e+01,-3.009961937599999970e+01,-2.898820349000000007e+01,-2.752198068999999947e+01
9.374684684700000048e+00,-3.101668321900000080e+01,-3.565707197700000108e+01,-3.087612411499999965e+01,-2.887427001300000029e+01,-2.677121225899999857e+01
9.394694694700000070e+00,-2.999412855399999955e+01,-3.639187946199999857e+01,-3.168483897999999854e+01,-3.027351393700000060e+01,-2.633738911100000024e+01
9.414704704700000093e+00,-3.003876498300000009e+01,-3.467016564899999764e+01,-2.981146053399999829e+01,-2.981411051499999942e+01,-2.632851407500000107e+01
9.434714714700000115e+00,-3.013640694800000119e+01,-3.408513036499999771e+01,-3.286576587599999755e+01,-3.048590078000000148e+01,-2.623261190599999892e+01
9.454724724700000138e+00,-2.960343280300000046e+01,-3.582802914100000180e+01,-3.090792940200000061e+01,-3.080740416200000098e+01,-2.589059527899999935e+01
9.474734734700000161e+00,-3.052790703100000158e+01,-3.496802206899999987e+01,-3.250150567800000090e+01,-3.040289356799999965e+01,-2.648863766799999908e+01
9.494744744700000183e+00,-2.835126737699999921e+01,-3.715803197999999696e+01,-3.171432310400000176e+01,-3.212645771799999750e+01,-2.574191404899999824e+01
9.514754754799998437e+00,-2.873387051799999981e+01,-4.462492084699999850e+01,-3.229773580100000174e+01,-3.269374391099999855e+01,-2.544437739700000023e+01
9.534764764799998460e+00,-2.862277645500000034e+01,-4.782971679100000273e+01,-3.240710757400000119e+01,-3.156756785099999973e+01,-2.604755009899999862e+01
9.554774774799998482e+00,-2.896949315100000177e+01,-6.566024843200000305e+01,-3.342889746000000173e+01,-3.247970285299999915e+01,-2.527401776399999989e+01
9.574784784799998505e+00,-2.848433456300000088e+01,-5.052609147799999789e+01,-3.238159339900000333e+01,-3.323051934000000074e+01,-2.566191568200000006e+01
9.594794794799998527e+00,-2.983569312599999890e+01,-4.037519878199999823e+01,-3.182158529599999852e+01,-3.214740397300000296e+01,-2.561164284999999907e+01
9.614804804799998550e+00,-2.809315621000000007e+01,-3.871671337499999765e+01,-3.361517153799999846e+01,-3.330508818500000245e+01,-2.561440433699999986e+01
9.634814814799998572e+00,-2.851763646099999860e+01,-3.581811656400000032e+01,-3.127684032699999861e+01,-3.302107564100000303e+01,-2.555964577399999982e+01
9.654824824799998595e+00,-2.992661965299999949e+01,-4.299985469300000318e+01,-3.145516407299999884e+01,-3.330560128799999831e+01,-2.507769172900000143e+01
9.674834834799998617e+00,-2.845364934299999859e+01,-3.938902474900000072e+01,-3.126249758000000156e+01,-3.103261888000000113e+01,-2.545982540800000038e+01
9.694844844799998640e+00,-2.805106532299999955e+01,-3.981671225899999911e+01,-3.087909509099999994e+01,-3.161796533100000062e+01,-2.513684895100000105e+01
9.714854854900000447e+00,-2.850341169500000049e+01,-3.840522735300000079e+01,-3.294448482199999972e+01,-3.268633414499999645e+01,-2.522823170099999857e+01
9.734864864900000470e+00,-2.794979792899999893e+01,-3.673663810200000057e+01,-3.054438277899999932e+01,-3.270582841400000262e+01,-2.494102979099999828e+01
9.754874874900000492e+00,-2.818916069100000144e+01,-3.780747308400000151e+01,-3.066997637400000087e+01,-3.273768566999999763e+01,-2.484311051299999917e+01
9.774884884899998738e+00,-2.846720837299999829e+01,-3.849011727399999927e+01,-3.063706511199999838e+01,-3.275042016799999800e+01,-2.451101142499999952e+01
9.794894894899998761e+00,-2.825339251500000159e+01,-3.939762108000000040e+01,-3.089680265699999850e+01,-3.250354056300000138e+01,-2.433552629000000067e+01
9.814904904899998783e+00,-2.830814927000000125e+01,-3.895260362399999821e+01,-3.006903000899999867e+01,-3.166475099299999840e+01,-2.492777595700000148e+01
9.834914914899998806e+00,-2.782637301400000140e+01,-3.679749599699999862e+01,-2.956086283699999839e+01,-3.171837136199999918e+01,-2.467627402800000169e+01
9.854924924899998828e+00,-2.612860845000000154e+01,-4.144601834000000196e+01,-2.878539333899999875e+01,-3.261457592499999691e+01,-2.521468589399999871e+01
9.874934934899998851e+00,-2.605893268599999857e+01,-3.684606337700000012e+01,-2.858995828999999844e+01,-3.175008396899999852e+01,-2.539810651000000163e+01
9.894944944899998873e+00,-2.567324949300000014e+01,-3.687680154299999913e+01,-2.926226448399999924e+01,-3.128309482699999933e+01,-2.619610905200000062e+01
9.914954955000000680e+00,-2.557721175100000011e+01,-3.837281114799999671e+01,-2.938044414299999829e+01,-3.117220206300000029e+01,-2.629594086899999894e+01
9.934964965000000703e+00,-2.575051684700000010e+01,-3.701353727000000049e+01,-2.925163642100000061e+01,-2.974696238199999954e+01,-2.635154890200000111e+01
9.954974975000000725e+00,-2.549523605599999954e+01,-3.692269756799999669e+01,-2.866275913899999850e+01,-2.917239811299999985e+01,-2.701029978400000076e+01
9.974984985000000748e+00,-2.497945695800000010e+01,-3.338521322700000127e+01,-2.936299094700000012e+01,-2.962980837899999997e+01,-2.673567311400000079e+01
9.994994995000000770e+00,-2.582177942699999917e+01,-3.399157341299999757e+01,-2.989890241299999829e+01,-2.918473405599999992e+01,-2.606962483999999947e+01
1.001500500500000079e+01,-2.467149986600000133e+01,-3.701650092399999892e+01,-2.908565056699999829e+01,-2.852776432499999970e+01,-2.643860696400000165e+01
1.003501501500000082e+01,-2.468185168899999837e+01,-3.441381134000000230e+01,-2.884512921399999996e+01,-2.919033611700000108e+01,-2.594044144600000124e+01
1.005502502500000084e+01,-2.417364995799999861e+01,-3.276191547900000245e+01,-3.112191033699999920e+01,-2.862383749800000032e+01,-2.616638126899999861e+01
1.007503503500000086e+01,-2.349770501400000100e+01,-3.231245992899999919e+01,-3.084928852199999838e+01,-2.863216480599999869e+01,-2.575375816600000078e+01
1.009504504500000088e+01,-2.584001354500000147e+01,-3.093896692599999909e+01,-2.928614932500000023e+01,-2.985107104400000111e+01,-2.641603969899999882e+01
1.011505505499999913e+01,-2.425237036100000054e+01,-3.041211248600000161e+01,-3.070219350400000025e+01,-2.829144394500000104e+01,-2.527257910399999830e+01
1.013506506499999915e+01,-2.608940802100000056e+01,-3.029741503500000022e+01,-2.852532647900000029e+01,-2.746111955800000004e+01,-2.483862053400000036e+01
1.015507507499999917e+01,-2.554929401600000105e+01,-3.025666993400000138e+01,-3.233276763199999948e+01,-2.786489480299999855e+01,-2.553365726699999882e+01
1.017508508499999920e+01,-2.519298871399999840e+01,-3.178289254799999952e+01,-3.273480071099999833e+01,-2.745182349499999930e+01,-2.488442552600000113e+01
1.019509509499999922e+01,-2.319984806100000085e+01,-3.184808719899999829e+01,-3.631318497499999864e+01,-2.787190096200000156e+01,-2.342911442799999833e+01
1.021510510499999924e+01,-2.770686157500000135e+01,-3.542945628500000055e+01,-3.429570756599999726e+01,-2.753831997600000037e+01,-2.431428698199999872e+01
1.023511511499999926e+01,-2.540709468600000065e+01,-3.011413715300000149e+01,-3.626218257800000089e+01,-2.735337336799999974e+01,-2.360779214100000090e+01
1.025512512499999929e+01,-2.550561446100000040e+01,-3.225247015899999781e+01,-4.140106755000000049e+01,-2.671718702900000153e+01,-2.487619553600000089e+01
1.027513513499999931e+01,-2.764906204500000086e+01,-3.140710946900000167e+01,-4.508368459500000114e+01,-2.712684741200000005e+01,-2.501873511899999869e+01
1.029514514499999933e+01,-2.606800741600000038e+01,-3.096263292000000078e+01,-3.909093893800000075e+01,-2.810702894099999938e+01,-2.510513355999999874e+01
1.031515515499999935e+01,-2.743967974499999940e+01,-3.328595951999999869e+01,-5.073942808799999682e+01,-2.828105301100000091e+01,-2.575441348600000069e+01
1.033516516499999938e+01,-2.742741540900000174e+01,-3.029394436200000129e+01,-3.981945968800000202e+01,-2.811028880799999996e+01,-2.654893317999999880e+01
1.035517517499999940e+01,-2.688756215800000149e+01,-3.326826776200000069e+01,-4.336938119500000255e+01,-2.834847323900000049e+01,-2.640219742000000025e+01
1.037518518499999942e+01,-2.884602980000000017e+01,-3.302869896299999652e+01,-4.167536073499999816e+01,-2.895030752899999982e+01,-2.625565858499999905e+01
1.039519519499999944e+01,-2.710690136599999889e+01,-3.201794749199999757e+01,-3.602967954100000014e+01,-2.979353164899999840e+01,-2.642047340199999894e+01
1.041520520499999947e+01,-2.712909825099999850e+01,-3.036857307700000064e+01,-3.779043795300000141e+01,-2.927093409600000129e+01,-2.624588914599999967e+01
1.043521521499999949e+01,-2.944475866399999830e+01,-3.460151389300000346e+01,-3.853461496300000277e+01,-3.020266120300000168e+01,-2.574842830600000099e+01
1.045522522499999951e+01,-3.095024449099999941e+01,-3.312908255699999671e+01,-3.948176665500000126e+01,-2.927291484899999929e+01,-2.616451874099999841e+01
1.047523523499999953e+01,-3.009671040399999953e+01,-3.340306376699999902e+01,-3.747792167800000129e+01,-2.793168693499999833e+01,-2.487776453500000073e+01
1.049524524499999956e+01,-2.950952395999999922e+01,-3.491135705599999994e+01,-3.330668742499999979e+01,-2.921532577400000008e+01,-2.563170325500000146e+01
1.051525525499999958e+01,-3.053110727299999994e+01,-3.508834736299999690e+01,-3.926092616900000110e+01,-2.760070158599999957e+01,-2.438046026900000030e+01
1.053526526499999960e+01,-2.944867512400000109e+01,-3.194234855199999856e+01,-3.898327367499999951e+01,-2.924665162699999854e+01,-2.514518902200000028e+01
1.055527527499999962e+01,-3.032507662400000115e+01,-3.615327462399999803e+01,-3.407667708999999689e+01,-2.799764954899999836e+01,-2.509408346900000097e+01
1.057528528499999965e+01,-2.687169281599999948e+01,-3.269760770199999911e+01,-3.470317158999999663e+01,-2.877099975000000143e+01,-2.537137948000000165e+01
1.059529529499999967e+01,-2.980093208699999963e+01,-3.652267041799999703e+01,-3.263420855900000106e+01,-2.792775544699999912e+01,-2.487846941800000167e+01
1.061530530499999969e+01,-3.135470908899999998e+01,-3.561220313700000162e+01,-3.442257927099999648e+01,-2.915085675499999951e+01,-2.535787663300000006e+01
1.063531531499999971e+01,-3.008636059399999851e+01,-3.444661526499999837e+01,-3.271427514799999869e+01,-2.709611051799999970e+01,-2.633288814599999839e+01
1.065532532499999974e+01,-2.977868802400000092e+01,-3.594177260200000035e+01,-3.266770353500000112e+01,-2.833647725000000150e+01,-2.811964812000000080e+01
1.067533533499999976e+01,-3.147127915100000095e+01,-5.180591036199999877e+01,-3.652111259899999851e+01,-2.672260200999999924e+01,-2.650654311299999932e+01
1.069534534499999978e+01,-3.071355219899999867e+01,-3.484207654299999746e+01,-3.453522298699999737e+01,-2.547250622399999997e+01,-2.957782691799999952e+01
1.071535535499999980e+01,-2.593162588599999907e+01,-4.031043740399999820e+01,-3.248703938100000244e+01,-2.502100365900000156e+01,-2.826251369999999952e+01
1.073536536499999983e+01,-2.995300792100000109e+01,-3.572943806600000016e+01,-3.354039162499999804e+01,-2.462958336399999837e+01,-2.907119457299999965e+01
1.075537537499999985e+01,-3.185578338999999914e+01,-3.810436891799999870e+01,-3.389518634200000236e+01,-2.453429173600000013e+01,-2.837685501200000004e+01
1.077538538499999987e+01,-3.283987898499999858e+01,-3.866783186300000352e+01,-3.050589559599999845e+01,-2.386666959500000118e+01,-2.929838384399999995e+01
1.079539539499999989e+01,-3.003394146200000137e+01,-3.848625911900000318e+01,-3.350144980299999986e+01,-2.350100280599999891e+01,-2.752222805999999977e+01
1.081540540499999992e+01,-3.472095471200000105e+01,-3.481866418399999930e+01,-3.736268907499999870e+01,-2.319322145699999993e+01,-2.589338583600000021e+01
1.083541541499999994e+01,-3.293241351500000036e+01,-3.912959717599999721e+01,-3.695956567399999670e+01,-2.301058351200000018e+01,-2.627038573999999826e+01
1.085542542499999996e+01,-3.653072894900000023e+01,-3.979163390099999731e+01,-3.332507614499999704e+01,-2.391418155199999873e+01,-2.687060721900000004e+01
1.087543543499999998e+01,-3.786170726400000319e+01,-4.120457214999999707e+01,-3.793796092000000186e+01,-2.339300305000000080e+01,-2.550595602599999978e+01
1.089544544500000001e+01,-3.587273667099999841e+01,-3.788180321600000156e+01,-3.861978890799999675e+01,-2.323581273199999941e+01,-2.605623621899999875e+01
1.091545545500000003e+01,-3.520289979999999730e+01,-4.233793319899999830e+01,-3.937388558399999994e+01,-2.392423520499999867e+01,-2.672995650200000028e+01
1.093546546500000005e+01,-3.760343141300000269e+01,-4.382988489400000276e+01,-3.846719309200000225e+01,-2.336677867899999939e+01,-2.579544103199999938e+01
1.095547547500000007e+01,-3.510835318499999858e+01,-4.837861536199999790e+01,-3.872845242399999677e+01,-2.391007925599999950e+01,-2.597530722400000158e+01
1.097548548500000010e+01,-4.096475868699999978e+01,-4.501298074099999980e+01,-4.236261588600000039e+01,-2.524282667700000005e+01,-2.681847427599999989e+01
1.099549549500000012e+01,-3.888338874099999742e+01,-4.407290211800000179e+01,-4.298907979599999862e+01,-2.461788230899999874e+01,-2.790155755700000029e+01
1.101550550600000022e+01,-3.511733636400000336e+01,-3.578437256099999786e+01,-4.137671606499999655e+01,-2.442198945599999860e+01,-3.231619201800000241e+01
1.103551551600000025e+01,-3.465446902699999754e+01,-4.253405578499999962e+01,-5.587954209499999791e+01,-2.434600380299999856e+01,-2.867169909900000135e+01
1.105552552600000027e+01,-4.372891286899999841e+01,-4.696299222399999707e+01,-4.747849187999999998e+01,-2.381770400799999976e+01,-3.029461394899999860e+01
1.107553553600000029e+01,-3.585986048499999868e+01,-5.112552771899999726e+01,-4.137044288399999914e+01,-2.490584237299999870e+01,-3.338764918599999731e+01
1.109554554600000031e+01,-3.619667105799999973e+01,-4.233092996599999935e+01,-3.912196273299999660e+01,-2.440139364799999910e+01,-3.352898317599999700e+01
1.111555555600000034e+01,-3.972725075299999986e+01,-4.822864682600000208e+01,-3.585596252199999867e+01,-2.352868157800000048e+01,-3.363710405700000194e+01
1.113556556600000036e+01,-4.371192904800000179e+01,-3.647717439899999903e+01,-3.540448618399999958e+01,-2.474436541400000067e+01,-3.549764935200000338e+01
1.115557557600000038e+01,-3.927194791200000168e+01,-3.742481007100000312e+01,-3.490730142299999983e+01,-2.382459835499999912e+01,-3.525105342399999842e+01
1.117558558600000040e+01,-3.504175063400000312e+01,-3.892560801999999853e+01,-3.418287936800000182e+01,-2.354867209500000058e+01,-3.327719506900000113e+01
1.119559559600000043e+01,-3.611008062399999829e+01,-3.593241260700000339e+01,-3.104833286099999867e+01,-2.446331768699999998e+01,-3.625489592400000305e+01
1.121560560600000045e+01,-3.059104089299999885e+01,-3.523245701300000121e+01,-3.209503279199999781e+01,-2.447111641400000082e+01,-3.370795871499999663e+01
1.123561561600000047e+01,-4.238139400299999693e+01,-3.944427520400000020e+01,-3.110630439499999866e+01,-2.451579922899999886e+01,-3.490439094700000311e+01
1.125562562600000049e+01,-3.975054556700000319e+01,-3.789703125999999855e+01,-3.311491529500000297e+01,-2.499416039899999831e+01,-3.139174345099999996e+01
1.127563563600000052e+01,-4.164212029499999801e+01,-3.662965304200000105e+01,-3.436139337099999835e+01,-2.422721720999999917e+01,-3.173864663499999850e+01
1.129564564600000054e+01,-3.770225731400000058e+01,-3.707444396799999708e+01,-3.550938066900000223e+01,-2.417094528200000170e+01,-3.059767175600000044e+01
1.131565565600000056e+01,-4.201075607899999653e+01,-3.370914954700000266e+01,-3.390675727800000061e+01,-2.448750549300000046e+01,-3.155754390299999912e+01
1.133566566600000058e+01,-3.150026359499999984e+01,-3.484073725300000035e+01,-3.350984554499999746e+01,-2.327598293699999843e+01,-2.940108425700000083e+01
1.135567567600000061e+01,-3.641159602799999817e+01,-3.635273721299999750e+01,-3.681306274199999962e+01,-2.289674140500000021e+01,-3.153957229299999909e+01
1.137568568600000063e+01,-3.353950293799999827e+01,-3.561229537500000220e+01,-3.708660556600000291e+01,-2.253096890300000155e+01,-3.024015184499999975e+01
1.139569569600000065e+01,-3.096051647799999884e+01,-3.399556380300000313e+01,-3.855331529699999749e+01,-2.209050882100000024e+01,-3.096199286499999914e+01
1.141570570600000067e+01,-3.564065262399999767e+01,-3.179019356099999882e+01,-4.191111419700000340e+01,-2.228329151000000152e+01,-3.003779473999999894e+01
1.143571571600000070e+01,-3.241299468500000103e+01,-2.989314911399999986e+01,-5.359933437099999765e+01,-2.319274741099999915e+01,-2.956485195599999827e+01
1.145572572600000072e+01,-3.281293325299999708e+01,-3.159901993400000109e+01,-4.038105694699999759e+01,-2.173014467200000155e+01,-2.673763762200000116e+01
1.147573573600000074e+01,-3.549506496800000122e+01,-3.331923526599999974e+01,-4.341286559499999953e+01,-2.208914400400000133e+01,-2.961507411299999859e+01
1.149574574600000076e+01,-3.426952792000000159e+01,-3.638026183200000219e+01,-3.570583467200000172e+01,-2.191142239399999880e+01,-2.966378838500000015e+01
1.151575575600000079e+01,-3.232691771700000061e+01,-3.138458551400000118e+01,-3.465900216800000067e+01,-2.176952897399999998e+01,-2.901129212900000098e+01
1.153576576600000081e+01,-2.961178806799999919e+01,-3.463842435600000158e+01,-3.556450172299999934e+01,-2.179568220999999895e+01,-3.008823340300000027e+01
1.155577577600000083e+01,-3.191256595500000159e+01,-3.557895152199999700e+01,-3.481179674599999885e+01,-2.179876063900000105e+01,-2.848285507900000013e+01
1.157578578600000085e+01,-2.847733585199999951e+01,-2.903397167800000034e+01,-3.599369923100000079e+01,-2.129726657899999864e+01,-2.761156289899999905e+01
1.159579579600000088e+01,-3.109676364599999943e+01,-3.289268775800000100e+01,-3.423753395600000005e+01,-2.174714962599999879e+01,-2.909055432799999963e+01
1.161580580599999912e+01,-2.875982903799999946e+01,-3.291001951900000222e+01,-3.525608175800000055e+01,-2.193613666999999978e+01,-2.771307638500000081e+01
1.163581581599999915e+01,-3.529711103799999705e+01,-3.401219059999999672e+01,-3.245696541600000273e+01,-2.100953812099999851e+01,-3.007377515900000020e+01
1.165582582599999917e+01,-3.580327201200000076e+01,-3.248123341899999872e+01,-3.318603654999999719e+01,-2.294156020200000157e+01,-2.740130876199999932e+01
1.167583583599999919e+01,-3.173064085500000076e+01,-3.042566200899999984e+01,-3.500048052300000023e+01,-2.196341200999999899e+01,-2.740769310499999989e+01
1.169584584599999921e+01,-3.064065086000000093e+01,-4.077144327799999957e+01,-3.363482129100000151e+01,-2.263594096899999997e+01,-2.663083497999999949e+01
1.171585585599999924e+01,-2.983494552100000163e+01,-3.427646597100000037e+01,-3.636256677200000098e+01,-2.364871568599999918e+01,-2.599601464099999859e+01
1.173586586599999926e+01,-2.947489817099999954e+01,-3.482847549299999912e+01,-3.233576504599999879e+01,-2.225981284799999926e+01,-2.763281188099999852e+01
1.175587587599999928e+01,-2.802748081500000055e+01,-3.786667336299999675e+01,-3.366950523700000275e+01,-2.324465984600000112e+01,-2.725649900000000159e+01
1.177588588599999930e+01,-3.226960018399999797e+01,-3.526895936399999698e+01,-3.374197896199999747e+01,-2.369320737500000007e+01,-2.607370222400000159e+01
1.179589589599999933e+01,-3.071575550800000087e+01,-3.758429909099999833e+01,-3.636220533899999907e+01,-2.261788555200000062e+01,-2.743832527400000032e+01
1.181590590599999935e+01,-3.944851061100000322e+01,-3.892707985700000251e+01,-3.374041553299999663e+01,-2.331220952700000026e+01,-2.721018478599999924e+01
1.183591591599999937e+01,-3.291988898700000021e+01,-4.171629719100000244e+01,-3.454506219299999970e+01,-2.349150880799999896e+01,-2.879590362700000128e+01
1.185592592599999939e+01,-4.034998035400000305e+01,-4.189741033699999662e+01,-3.597287631900000093e+01,-2.392852572299999991e+01,-2.958227130299999885e+01
1.187593593599999942e+01,-3.161249418499999919e+01,-4.980718854399999884e+01,-3.648563175599999653e+01,-2.545588847799999854e+01,-2.892917342300000172e+01
1.189594594599999944e+01,-3.255778741200000326e+01,-3.917448099799999994e+01,-3.433405966899999839e+01,-2.443743172299999955e+01,-2.901858355799999956e+01
1.191595595599999946e+01,-2.998583046799999963e+01,-5.901087915899999814e+01,-4.411928978800000323e+01,-2.494135632000000058e+01,-2.857673914800000148e+01
1.193596596599999948e+01,-3.508960192199999995e+01,-4.718509569300000095e+01,-4.197193823599999973e+01,-2.569192177100000052e+01,-2.884345416900000103e+01
1.195597597599999951e+01,-3.458166544200000203e+01,-4.863269592099999983e+01,-3.673811028600000128e+01,-2.426958687500000167e+01,-2.918298977999999977e+01
1.197598598599999953e+01,-3.136148844599999919e+01,-3.717920952800000123e+01,-4.090380059299999971e+01,-2.438378618699999834e+01,-3.268589622300000030e+01
1.199599599599999955e+01,-3.694253080299999681e+01,-4.356956612799999817e+01,-3.479637752000000006e+01,-2.610978240700000086e+01,-3.149894836800000064e+01
1.201600600599999957e+01,-3.038718275400000124e+01,-4.650834598499999828e+01,-3.218884325900000221e+01,-2.419780636899999848e+01,-2.900148855100000134e+01
1.203601601599999960e+01,-2.942139747599999922e+01,-4.283387493400000068e+01,-3.491439979700000151e+01,-2.569731956200000056e+01,-3.083533230700000161e+01
1.205602602599999962e+01,-3.606565560300000328e+01,-4.150467462799999652e+01,-2.924716292000000095e+01,-2.440102027500000048e+01,-3.005940017700000055e+01
1.207603603599999964e+01,-3.124152203299999897e+01,-4.157967147400000130e+01,-3.428684923000000140e+01,-2.471902494900000136e+01,-2.943656846400000049e+01
1.209604604599999966e+01,-3.723151433999999682e+01,-4.100933710099999985e+01,-3.108643052900000114e+01,-2.680380246400000033e+01,-2.975311555600000091e+01
1.211605605599999969e+01,-3.021069326099999941e+01,-3.861709127099999961e+01,-2.885731118700000053e+01,-2.491570929199999895e+01,-3.075049644099999924e+01
1.213606606599999971e+01,-3.921722819200000032e+01,-4.221437032600000094e+01,-3.211999651200000017e+01,-2.507352857400000090e+01,-3.277784042199999703e+01
1.215607607599999973e+01,-3.576631260300000292e+01,-5.953477050499999734e+01,-2.746503864700000008e+01,-2.552636626800000030e+01,-3.016617596400000068e+01
1.217608608599999975e+01,-3.745626524899999765e+01,-3.933925017899999688e+01,-2.846472357000000031e+01,-2.418246745600000125e+01,-2.999633517099999835e+01
1.219609609599999978e+01,-4.015744258200000161e+01,-4.277162244099999810e+01,-2.822646268800000158e+01,-2.551987613300000035e+01,-2.921993907999999962e+01
1.221610610599999980e+01,-3.563579289900000191e+01,-4.050164003999999807e+01,-2.881538159300000146e+01,-2.541676869300000163e+01,-3.035251034499999889e+01
1.223611611599999982e+01,-3.961777600300000302e+01,-3.320772368099999738e+01,-2.923852610999999868e+01,-2.556846409999999992e+01,-3.058134858000000023e+01
1.225612612599999984e+01,-4.262251289600000348e+01,-3.959223202100000094e+01,-2.665856442600000165e+01,-2.540318038099999853e+01,-3.079505944799999995e+01
1.227613613599999987e+01,-3.406641210299999756e+01,-3.422090393700000277e+01,-2.758002154300000086e+01,-2.644612133000000043e+01,-3.075227008399999917e+01
1.229614614599999989e+01,-3.682632106999999877e+01,-3.149574665400000129e+01,-2.755636008000000103e+01,-2.499735509899999997e+01,-3.142218966600000130e+01
1.231615615599999991e+01,-3.650462414300000091e+01,-2.958314798900000042e+01,-2.811572343299999943e+01,-2.617533929800000081e+01,-2.926296711299999842e+01
1.233616616599999993e+01,-3.493393187699999913e+01,-3.964669752799999713e+01,-2.723067416900000026e+01,-2.631025486700000116e+01,-3.001269990300000146e+01
1.235617617599999996e+01,-3.243573203900000124e+01,-3.475690655100000015e+01,-2.756987440700000036e+01,-2.495727874099999966e+01,-3.224709483400000209e+01
1.237618618599999998e+01,-3.222397815099999718e+01,-3.464739230200000009e+01,-2.701347489400000157e+01,-2.602390885899999873e+01,-3.183104021899999836e+01
1.239619619600000000e+01,-3.725796469600000194e+01,-3.925783989399999996e+01,-2.921064374199999847e+01,-2.604782714099999907e+01,-2.878603339400000038e+01
1.241620620600000002e+01,-3.258526674000000156e+01,-3.745808750500000173e+01,-2.699360159900000156e+01,-2.593302880099999896e+01,-3.039133554400000037e+01
1.243621621600000005e+01,-3.744441196599999699e+01,-3.370730724500000264e+01,-2.725749180900000113e+01,-2.524332020399999976e+01,-2.812198768600000065e+01
1.245622622600000007e+01,-3.906563759200000163e+01,-3.335657342799999725e+01,-2.704188512200000005e+01,-2.515771704599999836e+01,-2.975212439699999933e+01
1.247623623600000009e+01,-2.911222278700000032e+01,-3.193046016999999992e+01,-2.714770623200000088e+01,-2.448726806799999878e+01,-2.909397489399999870e+01
1.249624624600000011e+01,-2.797244569200000086e+01,-3.537238404600000052e+01,-2.713894842699999899e+01,-2.359448760300000103e+01,-2.657929385899999986e+01
1.251625625600000014e+01,-2.911479271500000010e+01,-3.331383542199999681e+01,-2.742553302199999976e+01,-2.304106481000000173e+01,-2.813907337699999900e+01
1.253626626600000016e+01,-3.157779409999999842e+01,-3.429970579300000111e+01,-2.770300460900000061e+01,-2.372649885199999886e+01,-2.620967372300000164e+01
1.255627627600000018e+01,-3.360727299399999879e+01,-3.702767315500000223e+01,-2.724354761800000091e+01,-2.331393909399999842e+01,-2.509673105899999968e+01
1.257628628600000020e+01,-2.857709852900000058e+01,-3.589401943000000017e+01,-2.667518627000000109e+01,-2.315449993700000064e+01,-2.540234295300000156e+01
1.259629629600000023e+01,-2.676216369000000128e+01,-3.619696300500000063e+01,-2.637654240599999866e+01,-2.380798022400000136e+01,-2.798074639400000052e+01
1.261630630600000025e+01,-2.919035417799999976e+01,-4.140970930699999997e+01,-2.774938776500000159e+01,-2.320898001100000130e+01,-2.960668545900000126e+01
1.263631631600000027e+01,-2.642516879200000091e+01,-4.468966070999999829e+01,-2.647789820699999908e+01,-2.374786781399999924e+01,-3.039864377099999970e+01
1.265632632600000029e+01,-2.734602097599999837e+01,-3.999813857600000233e+01,-2.697112196400000173e+01,-2.284754574300000129e+01,-2.909340195400000084e+01
1.267633633600000032e+01,-2.841162181099999984e+01,-3.661722228000000001e+01,-2.965843671900000089e+01,-2.440964710500000123e+01,-3.303249648500000291e+01
1.269634634600000034e+01,-2.642454199899999878e+01,-3.393564352799999995e+01,-2.872772074699999934e+01,-2.442098161199999851e+01,-3.029703458599999877e+01
1.271635635600000036e+01,-2.789624467100000160e+01,-3.678608329899999774e+01,-3.096915742499999880e+01,-2.444361427500000161e+01,-3.222513925599999851e+01
1.273636636600000038e+01,-2.685585803000000027e+01,-3.610541335700000332e+01,-2.900154763500000143e+01,-2.557213916999999981e+01,-3.411399453500000334e+01
1.275637637600000041e+01,-2.835182104200000097e+01,-3.726226452600000272e+01,-3.289880739299999846e+01,-2.303130017200000168e+01,-3.442681796899999824e+01
1.277638638600000043e+01,-3.273994290400000295e+01,-3.900377622599999938e+01,-3.086736783899999992e+01,-2.400981825799999925e+01,-3.737103077100000093e+01
1.279639639600000045e+01,-3.111158976999999837e+01,-3.574244131900000099e+01,-3.322533670100000336e+01,-2.504354990499999900e+01,-3.924464447199999739e+01
1.281640640600000047e+01,-3.399353042199999919e+01,-4.956890129199999961e+01,-3.331441283899999917e+01,-2.401226009199999822e+01,-4.489576922399999859e+01
1.283641641600000050e+01,-3.074037986000000089e+01,-3.602776135700000282e+01,-3.334989443799999975e+01,-2.576339859200000149e+01,-3.647230077100000045e+01
1.285642642600000052e+01,-2.828365250699999933e+01,-3.202297813500000245e+01,-3.307127107099999819e+01,-2.589443481700000049e+01,-3.923774102600000191e+01
1.287643643600000054e+01,-2.988494380299999875e+01,-3.392932679900000181e+01,-3.354395482399999651e+01,-2.501252475900000150e+01,-4.160238985400000189e+01
1.289644644600000056e+01,-3.277002433199999842e+01,-3.166056114599999916e+01,-3.286002667799999699e+01,-2.540314429400000051e+01,-4.692958755600000131e+01
1.291645645600000059e+01,-3.612243117599999920e+01,-4.348977121800000134e+01,-3.821498729700000041e+01,-2.571242117199999910e+01,-4.192147833700000348e+01
1.293646646600000061e+01,-3.249265019199999927e+01,-3.229388627000000156e+01,-3.455768851900000271e+01,-2.714033602599999995e+01,-3.984492593400000260e+01
1.295647647600000063e+01,-3.375899033400000349e+01,-3.328809313400000036e+01,-3.899539123999999646e+01,-2.871298162400000109e+01,-3.524585157599999974e+01
1.297648648600000065e+01,-3.332292991100000279e+01,-3.388370412100000095e+01,-3.429381313100000028e+01,-2.598077525300000090e+01,-3.648852051800000140e+01
1.299649649600000068e+01,-3.791141848499999867e+01,-3.563682085899999663e+01,-4.091047455399999677e+01,-2.662154262399999993e+01,-3.754645029400000311e+01
1.301650650700000078e+01,-2.894069531899999959e+01,-3.463894755700000161e+01,-3.978142748700000197e+01,-2.867791664099999949e+01,-3.744005316300000175e+01
1.303651651700000080e+01,-3.145154560900000007e+01,-4.555456455099999857e+01,-3.390140945200000289e+01,-3.191744925900000140e+01,-4.014927430299999855e+01
1.305652652700000083e+01,-3.229665583399999917e+01,-4.066248850099999856e+01,-4.000932247200000091e+01,-3.123514583300000069e+01,-3.593777689000000208e+01
1.307653653700000085e+01,-4.520018482700000106e+01,-3.756540779899999905e+01,-3.640623150399999730e+01,-3.220269418400000205e+01,-4.111757373700000073e+01
1.309654654700000087e+01,-3.465468377799999899e+01,-3.693544756000000007e+01,-3.388289702299999817e+01,-3.284284037999999839e+01,-3.959820919799999928e+01
1.311655655699999912e+01,-3.687542681699999747e+01,-3.379545399799999927e+01,-3.549631923599999794e+01,-3.306328475800000177e+01,-3.300246969700000221e+01
1.313656656699999914e+01,-4.104557637399999948e+01,-3.251657999500000074e+01,-3.592291563999999937e+01,-3.148692166400000048e+01,-3.451927250399999991e+01
1.315657657699999916e+01,-3.307128389100000021e+01,-4.070463383799999946e+01,-4.887969994200000201e+01,-3.447358847400000315e+01,-3.531421695200000244e+01
1.317658658699999918e+01,-5.943329750499999875e+01,-3.431488811300000208e+01,-4.632993997300000188e+01,-4.000541533900000246e+01,-3.371527283999999725e+01
1.319659659699999921e+01,-3.694028829799999869e+01,-2.896415628100000106e+01,-4.357035458400000039e+01,-3.219767666399999939e+01,-3.259225049500000182e+01
1.321660660699999923e+01,-3.176785868400000012e+01,-3.336828068100000166e+01,-3.505472655599999854e+01,-4.473050305099999946e+01,-3.800422657000000015e+01
1.323661661699999925e+01,-4.278773298400000158e+01,-3.631095722999999964e+01,-3.938317119999999960e+01,-5.966389483500000068e+01,-3.279006636999999813e+01
1.325662662699999927e+01,-4.242759912599999694e+01,-6.348268645200000293e+01,-3.277951136699999779e+01,-3.752680033200000054e+01,-4.045857964999999723e+01
1.327663663699999930e+01,-4.111851220900000214e+01,-3.067406284400000160e+01,-3.483038253800000206e+01,-4.104407006999999652e+01,-3.453999945599999677e+01
1.329664664699999932e+01,-4.255296191200000067e+01,-3.909526524599999675e+01,-3.259270587299999988e+01,-4.279284045299999661e+01,-3.581127609600000028e+01
1.331665665699999934e+01,-4.741034691400000156e+01,-4.216612620499999764e+01,-3.206116059699999710e+01,-3.486703594099999748e+01,-3.385112530100000328e+01
1.333666666699999936e+01,-4.148967767500000292e+01,-4.382402404700000176e+01,-4.188217490299999923e+01,-3.786253975900000057e+01,-3.318727039699999892e+01
1.335667667699999939e+01,-3.470855519199999861e+01,-5.606311423100000013e+01,-3.119356979999999879e+01,-4.085277403999999990e+01,-3.521417183900000225e+01
1.337668668699999941e+01,-3.477592101500000155e+01,-3.233754334300000011e+01,-3.462151163000000054e+01,-4.043607584499999774e+01,-3.400152890500000069e+01
1.339669669699999943e+01,-4.349844185599999946e+01,-3.548918849100000017e+01,-2.960970389499999911e+01,-3.794111941700000301e+01,-3.418033263000000233e+01
1.341670670699999945e+01,-3.687026202700000255e+01,-4.163250505999999973e+01,-2.945390931900000098e+01,-3.841215459000000010e+01,-3.058463274400000032e+01
1.343671671699999948e+01,-4.430289793699999734e+01,-4.098947302100000201e+01,-2.805596574200000148e+01,-3.740974424200000215e+01,-3.922803972799999883e+01
1.345672672699999950e+01,-4.051016747199999912e+01,-2.963297234599999896e+01,-3.088127149800000026e+01,-4.006021689199999969e+01,-3.318736906800000241e+01
1.347673673699999952e+01,-3.935465402100000176e+01,-4.332008044599999863e+01,-2.994495055200000166e+01,-4.124389908300000229e+01,-4.408787715700000120e+01
1.349674674699999954e+01,-3.773582334000000316e+01,-4.131910670900000326e+01,-3.271726170000000167e+01,-3.705106206100000321e+01,-3.393891463500000327e+01
1.351675675699999957e+01,-3.483861118600000140e+01,-4.949387605900000153e+01,-2.915364633700000141e+01,-3.955093100199999867e+01,-3.458125392699999878e+01
1.353676676699999959e+01,-3.656559094899999707e+01,-3.537195942200000331e+01,-3.046611121000000111e+01,-3.984918263000000138e+01,-3.897670910299999747e+01
1.355677677699999961e+01,-3.679957078200000353e+01,-4.507832520499999873e+01,-2.844491337399999864e+01,-3.769572427599999997e+01,-3.239234492799999998e+01
1.357678678699999963e+01,-3.492532525000000021e+01,-6.320754194500000267e+01,-2.928021164900000173e+01,-4.545812629400000304e+01,-3.301601406900000057e+01
1.359679679699999966e+01,-4.018430534499999851e+01,-3.257467211000000162e+01,-2.828019293599999884e+01,-4.099971602600000153e+01,-4.167421600299999795e+01
1.361680680699999968e+01,-4.454077127699999750e+01,-3.905291579400000046e+01,-2.947419659299999850e+01,-4.136895359900000102e+01,-4.266248293999999674e+01
1.363681681699999970e+01,-3.805973924300000277e+01,-4.086617326100000014e+01,-2.680941632100000049e+01,-4.011769640199999998e+01,-3.851218347300000033e+01
1.365682682699999972e+01,-3.892333741200000219e+01,-4.528744231799999653e+01,-2.871506128400000080e+01,-3.462055462699999708e+01,-4.088723592000000195e+01
1.367683683699999975e+01,-4.145226785900000266e+01,-3.446762934899999919e+01,-2.943973706799999945e+01,-4.740430237199999652e+01,-4.914377101099999834e+01
1.369684684699999977e+01,-3.851496568599999648e+01,-4.778705354099999880e+01,-2.836644914200000045e+01,-4.122421817600000082e+01,-3.675244978900000348e+01
1.371685685699999979e+01,-3.638932047299999795e+01,-4.435431378900000254e+01,-3.045881340300000062e+01,-3.421305605900000302e+01,-3.900114549999999980e+01
1.373686686699999981e+01,-4.244271480599999791e+01,-3.172941657200000165e+01,-2.630429022199999878e+01,-4.307612537800000041e+01,-3.565163699099999661e+01
1.375687687699999984e+01,-3.453080350500000151e+01,-3.161726121699999936e+01,-2.882362355500000106e+01,-3.432457129800000217e+01,-3.377163191000000353e+01
1.377688688699999986e+01,-3.615832503499999717e+01,-3.587236024399999934e+01,-2.746937083399999935e+01,-3.855872763600000042e+01,-3.578597944700000255e+01
1.379689689699999988e+01,-4.690496845100000201e+01,-4.006833726600000034e+01,-3.021418787900000069e+01,-4.026318080699999769e+01,-2.980717558699999969e+01
1.381690690699999990e+01,-4.007813739299999867e+01,-2.951268310200000045e+01,-2.962979942999999849e+01,-3.627296263200000226e+01,-3.273023604400000153e+01
1.383691691699999993e+01,-3.928166944400000204e+01,-3.100386849599999906e+01,-2.850090004600000171e+01,-3.617049108700000204e+01,-3.672232618999999687e+01
1.385692692699999995e+01,-4.095445583000000056e+01,-4.389489509399999889e+01,-2.618051842999999934e+01,-3.579015217799999959e+01,-2.866882427899999897e+01
1.387693693699999997e+01,-3.276038598200000251e+01,-3.892050428600000345e+01,-2.646058968899999897e+01,-4.051929610799999892e+01,-2.987646886299999949e+01
1.389694694699999999e+01,-3.976813644500000322e+01,-3.344574875699999694e+01,-2.738147655499999900e+01,-4.223515812699999827e+01,-3.185538980800000175e+01
1.391695695700000002e+01,-2.894670846400000030e+01,-3.447373732100000154e+01,-2.506006375700000177e+01,-3.770162013299999870e+01,-2.918022191700000079e+01
1.393696696700000004e+01,-3.027589480299999991e+01,-3.522302054499999713e+01,-2.689901100299999825e+01,-3.737780449099999913e+01,-3.051650655799999967e+01
1.395697697700000006e+01,-3.508740657700000298e+01,-3.501870556000000079e+01,-2.811707296399999834e+01,-3.582693727099999847e+01,-2.925582262800000066e+01
1.397698698700000008e+01,-3.248982099399999868e+01,-4.957343632100000264e+01,-2.639126186100000027e+01,-3.589636243999999721e+01,-3.137872584400000164e+01
1.399699699700000011e+01,-5.160421853999999797e+01,-4.054544026500000342e+01,-2.661355910199999997e+01,-4.031131537600000314e+01,-3.089999793499999825e+01
1.401700700700000013e+01,-4.390063630699999919e+01,-2.780428656999999859e+01,-2.495277404200000149e+01,-4.143761856799999777e+01,-2.770988687899999903e+01
1.403701701700000015e+01,-4.265407290600000323e+01,-4.226189325299999666e+01,-2.611381987400000071e+01,-3.676959398099999987e+01,-3.353371858500000258e+01
1.405702702700000017e+01,-4.847221537299999738e+01,-3.670065433199999916e+01,-2.568570077300000065e+01,-3.858787120899999934e+01,-3.122114237399999936e+01
1.407703703700000020e+01,-3.599798538699999995e+01,-3.481781295700000101e+01,-2.511154154000000105e+01,-3.099307223699999980e+01,-3.256632404500000177e+01
1.409704704700000022e+01,-3.608307260800000194e+01,-3.553630610599999784e+01,-2.419805795299999929e+01,-3.730170015299999875e+01,-2.839401713399999849e+01
1.411705705700000024e+01,-3.791020575499999978e+01,-2.957825077300000061e+01,-2.463386462300000090e+01,-3.461781784800000139e+01,-2.986268313000000063e+01
1.413706706700000026e+01,-4.285648096700000309e+01,-4.154062458100000299e+01,-2.451995961600000129e+01,-4.008259504899999826e+01,-3.073256898100000001e+01
1.415707707700000029e+01,-3.512439304400000140e+01,-3.514370824899999946e+01,-2.556493810499999952e+01,-3.598572106200000320e+01,-2.855990393600000132e+01
1.417708708700000031e+01,-3.434983717800000136e+01,-3.130997026300000030e+01,-2.479773828100000088e+01,-4.285895750299999918e+01,-3.006471150499999823e+01
1.419709709700000033e+01,-3.099519557500000033e+01,-3.593976865599999826e+01,-2.463553180299999923e+01,-3.774850924100000071e+01,-3.131334680399999826e+01
1.421710710700000035e+01,-3.484705472000000270e+01,-2.941023739199999909e+01,-2.646597021799999894e+01,-4.408363150600000324e+01,-2.862563317900000115e+01
1.423711711700000038e+01,-4.605667531499999967e+01,-3.341327804099999810e+01,-2.439525171000000014e+01,-4.326764556500000225e+01,-3.155080133499999917e+01
1.425712712700000040e+01,-3.943308506799999691e+01,-3.152498292699999993e+01,-2.639524736899999979e+01,-4.140485733799999934e+01,-3.448102447899999845e+01
1.427713713700000042e+01,-3.589258448900000076e+01,-4.187308297300000248e+01,-2.783349493400000085e+01,-3.930830076299999831e+01,-3.191261192400000013e+01
1.429714714700000044e+01,-3.519668007599999981e+01,-3.381079095399999801e+01,-2.566061660100000097e+01,-4.568260277800000324e+01,-3.411503491700000268e+01
1.431715715700000047e+01,-3.744930470300000280e+01,-3.468318533099999712e+01,-3.083652626199999958e+01,-4.008367245299999837e+01,-3.113106077100000135e+01
1.433716716700000049e+01,-3.763480621299999740e+01,-2.653377408700000117e+01,-2.595014042200000048e+01,-4.139409967999999651e+01,-3.099790100299999906e+01
1.435717717700000051e+01,-3.626831367399999806e+01,-2.921641781900000012e+01,-2.957213647700000081e+01,-4.509230400199999877e+01,-2.936912083700000053e+01
1.437718718700000053e+01,-5.119022207900000154e+01,-3.595649404200000276e+01,-2.704994295799999904e+01,-4.475484594299999941e+01,-3.283932322399999748e+01
1.439719719700000056e+01,-3.010863641999999984e+01,-3.135214904200000063e+01,-2.698838679900000059e+01,-3.851300885300000232e+01,-3.211956154599999991e+01
1.441720720700000058e+01,-4.291778413899999833e+01,-3.848614948000000169e+01,-2.827788542900000124e+01,-4.065880089499999883e+01,-3.649486519599999923e+01
1.443721721700000060e+01,-3.256700329899999957e+01,-3.247156124100000341e+01,-2.749962688600000149e+01,-4.196788212700000287e+01,-3.115365085799999889e+01
1.445722722700000062e+01,-2.851801479699999931e+01,-3.816621297199999674e+01,-2.775909517899999912e+01,-3.311929125500000026e+01,-3.538068231100000105e+01
1.447723723700000065e+01,-3.414822209700000144e+01,-4.180302079900000223e+01,-2.664771788099999839e+01,-5.585446679799999714e+01,-3.148942961199999857e+01
1.449724724700000067e+01,-3.880588097300000072e+01,-3.172056487900000121e+01,-2.747234179699999856e+01,-3.719042733799999922e+01,-3.495600611799999768e+01
1.451725725700000069e+01,-3.643199803200000275e+01,-3.350506304900000032e+01,-2.942289298400000064e+01,-3.745418188499999701e+01,-3.466823746699999731e+01
1.453726726700000071e+01,-6.469413676300000304e+01,-3.369615726400000000e+01,-2.649849031700000168e+01,-3.591340673500000236e+01,-4.457405879200000243e+01
1.455727727700000074e+01,-4.029834779200000128e+01,-3.348257169299999703e+01,-3.120339333300000106e+01,-4.053415470299999868e+01,-3.089315972300000013e+01
1.457728728700000076e+01,-3.593008213699999942e+01,-2.899380422500000165e+01,-2.656660955099999910e+01,-3.878679400099999697e+01,-2.720325217299999920e+01
1.459729729700000078e+01,-3.343988900899999805e+01,-3.621434972099999783e+01,-2.672154697899999931e+01,-4.416500794099999894e+01,-3.456269208199999809e+01
1.461730730700000080e+01,-2.715912854500000151e+01,-3.031137538699999823e+01,-2.872376878200000050e+01,-4.836449260500000236e+01,-3.138094552400000126e+01
1.463731731700000083e+01,-4.862163297699999731e+01,-3.871286187799999823e+01,-3.297964180799999667e+01,-3.981452396099999902e+01,-3.070367079200000049e+01
1.465732732700000085e+01,-3.741919404299999741e+01,-4.870417686199999707e+01,-3.271826526899999976e+01,-4.412764446300000287e+01,-3.253622311800000233e+01
1.467733733700000087e+01,-3.439630511899999732e+01,-3.853702502099999805e+01,-2.822268018799999822e+01,-3.172395536200000166e+01,-3.254604636799999895e+01
1.469734734699999912e+01,-2.384087991199999834e+01,-6.255513535400000080e+01,-2.788592143800000045e+01,-4.659192647599999759e+01,-2.808755444000000168e+01
1.471735735699999914e+01,-4.132616294099999976e+01,-5.001249594600000137e+01,-2.857582122000000169e+01,-3.863765499899999867e+01,-2.648431514299999989e+01
1.473736736699999916e+01,-4.567377399499999768e+01,-3.179614712800000120e+01,-2.915553661199999880e+01,-3.425473903799999675e+01,-2.908270024300000145e+01
1.475737737699999919e+01,-4.499358493300000106e+01,-2.792388379400000176e+01,-2.951502618800000022e+01,-4.608925093300000242e+01,-3.259228182500000059e+01
1.477738738699999921e+01,-3.776566254099999753e+01,-3.431478115899999892e+01,-2.940873066400000013e+01,-3.574347154499999846e+01,-3.251411159300000264e+01
1.479739739699999923e+01,-2.875820008899999891e+01,-3.221742495400000195e+01,-2.502381979999999828e+01,-3.689204383199999882e+01,-3.226051798600000353e+01
1.481740740699999925e+01,-3.112922497599999971e+01,-4.051039809299999916e+01,-2.629437888200000017e+01,-4.793067529700000051e+01,-3.830843935099999698e+01
1.483741741699999928e+01,-2.627960412999999917e+01,-3.617415942400000262e+01,-2.619767556400000075e+01,-4.660038802300000071e+01,-3.139750662000000148e+01
1.485742742699999930e+01,-2.924311035199999864e+01,-3.892475287799999961e+01,-2.456999343500000066e+01,-3.499624193300000030e+01,-2.932919169099999834e+01
1.487743743699999932e+01,-4.121712025800000134e+01,-3.082925746100000097e+01,-2.511181499699999975e+01,-4.115926316800000251e+01,-3.183154492399999924e+01
1.489744744699999934e+01,-3.208692362499999717e+01,-3.437936934999999750e+01,-2.357363705099999862e+01,-4.239981369200000216e+01,-3.200422686299999953e+01
1.491745745699999937e+01,-3.496609542800000270e+01,-3.280802955899999773e+01,-2.577696457900000127e+01,-3.721613135500000169e+01,-2.874817372600000098e+01
1.493746746699999939e+01,-3.697141261000000156e+01,-4.204983325500000291e+01,-2.551520266300000017e+01,-3.719528575999999731e+01,-2.528453053799999850e+01
1.495747747699999941e+01,-3.416966373900000065e+01,-3.457873177900000172e+01,-2.510653685300000149e+01,-3.966540722399999908e+01,-2.666229866799999826e+01
1.497748748699999943e+01,-3.004549327899999867e+01,-3.746620448400000214e+01,-2.401794350200000139e+01,-4.679790836600000148e+01,-3.067630973500000025e+01
1.499749749699999946e+01,-2.839439905800000119e+01,-2.942785798399999919e+01,-2.563540114699999961e+01,-4.059199229200000048e+01,-2.523741415499999974e+01
1.501750750799999956e+01,-3.772292269799999787e+01,-2.746818087799999830e+01,-2.787717225400000132e+01,-3.307298358700000307e+01,-2.802892600599999895e+01
1.503751751799999958e+01,-3.332974194799999879e+01,-4.412553020800000070e+01,-2.639412081500000085e+01,-3.374943632200000110e+01,-2.895507942900000131e+01
1.505752752799999961e+01,-3.820897985300000244e+01,-3.079809738200000169e+01,-2.595768636400000062e+01,-3.496683798099999763e+01,-2.625571439000000140e+01
1.507753753799999963e+01,-2.895016578899999971e+01,-2.191409141100000113e+01,-2.430007314999999934e+01,-3.596709278200000171e+01,-2.576353114500000174e+01
1.509754754799999965e+01,-4.730852895900000021e+01,-4.759139874299999917e+01,-2.554943787299999869e+01,-3.184498791200000056e+01,-2.294872878099999980e+01
1.511755755799999967e+01,-3.346999886100000055e+01,-3.138013428600000054e+01,-2.971731142100000156e+01,-4.080646908399999973e+01,-2.824603697799999935e+01
1.513756756799999970e+01,-3.679098128199999707e+01,-3.956536394700000159e+01,-2.752851194999999862e+01,-3.152952119800000119e+01,-3.090125000000000099e+01
1.515757757799999972e+01,-3.834114573800000159e+01,-4.050140114599999919e+01,-2.724354832299999885e+01,-3.700980674499999878e+01,-2.494520853899999935e+01
1.517758758799999974e+01,-2.870188240199999896e+01,-2.909848578400000108e+01,-2.270402358600000170e+01,-2.729067155799999966e+01,-2.564773655200000135e+01
1.519759759799999976e+01,-3.486985949400000351e+01,-3.371361332699999735e+01,-2.567625577900000167e+01,-3.699438428900000275e+01,-2.891424048700000071e+01
1.521760760799999979e+01,-3.481564439800000343e+01,-3.370215060799999662e+01,-2.584031680200000025e+01,-3.531105943699999727e+01,-3.111476431699999878e+01
1.523761761799999981e+01,-3.877912418999999744e+01,-5.779688095000000203e+01,-2.876214002000000036e+01,-4.408826582100000024e+01,-2.907213642800000031e+01
1.525762762799999983e+01,-4.763578710200000188e+01,-2.634816784499999898e+01,-2.809282915100000011e+01,-3.572984752100000350e+01,-2.727095715500000139e+01
1.527763763799999985e+01,-4.206019373699999875e+01,-4.208022369100000049e+01,-2.375341074399999997e+01,-4.226026744899999699e+01,-3.146121581799999944e+01
1.529764764799999988e+01,-5.077777241900000149e+01,-2.917504543500000125e+01,-2.785945434499999962e+01,-3.807276934699999771e+01,-2.704591210199999907e+01
1.531765765799999990e+01,-4.814551859299999848e+01,-3.876855806399999693e+01,-2.499435917699999976e+01,-5.164338268000000198e+01,-2.819845248900000101e+01
1.533766766799999992e+01,-3.072669159300000175e+01,-3.665924807700000088e+01,-2.779156885300000113e+01,-4.752290336899999801e+01,-3.231509976099999903e+01
1.535767767799999994e+01,-3.764665202100000130e+01,-2.286662527600000061e+01,-2.695493666200000149e+01,-3.710695247900000027e+01,-3.277813992400000132e+01
1.537768768799999997e+01,-3.826400789699999905e+01,-4.639826852499999887e+01,-2.665712165600000105e+01,-4.190591696199999916e+01,-3.305966762900000333e+01
1.539769769799999999e+01,-3.302225705099999686e+01,-3.314004192800000226e+01,-2.701299481799999924e+01,-3.679857261299999749e+01,-3.026528312800000009e+01
1.541770770800000001e+01,-3.316080580300000236e+01,-3.699047710100000330e+01,-2.873336237199999843e+01,-4.069796963699999992e+01,-2.670500168399999907e+01
1.543771771800000003e+01,-3.057646781500000088e+01,-2.806997370699999905e+01,-2.703488852399999942e+01,-4.597677804100000287e+01,-2.976706250699999856e+01
1.545772772800000006e+01,-3.446088551900000141e+01,-4.061908849099999941e+01,-3.226959814399999971e+01,-3.832655242700000287e+01,-3.114941720199999864e+01
1.547773773800000008e+01,-4.673572350300000267e+01,-5.082132570600000321e+01,-2.538388119600000081e+01,-3.490982444499999815e+01,-3.486457074300000158e+01
1.549774774800000010e+01,-4.277413478799999780e+01,-3.336303741700000103e+01,-3.710720980499999655e+01,-4.512839303599999852e+01,-2.557726141099999850e+01
1.551775775800000012e+01,-3.679005928899999844e+01,-3.161133404899999988e+01,-3.001338474499999975e+01,-3.756949607399999991e+01,-2.538614008400000088e+01
1.553776776800000015e+01,-3.496859072099999821e+01,-2.636372790000000066e+01,-3.135145855200000042e+01,-3.780108267899999674e+01,-2.891744290500000147e+01
1.555777777800000017e+01,-3.133561383099999986e+01,-3.766252915799999812e+01,-3.024158470300000090e+01,-4.127514508099999802e+01,-2.987468859100000174e+01
1.557778778800000019e+01,-3.395664023999999870e+01,-4.288195627300000012e+01,-3.306258518500000321e+01,-3.721553681099999977e+01,-2.660763619200000107e+01
1.559779779800000021e+01,-2.820510290700000056e+01,-4.214923892800000260e+01,-2.953203064399999889e+01,-4.151593828400000064e+01,-3.101620176999999856e+01
1.561780780800000024e+01,-2.611674262700000071e+01,-2.996030691099999999e+01,-3.403489118099999899e+01,-4.535481260099999901e+01,-2.741501142699999960e+01
1.563781781800000026e+01,-3.743961598799999990e+01,-4.207884117500000087e+01,-3.751106685500000282e+01,-3.919038876599999810e+01,-1.929924442500000126e+01
1.565782782800000028e+01,-2.687482394599999935e+01,-3.605769039599999815e+01,-3.246348642299999909e+01,-4.085780768299999721e+01,-2.419248777700000019e+01
1.567783783800000030e+01,-2.877577591100000021e+01,-3.877273161299999771e+01,-3.177887696299999831e+01,-3.938135109899999975e+01,-2.582915500200000025e+01
1.569784784800000033e+01,-3.097308207800000091e+01,-3.503921886100000194e+01,-3.063683249300000000e+01,-3.977873601299999962e+01,-1.812961192999999938e+01
1.571785785800000035e+01,-3.122764614500000135e+01,-4.497394160500000027e+01,-3.172477531599999878e+01,-3.806015759499999973e+01,-2.256469485799999930e+01
1.573786786800000037e+01,-2.620104002700000123e+01,-2.828600345099999913e+01,-2.874065877299999983e+01,-3.244444436100000217e+01,-2.290134787499999902e+01
1.575787787800000039e+01,-3.011443265000000125e+01,-3.871373462900000106e+01,-3.080493883899999830e+01,-3.962712828200000104e+01,-2.616813131600000020e+01
1.577788788800000042e+01,-4.373202095799999967e+01,-4.494648890799999918e+01,-2.736034049499999909e+01,-3.694864825999999880e+01,-2.479140062000000100e+01
1.579789789800000044e+01,-2.401245648500000129e+01,-2.872788928900000016e+01,-3.025818911000000000e+01,-4.150070098199999791e+01,-2.067826299700000092e+01
1.581790790800000046e+01,-3.765379069299999770e+01,-3.839086644900000067e+01,-3.005848566599999927e+01,-2.921605063599999852e+01,-2.048963224299999908e+01
1.583791791800000048e+01,-4.090032346400000307e+01,-3.870720989000000145e+01,-2.497048039099999883e+01,-3.323936807199999777e+01,-2.175028848299999851e+01
1.585792792800000051e+01,-2.367658760400000162e+01,-3.818045739200000099e+01,-2.500576430899999991e+01,-3.119174733399999866e+01,-2.160039780800000031e+01
1.587793793800000053e+01,-3.348881881500000190e+01,-2.702533726600000108e+01,-2.847370412600000122e+01,-3.467589013999999992e+01,-2.333377323099999856e+01
1.589794794800000055e+01,-3.259501826300000005e+01,-4.165789497600000146e+01,-2.668623381100000103e+01,-3.485146000000000299e+01,-2.514444904799999847e+01
1.591795795800000057e+01,-2.898585452500000059e+01,-4.158568297699999761e+01,-2.215290105100000062e+01,-2.395713660299999859e+01,-2.082938910400000054e+01
1.593796796800000060e+01,-2.927773765999999966e+01,-4.206421645300000023e+01,-2.451211958600000074e+01,-3.326998061999999834e+01,-2.193670355800000138e+01
1.595797797800000062e+01,-2.736433226999999846e+01,-3.551979740200000180e+01,-2.429882820799999976e+01,-3.463183130600000226e+01,-2.344023201199999917e+01
1.597798798800000064e+01,-2.519571994000000004e+01,-2.996424780999999982e+01,-2.703265314400000108e+01,-2.804290120099999939e+01,-2.735873496800000026e+01
1.599799799800000066e+01,-2.527324316600000031e+01,-2.588669482699999946e+01,-2.299166250800000100e+01,-4.280978110099999867e+01,-2.307239835800000094e+01
1.601800800799999891e+01,-1.657773403199999862e+01,-4.743360717000000193e+01,-2.499439349600000071e+01,-2.835482196899999963e+01,-2.583998630399999996e+01
1.603801801799999893e+01,-2.362499552999999963e+01,-3.989860611699999993e+01,-2.509960795099999942e+01,-2.605698264999999836e+01,-2.358732636199999888e+01
1.605802802799999895e+01,-3.677534432400000242e+01,-3.521065421800000195e+01,-2.978967744199999856e+01,-4.414092958100000175e+01,-2.527969292299999893e+01
1.607803803799999898e+01,-2.974713848700000085e+01,-3.439588851799999958e+01,-2.545330848400000079e+01,-3.269828123500000316e+01,-2.635028484700000106e+01
1.609804804799999900e+01,-2.685168127500000068e+01,-4.044825405700000154e+00,-8.941414919399999661e+00,-2.093821697099999923e+01,-2.162656371299999947e+01
1.611805805799999902e+01,-3.405833982499999735e+01,-1.674262122500000061e+01,-3.172915762199999890e+01,-3.195861450399999981e+01,-2.467200436499999938e+01
1.613806806799999904e+01,-2.886546248999999875e+01,-2.893548544200000094e+01,-2.627405617200000165e+01,-3.894263644400000146e+01,-2.740887049899999894e+01
1.615807807799999907e+01,-2.439350363699999846e+01,-2.805172562399999947e+01,-2.687181338099999905e+01,-3.836745920700000312e+01,-2.880073106500000080e+01
1.617808808799999909e+01,-2.213288287800000020e+01,-3.918036936499999712e+01,-2.387629832800000074e+01,-3.688254013499999928e+01,-2.700210997099999943e+01
1.619809809799999911e+01,-2.413162426899999957e+01,-3.463809382400000203e+01,-2.466782643899999883e+01,-3.147733641299999974e+01,-3.253002009099999725e+01
1.621810810799999913e+01,-1.065356807600000089e+01,-3.620641766199999978e+01,-2.328610234699999992e+01,-2.944875229200000177e+01,-2.518687413800000030e+01
1.623811811799999916e+01,-3.011753389100000078e+01,-2.998144373799999940e+01,-2.590304800899999904e+01,-3.612532874099999702e+01,-2.807440102600000031e+01
1.625812812799999918e+01,-2.914591226800000001e+01,-2.228296938500000124e+01,-2.776399471999999946e+01,-3.561834582600000232e+01,-2.392412089800000174e+01
1.627813813799999920e+01,-3.298881156499999889e+01,-5.410624385900000277e+01,-2.687201934200000153e+01,-3.462456896799999839e+01,-2.689459389599999994e+01
1.629814814799999922e+01,-2.824593987500000125e+01,-2.757531363900000088e+01,-2.625190036600000099e+01,-3.558160660400000097e+01,-2.341642511999999954e+01
1.631815815799999925e+01,-2.951231257199999902e+01,-3.042043597099999985e+01,-2.633258652499999997e+01,-3.310682426700000036e+01,-2.338300616200000093e+01
1.633816816799999927e+01,-3.173445348899999985e+01,-3.453125812999999766e+01,-2.625921575299999944e+01,-3.309655788199999904e+01,-2.393790674499999938e+01
1.635817817799999929e+01,-3.468467999399999968e+01,-2.799038297199999903e+01,-3.106441597799999954e+01,-2.848889622000000088e+01,-2.724032765800000178e+01
1.637818818799999931e+01,-2.404124451999999934e+01,-2.871383085300000104e+01,-2.465420681000000158e+01,-3.565555251800000036e+01,-2.706161840600000090e+01
1.639819819799999934e+01,-3.629096167899999870e+01,-3.943435707399999757e+01,-2.913268916199999836e+01,-3.793927293400000167e+01,-2.570813906000000060e+01
1.641820820799999936e+01,-3.219492487099999778e+01,-2.521080735299999986e+01,-2.331006611400000139e+01,-2.867056848800000068e+01,-2.675012019000000052e+01
1.643821821799999938e+01,-2.894428026399999965e+01,-2.927843355399999936e+01,-2.767426740300000176e+01,-3.011285283799999846e+01,-2.096093072200000051e+01
1.645822822799999940e+01,-2.753484693900000124e+01,-3.248977818499999870e+01,-2.301254906999999861e+01,-3.105835633999999956e+01,-2.385918843400000000e+01
1.647823823799999943e+01,-3.095865066900000073e+01,-3.979521536099999679e+01,-3.003866804000000101e+01,-3.311731873400000126e+01,-3.726387582600000314e+01
1.649824824799999945e+01,-3.993230787200000265e+01,-3.145195147200000108e+01,-3.111894804099999945e+01,-3.339215967999999890e+01,-2.265645382499999982e+01
1.651825825799999947e+01,-2.954610600999999903e+01,-2.967988489100000038e+01,-3.186248803200000168e+01,-2.961100961600000048e+01,-2.521109298800000076e+01
1.653826826799999949e+01,-3.527048020200000167e+01,-2.325298357200000154e+01,-2.500078228599999974e+01,-3.182029923400000015e+01,-2.303381418200000041e+01
1.655827827799999952e+01,-3.301759587000000096e+01,-2.680369291499999918e+01,-2.905796898999999911e+01,-3.954225985499999751e+01,-3.036220076600000084e+01
1.657828828799999954e+01,-1.785114966900000155e+01,-3.202458097499999923e+01,-3.111539610399999845e+01,-3.189453475299999852e+01,-2.604412736300000120e+01
1.659829829799999956e+01,-2.689411070899999956e+01,-3.480255621599999927e+01,-3.106809321700000126e+01,-3.504200295100000062e+01,-3.199804772299999911e+01
1.661830830799999958e+01,-3.768790001100000353e+01,-3.898852338599999712e+01,-2.893217883100000165e+01,-2.925321595500000171e+01,-3.072941597399999836e+01
1.663831831799999961e+01,-2.623656475299999968e+01,-3.010633681299999864e+01,-3.275750439499999800e+01,-3.172931961000000101e+01,-3.180267582400000137e+01
1.665832832799999963e+01,-3.122602320600000070e+01,-2.132501409700000039e+01,-2.921874685099999880e+01,-3.090637107499999914e+01,-3.086022330000000125e+01
1.667833833799999965e+01,-3.528902327000000128e+01,-5.117734102400000040e+01,-2.714923280700000063e+01,-3.460984680699999672e+01,-2.818035491499999878e+01
1.669834834799999967e+01,-2.537096393899999924e+01,-3.500446309299999825e+01,-2.958562460299999941e+01,-3.691296753400000341e+01,-2.957417049500000061e+01
1.671835835799999970e+01,-4.013558727099999857e+01,-3.582315400400000271e+01,-3.032931093399999867e+01,-3.356454009000000127e+01,-3.374991561800000284e+01
1.673836836799999972e+01,-3.193659556200000083e+01,-3.130444450199999906e+01,-2.620719614700000122e+01,-3.102057676000000086e+01,-3.146630499600000164e+01
1.675837837799999974e+01,-1.810717341000000147e+01,-3.118845947200000168e+01,-2.753772457399999851e+01,-3.690647193099999868e+01,-3.300545381900000308e+01
1.677838838799999976e+01,-3.091538071700000145e+01,-3.123057972399999827e+01,-2.690260923800000015e+01,-3.894526429199999740e+01,-2.869791506199999986e+01
1.679839839799999979e+01,-3.737131609499999740e+01,-2.595528733300000113e+01,-2.570976410700000159e+01,-3.232840387899999968e+01,-3.107180687399999997e+01
1.681840840799999981e+01,-3.272977728600000091e+01,-2.893809120399999912e+01,-2.775063755800000109e+01,-3.073088549899999933e+01,-3.101793484099999887e+01
1.683841841799999983e+01,-2.944548140599999897e+01,-3.280250101099999682e+01,-2.804774094500000103e+01,-3.152123035600000023e+01,-2.764974070999999967e+01
1.685842842799999985e+01,-2.066164544600000141e+01,-2.655761695400000022e+01,-2.644750531400000071e+01,-3.362347603300000287e+01,-2.276736716799999982e+01
1.687843843799999988e+01,-3.263439121300000068e+01,-4.526128977700000178e+01,-2.750493759400000116e+01,-2.915101248199999873e+01,-2.383965513400000091e+01
1.689844844799999990e+01,-3.355924735400000003e+01,-3.304024626100000006e+01,-2.460862153300000088e+01,-3.004039661499999880e+01,-2.618723188499999921e+01
1.691845845799999992e+01,-3.407720873499999925e+01,-4.050818301799999688e+01,-2.764318903499999891e+01,-3.121499087700000175e+01,-3.200842951399999947e+01
1.693846846799999994e+01,-2.795726214600000148e+01,-3.393122293399999734e+01,-2.736873758100000131e+01,-3.063463589599999892e+01,-2.525113277699999870e+01
1.695847847799999997e+01,-3.692947661400000214e+01,-3.877913700599999913e+01,-2.697285283000000078e+01,-2.600711433200000045e+01,-1.870134949399999869e+01
1.697848848799999999e+01,-4.070114103899999947e+01,-2.975490204899999824e+01,-3.571198414399999876e+01,-3.193052707000000012e+01,-2.762424967899999828e+01
1.699849849800000001e+01,-3.851667473799999897e+01,-2.991831194499999924e+01,-2.163069253800000169e+01,-2.159251357799999838e+01,-3.849550998499999821e+01
1.701850850900000012e+01,-3.222470628199999965e+01,-5.608857748599999837e+01,-2.520932031199999912e+01,-2.902124986999999834e+01,-2.812007682200000147e+01
1.703851851900000014e+01,-3.301121501099999733e+01,-3.391035884499999753e+01,-2.541371455699999871e+01,-3.531942520999999857e+01,-2.242441591400000078e+01
1.705852852900000016e+01,-4.763080302000000188e+01,-3.848050637800000118e+01,-4.250910218799999996e+01,-3.563636563299999693e+01,-1.758576468700000106e+01
1.707853853900000018e+01,-4.830296058999999786e+01,-2.385131065399999883e+01,-2.820952954099999843e+01,-3.690972162100000276e+01,-2.379480855199999922e+01
1.709854854900000021e+01,-2.919354959100000002e+01,-2.933191881500000164e+01,-3.142365810500000123e+01,-2.722704374499999957e+01,-2.442920792500000005e+01
1.711855855900000023e+01,-4.671981480699999878e+01,-4.256160230799999766e+01,-3.844542208699999719e+01,-3.378854161900000008e+01,-2.384977535399999837e+01
1.713856856900000025e+01,-4.958894077400000100e+01,-3.724118106699999942e+01,-2.731957197499999879e+01,-4.127956805600000223e+01,-2.264680912700000093e+01
1.715857857900000027e+01,-2.771244889800000166e+01,-3.871378679400000067e+01,-2.436815598100000102e+01,-3.113060104399999872e+01,-3.236775540099999660e+01
1.717858858900000030e+01,-3.502577040900000327e+01,-3.681433635799999848e+01,-2.854985289000000037e+01,-2.763685963200000018e+01,-2.011834755799999996e+01
1.719859859900000032e+01,-5.179405114699999757e+01,-3.043132632200000032e+01,-3.128316883300000129e+01,-2.171370920800000093e+01,-2.157468267100000148e+01
1.721860860900000034e+01,-3.292739843599999716e+01,-2.678767994600000080e+01,-3.802688712900000212e+01,-3.583321980800000262e+01,-3.689331516800000088e+01
1.723861861900000036e+01,-3.469718203600000095e+01,-4.468994695300000330e+01,-2.763557260199999988e+01,-3.523030629400000180e+01,-2.709320025299999912e+01
1.725862862900000039e+01,-3.824568873199999786e+01,-3.959526411200000240e+01,-4.072569749299999842e+01,-2.934833344999999838e+01,-2.551746545099999963e+01
1.727863863900000041e+01,-3.287786139600000013e+01,-2.451239944399999970e+01,-2.197972565599999939e+01,-2.515465444699999864e+01,-2.644184329400000166e+01
1.729864864900000043e+01,-3.009376724599999875e+01,-3.521174399699999924e+01,-3.077699881399999882e+01,-3.474450481800000290e+01,-2.181374843700000099e+01
1.731865865900000045e+01,-3.049759417900000003e+01,-4.988513954100000092e+01,-2.478363458700000166e+01,-2.840987471100000050e+01,-1.202581567999999912e+01
1.733866866900000048e+01,-4.092237178700000300e+01,-3.693064498399999707e+01,-2.355097823799999901e+01,-2.425538986300000133e+01,-2.662784333500000145e+01
1.735867867900000050e+01,-4.230594264999999865e+01,-5.212945567500000266e+01,-3.491430160099999824e+01,-3.510993023799999690e+01,-3.094397826399999829e+01
1.737868868900000052e+01,-3.566982737600000064e+01,-3.497000939800000197e+01,-2.624197866300000115e+01,-3.421679976000000067e+01,-4.425631362200000041e+01
1.739869869900000054e+01,-3.264479487599999885e+01,-3.148582768500000029e+01,-3.679664187499999883e+01,-3.097139996699999998e+01,-2.691115094799999952e+01
1.741870870900000057e+01,-4.397745572800000247e+01,-2.637782408200000006e+01,-2.615387438899999850e+01,-2.114013780799999864e+01,-1.551287798599999945e+01
1.743871871900000059e+01,-3.242622487599999914e+01,-2.468698311800000056e+01,-2.989759964599999975e+01,-3.245613696499999890e+01,-3.048106672300000142e+01
1.745872872900000061e+01,-2.982073223300000109e+01,-3.157444945099999956e+01,-3.118861477900000168e+01,-2.621162427100000158e+01,-2.095664173200000135e+01
1.747873873900000063e+01,-3.043815729299999973e+01,-3.483607894000000016e+01,-2.707170280500000104e+01,-2.964523444699999999e+01,-2.184966972400000174e+01
1.749874874900000066e+01,-2.587024806799999865e+01,-3.515189334899999807e+01,-2.577956906200000020e+01,-3.501277533900000094e+01,-2.385463731100000118e+01
1.751875875900000068e+01,-4.264827210899999699e+01,-2.364333183700000163e+01,-2.525709744199999918e+01,-3.397977096000000330e+01,-2.760522476199999886e+01
1.753876876900000070e+01,-3.422067261800000182e+01,-5.003190762599999886e+01,-2.703147410400000084e+01,-3.063329782799999990e+01,-1.374533518500000007e+01
1.755877877900000072e+01,-3.075799651299999837e+01,-3.490383817899999741e+01,-2.683058617600000062e+01,-3.639096964800000222e+01,-2.385284437800000035e+01
1.757878878900000075e+01,-3.295868663499999940e+01,-2.722608649200000031e+01,-2.190823081399999950e+01,-2.163015773100000061e+01,-3.400346765700000162e+01
1.759879879900000077e+01,-3.886817572500000040e+01,-2.999342238899999913e+01,-2.720661966400000153e+01,-4.967524162800000198e+01,-2.718179332500000100e+01
1.761880880900000079e+01,-2.002955144599999926e+01,-2.934124183200000147e+01,-2.407881800099999836e+01,-3.823174600800000178e+01,-2.660392437999999871e+01
1.763881881900000081e+01,-3.466737250199999920e+01,-2.470068743599999905e+01,-3.465105340400000244e+01,-3.338698292400000156e+01,-2.831177953799999969e+01
1.765882882900000084e+01,-3.960933356299999986e+01,-2.894892048000000173e+01,-3.256501691599999759e+01,-3.837372764999999930e+01,-3.248461502100000331e+01
1.767883883900000086e+01,-1.941552438200000097e+01,-2.947705044599999979e+01,-2.794959022700000162e+01,-4.061203363500000307e+01,-3.342003670799999782e+01
1.769884884900000088e+01,-3.895535708599999936e+01,-3.601538290300000256e+01,-3.477654588400000080e+01,-2.882543153700000005e+01,-2.287909491599999967e+01
1.771885885900000090e+01,-3.500403211100000078e+01,-2.726154141499999994e+01,-3.524807095599999940e+01,-2.211687091299999963e+01,-1.136208651499999966e+01
1.773886886900000093e+01,-2.566563475099999891e+01,-3.089989436899999831e+01,-3.457288743899999872e+01,-3.634257766099999998e+01,-2.931318006800000120e+01
1.775887887900000095e+01,-3.516862519800000086e+01,-3.132897200900000101e+01,-2.747709164700000173e+01,-2.604304132900000113e+01,-3.497452021899999863e+01
1.777888888900000097e+01,-2.726621593999999860e+01,-3.314555819400000303e+01,-3.449581040700000045e+01,-2.851255979999999823e+01,-2.685988333399999917e+01
1.779889889900000099e+01,-2.399702699399999872e+01,-3.381804535700000258e+01,-1.623241940200000144e+01,-2.339729682800000177e+01,-1.445270240400000006e+01
1.781890890900000102e+01,-3.292162022400000154e+01,-3.704064119699999935e+01,-4.404793259299999875e+01,-3.148313646600000126e+01,-3.195872878300000153e+01
1.783891891900000104e+01,-4.148499960200000203e+01,-3.646804874499999727e+01,-3.078175009099999926e+01,-2.718423070200000069e+01,-3.895203507099999740e+01
1.785892892900000106e+01,-2.752475519000000048e+01,-2.486419441099999972e+01,-3.879962376299999960e+01,-2.509431582899999924e+01,-3.003354364899999851e+01
1.787893893900000108e+01,-3.797345672099999803e+01,-4.734563316900000274e+01,-3.031956848900000168e+01,-2.743753699999999895e+01,-2.979706127100000046e+01
1.789894894900000111e+01,-3.095483152299999929e+01,-2.589324362400000012e+01,-4.370374762400000179e+01,-3.722481762099999969e+01,-2.544809452899999869e+01
1.791895895900000113e+01,-3.383785161499999816e+01,-3.495590743199999650e+01,-2.594563056399999823e+01,-2.326172734400000053e+01,-3.334221937699999927e+01
1.793896896900000115e+01,-4.418530041000000352e+01,-2.771157999400000094e+01,5.677075757299999692e-01,4.484739066000000385e+00,-2.574663076699999920e+01
1.795897897900000117e+01,-2.747006661700000052e+01,-3.614167234800000017e+01,-3.317166205699999892e+01,-2.915190036099999915e+01,-3.064284206600000005e+01
1.797898898900000120e+01,-3.295707120400000179e+01,-2.511488697600000108e+01,-2.552447157699999991e+01,-2.730014405400000044e+01,-2.419299486499999929e+01
1.799899899900000122e+01,-3.528523664299999751e+01,-2.846957341999999969e+01,-2.373685550600000127e+01,-3.159923942500000038e+01,-2.239941931699999955e+01
1.801900900900000124e+01,-3.942265901100000036e+01,-4.082407013600000312e+01,-2.125527041999999867e+01,-1.980977579700000035e+01,-2.459120388899999909e+01
1.803901901900000126e+01,-3.113538055400000104e+01,-3.334103435600000154e+01,-3.089424574899999953e+01,-2.649208994900000036e+01,-2.891328576400000117e+01
1.805902902900000129e+01,-4.188550195799999898e+01,-2.945247180899999861e+01,-3.026155891399999831e+01,-2.784994345300000163e+01,-3.237040488099999891e+01
1.807903903900000131e+01,-4.306737222699999990e+01,-4.643655867799999726e+01,-3.298410909700000104e+01,-2.702385421800000032e+01,-2.921305091600000026e+01
1.809904904900000133e+01,-4.201591237400000267e+01,-3.518598904099999913e+01,-3.209076864400000062e+01,-2.494974103199999860e+01,-3.572456279899999743e+01
1.811905905900000135e+01,-3.291634068999999840e+01,-1.317511648199999996e+01,-3.037635055799999861e+01,-2.586504011199999908e+01,-3.913746479899999997e+01
1.813906906900000138e+01,-3.654789869500000066e+01,-3.057619808899999825e+01,-3.936385782800000044e+01,-2.608714783499999967e+01,-3.641182158699999860e+01
1.815907907900000140e+01,-3.057307498799999834e+01,-4.009472395299999903e+01,-3.427288521900000262e+01,-2.313876727299999914e+01,-3.294558781599999975e+01
1.817908908900000142e+01,-3.830701361100000213e+01,-4.273520142899999996e+01,-3.381274891399999660e+01,-2.858822223800000017e+01,-3.028920554200000126e+01
1.819909909900000144e+01,-5.028588001899999682e+01,-3.650111670199999736e+01,-3.932955425099999758e+01,-2.869844079900000011e+01,-3.355517203200000154e+01
1.821910910900000147e+01,-4.011734448800000052e+01,-4.128417797000000178e+01,-3.237659696800000120e+01,-3.462056248300000050e+01,-4.251487085600000171e+01
1.823911911900000149e+01,-4.099943037100000254e+01,-3.358731916400000017e+01,-2.744875509799999946e+01,-3.322619712000000192e+01,-4.157755536300000188e+01
1.825912912900000151e+01,-3.483572666100000248e+01,-3.224176475899999872e+01,-2.643103890400000111e+01,-3.169446981800000174e+01,-1.286783702199999979e+01
1.827913913900000153e+01,-4.600492307100000033e+01,-3.296173012300000238e+01,-3.217151973400000031e+01,-2.776646483300000057e+01,-4.497021195500000346e+01
1.829914914900000156e+01,-3.956943031499999819e+01,-2.803778435399999935e+01,-3.702946030399999700e+01,-2.852743403299999869e+01,-4.955841074500000332e+01
1.831915915900000158e+01,-1.242765472900000034e+01,-4.776828020500000349e+01,-3.441653248000000076e+01,-2.934966340700000131e+01,-4.534855622700000310e+01
1.833916916900000160e+01,-3.348268831099999687e+01,-2.074254553300000126e+01,-3.416850379600000309e+01,-2.811403969799999913e+01,-3.298100842899999918e+01
1.835917917900000162e+01,-2.473857959400000084e+01,-3.202925208300000293e+01,-3.809012331800000339e+01,-2.312864295700000028e+01,-2.588367373299999841e+01
1.837918918900000165e+01,-3.832748011500000018e+01,-3.623047161400000249e+01,-2.441663706699999992e+01,-3.000275175899999880e+01,-3.516893117699999749e+01
1.839919919900000167e+01,-3.242926099400000339e+01,-3.618985834200000085e+01,-3.126095297999999900e+01,-3.141282789099999917e+01,-2.647147855600000099e+01
1.841920920900000169e+01,-1.614208497799999975e+01,-3.862168272299999927e+01,-3.019059562400000019e+01,-2.544037210000000115e+01,-2.550432712399999957e+01
1.843921921900000171e+01,-2.551781614700000134e+01,-3.306702985900000158e+01,-3.820317933599999805e+01,-2.670760055999999949e+01,-3.834585093500000141e+01
1.845922922900000174e+01,-4.768079586100000000e+01,-3.298454993200000018e+01,-3.541960920799999712e+01,-3.010622585699999831e+01,-3.257102146100000084e+01
1.847923923900000176e+01,-4.427366491400000115e+01,-2.760818597700000154e+01,-2.796903430100000065e+01,-2.682651123300000151e+01,-3.697410432899999932e+01
1.849924924899999823e+01,-4.475009024300000249e+01,-4.467578722599999708e+01,-2.981362391700000103e+01,-2.836832515900000118e+01,-2.873922105600000165e+01
1.851925925899999825e+01,-3.678025409699999670e+01,-4.044319856599999952e+01,-3.820071451799999807e+01,-2.798164811699999888e+01,-4.350965587099999965e+01
1.853926926899999827e+01,-2.700376437599999946e+01,-3.046210344100000000e+01,-2.568289015799999930e+01,-2.865457471799999922e+01,-2.597982672599999887e+01
1.855927927899999830e+01,-4.973032954100000325e+01,-3.629387912300000352e+01,-2.628007311400000034e+01,-3.090159135500000076e+01,-3.085070849599999931e+01
1.857928928899999832e+01,-2.671448157100000032e+01,-2.879586115900000109e+01,-2.681082234599999836e+01,-2.944726747300000014e+01,-3.102470635299999913e+01
1.859929929899999834e+01,-2.628292326700000103e+01,-3.386573298199999726e+01,-3.646107086899999672e+01,-2.713358283099999824e+01,-2.826359465299999840e+01
1.861930930899999836e+01,-3.013394034499999918e+01,-3.186613674899999893e+01,-2.938435829299999824e+01,-3.640292287999999843e+01,-3.155686750399999951e+01
1.863931931899999839e+01,-2.795176900199999892e+01,-2.904684311200000124e+01,-2.546218248799999984e+01,-3.290337151800000015e+01,-3.056765170099999906e+01
1.865932932899999841e+01,-3.018937061200000116e+01,-2.958767554099999941e+01,-2.635393941299999909e+01,-4.008756721900000031e+01,-2.751973510699999892e+01
1.867933933899999843e+01,-4.088442565199999734e+01,-4.037655477300000229e+01,-1.393190390900000075e+01,-1.029731715700000017e+01,-1.716586322499999895e+01
1.869934934899999845e+01,-3.667869073199999974e+01,-3.959370414299999652e+01,-2.849645993500000074e+01,-2.137249094599999921e+01,-3.102811193599999839e+01
1.871935935899999848e+01,-2.341963293399999912e+01,-3.227790163400000267e+01,-1.764212437400000155e+01,-1.544096611900000049e+01,-3.505125422500000099e+01
1.873936936899999850e+01,-2.562759927400000137e+01,-3.347245265200000119e+01,-5.005982807800000245e+01,-2.568603208000000038e+01,-3.327137911599999853e+01
1.875937937899999852e+01,-3.939760944500000051e+01,-3.337605794800000325e+01,-2.377952514300000075e+01,-2.828142436199999921e+01,-3.558965572599999660e+01
1.877938938899999854e+01,-3.681777221899999830e+01,-4.457990503999999987e+01,-2.362698068899999981e+01,-3.013403035400000007e+01,-1.783780024200000014e+01
1.879939939899999857e+01,-2.948033950800000014e+01,-1.829859169999999935e+01,-3.256383220699999725e+01,-2.614183233199999989e+01,-1.784968324000000095e+01
1.881940940899999859e+01,-4.999130213200000128e+01,-3.696885968299999803e+01,-2.660868036400000136e+01,-3.261423191400000121e+01,-3.318084510599999959e+01
1.883941941899999861e+01,-4.145028920200000044e+01,-4.541219400100000314e+01,-2.093588766199999895e+01,-2.232156004999999865e+01,-2.600525453799999909e+01
1.885942942899999863e+01,-3.309992828600000081e+01,-3.005468768300000093e+01,-1.082931269900000082e+01,-2.125522434299999830e+01,-2.667198046600000083e+01
1.887943943899999866e+01,-4.204012260199999673e+01,-3.278421916900000355e+01,-2.492351637100000161e+01,-2.531039249899999888e+01,-2.968185345499999883e+01
1.889944944899999868e+01,-4.179982449199999905e+01,-3.453353559399999995e+01,-2.656836270299999825e+01,-2.861888911000000135e+01,-3.527449534099999795e+01
1.891945945899999870e+01,-3.662559078299999982e+01,-3.226249197900000354e+01,-3.084987809500000111e+01,-4.809150061799999776e+01,-2.812662512600000042e+01
1.893946946899999872e+01,-3.829092637899999829e+01,-5.666406401100000068e+01,-3.243763484699999822e+01,-3.399772392199999871e+01,-3.520498409000000350e+01
1.895947947899999875e+01,-3.480451105000000211e+01,-6.196834220099999868e+01,-3.365655675499999688e+01,-3.349848028299999925e+01,-4.474868390799999673e+01
1.897948948899999877e+01,-2.398606178200000016e+01,-2.129773098200000092e+01,-2.074122175500000154e+01,-2.502587785500000095e+01,-1.747478643399999854e+01
1.899949949899999879e+01,-3.234127198099999845e+01,-4.510783039900000091e+01,-2.712834198499999872e+01,-2.609494808899999896e+01,-3.841393217699999951e+01
1.901950950999999890e+01,-4.872094884999999920e+01,-3.627576383499999935e+01,-2.640479056899999932e+01,-4.316596062400000022e+01,-3.367442394599999744e+01
1.903951951999999892e+01,-4.361664190599999813e+01,-2.160735133300000044e+01,-2.230465822600000081e+01,-2.368367418400000091e+01,-3.446180113700000192e+01
1.905952952999999894e+01,-6.611930006800000115e+01,-4.681340381599999745e+01,-3.071515541999999854e+01,-2.542149159199999886e+01,-3.184799927499999939e+01
1.907953953999999896e+01,-4.321777584299999830e+01,-4.836645784699999950e+01,-3.423314061100000316e+01,-1.642285159100000058e+01,-2.384877979299999851e+01
1.909954954999999899e+01,-3.644738084000000100e+01,-2.437949027299999827e+01,-2.626345417499999968e+01,-2.918574814200000134e+01,-1.988562275600000007e+01
1.911955955999999901e+01,-3.744332810000000222e+01,-4.577368629200000072e+01,-3.469420548800000148e+01,-5.522938493800000259e+01,-3.420459427299999788e+01
1.913956956999999903e+01,-3.192282228499999874e+01,-3.299232717600000342e+01,-2.867427492399999878e+01,-3.753998249400000020e+01,-2.218795063700000014e+01
1.915957957999999905e+01,-2.843567715000000007e+01,-4.080460393399999930e+01,-3.760387705400000158e+01,-3.013900771000000134e+01,-4.411903320399999728e+01
1.917958958999999908e+01,-3.253153220800000156e+01,-5.005552064700000159e+01,-2.946591389299999975e+01,-2.777010425299999952e+01,-4.418646314400000108e+01
1.919959959999999910e+01,-2.759828000499999945e+01,-3.223877163699999926e+01,-2.324228077700000128e+01,-2.303680567199999984e+01,-2.868761982199999849e+01
1.921960960999999912e+01,-3.497614615700000229e+01,-4.382396893100000312e+01,-4.247313208199999934e+01,-3.413687581399999971e+01,-3.826072528699999964e+01
1.923961961999999914e+01,-3.183467356099999890e+01,-5.106719994299999854e+01,-2.807999497799999844e+01,-3.947491059200000052e+01,-3.350308626199999651e+01
1.925962962999999917e+01,-2.785532054100000110e+01,-3.668414090800000338e+01,-2.130987117000000097e+01,-2.888411283299999965e+01,-3.881574641099999923e+01
1.927963963999999919e+01,-8.336181109100000697e+01,-4.783140497699999827e+01,-2.630001667399999832e+01,-4.017496269899999817e+01,-4.385914413399999745e+01
1.929964964999999921e+01,-3.566791559100000342e+01,-4.593338385799999912e+01,-3.757946816900000186e+01,-3.934876838299999946e+01,-4.364555176999999730e+01
1.931965965999999923e+01,-3.114524090100000109e+01,-2.487752651699999973e+01,-2.635795740800000075e+01,-1.938184346299999916e+01,-3.436968334499999855e+01
1.933966966999999926e+01,-4.657188586800000252e+01,-3.452590038700000008e+01,-2.669919884000000110e+01,-3.596530844800000182e+01,-3.456718646699999908e+01
1.935967967999999928e+01,-3.958604834700000197e+01,-4.148848727800000091e+01,-2.893680584399999844e+01,-4.283238333500000294e+01,-3.169720125199999927e+01
1.937968968999999930e+01,-1.796130464200000176e+01,-4.397768702100000127e+01,-2.326924550800000091e+01,-2.358611661699999829e+01,-2.067250770300000084e+01
1.939969969999999932e+01,-2.667444194500000165e+01,-5.287613256499999892e+01,-2.983606049600000176e+01,-2.693770871499999942e+01,-5.244442439200000194e+01
1.941970970999999935e+01,-5.705057049399999869e+01,-3.516328142500000098e+01,-2.147716867899999826e+01,-2.598593908300000166e+01,-2.991525498300000052e+01
1.943971971999999937e+01,-4.970908387200000078e+01,-3.252176221300000236e+01,-2.612967703600000036e+01,-3.334870648999999787e+01,-2.970786531299999922e+01
1.945972972999999939e+01,-5.327482546600000290e+01,-3.725376366599999756e+01,-3.031625280900000163e+01,-3.130420370699999921e+01,-3.273571129399999791e+01
1.947973973999999941e+01,-3.760667126300000263e+01,-3.774451024700000090e+01,-2.728180722800000169e+01,-3.587121763399999708e+01,-3.241048486100000048e+01
1.949974974999999944e+01,-4.169257300900000018e+01,-3.187310241400000166e+01,-2.745607382400000063e+01,-2.518169413000000034e+01,-3.767255459900000147e+01
1.951975975999999946e+01,-4.015215858199999843e+01,-4.260711467299999811e+01,-3.357315963100000289e+01,-3.411874048100000323e+01,-3.790698219299999749e+01
1.953976976999999948e+01,-2.975240830799999969e+01,-3.668763762199999690e+01,-7.255072802399999965e+00,-1.853239772899999949e+01,-1.115176282200000024e+01
1.955977977999999950e+01,-2.934264912400000114e+01,-5.099132373399999807e+01,-2.800210687699999923e+01,-3.609091798800000106e+01,-5.793435373100000163e+01
1.957978978999999953e+01,-4.567100476000000242e+01,-4.209400972299999921e+01,-4.931113804700000003e+01,-3.110970006000000154e+01,-3.071129009299999879e+01
1.959979979999999955e+01,-3.698457785099999739e+01,-3.536066997199999662e+01,-3.280355777399999795e+01,-2.954172799599999877e+01,-2.604223434100000034e+01
1.961980980999999957e+01,-4.359300641800000164e+01,-3.426920390200000099e+01,-1.370417689099999947e+01,-3.126840739000000013e+01,-1.983661752500000119e+01
1.963981981999999959e+01,-3.897076325399999774e+01,-3.318809489400000245e+01,-2.818207920200000061e+01,-3.487662826999999766e+01,-3.151703169900000034e+01
1.965982982999999962e+01,-3.407002522599999850e+01,-1.706825399499999918e+01,-3.166489465000000170e+00,-1.328562833999999970e+00,-1.236106382500000045e+00
1.967983983999999964e+01,-3.505617373500000156e+01,-8.359939867200000663e+01,-2.980575843600000141e+01,-3.028218205900000015e+01,-4.200032513699999726e+01
1.969984984999999966e+01,-4.166003815700000246e+01,-4.276584238400000260e+01,-2.459334182699999971e+01,-3.794197447100000176e+01,-4.400500655799999805e+01
1.971985985999999968e+01,-2.903518382600000081e+01,-3.894181028700000269e+01,-2.984069612700000107e+01,-3.695838342999999782e+01,-4.146906654200000020e+01
1.973986986999999971e+01,-3.929284338400000109e+01,-4.351796303700000124e+01,-2.833705876100000154e+01,-2.894201324699999844e+01,-4.522202238199999869e+01
1.975987987999999973e+01,-4.452314912700000349e+01,-4.155568893800000296e+01,-3.102521060799999830e+01,-3.686554680399999739e+01,-4.160656555300000292e+01
1.977988988999999975e+01,-4.076649060399999769e+01,-4.296959548699999942e+01,-2.675755028700000082e+01,-3.493128603600000304e+01,-1.964944755699999845e+01
1.979989989999999977e+01,-4.315753404099999813e+01,-5.577389047399999811e+01,-2.679986893999999964e+01,-4.165650787199999883e+01,-4.404101666799999748e+01
1.981990990999999980e+01,-3.350164976199999955e+01,-4.049943693099999820e+01,-3.969569586499999758e+01,-3.023846986999999942e+01,-2.471755663500000111e+01
1.983991991999999982e+01,-3.691667857200000213e+01,-3.178159551599999944e+01,-2.472702740700000135e+01,-3.284828352499999937e+01,-3.331010717099999852e+01
1.985992992999999984e+01,-4.636459236999999689e+01,-5.605926225099999982e+01,-2.823067171900000005e+01,-2.554472602999999964e+01,-3.962689098900000317e+01
1.987993993999999986e+01,-2.625845897299999976e+01,-3.581265372600000063e+01,-2.155550263700000002e+01,-3.489972839899999713e+01,-4.954107310900000272e+01
1.989994994999999989e+01,-5.306323569599999956e+01,-3.626700443200000024e+01,-2.034527421599999997e+01,-3.082241100499999931e+01,-3.609096547899999763e+01
1.991995995999999991e+01,-3.873863350100000247e+01,-5.203816022800000241e+01,-2.467513073599999984e+01,-2.705986975400000105e+01,-2.820187031900000107e+01
1.993996996999999993e+01,-3.258382404200000337e+01,-3.323044796899999653e+01,-2.825236474400000120e+01,-2.529070707200000001e+01,-3.007635085600000124e+01
1.995997997999999995e+01,-3.522257455900000167e+01,-4.227022362000000300e+01,-3.015912042600000120e+01,-3.606840571099999693e+01,-4.104892404200000300e+01
1.997998998999999998e+01,-3.173285972600000093e+01,-4.733816320199999694e+01,-2.464258931599999869e+01,-3.357765897600000216e+01,-3.795233254899999764e+01
2.000000000000000000e+01,-2.017709498600000018e+01,-2.915296090600000056e+01,-3.048912677399999893e+01,-2.981535327299999949e+01,-3.019897176099999925e+01
