freq_GHz,S21_dB,S31_dB,S41_dB,S51_dB,S61_dB
1.000000000000000021e-02,-7.296367798900000423e+01,-7.377481416599999875e+01,-7.736216518499999495e+01,-6.799711608500000182e+01,-8.831017593500000373e+01
3.001001001000000099e-02,-8.360223748500000340e+01,-7.727494939800000395e+01,-7.884552328799999543e+01,-7.417818352099999402e+01,-8.950537701499999343e+01
5.002002002000000003e-02,-7.911872545500000342e+01,-8.670206307899999842e+01,-8.168223241500000142e+01,-8.042295885500000452e+01,-7.997297276800000532e+01
7.003003002999999560e-02,-7.888394748999999706e+01,-9.464512172300000259e+01,-8.140385249999999928e+01,-7.705135774100000390e+01,-8.231793841900000075e+01
9.004004004000000505e-02,-8.487381831800000498e+01,-9.311601821499999687e+01,-8.031782718300000568e+01,-8.175813253500000144e+01,-8.352094315399999402e+01
1.100500500500000006e-01,-8.553939001800000597e+01,-7.948696301699999367e+01,-8.347195590600000514e+01,-8.225247391599999958e+01,-8.261698141300000486e+01
1.300600600600000101e-01,-7.399645851500000049e+01,-8.004311140800000146e+01,-8.970950020499999766e+01,-7.531038273900000490e+01,-8.061270529499999782e+01
1.500700700700000056e-01,-9.508219665400000054e+01,-8.890810080299999640e+01,-8.436363072499999305e+01,-9.711311799800000699e+01,-8.946324661699999581e+01
1.700800800800000012e-01,-8.729872809500000130e+01,-8.950694384899999534e+01,-7.532208875800000669e+01,-8.425824773099999732e+01,-8.082293086800000026e+01
1.900900900899999968e-01,-7.699793765500000120e+01,-7.608623259399999483e+01,-7.632109173099999566e+01,-7.613710787200000141e+01,-7.686498039699999651e+01
2.101001000999999924e-01,-8.161041725799999824e+01,-7.929040889099999845e+01,-7.961859060800000520e+01,-7.830196381599999711e+01,-8.570003087999999991e+01
2.301101101100000157e-01,-8.180232397499999308e+01,-7.837659992999999758e+01,-8.469740399600000558e+01,-8.751331729300000006e+01,-8.137526986100000670e+01
2.501201201200000113e-01,-8.449133353700000271e+01,-8.535822171099999878e+01,-7.992925005700000440e+01,-9.096097691800000007e+01,-7.657299004200000070e+01
2.701301301299999791e-01,-7.738683005199999343e+01,-8.269583009699999820e+01,-7.406497184100000197e+01,-8.105372537899999941e+01,-8.351616796700000123e+01
2.901401401400000024e-01,-7.985582746299999712e+01,-9.025936982999999714e+01,-7.830011489299999994e+01,-7.389712043800000174e+01,-8.309406176400000277e+01
3.101501501499999702e-01,-8.434796244400000376e+01,-8.033853760200000238e+01,-7.617901538099999925e+01,-7.897534190700000067e+01,-8.053411855900000660e+01
3.301601601600000491e-01,-7.571831561099999419e+01,-7.425122466499999518e+01,-7.445770635300000606e+01,-8.304417130999999586e+01,-7.380338274700000056e+01
3.501701701700000169e-01,-7.610695613000000037e+01,-8.464460963099999447e+01,-8.502747348900000190e+01,-7.797139276900000482e+01,-7.926165219199999967e+01
3.701801801799999847e-01,-8.244083845299999780e+01,-7.451190914699999723e+01,-7.602078812000000596e+01,-8.939387967400000434e+01,-8.140627429299999562e+01
3.901901901900000080e-01,-7.499200039400000151e+01,-7.960434096800000248e+01,-7.471417107099999555e+01,-8.540298391199999628e+01,-7.173198402600000634e+01
4.102002001999999758e-01,-8.093159226100000581e+01,-7.972932548800000063e+01,-7.761349495100000695e+01,-8.427849739500000226e+01,-7.514992778299999543e+01
4.302102102099999992e-01,-7.486381198099999779e+01,-7.175570116100000462e+01,-8.256359189299999457e+01,-7.110090886099999352e+01,-7.164802093900000557e+01
4.502202202200000225e-01,-8.012813540899999509e+01,-7.653209252499999593e+01,-7.701313512400000150e+01,-7.424823141599999587e+01,-8.113909743099999616e+01
4.702302302300000458e-01,-7.273018414999999948e+01,-8.090366970399999502e+01,-7.647609062700000493e+01,-7.542619168500000626e+01,-7.615964308300000596e+01
4.902402402400000136e-01,-7.898215128699999354e+01,-7.704007904399999518e+01,-6.858580212299999346e+01,-8.639180919800000424e+01,-7.530309587700000407e+01
5.102502502500000370e-01,-7.939095690800000682e+01,-8.098934945899999605e+01,-7.012786844800000097e+01,-7.623245499099999734e+01,-7.968181826999999373e+01
5.302602602599999493e-01,-7.373356688500000189e+01,-8.223949580299999695e+01,-6.768308937400000502e+01,-8.858564410500000008e+01,-7.110157596599999863e+01
5.502702702699999726e-01,-7.969542712599999845e+01,-7.746053370600000676e+01,-6.539424392099999750e+01,-7.624975253600000258e+01,-6.826328956400000436e+01
5.702802802799999959e-01,-8.647538573299999598e+01,-7.556418481100000406e+01,-6.427883824900000320e+01,-7.221158428799999740e+01,-6.217649910099999744e+01
5.902902902899999082e-01,-7.509636394800000403e+01,-7.050095352200000320e+01,-5.954405298900000076e+01,-7.089777053900000681e+01,-6.538570459899999321e+01
6.103003002999999316e-01,-6.796569341599999348e+01,-9.297054910200000677e+01,-5.809145731699999970e+01,-7.541784374799999568e+01,-5.997491646200000304e+01
6.303103103099999549e-01,-7.082630407199999922e+01,-6.700485091699999884e+01,-5.430919492600000353e+01,-6.669762630799999670e+01,-5.832988115900000281e+01
6.503203203200000893e-01,-7.031061842299999398e+01,-7.169009155199999839e+01,-5.268592172200000334e+01,-6.870982377699999688e+01,-5.643527516700000035e+01
6.703303303300000016e-01,-6.799528749300000641e+01,-6.262078047400000003e+01,-4.945915682900000121e+01,-6.537822063500000525e+01,-5.603062524599999961e+01
6.903403403400000249e-01,-6.639241636200000585e+01,-6.362172275799999710e+01,-4.860229762699999867e+01,-6.732996941800000457e+01,-5.277477109499999841e+01
7.103503503500000482e-01,-6.201423434099999810e+01,-6.375806660599999987e+01,-4.907501150099999876e+01,-7.650904498500000273e+01,-5.196983582000000013e+01
7.303603603599999605e-01,-6.294774037900000252e+01,-6.248235820499999704e+01,-4.974271731000000329e+01,-7.364105036499999812e+01,-5.086596397899999999e+01
7.503703703699999839e-01,-5.956869908499999866e+01,-5.958140289400000000e+01,-4.925693962100000078e+01,-7.131472371300000646e+01,-4.992764803299999699e+01
7.703803803800000072e-01,-5.672243969499999849e+01,-5.984140710799999852e+01,-4.959114327099999997e+01,-7.641500791800000059e+01,-5.067293057399999867e+01
7.903903903900000305e-01,-5.823225390099999998e+01,-5.976367484699999721e+01,-4.952087530600000065e+01,-8.889967339099999322e+01,-5.038328534400000080e+01
8.104004003999999428e-01,-5.814323762299999743e+01,-6.491718261299999426e+01,-5.014585992800000014e+01,-7.715297948100000269e+01,-4.963214295299999890e+01
8.304104104099999661e-01,-5.551950423299999926e+01,-6.730081916999999692e+01,-4.897242582900000230e+01,-7.480979921200000149e+01,-4.938416102600000102e+01
8.504204204199999895e-01,-5.525897591700000078e+01,-5.978092229399999979e+01,-4.980646108199999844e+01,-6.156823529300000075e+01,-4.932352468100000209e+01
8.704304304299999018e-01,-5.548121390299999689e+01,-5.887643386500000275e+01,-4.918068667000000005e+01,-6.302002836999999857e+01,-4.854241104199999768e+01
8.904404404400000361e-01,-5.413659386300000165e+01,-5.735972285100000079e+01,-4.970460907399999684e+01,-6.386813159599999778e+01,-4.769591761099999871e+01
9.104504504500000595e-01,-5.617050330299999672e+01,-5.889927766000000275e+01,-5.088138420399999973e+01,-6.352474454800000103e+01,-4.766989145200000166e+01
9.304604604600000828e-01,-5.705578811600000222e+01,-6.058996103399999811e+01,-4.992633142700000093e+01,-6.239534457999999972e+01,-4.740207294300000029e+01
9.504704704699999951e-01,-5.738740984199999673e+01,-6.212186124200000137e+01,-5.020790598499999646e+01,-6.779896486699999514e+01,-4.843823887199999945e+01
9.704804804800000184e-01,-6.371710884200000180e+01,-6.088667454800000201e+01,-4.995374389999999920e+01,-6.662839565699999866e+01,-4.813434737800000107e+01
9.904904904900000417e-01,-6.001801328399999846e+01,-6.917332475300000283e+01,-5.063977100500000006e+01,-6.520496821400000442e+01,-4.828386456700000195e+01
1.010500500500000065e+00,-6.350454135700000080e+01,-6.132178332899999873e+01,-5.024064407699999890e+01,-6.872553497299999492e+01,-4.851500678699999725e+01
1.030510510500000088e+00,-6.301540216000000072e+01,-6.240593400800000268e+01,-5.047072689200000184e+01,-7.042279028500000493e+01,-4.856132092099999653e+01
1.050520520500000110e+00,-6.504714662499999633e+01,-7.484790325800000232e+01,-5.085448461899999728e+01,-6.504021001600000318e+01,-4.805687165700000207e+01
1.070530530499999911e+00,-6.522935023200000160e+01,-7.216025927699999443e+01,-5.163966095600000017e+01,-6.365155072299999972e+01,-4.704452961300000169e+01
1.090540540499999933e+00,-6.710127782099999649e+01,-6.424534391100000619e+01,-5.149179536599999807e+01,-6.840814191500000163e+01,-4.582064337900000339e+01
1.110550550599999964e+00,-7.125677937000000384e+01,-6.298667217599999901e+01,-4.997727242199999864e+01,-6.903445873399999755e+01,-4.587590575299999784e+01
1.130560560599999986e+00,-7.095185457499999870e+01,-6.478414216699999884e+01,-4.913357347699999877e+01,-6.863305047199999365e+01,-4.405596631299999899e+01
1.150570570600000009e+00,-7.207076811999999677e+01,-6.670126375799999607e+01,-5.041137259399999948e+01,-6.886599035599999752e+01,-4.354985634199999822e+01
1.170580580599999809e+00,-6.718578005499999506e+01,-6.163385268500000080e+01,-5.220896159000000125e+01,-6.504752974199999471e+01,-4.355797342099999980e+01
1.190590590599999832e+00,-6.234011025099999870e+01,-7.990962383000000102e+01,-4.909475381299999697e+01,-6.644504727899999352e+01,-4.304961896799999721e+01
1.210600600599999854e+00,-6.308181502400000085e+01,-6.503734307599999909e+01,-4.909955860800000238e+01,-6.790074443100000678e+01,-4.190705509200000023e+01
1.230610610599999877e+00,-6.727775712899999405e+01,-7.589875415100000566e+01,-4.838155932200000109e+01,-6.239170849500000315e+01,-4.106180571499999843e+01
1.250620620599999899e+00,-6.019567060100000333e+01,-6.305740265000000022e+01,-4.680934183200000120e+01,-6.601327137799999889e+01,-4.070154393600000020e+01
1.270630630599999922e+00,-5.984368317999999931e+01,-7.146853643299999703e+01,-4.513138395299999672e+01,-6.859099010900000337e+01,-3.962681752600000351e+01
1.290640640599999944e+00,-6.035548287499999986e+01,-7.354614879899999380e+01,-4.413594464300000197e+01,-6.000679825999999650e+01,-3.919164141800000323e+01
1.310650650699999975e+00,-5.806378590700000331e+01,-6.139776858100000112e+01,-4.415884639600000128e+01,-5.796009418900000298e+01,-3.917975435799999673e+01
1.330660660699999998e+00,-5.884084862000000271e+01,-6.804103380200000117e+01,-4.438900464000000312e+01,-5.519524952900000159e+01,-3.899886615900000209e+01
1.350670670700000020e+00,-5.585287070199999704e+01,-6.038376465399999660e+01,-4.381577918400000016e+01,-5.658038182500000346e+01,-3.832579518099999660e+01
1.370680680700000043e+00,-5.595810527700000137e+01,-5.784944354800000355e+01,-4.444905911400000065e+01,-5.487585676599999829e+01,-3.768701687000000078e+01
1.390690690700000065e+00,-5.612658340400000156e+01,-6.166482167699999906e+01,-4.325635901599999755e+01,-5.560205736599999682e+01,-3.666038871599999993e+01
1.410700700700000088e+00,-5.685612236600000102e+01,-5.969542152900000076e+01,-4.253491042299999947e+01,-5.349298761200000030e+01,-3.601869268499999777e+01
1.430710710700000110e+00,-5.327132158500000259e+01,-5.990585449999999668e+01,-4.113816363400000142e+01,-5.334219326800000260e+01,-3.488667423700000114e+01
1.450720720700000133e+00,-4.947806395700000337e+01,-5.935043120000000272e+01,-4.036994993999999792e+01,-5.402322265699999804e+01,-3.491330532199999936e+01
1.470730730700000155e+00,-4.970691729600000031e+01,-5.699895321999999709e+01,-4.077917066300000215e+01,-5.479588998999999916e+01,-3.440072124900000006e+01
1.490740740699999956e+00,-4.897186194199999676e+01,-5.597325946200000146e+01,-4.041392219699999799e+01,-5.811692987299999658e+01,-3.338065592200000253e+01
1.510750750799999986e+00,-4.825260882100000259e+01,-5.277408946300000281e+01,-3.839510048700000056e+01,-5.639895610599999998e+01,-3.235481932300000096e+01
1.530760760800000009e+00,-5.078185318599999931e+01,-5.364381812900000313e+01,-3.633362222800000296e+01,-5.903773111900000004e+01,-3.092399192199999902e+01
1.550770770800000031e+00,-4.935715987599999721e+01,-5.596951895400000154e+01,-3.568900827699999923e+01,-5.972183770800000246e+01,-3.003151156599999894e+01
1.570780780800000054e+00,-4.893554147799999754e+01,-6.138381174799999940e+01,-3.527329879799999901e+01,-5.326537505900000014e+01,-2.955522552100000055e+01
1.590790790799999854e+00,-5.000454992499999918e+01,-5.769694062300000326e+01,-3.493191149599999790e+01,-5.418720464700000150e+01,-2.930379485599999967e+01
1.610800800799999877e+00,-5.054459035499999686e+01,-6.249431951500000082e+01,-3.407520654799999704e+01,-5.339502722000000290e+01,-2.973245994599999875e+01
1.630810810799999899e+00,-4.884543488399999944e+01,-5.379390919699999785e+01,-3.285158735699999966e+01,-5.265561160899999749e+01,-2.997149273300000161e+01
1.650820820799999922e+00,-4.805401056000000182e+01,-5.318954037700000015e+01,-3.161366518099999823e+01,-5.212227252400000310e+01,-2.990041693599999917e+01
1.670830830799999944e+00,-4.735590561000000065e+01,-5.296399099799999988e+01,-3.050341433799999891e+01,-5.023412726400000139e+01,-2.937456557899999865e+01
1.690840840799999967e+00,-4.726656448100000318e+01,-5.198572931500000038e+01,-2.972468477900000039e+01,-5.388882419099999765e+01,-2.889763149399999875e+01
1.710850850899999998e+00,-4.582113813099999788e+01,-4.716069459199999869e+01,-2.912033379000000011e+01,-5.265755427799999921e+01,-2.835059673800000013e+01
1.730860860900000020e+00,-4.722774458600000003e+01,-4.613378872500000227e+01,-2.940887045799999910e+01,-5.771303463699999980e+01,-2.813929528099999899e+01
1.750870870900000043e+00,-4.720386265599999831e+01,-4.567975605899999891e+01,-3.093472049700000071e+01,-5.973549805100000043e+01,-2.836396807999999936e+01
1.770880880900000065e+00,-4.608787490899999995e+01,-4.969339517200000245e+01,-3.193795236800000126e+01,-6.283993279900000317e+01,-2.868377466600000147e+01
1.790890890900000088e+00,-4.628303517300000181e+01,-4.947786024999999910e+01,-3.246162171999999657e+01,-5.675875719900000149e+01,-2.951141735799999921e+01
1.810900900900000110e+00,-4.761068148399999700e+01,-5.118476408200000094e+01,-3.399141628699999984e+01,-5.706576798100000047e+01,-3.016434482000000017e+01
1.830910910900000133e+00,-5.253342039199999647e+01,-5.221318669499999743e+01,-3.469510452299999770e+01,-6.012590932199999827e+01,-3.138757254000000074e+01
1.850920920900000155e+00,-5.502127366500000250e+01,-5.179839526599999999e+01,-3.558242379899999719e+01,-6.127813800900000274e+01,-3.277169604000000191e+01
1.870930930900000178e+00,-6.384074192500000322e+01,-5.947980545600000113e+01,-3.587256508800000177e+01,-6.891059863099999916e+01,-3.347904687799999834e+01
1.890940940900000200e+00,-8.489723481199999355e+01,-6.394246786899999790e+01,-3.616882451200000048e+01,-6.149467913000000152e+01,-3.344168866300000076e+01
1.910950951000000009e+00,-6.098253332299999840e+01,-5.741757974400000109e+01,-3.518059122500000058e+01,-6.326323466099999848e+01,-3.372817977100000064e+01
1.930960961000000031e+00,-5.808816308800000172e+01,-5.663891812399999992e+01,-3.464974387299999847e+01,-5.745866621900000126e+01,-3.313817118400000084e+01
1.950970971000000054e+00,-5.480367250599999807e+01,-5.136316635400000052e+01,-3.436418571299999769e+01,-5.987476435899999672e+01,-3.240520429600000085e+01
1.970980981000000076e+00,-5.189527351400000299e+01,-4.927392986699999966e+01,-3.434408885799999922e+01,-5.666767349500000250e+01,-3.159147568599999900e+01
1.990990991000000099e+00,-5.151840425900000042e+01,-5.383541617000000201e+01,-3.464589829999999893e+01,-5.768497876800000057e+01,-3.158862929400000041e+01
2.011001000999999899e+00,-5.205455183299999788e+01,-5.262620086500000127e+01,-3.491644712699999786e+01,-6.037868293999999736e+01,-3.136780791600000029e+01
2.031011010999999922e+00,-5.137446907199999657e+01,-5.336817883999999879e+01,-3.540363139000000103e+01,-5.862843507600000237e+01,-3.132655415099999985e+01
2.051021020999999944e+00,-5.094984545799999864e+01,-5.193529961400000161e+01,-3.501112291100000107e+01,-5.511326768200000004e+01,-3.134256201199999836e+01
2.071031030999999967e+00,-5.303722363400000006e+01,-5.078539890599999751e+01,-3.454051644700000168e+01,-5.727564777100000271e+01,-3.194587477199999981e+01
2.091041040999999989e+00,-5.142026863699999950e+01,-4.815169845900000212e+01,-3.421906868699999649e+01,-5.724103986600000127e+01,-3.199208313100000112e+01
2.111051051100000020e+00,-5.214126417800000013e+01,-4.886339469800000046e+01,-3.444732084799999683e+01,-5.605003322700000012e+01,-3.180659971500000083e+01
2.131061061100000043e+00,-5.123717986999999852e+01,-5.007145985999999738e+01,-3.457293249800000012e+01,-5.489475958999999960e+01,-3.144103223400000147e+01
2.151071071100000065e+00,-4.880842320000000001e+01,-4.753897550399999972e+01,-3.406663972799999840e+01,-5.465289554000000294e+01,-3.171849123699999851e+01
2.171081081100000088e+00,-4.871186170499999690e+01,-5.022652828999999741e+01,-3.331205401900000140e+01,-5.249777388900000119e+01,-3.163102835600000162e+01
2.191091091100000110e+00,-4.702666494000000341e+01,-5.027173893999999876e+01,-3.275874956100000190e+01,-5.153434185599999751e+01,-3.159478509499999888e+01
2.211101101099999688e+00,-4.677235215599999663e+01,-5.036346945999999747e+01,-3.235378857900000327e+01,-5.035603050299999950e+01,-3.166265134700000061e+01
2.231111111099999711e+00,-4.607164307499999722e+01,-5.098658993400000128e+01,-3.190249042099999954e+01,-5.062689930599999855e+01,-3.169742365100000114e+01
2.251121121099999733e+00,-4.410189614800000157e+01,-5.130060302999999777e+01,-3.172830783499999896e+01,-5.288247447799999890e+01,-3.208840215800000095e+01
2.271131131099999756e+00,-4.347577114900000339e+01,-5.771567121599999695e+01,-3.160276670100000018e+01,-5.393460018500000075e+01,-3.230126856799999757e+01
2.291141141099999778e+00,-4.405055974100000071e+01,-5.550563800599999809e+01,-3.143763415300000119e+01,-5.258371005200000070e+01,-3.248028964000000229e+01
2.311151151199999809e+00,-4.527447198200000145e+01,-5.489496628199999861e+01,-3.121319875800000077e+01,-5.199407233200000178e+01,-3.249719693499999806e+01
2.331161161199999832e+00,-4.550747288000000168e+01,-5.942072882200000095e+01,-3.105123050599999956e+01,-5.118884792400000094e+01,-3.197710563100000059e+01
2.351171171199999854e+00,-4.438155877999999888e+01,-5.376963303000000138e+01,-3.063736545600000127e+01,-4.995752598299999647e+01,-3.060739935699999847e+01
2.371181181199999877e+00,-4.464930642299999874e+01,-5.178657921599999980e+01,-3.009888576199999832e+01,-4.923590737699999664e+01,-2.933425801399999955e+01
2.391191191199999899e+00,-4.525674914500000057e+01,-5.022656987100000237e+01,-3.007547607700000114e+01,-4.947208120500000206e+01,-2.850297357299999845e+01
2.411201201199999922e+00,-4.512024297100000325e+01,-5.235830687899999702e+01,-3.024699255599999859e+01,-4.842190710199999870e+01,-2.814619619899999847e+01
2.431211211199999944e+00,-4.464894320999999877e+01,-5.262956860300000272e+01,-3.011742398599999859e+01,-4.809272589700000111e+01,-2.824502942599999855e+01
2.451221221199999967e+00,-4.546582504599999908e+01,-4.974124891099999957e+01,-2.987753834500000139e+01,-4.828347759999999766e+01,-2.798281734200000059e+01
2.471231231199999989e+00,-4.411230821200000207e+01,-4.747799072299999779e+01,-3.008756486300000077e+01,-4.949231632899999767e+01,-2.778025853500000153e+01
2.491241241200000012e+00,-4.448103002300000242e+01,-4.895901825100000337e+01,-3.002468574799999956e+01,-4.820496284899999750e+01,-2.788453662599999916e+01
2.511251251300000042e+00,-4.469005785200000247e+01,-4.928042395300000322e+01,-3.033221888299999947e+01,-4.982029795700000108e+01,-2.812165794899999938e+01
2.531261261300000065e+00,-4.586086479200000099e+01,-4.923089605900000265e+01,-3.130576668000000140e+01,-4.910964144300000100e+01,-2.850890148299999893e+01
2.551271271300000087e+00,-4.689939469499999802e+01,-4.797072454799999974e+01,-3.211406496800000099e+01,-4.978077847600000183e+01,-2.903705839199999872e+01
2.571281281300000110e+00,-4.639785251600000038e+01,-4.844283516600000183e+01,-3.274977912100000310e+01,-5.130610588700000108e+01,-2.963060228000000151e+01
2.591291291300000132e+00,-4.766750112999999800e+01,-4.669240499200000016e+01,-3.363558831000000282e+01,-5.150380932400000233e+01,-3.005600618300000093e+01
2.611301301300000155e+00,-4.735950886199999843e+01,-4.651002347899999734e+01,-3.499459960099999734e+01,-4.907446662499999945e+01,-3.066066282599999937e+01
2.631311311300000177e+00,-4.754923123700000076e+01,-4.709177593100000081e+01,-3.622929029299999826e+01,-5.047946852799999817e+01,-3.106451879100000113e+01
2.651321321300000200e+00,-4.872463224799999892e+01,-4.911505752499999744e+01,-3.753092141700000184e+01,-4.985762911500000172e+01,-3.158545750000000041e+01
2.671331331300000222e+00,-4.768721114600000277e+01,-4.813515537899999686e+01,-3.985107227299999977e+01,-4.882733999100000233e+01,-3.219839746800000313e+01
2.691341341300000245e+00,-4.800027285499999863e+01,-4.902993241499999755e+01,-4.177838372400000111e+01,-4.872905955000000233e+01,-3.263246978400000131e+01
2.711351351400000276e+00,-4.972232528800000040e+01,-4.803397786499999711e+01,-4.338276453099999941e+01,-4.911310728400000158e+01,-3.340113969400000116e+01
2.731361361400000298e+00,-4.802344113499999878e+01,-5.190062702499999858e+01,-4.500682911999999902e+01,-4.966313723300000049e+01,-3.376710980899999726e+01
2.751371371399999877e+00,-4.862082609699999836e+01,-5.565107564000000195e+01,-4.802462889299999915e+01,-5.064117538299999666e+01,-3.375878246700000318e+01
2.771381381399999899e+00,-4.935868184200000286e+01,-5.223759213600000351e+01,-5.172326996900000040e+01,-5.212911212200000222e+01,-3.365432430900000327e+01
2.791391391399999922e+00,-4.797229397899999981e+01,-5.565896026600000113e+01,-5.649269919599999668e+01,-5.428493513000000092e+01,-3.367457623699999658e+01
2.811401401399999944e+00,-4.998179153800000307e+01,-5.426059746800000028e+01,-5.521714589900000192e+01,-5.275941912199999706e+01,-3.422799270099999802e+01
2.831411411399999967e+00,-5.066355676900000304e+01,-5.613700666700000141e+01,-5.356563374499999952e+01,-5.346960306199999735e+01,-3.426327659300000050e+01
2.851421421399999989e+00,-5.298258536899999882e+01,-5.377575581499999657e+01,-5.103571924500000279e+01,-5.495203692900000192e+01,-3.465642451600000129e+01
2.871431431400000012e+00,-4.955000624699999889e+01,-5.742100364200000229e+01,-4.650239244400000160e+01,-5.269904478699999828e+01,-3.615683148200000119e+01
2.891441441400000034e+00,-4.747631394599999766e+01,-6.712257941599999356e+01,-4.485695958400000194e+01,-5.003816242700000316e+01,-3.730691526300000049e+01
2.911451451500000065e+00,-4.795531395199999736e+01,-5.935409850599999970e+01,-4.191198493800000335e+01,-5.357830412700000267e+01,-3.832605542600000348e+01
2.931461461500000087e+00,-4.595171572099999935e+01,-6.566829178400000444e+01,-4.130243081199999722e+01,-5.217332276100000144e+01,-3.818693012899999673e+01
2.951471471500000110e+00,-4.574078044499999862e+01,-6.213369221800000020e+01,-4.028795018299999953e+01,-5.314871996699999812e+01,-3.837951080100000212e+01
2.971481481500000132e+00,-4.551631595399999952e+01,-5.839279790900000222e+01,-4.001350338900000025e+01,-5.447511667199999863e+01,-3.822501697300000245e+01
2.991491491500000155e+00,-4.343337006299999814e+01,-5.694254901000000046e+01,-3.865077446000000094e+01,-5.346496512600000273e+01,-3.799096924799999897e+01
3.011501501500000177e+00,-4.372817803899999944e+01,-5.707349280399999714e+01,-3.785610492899999713e+01,-5.149002561700000058e+01,-3.721662252200000154e+01
3.031511511500000200e+00,-4.475250149099999675e+01,-6.270577709300000180e+01,-3.687251101399999698e+01,-5.216534504300000208e+01,-3.677695568099999690e+01
3.051521521499999778e+00,-4.406309816200000284e+01,-5.687560435200000342e+01,-3.527255393400000116e+01,-5.328936107900000252e+01,-3.615496084299999779e+01
3.071531531499999801e+00,-4.405210185400000000e+01,-5.664170436399999886e+01,-3.499530718999999834e+01,-5.489279340400000251e+01,-3.619353028199999756e+01
3.091541541499999823e+00,-4.540315050499999927e+01,-5.784077121899999696e+01,-3.427942782000000221e+01,-5.527430049699999870e+01,-3.568515366500000141e+01
3.111551551599999854e+00,-4.510544543599999656e+01,-5.168568225700000340e+01,-3.376259393099999784e+01,-5.814755242199999685e+01,-3.479069397100000316e+01
3.131561561599999877e+00,-4.618311711500000172e+01,-5.473854614700000099e+01,-3.345324979600000148e+01,-7.269336139600000024e+01,-3.421156768899999889e+01
3.151571571599999899e+00,-4.391523155299999814e+01,-5.152334011199999964e+01,-3.266569136300000054e+01,-6.159808554600000008e+01,-3.346200642499999844e+01
3.171581581599999922e+00,-4.388228653899999898e+01,-5.245554569899999819e+01,-3.223177753200000240e+01,-6.418359466100000077e+01,-3.280989157399999812e+01
3.191591591599999944e+00,-4.460642317399999968e+01,-4.995816332799999770e+01,-3.199265590599999953e+01,-5.802587488199999655e+01,-3.188590543300000135e+01
3.211601601599999967e+00,-4.430654698400000058e+01,-4.923545716699999986e+01,-3.186277925799999977e+01,-5.404838434700000249e+01,-3.130910621900000024e+01
3.231611611599999989e+00,-4.503227060599999731e+01,-5.037906309699999952e+01,-3.128405090300000069e+01,-6.166863583599999998e+01,-3.046655866300000071e+01
3.251621621600000012e+00,-4.314190355600000260e+01,-5.022805321199999895e+01,-3.120107620599999976e+01,-6.327672267900000236e+01,-2.988370870299999993e+01
3.271631631600000034e+00,-4.342207929599999972e+01,-4.845621942799999715e+01,-3.092986226300000041e+01,-5.859265395900000328e+01,-2.946462681799999928e+01
3.291641641600000057e+00,-4.352741206700000021e+01,-4.953281486600000250e+01,-3.105622784699999883e+01,-5.377737177699999904e+01,-2.921586540399999876e+01
3.311651651699999643e+00,-4.443831869200000284e+01,-5.286010223800000318e+01,-3.069534469999999970e+01,-5.907943249099999861e+01,-2.898788077300000054e+01
3.331661661699999666e+00,-4.455678313399999979e+01,-6.295347269399999846e+01,-3.048596015800000103e+01,-5.823632722899999692e+01,-2.891769551899999868e+01
3.351671671699999688e+00,-4.547864686900000208e+01,-5.284888175799999743e+01,-3.040330130999999980e+01,-5.989615269200000114e+01,-2.904828638600000090e+01
3.371681681699999711e+00,-4.528710522400000116e+01,-5.442371640599999694e+01,-2.999483087100000134e+01,-6.153312703400000316e+01,-2.969413057299999892e+01
3.391691691699999733e+00,-4.464251776500000091e+01,-5.954681490899999829e+01,-2.993517997400000041e+01,-5.851246351399999668e+01,-2.980822752399999942e+01
3.411701701699999756e+00,-4.881926291199999923e+01,-6.133358901199999735e+01,-2.987316761299999968e+01,-6.445630114099999730e+01,-3.036299164700000119e+01
3.431711711699999778e+00,-4.775667367599999835e+01,-6.147847865500000353e+01,-2.978225733400000053e+01,-6.330600400299999819e+01,-3.066603040900000110e+01
3.451721721699999801e+00,-4.948914154399999887e+01,-6.427381198800000561e+01,-2.975672225399999959e+01,-6.074539873599999851e+01,-3.120101543499999863e+01
3.471731731699999823e+00,-4.951525685899999729e+01,-6.181369511599999811e+01,-2.950281939099999917e+01,-6.755136419699999806e+01,-3.142153256199999944e+01
3.491741741699999846e+00,-4.873900767100000309e+01,-6.924227897900000528e+01,-2.933101320800000167e+01,-6.907003118999999458e+01,-3.237869932899999981e+01
3.511751751800000321e+00,-4.717558774900000174e+01,-5.849031975399999794e+01,-2.945643184600000097e+01,-6.315558292099999704e+01,-3.266832855999999907e+01
3.531761761800000343e+00,-4.842588784000000146e+01,-6.858334164000000044e+01,-2.888717436900000024e+01,-5.887670900999999901e+01,-3.315842884599999962e+01
3.551771771800000366e+00,-4.748204599299999984e+01,-6.002869390699999741e+01,-2.876946071000000060e+01,-5.429410654899999855e+01,-3.322511610899999823e+01
3.571781781800000388e+00,-4.811303480400000154e+01,-5.578279733200000123e+01,-2.872574192900000156e+01,-6.402223589400000492e+01,-3.351831961999999976e+01
3.591791791800000411e+00,-4.775332548699999791e+01,-5.139873135300000229e+01,-2.911922737800000149e+01,-6.153773932400000035e+01,-3.401162924500000173e+01
3.611801801799999989e+00,-4.816538865799999769e+01,-5.245783267400000227e+01,-2.971572651099999973e+01,-6.045607019799999904e+01,-3.427939697499999738e+01
3.631811811800000012e+00,-4.675060661700000253e+01,-4.974956172600000315e+01,-3.014387180700000002e+01,-6.140814002599999810e+01,-3.457533310899999890e+01
3.651821821800000034e+00,-4.862881986400000045e+01,-5.542753945300000140e+01,-2.988365449000000140e+01,-7.009194018700000584e+01,-3.491502828000000136e+01
3.671831831800000057e+00,-4.818299464900000117e+01,-6.138174564799999899e+01,-3.012566037999999935e+01,-6.360445847700000144e+01,-3.559705014099999687e+01
3.691841841800000079e+00,-4.727718320700000021e+01,-6.296618257200000102e+01,-3.057754740300000051e+01,-6.632862610899999822e+01,-3.608035507799999664e+01
3.711851851900000110e+00,-4.967538360399999675e+01,-5.276599194300000306e+01,-3.014450920199999828e+01,-6.252004733100000067e+01,-3.645905780900000082e+01
3.731861861900000132e+00,-4.909634423100000333e+01,-5.433761655299999660e+01,-3.019552251600000048e+01,-6.852817071600000531e+01,-3.671214357099999859e+01
3.751871871900000155e+00,-4.951989173900000196e+01,-5.395194369800000089e+01,-2.992408212400000167e+01,-5.900644406499999661e+01,-3.626560087600000060e+01
3.771881881900000177e+00,-4.723915202599999930e+01,-5.854774487699999952e+01,-3.042257888900000040e+01,-5.893764334600000154e+01,-3.686364145099999945e+01
3.791891891900000200e+00,-4.819486531999999812e+01,-5.086056897499999963e+01,-3.079073473400000083e+01,-6.154459171700000297e+01,-3.684156415999999723e+01
3.811901901900000222e+00,-4.956365856000000036e+01,-4.849469760899999926e+01,-3.178997888900000035e+01,-6.498118736899999703e+01,-3.712837350299999883e+01
3.831911911900000245e+00,-4.847343145499999650e+01,-5.203098275600000022e+01,-3.168749969299999947e+01,-6.443410295699999324e+01,-3.736683438400000057e+01
3.851921921900000267e+00,-4.583295030899999745e+01,-5.896849301499999996e+01,-3.127966067599999889e+01,-7.741452788899999859e+01,-3.762892935200000011e+01
3.871931931900000290e+00,-4.943284451000000246e+01,-5.940619528999999943e+01,-3.127704083400000101e+01,-5.805508615800000172e+01,-3.831170512100000280e+01
3.891941941900000312e+00,-4.935052126499999758e+01,-4.943376934199999795e+01,-3.044905800000000085e+01,-6.442677024099999983e+01,-3.901247797599999956e+01
3.911951951999999899e+00,-4.611282470399999767e+01,-5.531051172899999813e+01,-3.059038053000000090e+01,-6.198297339900000225e+01,-3.926559033299999868e+01
3.931961961999999922e+00,-4.600852074699999861e+01,-5.430940457700000223e+01,-2.986659099599999934e+01,-5.960413794400000143e+01,-4.040365031700000031e+01
3.951971971999999944e+00,-4.554013616499999983e+01,-5.618580740200000179e+01,-2.957447458800000106e+01,-6.089844449400000315e+01,-4.079042530400000288e+01
3.971981981999999967e+00,-4.610675173700000329e+01,-5.560180546400000168e+01,-2.960324812600000044e+01,-5.789539894699999678e+01,-4.294475985399999729e+01
3.991991991999999989e+00,-4.437997208000000171e+01,-5.073192987899999906e+01,-2.972997667499999963e+01,-7.392819413300000519e+01,-4.319800333199999898e+01
4.012002002000000012e+00,-4.404939872199999940e+01,-5.163842125600000088e+01,-3.033202118299999839e+01,-6.826655999800000529e+01,-4.443403937899999789e+01
4.032012012000000034e+00,-4.539615906600000272e+01,-4.706361147100000153e+01,-2.992191636800000154e+01,-5.940030654299999924e+01,-4.532239895699999721e+01
4.052022022000000057e+00,-4.405856329800000282e+01,-5.906461052099999876e+01,-2.924458615500000036e+01,-5.844963143399999694e+01,-4.412664457300000009e+01
4.072032032000000079e+00,-4.330809818699999880e+01,-5.532771609699999971e+01,-2.946283214199999989e+01,-6.138377983499999857e+01,-4.490999325599999992e+01
4.092042042000000102e+00,-4.319385225500000303e+01,-5.111164730499999820e+01,-2.994584944300000018e+01,-6.546661806000000183e+01,-4.171112976799999927e+01
4.112052052100000132e+00,-4.435785018600000029e+01,-5.153990567799999667e+01,-3.009557351300000150e+01,-5.901167892000000137e+01,-3.859658984800000070e+01
4.132062062100000155e+00,-4.428344534299999680e+01,-4.921088041499999832e+01,-2.963218123400000081e+01,-5.856350780399999678e+01,-3.844826597499999821e+01
4.152072072100000177e+00,-4.335529707100000252e+01,-5.040069648499999744e+01,-2.992322795400000146e+01,-6.467954098799999940e+01,-3.704071260500000307e+01
4.172082082100000200e+00,-4.471077578900000304e+01,-5.040763520899999861e+01,-3.017799775800000006e+01,-5.617046105099999664e+01,-3.615403517400000055e+01
4.192092092100000222e+00,-4.524774363899999940e+01,-5.128028742699999754e+01,-3.100002746799999898e+01,-5.417869057400000088e+01,-3.556405968699999676e+01
4.212102102100000245e+00,-4.480798610200000098e+01,-4.723798279300000047e+01,-3.232054563399999836e+01,-5.442371025799999984e+01,-3.537030250899999828e+01
4.232112112100000267e+00,-4.492570231999999919e+01,-4.582087403500000278e+01,-3.286307071099999888e+01,-5.458013189500000095e+01,-3.479079629600000345e+01
4.252122122100000290e+00,-4.782550481199999837e+01,-4.956064544400000216e+01,-3.328247636599999737e+01,-5.505869728900000126e+01,-3.401307282900000217e+01
4.272132132100000312e+00,-4.638826111299999866e+01,-5.979230151899999868e+01,-3.381706198599999880e+01,-5.418788666700000078e+01,-3.372163650299999915e+01
4.292142142100000335e+00,-4.768358005700000035e+01,-5.134273422100000062e+01,-3.601586986800000290e+01,-5.542097248000000320e+01,-3.390127334400000336e+01
4.312152152199999477e+00,-4.994697731699999821e+01,-4.710605621300000223e+01,-3.598433558199999993e+01,-6.805194855300000256e+01,-3.392414057599999921e+01
4.332162162199999500e+00,-5.224160928100000234e+01,-4.668679488099999730e+01,-3.549664524500000340e+01,-6.141498502000000315e+01,-3.386916043099999740e+01
4.352172172199999522e+00,-5.223400326000000149e+01,-6.395004873399999923e+01,-3.587077374599999757e+01,-5.754397498000000155e+01,-3.424786576000000338e+01
4.372182182199999545e+00,-5.093625225600000306e+01,-5.660208157099999937e+01,-3.511047017599999975e+01,-5.592576292399999716e+01,-3.356037435199999663e+01
4.392192192199999567e+00,-5.488671042400000033e+01,-5.553471371399999867e+01,-3.585940232800000160e+01,-6.102812081399999755e+01,-3.392110952899999887e+01
4.412202202199999590e+00,-6.277435537000000210e+01,-5.597490262699999874e+01,-3.940720314499999688e+01,-5.465079575299999703e+01,-3.488095928399999934e+01
4.432212212199999612e+00,-6.255999584900000343e+01,-5.815255490500000235e+01,-4.278959568399999824e+01,-6.275649266399999959e+01,-3.465558013900000134e+01
4.452222222199999635e+00,-5.899834059100000161e+01,-5.091013454400000171e+01,-4.384660774299999986e+01,-6.332711657400000149e+01,-3.511568096100000247e+01
4.472232232199999657e+00,-5.290147377299999931e+01,-5.137781911100000087e+01,-4.245932631200000174e+01,-5.507052165900000062e+01,-3.539300550800000167e+01
4.492242242199999680e+00,-5.617551693099999710e+01,-5.332652099300000259e+01,-4.870265635100000168e+01,-5.910601501099999666e+01,-3.601215036899999689e+01
4.512252252300000599e+00,-5.507967963099999764e+01,-5.409787480499999646e+01,-5.168933053500000341e+01,-6.184795008999999766e+01,-3.726066016600000097e+01
4.532262262300000621e+00,-5.571041893099999953e+01,-5.341955691599999767e+01,-4.162485899499999675e+01,-6.732817949799999724e+01,-3.693421914099999981e+01
4.552272272299999756e+00,-6.281727834200000160e+01,-5.540882112100000256e+01,-4.040331347499999737e+01,-5.926609366400000312e+01,-3.772880325700000270e+01
4.572282282299999778e+00,-5.549450719600000070e+01,-5.753535267299999845e+01,-4.279121694100000184e+01,-6.143485145999999730e+01,-3.812056403700000118e+01
4.592292292299999801e+00,-6.408101160200000379e+01,-5.717505217099999726e+01,-4.435388579199999981e+01,-5.662828286100000241e+01,-3.933887711799999920e+01
4.612302302299999823e+00,-5.509628454599999969e+01,-4.900134215199999943e+01,-4.089644027100000301e+01,-5.775144303599999773e+01,-4.007169598699999824e+01
4.632312312299999846e+00,-5.679895227299999760e+01,-4.517948622099999767e+01,-3.764000325800000013e+01,-6.114955770699999960e+01,-4.058615617499999928e+01
4.652322322299999868e+00,-5.431152244300000120e+01,-4.640752790199999822e+01,-3.624766566200000284e+01,-6.638198164300000315e+01,-4.185357943199999653e+01
4.672332332299999891e+00,-4.913705584499999901e+01,-5.037701643599999812e+01,-3.490633366800000204e+01,-5.889365183200000331e+01,-4.341541450100000077e+01
4.692342342299999913e+00,-6.185974745499999727e+01,-4.930225578099999950e+01,-3.316903040100000055e+01,-5.717905200500000262e+01,-4.538287238899999920e+01
4.712352352399999944e+00,-5.639724745600000233e+01,-4.954852099200000026e+01,-3.234364076899999674e+01,-6.372388663099999917e+01,-4.557217001699999770e+01
4.732362362399999967e+00,-5.584179401800000164e+01,-5.080402314999999902e+01,-3.122754258599999844e+01,-6.746019670799999801e+01,-5.044405341899999939e+01
4.752372372399999989e+00,-5.071381606399999953e+01,-4.843556121499999989e+01,-3.135451620199999923e+01,-6.671934454499999845e+01,-4.701732636900000273e+01
4.772382382400000012e+00,-4.733405834999999939e+01,-5.902827205700000235e+01,-3.186205427899999876e+01,-5.742994071999999761e+01,-4.573606432599999749e+01
4.792392392400000034e+00,-5.214543005499999850e+01,-5.354306754200000285e+01,-3.097289871099999914e+01,-6.916991103499999838e+01,-4.265501349299999845e+01
4.812402402400000057e+00,-5.395792108999999925e+01,-5.374310856599999653e+01,-3.115183687900000109e+01,-6.078304965600000287e+01,-4.368596574600000082e+01
4.832412412399999191e+00,-4.725867193399999877e+01,-5.313264812399999926e+01,-3.123707980800000072e+01,-5.683235840900000113e+01,-4.209234963899999826e+01
4.852422422399999213e+00,-4.734977610100000334e+01,-4.805960663199999772e+01,-3.110282657000000128e+01,-6.196083917299999655e+01,-3.852854455899999664e+01
4.872432432399999236e+00,-4.713388022499999863e+01,-5.494769118399999996e+01,-3.044086721900000114e+01,-5.380022436400000174e+01,-3.925056382000000355e+01
4.892442442399999258e+00,-4.981862288699999652e+01,-5.095737246499999884e+01,-2.994626315800000071e+01,-6.281049372900000094e+01,-3.806308083100000061e+01
4.912452452500000177e+00,-4.719623676999999873e+01,-5.492313990899999965e+01,-3.042279880499999933e+01,-6.029790798199999813e+01,-3.739321098700000334e+01
4.932462462500000200e+00,-4.750509727099999679e+01,-5.090543687299999931e+01,-3.032281718200000142e+01,-6.268367976300000066e+01,-3.704432110900000197e+01
4.952472472500000222e+00,-4.779779602800000049e+01,-4.856816694999999839e+01,-2.994586874299999835e+01,-6.315104180000000156e+01,-3.739774674699999935e+01
4.972482482500000245e+00,-4.492747940900000003e+01,-4.629452459400000208e+01,-3.122994839700000114e+01,-6.378444220000000087e+01,-3.763792744599999907e+01
4.992492492500000267e+00,-4.769448426400000329e+01,-5.369130718400000291e+01,-3.135137667500000092e+01,-6.756641183499999670e+01,-3.721963595599999763e+01
5.012502502500000290e+00,-4.563202302500000229e+01,-5.013111218800000302e+01,-3.101592874500000008e+01,-6.668822373000000425e+01,-3.551396346399999970e+01
5.032512512500000312e+00,-4.642348455700000187e+01,-4.803854995900000091e+01,-3.154715554899999930e+01,-5.549524588199999897e+01,-3.590987155399999864e+01
5.052522522500000335e+00,-4.726557581099999794e+01,-4.985554888299999732e+01,-3.144643869100000089e+01,-5.761060666299999866e+01,-3.383640933200000234e+01
5.072532532500000357e+00,-4.298351464899999996e+01,-4.992523838500000011e+01,-3.198839789499999853e+01,-6.384342102000000096e+01,-3.338009891800000162e+01
5.092542542500000380e+00,-4.558912969699999707e+01,-5.228472411399999942e+01,-3.240783715900000317e+01,-5.485696317699999724e+01,-3.316314633100000009e+01
5.112552552600000411e+00,-4.292634010999999816e+01,-4.716840766400000007e+01,-3.240631080099999650e+01,-6.098855818500000225e+01,-3.238435832700000105e+01
5.132562562600000433e+00,-4.359280476800000059e+01,-5.207038786700000088e+01,-3.216512793500000100e+01,-5.480802692299999990e+01,-3.176178673500000116e+01
5.152572572600000456e+00,-4.189891606999999851e+01,-5.114817911600000144e+01,-3.260491397300000216e+01,-5.656157928199999674e+01,-3.129143445400000090e+01
5.172582582600000478e+00,-4.946858457199999748e+01,-4.375770310899999771e+01,-3.358992034599999954e+01,-6.089069234899999827e+01,-3.094281154100000109e+01
5.192592592600000501e+00,-4.360432780499999694e+01,-4.567008955600000064e+01,-3.457384487400000239e+01,-5.696807349299999856e+01,-3.081428887599999911e+01
5.212602602600000523e+00,-4.383898401799999789e+01,-4.368041566499999817e+01,-3.416004752900000341e+01,-6.400666092699999865e+01,-3.083825045100000040e+01
5.232612612600000546e+00,-4.159046538900000201e+01,-4.291168050899999997e+01,-3.485073185699999954e+01,-6.508831422299999758e+01,-3.075435169600000052e+01
5.252622622600000568e+00,-4.465574285600000337e+01,-4.481272911399999970e+01,-3.543046737800000301e+01,-6.350282112400000045e+01,-3.074747572600000112e+01
5.272632632600000591e+00,-4.692452019899999982e+01,-4.305917217999999735e+01,-3.710193370100000010e+01,-5.951330777399999761e+01,-3.205006644899999912e+01
5.292642642600000613e+00,-4.217355314899999996e+01,-4.322126255799999939e+01,-3.540988183700000036e+01,-5.483177976199999648e+01,-3.227373993100000149e+01
5.312652652699999756e+00,-4.321862528199999787e+01,-4.951618899999999712e+01,-3.663973961500000343e+01,-6.979329104800000039e+01,-3.135086119199999999e+01
5.332662662699999778e+00,-4.860458395500000250e+01,-4.162337900400000024e+01,-3.610018853300000075e+01,-5.825300108799999776e+01,-3.179362202900000156e+01
5.352672672699999801e+00,-4.510009058800000048e+01,-4.158718461600000182e+01,-3.535609561199999717e+01,-6.496287749299999348e+01,-3.235392265899999842e+01
5.372682682699999823e+00,-4.214344279499999857e+01,-4.508744238700000295e+01,-3.837759898299999861e+01,-5.925379471099999762e+01,-3.200480662399999687e+01
5.392692692699999846e+00,-4.796507291100000003e+01,-4.660580899600000038e+01,-3.669331458199999929e+01,-5.280003137300000304e+01,-3.256537794399999797e+01
5.412702702699999868e+00,-4.591543859499999769e+01,-4.544374562299999809e+01,-3.753905077999999662e+01,-6.101723167400000136e+01,-3.231184851599999774e+01
5.432712712699999891e+00,-4.514154980299999664e+01,-4.419394954399999875e+01,-3.688868069499999791e+01,-5.639635904400000044e+01,-3.314018235199999651e+01
5.452722722699999913e+00,-4.393136566300000112e+01,-4.887583241800000167e+01,-3.803020163499999740e+01,-6.224768703699999861e+01,-3.466545488300000244e+01
5.472732732699999936e+00,-4.382418489999999878e+01,-4.421448330399999804e+01,-3.856493472999999739e+01,-5.252321994599999755e+01,-3.376565965000000347e+01
5.492742742699999958e+00,-5.367996600000000029e+01,-4.287387470699999881e+01,-3.799922844700000013e+01,-6.102193688300000218e+01,-3.527236665600000265e+01
5.512752752799999989e+00,-4.714583224300000097e+01,-4.893592361000000324e+01,-3.932614574699999821e+01,-6.017320403899999803e+01,-3.572861131700000215e+01
5.532762762800000012e+00,-4.810855567200000138e+01,-5.001930605999999813e+01,-3.903144285199999786e+01,-6.191860216300000275e+01,-3.559434987699999908e+01
5.552772772800000034e+00,-4.762126001000000031e+01,-6.195859470300000282e+01,-3.775347748099999734e+01,-5.768296258299999835e+01,-3.652923964899999731e+01
5.572782782800000057e+00,-4.354517840799999817e+01,-4.856343003900000355e+01,-3.789649594400000154e+01,-6.188447576600000133e+01,-3.549704114000000033e+01
5.592792792800000079e+00,-5.148700699900000188e+01,-4.664427883900000182e+01,-3.768105324599999761e+01,-5.711109373600000083e+01,-3.641502427100000006e+01
5.612802802800000102e+00,-4.479056389499999824e+01,-5.621435052100000007e+01,-3.689083252100000010e+01,-5.480082753700000353e+01,-3.768606945700000210e+01
5.632812812800000124e+00,-5.055911927399999684e+01,-5.563752320900000115e+01,-3.829427080499999647e+01,-6.122309454999999900e+01,-3.986146771699999647e+01
5.652822822800000147e+00,-5.670483085200000062e+01,-6.264808418100000154e+01,-3.736524809400000180e+01,-5.313105270700000204e+01,-3.888184714799999853e+01
5.672832832800000169e+00,-4.754096674000000178e+01,-4.746625880300000233e+01,-3.743980572800000317e+01,-6.892048197900000162e+01,-3.940418763299999938e+01
5.692842842800000192e+00,-5.380402985500000312e+01,-5.958685235699999794e+01,-3.704916977100000253e+01,-5.631000178099999687e+01,-4.091211348000000214e+01
5.712852852899999334e+00,-5.026510807500000055e+01,-5.527883152799999777e+01,-3.836679338700000130e+01,-5.080052594899999718e+01,-4.184209965200000170e+01
5.732862862899999357e+00,-4.722625143500000178e+01,-5.511806214500000323e+01,-3.862579736600000047e+01,-5.560431303400000047e+01,-4.264020457899999883e+01
5.752872872899999379e+00,-6.037816736900000336e+01,-5.336979396600000314e+01,-4.030851337000000001e+01,-6.559278762300000665e+01,-4.914649310299999740e+01
5.772882882899999402e+00,-5.344850062700000137e+01,-4.722563798299999860e+01,-3.890975752199999960e+01,-5.527253548499999880e+01,-5.212206294599999978e+01
5.792892892899999424e+00,-4.914152342300000242e+01,-5.127712488400000268e+01,-3.970891035300000027e+01,-5.312257645700000097e+01,-4.908188362899999646e+01
5.812902902899999447e+00,-5.223311927299999979e+01,-5.281205035199999998e+01,-4.098190287700000312e+01,-5.895569254499999801e+01,-6.693199213299999428e+01
5.832912912899999469e+00,-4.819414963999999912e+01,-5.453129686999999848e+01,-3.986346363300000206e+01,-6.296982885700000310e+01,-5.490794540299999937e+01
5.852922922899999492e+00,-5.461638541899999666e+01,-4.751845578500000045e+01,-4.392587434200000018e+01,-5.325273580100000004e+01,-5.062237525700000162e+01
5.872932932899999514e+00,-5.107799069400000036e+01,-7.524304473899999834e+01,-4.251676053500000307e+01,-6.139875714000000073e+01,-5.804465559999999869e+01
5.892942942899999537e+00,-5.209918286500000306e+01,-4.999443095899999889e+01,-4.365510494000000108e+01,-6.259844589699999773e+01,-5.386807982399999872e+01
5.912952952999999567e+00,-5.020683808700000128e+01,-6.256497901299999853e+01,-4.586090966100000088e+01,-5.806618751399999923e+01,-5.509335646000000253e+01
5.932962962999999590e+00,-6.187129991999999845e+01,-5.053007216299999982e+01,-4.878196851300000247e+01,-5.736651292900000243e+01,-5.536131730900000036e+01
5.952972972999999612e+00,-4.569536951399999936e+01,-4.838190486700000292e+01,-4.808360676499999897e+01,-5.836404296900000332e+01,-4.968361835000000326e+01
5.972982982999999635e+00,-5.116830547400000029e+01,-4.897913786299999828e+01,-4.762429652899999866e+01,-5.656767018600000085e+01,-4.384163179400000132e+01
5.992992992999999657e+00,-5.370332805900000039e+01,-6.736292577099999335e+01,-4.404909768600000319e+01,-5.753717583699999949e+01,-4.255956157800000028e+01
6.013003002999999680e+00,-5.018793939199999699e+01,-4.778732642899999661e+01,-4.540297218599999951e+01,-5.553190510400000335e+01,-3.999887676200000186e+01
6.033013012999999702e+00,-4.472263019999999756e+01,-6.244248894799999761e+01,-4.445131798999999972e+01,-5.622542701300000090e+01,-3.744878137599999945e+01
6.053023022999999725e+00,-6.962405489500000044e+01,-4.679331212499999992e+01,-4.467642165899999895e+01,-6.426985530100000688e+01,-3.579279069900000110e+01
6.073033032999999747e+00,-4.920330014799999674e+01,-4.870483081799999781e+01,-4.242548828500000013e+01,-6.449359685899999306e+01,-3.444422801999999706e+01
6.093043042999999770e+00,-4.757749902599999814e+01,-5.110704018300000229e+01,-3.989454481700000343e+01,-5.738955356700000010e+01,-3.418801673600000157e+01
6.113053053100000689e+00,-5.815299376899999828e+01,-5.083058986700000048e+01,-3.960633482400000105e+01,-5.825108266200000173e+01,-3.216032473399999958e+01
6.133063063100000711e+00,-5.285839504700000191e+01,-5.207820859099999922e+01,-3.813510802700000113e+01,-6.029833405800000179e+01,-3.207102722199999789e+01
6.153073073100000734e+00,-5.173319445599999966e+01,-5.141035146800000177e+01,-3.738071212599999882e+01,-6.184927894599999831e+01,-3.192100844200000154e+01
6.173083083100000756e+00,-4.964866068399999932e+01,-5.704000791400000026e+01,-3.655866236600000008e+01,-5.564870288400000220e+01,-3.037041390199999924e+01
6.193093093100000779e+00,-4.518147985299999903e+01,-4.606315273799999943e+01,-3.663553564200000068e+01,-5.801171792899999957e+01,-3.024824591999999868e+01
6.213103103100000801e+00,-5.256820119099999999e+01,-6.290345206700000347e+01,-3.618145515599999840e+01,-5.431869285399999825e+01,-2.917626794399999923e+01
6.233113113100000824e+00,-4.526930360000000064e+01,-4.855371051200000210e+01,-3.576773755499999652e+01,-5.097869368799999990e+01,-2.854672445299999950e+01
6.253123123099999958e+00,-4.807072939900000108e+01,-5.511199899999999730e+01,-3.542614738700000032e+01,-4.939904780799999884e+01,-2.914006380800000073e+01
6.273133133099999981e+00,-5.306903242599999970e+01,-4.827211627900000224e+01,-3.540031892500000055e+01,-5.380700785700000210e+01,-2.828641730300000035e+01
6.293143143100000003e+00,-4.621260331199999882e+01,-4.984561942599999895e+01,-3.514974304799999771e+01,-5.663468400299999672e+01,-2.798992915899999900e+01
6.313153153200000034e+00,-5.150767929799999933e+01,-5.412871860599999962e+01,-3.517816129300000227e+01,-6.817549123199999883e+01,-2.761230653100000154e+01
6.333163163200000056e+00,-4.628707772599999970e+01,-4.586140339300000335e+01,-3.481113912600000049e+01,-6.043387221100000062e+01,-2.763118537700000132e+01
6.353173173200000079e+00,-5.234529955099999654e+01,-4.814089396199999982e+01,-3.597578352800000090e+01,-5.763093561400000198e+01,-2.749761431299999970e+01
6.373183183200000101e+00,-4.678940674900000118e+01,-4.669636042300000156e+01,-3.621387695199999968e+01,-5.316110478200000244e+01,-2.664498128099999974e+01
6.393193193200000124e+00,-4.990010976199999959e+01,-5.088548545999999817e+01,-3.660940533000000130e+01,-5.003385922999999735e+01,-2.611146114800000007e+01
6.413203203200000146e+00,-4.844836767200000338e+01,-4.503320078099999790e+01,-3.719644423799999799e+01,-5.110213324400000090e+01,-2.634983431099999862e+01
6.433213213200000169e+00,-4.603882222699999716e+01,-4.331798385199999757e+01,-3.708622351500000036e+01,-4.724883662399999906e+01,-2.578411504700000023e+01
6.453223223200000191e+00,-4.028026624099999964e+01,-4.431801048399999843e+01,-3.838103510999999912e+01,-5.266157480999999763e+01,-2.526504348299999947e+01
6.473233233200000214e+00,-4.145686794000000219e+01,-4.235075753699999979e+01,-3.910373593199999931e+01,-5.152102068599999996e+01,-2.516369880999999964e+01
6.493243243200000236e+00,-4.003532693500000050e+01,-4.438635215699999748e+01,-4.037040038199999969e+01,-4.957131073600000093e+01,-2.509775387699999882e+01
6.513253253300000267e+00,-3.938939163599999915e+01,-4.161265866800000168e+01,-3.928328053399999931e+01,-5.300001117899999770e+01,-2.532500424899999913e+01
6.533263263300000290e+00,-3.821935211499999951e+01,-4.097731055900000285e+01,-3.915156553900000347e+01,-5.680035147200000267e+01,-2.577513897500000084e+01
6.553273273300000312e+00,-3.641903621800000224e+01,-4.176693680099999995e+01,-3.880343602599999997e+01,-5.729601358899999752e+01,-2.582061549000000156e+01
6.573283283300000335e+00,-3.711593666699999972e+01,-4.309703960400000256e+01,-3.973460760900000110e+01,-5.323486374600000204e+01,-2.636043736299999907e+01
6.593293293300000357e+00,-3.658104704499999826e+01,-4.172971505600000341e+01,-3.762516892899999732e+01,-4.897852763800000275e+01,-2.617893353999999917e+01
6.613303303300000380e+00,-3.419084333100000350e+01,-3.917465069000000000e+01,-3.823918302399999902e+01,-4.795923240999999848e+01,-2.645974230799999916e+01
6.633313313300000402e+00,-3.608356399899999900e+01,-3.892408414500000191e+01,-4.045137761299999823e+01,-4.666736393499999735e+01,-2.635832983299999910e+01
6.653323323300000425e+00,-3.655167507600000221e+01,-3.706391954000000055e+01,-3.876924425400000018e+01,-4.806144123499999665e+01,-2.707392049499999942e+01
6.673333333300000447e+00,-3.507244574599999964e+01,-3.929433908600000080e+01,-3.834111469100000136e+01,-5.033689859999999783e+01,-2.715767904200000160e+01
6.693343343300000470e+00,-3.701528104300000166e+01,-3.750868022499999910e+01,-3.826656358700000027e+01,-4.581663826799999839e+01,-2.731051652600000068e+01
6.713353353399999612e+00,-3.641856739299999646e+01,-3.744618956200000071e+01,-4.128519721499999662e+01,-4.783675060600000251e+01,-2.732964908900000012e+01
6.733363363399999635e+00,-3.692389087200000120e+01,-3.590212577599999833e+01,-4.077647506499999963e+01,-4.920025569500000273e+01,-2.656730811599999953e+01
6.753373373399999657e+00,-3.672880114200000179e+01,-3.522664483599999841e+01,-4.288354936799999706e+01,-4.510638576200000216e+01,-2.619128238800000119e+01
6.773383383399999680e+00,-3.643510696700000295e+01,-3.577193740700000291e+01,-4.335463519599999671e+01,-4.985542823400000145e+01,-2.604945760200000038e+01
6.793393393399999702e+00,-3.922203453800000261e+01,-3.580297286100000065e+01,-4.436540254399999839e+01,-4.936371534399999916e+01,-2.550322124499999887e+01
6.813403403399999725e+00,-3.769317973900000140e+01,-3.424757266700000002e+01,-4.243729748199999818e+01,-4.728836473900000215e+01,-2.456404769499999929e+01
6.833413413399999747e+00,-4.227601864199999682e+01,-3.452867302500000335e+01,-3.980060995200000207e+01,-4.480883011600000287e+01,-2.460422014199999907e+01
6.853423423399999770e+00,-3.926326060699999942e+01,-3.458313781999999748e+01,-3.918951294099999672e+01,-4.811315797500000002e+01,-2.460911961600000097e+01
6.873433433399999792e+00,-4.478796314800000289e+01,-3.383446421000000015e+01,-3.509966954600000122e+01,-4.373470955599999854e+01,-2.400325571600000174e+01
6.893443443399999815e+00,-4.093949615999999736e+01,-3.440871982800000239e+01,-3.429678096500000350e+01,-4.659703870999999964e+01,-2.411150674499999980e+01
6.913453453499999846e+00,-4.585774167099999943e+01,-3.465621743199999827e+01,-3.360632128599999646e+01,-4.683252532099999854e+01,-2.383641186099999842e+01
6.933463463499999868e+00,-4.710826487300000309e+01,-3.545376945200000307e+01,-3.267597071400000175e+01,-4.683186473500000346e+01,-2.407414324899999869e+01
6.953473473499999891e+00,-4.432133147599999745e+01,-3.446596884299999886e+01,-3.306455977899999965e+01,-4.641349553599999922e+01,-2.409109206799999825e+01
6.973483483499999913e+00,-4.799153230200000309e+01,-3.502796728900000289e+01,-3.205494986699999771e+01,-5.698251383800000269e+01,-2.418505615999999847e+01
6.993493493499999936e+00,-5.190951729599999709e+01,-3.501717528700000059e+01,-3.187397289400000133e+01,-4.458236156899999969e+01,-2.426896838600000095e+01
7.013503503499999958e+00,-4.700673764399999754e+01,-3.618303982799999829e+01,-3.121423306899999872e+01,-5.266660255899999754e+01,-2.451754257700000039e+01
7.033513513499999981e+00,-4.397440222000000176e+01,-3.549027293599999666e+01,-3.055175775600000065e+01,-4.804932862500000113e+01,-2.489182268300000089e+01
7.053523523500000003e+00,-4.352968286400000153e+01,-3.594392760699999911e+01,-3.070488472299999927e+01,-5.356156336200000112e+01,-2.483434940300000093e+01
7.073533533500000026e+00,-4.147837436799999722e+01,-3.886852959299999810e+01,-3.073606416699999855e+01,-4.745211833900000187e+01,-2.544192011999999892e+01
7.093543543500000048e+00,-4.302903032199999700e+01,-3.704882046600000223e+01,-3.016383770999999925e+01,-5.346275044000000065e+01,-2.564825875600000060e+01
7.113553553600000079e+00,-3.985737649200000021e+01,-3.918882766400000150e+01,-3.030636661500000173e+01,-5.908307831300000146e+01,-2.577559593000000149e+01
7.133563563600000101e+00,-4.074229076299999974e+01,-4.001480177900000257e+01,-3.121819864800000133e+01,-4.979041193700000179e+01,-2.615298257799999959e+01
7.153573573600000124e+00,-3.957889322599999815e+01,-4.002908342500000316e+01,-3.144315643099999846e+01,-5.350775059099999709e+01,-2.643016525899999891e+01
7.173583583600000146e+00,-3.974944244000000282e+01,-3.991863626800000020e+01,-3.148555499700000126e+01,-4.992990451000000007e+01,-2.683452913400000028e+01
7.193593593600000169e+00,-4.091818973200000187e+01,-4.192402877300000341e+01,-3.218468609699999661e+01,-4.590351360300000039e+01,-2.733070904999999939e+01
7.213603603600000191e+00,-4.046437666599999972e+01,-4.157242421699999824e+01,-3.198127624700000027e+01,-4.554814475700000287e+01,-2.756137707899999967e+01
7.233613613600000214e+00,-4.019808391099999767e+01,-3.868607107399999734e+01,-3.145208392300000000e+01,-4.609860700400000155e+01,-2.730622627800000046e+01
7.253623623600000236e+00,-3.890930607699999655e+01,-3.837624613399999873e+01,-3.203969630000000279e+01,-4.561889638400000280e+01,-2.807388646400000098e+01
7.273633633600000259e+00,-4.106669291699999746e+01,-3.797364149900000285e+01,-3.132657422999999852e+01,-4.189634377400000176e+01,-2.850671145400000128e+01
7.293643643600000281e+00,-4.013900370799999706e+01,-4.063734397099999995e+01,-3.150854147500000124e+01,-4.347970310600000232e+01,-2.889080242900000073e+01
7.313653653699999424e+00,-4.169876140000000220e+01,-4.087238782800000081e+01,-3.109548410500000060e+01,-4.130465672300000080e+01,-2.867604825300000115e+01
7.333663663699999447e+00,-4.151128259899999762e+01,-3.647540705200000133e+01,-3.127850330700000114e+01,-4.161330330999999916e+01,-2.884996338399999871e+01
7.353673673699999469e+00,-4.019498124399999739e+01,-3.869230950800000102e+01,-3.159105044600000056e+01,-4.161572726400000022e+01,-2.948214916199999891e+01
7.373683683699999492e+00,-4.117623198500000115e+01,-4.154093146600000352e+01,-3.216228355700000208e+01,-4.123483493300000191e+01,-2.909265650500000078e+01
7.393693693699999514e+00,-3.922195148800000197e+01,-3.963218668399999700e+01,-3.195474194699999870e+01,-4.089680251000000055e+01,-2.917486394399999838e+01
7.413703703699999537e+00,-3.925360068399999847e+01,-4.436954282899999669e+01,-3.221092979899999875e+01,-4.058064620300000058e+01,-2.944529151600000105e+01
7.433713713699999559e+00,-3.950409792399999986e+01,-3.884274680299999716e+01,-3.235007940999999931e+01,-4.114628293700000228e+01,-2.891373662599999861e+01
7.453723723699999582e+00,-3.864565419899999910e+01,-4.454432735599999660e+01,-3.282731658000000152e+01,-3.846103013300000129e+01,-2.851864791499999896e+01
7.473733733699999604e+00,-4.001634136300000222e+01,-4.434207024199999836e+01,-3.314543470400000302e+01,-3.739904073200000312e+01,-2.817976996599999850e+01
7.493743743699999627e+00,-4.186264716899999883e+01,-4.517023521299999800e+01,-3.399795095999999717e+01,-3.883025364800000290e+01,-2.809092579100000009e+01
7.513753753800000545e+00,-3.875890524500000112e+01,-4.916735192600000204e+01,-3.426899155899999982e+01,-3.700546991000000219e+01,-2.813183346099999937e+01
7.533763763800000568e+00,-3.884064169100000186e+01,-4.933378843300000227e+01,-3.563351102000000026e+01,-3.637488479400000330e+01,-2.731851219700000044e+01
7.553773773800000590e+00,-3.837477493000000095e+01,-4.498194127600000058e+01,-3.607094488100000262e+01,-3.703173220000000043e+01,-2.703234551799999963e+01
7.573783783800000613e+00,-3.785646308199999766e+01,-5.331673153199999859e+01,-3.875045087600000215e+01,-3.622468414200000097e+01,-2.626974869400000046e+01
7.593793793799999747e+00,-3.937211218699999904e+01,-5.473852669899999768e+01,-4.014859273199999734e+01,-3.741046581300000184e+01,-2.571289540100000082e+01
7.613803803799999770e+00,-4.027963593100000139e+01,-4.771984617900000103e+01,-4.618927452100000153e+01,-3.573542828899999790e+01,-2.577321624000000000e+01
7.633813813799999792e+00,-3.843210176800000255e+01,-5.171399536399999874e+01,-4.481665735299999653e+01,-3.595015408300000104e+01,-2.542555877999999936e+01
7.653823823799999815e+00,-3.710311007399999994e+01,-4.606814954699999731e+01,-4.277398456600000287e+01,-3.722193344000000081e+01,-2.514223132300000074e+01
7.673833833799999837e+00,-3.957393501800000024e+01,-4.590593834399999906e+01,-4.152330671400000028e+01,-3.627461236199999917e+01,-2.469648719799999981e+01
7.693843843799999860e+00,-3.799381268500000175e+01,-4.196049814500000252e+01,-4.426343739400000032e+01,-3.542674385899999834e+01,-2.465855116499999866e+01
7.713853853899999891e+00,-3.716567169399999671e+01,-4.755431578000000314e+01,-4.176405451200000130e+01,-3.681793145299999992e+01,-2.444417774900000140e+01
7.733863863899999913e+00,-3.796758399499999825e+01,-4.452792448000000292e+01,-4.049377383400000241e+01,-3.587111152899999666e+01,-2.455808134300000134e+01
7.753873873899999936e+00,-4.085775076899999902e+01,-4.146084236000000089e+01,-3.914780929199999804e+01,-3.803848451799999708e+01,-2.443687359200000131e+01
7.773883883899999958e+00,-4.117797669899999846e+01,-4.101077558800000133e+01,-3.912476798699999847e+01,-3.724079732700000278e+01,-2.524104271199999872e+01
7.793893893899999981e+00,-3.875850205999999787e+01,-3.739022940400000294e+01,-3.935483252400000254e+01,-3.689696144999999916e+01,-2.554655422700000145e+01
7.813903903900000003e+00,-3.699249736200000171e+01,-3.701644159500000342e+01,-4.020244838600000037e+01,-3.718755157399999689e+01,-2.612555216000000158e+01
7.833913913900000026e+00,-3.936402037700000278e+01,-3.865689663999999937e+01,-3.818506521700000178e+01,-3.709705239299999846e+01,-2.639521100099999984e+01
7.853923923900000048e+00,-3.730245061800000173e+01,-3.558972335899999706e+01,-3.855095611499999819e+01,-3.711629223300000291e+01,-2.747145811700000095e+01
7.873933933899999182e+00,-3.783179834300000266e+01,-3.377364566899999687e+01,-3.564859286400000116e+01,-3.579695430900000019e+01,-2.741424289600000108e+01
7.893943943899999205e+00,-4.104339818700000109e+01,-3.701291819899999780e+01,-3.434013437400000157e+01,-3.574906082999999768e+01,-2.824275180800000129e+01
7.913953954000000124e+00,-3.720112237099999675e+01,-3.368645946299999849e+01,-3.360558909000000227e+01,-3.522687094300000155e+01,-2.927718212799999975e+01
7.933963964000000146e+00,-3.848882172999999796e+01,-3.436134622899999869e+01,-3.369977398799999690e+01,-3.538096311999999699e+01,-3.031897845700000005e+01
7.953973974000000169e+00,-3.840260338099999871e+01,-3.376300988900000277e+01,-3.303767239399999767e+01,-3.514244558299999710e+01,-3.103413929799999949e+01
7.973983984000000191e+00,-3.909228804899999687e+01,-3.341008401799999916e+01,-3.185282734100000113e+01,-3.643084644799999694e+01,-3.121730695300000136e+01
7.993993994000000214e+00,-3.881693305799999649e+01,-3.310160133200000132e+01,-3.156498787399999983e+01,-3.476888676299999759e+01,-3.155250769899999952e+01
8.014004004000000236e+00,-3.687749365100000176e+01,-3.308277446299999980e+01,-3.215720910299999957e+01,-3.629141203399999682e+01,-3.239558262300000280e+01
8.034014014000000259e+00,-3.750854343000000313e+01,-3.190448489799999976e+01,-3.113831465499999851e+01,-3.579797184499999929e+01,-3.226233896699999804e+01
8.054024024000000281e+00,-4.185998257199999983e+01,-3.357806025000000005e+01,-3.128449860499999957e+01,-3.426756555800000115e+01,-3.283548698599999938e+01
8.074034034000000304e+00,-4.188958376699999775e+01,-3.356984497700000247e+01,-3.161986872800000015e+01,-3.571973619199999916e+01,-3.206649432500000074e+01
8.094044044000000326e+00,-3.981872747900000320e+01,-3.223633444800000092e+01,-3.177993027999999853e+01,-3.615327627300000302e+01,-3.346898296700000230e+01
8.114054054100000357e+00,-4.086270898499999760e+01,-3.277156090999999805e+01,-3.248276585699999686e+01,-3.644696247499999942e+01,-3.307689373899999907e+01
8.134064064100000380e+00,-4.150612427400000115e+01,-3.225496405199999828e+01,-3.323338231299999990e+01,-3.681597017499999680e+01,-3.256991173200000134e+01
8.154074074100000402e+00,-3.815829217000000284e+01,-3.342575093199999969e+01,-3.359045291200000349e+01,-3.786290369299999981e+01,-3.286355454299999934e+01
8.174084084100000425e+00,-3.931190907300000248e+01,-3.375469361100000043e+01,-3.197780307000000022e+01,-3.641890419799999989e+01,-3.427492927899999842e+01
8.194094094100000447e+00,-3.575954821999999922e+01,-3.478292155700000166e+01,-3.319916517099999709e+01,-3.643969665400000224e+01,-3.488570779300000169e+01
8.214104104100000470e+00,-3.639830962700000327e+01,-3.544815155999999945e+01,-3.339739716999999786e+01,-3.913487043399999976e+01,-3.315451467599999802e+01
8.234114114100000492e+00,-3.619382042499999841e+01,-3.542465976599999777e+01,-3.297939589799999993e+01,-3.903366018700000240e+01,-3.445359673099999753e+01
8.254124124100000515e+00,-3.894794716900000253e+01,-3.665541374499999705e+01,-3.179719898100000108e+01,-4.160538512099999764e+01,-3.652681553200000053e+01
8.274134134100000537e+00,-3.838862610900000050e+01,-3.534869847699999923e+01,-3.188473939800000068e+01,-4.115486311499999772e+01,-3.792149265300000138e+01
8.294144144100000560e+00,-3.942898517300000094e+01,-3.538386841199999822e+01,-3.105406276000000076e+01,-4.071684233300000244e+01,-3.775877820800000251e+01
8.314154154200000590e+00,-3.939933653700000349e+01,-3.683022272699999888e+01,-3.151463286699999955e+01,-3.911966151299999694e+01,-3.875734605000000244e+01
8.334164164200000613e+00,-3.758954086399999994e+01,-3.673111977599999989e+01,-3.007212381500000120e+01,-3.894075458300000037e+01,-4.186973320100000251e+01
8.354174174200000635e+00,-3.888082389299999875e+01,-3.881179995699999807e+01,-2.991188763199999912e+01,-4.002611814200000140e+01,-4.019297161400000107e+01
8.374184184200000658e+00,-4.031712886100000048e+01,-3.949446222400000295e+01,-2.974187475100000100e+01,-4.032198251500000197e+01,-4.538803780300000312e+01
8.394194194200000680e+00,-4.066884567000000317e+01,-4.025163814399999751e+01,-2.962826025200000046e+01,-4.012504748599999971e+01,-5.078249877599999706e+01
8.414204204199998927e+00,-4.166240138700000273e+01,-3.956210575499999749e+01,-2.873412652600000072e+01,-4.178109756599999969e+01,-4.848341671499999705e+01
8.434214214199998949e+00,-3.850046188799999669e+01,-4.351639892400000065e+01,-2.921076636700000151e+01,-4.350615417099999860e+01,-4.401714226099999649e+01
8.454224224199998972e+00,-4.154506343399999935e+01,-4.684198683500000016e+01,-2.867734033099999991e+01,-4.266993476700000087e+01,-4.895666810699999871e+01
8.474234234199998994e+00,-4.151231933399999718e+01,-4.213549551399999871e+01,-2.945882530000000088e+01,-4.278754446500000341e+01,-4.722234967699999686e+01
8.494244244199999017e+00,-4.094450341299999963e+01,-3.987373700999999926e+01,-2.869808913900000036e+01,-4.315701176599999656e+01,-4.579865612999999769e+01
8.514254254300000824e+00,-4.649798075000000352e+01,-4.178718636100000339e+01,-2.915403586000000047e+01,-4.550695090399999998e+01,-4.403781608199999908e+01
8.534264264300000846e+00,-4.303608959799999667e+01,-4.717549210600000009e+01,-2.918494734500000121e+01,-4.913193137599999716e+01,-4.194947639299999764e+01
8.554274274300000869e+00,-4.260671409199999715e+01,-4.311404277100000115e+01,-3.010396319999999903e+01,-5.902981952100000029e+01,-4.296424563600000113e+01
8.574284284300000891e+00,-4.795377128599999850e+01,-4.313276603999999992e+01,-2.995448083400000172e+01,-6.139340035000000029e+01,-4.707845027199999777e+01
8.594294294299999137e+00,-5.385371624100000076e+01,-4.511733825799999664e+01,-2.966130568399999845e+01,-6.333323170900000321e+01,-4.422646223899999995e+01
8.614304304299999160e+00,-5.469858004900000026e+01,-4.369019694899999706e+01,-3.167208307299999959e+01,-5.338486196600000255e+01,-5.047419802999999661e+01
8.634314314299999182e+00,-4.892280253100000209e+01,-4.414563538699999867e+01,-3.122001856700000033e+01,-4.591101058200000296e+01,-4.742186220100000327e+01
8.654324324299999205e+00,-5.368140685099999843e+01,-4.151399884599999979e+01,-3.085749058900000108e+01,-4.250767807199999737e+01,-5.564913572700000088e+01
8.674334334299999227e+00,-4.231181433399999747e+01,-4.244033253500000313e+01,-3.244513748499999650e+01,-4.716981923800000231e+01,-5.816090739300000223e+01
8.694344344299999250e+00,-4.528254731500000219e+01,-4.288023637599999915e+01,-3.285985573699999662e+01,-4.474025598200000076e+01,-5.776081363800000190e+01
8.714354354399999281e+00,-4.618643548400000043e+01,-4.079165016000000321e+01,-3.566775775100000345e+01,-4.337476840200000083e+01,-4.830337965900000086e+01
8.734364364399999303e+00,-4.170042929299999912e+01,-4.529174283500000087e+01,-3.573426797599999816e+01,-4.059238390699999854e+01,-3.956450700399999931e+01
8.754374374399999326e+00,-3.781054285500000134e+01,-3.936633786499999843e+01,-3.682266812499999986e+01,-4.172144045099999943e+01,-4.301527825000000149e+01
8.774384384399999348e+00,-4.160816797700000080e+01,-4.444666200399999667e+01,-3.895076191399999743e+01,-4.059461299099999820e+01,-3.823180717099999981e+01
8.794394394399999371e+00,-4.338975951500000150e+01,-3.858611636500000230e+01,-4.273624729299999814e+01,-4.230514389399999686e+01,-3.701739308199999812e+01
8.814404404399999393e+00,-4.534101404599999796e+01,-3.771545970100000034e+01,-4.893368405700000068e+01,-4.001482184200000347e+01,-3.711430396299999757e+01
8.834414414399999416e+00,-4.224271940900000288e+01,-4.229566648000000129e+01,-5.011185979900000120e+01,-4.509339726599999665e+01,-3.408756553700000325e+01
8.854424424399999438e+00,-3.868658708600000296e+01,-4.030102033499999692e+01,-4.692361027700000164e+01,-3.911663476999999745e+01,-3.418783918300000124e+01
8.874434434399999461e+00,-3.959836624599999766e+01,-4.072490980300000274e+01,-4.169304762899999872e+01,-4.475033640499999876e+01,-3.529180959600000023e+01
8.894444444399999483e+00,-4.083042218399999967e+01,-4.152757485099999712e+01,-3.998887434899999960e+01,-4.134743377699999911e+01,-3.242523101199999758e+01
8.914454454499999514e+00,-4.023228923399999957e+01,-3.985563429900000187e+01,-4.085518575100000049e+01,-3.901007514999999870e+01,-3.196566096300000126e+01
8.934464464499999536e+00,-3.938388024999999715e+01,-3.842398452500000161e+01,-3.842530532899999685e+01,-4.005064786399999832e+01,-3.323572612699999951e+01
8.954474474499999559e+00,-4.128278491100000025e+01,-3.828862471299999726e+01,-3.853853863799999857e+01,-4.053462013200000058e+01,-3.247744960800000058e+01
8.974484484499999581e+00,-4.423253762800000288e+01,-4.163633236300000107e+01,-3.657989455599999928e+01,-3.811203697300000215e+01,-3.278978876699999745e+01
8.994494494499999604e+00,-4.113399839200000230e+01,-3.683413830599999983e+01,-3.522842668199999849e+01,-4.010882997099999869e+01,-3.278863242300000280e+01
9.014504504499999626e+00,-3.819968661699999757e+01,-4.076832252100000176e+01,-3.966624915999999956e+01,-3.808541419800000227e+01,-3.489575339999999670e+01
9.034514514499999649e+00,-3.691868853100000081e+01,-4.668443701399999668e+01,-4.006651783299999892e+01,-3.713346709799999701e+01,-3.558423907499999927e+01
9.054524524499999671e+00,-3.406062840799999947e+01,-4.484335838300000177e+01,-4.106337090200000262e+01,-3.764542842699999881e+01,-3.547277679900000180e+01
9.074534534499999694e+00,-3.744982362700000067e+01,-3.910214505399999751e+01,-3.830804690299999749e+01,-3.899259608999999926e+01,-3.738588616100000195e+01
9.094544544499999716e+00,-3.509327304400000003e+01,-4.186388037599999734e+01,-3.786583266600000286e+01,-3.930396404999999760e+01,-3.605809270999999683e+01
9.114554554599999747e+00,-3.409763102200000162e+01,-4.682312252999999913e+01,-3.572325415200000265e+01,-3.928052997500000032e+01,-3.421088902399999654e+01
9.134564564599999770e+00,-3.405222616799999713e+01,-4.563637321899999932e+01,-3.464044028499999683e+01,-3.948908334899999772e+01,-3.459949881299999674e+01
9.154574574599999792e+00,-3.275498443000000037e+01,-4.598105677099999866e+01,-3.423049535100000185e+01,-4.455364005500000246e+01,-3.244779356600000142e+01
9.174584584599999815e+00,-3.431832342199999886e+01,-4.067717485200000027e+01,-3.230454598299999702e+01,-4.176047785400000123e+01,-3.162360696800000071e+01
9.194594594599999837e+00,-3.584296877799999947e+01,-4.146701204400000051e+01,-3.079759525700000111e+01,-4.092237771199999941e+01,-3.191409718299999909e+01
9.214604604599999860e+00,-3.460966368300000084e+01,-3.764744380199999796e+01,-3.203672554799999972e+01,-4.321097517100000118e+01,-3.218883310300000034e+01
9.234614614599999882e+00,-3.549554467800000168e+01,-3.547800814099999656e+01,-3.035143116500000104e+01,-4.474201628299999811e+01,-3.124722634500000140e+01
9.254624624599999905e+00,-3.455327006099999920e+01,-4.545454430499999887e+01,-3.071977905399999997e+01,-4.589604587699999882e+01,-3.183751300699999831e+01
9.274634634599999927e+00,-3.185378954800000173e+01,-3.670150636799999688e+01,-3.028040644200000031e+01,-4.114973075399999658e+01,-3.068144441200000117e+01
9.294644644599999950e+00,-3.424413120199999838e+01,-3.632825099800000146e+01,-3.092262006300000010e+01,-4.296615777099999889e+01,-3.123315703999999826e+01
9.314654654699999980e+00,-3.499406001500000229e+01,-4.464759983599999771e+01,-3.010264995300000024e+01,-4.286616356199999700e+01,-3.046574461100000164e+01
9.334664664700000003e+00,-3.468316070000000195e+01,-4.139947101799999984e+01,-3.168537800200000021e+01,-4.183072585600000082e+01,-3.073338319599999835e+01
9.354674674700000025e+00,-3.562188382600000125e+01,-4.732015623299999874e+01,-3.079155297200000163e+01,-4.165680813099999824e+01,-3.101759278300000133e+01
9.374684684700000048e+00,-3.465343183699999940e+01,-3.851866155300000116e+01,-3.169058453899999961e+01,-3.937139138799999927e+01,-3.165691039300000043e+01
9.394694694700000070e+00,-3.335872417200000228e+01,-4.340146247999999929e+01,-3.176226087499999906e+01,-4.306602285200000324e+01,-3.165780373000000125e+01
9.414704704700000093e+00,-3.536021748499999973e+01,-4.145316918099999981e+01,-3.366400983900000199e+01,-3.837301641199999835e+01,-3.267697898299999792e+01
9.434714714700000115e+00,-3.475054934599999967e+01,-4.037458200900000094e+01,-3.350655384600000275e+01,-4.114151256000000245e+01,-3.244031333499999903e+01
9.454724724700000138e+00,-3.532374000000000080e+01,-4.719780654499999883e+01,-3.451838356900000093e+01,-3.912175324999999759e+01,-3.281659225300000315e+01
9.474734734700000161e+00,-3.652636435499999834e+01,-4.804178617899999892e+01,-3.468283715799999811e+01,-3.828616668400000123e+01,-3.322484694500000302e+01
9.494744744700000183e+00,-3.511532849400000345e+01,-4.718556101400000102e+01,-3.439361244599999878e+01,-3.889232005000000214e+01,-3.535281661399999820e+01
9.514754754799998437e+00,-3.569873541700000175e+01,-5.460778158899999823e+01,-3.494219018999999804e+01,-3.730235497200000339e+01,-3.532581618300000059e+01
9.534764764799998460e+00,-3.497500422600000292e+01,-4.594716377099999960e+01,-3.869689127400000217e+01,-3.731152579700000160e+01,-3.465084633200000042e+01
9.554774774799998482e+00,-3.530422657799999797e+01,-4.008822093599999903e+01,-3.801983434800000339e+01,-3.978297285899999736e+01,-3.536150030200000316e+01
9.574784784799998505e+00,-3.985124767500000331e+01,-4.611859467200000040e+01,-3.526287926300000208e+01,-3.950294974399999859e+01,-3.602275393499999723e+01
9.594794794799998527e+00,-3.450978998400000108e+01,-4.545488460899999694e+01,-3.948860442400000181e+01,-3.971560421000000218e+01,-3.882978891700000190e+01
9.614804804799998550e+00,-3.637497664600000036e+01,-4.945163270399999789e+01,-4.189678299900000269e+01,-3.971339947500000278e+01,-4.012216604399999653e+01
9.634814814799998572e+00,-3.779865794799999890e+01,-4.042486526399999747e+01,-4.490160328099999987e+01,-3.940441036600000047e+01,-4.337185544900000167e+01
9.654824824799998595e+00,-4.446684202400000174e+01,-5.300430456200000151e+01,-4.891685137700000041e+01,-3.811365518600000257e+01,-4.258427853100000249e+01
9.674834834799998617e+00,-4.481295739000000111e+01,-4.240220912499999883e+01,-4.598145172699999961e+01,-4.134546981700000146e+01,-4.032209211100000346e+01
9.694844844799998640e+00,-3.771799881500000140e+01,-4.811465301199999800e+01,-5.088435828000000072e+01,-3.979556956700000114e+01,-5.104972380699999945e+01
9.714854854900000447e+00,-4.988864671099999981e+01,-4.900018603600000233e+01,-6.298710651399999705e+01,-4.319865655600000309e+01,-6.214481018299999704e+01
9.734864864900000470e+00,-4.695357324500000118e+01,-4.049770585400000300e+01,-4.949241702700000189e+01,-3.880358599200000214e+01,-4.679306946900000241e+01
9.754874874900000492e+00,-4.275169297299999727e+01,-5.339196579899999762e+01,-4.400385952999999972e+01,-4.167015682699999957e+01,-4.510839171100000300e+01
9.774884884899998738e+00,-4.232482200599999800e+01,-4.098482525299999679e+01,-4.384562407800000017e+01,-4.263650631899999865e+01,-4.898238628899999725e+01
9.794894894899998761e+00,-4.522669205700000106e+01,-4.311470960799999830e+01,-4.726244471700000105e+01,-4.267221690000000223e+01,-5.232461600700000304e+01
9.814904904899998783e+00,-5.309354928700000187e+01,-4.182046858799999711e+01,-5.120719263099999807e+01,-4.911695180299999919e+01,-4.531575448800000316e+01
9.834914914899998806e+00,-5.039727475499999798e+01,-4.492992425399999945e+01,-4.454917634499999934e+01,-4.152394802599999935e+01,-4.616156333800000056e+01
9.854924924899998828e+00,-4.043429471500000005e+01,-4.553475198699999993e+01,-4.025696671499999724e+01,-4.861251112699999766e+01,-4.676129893099999890e+01
9.874934934899998851e+00,-4.436441216899999773e+01,-4.360749212999999713e+01,-4.808946509199999753e+01,-4.271165869299999684e+01,-4.664503446799999864e+01
9.894944944899998873e+00,-4.926373300200000216e+01,-4.291521709399999907e+01,-4.097410076700000303e+01,-4.338442934399999729e+01,-4.553890232100000190e+01
9.914954955000000680e+00,-4.502756155499999835e+01,-3.750612256000000144e+01,-4.169318892799999787e+01,-5.077583856300000065e+01,-4.308036802099999818e+01
9.934964965000000703e+00,-4.576339872599999836e+01,-3.863950425499999852e+01,-4.062937934400000017e+01,-4.454040068100000127e+01,-3.967907246699999746e+01
9.954974975000000725e+00,-4.773453991299999899e+01,-3.982632357500000353e+01,-4.236751653799999673e+01,-4.678152312000000279e+01,-3.941171433299999904e+01
9.974984985000000748e+00,-4.324550003299999901e+01,-3.827261926599999953e+01,-4.605939531300000311e+01,-4.053648332899999929e+01,-3.845842680700000216e+01
9.994994995000000770e+00,-4.570673908799999907e+01,-3.998575475300000193e+01,-4.377574560499999734e+01,-4.587297132700000191e+01,-4.072057158199999805e+01
1.001500500500000079e+01,-4.150274983999999989e+01,-3.952072221299999910e+01,-3.964650520200000017e+01,-4.305866187800000233e+01,-3.887596037800000204e+01
1.003501501500000082e+01,-4.061515194100000059e+01,-3.914423255999999895e+01,-4.429225639900000289e+01,-4.406276731599999863e+01,-3.598343582599999735e+01
1.005502502500000084e+01,-4.231762443299999887e+01,-3.944927776400000141e+01,-4.101529553700000008e+01,-4.019753644499999723e+01,-3.631868072599999664e+01
1.007503503500000086e+01,-3.854237624400000328e+01,-3.761712166699999926e+01,-4.218593901399999879e+01,-4.487530011300000155e+01,-3.495880311300000187e+01
1.009504504500000088e+01,-3.951110313699999921e+01,-5.592399030899999701e+01,-4.293148808400000149e+01,-3.942881138300000288e+01,-3.630472768799999983e+01
1.011505505499999913e+01,-4.167041699899999685e+01,-5.019516563900000250e+01,-4.654328963900000105e+01,-4.756582721200000208e+01,-4.006115675200000226e+01
1.013506506499999915e+01,-3.800847473999999693e+01,-3.828722024599999685e+01,-4.870241814399999924e+01,-4.158338964099999657e+01,-3.585330863400000112e+01
1.015507507499999917e+01,-5.037688198400000061e+01,-4.103392952099999746e+01,-5.651806164700000323e+01,-4.120465058100000277e+01,-3.649106043900000174e+01
1.017508508499999920e+01,-3.924438501099999854e+01,-3.617749374999999645e+01,-5.159945793899999700e+01,-3.921218216999999839e+01,-3.833993219100000260e+01
1.019509509499999922e+01,-3.670968221100000051e+01,-3.944012755899999689e+01,-4.200986664500000245e+01,-3.793007006900000277e+01,-3.991567171700000216e+01
1.021510510499999924e+01,-4.642737117800000135e+01,-3.651751023399999951e+01,-4.656512058900000284e+01,-3.989957647800000018e+01,-4.011400362599999880e+01
1.023511511499999926e+01,-4.199705577699999992e+01,-3.436126200000000352e+01,-4.907141537500000084e+01,-4.962868968400000114e+01,-4.145590436100000176e+01
1.025512512499999929e+01,-3.689765819800000202e+01,-3.570760879600000237e+01,-4.289918201799999764e+01,-3.906189660500000116e+01,-3.931036023200000074e+01
1.027513513499999931e+01,-3.976113095200000203e+01,-3.297529941700000222e+01,-4.386922830999999690e+01,-3.785447444199999723e+01,-4.053881112700000244e+01
1.029514514499999933e+01,-3.706449124600000289e+01,-3.449345648900000327e+01,-4.349637671600000033e+01,-3.896622049100000140e+01,-3.616362565200000034e+01
1.031515515499999935e+01,-3.654040886300000324e+01,-3.093668322599999954e+01,-4.040394885199999919e+01,-3.704796370300000063e+01,-3.513921300300000183e+01
1.033516516499999938e+01,-4.266064512399999842e+01,-3.388592702300000070e+01,-3.858454409499999826e+01,-3.965064812699999663e+01,-3.713355971000000011e+01
1.035517517499999940e+01,-3.573853136500000005e+01,-3.112992712499999826e+01,-3.757413085299999977e+01,-3.941543242800000257e+01,-4.141364617199999998e+01
1.037518518499999942e+01,-3.760068045100000234e+01,-3.271284957999999676e+01,-3.552067367000000075e+01,-3.979304790700000183e+01,-3.714318847500000231e+01
1.039519519499999944e+01,-4.103574933699999860e+01,-3.191190668799999841e+01,-3.621436029699999892e+01,-3.941694135899999907e+01,-4.115327174400000132e+01
1.041520520499999947e+01,-4.168146265499999714e+01,-3.174518660400000059e+01,-3.752746259100000259e+01,-3.710498493899999772e+01,-3.519789739299999809e+01
1.043521521499999949e+01,-4.093168646600000216e+01,-3.009425877099999980e+01,-3.360348939200000018e+01,-3.581831235800000002e+01,-3.476303043200000076e+01
1.045522522499999951e+01,-4.209797626099999945e+01,-3.123884590400000150e+01,-3.275325091300000224e+01,-4.017018489000000159e+01,-3.419974232300000239e+01
1.047523523499999953e+01,-3.927347433599999960e+01,-3.074872754500000127e+01,-3.274466005200000041e+01,-3.497003797600000041e+01,-3.411528380400000060e+01
1.049524524499999956e+01,-3.581214276699999743e+01,-3.339577355600000175e+01,-3.471544668800000011e+01,-3.981380084999999980e+01,-3.831380169799999891e+01
1.051525525499999958e+01,-3.795180306700000017e+01,-3.052102968999999888e+01,-3.213024809499999890e+01,-3.650716550399999960e+01,-3.618264070000000032e+01
1.053526526499999960e+01,-3.935062572999999730e+01,-3.119865620299999875e+01,-3.133133705299999860e+01,-3.417670640699999751e+01,-3.615993236199999927e+01
1.055527527499999962e+01,-3.660967715499999997e+01,-2.942733315299999930e+01,-3.313785106499999955e+01,-3.314897206399999874e+01,-3.814153050299999848e+01
1.057528528499999965e+01,-3.815322182799999950e+01,-3.091147812799999883e+01,-3.141860783999999995e+01,-3.680855314800000144e+01,-3.746908808399999913e+01
1.059529529499999967e+01,-3.625291934399999860e+01,-2.846369434200000015e+01,-3.204472923600000200e+01,-3.849913080099999974e+01,-3.443749923099999677e+01
1.061530530499999969e+01,-3.188432581500000040e+01,-2.936914028700000046e+01,-3.281487684399999694e+01,-3.559772337999999792e+01,-3.895581510000000236e+01
1.063531531499999971e+01,-3.507211879900000184e+01,-3.025807439400000121e+01,-3.232888361300000213e+01,-3.480532251000000343e+01,-4.219104033299999656e+01
1.065532532499999974e+01,-3.311511043400000176e+01,-3.290664406100000150e+01,-3.369427477199999998e+01,-3.504271312499999880e+01,-3.692288479399999801e+01
1.067533533499999976e+01,-5.243173041400000045e+01,-3.144325159299999939e+01,-3.225061931999999842e+01,-3.704376616799999766e+01,-3.794899098900000212e+01
1.069534534499999978e+01,-4.091128300399999773e+01,-2.853060081699999984e+01,-3.539567000699999966e+01,-3.615399720199999933e+01,-4.219437973699999844e+01
1.071535535499999980e+01,-3.438907210600000042e+01,-3.083562440400000071e+01,-3.288590238999999826e+01,-3.903041142200000024e+01,-3.908427598499999789e+01
1.073536536499999983e+01,-4.123474011300000086e+01,-3.196662962699999966e+01,-3.267113567999999901e+01,-3.436434847000000303e+01,-3.586885884299999816e+01
1.075537537499999985e+01,-3.447808363800000109e+01,-3.551354726299999953e+01,-3.741180952100000212e+01,-3.991887932099999858e+01,-3.314942554200000302e+01
1.077538538499999987e+01,-3.809457889400000141e+01,-3.453775682100000211e+01,-3.493708324299999646e+01,-4.080122403600000069e+01,-3.921251097700000088e+01
1.079539539499999989e+01,-3.685402850900000260e+01,-2.845367306099999993e+01,-3.598368965299999900e+01,-4.174793664199999910e+01,-3.543661811799999839e+01
1.081540540499999992e+01,-3.508997541299999767e+01,-3.346162492500000241e+01,-3.480779974600000060e+01,-4.384804345799999936e+01,-3.584804425699999797e+01
1.083541541499999994e+01,-4.930404906900000128e+01,-3.251603186399999856e+01,-3.422543728400000163e+01,-3.828878291600000239e+01,-3.538776986100000244e+01
1.085542542499999996e+01,-3.491638894999999820e+01,-3.735274514099999976e+01,-3.323667708400000009e+01,-4.486139643300000301e+01,-3.497058509299999685e+01
1.087543543499999998e+01,-3.464961605999999961e+01,-2.741024573199999992e+01,-3.484180513799999801e+01,-3.842080667100000113e+01,-3.261405998499999725e+01
1.089544544500000001e+01,-3.131158486600000046e+01,-3.217924513500000216e+01,-3.222610621799999819e+01,-4.202411700100000047e+01,-3.269946089500000141e+01
1.091545545500000003e+01,-3.370663169099999834e+01,-3.823114753800000187e+01,-3.560467930600000130e+01,-3.947350388200000282e+01,-3.007550255099999958e+01
1.093546546500000005e+01,-3.429772191299999662e+01,-3.358709078100000056e+01,-3.340256041600000003e+01,-3.995551561500000304e+01,-3.068730749599999896e+01
1.095547547500000007e+01,-3.536219730900000258e+01,-4.044526067999999697e+01,-3.337016399000000177e+01,-4.013312116400000207e+01,-3.302624138000000187e+01
1.097548548500000010e+01,-3.437233324000000323e+01,-3.626090101999999860e+01,-3.308310749099999981e+01,-3.905454009700000029e+01,-3.426987546400000184e+01
1.099549549500000012e+01,-3.486504753500000220e+01,-3.554246538700000002e+01,-3.396091469299999943e+01,-3.929419880599999715e+01,-3.285808490600000198e+01
1.101550550600000022e+01,-3.403525309500000162e+01,-3.586392507200000068e+01,-3.343349950500000034e+01,-3.537970010000000087e+01,-3.525861084999999662e+01
1.103551551600000025e+01,-3.535845155900000236e+01,-3.303548543499999823e+01,-3.383169793799999781e+01,-3.446934211800000014e+01,-3.350715421799999660e+01
1.105552552600000027e+01,-3.551265031300000174e+01,-3.207205201400000050e+01,-3.240974793400000209e+01,-3.399842821899999734e+01,-3.321992208799999702e+01
1.107553553600000029e+01,-3.509520179700000142e+01,-3.584277576099999862e+01,-3.041740078000000125e+01,-3.318662117800000289e+01,-3.625759365599999740e+01
1.109554554600000031e+01,-3.557787263499999852e+01,-3.511421498400000019e+01,-3.116277367500000040e+01,-3.148432220700000173e+01,-4.033882306400000317e+01
1.111555555600000034e+01,-3.330861621300000053e+01,-3.198076484099999917e+01,-3.176025297300000005e+01,-3.188657887300000127e+01,-3.754363276000000127e+01
1.113556556600000036e+01,-3.554527111699999864e+01,-3.781828662699999910e+01,-2.967222125300000002e+01,-3.176224027199999966e+01,-4.480153556700000195e+01
1.115557557600000038e+01,-3.284251149400000003e+01,-3.411782919499999878e+01,-3.039115226199999853e+01,-2.883485261199999883e+01,-4.143111356499999687e+01
1.117558558600000040e+01,-3.446318782499999855e+01,-3.450449393600000292e+01,-3.066615827700000096e+01,-3.022903216699999973e+01,-4.930372914000000151e+01
1.119559559600000043e+01,-2.855450632799999866e+01,-3.411130845899999997e+01,-3.140775622800000022e+01,-2.944823101800000131e+01,-4.199343471600000299e+01
1.121560560600000045e+01,-3.264125218499999903e+01,-3.088522417800000142e+01,-2.987407776799999937e+01,-2.973470286799999940e+01,-4.456232507600000048e+01
1.123561561600000047e+01,-3.467607492199999797e+01,-3.218461322800000346e+01,-2.819321748500000169e+01,-2.934608052100000108e+01,-3.847522855900000138e+01
1.125562562600000049e+01,-3.336676496799999825e+01,-3.291888211100000206e+01,-3.073097588799999969e+01,-2.944120232999999942e+01,-3.706047217700000118e+01
1.127563563600000052e+01,-3.432596863999999925e+01,-3.340025279200000341e+01,-2.922382106399999913e+01,-2.847604117799999912e+01,-3.599460915800000294e+01
1.129564564600000054e+01,-4.022565356700000194e+01,-3.361535212700000130e+01,-2.956826708599999876e+01,-2.912804284099999919e+01,-3.361616314199999778e+01
1.131565565600000056e+01,-3.667690058499999850e+01,-3.028379916000000094e+01,-2.966444989600000071e+01,-2.922057123900000164e+01,-3.199747484099999895e+01
1.133566566600000058e+01,-3.612885958100000039e+01,-3.512053058200000066e+01,-2.875447207299999874e+01,-2.825112762399999866e+01,-3.290755221700000277e+01
1.135567567600000061e+01,-3.302731330600000348e+01,-2.986192435499999931e+01,-2.787513063500000143e+01,-2.828084178900000012e+01,-3.158075532200000168e+01
1.137568568600000063e+01,-4.214160396300000144e+01,-2.951548688600000148e+01,-2.788862094499999955e+01,-2.807373217700000012e+01,-3.110665146299999861e+01
1.139569569600000065e+01,-3.720767133999999743e+01,-2.953312771899999944e+01,-2.763050208800000007e+01,-2.794125054699999922e+01,-2.967717882899999893e+01
1.141570570600000067e+01,-3.241404422600000146e+01,-2.722292558599999879e+01,-2.832938732599999909e+01,-2.719924244199999919e+01,-3.080600680799999935e+01
1.143571571600000070e+01,-4.059565327899999687e+01,-3.117226256200000023e+01,-2.871338224999999866e+01,-2.892792249800000093e+01,-3.319872025000000093e+01
1.145572572600000072e+01,-3.790253818600000102e+01,-3.005507200699999970e+01,-2.866108716600000150e+01,-2.787457656500000169e+01,-2.852337114699999887e+01
1.147573573600000074e+01,-4.714195795599999883e+01,-3.477088582900000091e+01,-2.799498777699999863e+01,-2.852305744799999943e+01,-3.126800600800000041e+01
1.149574574600000076e+01,-3.504574972199999650e+01,-3.022415963999999988e+01,-2.839325303000000034e+01,-2.779005811500000078e+01,-3.250434224400000005e+01
1.151575575600000079e+01,-4.388596765999999860e+01,-2.959304060999999919e+01,-2.782146840200000071e+01,-2.752976827599999865e+01,-3.635250400999999698e+01
1.153576576600000081e+01,-4.155302138599999751e+01,-3.677899212399999840e+01,-2.957461099700000062e+01,-2.792983147099999996e+01,-3.503458705700000309e+01
1.155577577600000083e+01,-4.155033622900000267e+01,-3.560775618600000314e+01,-2.920237263099999936e+01,-2.763232718400000110e+01,-3.706111750600000221e+01
1.157578578600000085e+01,-4.360743563599999817e+01,-3.338551344300000068e+01,-2.921272606499999824e+01,-2.752221366899999921e+01,-3.451105202600000155e+01
1.159579579600000088e+01,-4.711082220200000137e+01,-3.413761585999999681e+01,-3.068657024499999864e+01,-2.791800810599999849e+01,-3.481958834400000313e+01
1.161580580599999912e+01,-4.111438725499999691e+01,-3.480170995900000008e+01,-3.037900924799999913e+01,-2.643009281200000160e+01,-3.555143773399999674e+01
1.163581581599999915e+01,-4.500409941899999922e+01,-3.307500695400000268e+01,-2.930079138400000005e+01,-2.836285623999999927e+01,-4.126658155199999811e+01
1.165582582599999917e+01,-3.558049751499999758e+01,-3.203807163100000110e+01,-3.038819653699999890e+01,-2.880219399699999983e+01,-3.812139580099999847e+01
1.167583583599999919e+01,-4.051474386999999666e+01,-3.360047826400000304e+01,-3.406539508800000249e+01,-2.779348726399999947e+01,-3.791541115399999740e+01
1.169584584599999921e+01,-4.915954815700000324e+01,-3.276793314100000032e+01,-3.320075643199999860e+01,-2.909432090099999968e+01,-4.065462466700000022e+01
1.171585585599999924e+01,-4.366311397500000169e+01,-3.472361732400000278e+01,-3.175408056299999870e+01,-3.014930113799999845e+01,-4.033132209000000046e+01
1.173586586599999926e+01,-4.393298349999999886e+01,-3.417482897000000008e+01,-3.564512803200000235e+01,-3.069246125300000116e+01,-3.992773479899999955e+01
1.175587587599999928e+01,-3.665193171500000346e+01,-4.471187598899999927e+01,-3.643188426599999730e+01,-2.974919156800000053e+01,-3.847064824099999925e+01
1.177588588599999930e+01,-4.511341040399999969e+01,-3.461460482900000102e+01,-3.418830299700000097e+01,-2.890050691500000113e+01,-3.624928928100000292e+01
1.179589589599999933e+01,-4.103923263800000143e+01,-3.883784303899999912e+01,-3.596033013099999920e+01,-2.866176360300000070e+01,-3.542835239000000058e+01
1.181590590599999935e+01,-3.959850624399999930e+01,-3.687892364599999695e+01,-3.692200708699999723e+01,-3.050919619600000132e+01,-3.751280541100000221e+01
1.183591591599999937e+01,-3.999923569799999967e+01,-4.468319471499999906e+01,-3.726216399100000132e+01,-2.833493995599999948e+01,-3.452860204099999919e+01
1.185592592599999939e+01,-3.869268954100000002e+01,-3.727560635700000091e+01,-3.572664707199999867e+01,-2.882503175400000117e+01,-3.656542929799999797e+01
1.187593593599999942e+01,-3.557917937799999919e+01,-3.867135220800000184e+01,-3.605870384100000337e+01,-2.900343228499999881e+01,-3.393913713199999904e+01
1.189594594599999944e+01,-4.802364864999999838e+01,-4.813770732599999747e+01,-3.973568375800000041e+01,-2.623929891599999920e+01,-3.386074080299999878e+01
1.191595595599999946e+01,-3.939531293799999645e+01,-4.442608031200000340e+01,-3.537430817700000318e+01,-2.681966778800000029e+01,-3.228457953299999872e+01
1.193596596599999948e+01,-3.738456228599999775e+01,-3.698215921599999945e+01,-3.441386956499999883e+01,-2.740946203700000083e+01,-3.371200771000000174e+01
1.195597597599999951e+01,-3.825208415299999842e+01,-4.515056534800000065e+01,-3.823362462400000084e+01,-2.652980145200000095e+01,-3.018919440100000173e+01
1.197598598599999953e+01,-3.967596300900000017e+01,-4.485248449899999912e+01,-4.291170376899999894e+01,-2.590576330900000102e+01,-3.482335195800000349e+01
1.199599599599999955e+01,-4.920832454199999972e+01,-4.569318444700000015e+01,-3.318676689600000174e+01,-2.614904073599999990e+01,-3.215706577600000315e+01
1.201600600599999957e+01,-3.461777863900000085e+01,-3.819338965400000063e+01,-3.294787187899999736e+01,-2.533536194099999861e+01,-3.202097391299999884e+01
1.203601601599999960e+01,-3.414373166299999696e+01,-4.471516056699999808e+01,-3.750815528100000051e+01,-2.696803278499999834e+01,-3.191594587499999847e+01
1.205602602599999962e+01,-3.601195928399999957e+01,-4.148633442599999910e+01,-3.225911896200000228e+01,-2.555358000500000060e+01,-3.525798192399999920e+01
1.207603603599999964e+01,-3.209511412799999874e+01,-3.827854147099999693e+01,-3.199111811499999902e+01,-2.554036442900000026e+01,-2.874705900700000072e+01
1.209604604599999966e+01,-4.037482380600000198e+01,-4.339503090000000185e+01,-3.282953944599999829e+01,-2.693951206899999917e+01,-3.787850074800000044e+01
1.211605605599999969e+01,-3.195072630199999963e+01,-3.538863222599999858e+01,-3.376539247299999857e+01,-2.649540579099999960e+01,-3.817473117800000182e+01
1.213606606599999971e+01,-2.862761355199999969e+01,-3.558099852000000141e+01,-3.304616516899999823e+01,-2.542999197400000000e+01,-3.544306682199999869e+01
1.215607607599999973e+01,-3.469029416600000104e+01,-3.824675549199999836e+01,-3.315793984700000152e+01,-2.487255624299999823e+01,-3.648993220700000251e+01
1.217608608599999975e+01,-3.576758306100000340e+01,-4.196200266299999981e+01,-3.167030608900000033e+01,-2.566711719699999961e+01,-4.245790974300000187e+01
1.219609609599999978e+01,-3.561631176800000276e+01,-2.845970387899999920e+01,-3.093386918999999935e+01,-2.575223824200000067e+01,-3.898093609600000065e+01
1.221610610599999980e+01,-4.158888581299999743e+01,-4.509824944500000043e+01,-3.582640175899999946e+01,-2.513023261300000044e+01,-5.834762140299999800e+01
1.223611611599999982e+01,-3.766336120700000123e+01,-3.969757069999999999e+01,-3.653535666500000190e+01,-2.680774941600000005e+01,-5.044254125100000152e+01
1.225612612599999984e+01,-3.219314509400000190e+01,-4.060669392799999855e+01,-3.250309920200000136e+01,-2.714280149200000025e+01,-3.740791720800000064e+01
1.227613613599999987e+01,-3.248030591399999878e+01,-4.239191639399999900e+01,-3.465154182900000279e+01,-2.745337881800000090e+01,-3.871346338899999751e+01
1.229614614599999989e+01,-4.918507759599999929e+01,-5.019089260900000227e+01,-3.961462375899999699e+01,-2.613361590699999937e+01,-4.917377240500000113e+01
1.231615615599999991e+01,-3.940569584200000008e+01,-3.386659979600000270e+01,-3.667995951399999655e+01,-2.662775153600000166e+01,-3.786925989699999917e+01
1.233616616599999993e+01,-3.892027448900000053e+01,-4.191430198599999812e+01,-4.218039442399999928e+01,-2.762389204000000120e+01,-5.111390211500000191e+01
1.235617617599999996e+01,-3.874418748200000095e+01,-3.707212979500000216e+01,-4.461758836799999983e+01,-2.607275939899999884e+01,-3.585619957800000179e+01
1.237618618599999998e+01,-3.731745259299999873e+01,-4.040508537299999858e+01,-4.601605293699999777e+01,-2.804007046199999920e+01,-3.752281445700000262e+01
1.239619619600000000e+01,-3.609226604199999855e+01,-3.396809003799999971e+01,-6.091279850499999782e+01,-2.766275911099999973e+01,-3.853008599099999998e+01
1.241620620600000002e+01,-3.960608447900000328e+01,-3.961768283699999671e+01,-4.787197551300000242e+01,-2.799850169899999841e+01,-3.999027307600000114e+01
1.243621621600000005e+01,-3.638878363199999910e+01,-3.304875996199999832e+01,-3.549658805100000336e+01,-2.776029457699999980e+01,-3.793698422599999986e+01
1.245622622600000007e+01,-3.085725661800000097e+01,-3.176600052299999888e+01,-3.975304725800000227e+01,-2.663364660899999947e+01,-3.747021720200000061e+01
1.247623623600000009e+01,-3.552266863100000194e+01,-3.162885932900000086e+01,-3.681025683600000065e+01,-3.110008438299999867e+01,-3.441473512200000329e+01
1.249624624600000011e+01,-3.442860482700000091e+01,-3.259235814499999861e+01,-3.504202417100000133e+01,-2.882515260899999987e+01,-3.768423177399999702e+01
1.251625625600000014e+01,-3.170914446600000147e+01,-5.120459881899999743e+01,-3.482400226400000065e+01,-3.042393368800000175e+01,-3.448678400000000011e+01
1.253626626600000016e+01,-3.340560061099999700e+01,-3.688613259899999974e+01,-3.279126877200000223e+01,-2.814074010699999917e+01,-3.345195068900000024e+01
1.255627627600000018e+01,-3.802392033299999952e+01,-3.125666029899999998e+01,-3.532775013100000194e+01,-3.071429543400000028e+01,-3.153931447100000085e+01
1.257628628600000020e+01,-2.914532225199999971e+01,-4.725720097300000333e+01,-3.258595856800000234e+01,-3.049356362700000034e+01,-3.681414423199999675e+01
1.259629629600000023e+01,-3.193045230699999948e+01,-3.879680220600000240e+01,-3.535252843100000320e+01,-3.080024925200000041e+01,-3.133905593600000117e+01
1.261630630600000025e+01,-3.941030735100000015e+01,-4.694903226499999960e+01,-3.362409637799999729e+01,-3.117603096599999901e+01,-3.656579207400000087e+01
1.263631631600000027e+01,-4.124471308500000077e+01,-3.386312657500000256e+01,-3.205481912100000130e+01,-3.290321281899999661e+01,-3.338318278700000263e+01
1.265632632600000029e+01,-3.867951246700000212e+01,-4.211022615800000324e+01,-3.338264806499999793e+01,-3.223483780000000110e+01,-4.026253660500000109e+01
1.267633633600000032e+01,-3.284516562200000322e+01,-3.709321288200000311e+01,-3.510063212400000054e+01,-3.255283717300000035e+01,-3.584644124799999787e+01
1.269634634600000034e+01,-3.597292404099999885e+01,-3.508115968700000309e+01,-3.294318731999999983e+01,-3.267167250800000033e+01,-3.461129088900000284e+01
1.271635635600000036e+01,-3.337344972000000354e+01,-4.608927882199999715e+01,-3.310268377300000253e+01,-3.149481872499999824e+01,-3.609365437200000315e+01
1.273636636600000038e+01,-3.647844316500000161e+01,-3.064613835500000150e+01,-3.350368919499999976e+01,-2.909125535800000151e+01,-3.554680590000000251e+01
1.275637637600000041e+01,-3.199434265600000060e+01,-4.600382692299999832e+01,-3.454008983199999960e+01,-3.296934601200000259e+01,-3.663276546699999869e+01
1.277638638600000043e+01,-3.616281237999999831e+01,-3.895682028699999933e+01,-3.379237857799999745e+01,-2.922130403899999962e+01,-3.365437921200000204e+01
1.279639639600000045e+01,-3.345380857699999666e+01,-5.090811724800000349e+01,-3.638565665499999824e+01,-3.265490333200000350e+01,-3.671398657799999654e+01
1.281640640600000047e+01,-3.996350048400000077e+01,-3.636638905800000288e+01,-3.564046031400000203e+01,-3.315527036200000310e+01,-3.976239478600000155e+01
1.283641641600000050e+01,-4.665535896499999780e+01,-4.097847015199999987e+01,-3.017319162300000102e+01,-3.367021390299999695e+01,-3.632425539799999825e+01
1.285642642600000052e+01,-3.507171269799999891e+01,-4.023540295499999786e+01,-3.192639800099999903e+01,-2.825419530799999990e+01,-3.041783389600000120e+01
1.287643643600000054e+01,-3.709156100399999900e+01,-3.948244771600000291e+01,-3.218070770399999958e+01,-3.005340708599999999e+01,-3.548973411200000072e+01
1.289644644600000056e+01,-3.551747392000000048e+01,-3.597729520299999706e+01,-2.832295845499999842e+01,-3.007599416200000064e+01,-3.371428038399999849e+01
1.291645645600000059e+01,-3.933468143599999678e+01,-3.722512177499999808e+01,-3.061729616099999873e+01,-3.801198418500000287e+01,-3.636671999699999702e+01
1.293646646600000061e+01,-3.749309448900000064e+01,-4.253547313899999693e+01,-2.979120647199999894e+01,-3.030161414899999883e+01,-3.168052457499999974e+01
1.295647647600000063e+01,-4.152902213400000164e+01,-4.503842757000000319e+01,-3.150213945799999848e+01,-3.071736872399999996e+01,-3.344558621600000237e+01
1.297648648600000065e+01,-3.905543214600000113e+01,-4.283410153999999892e+01,-3.165946501699999871e+01,-3.217413295400000095e+01,-3.235197266200000143e+01
1.299649649600000068e+01,-3.859051260900000102e+01,-3.795270158400000327e+01,-2.974440269600000164e+01,-3.122728345200000177e+01,-3.579394440099999741e+01
1.301650650700000078e+01,-4.128905306200000069e+01,-4.229843589699999740e+01,-3.038354129900000089e+01,-3.236720558900000100e+01,-3.568859553400000095e+01
1.303651651700000080e+01,-3.705175076199999751e+01,-5.101655463000000168e+01,-3.927861655699999943e+01,-3.215770934500000067e+01,-3.130745273799999850e+01
1.305652652700000083e+01,-4.024244201700000190e+01,-3.718089809399999979e+01,-3.716549674000000181e+01,-3.462034519800000254e+01,-3.338744179599999740e+01
1.307653653700000085e+01,-4.178327067299999698e+01,-3.069306262699999976e+01,-3.824048422399999936e+01,-3.445428262699999777e+01,-3.298154417500000335e+01
1.309654654700000087e+01,-3.146751576400000161e+01,-4.402274637699999715e+01,-3.927440315500000168e+01,-3.900947368700000339e+01,-3.250980471399999772e+01
1.311655655699999912e+01,-3.512748723100000348e+01,-3.450006475699999697e+01,-3.667912315400000267e+01,-3.215150167899999900e+01,-3.275814254099999800e+01
1.313656656699999914e+01,-3.372064910400000315e+01,-3.524773449300000294e+01,-3.852753260000000068e+01,-3.299912157699999682e+01,-3.081326702999999867e+01
1.315657657699999916e+01,-4.169293983200000042e+01,-4.070990130399999885e+01,-3.993804039700000175e+01,-3.293065423699999883e+01,-3.280036334300000078e+01
1.317658658699999918e+01,-4.296277312699999840e+01,-4.388380603499999921e+01,-4.078699680999999799e+01,-3.412629626500000057e+01,-3.032016262899999859e+01
1.319659659699999921e+01,-3.901381708699999962e+01,-3.631028248599999841e+01,-3.575418998499999645e+01,-3.410550954499999676e+01,-2.997044546100000062e+01
1.321660660699999923e+01,-4.330540836000000127e+01,-3.519772853900000342e+01,-3.593853313200000343e+01,-3.095352763500000037e+01,-3.452192245999999898e+01
1.323661661699999925e+01,-3.833239226399999922e+01,-4.347518672399999673e+01,-3.624308042399999863e+01,-3.495355113200000119e+01,-3.380925871400000204e+01
1.325662662699999927e+01,-4.489201042999999913e+01,-4.290320241399999901e+01,-3.916073811300000074e+01,-4.181147336400000114e+01,-4.223644762100000349e+01
1.327663663699999930e+01,-3.847267383399999829e+01,-3.814453550900000067e+01,-4.120253240400000294e+01,-3.059090700899999860e+01,-3.123201231799999888e+01
1.329664664699999932e+01,-4.397972517000000181e+01,-2.825541566900000134e+01,-3.812716398399999918e+01,-2.813287955399999873e+01,-3.274133155999999900e+01
1.331665665699999934e+01,-3.306693858799999930e+01,-4.412767501799999792e+01,-3.924656627699999945e+01,-3.203710330700000242e+01,-3.541062839100000303e+01
1.333666666699999936e+01,-3.322610870799999816e+01,-5.144079896699999921e+01,-5.542628912499999672e+01,-3.201885362400000190e+01,-3.767315059199999894e+01
1.335667667699999939e+01,-4.236187468100000331e+01,-3.450705957000000268e+01,-3.907704446300000001e+01,-3.213447580900000133e+01,-3.425928048299999773e+01
1.337668668699999941e+01,-3.498950324399999801e+01,-4.063837568099999942e+01,-3.866695390699999990e+01,-2.940598444000000100e+01,-3.889240238699999708e+01
1.339669669699999943e+01,-3.556751359599999773e+01,-3.685415220299999817e+01,-3.622031175899999766e+01,-3.056863143100000002e+01,-3.456172985799999964e+01
1.341670670699999945e+01,-2.850064018400000165e+01,-3.806405883899999765e+01,-3.198650230000000150e+01,-3.324197856899999692e+01,-3.668758346900000333e+01
1.343671671699999948e+01,-3.608349651599999675e+01,-4.655097431699999788e+01,-3.804914299400000033e+01,-3.303724899200000209e+01,-3.523221486100000277e+01
1.345672672699999950e+01,-4.298787993599999879e+01,-3.116421029500000017e+01,-3.872788981600000113e+01,-3.392780647600000066e+01,-3.433110285400000095e+01
1.347673673699999952e+01,-3.589471429000000313e+01,-4.539598072500000114e+01,-3.310847858000000343e+01,-3.398195614099999773e+01,-4.335907754400000158e+01
1.349674674699999954e+01,-3.910983938900000112e+01,-3.112583896099999947e+01,-3.638452918200000141e+01,-3.269180780599999991e+01,-3.661358984099999958e+01
1.351675675699999957e+01,-3.752899684999999863e+01,-3.039670350100000107e+01,-2.948194399300000157e+01,-3.500719483599999649e+01,-5.009409868899999907e+01
1.353676676699999959e+01,-3.103793283799999969e+01,-3.752178738500000321e+01,-3.181127057100000144e+01,-3.443949539599999810e+01,-3.808177433600000228e+01
1.355677677699999961e+01,-3.901348726199999817e+01,-3.764609345099999871e+01,-3.217278106100000201e+01,-3.539743714400000130e+01,-3.837931854200000004e+01
1.357678678699999963e+01,-4.621451520800000168e+01,-5.246607075699999712e+01,-3.029096243100000052e+01,-3.252814376199999913e+01,-4.734650891599999767e+01
1.359679679699999966e+01,-3.590063667300000105e+01,-4.842794975700000037e+01,-3.550048563499999688e+01,-3.335563460200000208e+01,-4.016724364899999955e+01
1.361680680699999968e+01,-3.966933049000000011e+01,-3.802226279500000317e+01,-3.398279701100000239e+01,-3.156466628600000135e+01,-4.691248319000000322e+01
1.363681681699999970e+01,-3.501358766399999922e+01,-3.245279940500000038e+01,-3.097699799999999826e+01,-3.416873661000000340e+01,-3.906464458699999653e+01
1.365682682699999972e+01,-3.727920075400000144e+01,-3.482360920699999696e+01,-3.613382966399999674e+01,-3.721399662900000038e+01,-3.647724389900000119e+01
1.367683683699999975e+01,-3.947601733399999802e+01,-2.500027540600000009e+01,-3.689407051900000312e+01,-3.647158064999999993e+01,-3.504984413700000090e+01
1.369684684699999977e+01,-3.623224060900000154e+01,-3.861429137300000036e+01,-3.681595054200000305e+01,-3.445997072000000117e+01,-3.245106306600000323e+01
1.371685685699999979e+01,-3.795335311400000222e+01,-3.317956213600000126e+01,-3.238305917999999650e+01,-3.625981753199999957e+01,-3.555376009399999759e+01
1.373686686699999981e+01,-3.953194740600000046e+01,-4.201563636600000251e+01,-3.176632496799999927e+01,-3.643769911999999778e+01,-3.153037533999999908e+01
1.375687687699999984e+01,-3.596891226500000016e+01,-3.639770590599999878e+01,-2.963548734000000096e+01,-3.370176413899999801e+01,-3.019372974199999859e+01
1.377688688699999986e+01,-3.174314332300000174e+01,-3.452095173699999719e+01,-3.189117217600000131e+01,-3.517233825400000313e+01,-3.154422229600000094e+01
1.379689689699999988e+01,-4.634083427800000266e+01,-4.265930514800000140e+01,-3.578802035199999665e+01,-3.806204193899999666e+01,-3.225302543299999769e+01
1.381690690699999990e+01,-3.111568947399999985e+01,-4.090993928000000324e+01,-3.150981105800000037e+01,-4.196658793999999659e+01,-3.066376471499999923e+01
1.383691691699999993e+01,-3.442889136499999836e+01,-3.332882815300000345e+01,-2.989194550099999859e+01,-3.138460229200000029e+01,-3.454842291799999998e+01
1.385692692699999995e+01,-4.929456064600000076e+01,-4.394936722700000331e+01,-2.897715436600000061e+01,-3.338624215000000106e+01,-3.426820232299999702e+01
1.387693693699999997e+01,-3.567293431299999895e+01,-4.262306815099999824e+01,-2.905555542000000102e+01,-3.191195724600000005e+01,-3.221089230900000189e+01
1.389694694699999999e+01,-3.488017549799999983e+01,-3.626370594699999828e+01,-3.138960609700000148e+01,-3.955749411600000087e+01,-3.484026701799999870e+01
1.391695695700000002e+01,-3.290981141999999693e+01,-3.540378524799999838e+01,-2.858508797800000067e+01,-3.355309866599999680e+01,-3.689254031099999764e+01
1.393696696700000004e+01,-3.167456303199999823e+01,-3.759300400699999756e+01,-3.163608388700000162e+01,-3.865019718399999960e+01,-3.344087850500000059e+01
1.395697697700000006e+01,-3.424834651900000182e+01,-3.334452918299999880e+01,-2.840095315700000000e+01,-3.270525651900000241e+01,-3.217946309300000252e+01
1.397698698700000008e+01,-3.186230417399999837e+01,-3.527146592500000111e+01,-2.956778233700000058e+01,-3.772514925400000152e+01,-4.138854741299999773e+01
1.399699699700000011e+01,-3.755216881100000137e+01,-6.042720155300000329e+01,-2.810424543899999961e+01,-4.344090346699999827e+01,-3.613499716500000147e+01
1.401700700700000013e+01,-3.759565758400000135e+01,-3.296875156400000151e+01,-2.980049874999999915e+01,-3.259067939399999858e+01,-3.118929695399999957e+01
1.403701701700000015e+01,-3.814928926399999654e+01,-3.790959800200000274e+01,-2.744726920500000134e+01,-3.896402184000000091e+01,-3.000094564500000160e+01
1.405702702700000017e+01,-3.865389343700000069e+01,-3.269790443600000174e+01,-2.819803096200000070e+01,-4.238383254400000055e+01,-3.070175862600000016e+01
1.407703703700000020e+01,-4.004196341899999823e+01,-4.437538881100000054e+01,-2.755040510399999931e+01,-3.609277632199999886e+01,-3.113661751000000066e+01
1.409704704700000022e+01,-3.997850449100000247e+01,-3.630287467400000168e+01,-3.138458630999999954e+01,-3.958002163500000137e+01,-2.592790663999999978e+01
1.411705705700000024e+01,-3.823666948799999687e+01,-3.152217030099999917e+01,-2.828975245199999833e+01,-3.045645085299999977e+01,-2.791493917200000041e+01
1.413706706700000026e+01,-3.447782338599999719e+01,-3.961815509699999893e+01,-2.872170255300000008e+01,-4.769030777900000118e+01,-2.951064479300000087e+01
1.415707707700000029e+01,-4.558865729099999697e+01,-3.787335442999999913e+01,-2.960814836300000152e+01,-3.598894831399999816e+01,-2.801132678000000098e+01
1.417708708700000031e+01,-3.102257689600000035e+01,-4.838954682300000343e+01,-2.981292603800000052e+01,-4.978268866199999820e+01,-2.609930596599999930e+01
1.419709709700000033e+01,-4.219545238199999915e+01,-3.330445458300000183e+01,-3.193125289600000016e+01,-4.264494542599999960e+01,-2.552722174599999860e+01
1.421710710700000035e+01,-3.765938997500000340e+01,-3.082332262399999934e+01,-3.015469552000000064e+01,-3.899700466899999896e+01,-2.663058658199999940e+01
1.423711711700000038e+01,-3.199936661599999965e+01,-3.997891540599999871e+01,-3.375736317700000200e+01,-4.151751892499999741e+01,-2.704180940499999863e+01
1.425712712700000040e+01,-3.101453755900000075e+01,-3.613417403500000091e+01,-2.879851714400000162e+01,-3.668804703600000039e+01,-2.489586837099999883e+01
1.427713713700000042e+01,-3.840275337599999972e+01,-4.542052967499999738e+01,-3.480047455999999784e+01,-3.834736725799999846e+01,-2.642475800900000138e+01
1.429714714700000044e+01,-3.601087623099999746e+01,-3.714370589400000000e+01,-3.261208048299999973e+01,-4.527283830799999720e+01,-2.484197401400000160e+01
1.431715715700000047e+01,-4.464872303599999981e+01,-3.899536567900000250e+01,-2.900849314599999929e+01,-3.715948942200000005e+01,-2.621623320400000168e+01
1.433716716700000049e+01,-3.595243963899999784e+01,-5.420365380300000169e+01,-4.681275389099999984e+01,-4.756757530899999864e+01,-2.333730832699999880e+01
1.435717717700000051e+01,-3.484030752099999972e+01,-3.716000157799999926e+01,-3.716681483899999705e+01,-3.477142182400000081e+01,-2.569458049500000030e+01
1.437718718700000053e+01,-3.140274434699999873e+01,-4.071610372699999658e+01,-3.438813484199999948e+01,-3.901583500899999990e+01,-2.763924251899999973e+01
1.439719719700000056e+01,-3.759427957999999848e+01,-4.381920752100000271e+01,-3.418344309100000089e+01,-4.464905799699999989e+01,-2.637423936800000135e+01
1.441720720700000058e+01,-3.609629676200000148e+01,-3.472610042299999833e+01,-3.289416137300000287e+01,-3.252554614700000002e+01,-2.953210551100000103e+01
1.443721721700000060e+01,-3.847020788300000049e+01,-3.839905445299999798e+01,-3.940124320999999696e+01,-4.222415683999999914e+01,-2.044319403700000137e+01
1.445722722700000062e+01,-4.023601910600000053e+01,-3.680525011299999960e+01,-4.254163817500000278e+01,-3.903321307600000267e+01,-2.423728439599999973e+01
1.447723723700000065e+01,-3.649179193700000212e+01,-3.460135218300000304e+01,-3.536856027200000341e+01,-4.871834201800000130e+01,-2.258369172100000100e+01
1.449724724700000067e+01,-3.140548594399999871e+01,-3.693350666300000285e+01,-4.028514990800000106e+01,-4.609432618799999659e+01,-2.835557137900000058e+01
1.451725725700000069e+01,-4.131851736400000163e+01,-3.195728351099999998e+01,-3.400215375900000225e+01,-4.381656580800000000e+01,-2.878695203399999869e+01
1.453726726700000071e+01,-4.113622033800000111e+01,-3.139196947800000004e+01,-3.825348649299999693e+01,-4.223656331600000158e+01,-3.465389493200000004e+01
1.455727727700000074e+01,-4.190537708600000144e+01,-4.121268191699999761e+01,-5.447209503799999908e+01,-3.635445368100000252e+01,-2.996313743700000032e+01
1.457728728700000076e+01,-3.551960444699999897e+01,-2.636161589800000016e+01,-3.447178129699999971e+01,-3.579221563000000117e+01,-2.044468639200000126e+01
1.459729729700000078e+01,-3.942312432199999961e+01,-4.752126451400000207e+01,-4.272957329700000173e+01,-3.542830969799999963e+01,-3.279325758699999938e+01
1.461730730700000080e+01,-4.581138474699999819e+01,-3.234083997700000168e+01,-6.645922847299999603e+01,-3.846942656499999913e+01,-3.103800175099999947e+01
1.463731731700000083e+01,-3.745309454299999885e+01,-3.068349246700000066e+01,-4.137241304300000166e+01,-3.298163138599999655e+01,-3.072508138599999938e+01
1.465732732700000085e+01,-3.110779198599999873e+01,-3.219679693399999820e+01,-4.184048458899999900e+01,-4.868692287100000016e+01,-2.797762739699999912e+01
1.467733733700000087e+01,-3.383474358800000203e+01,-4.265065629800000124e+01,-4.121230997400000007e+01,-3.454759831900000222e+01,-3.043660536300000174e+01
1.469734734699999912e+01,-3.162267291599999908e+01,-4.962484310800000031e+01,-3.989047665199999670e+01,-4.433128613299999898e+01,-2.583363539999999858e+01
1.471735735699999914e+01,-4.224375930400000101e+01,-3.252515282400000274e+01,-3.691338010199999786e+01,-3.568378063299999781e+01,-2.589387043099999985e+01
1.473736736699999916e+01,-3.552186514899999992e+01,-3.544202678100000270e+01,-3.592535714400000302e+01,-4.094794772200000210e+01,-2.498404527399999964e+01
1.475737737699999919e+01,-3.896187764100000095e+01,-3.359294431699999706e+01,-3.361670175900000146e+01,-3.526672130400000071e+01,-3.015864332900000022e+01
1.477738738699999921e+01,-4.867357570499999753e+01,-3.990302176499999831e+01,-3.701068553199999656e+01,-3.208649782700000230e+01,-2.827277736599999969e+01
1.479739739699999923e+01,-3.703296096199999710e+01,-3.296549933499999696e+01,-4.207592264200000187e+01,-3.558226341900000023e+01,-2.486782434899999927e+01
1.481740740699999925e+01,-3.268751069099999995e+01,-4.476456245899999686e+01,-4.572183486699999833e+01,-3.378904005199999716e+01,-3.893733750100000179e+01
1.483741741699999928e+01,-4.089555568299999777e+01,-2.824478326499999881e+01,-3.117370138800000134e+01,-4.301977389299999999e+01,-2.566987791600000079e+01
1.485742742699999930e+01,-3.539747050399999750e+01,-3.050030312699999868e+01,-4.543153207000000293e+01,-2.863338261699999876e+01,-2.850993031799999855e+01
1.487743743699999932e+01,-4.020001974400000222e+01,-3.243113515499999977e+01,-3.209023459200000161e+01,-3.661741873199999731e+01,-2.912580403600000167e+01
1.489744744699999934e+01,-4.391572568499999818e+01,-3.189745106199999825e+01,-3.226090011099999799e+01,-3.718436642500000033e+01,-2.845492215899999877e+01
1.491745745699999937e+01,-3.817511305699999724e+01,-2.701322321500000001e+01,-2.859763587000000129e+01,-3.827866655500000093e+01,-2.545063081800000049e+01
1.493746746699999939e+01,-3.645649333600000119e+01,-3.128584338399999965e+01,-3.462399572599999686e+01,-3.546639133600000093e+01,-2.483595498100000043e+01
1.495747747699999941e+01,-3.638064157699999868e+01,-3.854655216100000104e+01,-3.512253189799999831e+01,-3.959636487899999935e+01,-2.320011480599999842e+01
1.497748748699999943e+01,-2.846743330700000030e+01,-2.781629916300000005e+01,-3.099967832700000159e+01,-6.249586410500000255e+01,-2.844525317600000136e+01
1.499749749699999946e+01,-3.172317424299999900e+01,-3.217539444399999837e+01,-3.206322680699999950e+01,-6.539049358100000120e+01,-2.442966298800000047e+01
1.501750750799999956e+01,-2.591414085699999958e+01,-3.094515344999999940e+01,-2.642414931000000067e+01,-3.534065554800000086e+01,-2.848399670799999939e+01
1.503751751799999958e+01,-2.773395715799999905e+01,-4.641514445300000347e+01,-3.397070458099999968e+01,-4.258078177600000203e+01,-2.895506375300000101e+01
1.505752752799999961e+01,-3.908325317199999915e+01,-3.632137864199999910e+01,-2.913766437399999987e+01,-4.132209655500000167e+01,-2.549269004699999996e+01
1.507753753799999963e+01,-3.020574327499999967e+01,-3.919803043600000336e+01,-2.648932949199999953e+01,-3.755179754299999928e+01,-2.589777909400000055e+01
1.509754754799999965e+01,-3.911486237599999782e+01,-4.280642696299999983e+01,-2.783034444200000124e+01,-4.261328283099999936e+01,-2.263707641599999931e+01
1.511755755799999967e+01,-2.897184069700000109e+01,-2.966801239500000165e+01,-2.759136599200000006e+01,-3.608147739599999682e+01,-2.961746036499999946e+01
1.513756756799999970e+01,-3.642772869299999883e+01,-3.694933607899999828e+01,-2.658467196599999838e+01,-3.356600122500000083e+01,-2.384686603800000171e+01
1.515757757799999972e+01,-3.941413044000000099e+01,-4.363391991000000303e+01,-2.583080706399999826e+01,-3.755625476400000196e+01,-2.518406868900000006e+01
1.517758758799999974e+01,-3.489595327699999672e+01,-2.294833381300000141e+01,-2.548893189300000017e+01,-2.764522347000000124e+01,-2.387313704199999975e+01
1.519759759799999976e+01,-4.320869224700000188e+01,-2.410345993299999989e+01,-2.647189308300000121e+01,-4.645713233299999700e+01,-2.487452921999999944e+01
1.521760760799999979e+01,-3.049558738500000032e+01,-4.547526360900000242e+01,-3.152509112799999969e+01,-3.595503122099999871e+01,-2.687478912399999942e+01
1.523761761799999981e+01,-3.719616516100000325e+01,-3.445934695199999709e+01,-2.751472856699999880e+01,-5.142918306699999675e+01,-2.856366384000000025e+01
1.525762762799999983e+01,-3.463981166599999995e+01,-4.257507826399999828e+01,-2.838350221500000004e+01,-5.476875032099999885e+01,-2.600954961100000062e+01
1.527763763799999985e+01,-5.482706894999999747e+01,-5.525565075899999812e+01,-2.724833656599999898e+01,-4.809945328399999909e+01,-3.111564004199999900e+01
1.529764764799999988e+01,-4.142592671399999915e+01,-4.146975082499999843e+01,-3.068699908900000040e+01,-4.065494484500000283e+01,-2.823703047900000129e+01
1.531765765799999990e+01,-3.582772595800000204e+01,-6.063513449199999883e+01,-2.691174027299999949e+01,-4.400176242500000257e+01,-2.182579462200000009e+01
1.533766766799999992e+01,-3.516740887899999990e+01,-5.248446947000000051e+01,-2.955968332100000140e+01,-3.798920760800000096e+01,-3.265618537800000354e+01
1.535767767799999994e+01,-5.956863530100000048e+01,-3.776620030600000177e+01,-2.954912079100000000e+01,-5.338665927899999986e+01,-3.099436840999999987e+01
1.537768768799999997e+01,-3.681776411599999932e+01,-3.738393690000000191e+01,-3.227625004299999745e+01,-4.396052946100000014e+01,-3.411968766100000039e+01
1.539769769799999999e+01,-3.842583998500000320e+01,-4.334876887200000084e+01,-3.834269639600000090e+01,-4.357614101200000079e+01,-3.137746049900000145e+01
1.541770770800000001e+01,-3.700127083600000333e+01,-3.638912863200000203e+01,-2.842995600200000084e+01,-3.852171560099999681e+01,-2.563291136599999831e+01
1.543771771800000003e+01,-3.512009429199999744e+01,-3.303398089899999945e+01,-3.159217456500000054e+01,-3.437316674499999891e+01,-3.204424859899999944e+01
1.545772772800000006e+01,-3.464489654999999857e+01,-3.635346608100000054e+01,-3.506946471399999865e+01,-4.219988489699999690e+01,-3.088726309700000172e+01
1.547773773800000008e+01,-5.851717315999999869e+01,-3.727812105299999956e+01,-3.286176968699999890e+01,-3.417524968000000030e+01,-2.855605743199999935e+01
1.549774774800000010e+01,-4.395662664299999989e+01,-4.498790695299999953e+01,-3.470899378099999666e+01,-3.733231360500000307e+01,-3.242713095199999884e+01
1.551775775800000012e+01,-3.582546446300000298e+01,-4.543156038499999738e+01,-4.781457023099999759e+01,-4.358677112899999884e+01,-3.019618270300000162e+01
1.553776776800000015e+01,-4.196026150699999846e+01,-2.787030422500000171e+01,-4.022832781399999647e+01,-3.641139227699999736e+01,-3.926285802600000352e+01
1.555777777800000017e+01,-2.989635400599999926e+01,-3.129697081600000175e+01,-4.376907652500000268e+01,-3.754690146600000134e+01,-3.563031857099999655e+01
1.557778778800000019e+01,-3.060735265499999969e+01,-4.066561661499999758e+01,-3.762094590099999891e+01,-4.491897104699999943e+01,-4.338140951599999795e+01
1.559779779800000021e+01,-3.494279801799999774e+01,-4.210272947299999657e+01,-3.936138760899999767e+01,-3.735296346799999867e+01,-4.453019917000000305e+01
1.561780780800000024e+01,-4.006733658499999962e+01,-4.561666553799999946e+01,-3.630664965199999727e+01,-3.657098131299999721e+01,-4.109256006399999706e+01
1.563781781800000026e+01,-3.679978811499999836e+01,-6.431820846899999822e+01,-3.763546753300000347e+01,-3.583405335599999830e+01,-4.410463846199999693e+01
1.565782782800000028e+01,-3.830524234199999967e+01,-3.730100584899999916e+01,-3.563991370699999806e+01,-3.969689677899999936e+01,-4.888753810099999697e+01
1.567783783800000030e+01,-3.260561304800000215e+01,-3.200488515499999664e+01,-3.864837297999999777e+01,-3.753157066299999656e+01,-3.937006390500000208e+01
1.569784784800000033e+01,-3.297739085700000317e+01,-3.237602443699999810e+01,-3.502715481300000278e+01,-4.106156643799999983e+01,-2.873410195299999970e+01
1.571785785800000035e+01,-4.441176190000000190e+01,-3.401485581000000025e+01,-3.432379255499999715e+01,-3.966130721399999715e+01,-3.155264305300000061e+01
1.573786786800000037e+01,-3.802138641700000221e+01,-3.449947998300000052e+01,-4.203101067499999743e+01,-3.623389605799999913e+01,-2.954269572000000110e+01
1.575787787800000039e+01,-3.844803763800000240e+01,-3.085816545799999844e+01,-4.440377299699999725e+01,-3.334609971399999750e+01,-3.451275754899999981e+01
1.577788788800000042e+01,-3.375366565499999894e+01,-4.085434280900000203e+01,-4.042542688000000339e+01,-4.032989955499999724e+01,-3.013386722299999931e+01
1.579789789800000044e+01,-3.014944031299999949e+01,-2.660245357100000163e+01,-3.469073948300000154e+01,-3.335883318500000172e+01,-2.420154345299999932e+01
1.581790790800000046e+01,-3.612899766599999651e+01,-4.535268110900000238e+01,-4.280885115000000241e+01,-3.033557694299999952e+01,-2.693312874700000137e+01
1.583791791800000048e+01,-5.189820088799999809e+01,-2.972669566800000140e+01,-3.592308598700000033e+01,-3.336173442999999850e+01,-2.431381460100000069e+01
1.585792792800000051e+01,-2.473122656500000005e+01,-3.055171462999999932e+01,-3.218037623600000074e+01,-4.571559364600000208e+01,-2.729710810599999959e+01
1.587793793800000053e+01,-3.974876329599999991e+01,-3.357017982100000353e+01,-3.319173376599999870e+01,-3.193683698499999934e+01,-2.519665162700000138e+01
1.589794794800000055e+01,-4.467799762300000310e+01,-4.515060928700000176e+01,-3.336820046399999740e+01,-3.308093151199999937e+01,-2.809326178299999910e+01
1.591795795800000057e+01,-3.149295421300000086e+01,-2.993583492999999862e+01,-2.702933276499999948e+01,-2.919445324200000158e+01,-2.502125791099999930e+01
1.593796796800000060e+01,-4.390083758200000119e+01,-5.139760257999999737e+01,-3.768313960100000060e+01,-3.942694246399999969e+01,-2.351255476200000061e+01
1.595797797800000062e+01,-2.878610539099999954e+01,-3.664381783700000028e+01,-3.842058270599999759e+01,-3.344793905600000272e+01,-2.945475856799999903e+01
1.597798798800000064e+01,-2.912185020000000080e+01,-2.509326460500000167e+01,-3.148045183900000055e+01,-3.472482631900000172e+01,-2.792961828800000035e+01
1.599799799800000066e+01,-3.977339660599999860e+01,-2.465979026500000160e+01,-2.896604803800000028e+01,-3.474681583000000273e+01,-3.060680670800000058e+01
1.601800800799999891e+01,-2.799846111500000134e+01,-3.749585608600000342e+01,-3.434550200599999670e+01,-3.542024241499999704e+01,-2.566108258599999914e+01
1.603801801799999893e+01,-3.115119903300000104e+01,-2.944264623799999825e+01,-2.941407896500000163e+01,-4.018010512899999753e+01,-2.886786677999999995e+01
1.605802802799999895e+01,-3.872130635399999932e+01,-3.339452642900000257e+01,-3.013199446799999848e+01,-3.859029872600000033e+01,-2.697315108100000103e+01
1.607803803799999898e+01,-3.293810264799999743e+01,-3.255815426699999904e+01,-2.863592070099999987e+01,-3.623119658200000259e+01,-3.141502934400000058e+01
1.609804804799999900e+01,-3.248093574300000341e+01,-2.198523936500000175e+01,-4.526835351599999768e+01,-2.787548426900000109e+01,-2.907575304899999935e+01
1.611805805799999902e+01,-3.325810222100000146e+01,-3.654723921499999761e+01,-3.011094332300000076e+01,-3.872707627700000188e+01,-3.283511365399999704e+01
1.613806806799999904e+01,-3.146460015099999907e+01,-2.637380973000000139e+01,-2.731993394499999894e+01,-3.993474768800000163e+01,-3.191312558299999935e+01
1.615807807799999907e+01,-2.706109628400000133e+01,-3.953928707099999684e+01,-2.540706975200000173e+01,-3.472949902199999883e+01,-3.346514633799999672e+01
1.617808808799999909e+01,-2.774700341400000170e+01,-3.587724217200000254e+01,-2.751386535299999991e+01,-3.485013792899999885e+01,-3.319674435000000301e+01
1.619809809799999911e+01,-2.426379153199999905e+01,-3.599769919100000237e+01,-2.589132050799999973e+01,-3.111501072300000104e+01,-3.891319843899999853e+01
1.621810810799999913e+01,-1.784267740599999996e+01,-2.813922739099999859e+01,-2.867745378600000095e+01,-3.854814333200000220e+01,-3.449785951100000148e+01
1.623811811799999916e+01,-3.593899678599999703e+01,-3.782210371099999691e+01,-2.607702873499999896e+01,-3.436050428200000084e+01,-3.668702394400000344e+01
1.625812812799999918e+01,-3.359550134799999910e+01,-3.161585163299999834e+01,-3.127136933999999968e+01,-3.072449080599999860e+01,-3.178967873199999872e+01
1.627813813799999920e+01,-3.423677581599999797e+01,-4.557716224299999652e+01,-2.521209735700000110e+01,-3.299827135499999997e+01,-3.261473546700000270e+01
1.629814814799999922e+01,-2.796803705600000001e+01,-4.043115430000000288e+01,-2.754829037000000014e+01,-3.639276859099999939e+01,-3.262693281199999973e+01
1.631815815799999925e+01,-3.509898770099999865e+01,-3.148344952800000129e+01,-3.060073897899999906e+01,-3.537153495599999786e+01,-2.429047224600000021e+01
1.633816816799999927e+01,-2.573359302600000120e+01,-3.607723804100000109e+01,-2.731138832299999919e+01,-3.229235803800000326e+01,-3.401718409299999735e+01
1.635817817799999929e+01,-3.270859698299999963e+01,-2.872481596100000090e+01,-2.693928914700000021e+01,-3.485742317199999718e+01,-3.536077636299999938e+01
1.637818818799999931e+01,-2.022270510599999938e+01,-3.125519461300000046e+01,-2.732560155899999899e+01,-3.156560486800000120e+01,-3.176541805800000162e+01
1.639819819799999934e+01,-3.808089991199999957e+01,-4.430881661699999796e+01,-2.909412578399999916e+01,-3.597012214499999772e+01,-3.677669964999999763e+01
1.641820820799999936e+01,-3.674291929500000009e+01,-3.027580079299999838e+01,-2.884816195200000166e+01,-4.585034555800000078e+01,-3.022587153599999965e+01
1.643821821799999938e+01,-3.703559825199999977e+01,-3.261393194600000101e+01,-2.863393672799999834e+01,-3.202136412699999823e+01,-3.260964925700000094e+01
1.645822822799999940e+01,-4.016202610999999756e+00,-2.691653494099999833e+01,-2.811650529299999945e+01,-2.304268341299999889e+01,-2.766805627300000126e+01
1.647823823799999943e+01,-3.197949883200000087e+01,-2.832826269199999913e+01,-2.653695706999999970e+01,-3.609818274900000290e+01,-5.038235912399999705e+01
1.649824824799999945e+01,-4.355730942999999655e+01,-2.614975438400000129e+01,-3.116732784799999934e+01,-3.508514435800000086e+01,-2.985951265399999954e+01
1.651825825799999947e+01,-2.841029145899999975e+01,-2.918465949899999856e+01,-2.610236809299999905e+01,-3.779413028100000105e+01,-3.080598949999999903e+01
1.653826826799999949e+01,-2.567423851899999931e+01,-2.271034692499999963e+01,-2.855000387200000134e+01,-4.489898820300000182e+01,-3.120290633600000163e+01
1.655827827799999952e+01,-4.608633339699999709e+01,-2.490289253399999936e+01,-3.264537430000000029e+01,-3.150891254900000149e+01,-3.907747992400000214e+01
1.657828828799999954e+01,-3.670418082900000201e+01,-3.527147268699999927e+01,-3.131827756199999868e+01,-3.663166678200000348e+01,-3.509819036999999753e+01
1.659829829799999956e+01,-2.897434230500000041e+01,-4.725344378199999795e+01,-3.137060764699999993e+01,-3.312162781100000331e+01,-3.112149773000000152e+01
1.661830830799999958e+01,-4.532945495300000260e+01,-4.214314389300000130e+01,-3.325118043799999867e+01,-3.988462071099999662e+01,-3.519413175700000096e+01
1.663831831799999961e+01,-3.438719945999999794e+01,-3.145336937900000152e+01,-3.165648256900000135e+01,-2.952876321500000145e+01,-3.265034908599999852e+01
1.665832832799999963e+01,-2.889916478299999980e+01,-3.313074310900000086e+01,-3.318146745899999672e+01,-3.097683793099999860e+01,-3.104496712999999986e+01
1.667833833799999965e+01,-4.027624499400000246e+01,-5.207875329200000181e+01,-3.068295735299999905e+01,-3.422261687900000027e+01,-2.690389257300000025e+01
1.669834834799999967e+01,-2.955538488099999839e+01,-4.220773013600000212e+01,-3.600060997700000343e+01,-3.955155744799999695e+01,-2.621293186200000136e+01
1.671835835799999970e+01,-3.428509415599999954e+01,-3.922621329999999773e+01,-3.267446166500000260e+01,-3.668522583499999712e+01,-3.112758168099999878e+01
1.673836836799999972e+01,-5.343817322299999972e+01,-3.917621478400000257e+01,-3.251690200400000208e+01,-3.546052501500000176e+01,-2.546257189499999996e+01
1.675837837799999974e+01,-1.427526408499999988e+01,-4.928235558499999769e+01,-3.360479438099999783e+01,-3.445795200900000310e+01,-3.254673151299999745e+01
1.677838838799999976e+01,-2.923824920399999883e+01,-4.470937596699999972e+01,-3.368865385099999799e+01,-4.138937117700000101e+01,-2.784844305500000061e+01
1.679839839799999979e+01,-3.313072461800000212e+01,-3.095430496099999829e+01,-3.441420700599999805e+01,-3.976398953700000050e+01,-3.548589665899999801e+01
1.681840840799999981e+01,-3.221547871899999649e+01,-4.090529920699999877e+01,-4.666282929199999785e+01,-3.243168550600000088e+01,-3.305428780100000097e+01
1.683841841799999983e+01,-1.879782121099999870e+01,-4.047018880899999971e+01,-3.881747022100000066e+01,-3.647969032599999650e+01,-3.083425902800000173e+01
1.685842842799999985e+01,-2.564550132800000171e+01,-4.638769501699999864e+01,-3.786267231600000116e+01,-3.177584598900000046e+01,-2.675308056900000153e+01
1.687843843799999988e+01,-3.311000705600000060e+01,-3.210932127800000302e+01,-4.584447020999999722e+01,-3.649484068299999961e+01,-2.459519984599999987e+01
1.689844844799999990e+01,-3.022012693599999977e+01,-3.774004323500000169e+01,-3.377431112299999683e+01,-3.947398121300000184e+01,-2.448739535200000006e+01
1.691845845799999992e+01,-2.910328370699999923e+01,-4.970873821099999645e+01,-3.671723137800000103e+01,-4.207198081100000309e+01,-2.856319214299999842e+01
1.693846846799999994e+01,-3.316666700399999712e+01,-4.904934811199999700e+01,-4.435575551200000177e+01,-3.819744821799999812e+01,-2.754484792799999937e+01
1.695847847799999997e+01,-3.657582226499999933e+01,-3.355279427300000350e+01,-3.471967182400000240e+01,-4.289646496400000331e+01,-1.453747486299999991e+01
1.697848848799999999e+01,-2.796996615899999838e+01,-2.810427259700000135e+01,-3.150544530799999876e+01,-3.679314616300000296e+01,-3.246304668300000174e+01
1.699849849800000001e+01,-3.213508888700000199e+01,-3.525950453299999765e+01,-3.249049748000000193e+01,-2.618899711699999955e+01,-2.806977542499999956e+01
1.701850850900000012e+01,-2.706482496799999993e+01,-4.358610166300000088e+01,-3.466379417499999960e+01,-3.734726078599999965e+01,-3.075679944599999871e+01
1.703851851900000014e+01,-3.221219606599999707e+01,-2.962142143299999830e+01,-3.949822375400000141e+01,-3.201636233499999662e+01,-2.539324309199999874e+01
1.705852852900000016e+01,-6.488699530700000651e+01,-3.383968937600000260e+01,-3.447448675399999729e+01,-4.031110414500000161e+01,-2.074676532200000167e+01
1.707853853900000018e+01,-4.249132776199999739e+01,-2.727666225000000111e+01,-2.904114897499999870e+01,-3.895331894099999914e+01,-3.341408313699999866e+01
1.709854854900000021e+01,-2.904606923800000118e+01,-3.990901694499999763e+01,-2.854233599599999849e+01,-3.706156079499999834e+01,-3.787770086500000133e+01
1.711855855900000023e+01,-5.151988942900000268e+01,-3.730967055899999707e+01,-3.270988595899999751e+01,-3.064701122199999972e+01,-2.818256273700000136e+01
1.713856856900000025e+01,-4.562941295899999972e+01,-3.137752161299999898e+01,-3.265598896200000212e+01,-3.349072374499999682e+01,-2.749188088800000074e+01
1.715857857900000027e+01,-3.958302061100000202e+01,-2.499112834399999983e+01,-2.534439565099999925e+01,-2.754988044799999969e+01,-3.074719190400000102e+01
1.717858858900000030e+01,-3.483007759000000192e+01,-4.461773429499999821e+01,-2.580657819300000000e+01,-4.553754181400000078e+01,-2.660812539499999829e+01
1.719859859900000032e+01,-5.893851077299999730e+01,-3.348056387900000175e+01,-2.593091820200000086e+01,-2.527045373400000017e+01,-3.266955038999999772e+01
1.721860860900000034e+01,-3.247086391199999866e+01,-3.355000926000000305e+01,-2.652412769000000026e+01,-3.055806650999999974e+01,-3.860797684199999935e+01
1.723861861900000036e+01,-3.128229171199999925e+01,-2.874433135900000025e+01,-2.795839303099999995e+01,-2.963282482600000023e+01,-2.888729645600000140e+01
1.725862862900000039e+01,-3.318583727000000039e+01,-3.976795275799999985e+01,-2.804328541799999996e+01,-3.803755740700000132e+01,-3.402945285100000206e+01
1.727863863900000041e+01,-3.353656341199999957e+01,-2.763652585499999859e+01,-2.514525491699999904e+01,-4.214348412100000019e+01,-2.803734893800000094e+01
1.729864864900000043e+01,-2.978258546600000045e+01,-4.318331667900000070e+01,-3.393161137599999932e+01,-3.701949478899999946e+01,-2.831562067500000168e+01
1.731865865900000045e+01,-3.527555519199999878e+01,-3.098571652300000068e+01,-3.073921481700000058e+01,-3.802453981299999697e+01,-2.027758212799999882e+01
1.733866866900000048e+01,-3.652067719699999770e+01,-2.291719364200000086e+01,-2.700349564500000099e+01,-3.692001434899999879e+01,-3.241404183299999886e+01
1.735867867900000050e+01,-4.228792662899999755e+01,-3.506822132900000355e+01,-2.872953951499999903e+01,-3.394093031199999899e+01,-4.375883904100000166e+01
1.737868868900000052e+01,-3.881318741900000191e+01,-2.744903741199999914e+01,-2.554807621699999842e+01,-3.170154339600000171e+01,-4.153198704199999725e+01
1.739869869900000054e+01,-3.188464905600000066e+01,-3.715704868099999914e+01,-2.913566863400000173e+01,-4.193274244199999856e+01,-4.093633141200000125e+01
1.741870870900000057e+01,-3.420469321400000240e+01,-3.709026920699999863e+01,-2.936166924500000164e+01,-3.425022654600000038e+01,-2.553703372000000016e+01
1.743871871900000059e+01,-3.053097317199999949e+01,-3.907237962500000350e+01,-3.010169882099999938e+01,-3.348027118299999927e+01,-4.658494112199999648e+01
1.745872872900000061e+01,-4.041834923999999774e+01,-4.412822560000000038e+01,-3.767342361899999759e+01,-3.427273350899999826e+01,-3.543362694000000346e+01
1.747873873900000063e+01,-3.643662499100000218e+01,-3.262371560900000134e+01,-3.739797865300000268e+01,-2.933459930800000137e+01,-2.687537359499999923e+01
1.749874874900000066e+01,-3.390445474100000212e+01,-3.035328715600000038e+01,-3.531343875499999996e+01,-3.097203003099999918e+01,-2.551942241500000108e+01
1.751875875900000068e+01,-5.231265089499999732e+01,-2.759286128400000138e+01,-3.575797681600000288e+01,-3.399390406300000222e+01,-3.253545987500000081e+01
1.753876876900000070e+01,-3.288867311900000345e+01,-3.543583527900000263e+01,-4.122662995999999680e+01,-3.257660049700000116e+01,-2.086840867600000138e+01
1.755877877900000072e+01,-3.423235606299999745e+01,-3.725350180400000255e+01,-4.113972865400000245e+01,-3.123084473999999844e+01,-3.000420129000000102e+01
1.757878878900000075e+01,-3.184809448600000081e+01,-3.525092429000000038e+01,-3.232236238600000178e+01,-3.383091011399999815e+01,-4.451928015000000016e+01
1.759879879900000077e+01,-3.351563783699999988e+01,-3.223610507299999739e+01,-3.274609065799999996e+01,-2.181056835600000099e+01,-2.611518153100000106e+01
1.761880880900000079e+01,-3.264927206600000176e+01,-2.793218210099999865e+01,-3.220889549500000015e+01,-4.111179661399999929e+01,-2.456067162700000139e+01
1.763881881900000081e+01,-4.296726975800000048e+01,-3.568105048000000323e+01,-3.215834203699999705e+01,-3.925114587000000199e+01,-3.203725835699999891e+01
1.765882882900000084e+01,-4.253908056200000232e+01,-3.310815145499999801e+01,-2.832993142899999839e+01,-3.907353113799999988e+01,-2.641795994699999994e+01
1.767883883900000086e+01,-3.568834342200000265e+01,-2.749949685300000013e+01,-4.849076712299999770e+01,-3.856564691700000225e+01,-3.288461793599999794e+01
1.769884884900000088e+01,-4.234075951999999887e+01,-3.344608853199999743e+01,-3.098279581999999976e+01,-2.926880970799999915e+01,-2.217566051900000090e+01
1.771885885900000090e+01,-4.480021829100000019e+01,-3.139865873800000173e+01,-2.734365331900000129e+01,-2.577057056900000021e+01,-1.674954387600000061e+01
1.773886886900000093e+01,-2.480025740700000014e+01,-2.649123097700000073e+01,-3.978234176699999836e+01,-3.756457667000000100e+01,-2.730828332400000136e+01
1.775887887900000095e+01,-4.023946964999999665e+01,-3.095511932599999838e+01,-3.195494937200000152e+01,-3.412734471099999922e+01,-4.044453794700000060e+01
1.777888888900000097e+01,-3.660057016500000060e+01,-2.698292975300000052e+01,-2.536285769399999879e+01,-3.201597619399999672e+01,-3.078204354100000018e+01
1.779889889900000099e+01,-4.378022554799999710e+01,-3.245952458099999660e+01,-1.524134427599999952e+01,-1.925607789700000083e+01,-1.346091778899999980e+01
1.781890890900000102e+01,-3.851116344599999763e+01,-3.408591986700000120e+01,-3.158609786799999952e+01,-3.154732472999999970e+01,-3.286742341699999770e+01
1.783891891900000104e+01,-3.542764798999999698e+01,-2.512735208999999870e+01,-2.789900587300000012e+01,-3.398418570500000158e+01,-3.314495484799999758e+01
1.785892892900000106e+01,-3.091318383000000125e+01,-2.051967772200000084e+01,-3.363338829199999935e+01,-3.267191141400000021e+01,-2.533673561399999841e+01
1.787893893900000108e+01,-4.494869343100000236e+01,-3.877815935499999966e+01,-3.041168067599999958e+01,-3.035979826699999862e+01,-3.666793913600000110e+01
1.789894894900000111e+01,-3.117084376300000059e+01,-2.381808702300000036e+01,-2.688018332700000101e+01,-3.388790047399999850e+01,-3.323729962600000221e+01
1.791895895900000113e+01,-3.573237439799999748e+01,-3.090091021099999935e+01,-2.579277611899999911e+01,-2.137729186900000045e+01,-3.295306127399999951e+01
1.793896896900000115e+01,-4.032525827300000287e+01,-2.223964999100000028e+01,-1.511981698900000026e+01,-3.040627323799999893e+00,-3.171183006400000082e+01
1.795897897900000117e+01,-2.646928454600000080e+01,-3.806349361200000203e+01,-3.611953788099999940e+01,-2.916934579699999830e+01,-2.816471027500000091e+01
1.797898898900000120e+01,-4.226541838400000017e+01,-3.321079818100000125e+01,-4.007125140200000146e+01,-3.453459150399999800e+01,-2.340872043499999933e+01
1.799899899900000122e+01,-3.928783424899999943e+01,-3.635500540700000016e+01,-2.954164595800000015e+01,-2.987627903699999976e+01,-2.053589212400000008e+01
1.801900900900000124e+01,-3.636969185699999940e+01,-3.635866354899999919e+01,-3.055710183900000132e+01,-2.030826023699999894e+01,-2.020104815799999898e+01
1.803901901900000126e+01,-3.405111701300000249e+01,-3.925324261000000092e+01,-3.692737118499999838e+01,-3.214672401100000343e+01,-2.649337638300000108e+01
1.805902902900000129e+01,-3.494795238199999687e+01,-3.361443171599999857e+01,-4.256619458499999809e+01,-2.855561429300000142e+01,-2.786782920499999960e+01
1.807903903900000131e+01,-3.916203946699999960e+01,-4.458790108200000191e+01,-4.472924765900000210e+01,-3.075037643599999981e+01,-3.042188841899999829e+01
1.809904904900000133e+01,-4.630434410600000206e+01,-3.711929355299999855e+01,-3.367450685299999691e+01,-2.903701719800000092e+01,-2.650318216599999843e+01
1.811905905900000135e+01,-2.745940430699999979e+01,-2.109003629200000063e+01,-4.128611761599999852e+01,-3.058022629099999889e+01,-2.374181921799999984e+01
1.813906906900000138e+01,-4.336389157100000347e+01,-5.324279876800000011e+01,-2.880177320499999993e+01,-4.316015665399999790e+01,-1.822564689800000082e+01
1.815907907900000140e+01,-2.865817130299999960e+01,-3.672788546299999979e+01,-3.086017688200000109e+01,-3.433427591200000251e+01,-3.229561811500000346e+01
1.817908908900000142e+01,-3.499226618299999814e+01,-4.063302800000000303e+01,-3.459869534199999919e+01,-2.812431565300000003e+01,-2.797292035999999982e+01
1.819909909900000144e+01,-4.145743903399999652e+01,-4.290249802299999971e+01,-3.741628105400000237e+01,-2.572605421600000142e+01,-2.493014800699999967e+01
1.821910910900000147e+01,-3.725996543099999769e+01,-4.024710026300000010e+01,-3.621130717900000207e+01,-2.655486150999999850e+01,-2.833685645599999958e+01
1.823911911900000149e+01,-3.885318884400000172e+01,-4.242435612700000291e+01,-3.518922757699999693e+01,-3.206340798499999778e+01,-3.019451931200000061e+01
1.825912912900000151e+01,-3.791025964199999976e+01,-3.946569598699999659e+01,-3.269382783300000028e+01,-3.796298990500000059e+01,-1.060360623500000088e+01
1.827913913900000153e+01,-3.646164488099999801e+01,-3.058670787200000163e+01,-3.243702824599999701e+01,-3.693409704500000146e+01,-4.439450105600000285e+01
1.829914914900000156e+01,-2.725111370300000146e+01,-3.348645273199999650e+01,-3.283151420499999773e+01,-2.595801809599999999e+01,-3.309926543200000282e+01
1.831915915900000158e+01,-1.768240297399999861e+01,-5.107284202099999959e+01,-2.937069635199999951e+01,-3.288716388000000279e+01,-2.225444628400000013e+01
1.833916916900000160e+01,-3.630597139900000059e+01,-1.986017490400000085e+01,-3.872991632299999765e+01,-1.944868072999999953e+01,-2.934301448300000104e+01
1.835917917900000162e+01,-2.667067541300000144e+01,-2.961868031599999895e+00,-1.530434207899999954e+00,-1.097670664099999982e+01,-1.615471288099999825e+01
1.837918918900000165e+01,-3.063440393599999823e+01,-4.957220466700000117e+01,-3.075858482399999971e+01,-3.942894100499999865e+01,-3.977308446600000025e+01
1.839919919900000167e+01,-3.791936776600000059e+01,-3.932809367200000139e+01,-2.785808513299999944e+01,-1.997338946700000051e+01,-2.209538394699999841e+01
1.841920920900000169e+01,-1.721895935699999924e+01,-3.036996147199999996e+01,-3.741687822099999750e+01,-2.658993876199999917e+01,-4.013631234300000017e+01
1.843921921900000171e+01,-2.666084106699999978e+01,-3.792583473100000191e+01,-2.381895168300000165e+01,-1.968602067699999836e+01,-3.816340039300000342e+01
1.845922922900000174e+01,-4.272258098999999731e+01,-3.120056533200000004e+01,-3.311704488200000185e+01,-3.242776494000000298e+01,-2.963659028400000039e+01
1.847923923900000176e+01,-5.240460574400000127e+01,-3.206647657100000259e+01,-2.675046613700000009e+01,-2.854294741600000052e+01,-2.128610582800000017e+01
1.849924924899999823e+01,-4.209932259200000004e+01,-3.266542029299999683e+01,-2.885668160499999857e+01,-2.376952445699999927e+01,-3.132135831400000114e+01
1.851925925899999825e+01,-3.285656948900000174e+01,-2.981371067599999947e+01,-2.907650419100000150e+01,-3.084995074600000109e+01,-3.754813735700000166e+01
1.853926926899999827e+01,-3.687141388799999930e+01,-3.666365389300000288e+01,-3.096743566500000000e+01,-3.440279488499999871e+01,-2.467258089299999924e+01
1.855927927899999830e+01,-5.591378112600000350e+01,-3.934701910999999797e+01,-2.986736146200000164e+01,-3.112822674299999903e+01,-3.320549698899999669e+01
1.857928928899999832e+01,-2.989857771999999869e+01,-2.468281653600000070e+01,-2.599392299999999878e+01,-3.023767161800000025e+01,-2.709402157799999955e+01
1.859929929899999834e+01,-2.856646524900000017e+01,-3.489803549199999821e+01,-2.961295592100000107e+01,-2.892330017800000164e+01,-1.999549700000000030e+01
1.861930930899999836e+01,-3.229064566899999988e+01,-4.534511078599999934e+01,-3.972634315700000229e+01,-3.305853907499999877e+01,-3.897237541599999844e+01
1.863931931899999839e+01,-3.425431195699999876e+01,-2.478250753100000026e+01,-3.358058215500000188e+01,-2.988845506599999879e+01,-3.560557277600000248e+01
1.865932932899999841e+01,-3.616626775299999963e+01,-3.309654313699999761e+01,-3.507163176299999918e+01,-4.257560171899999801e+01,-4.004989158800000126e+01
1.867933933899999843e+01,-3.523038366699999813e+01,-4.290834276999999730e+01,-2.314116780299999832e+01,-3.217524104400000340e+01,-1.150169309200000001e+01
1.869934934899999845e+01,-3.384468363399999902e+01,-4.287099049799999761e+01,-3.468825021899999683e+01,-4.390565338999999767e+01,-3.996092578700000075e+01
1.871935935899999848e+01,-3.487216072300000036e+01,-3.049300471100000109e+01,-3.014347385599999996e+01,-2.264687183299999873e+01,-3.736113469499999695e+01
1.873936936899999850e+01,-3.366359846299999958e+01,-3.404929460500000005e+01,-2.958103981500000046e+01,-3.636553197500000323e+01,-3.213259585099999782e+01
1.875937937899999852e+01,-5.514934375299999658e+01,-3.427169130499999739e+01,-2.913771880099999834e+01,-3.329371400000000136e+01,-3.105916416000000169e+01
1.877938938899999854e+01,-4.495133968700000082e+01,-5.667495479000000103e+01,-2.501530664399999893e+01,-3.290736866999999677e+01,-2.268404889199999985e+01
1.879939939899999857e+01,-5.426767597399999943e+01,-2.574678625099999962e+01,-2.378370506299999931e+01,-4.084670564299999995e+01,-3.039119780100000057e+01
1.881940940899999859e+01,-3.998734583699999945e+01,-4.851862570899999838e+01,-3.147327783900000142e+01,-4.194894313000000352e+01,-2.661047648099999918e+01
1.883941941899999861e+01,-4.722831522500000290e+01,-4.409979803699999934e+01,-2.442012921099999900e+01,-2.398744660699999898e+01,-3.714553418799999918e+01
1.885942942899999863e+01,-3.011330075900000125e+01,-3.808973074699999728e+01,-2.390778025299999854e+01,-3.852233923299999674e+01,-3.291809274199999891e+01
1.887943943899999866e+01,-4.114193473800000334e+01,-3.014025832000000094e+01,-1.777118580400000170e+01,-3.041064718100000164e+01,-4.495620752100000317e+01
1.889944944899999868e+01,-4.547036887299999819e+01,-3.630571028800000022e+01,-2.769162449999999964e+01,-3.687738587700000181e+01,-3.329175011099999892e+01
1.891945945899999870e+01,-2.760156587499999858e+01,-4.447451796899999721e+01,-3.100480940299999943e+01,-3.939728922999999838e+01,-3.686651870099999684e+01
1.893946946899999872e+01,-4.518197511999999705e+01,-5.498527870600000256e+01,-3.409203671200000230e+01,-3.107079373599999883e+01,-2.674064480899999907e+01
1.895947947899999875e+01,-3.812625916799999715e+01,-4.360079434299999690e+01,-3.609653779199999946e+01,-3.029017568300000107e+01,-5.270608816099999672e+01
1.897948948899999877e+01,-2.467595810799999967e+01,-3.134055551699999853e+01,-2.746783274499999905e+01,-3.596573191499999922e+01,-1.971625781599999883e+01
1.899949949899999879e+01,-3.690558340300000140e+01,-6.170121508399999755e+01,-2.455875989400000137e+01,-2.781094675800000005e+01,-3.363154660600000057e+01
1.901950950999999890e+01,-4.988471246600000342e+01,-4.687411635600000182e+01,-3.657409520899999933e+01,-3.134502726099999848e+01,-3.883341669400000029e+01
1.903951951999999892e+01,-3.161573989900000115e+01,-3.320490066400000018e+01,-2.587681887200000119e+01,-3.535226509000000306e+01,-3.697625321099999951e+01
1.905952952999999894e+01,-5.391866492300000147e+01,-4.811309508699999782e+01,-2.803991711600000158e+01,-2.414988813400000112e+01,-3.086349347499999851e+01
1.907953953999999896e+01,-3.203596397100000104e+01,-4.930922803800000054e+01,-3.466535600899999991e+01,-1.558377031100000032e+01,-3.212040744499999789e+01
1.909954954999999899e+01,-3.987011335900000120e+01,-2.963165703499999992e+01,-2.223532998499999991e+01,-2.224242540399999868e+01,-1.391679885900000002e+01
1.911955955999999901e+01,-3.786788168799999710e+01,-4.440322459600000116e+01,-4.060221903600000104e+01,-5.224607212800000156e+01,-3.672735366199999874e+01
1.913956956999999903e+01,-2.862986326100000056e+01,-2.486899167199999994e+01,-2.457043080200000063e+01,-2.193339818400000141e+01,-1.370037147200000049e+01
1.915957957999999905e+01,-3.599515402800000174e+01,-4.448326988600000220e+01,-2.564947577199999884e+01,-3.496521624199999678e+01,-3.277402695699999668e+01
1.917958958999999908e+01,-3.928627953299999831e+01,-3.940320774999999998e+01,-2.997013483099999931e+01,-3.166357015499999861e+01,-3.410724875300000036e+01
1.919959959999999910e+01,-2.849704233799999997e+01,-2.985507974900000150e+01,-2.829176948699999983e+01,-2.154732588899999968e+01,-2.896107604899999899e+01
1.921960960999999912e+01,-4.077795505400000309e+01,-4.269784263900000099e+01,-3.948691063700000115e+01,-2.750684808100000112e+01,-2.664355958899999877e+01
1.923961961999999914e+01,-4.551873494200000181e+01,-4.470632874599999695e+01,-2.344825283400000160e+01,-3.386217837499999916e+01,-4.111863395400000343e+01
1.925962962999999917e+01,-2.400369607200000033e+01,-2.793919715599999876e+01,-3.074824883699999845e+01,-4.630646412600000161e+01,-4.922416268500000314e+01
1.927963963999999919e+01,-6.467249635599999635e+01,-4.326273214300000092e+01,-3.091453363899999829e+01,-2.486303773199999867e+01,-4.081359673499999730e+01
1.929964964999999921e+01,-3.555605263799999705e+01,-4.199434995299999684e+01,-2.384387199900000098e+01,-3.652376521600000103e+01,-4.712616629499999732e+01
1.931965965999999923e+01,-2.356320197000000150e+01,-2.753421197600000170e+01,-2.061727332799999957e+01,-2.672278112900000124e+01,-3.676235115400000097e+01
1.933966966999999926e+01,-4.252061035500000230e+01,-3.022850365700000097e+01,-3.234749269999999655e+01,-3.620089192799999722e+01,-3.964350557899999927e+01
1.935967967999999928e+01,-4.414511061999999697e+01,-4.204546611600000006e+01,-2.953415802499999998e+01,-3.087819138700000110e+01,-4.321381456600000348e+01
1.937968968999999930e+01,-3.287225074399999869e+01,-3.338855598500000355e+01,-1.897681308900000019e+01,-3.390860704699999673e+01,-3.004543386799999993e+01
1.939969969999999932e+01,-2.882098476899999895e+01,-5.062252455299999809e+01,-2.951439724600000147e+01,-2.498964125299999850e+01,-4.417850207800000106e+01
1.941970970999999935e+01,-4.642691928699999693e+01,-6.234570850499999750e+01,-1.372381000200000045e+01,-2.733159522400000085e+01,-4.427859651600000035e+01
1.943971971999999937e+01,-4.102031011999999777e+01,-2.508263658099999915e+01,-3.212637170899999717e+01,-3.235367267299999838e+01,-3.713739171999999655e+01
1.945972972999999939e+01,-4.612006937700000009e+01,-5.314281986900000021e+01,-2.727590659799999884e+01,-3.310886709300000064e+01,-4.251187687000000182e+01
1.947973973999999941e+01,-3.957164357199999927e+01,-3.938744896499999726e+01,-2.216809202499999998e+01,-2.884619024399999887e+01,-4.253185762799999736e+01
1.949974974999999944e+01,-3.271558226700000205e+01,-4.659213803699999801e+01,-1.721601717000000065e+01,-3.365541923100000332e+01,-3.063187614699999983e+01
1.951975975999999946e+01,-4.866273494699999702e+01,-4.193455179200000060e+01,-3.012838174099999833e+01,-3.845412435400000106e+01,-2.961092873400000158e+01
1.953976976999999948e+01,-5.110881764300000185e+01,-3.275372831300000342e+01,1.174483365599999996e+00,1.165937184999999987e+00,2.625175052399999931e+00
1.955977977999999950e+01,-3.629466054200000258e+01,-3.813974581699999788e+01,-2.444018822199999974e+01,-4.675390362400000299e+01,-4.976873780199999686e+01
1.957978978999999953e+01,-5.305235743600000120e+01,-5.533495420599999903e+01,-3.208765251799999874e+01,-3.156772952200000049e+01,-3.192594920100000166e+01
1.959979979999999955e+01,-2.844706906000000046e+01,-4.627537332600000042e+01,-3.153215853000000024e+01,-3.213305108200000149e+01,-2.842246575700000122e+01
1.961980980999999957e+01,-3.813634712000000349e+01,-3.761424924699999650e+01,-3.296367231800000042e+01,-3.269313690999999977e+01,-3.738508820599999893e+01
1.963981981999999959e+01,-4.023985328100000203e+01,-3.937228239699999932e+01,-2.980430510000000055e+01,-3.797862899900000144e+01,-2.918101964799999948e+01
1.965982982999999962e+01,-3.800412705200000119e+01,-2.573880205000000032e+01,-1.294853237000000057e+01,-8.341326293999999919e+00,-1.150771821700000075e+01
1.967983983999999964e+01,-5.333340368799999709e+01,-5.010023227399999968e+01,-2.760297816299999951e+01,-4.814447484699999791e+01,-4.103380230599999834e+01
1.969984984999999966e+01,-4.756977873499999987e+01,-5.536313853099999704e+01,-3.845937413299999719e+01,-3.586350833800000260e+01,-5.124534006599999714e+01
1.971985985999999968e+01,-2.432653662999999966e+01,-3.759497235199999920e+01,-2.620536394799999869e+01,-3.184844887399999891e+01,-3.320277642500000326e+01
1.973986986999999971e+01,-5.338361714399999869e+01,-3.656515170499999812e+01,-3.073723065400000110e+01,-2.816973174700000015e+01,-3.077390687700000171e+01
1.975987987999999973e+01,-5.344008777199999827e+01,-3.873735477000000316e+01,-3.251594618099999678e+01,-3.772988311999999667e+01,-3.193502799099999834e+01
1.977988988999999975e+01,-4.281595868600000188e+01,-3.329538230099999652e+01,-3.221255150199999662e+01,-3.265665656600000233e+01,-2.122307142800000079e+01
1.979989989999999977e+01,-4.316227070499999741e+01,-5.879501737700000064e+01,-2.525923806600000177e+01,-2.870298919900000101e+01,-2.979809174300000052e+01
1.981990990999999980e+01,-3.507691101700000047e+01,-3.487821576799999690e+01,-1.977707601899999901e+01,-2.167544021400000176e+01,-2.813995623599999973e+01
1.983991991999999982e+01,-3.048124771699999869e+01,-3.085837042400000030e+01,-3.061737151599999862e+01,-3.331744832399999723e+01,-3.843397703200000137e+01
1.985992992999999984e+01,-4.172204953300000341e+01,-5.847665086800000012e+01,-2.803337841800000163e+01,-2.687586621000000164e+01,-4.105916856900000056e+01
1.987993993999999986e+01,-1.957404355999999979e+01,-3.453921483199999898e+01,-3.293560407300000037e+01,-4.444843294900000075e+01,-2.895539920199999884e+01
1.989994994999999989e+01,-4.918945691300000078e+01,-3.441909970999999757e+01,-2.161913477099999881e+01,-2.904404313499999901e+01,-4.044137719999999803e+01
1.991995995999999991e+01,-5.175872792100000197e+01,-4.711372174699999960e+01,-2.250468423299999898e+01,-2.461384463099999920e+01,-3.255730342700000080e+01
1.993996996999999993e+01,-2.967905087800000175e+01,-5.228002582799999942e+01,-3.476406933799999877e+01,-3.664877331900000001e+01,-2.572757941000000059e+01
1.995997997999999995e+01,-4.529499829200000249e+01,-3.577078668600000100e+01,-2.891634218800000156e+01,-3.536257528000000150e+01,-4.679551350999999926e+01
1.997998998999999998e+01,-3.605622025200000280e+01,-5.550041537700000305e+01,-2.319035721799999905e+01,-3.430010607500000219e+01,-4.356663188200000292e+01
2.000000000000000000e+01,-2.594365927300000152e+01,-2.277747682400000073e+01,-2.837428612100000080e+01,-2.577694377799999970e+01,-3.449922583800000098e+01
