freq_GHz,S21_dB,S31_dB,S41_dB,S51_dB,S61_dB
1.000000000000000021e-02,-7.584378993599999319e+01,-7.576631376400000306e+01,-8.255325395299999514e+01,-7.507607123900000090e+01,-7.624314967200000126e+01
3.001001001000000099e-02,-7.129978048799999613e+01,-9.323940527400000633e+01,-8.702754942699999674e+01,-8.124051296199999683e+01,-8.432832688899999596e+01
5.002002002000000003e-02,-7.615577390200000707e+01,-8.130489052800000138e+01,-7.936310654899999406e+01,-9.364729973699999732e+01,-8.451942700600000080e+01
7.003003002999999560e-02,-7.950616118499999629e+01,-9.126191911099999743e+01,-7.746585731400000441e+01,-9.142496692299999950e+01,-8.182829951300000459e+01
9.004004004000000505e-02,-8.456406748999999934e+01,-8.200151921900000218e+01,-7.864104629599999896e+01,-8.428716463000000658e+01,-8.757258577599999683e+01
1.100500500500000006e-01,-7.950716011000000094e+01,-7.246014616700000488e+01,-8.372545272799999339e+01,-8.524932288099999766e+01,-7.944157361199999912e+01
1.300600600600000101e-01,-7.977673594600000229e+01,-7.691762266700000339e+01,-8.244909364000000096e+01,-8.181467855699999348e+01,-8.128445142699999337e+01
1.500700700700000056e-01,-7.979972703200000694e+01,-7.709408788800000423e+01,-8.345998554800000591e+01,-7.828251522200000068e+01,-7.933484935299999563e+01
1.700800800800000012e-01,-8.705876125700000046e+01,-8.684360436900000479e+01,-8.119455593399999316e+01,-8.081561192700000618e+01,-7.663957871700000624e+01
1.900900900899999968e-01,-8.857498822200000177e+01,-8.445675201999999615e+01,-7.841033516800000314e+01,-1.059803082100000040e+02,-8.991433917199999826e+01
2.101001000999999924e-01,-7.899598248099999864e+01,-7.818257515000000524e+01,-8.202424471400000527e+01,-8.710657088400000703e+01,-8.250495748800000229e+01
2.301101101100000157e-01,-8.105530197599999553e+01,-8.159735400700000696e+01,-7.642783556700000247e+01,-8.357567258900000695e+01,-7.674877108600000497e+01
2.501201201200000113e-01,-8.781339346900000464e+01,-8.036466164300000514e+01,-8.613759485799999993e+01,-8.387212236300000257e+01,-8.958914195900000266e+01
2.701301301299999791e-01,-7.893007159299999387e+01,-8.399190619099999822e+01,-8.605914791300000388e+01,-7.598293212199999402e+01,-8.677068539900000133e+01
2.901401401400000024e-01,-8.069043417999999690e+01,-7.614669610500000374e+01,-8.556778367100000082e+01,-8.310544534000000283e+01,-7.077488693099999750e+01
3.101501501499999702e-01,-8.302749059200000659e+01,-8.012872160999999949e+01,-8.404218831100000386e+01,-8.505293673299999568e+01,-7.868537117099999989e+01
3.301601601600000491e-01,-8.000967567499999689e+01,-7.879685577499999738e+01,-7.313759610300000702e+01,-8.333258248799999990e+01,-7.062298348999999575e+01
3.501701701700000169e-01,-7.864857557300000224e+01,-8.035045218999999861e+01,-8.249106526699999620e+01,-8.169414081600000088e+01,-6.926378905999999347e+01
3.701801801799999847e-01,-8.530955525400000283e+01,-7.608583141299999397e+01,-7.807126131200000430e+01,-8.310414977799999292e+01,-7.005886570500000232e+01
3.901901901900000080e-01,-7.879049590500000022e+01,-8.031111789400000589e+01,-7.132760879999999304e+01,-9.244916379800000072e+01,-6.871354370800000311e+01
4.102002001999999758e-01,-7.899900360899999896e+01,-9.129681914500000062e+01,-6.964743742100000645e+01,-7.288335919799999374e+01,-7.919656160899999975e+01
4.302102102099999992e-01,-7.046914996300000666e+01,-8.014841789999999833e+01,-7.253012746400000310e+01,-7.197692846299999303e+01,-7.860108953799999654e+01
4.502202202200000225e-01,-7.312253980299999512e+01,-7.352830994900000405e+01,-7.654348635899999920e+01,-8.309825243299999897e+01,-7.379343224100000498e+01
4.702302302300000458e-01,-8.314596632900000373e+01,-7.272225539100000447e+01,-7.137222158800000216e+01,-7.248227806200000600e+01,-6.901970224400000120e+01
4.902402402400000136e-01,-7.645598177399999429e+01,-6.992787011699999766e+01,-8.202754388099999971e+01,-7.117255923199999756e+01,-6.668961323000000618e+01
5.102502502500000370e-01,-8.523545977099999504e+01,-7.726438496999999472e+01,-7.888214988400000038e+01,-7.932525739199999748e+01,-6.430841536699999494e+01
5.302602602599999493e-01,-7.364288183099999685e+01,-9.378857839299999455e+01,-7.358025313299999937e+01,-7.518314766000000304e+01,-6.109104688899999758e+01
5.502702702699999726e-01,-7.092997231699999361e+01,-9.759466867499999410e+01,-7.071983347100000117e+01,-8.062325687099999527e+01,-5.913308882799999822e+01
5.702802802799999959e-01,-8.152728520700000558e+01,-8.335982797699999480e+01,-6.933578087600000117e+01,-7.554515615500000081e+01,-5.619246074600000185e+01
5.902902902899999082e-01,-7.513339101200000414e+01,-7.574135639300000378e+01,-6.200348361300000022e+01,-7.144147019800000464e+01,-5.497739499699999755e+01
6.103003002999999316e-01,-7.097693263099999683e+01,-6.676879968800000142e+01,-6.052833451299999723e+01,-6.533040777300000457e+01,-5.309767526699999962e+01
6.303103103099999549e-01,-6.654695984299999623e+01,-7.531418992000000401e+01,-6.517656211700000313e+01,-6.723783232200000270e+01,-5.162953547200000060e+01
6.503203203200000893e-01,-6.964147016500000120e+01,-7.678025049000000024e+01,-5.914773696000000314e+01,-6.216654427099999936e+01,-4.805191534600000125e+01
6.703303303300000016e-01,-7.419663936899999612e+01,-6.756686434300000599e+01,-5.693295510499999779e+01,-6.309493827600000060e+01,-4.638783896500000026e+01
6.903403403400000249e-01,-6.833607501500000581e+01,-7.062485302800000397e+01,-5.685430968400000040e+01,-6.673180428800000641e+01,-4.518393531200000268e+01
7.103503503500000482e-01,-6.128485897400000226e+01,-6.974590528800000300e+01,-5.394526200600000010e+01,-6.379862168700000069e+01,-4.448388952399999852e+01
7.303603603599999605e-01,-6.299610000399999876e+01,-6.907899774300000217e+01,-5.392405269000000345e+01,-6.909754400399999952e+01,-4.448282455700000071e+01
7.503703703699999839e-01,-6.185400980699999707e+01,-6.555558424800000239e+01,-5.302188216599999748e+01,-7.750547620300000062e+01,-4.470042890999999941e+01
7.703803803800000072e-01,-6.324427055000000308e+01,-6.474310607200000334e+01,-5.163335273100000222e+01,-7.202977803299999948e+01,-4.377463093000000072e+01
7.903903903900000305e-01,-5.954151638700000149e+01,-5.971319589800000216e+01,-5.025325696000000164e+01,-6.672120502699999633e+01,-4.356578314099999716e+01
8.104004003999999428e-01,-5.801377069600000169e+01,-6.034325755599999752e+01,-5.020976546299999654e+01,-6.808620716400000106e+01,-4.394061924700000077e+01
8.304104104099999661e-01,-5.731385194799999994e+01,-6.021348197999999741e+01,-5.011853215400000039e+01,-6.559187592199999983e+01,-4.391637437499999663e+01
8.504204204199999895e-01,-5.709114278100000206e+01,-6.103940916799999883e+01,-4.922319256800000176e+01,-7.158436011000000576e+01,-4.268640112799999997e+01
8.704304304299999018e-01,-5.510817449399999646e+01,-5.707320552400000224e+01,-4.815700069999999755e+01,-6.039704242399999856e+01,-4.184192522099999678e+01
8.904404404400000361e-01,-5.416506507399999748e+01,-5.500866149499999835e+01,-4.879325350799999939e+01,-5.700978933599999721e+01,-4.150768868499999797e+01
9.104504504500000595e-01,-5.431083704899999987e+01,-5.654439868200000063e+01,-4.919707710600000183e+01,-6.069724063099999967e+01,-4.158318569299999723e+01
9.304604604600000828e-01,-5.426583477599999839e+01,-5.803240062599999760e+01,-4.924636334800000270e+01,-6.173628746600000028e+01,-4.172061746100000335e+01
9.504704704699999951e-01,-5.650581933499999820e+01,-5.823499251999999871e+01,-4.921145031999999730e+01,-6.244004112199999668e+01,-4.197566144299999991e+01
9.704804804800000184e-01,-5.909561686199999997e+01,-5.791057379099999736e+01,-4.893555185400000340e+01,-6.800285789400000169e+01,-4.260255016200000000e+01
9.904904904900000417e-01,-5.964456342900000152e+01,-5.678006694300000134e+01,-4.980515708000000075e+01,-6.300276208999999739e+01,-4.304177676199999780e+01
1.010500500500000065e+00,-6.212326013300000227e+01,-6.096257882199999756e+01,-5.038885280499999908e+01,-6.255694816700000160e+01,-4.417622863399999744e+01
1.030510510500000088e+00,-6.173176066599999956e+01,-6.300733164999999758e+01,-5.087499165500000231e+01,-6.137889658800000348e+01,-4.373722500699999927e+01
1.050520520500000110e+00,-6.382642625700000139e+01,-6.611808111999999937e+01,-4.928751260899999664e+01,-6.312283743900000132e+01,-4.333526061900000315e+01
1.070530530499999911e+00,-6.469906475199999818e+01,-6.367527133400000139e+01,-4.985844381799999780e+01,-6.423630438300000378e+01,-4.322416146300000150e+01
1.090540540499999933e+00,-6.664470430199999385e+01,-6.173101016900000104e+01,-5.041338215799999745e+01,-6.508015917400000205e+01,-4.322196592800000303e+01
1.110550550599999964e+00,-7.426140248999999471e+01,-6.309413073999999710e+01,-4.959871626599999672e+01,-7.074411869200000069e+01,-4.209683240700000084e+01
1.130560560599999986e+00,-6.409029365499999642e+01,-6.323898021499999800e+01,-4.978443998299999862e+01,-7.150620933000000434e+01,-4.167504434699999649e+01
1.150570570600000009e+00,-7.188896772500000054e+01,-6.190295579299999673e+01,-5.116237698999999850e+01,-6.960207571399999438e+01,-4.150808313999999655e+01
1.170580580599999809e+00,-7.193211211499999536e+01,-6.534996196800000234e+01,-5.035565202499999771e+01,-6.139330959400000154e+01,-4.147807759599999855e+01
1.190590590599999832e+00,-7.168807176299999639e+01,-6.774771671300000264e+01,-4.920684750099999860e+01,-6.240119762300000161e+01,-4.119709929599999754e+01
1.210600600599999854e+00,-7.395029912799999749e+01,-6.318524340799999806e+01,-4.825089745199999669e+01,-6.709699519100000487e+01,-4.058362102200000265e+01
1.230610610599999877e+00,-6.406704711099999372e+01,-5.952881568899999820e+01,-4.723463860799999736e+01,-6.340139428700000224e+01,-3.978749785099999769e+01
1.250620620599999899e+00,-6.227307215799999796e+01,-6.589528643900000304e+01,-4.575888166899999732e+01,-6.217916275599999665e+01,-3.953525384400000320e+01
1.270630630599999922e+00,-6.273057127700000279e+01,-7.073728914000000145e+01,-4.413790249800000254e+01,-5.641553446500000035e+01,-3.902077818000000065e+01
1.290640640599999944e+00,-6.183970064999999749e+01,-6.830434091600000102e+01,-4.310701011100000102e+01,-5.924788041499999736e+01,-3.789196384600000300e+01
1.310650650699999975e+00,-5.876044619099999977e+01,-6.615091677300000583e+01,-4.316640471299999859e+01,-5.927292559600000033e+01,-3.751891129399999869e+01
1.330660660699999998e+00,-5.918184618800000152e+01,-6.267488667300000316e+01,-4.319023348599999679e+01,-5.674165174200000195e+01,-3.724129576299999655e+01
1.350670670700000020e+00,-5.603790877000000137e+01,-6.526566553199999987e+01,-4.369933045199999810e+01,-5.739699178899999765e+01,-3.640894630300000046e+01
1.370680680700000043e+00,-5.639119973599999724e+01,-5.477837985099999685e+01,-4.400175452700000278e+01,-5.563415998199999990e+01,-3.529647540799999916e+01
1.390690690700000065e+00,-5.477463612300000051e+01,-6.136601129999999671e+01,-4.243171949300000279e+01,-5.682822179699999765e+01,-3.477604614199999844e+01
1.410700700700000088e+00,-5.418036413600000145e+01,-6.693721097799999598e+01,-4.196596128299999862e+01,-5.611375506499999943e+01,-3.432181039900000030e+01
1.430710710700000110e+00,-5.438468886500000110e+01,-5.952708782999999926e+01,-4.056369878299999954e+01,-5.582584617900000268e+01,-3.343811504899999676e+01
1.450720720700000133e+00,-5.424105022100000184e+01,-5.479909533200000027e+01,-3.945079726099999817e+01,-5.591787255399999879e+01,-3.274846695200000113e+01
1.470730730700000155e+00,-5.480330752500000102e+01,-5.164599126499999926e+01,-3.834322378299999912e+01,-5.848347047699999735e+01,-3.215828018399999877e+01
1.490740740699999956e+00,-5.076899857400000116e+01,-5.298932971699999683e+01,-3.700997717300000289e+01,-5.685219579299999992e+01,-3.168991922400000050e+01
1.510750750799999986e+00,-5.045020458500000160e+01,-5.028558915899999704e+01,-3.543349322499999943e+01,-5.479864530999999772e+01,-3.104102278799999937e+01
1.530760760800000009e+00,-4.962549795799999686e+01,-5.095916600099999982e+01,-3.409024459700000165e+01,-6.431071278599999630e+01,-2.995910840699999866e+01
1.550770770800000031e+00,-4.954182546399999865e+01,-5.586672265600000031e+01,-3.346247680599999796e+01,-6.573524216600000614e+01,-2.914906178200000042e+01
1.570780780800000054e+00,-5.091027816700000130e+01,-5.458519790700000129e+01,-3.284271672799999919e+01,-5.886752099899999990e+01,-2.853039912799999911e+01
1.590790790799999854e+00,-5.056118677599999955e+01,-5.357618930600000340e+01,-3.192565733800000061e+01,-5.780599052699999874e+01,-2.813397609300000113e+01
1.610800800799999877e+00,-5.026460633399999978e+01,-6.043074233299999776e+01,-3.144948872699999853e+01,-5.638493097300000301e+01,-2.793728843699999942e+01
1.630810810799999899e+00,-4.685278167199999899e+01,-5.476419529900000072e+01,-3.084783570800000163e+01,-5.525951836899999847e+01,-2.786929534000000075e+01
1.650820820799999922e+00,-4.578258786500000355e+01,-5.269015029799999894e+01,-3.061603234300000054e+01,-5.537024374100000301e+01,-2.736948612899999844e+01
1.670830830799999944e+00,-4.434314959099999953e+01,-4.886413022299999653e+01,-3.003521526500000149e+01,-5.715255638600000054e+01,-2.665095296100000155e+01
1.690840840799999967e+00,-4.372360757999999947e+01,-4.806136861899999957e+01,-2.941780402099999847e+01,-6.209317436900000331e+01,-2.640986397200000013e+01
1.710850850899999998e+00,-4.193054207800000199e+01,-4.826977234099999947e+01,-2.893078682699999860e+01,-6.279733806499999815e+01,-2.605771564100000148e+01
1.730860860900000020e+00,-4.086017945999999768e+01,-4.736790577800000079e+01,-2.932361525499999999e+01,-5.867906961199999927e+01,-2.579692510199999944e+01
1.750870870900000043e+00,-4.156901786099999896e+01,-5.098662648999999902e+01,-3.021280109299999950e+01,-5.433164764200000008e+01,-2.560944172900000027e+01
1.770880880900000065e+00,-4.147846183899999772e+01,-5.547144035699999876e+01,-3.047693261099999873e+01,-5.283056735400000292e+01,-2.576420749500000085e+01
1.790890890900000088e+00,-4.199538758500000313e+01,-5.260343062799999814e+01,-3.059242847699999857e+01,-5.212367365400000097e+01,-2.634715728700000170e+01
1.810900900900000110e+00,-4.236017711299999888e+01,-5.048806267999999875e+01,-3.149515153300000136e+01,-5.219185170699999787e+01,-2.707579789700000106e+01
1.830910910900000133e+00,-4.255780291800000015e+01,-4.974071865500000200e+01,-3.184928375399999823e+01,-5.366636151899999874e+01,-2.854887062499999928e+01
1.850920920900000155e+00,-4.576737501000000208e+01,-5.165774735000000106e+01,-3.329174827700000350e+01,-5.410857610699999753e+01,-2.999657799099999878e+01
1.870930930900000178e+00,-4.831133455399999832e+01,-5.563391624199999796e+01,-3.394394392000000238e+01,-5.549570633300000111e+01,-3.131898637000000107e+01
1.890940940900000200e+00,-4.973961335599999956e+01,-6.125572230099999871e+01,-3.481545060300000216e+01,-6.054128290399999912e+01,-3.206915522599999946e+01
1.910950951000000009e+00,-5.069167590299999659e+01,-6.041268251500000019e+01,-3.475704392699999801e+01,-6.396314963599999714e+01,-3.231308758200000142e+01
1.930960961000000031e+00,-5.419341340700000131e+01,-5.580402659500000340e+01,-3.430511397200000090e+01,-6.079946054199999850e+01,-3.181313827399999994e+01
1.950970971000000054e+00,-5.474302169999999990e+01,-5.500419033099999666e+01,-3.416262147500000168e+01,-5.871436298799999776e+01,-3.104026612399999863e+01
1.970980981000000076e+00,-5.414247560599999787e+01,-5.300796970399999708e+01,-3.407880579199999715e+01,-5.692904341799999912e+01,-3.041729465999999960e+01
1.990990991000000099e+00,-5.648669854199999918e+01,-5.417754918499999661e+01,-3.415538976100000212e+01,-5.732093427200000235e+01,-3.018037802299999939e+01
2.011001000999999899e+00,-5.634899150199999696e+01,-5.897336168599999695e+01,-3.407774004699999892e+01,-5.935842764499999902e+01,-3.010246253400000072e+01
2.031011010999999922e+00,-5.223262713500000132e+01,-5.601640055299999688e+01,-3.412744420599999984e+01,-5.896454815999999965e+01,-3.029054396600000132e+01
2.051021020999999944e+00,-5.425527644099999947e+01,-5.264390894499999973e+01,-3.370926958700000142e+01,-5.867377425400000135e+01,-3.048629910300000034e+01
2.071031030999999967e+00,-5.776884883799999670e+01,-5.244833392000000316e+01,-3.312030887000000234e+01,-5.694178476100000097e+01,-3.076821475499999892e+01
2.091041040999999989e+00,-5.448628115599999688e+01,-5.087894143100000122e+01,-3.270403318299999995e+01,-6.059908266499999741e+01,-3.092705437800000112e+01
2.111051051100000020e+00,-5.141507274100000302e+01,-5.041154717399999896e+01,-3.294543446499999817e+01,-6.558778790200000230e+01,-3.113911212100000014e+01
2.131061061100000043e+00,-4.880566774399999730e+01,-4.956721172099999961e+01,-3.285916006299999736e+01,-5.735211177299999719e+01,-3.142127512000000067e+01
2.151071071100000065e+00,-4.797321438099999824e+01,-5.001380262800000054e+01,-3.326437769599999683e+01,-5.425793558600000210e+01,-3.216580044799999882e+01
2.171081081100000088e+00,-4.621566373600000333e+01,-5.260923353700000149e+01,-3.358409134200000068e+01,-5.423986434599999740e+01,-3.262227335000000039e+01
2.191091091100000110e+00,-4.661709604699999687e+01,-4.993326321199999995e+01,-3.384770861599999847e+01,-5.509805048700000185e+01,-3.300765290399999685e+01
2.211101101099999688e+00,-4.576279090100000246e+01,-4.977282235500000240e+01,-3.365293141600000126e+01,-5.951770439399999901e+01,-3.299031347599999719e+01
2.231111111099999711e+00,-4.467474306999999811e+01,-5.037669483599999865e+01,-3.332584941199999662e+01,-6.441872012100000688e+01,-3.274843040799999727e+01
2.251121121099999733e+00,-4.462599088900000055e+01,-5.026227669699999723e+01,-3.341844861900000296e+01,-6.664603438299999993e+01,-3.235387144300000273e+01
2.271131131099999756e+00,-4.557711526399999968e+01,-5.485527757199999854e+01,-3.351530542500000109e+01,-6.305262925699999954e+01,-3.208619041800000105e+01
2.291141141099999778e+00,-4.428155659400000133e+01,-5.169282179100000008e+01,-3.335619053500000319e+01,-6.050611217899999872e+01,-3.154052824500000085e+01
2.311151151199999809e+00,-4.738840534399999882e+01,-5.097939868499999960e+01,-3.336945256700000328e+01,-5.981425202399999819e+01,-3.053472039400000071e+01
2.331161161199999832e+00,-4.737403949899999844e+01,-4.924760400699999963e+01,-3.293000213199999848e+01,-5.795768137499999995e+01,-2.941881121000000121e+01
2.351171171199999854e+00,-4.602405790200000268e+01,-4.757425482899999736e+01,-3.171169263099999824e+01,-5.507655219499999788e+01,-2.856190859799999870e+01
2.371181181199999877e+00,-4.611953358600000286e+01,-4.701069372799999968e+01,-3.124353245800000067e+01,-5.344837973399999953e+01,-2.756154975999999834e+01
2.391191191199999899e+00,-4.771862087899999949e+01,-4.611526798500000268e+01,-3.117641466299999919e+01,-5.697680900699999995e+01,-2.706271133699999965e+01
2.411201201199999922e+00,-4.621729889899999932e+01,-4.681181835000000291e+01,-3.084535667800000169e+01,-5.285747887299999803e+01,-2.659203894499999876e+01
2.431211211199999944e+00,-4.768859275799999864e+01,-4.839613474200000098e+01,-3.050400945599999858e+01,-5.131678766299999950e+01,-2.656577850300000065e+01
2.451221221199999967e+00,-4.711069263699999965e+01,-4.923967987700000037e+01,-3.028100200800000152e+01,-5.282253535299999925e+01,-2.640121011999999823e+01
2.471231231199999989e+00,-4.733536638700000054e+01,-4.797063558899999691e+01,-3.001921300400000092e+01,-5.279180104200000301e+01,-2.619417445099999853e+01
2.491241241200000012e+00,-4.821186881700000271e+01,-4.807040972800000134e+01,-2.977465682100000066e+01,-5.058847487199999904e+01,-2.624885056700000163e+01
2.511251251300000042e+00,-4.747416997900000268e+01,-4.798077233299999733e+01,-2.979472145500000124e+01,-5.099204499700000071e+01,-2.634555902800000027e+01
2.531261261300000065e+00,-4.587478535599999674e+01,-4.752797459500000343e+01,-3.004402471099999872e+01,-5.305165464000000242e+01,-2.656278382800000060e+01
2.551271271300000087e+00,-4.841713115499999986e+01,-5.020663580299999751e+01,-3.031570131399999823e+01,-5.571563162900000066e+01,-2.673213239700000088e+01
2.571281281300000110e+00,-4.775140475799999962e+01,-4.949932662500000191e+01,-3.045346771999999902e+01,-5.356624417100000102e+01,-2.719986959799999937e+01
2.591291291300000132e+00,-4.916942899800000077e+01,-4.952388576999999970e+01,-3.075800700399999954e+01,-5.710287314600000030e+01,-2.756326338299999890e+01
2.611301301300000155e+00,-4.901106765600000159e+01,-4.688316035900000145e+01,-3.101610555699999949e+01,-5.921871142199999838e+01,-2.799605529400000137e+01
2.631311311300000177e+00,-5.060881577899999684e+01,-4.653428810300000151e+01,-3.134410435299999875e+01,-5.254840823600000022e+01,-2.852230988999999894e+01
2.651321321300000200e+00,-5.103935363000000081e+01,-4.726197484499999746e+01,-3.118854922599999924e+01,-5.208548553699999673e+01,-2.885740075500000046e+01
2.671331331300000222e+00,-5.020284878100000014e+01,-5.012988210700000025e+01,-3.137847900399999901e+01,-5.041057454999999976e+01,-2.920616587600000003e+01
2.691341341300000245e+00,-5.116707928000000294e+01,-4.889093563200000148e+01,-3.098258018199999952e+01,-5.136252577700000188e+01,-2.938052690600000005e+01
2.711351351400000276e+00,-5.424463378200000108e+01,-4.884222015999999655e+01,-3.079500836700000121e+01,-4.975164900600000095e+01,-2.955903015999999894e+01
2.731361361400000298e+00,-5.713712747299999961e+01,-5.402505859099999697e+01,-3.120486223300000006e+01,-5.088487142000000318e+01,-2.973855347800000004e+01
2.751371371399999877e+00,-5.527157466999999968e+01,-4.918083998800000245e+01,-3.114237464400000022e+01,-5.239997815200000275e+01,-2.982607600300000072e+01
2.771381381399999899e+00,-6.571182383199999322e+01,-5.180126920000000013e+01,-3.100901909299999915e+01,-5.534361817599999966e+01,-2.989656959199999875e+01
2.791391391399999922e+00,-5.547538305700000194e+01,-6.289208498699999694e+01,-3.085015075700000153e+01,-6.012339293800000206e+01,-3.000802862700000162e+01
2.811401401399999944e+00,-5.795957536299999902e+01,-5.269748494299999919e+01,-3.093057718600000072e+01,-6.320337410999999861e+01,-3.001910396299999917e+01
2.831411411399999967e+00,-7.421203607699999338e+01,-5.569248751100000305e+01,-3.050979236199999889e+01,-5.925032962200000242e+01,-3.034767025400000051e+01
2.851421421399999989e+00,-6.197470774199999966e+01,-6.601673402000000124e+01,-3.014160242599999862e+01,-5.545696718399999980e+01,-3.083680527099999935e+01
2.871431431400000012e+00,-5.459263248199999907e+01,-6.657319417099999725e+01,-2.975514099800000167e+01,-5.803926533900000351e+01,-3.120767567600000092e+01
2.891441441400000034e+00,-5.774913454899999721e+01,-6.852946496900000284e+01,-2.930470255399999857e+01,-5.283384693200000015e+01,-3.164120097500000028e+01
2.911451451500000065e+00,-5.628026184600000192e+01,-6.876555557499999338e+01,-2.925116470700000093e+01,-5.615882474299999672e+01,-3.194589937599999985e+01
2.931461461500000087e+00,-5.349980189800000119e+01,-6.517332695599999681e+01,-2.908895742400000017e+01,-5.442331760500000115e+01,-3.210423033099999657e+01
2.951471471500000110e+00,-5.236700785200000041e+01,-5.894234279900000217e+01,-2.922296329499999956e+01,-5.374505047499999932e+01,-3.268112847199999749e+01
2.971481481500000132e+00,-5.063268487500000248e+01,-6.129932146600000209e+01,-2.881345373899999984e+01,-5.413098904200000305e+01,-3.322524506700000302e+01
2.991491491500000155e+00,-5.051604797899999966e+01,-5.588344929299999819e+01,-2.869967313300000100e+01,-5.327294311699999696e+01,-3.405054208300000340e+01
3.011501501500000177e+00,-5.065531305500000059e+01,-5.334540198399999866e+01,-2.842437728000000163e+01,-5.264697000900000035e+01,-3.427425223899999907e+01
3.031511511500000200e+00,-5.027852243200000260e+01,-5.421325068899999877e+01,-2.858106623799999824e+01,-5.320424954599999978e+01,-3.475486255700000271e+01
3.051521521499999778e+00,-5.017753615299999836e+01,-5.594198343600000101e+01,-2.833248949600000088e+01,-5.564858232200000288e+01,-3.464789767799999964e+01
3.071531531499999801e+00,-5.060929112899999893e+01,-5.441920016000000260e+01,-2.789576268700000128e+01,-5.419122604100000018e+01,-3.450983202100000113e+01
3.091541541499999823e+00,-5.122922235200000074e+01,-5.177813806399999663e+01,-2.740407418899999925e+01,-5.472055567700000012e+01,-3.424753588699999796e+01
3.111551551599999854e+00,-5.013219312900000091e+01,-5.360194141699999903e+01,-2.700979373999999922e+01,-5.874928993700000035e+01,-3.389803117200000315e+01
3.131561561599999877e+00,-4.948042695600000229e+01,-5.358256950500000215e+01,-2.686396412299999881e+01,-5.674786213800000212e+01,-3.290276471199999975e+01
3.151571571599999899e+00,-4.995862983300000337e+01,-5.313300777700000310e+01,-2.668741496699999871e+01,-5.697109402200000261e+01,-3.211580227900000040e+01
3.171581581599999922e+00,-4.809397217099999722e+01,-5.440845000000000198e+01,-2.666235072199999934e+01,-6.227976403200000277e+01,-3.124925244800000002e+01
3.191591591599999944e+00,-4.862417218299999888e+01,-5.294177007500000087e+01,-2.650451070100000095e+01,-6.119631311100000204e+01,-3.069712175700000145e+01
3.211601601599999967e+00,-4.603939482300000208e+01,-5.488393743200000330e+01,-2.644130184799999839e+01,-5.701701550800000007e+01,-3.003339849800000039e+01
3.231611611599999989e+00,-4.950302116600000346e+01,-5.056975482899999719e+01,-2.651633643899999981e+01,-5.573329044100000118e+01,-2.892719525000000047e+01
3.251621621600000012e+00,-4.958395273600000053e+01,-5.263138669599999986e+01,-2.618318601800000067e+01,-5.820707532800000195e+01,-2.841033898799999946e+01
3.271631631600000034e+00,-4.821628424600000073e+01,-5.287128397299999705e+01,-2.613638697800000088e+01,-5.531042046999999684e+01,-2.770544055899999947e+01
3.291641641600000057e+00,-4.749343391499999711e+01,-5.703780392600000226e+01,-2.596537499200000099e+01,-5.341057533200000051e+01,-2.683793895000000163e+01
3.311651651699999643e+00,-4.663826835199999721e+01,-5.276450910900000224e+01,-2.585065827400000060e+01,-5.757809191900000201e+01,-2.605400800299999986e+01
3.331661661699999666e+00,-4.538289519199999944e+01,-6.020934037100000324e+01,-2.559889971899999850e+01,-5.613551991100000293e+01,-2.538338161000000071e+01
3.351671671699999688e+00,-4.529333970900000139e+01,-5.304552495899999798e+01,-2.561233967600000128e+01,-6.014795746200000082e+01,-2.482066948800000006e+01
3.371681681699999711e+00,-4.664195451300000173e+01,-6.594208987400000410e+01,-2.578006602399999991e+01,-5.357596128200000152e+01,-2.403421994700000042e+01
3.391691691699999733e+00,-4.434957492400000234e+01,-5.458250039600000036e+01,-2.632403857799999969e+01,-5.568755232000000177e+01,-2.339850900000000067e+01
3.411701701699999756e+00,-4.637260204399999708e+01,-5.594345974299999824e+01,-2.679625093299999961e+01,-5.553775049400000086e+01,-2.291987123699999884e+01
3.431711711699999778e+00,-4.521689774200000045e+01,-5.372061528500000094e+01,-2.692690713600000052e+01,-5.627471801299999754e+01,-2.249471897700000156e+01
3.451721721699999801e+00,-4.303101764899999893e+01,-5.173616937300000274e+01,-2.755933902499999988e+01,-5.704329487700000101e+01,-2.192021985099999881e+01
3.471731731699999823e+00,-4.223566632699999701e+01,-5.121366117899999892e+01,-2.808808892700000115e+01,-5.316877136800000159e+01,-2.151746932700000059e+01
3.491741741699999846e+00,-4.163931182099999972e+01,-5.766590316700000329e+01,-2.879527442899999912e+01,-5.864104706900000252e+01,-2.110397363799999937e+01
3.511751751800000321e+00,-4.164485410599999682e+01,-5.423707701600000064e+01,-2.943114547200000075e+01,-5.687979427599999838e+01,-2.056980103400000104e+01
3.531761761800000343e+00,-4.048070220500000005e+01,-5.034796956899999998e+01,-3.011736751400000145e+01,-5.276775535800000227e+01,-2.018719890399999883e+01
3.551771771800000366e+00,-3.997700954300000120e+01,-4.889679249999999655e+01,-3.104837042400000158e+01,-5.949790799800000229e+01,-1.989632167299999921e+01
3.571781781800000388e+00,-3.966059148200000095e+01,-5.931548980899999890e+01,-3.193154905500000140e+01,-5.675718687900000248e+01,-1.962755522699999844e+01
3.591791791800000411e+00,-3.813157448100000124e+01,-9.935571280300000296e+01,-3.261748764699999725e+01,-6.176310784700000056e+01,-1.932299566100000021e+01
3.611801801799999989e+00,-3.942311498699999817e+01,-6.389685033100000311e+01,-3.283881090399999891e+01,-5.806280239000000165e+01,-1.914429318999999907e+01
3.631811811800000012e+00,-3.848658570999999995e+01,-5.807758476000000059e+01,-3.262726226499999882e+01,-5.872383085700000294e+01,-1.903017490899999942e+01
3.651821821800000034e+00,-3.957003346100000130e+01,-5.691128341499999976e+01,-3.274834332700000061e+01,-6.498319012299999997e+01,-1.884540354199999967e+01
3.671831831800000057e+00,-3.883761087399999923e+01,-6.350057852700000183e+01,-3.270231437399999663e+01,-6.783382214799999588e+01,-1.857079411200000152e+01
3.691841841800000079e+00,-3.933808975699999877e+01,-5.711413388399999747e+01,-3.320908498200000025e+01,-6.826148318100000267e+01,-1.836834346899999915e+01
3.711851851900000110e+00,-3.807580322599999789e+01,-5.763788582699999807e+01,-3.409892662299999699e+01,-6.156731247199999757e+01,-1.823714556599999881e+01
3.731861861900000132e+00,-3.828537275800000117e+01,-4.953100174499999753e+01,-3.441723174999999912e+01,-7.565773335299999758e+01,-1.817130027400000003e+01
3.751871871900000155e+00,-3.790073799599999660e+01,-5.732428871999999842e+01,-3.466959268499999780e+01,-5.920000038199999892e+01,-1.808951337999999964e+01
3.771881881900000177e+00,-3.792650210600000094e+01,-6.220016518999999988e+01,-3.499830001800000190e+01,-6.170136849699999715e+01,-1.816052475000000044e+01
3.791891891900000200e+00,-3.743140477800000099e+01,-5.175918945499999779e+01,-3.412220409100000040e+01,-6.040221745899999917e+01,-1.822591442399999906e+01
3.811901901900000222e+00,-3.509774952099999723e+01,-5.202685516999999749e+01,-3.359171896099999799e+01,-6.313939397699999745e+01,-1.838992887299999879e+01
3.831911911900000245e+00,-3.583143409899999909e+01,-5.294084201100000087e+01,-3.316195155399999805e+01,-6.126292121699999882e+01,-1.838807003499999837e+01
3.851921921900000267e+00,-3.588671619800000201e+01,-5.426660882299999855e+01,-3.312094405799999919e+01,-6.007404728600000254e+01,-1.835775329599999850e+01
3.871931931900000290e+00,-3.576383521599999682e+01,-6.223661890300000010e+01,-3.288731266100000283e+01,-6.428680280599999719e+01,-1.856184515500000032e+01
3.891941941900000312e+00,-3.581600643099999814e+01,-5.507231691900000214e+01,-3.293616973599999653e+01,-6.050998327799999998e+01,-1.852386821500000025e+01
3.911951951999999899e+00,-3.444002456100000131e+01,-6.332495951899999653e+01,-3.302611995899999897e+01,-5.604723804099999995e+01,-1.871667579900000078e+01
3.931961961999999922e+00,-3.456769772700000232e+01,-6.993547142500000291e+01,-3.226077765600000191e+01,-5.821993818800000042e+01,-1.876457379800000069e+01
3.951971971999999944e+00,-3.582749683699999821e+01,-5.391190185800000023e+01,-3.168315762199999952e+01,-6.185520116299999671e+01,-1.893059286600000135e+01
3.971981981999999967e+00,-3.564185926900000112e+01,-5.191908060800000158e+01,-3.149998298999999946e+01,-8.322303234999999688e+01,-1.925049181700000034e+01
3.991991991999999989e+00,-3.524071820399999666e+01,-4.809027600000000291e+01,-3.101436737599999915e+01,-6.172318462599999833e+01,-1.956485669099999924e+01
4.012002002000000012e+00,-3.626180225200000251e+01,-5.134542228899999827e+01,-3.083680143899999848e+01,-6.006241090900000046e+01,-1.970325093599999988e+01
4.032012012000000034e+00,-3.603804788699999762e+01,-5.085043829600000009e+01,-3.084798605099999946e+01,-5.562372484499999814e+01,-2.012697784999999939e+01
4.052022022000000057e+00,-3.820816592399999934e+01,-4.988243331200000341e+01,-3.019027367800000050e+01,-5.966508053700000147e+01,-2.053883862800000060e+01
4.072032032000000079e+00,-3.757501154700000257e+01,-4.904011124099999819e+01,-2.943592043399999980e+01,-6.506856000300000176e+01,-2.094502246100000065e+01
4.092042042000000102e+00,-3.783028894000000264e+01,-4.659838205199999805e+01,-2.927487890000000093e+01,-5.702264108300000345e+01,-2.137068123699999944e+01
4.112052052100000132e+00,-3.763733658400000337e+01,-4.659326000499999765e+01,-2.967348194999999933e+01,-5.443704412400000336e+01,-2.188152281900000062e+01
4.132062062100000155e+00,-3.939020371099999807e+01,-4.634414567099999971e+01,-2.951235302199999921e+01,-5.186443723200000022e+01,-2.240010186900000022e+01
4.152072072100000177e+00,-3.942873741799999721e+01,-4.744940772300000020e+01,-2.933208951700000000e+01,-5.395556351599999800e+01,-2.289612805699999853e+01
4.172082082100000200e+00,-4.103415208399999869e+01,-4.908890925000000038e+01,-2.893704040700000135e+01,-5.563674198999999732e+01,-2.325903302800000105e+01
4.192092092100000222e+00,-4.085993227400000194e+01,-4.597520837599999766e+01,-2.865538541500000136e+01,-5.774223178799999801e+01,-2.384504640000000109e+01
4.212102102100000245e+00,-4.275294923900000299e+01,-4.645579186700000207e+01,-2.942818038800000124e+01,-5.674052111799999665e+01,-2.431310593199999914e+01
4.232112112100000267e+00,-4.233373024299999798e+01,-4.416960430400000348e+01,-2.975799044800000104e+01,-5.451881824200000182e+01,-2.509037712499999984e+01
4.252122122100000290e+00,-4.402835855099999662e+01,-4.676244991400000117e+01,-2.959780014000000037e+01,-5.558994045699999731e+01,-2.557394657200000054e+01
4.272132132100000312e+00,-4.491842713100000140e+01,-4.635894031600000176e+01,-2.966510150099999876e+01,-5.847492945300000144e+01,-2.621939859500000125e+01
4.292142142100000335e+00,-4.621614727499999731e+01,-4.639009706899999941e+01,-2.978941746099999932e+01,-6.095147080299999942e+01,-2.653600934700000025e+01
4.312152152199999477e+00,-4.814391350999999730e+01,-4.543810533799999973e+01,-3.131936454399999903e+01,-6.685717475100000229e+01,-2.708979116100000084e+01
4.332162162199999500e+00,-4.631594291399999719e+01,-4.580369867900000003e+01,-3.155646080400000031e+01,-5.537484779799999757e+01,-2.731149126700000096e+01
4.352172172199999522e+00,-4.775246202400000328e+01,-4.817998874999999970e+01,-3.186025907499999832e+01,-6.580473653299999626e+01,-2.757946454600000052e+01
4.372182182199999545e+00,-4.449019568199999952e+01,-4.493944271200000173e+01,-3.270486030499999686e+01,-6.169549713800000035e+01,-2.763453361399999864e+01
4.392192192199999567e+00,-4.582521867700000229e+01,-4.732735698900000187e+01,-3.280333392400000037e+01,-5.714367935799999998e+01,-2.770550910200000061e+01
4.412202202199999590e+00,-4.558828145100000029e+01,-4.510401370700000001e+01,-3.375918053400000218e+01,-5.649753142699999842e+01,-2.756910299000000109e+01
4.432212212199999612e+00,-4.319052922800000260e+01,-4.301524598299999980e+01,-3.452710208999999963e+01,-5.964924215300000299e+01,-2.732499705700000092e+01
4.452222222199999635e+00,-4.464011490000000038e+01,-4.530827628000000118e+01,-3.419902644700000138e+01,-5.588563127300000133e+01,-2.681859317600000026e+01
4.472232232199999657e+00,-4.375660515799999928e+01,-4.719787851099999898e+01,-3.380276874399999798e+01,-6.772524834499999713e+01,-2.633063701300000048e+01
4.492242242199999680e+00,-4.366391311200000303e+01,-4.561151743399999958e+01,-3.353638304100000056e+01,-5.781057022299999915e+01,-2.596257937100000035e+01
4.512252252300000599e+00,-4.191842596499999729e+01,-4.635343652000000247e+01,-3.423955953400000141e+01,-6.483384785100000158e+01,-2.539963022499999923e+01
4.532262262300000621e+00,-4.155209122699999824e+01,-4.576240909500000242e+01,-3.452184676699999955e+01,-5.713412872199999981e+01,-2.498661213000000103e+01
4.552272272299999756e+00,-4.113055012299999902e+01,-4.621737425799999954e+01,-3.395730793399999925e+01,-5.579554296500000277e+01,-2.459670728100000048e+01
4.572282282299999778e+00,-4.023965914400000088e+01,-4.489634136000000098e+01,-3.334503043800000199e+01,-5.306824616499999792e+01,-2.418515573199999835e+01
4.592292292299999801e+00,-4.217815497899999855e+01,-4.474124360500000108e+01,-3.342444917400000293e+01,-6.057247144499999791e+01,-2.446074011299999995e+01
4.612302302299999823e+00,-3.993199110999999846e+01,-4.490870272499999771e+01,-3.263466052199999723e+01,-5.386119076100000314e+01,-2.406451618399999859e+01
4.632312312299999846e+00,-3.945456886200000213e+01,-4.438911829399999931e+01,-3.339209067699999878e+01,-5.178537701199999788e+01,-2.425552842400000131e+01
4.652322322299999868e+00,-3.996699719400000106e+01,-4.714399442999999934e+01,-3.255410298999999696e+01,-5.483439592599999912e+01,-2.401891429300000169e+01
4.672332332299999891e+00,-4.048313905399999868e+01,-4.225470001800000119e+01,-3.214690832600000192e+01,-5.807057802900000354e+01,-2.399430518400000167e+01
4.692342342299999913e+00,-4.007291344099999719e+01,-4.312973852100000016e+01,-3.185011402599999997e+01,-4.983342767599999945e+01,-2.367013035900000162e+01
4.712352352399999944e+00,-4.046714747099999698e+01,-4.127125386200000179e+01,-3.130264130000000122e+01,-5.007135777399999910e+01,-2.348875745200000154e+01
4.732362362399999967e+00,-4.056356003999999871e+01,-4.637888065700000340e+01,-3.127131789499999925e+01,-4.786134419900000125e+01,-2.270567184300000108e+01
4.752372372399999989e+00,-3.952051442999999864e+01,-4.318609568099999763e+01,-3.083797278400000152e+01,-4.878809695199999652e+01,-2.241585894099999976e+01
4.772382382400000012e+00,-4.038514460399999706e+01,-4.255785795900000323e+01,-3.030471784799999924e+01,-5.054499836899999821e+01,-2.201462406899999991e+01
4.792392392400000034e+00,-3.930299419300000352e+01,-4.370892915900000020e+01,-2.965507222300000123e+01,-5.082760412599999711e+01,-2.185028997399999895e+01
4.812402402400000057e+00,-3.978961003599999913e+01,-4.231736194100000148e+01,-2.984546363899999832e+01,-4.768604411599999793e+01,-2.135026334699999850e+01
4.832412412399999191e+00,-3.876132801100000336e+01,-4.358052470599999850e+01,-2.919793818899999849e+01,-4.925907040199999898e+01,-2.116658107099999953e+01
4.852422422399999213e+00,-3.944861283299999855e+01,-4.228428359000000114e+01,-2.952971671599999937e+01,-5.172739006900000192e+01,-2.079672102600000017e+01
4.872432432399999236e+00,-3.983220749899999902e+01,-4.123402033699999691e+01,-2.884630563800000047e+01,-5.168260771399999953e+01,-2.057457592500000132e+01
4.892442442399999258e+00,-4.006408702099999886e+01,-4.048731207400000187e+01,-2.831494603699999857e+01,-4.740201779899999934e+01,-2.038227609100000137e+01
4.912452452500000177e+00,-4.115444730499999793e+01,-4.000997432300000156e+01,-2.745411705100000077e+01,-4.807478501800000004e+01,-2.013658948899999857e+01
4.932462462500000200e+00,-4.218797793000000240e+01,-3.987245984500000162e+01,-2.801272828400000137e+01,-4.664087743500000016e+01,-1.992024561099999858e+01
4.952472472500000222e+00,-4.079685501200000175e+01,-4.074293490800000228e+01,-2.731108553400000005e+01,-4.975398902799999945e+01,-1.989391043099999834e+01
4.972482482500000245e+00,-4.102947306899999802e+01,-4.296094630399999659e+01,-2.691462289100000049e+01,-4.603684926999999760e+01,-1.975362831300000011e+01
4.992492492500000267e+00,-3.994776128299999840e+01,-4.264123193500000042e+01,-2.649312000100000120e+01,-4.696286148600000132e+01,-1.991049226599999855e+01
5.012502502500000290e+00,-3.754245493199999828e+01,-3.940064484799999889e+01,-2.607664980799999910e+01,-4.840559288099999691e+01,-2.008829623700000155e+01
5.032512512500000312e+00,-3.898317597799999845e+01,-3.975278878799999660e+01,-2.600771239699999882e+01,-4.834148728499999947e+01,-2.040795009800000059e+01
5.052522522500000335e+00,-3.775948126600000165e+01,-3.909839374900000308e+01,-2.573313575299999911e+01,-4.959128627399999800e+01,-2.055273681999999980e+01
5.072532532500000357e+00,-3.812307594199999983e+01,-3.912122811399999733e+01,-2.538017519399999955e+01,-5.007701440099999957e+01,-2.101847386600000078e+01
5.092542542500000380e+00,-3.757742947900000274e+01,-3.886234911599999720e+01,-2.457491457000000068e+01,-5.398096210100000292e+01,-2.139165930300000085e+01
5.112552552600000411e+00,-3.846159729299999697e+01,-3.780073787199999913e+01,-2.479628822700000157e+01,-4.807435722200000328e+01,-2.221528781099999961e+01
5.132562562600000433e+00,-3.916472394200000195e+01,-3.715965392700000081e+01,-2.443844068699999994e+01,-5.106404059700000175e+01,-2.272756820000000033e+01
5.152572572600000456e+00,-3.801163197000000338e+01,-3.628096325100000286e+01,-2.459297375999999957e+01,-4.746333479399999788e+01,-2.368242629399999899e+01
5.172582582600000478e+00,-4.037838553600000324e+01,-3.644748938699999741e+01,-2.453764610900000065e+01,-4.830394912100000226e+01,-2.475893447600000030e+01
5.192592592600000501e+00,-3.883415928800000216e+01,-3.773623082400000328e+01,-2.457213529899999926e+01,-4.903720402100000086e+01,-2.566429246299999889e+01
5.212602602600000523e+00,-4.161666155599999684e+01,-3.659301808499999709e+01,-2.421316075000000012e+01,-4.954214291699999961e+01,-2.696224625600000024e+01
5.232612612600000546e+00,-4.273035868899999912e+01,-3.546303884900000014e+01,-2.409304663800000057e+01,-4.807210854299999880e+01,-2.839984437300000053e+01
5.252622622600000568e+00,-4.043953106699999722e+01,-3.508115299600000014e+01,-2.467024825500000063e+01,-4.928119588900000281e+01,-2.948597891800000070e+01
5.272632632600000591e+00,-4.506154012999999736e+01,-3.731443930900000083e+01,-2.441334953599999835e+01,-4.953140101000000328e+01,-3.039514733600000085e+01
5.292642642600000613e+00,-4.231632748999999905e+01,-3.778256093200000265e+01,-2.457954830599999951e+01,-4.790206556799999760e+01,-3.062288816199999886e+01
5.312652652699999756e+00,-4.547703055600000255e+01,-3.827463045100000016e+01,-2.451600217500000056e+01,-5.488678076499999747e+01,-3.051510135699999893e+01
5.332662662699999778e+00,-4.409295683500000251e+01,-3.850541764799999811e+01,-2.457334501300000085e+01,-4.943454645599999964e+01,-3.080852722699999902e+01
5.352672672699999801e+00,-5.375236413300000038e+01,-3.969334963000000016e+01,-2.422243710900000124e+01,-4.937294960100000196e+01,-3.054052836700000029e+01
5.372682682699999823e+00,-4.697926379300000121e+01,-3.991451615599999769e+01,-2.444108693800000154e+01,-5.391616914699999796e+01,-3.063876878900000023e+01
5.392692692699999846e+00,-4.989187346199999951e+01,-3.963836319199999991e+01,-2.408562388900000073e+01,-4.977508948399999866e+01,-3.076489446400000105e+01
5.412702702699999868e+00,-5.045553629100000137e+01,-4.085729987799999918e+01,-2.436670793900000120e+01,-5.184644941100000182e+01,-2.942691075999999839e+01
5.432712712699999891e+00,-5.568873800400000107e+01,-4.244917262799999946e+01,-2.396786980599999950e+01,-5.220198310899999683e+01,-2.906474952399999978e+01
5.452722722699999913e+00,-5.010777571900000282e+01,-4.492023312500000287e+01,-2.384992911100000157e+01,-5.003248829300000011e+01,-2.877238949099999843e+01
5.472732732699999936e+00,-5.894922711600000298e+01,-4.349362861499999866e+01,-2.376234987200000148e+01,-5.056595159799999806e+01,-2.818110112800000167e+01
5.492742742699999958e+00,-6.265405208899999678e+01,-4.239957436099999910e+01,-2.390605007499999957e+01,-5.177371591899999714e+01,-2.748428399000000155e+01
5.512752752799999989e+00,-4.991719532900000189e+01,-4.804038386500000257e+01,-2.383979944100000026e+01,-5.789229530699999771e+01,-2.707203252700000107e+01
5.532762762800000012e+00,-5.598326675700000266e+01,-4.237678325499999943e+01,-2.381720215900000071e+01,-5.995070192000000020e+01,-2.659528054200000113e+01
5.552772772800000034e+00,-4.837612117100000120e+01,-4.402725591299999763e+01,-2.378972817500000048e+01,-5.376395521999999971e+01,-2.629884626100000133e+01
5.572782782800000057e+00,-6.588277037100000655e+01,-4.722802203100000185e+01,-2.392466587499999875e+01,-5.673017948999999760e+01,-2.586182808499999908e+01
5.592792792800000079e+00,-5.564689580900000010e+01,-4.766388207100000329e+01,-2.390850877800000163e+01,-5.816239867200000191e+01,-2.561925692799999865e+01
5.612802802800000102e+00,-5.044402165200000354e+01,-4.508831507000000016e+01,-2.386385534000000064e+01,-5.172271478199999706e+01,-2.510759156700000005e+01
5.632812812800000124e+00,-4.982186674399999760e+01,-4.334549106499999738e+01,-2.392218412500000113e+01,-5.056105221600000021e+01,-2.536010669599999900e+01
5.652822822800000147e+00,-4.997363940799999682e+01,-4.498498104800000164e+01,-2.385122258299999842e+01,-5.376397401999999914e+01,-2.518088408299999870e+01
5.672832832800000169e+00,-5.131033645200000137e+01,-4.495235792799999786e+01,-2.412844560899999991e+01,-5.577115911599999976e+01,-2.489181775000000130e+01
5.692842842800000192e+00,-4.762575011900000277e+01,-4.347616900799999939e+01,-2.454304551199999906e+01,-8.422630843800000378e+01,-2.484159144699999899e+01
5.712852852899999334e+00,-4.566648159300000032e+01,-4.352552417399999740e+01,-2.427877103599999842e+01,-5.244507144600000004e+01,-2.501966962399999872e+01
5.732862862899999357e+00,-5.689553614399999759e+01,-4.185870298500000075e+01,-2.450384178799999901e+01,-5.682435355100000152e+01,-2.512089010400000078e+01
5.752872872899999379e+00,-4.904750687599999992e+01,-4.376955360299999853e+01,-2.490945335099999980e+01,-7.198203543900000057e+01,-2.523914653599999980e+01
5.772882882899999402e+00,-5.251156574800000243e+01,-4.087348807800000117e+01,-2.539314509600000136e+01,-5.113942390500000101e+01,-2.552877504699999989e+01
5.792892892899999424e+00,-4.913724777400000221e+01,-3.865525546300000315e+01,-2.542644209299999858e+01,-5.518267835900000051e+01,-2.533096269500000020e+01
5.812902902899999447e+00,-4.833850132999999971e+01,-3.819966239000000030e+01,-2.632378088999999832e+01,-5.834346567899999769e+01,-2.593416776200000129e+01
5.832912912899999469e+00,-4.808982798899999977e+01,-3.750299304600000028e+01,-2.656733463000000128e+01,-5.978183295200000202e+01,-2.603455981600000158e+01
5.852922922899999492e+00,-4.422585189000000128e+01,-3.579766095000000092e+01,-2.705744523899999976e+01,-5.451970444300000196e+01,-2.639425255200000109e+01
5.872932932899999514e+00,-4.947201750199999992e+01,-3.499993136999999876e+01,-2.750268598499999939e+01,-6.250953732800000040e+01,-2.655739449200000024e+01
5.892942942899999537e+00,-5.103236317799999711e+01,-3.598167302499999920e+01,-2.853405884100000023e+01,-6.153177586500000018e+01,-2.673986526899999916e+01
5.912952952999999567e+00,-4.756812950399999806e+01,-3.416764509099999714e+01,-2.872006407599999989e+01,-5.661344561399999975e+01,-2.702904902099999873e+01
5.932962962999999590e+00,-4.832882114200000245e+01,-3.353640771199999904e+01,-3.039651911300000009e+01,-5.622203187899999932e+01,-2.731098657600000124e+01
5.952972972999999612e+00,-5.173671205099999781e+01,-3.350639223700000002e+01,-3.098174544100000105e+01,-5.778454762500000186e+01,-2.702032317700000164e+01
5.972982982999999635e+00,-4.888826311799999758e+01,-3.196590448499999937e+01,-3.230814617499999741e+01,-6.297111632400000047e+01,-2.705982781100000167e+01
5.992992992999999657e+00,-6.078727791299999694e+01,-3.225989510499999824e+01,-3.408753525499999881e+01,-5.147890459500000304e+01,-2.629004275999999862e+01
6.013003002999999680e+00,-4.848181136200000196e+01,-3.229843206400000355e+01,-3.481414253100000167e+01,-4.921334722299999953e+01,-2.602220290800000058e+01
6.033013012999999702e+00,-4.678007593099999895e+01,-3.203751373099999711e+01,-3.729145478800000291e+01,-5.291885084900000180e+01,-2.584551274400000054e+01
6.053023022999999725e+00,-5.608530369799999704e+01,-3.138026050799999922e+01,-3.816310525600000148e+01,-5.649431495599999664e+01,-2.486391159000000073e+01
6.073033032999999747e+00,-4.455884767500000265e+01,-3.001851883699999846e+01,-4.130944306100000318e+01,-4.859461807699999980e+01,-2.451991634699999878e+01
6.093043042999999770e+00,-5.091162382899999983e+01,-3.084303530400000071e+01,-4.610112381300000095e+01,-4.619572942300000307e+01,-2.382435471100000157e+01
6.113053053100000689e+00,-5.013289293399999735e+01,-3.066040545399999928e+01,-4.488438923500000044e+01,-4.687508221000000219e+01,-2.314097663800000149e+01
6.133063063100000711e+00,-4.856058212899999660e+01,-3.012508748500000166e+01,-4.533390061200000076e+01,-4.796972572600000007e+01,-2.241996074400000083e+01
6.153073073100000734e+00,-4.476153579799999704e+01,-3.000976980800000149e+01,-4.763586455200000103e+01,-4.875071843799999982e+01,-2.199134091599999863e+01
6.173083083100000756e+00,-4.434842776400000020e+01,-2.940711058100000130e+01,-4.178598091700000339e+01,-4.501132387900000253e+01,-2.155224940400000122e+01
6.193093093100000779e+00,-4.388147793099999916e+01,-3.014806971399999824e+01,-4.419684856899999659e+01,-4.428303766599999847e+01,-2.122074103699999981e+01
6.213103103100000801e+00,-4.266021168999999702e+01,-3.017483896499999929e+01,-3.968265486399999986e+01,-4.523976682299999652e+01,-2.081826896400000138e+01
6.233113113100000824e+00,-4.215301993799999991e+01,-3.001734517999999952e+01,-3.896947671299999882e+01,-4.412379729999999967e+01,-2.062273534799999908e+01
6.253123123099999958e+00,-4.320167320400000222e+01,-2.912489180800000099e+01,-3.798943504599999699e+01,-4.483955973100000136e+01,-2.050415849999999907e+01
6.273133133099999981e+00,-4.739314496800000143e+01,-2.972869436699999923e+01,-3.852699549500000131e+01,-4.437233095399999883e+01,-2.034242822699999920e+01
6.293143143100000003e+00,-4.536864744999999743e+01,-2.921713581299999873e+01,-3.730220698699999815e+01,-4.734704331599999705e+01,-2.039087727100000080e+01
6.313153153200000034e+00,-4.589347715499999936e+01,-2.881955971200000022e+01,-3.635812872799999695e+01,-4.605907120199999838e+01,-2.062877460800000051e+01
6.333163163200000056e+00,-4.453771025900000069e+01,-2.861521508799999935e+01,-3.651938057400000304e+01,-5.321967552000000268e+01,-2.078554336699999894e+01
6.353173173200000079e+00,-4.492740544499999800e+01,-2.951000622899999826e+01,-3.589521433600000222e+01,-4.734690956400000061e+01,-2.109282827599999877e+01
6.373183183200000101e+00,-4.831249749900000268e+01,-2.873614057600000038e+01,-3.455618162199999688e+01,-4.607850272000000302e+01,-2.119771641799999884e+01
6.393193193200000124e+00,-4.161577312000000006e+01,-2.882517599999999902e+01,-3.358367867399999795e+01,-4.588679481100000146e+01,-2.121430720500000078e+01
6.413203203200000146e+00,-4.246022382999999678e+01,-2.804374650400000135e+01,-3.299748929500000116e+01,-4.095527580699999959e+01,-2.128041237800000118e+01
6.433213213200000169e+00,-4.386964367600000259e+01,-2.855868027500000039e+01,-3.272123980899999651e+01,-4.248500540199999875e+01,-2.138267803700000158e+01
6.453223223200000191e+00,-4.424433136500000074e+01,-2.804904791399999908e+01,-3.178674994200000015e+01,-4.193251304099999999e+01,-2.142127328100000128e+01
6.473233233200000214e+00,-4.270586076499999706e+01,-2.841658277000000155e+01,-3.166438495399999908e+01,-4.096159278999999742e+01,-2.109626750299999998e+01
6.493243243200000236e+00,-4.173121277900000337e+01,-2.885739592699999889e+01,-3.141200240099999874e+01,-4.104400717400000076e+01,-2.097453973000000005e+01
6.513253253300000267e+00,-4.167811904500000253e+01,-2.791214238699999939e+01,-3.117902746300000061e+01,-4.173330972299999786e+01,-2.085555854800000120e+01
6.533263263300000290e+00,-4.022173255100000233e+01,-2.863499496000000022e+01,-3.012656790100000137e+01,-4.084754509500000097e+01,-2.074394482399999973e+01
6.553273273300000312e+00,-4.418605762600000020e+01,-2.864966340499999831e+01,-2.928438006400000049e+01,-3.988393848100000127e+01,-2.074256909300000018e+01
6.573283283300000335e+00,-4.101771491000000225e+01,-2.848376749799999885e+01,-2.889222399999999880e+01,-3.899378935000000013e+01,-2.059483809600000015e+01
6.593293293300000357e+00,-4.091984877800000220e+01,-2.833265277399999960e+01,-2.859176816200000104e+01,-3.811416621200000066e+01,-2.067336676600000089e+01
6.613303303300000380e+00,-3.859448946500000233e+01,-2.902345743900000130e+01,-2.731923732299999941e+01,-3.956707045099999931e+01,-2.078464616400000153e+01
6.633313313300000402e+00,-4.094305973200000182e+01,-2.909485125999999866e+01,-2.702238813199999967e+01,-3.859365700099999685e+01,-2.096422482399999865e+01
6.653323323300000425e+00,-3.980244317100000018e+01,-2.875543075799999926e+01,-2.651222207200000014e+01,-3.916219305399999939e+01,-2.094050638599999914e+01
6.673333333300000447e+00,-3.916137584599999855e+01,-2.875279638800000015e+01,-2.580950343199999963e+01,-3.928720208099999667e+01,-2.128208811700000069e+01
6.693343343300000470e+00,-3.974993876999999998e+01,-3.014700522100000057e+01,-2.568194957400000078e+01,-3.886697096599999668e+01,-2.165956640499999963e+01
6.713353353399999612e+00,-4.056745971699999842e+01,-3.024841637000000105e+01,-2.486770509300000143e+01,-3.785668428599999658e+01,-2.204281593600000022e+01
6.733363363399999635e+00,-3.945442963200000008e+01,-3.048702004800000154e+01,-2.444273611499999888e+01,-3.860456907799999726e+01,-2.284560018599999864e+01
6.753373373399999657e+00,-4.183398099299999728e+01,-3.051831865899999841e+01,-2.396168314799999877e+01,-3.789984328500000288e+01,-2.326326708499999896e+01
6.773383383399999680e+00,-3.963100799600000101e+01,-3.086602418100000023e+01,-2.357733985999999859e+01,-3.929321305900000283e+01,-2.339643553299999823e+01
6.793393393399999702e+00,-3.904980420199999713e+01,-3.095839375999999987e+01,-2.366161014000000051e+01,-3.871642527699999903e+01,-2.391777052500000167e+01
6.813403403399999725e+00,-3.882431845299999651e+01,-3.136675983599999995e+01,-2.340452197100000120e+01,-3.907887146099999853e+01,-2.458615807199999992e+01
6.833413413399999747e+00,-3.930222880099999827e+01,-3.094825054700000067e+01,-2.334567011500000078e+01,-3.889312692400000060e+01,-2.498672128500000156e+01
6.853423423399999770e+00,-3.694599168199999895e+01,-3.041035426399999864e+01,-2.308582048099999895e+01,-3.932111882800000302e+01,-2.502245497599999879e+01
6.873433433399999792e+00,-3.602156553300000041e+01,-2.993636683600000126e+01,-2.312018469299999879e+01,-3.861391331899999813e+01,-2.556669922300000053e+01
6.893443443399999815e+00,-3.574391119999999944e+01,-2.919735777100000007e+01,-2.297423158899999862e+01,-4.034097774300000339e+01,-2.598740925499999932e+01
6.913453453499999846e+00,-3.591050855799999653e+01,-2.883150468199999850e+01,-2.322386726599999918e+01,-3.899104569099999651e+01,-2.607848356099999876e+01
6.933463463499999868e+00,-3.575286110300000075e+01,-2.918721243299999912e+01,-2.316787026800000149e+01,-3.989808934399999885e+01,-2.580725637500000147e+01
6.953473473499999891e+00,-3.390187495100000348e+01,-2.799857495999999912e+01,-2.295351345699999968e+01,-3.923230831800000118e+01,-2.560562088700000061e+01
6.973483483499999913e+00,-3.348035552200000353e+01,-2.892999942699999849e+01,-2.311231448499999885e+01,-4.001700140100000169e+01,-2.561350748999999993e+01
6.993493493499999936e+00,-3.391112134400000144e+01,-2.726050870699999962e+01,-2.320159569100000141e+01,-3.948580017300000122e+01,-2.522895991700000096e+01
7.013503503499999958e+00,-3.401289417699999973e+01,-2.788395997800000004e+01,-2.330277754200000118e+01,-3.946107928400000020e+01,-2.514124793999999952e+01
7.033513513499999981e+00,-3.353003350000000182e+01,-2.767104232100000161e+01,-2.323243114099999929e+01,-3.869056048600000253e+01,-2.470074843900000161e+01
7.053523523500000003e+00,-3.379762396800000346e+01,-2.687819963700000159e+01,-2.321505257700000158e+01,-4.143186608199999910e+01,-2.439552133700000169e+01
7.073533533500000026e+00,-3.480341192699999908e+01,-2.666353797900000089e+01,-2.321257504900000157e+01,-3.965026916299999726e+01,-2.415242422200000050e+01
7.093543543500000048e+00,-3.376547313999999744e+01,-2.647872561399999825e+01,-2.335326570300000171e+01,-3.915292978099999743e+01,-2.402246550799999980e+01
7.113553553600000079e+00,-3.314384705100000161e+01,-2.671034494499999923e+01,-2.312858482700000096e+01,-3.807083861499999955e+01,-2.402432968800000168e+01
7.133563563600000101e+00,-3.469968885899999833e+01,-2.714105229999999835e+01,-2.337575014800000162e+01,-3.853442449399999958e+01,-2.383883261200000092e+01
7.153573573600000124e+00,-3.246390069000000267e+01,-2.648337247099999914e+01,-2.313833157299999854e+01,-3.812393469300000248e+01,-2.402713052000000005e+01
7.173583583600000146e+00,-3.638270265900000311e+01,-2.671105700100000035e+01,-2.332720296100000112e+01,-3.772998904100000317e+01,-2.401241708499999916e+01
7.193593593600000169e+00,-3.479042376099999956e+01,-2.668352303200000009e+01,-2.315162877499999894e+01,-3.581812131600000271e+01,-2.430953872699999962e+01
7.213603603600000191e+00,-3.607305052400000278e+01,-2.699630661699999834e+01,-2.294167190699999992e+01,-3.785492442399999646e+01,-2.443516575399999979e+01
7.233613613600000214e+00,-3.660301984000000175e+01,-2.695145152799999977e+01,-2.269573076800000067e+01,-3.674554283599999849e+01,-2.423189311699999848e+01
7.253623623600000236e+00,-3.682996256500000243e+01,-2.721996568599999833e+01,-2.244168941399999895e+01,-3.692810057599999851e+01,-2.465555289799999983e+01
7.273633633600000259e+00,-3.864021740700000151e+01,-2.730469103000000075e+01,-2.232044011300000008e+01,-3.633746598700000163e+01,-2.512456836499999824e+01
7.293643643600000281e+00,-3.801962762600000190e+01,-2.786078277700000072e+01,-2.213791781700000172e+01,-3.641026379600000240e+01,-2.507931521600000124e+01
7.313653653699999424e+00,-4.058242495199999667e+01,-2.809570840900000022e+01,-2.202603225400000042e+01,-3.523575479800000210e+01,-2.531435514700000056e+01
7.333663663699999447e+00,-4.460504762600000106e+01,-2.832581915100000103e+01,-2.172804487899999870e+01,-3.547995841200000200e+01,-2.553463524200000023e+01
7.353673673699999469e+00,-3.959130456900000183e+01,-2.809622939599999825e+01,-2.164364662499999881e+01,-3.699079993200000160e+01,-2.544962672699999828e+01
7.373683683699999492e+00,-4.175604342999999830e+01,-2.862529185400000031e+01,-2.140907633200000149e+01,-3.558874143999999973e+01,-2.606897177700000157e+01
7.393693693699999514e+00,-4.329341013900000235e+01,-2.884434234700000133e+01,-2.127696295300000173e+01,-3.411053931499999692e+01,-2.642474812100000037e+01
7.413703703699999537e+00,-4.229552453200000173e+01,-2.938959677600000120e+01,-2.126741079199999973e+01,-3.521620833699999764e+01,-2.685139969400000126e+01
7.433713713699999559e+00,-4.218023174000000353e+01,-2.921059172300000029e+01,-2.118094461000000095e+01,-3.542098018699999784e+01,-2.731395125999999962e+01
7.453723723699999582e+00,-4.082580912000000239e+01,-2.936084850199999963e+01,-2.105566304299999913e+01,-3.521893864599999802e+01,-2.879526135600000103e+01
7.473733733699999604e+00,-4.164400395799999899e+01,-2.963524171899999970e+01,-2.113714511399999907e+01,-3.490488511600000265e+01,-2.917605143600000162e+01
7.493743743699999627e+00,-3.921308485499999819e+01,-3.015889327100000017e+01,-2.116766348199999825e+01,-3.702654113300000205e+01,-3.065118625399999885e+01
7.513753753800000545e+00,-4.174451559300000270e+01,-3.004237092500000017e+01,-2.108073729399999863e+01,-3.714662996999999933e+01,-3.241743936200000320e+01
7.533763763800000568e+00,-3.865658395100000178e+01,-3.032908665500000112e+01,-2.127493779499999960e+01,-3.694672448899999750e+01,-3.360382581799999713e+01
7.553773773800000590e+00,-4.134506407899999658e+01,-3.023083415900000048e+01,-2.153770432299999982e+01,-3.813669382399999819e+01,-3.496318455200000130e+01
7.573783783800000613e+00,-4.045437187600000328e+01,-3.101665482699999998e+01,-2.176699483299999827e+01,-3.834417836000000079e+01,-3.699943852999999905e+01
7.593793793799999747e+00,-4.053645445299999750e+01,-3.179215337799999830e+01,-2.181994885699999998e+01,-3.802170094499999919e+01,-4.184267879499999765e+01
7.613803803799999770e+00,-3.856208901200000128e+01,-3.331764587299999647e+01,-2.210534754100000043e+01,-3.664082278800000125e+01,-4.113321657200000203e+01
7.633813813799999792e+00,-4.138237256600000080e+01,-3.232607493500000118e+01,-2.244832679900000016e+01,-3.779273318100000267e+01,-4.874873380300000036e+01
7.653823823799999815e+00,-4.073464554499999934e+01,-3.327343522700000022e+01,-2.305808306699999832e+01,-3.730776858099999771e+01,-5.212769457299999942e+01
7.673833833799999837e+00,-4.106390049800000241e+01,-3.280290708799999777e+01,-2.301367156599999930e+01,-3.844239724700000238e+01,-4.919165140199999797e+01
7.693843843799999860e+00,-4.357652034200000202e+01,-3.563932995700000106e+01,-2.348100555599999950e+01,-3.909597017099999761e+01,-4.249578973900000278e+01
7.713853853899999891e+00,-4.030493925900000107e+01,-3.532801534400000065e+01,-2.370260731799999832e+01,-3.769189492499999972e+01,-3.896756429900000285e+01
7.733863863899999913e+00,-4.151313811699999690e+01,-3.555691572100000286e+01,-2.391033802100000116e+01,-3.862070041999999859e+01,-3.866633488000000085e+01
7.753873873899999936e+00,-4.096033911399999994e+01,-3.447249946699999867e+01,-2.429141987099999866e+01,-3.994273023200000239e+01,-3.733086259400000273e+01
7.773883883899999958e+00,-4.569589029699999827e+01,-3.740570691799999992e+01,-2.514763989600000116e+01,-4.013381759600000009e+01,-3.546583167000000003e+01
7.793893893899999981e+00,-4.329825631599999980e+01,-3.452184445500000010e+01,-2.543566650200000012e+01,-3.867435069999999797e+01,-3.534903268000000054e+01
7.813903903900000003e+00,-4.459319774800000147e+01,-3.761848634300000072e+01,-2.568561194400000147e+01,-4.016767329399999653e+01,-3.444025232399999936e+01
7.833913913900000026e+00,-4.645073066700000197e+01,-3.637564297699999827e+01,-2.627728890399999884e+01,-4.020045082800000102e+01,-3.424723151100000251e+01
7.853923923900000048e+00,-4.362613822099999794e+01,-3.992311810399999672e+01,-2.682285202599999963e+01,-3.885897131400000148e+01,-3.251390381299999888e+01
7.873933933899999182e+00,-4.833264280299999882e+01,-4.033367146599999842e+01,-2.755196739799999861e+01,-3.880628497600000060e+01,-3.128729135700000086e+01
7.893943943899999205e+00,-4.133767314300000351e+01,-3.807624478000000323e+01,-2.803462676199999848e+01,-4.129085162399999831e+01,-3.058104252500000086e+01
7.913953954000000124e+00,-4.515526387999999969e+01,-4.329536732399999721e+01,-2.860910581999999991e+01,-4.257016351600000093e+01,-2.997300964300000103e+01
7.933963964000000146e+00,-5.140777663400000108e+01,-4.155882406900000348e+01,-2.863566914800000163e+01,-4.127508056799999991e+01,-2.962240419000000102e+01
7.953973974000000169e+00,-4.750981388600000344e+01,-3.945602494399999927e+01,-2.879979806600000103e+01,-4.148881709500000170e+01,-2.897298795600000076e+01
7.973983984000000191e+00,-4.650858706300000023e+01,-4.007994500899999935e+01,-2.914980530400000092e+01,-4.534136686400000116e+01,-2.897614678500000096e+01
7.993993994000000214e+00,-4.844091874499999761e+01,-3.825567519300000185e+01,-2.935023482300000097e+01,-4.637021491899999859e+01,-2.825968137099999922e+01
8.014004004000000236e+00,-5.586976295000000192e+01,-3.880963340000000272e+01,-2.965417938699999922e+01,-4.654236576299999939e+01,-2.827899032699999893e+01
8.034014014000000259e+00,-4.787299224099999861e+01,-3.837589130100000290e+01,-2.893153809100000018e+01,-4.517055631299999874e+01,-2.763446359099999938e+01
8.054024024000000281e+00,-4.533571927900000276e+01,-3.760706096900000261e+01,-2.914324363700000120e+01,-5.204003313399999797e+01,-2.791391392399999916e+01
8.074034034000000304e+00,-5.053155470800000160e+01,-3.421845720700000015e+01,-2.957044609000000079e+01,-4.829129503000000057e+01,-2.829262180399999949e+01
8.094044044000000326e+00,-4.851526799999999895e+01,-3.640382421900000054e+01,-2.866909828900000079e+01,-5.828866950999999830e+01,-2.768226331900000048e+01
8.114054054100000357e+00,-4.698081111799999832e+01,-3.464417969800000208e+01,-2.840947822800000111e+01,-5.487086623799999785e+01,-2.754015599099999889e+01
8.134064064100000380e+00,-4.544344793399999816e+01,-3.461059661000000176e+01,-2.776903880100000066e+01,-4.931290810200000152e+01,-2.751254979100000142e+01
8.154074074100000402e+00,-4.983686265499999735e+01,-3.702242037700000310e+01,-2.790402797000000135e+01,-4.868192053100000294e+01,-2.732388592799999927e+01
8.174084084100000425e+00,-4.804351997500000238e+01,-3.456309969200000154e+01,-2.776287845699999934e+01,-4.556478615000000332e+01,-2.707578245199999856e+01
8.194094094100000447e+00,-6.333869534200000118e+01,-3.357256377400000247e+01,-2.857592819899999981e+01,-4.584855590800000158e+01,-2.701256886899999898e+01
8.214104104100000470e+00,-4.861381774099999831e+01,-3.494311012000000005e+01,-2.797883817399999984e+01,-5.079049326399999842e+01,-2.718239913600000079e+01
8.234114114100000492e+00,-4.866415333199999793e+01,-3.598957083199999829e+01,-2.869696609400000042e+01,-4.727791581099999974e+01,-2.778846338800000026e+01
8.254124124100000515e+00,-4.384838164300000329e+01,-3.319165475700000201e+01,-2.836382550000000080e+01,-4.604948247600000144e+01,-2.707870462700000047e+01
8.274134134100000537e+00,-5.020736354900000009e+01,-3.585003053399999828e+01,-2.927924321600000113e+01,-4.666674645999999882e+01,-2.732694902000000070e+01
8.294144144100000560e+00,-4.933960359799999651e+01,-3.686447483700000305e+01,-3.068275899700000053e+01,-4.211211947299999991e+01,-2.737438890700000016e+01
8.314154154200000590e+00,-4.205985743000000099e+01,-3.417418709799999732e+01,-3.098606506300000163e+01,-4.159996742999999952e+01,-2.809461312799999888e+01
8.334164164200000613e+00,-5.139121052499999820e+01,-3.825820230600000116e+01,-3.214212966299999863e+01,-4.327457536600000054e+01,-2.769477791899999986e+01
8.354174174200000635e+00,-4.959134017400000261e+01,-3.948264735200000075e+01,-3.293235999899999911e+01,-4.314871936200000135e+01,-2.854684578499999859e+01
8.374184184200000658e+00,-4.601110042199999839e+01,-4.068645431699999904e+01,-3.323257114799999812e+01,-4.072252283400000294e+01,-2.873851272299999948e+01
8.394194194200000680e+00,-4.989307313500000163e+01,-3.719533762500000051e+01,-3.640641330900000128e+01,-4.342594318700000144e+01,-2.951776225400000087e+01
8.414204204199998927e+00,-5.209687056399999960e+01,-4.007630875899999978e+01,-3.448841238100000339e+01,-4.306160783299999650e+01,-3.041971143399999988e+01
8.434214214199998949e+00,-5.030663379800000001e+01,-4.388208309499999871e+01,-3.652715256700000168e+01,-4.355076121599999794e+01,-3.056133472799999851e+01
8.454224224199998972e+00,-4.898555000500000034e+01,-4.394233154900000216e+01,-3.693991389499999656e+01,-4.459228547600000070e+01,-3.179319196499999833e+01
8.474234234199998994e+00,-5.343920539399999825e+01,-4.659550689200000306e+01,-3.632930527700000312e+01,-4.485552321800000186e+01,-3.268503417099999808e+01
8.494244244199999017e+00,-4.872653408800000108e+01,-4.245849253000000090e+01,-3.634008150199999676e+01,-4.633588475900000248e+01,-3.433115027299999866e+01
8.514254254300000824e+00,-5.214691479999999757e+01,-4.691097701300000011e+01,-3.613150987800000280e+01,-4.636165877199999841e+01,-3.531975560200000075e+01
8.534264264300000846e+00,-4.837823800299999988e+01,-4.530424798500000350e+01,-3.614303402200000193e+01,-4.686717231200000100e+01,-3.375534553100000323e+01
8.554274274300000869e+00,-4.429277643900000072e+01,-4.710094672000000315e+01,-3.626377688899999896e+01,-4.326203523200000234e+01,-3.368591004499999997e+01
8.574284284300000891e+00,-4.305302919199999678e+01,-4.293428218799999740e+01,-3.490241690799999930e+01,-4.318019553399999921e+01,-3.246847235300000278e+01
8.594294294299999137e+00,-4.650957445499999920e+01,-4.203902282699999660e+01,-3.818516941499999717e+01,-4.146713536499999719e+01,-3.146370714500000076e+01
8.614304304299999160e+00,-4.007029184200000316e+01,-4.372910612999999813e+01,-3.824939944900000199e+01,-4.562289287400000148e+01,-3.211653034599999756e+01
8.634314314299999182e+00,-4.987184714499999671e+01,-4.860875217099999901e+01,-3.916512480299999766e+01,-4.255505029900000125e+01,-3.112790388699999866e+01
8.654324324299999205e+00,-5.116078783100000038e+01,-4.123572571599999748e+01,-4.299600818799999757e+01,-3.763010547500000058e+01,-3.080289858300000105e+01
8.674334334299999227e+00,-5.184059813700000063e+01,-4.769936066999999724e+01,-4.177285455900000244e+01,-3.850903369499999940e+01,-3.010409964999999843e+01
8.694344344299999250e+00,-5.175603448199999690e+01,-5.245582154600000280e+01,-4.354889123400000273e+01,-3.735467979300000252e+01,-3.075245689200000143e+01
8.714354354399999281e+00,-5.135386331000000126e+01,-4.762829357999999758e+01,-4.283376221299999997e+01,-3.854280531999999937e+01,-3.025105592299999913e+01
8.734364364399999303e+00,-4.553636382599999877e+01,-5.651744490699999801e+01,-4.302615269700000056e+01,-3.707763193400000290e+01,-2.969531317899999934e+01
8.754374374399999326e+00,-4.429667119900000216e+01,-5.051943475200000222e+01,-3.922261921100000137e+01,-3.502242824599999693e+01,-3.132888004999999865e+01
8.774384384399999348e+00,-4.152048969599999850e+01,-4.991260469200000216e+01,-3.584263882100000131e+01,-3.661652545300000128e+01,-3.101054249299999910e+01
8.794394394399999371e+00,-3.872377002900000065e+01,-4.648477004400000112e+01,-3.384041127300000085e+01,-3.572184304499999996e+01,-3.101191300500000025e+01
8.814404404399999393e+00,-3.838625880299999693e+01,-4.794497503000000194e+01,-3.578901328999999976e+01,-3.531650982699999730e+01,-3.120968175599999839e+01
8.834414414399999416e+00,-3.855369252599999896e+01,-4.213059721599999818e+01,-3.253484359000000126e+01,-3.530259135400000048e+01,-3.092951017100000044e+01
8.854424424399999438e+00,-3.733193643799999961e+01,-3.998995320899999939e+01,-3.062905501299999855e+01,-3.417523906299999936e+01,-3.040634380999999919e+01
8.874434434399999461e+00,-3.757611185300000045e+01,-4.456249699800000030e+01,-2.977564068699999922e+01,-3.527388133200000198e+01,-3.091860916299999928e+01
8.894444444399999483e+00,-3.566231250999999958e+01,-4.202884164499999997e+01,-2.997412510499999883e+01,-3.494710500800000119e+01,-3.133937842199999935e+01
8.914454454499999514e+00,-3.557185410499999989e+01,-3.628631290399999898e+01,-2.930074923500000139e+01,-3.548514784500000019e+01,-3.226267165000000148e+01
8.934464464499999536e+00,-3.407806708700000087e+01,-3.701532190100000008e+01,-2.832020396200000079e+01,-3.439515329500000007e+01,-3.156224195400000099e+01
8.954474474499999559e+00,-3.383481579000000039e+01,-3.631461059200000108e+01,-2.786795858199999998e+01,-3.374840133200000025e+01,-3.336085309300000290e+01
8.974484484499999581e+00,-3.441833332499999898e+01,-3.594543188099999753e+01,-2.810733498800000163e+01,-3.496760716899999721e+01,-3.412561176100000182e+01
8.994494494499999604e+00,-3.563357941000000295e+01,-3.473911837800000058e+01,-2.733040147699999878e+01,-3.376618277200000051e+01,-3.517323747500000053e+01
9.014504504499999626e+00,-3.412405592900000073e+01,-3.554222846999999774e+01,-2.875658777700000002e+01,-3.618045052699999786e+01,-3.774109001400000096e+01
9.034514514499999649e+00,-3.343364619199999765e+01,-3.497928975100000315e+01,-2.780798007299999952e+01,-3.489185411199999720e+01,-3.675616996200000131e+01
9.054524524499999671e+00,-3.299369421299999772e+01,-3.561118749599999944e+01,-2.798808768299999983e+01,-3.569176459500000220e+01,-3.697564688799999999e+01
9.074534534499999694e+00,-3.281004550699999811e+01,-3.817729729399999883e+01,-2.798872266200000070e+01,-3.555773286699999858e+01,-3.870926992999999783e+01
9.094544544499999716e+00,-3.274605678199999659e+01,-3.766800729199999864e+01,-2.810040508100000167e+01,-3.721149049699999978e+01,-3.634021430800000019e+01
9.114554554599999747e+00,-3.201309311699999682e+01,-3.540527323500000279e+01,-2.852781511099999889e+01,-3.487624331800000022e+01,-3.610125322399999703e+01
9.134564564599999770e+00,-3.364987439600000130e+01,-3.337967691899999778e+01,-2.795398329100000012e+01,-3.609472790400000264e+01,-3.417968016500000061e+01
9.154574574599999792e+00,-3.322535420300000197e+01,-3.752340452899999690e+01,-2.866977946300000113e+01,-3.570678118499999698e+01,-3.332168799800000158e+01
9.174584584599999815e+00,-3.233891546099999914e+01,-3.728113273600000355e+01,-2.794948351800000097e+01,-3.593117052000000200e+01,-3.300409934799999689e+01
9.194594594599999837e+00,-3.118400309200000109e+01,-3.686105639899999886e+01,-2.759592079600000147e+01,-3.694713057999999961e+01,-3.057308356400000093e+01
9.214604604599999860e+00,-3.249768823200000156e+01,-3.547205460800000054e+01,-2.863694580299999970e+01,-3.552413357199999666e+01,-3.070037990399999828e+01
9.234614614599999882e+00,-3.180438650500000008e+01,-3.832138499599999903e+01,-2.775300393299999868e+01,-3.954947353099999674e+01,-3.051909226200000091e+01
9.254624624599999905e+00,-3.322064696999999711e+01,-3.982266485400000278e+01,-2.798274485600000006e+01,-3.919275760699999722e+01,-2.888348615499999994e+01
9.274634634599999927e+00,-3.054450546500000030e+01,-3.798681662399999936e+01,-2.838562970299999932e+01,-3.723392532100000096e+01,-2.819512532499999935e+01
9.294644644599999950e+00,-3.229833384900000226e+01,-3.719209931000000324e+01,-2.731626143800000150e+01,-3.793595451499999882e+01,-2.839854412700000097e+01
9.314654654699999980e+00,-3.164995067499999948e+01,-4.061637368099999890e+01,-2.786615174099999948e+01,-3.950624981600000041e+01,-2.757863717000000037e+01
9.334664664700000003e+00,-3.158524267499999993e+01,-3.998800768800000327e+01,-2.837270256800000112e+01,-3.743324135099999950e+01,-2.827960257000000155e+01
9.354674674700000025e+00,-3.352262166700000279e+01,-4.156314903500000213e+01,-2.915614927400000056e+01,-3.734523659900000325e+01,-2.753193753800000110e+01
9.374684684700000048e+00,-3.242666127399999709e+01,-3.896160842100000110e+01,-2.853515939400000079e+01,-3.732514170799999675e+01,-2.790882380600000090e+01
9.394694694700000070e+00,-3.478307786100000243e+01,-4.275424692400000026e+01,-3.021098920200000038e+01,-3.668643388499999958e+01,-2.839963232099999857e+01
9.414704704700000093e+00,-3.340879730999999708e+01,-3.823220547500000066e+01,-3.049387194599999873e+01,-3.942396950900000263e+01,-2.803242972099999974e+01
9.434714714700000115e+00,-3.650079395200000221e+01,-3.875429866000000345e+01,-2.984699502400000171e+01,-3.732456779900000043e+01,-2.767152965700000067e+01
9.454724724700000138e+00,-3.551370299399999908e+01,-4.229001883200000123e+01,-3.288037308999999908e+01,-3.945821843400000262e+01,-2.875286175700000157e+01
9.474734734700000161e+00,-3.526861449199999754e+01,-4.009831433099999742e+01,-3.190006508600000146e+01,-4.048175704599999847e+01,-2.842591391299999870e+01
9.494744744700000183e+00,-3.434897602800000271e+01,-4.553035662799999983e+01,-3.158763598699999875e+01,-3.665766772100000281e+01,-2.825438190799999916e+01
9.514754754799998437e+00,-3.792517143300000271e+01,-3.753349610000000069e+01,-3.308051091200000116e+01,-3.679149059499999908e+01,-2.801319457800000023e+01
9.534764764799998460e+00,-3.797521824999999751e+01,-3.832039023899999819e+01,-3.362193086599999958e+01,-4.096207223199999703e+01,-2.858884047800000161e+01
9.554774774799998482e+00,-4.018782704899999914e+01,-4.243519232999999957e+01,-3.477261567499999728e+01,-3.584001127599999847e+01,-2.879333650199999894e+01
9.574784784799998505e+00,-4.116407702299999727e+01,-3.766943220200000297e+01,-3.477240631200000109e+01,-3.767918311599999726e+01,-2.909582643999999974e+01
9.594794794799998527e+00,-3.608605620099999811e+01,-4.266382813700000298e+01,-3.601879458799999867e+01,-3.758345883100000151e+01,-2.989043858000000142e+01
9.614804804799998550e+00,-4.261570691000000011e+01,-4.276302509399999963e+01,-3.527819453899999758e+01,-4.051763652599999688e+01,-2.958403413499999957e+01
9.634814814799998572e+00,-3.698058910599999649e+01,-3.762858721199999934e+01,-3.621556111600000349e+01,-3.728506336699999935e+01,-3.077938535999999914e+01
9.654824824799998595e+00,-3.896983098300000137e+01,-4.098079750600000182e+01,-3.909926320499999974e+01,-4.104175895299999866e+01,-3.154770370499999999e+01
9.674834834799998617e+00,-3.977308259200000151e+01,-4.010173935600000306e+01,-3.772137723600000214e+01,-3.815947252000000134e+01,-3.100636815600000062e+01
9.694844844799998640e+00,-3.565877090200000055e+01,-4.378115534300000178e+01,-3.687925292500000296e+01,-3.860404115699999750e+01,-3.271393361500000196e+01
9.714854854900000447e+00,-3.752303533300000282e+01,-6.193858591899999766e+01,-3.563851996900000074e+01,-3.824640332900000317e+01,-3.304518569199999689e+01
9.734864864900000470e+00,-3.937552122799999665e+01,-5.150687313299999914e+01,-3.375576226799999802e+01,-3.860858358400000157e+01,-3.113666023600000088e+01
9.754874874900000492e+00,-3.556796317700000287e+01,-4.650466512500000249e+01,-3.811991314800000197e+01,-3.559682957999999786e+01,-3.327993549300000353e+01
9.774884884899998738e+00,-3.550490175499999879e+01,-6.094012753999999887e+01,-3.487534655500000014e+01,-3.580974876500000192e+01,-3.689849961000000178e+01
9.794894894899998761e+00,-3.342229565899999955e+01,-4.738554236200000247e+01,-3.564604014300000046e+01,-3.604176703699999962e+01,-3.710157086800000314e+01
9.814904904899998783e+00,-3.171463003099999867e+01,-4.123388633500000111e+01,-3.343536137499999938e+01,-3.679891633199999745e+01,-3.788506184900000306e+01
9.834914914899998806e+00,-3.214918675599999887e+01,-4.289529452200000037e+01,-3.451169518900000099e+01,-3.313295229700000277e+01,-4.053631202799999755e+01
9.854924924899998828e+00,-3.112984767600000069e+01,-4.319932926399999928e+01,-3.377098694200000040e+01,-3.173649733399999917e+01,-3.511033515500000135e+01
9.874934934899998851e+00,-2.807471775699999839e+01,-3.728561286699999755e+01,-3.374665263100000345e+01,-3.284036835100000218e+01,-4.070945300399999667e+01
9.894944944899998873e+00,-3.173468156899999926e+01,-4.728598198499999938e+01,-3.354656717900000018e+01,-3.162036978700000134e+01,-4.073337921699999953e+01
9.914954955000000680e+00,-2.970632384900000034e+01,-3.895594285699999659e+01,-3.442367970800000165e+01,-3.326371076800000282e+01,-4.058331327900000218e+01
9.934964965000000703e+00,-2.922465249700000101e+01,-4.626706658100000169e+01,-3.368264695999999958e+01,-3.171087706000000139e+01,-3.939359937799999756e+01
9.954974975000000725e+00,-2.827050510999999844e+01,-4.070760409700000082e+01,-3.536830745500000006e+01,-3.129312804999999997e+01,-4.304345807199999996e+01
9.974984985000000748e+00,-2.813198578200000100e+01,-4.036421082700000085e+01,-3.480754506600000298e+01,-3.155990809000000041e+01,-4.404905343099999726e+01
9.994994995000000770e+00,-2.858874335599999839e+01,-5.101167010300000015e+01,-3.594357704800000164e+01,-3.220758449600000262e+01,-5.334666435500000148e+01
1.001500500500000079e+01,-2.930739926900000114e+01,-4.384630572100000023e+01,-3.778271099500000219e+01,-3.349903804800000273e+01,-4.274640076699999724e+01
1.003501501500000082e+01,-2.756432009699999952e+01,-3.939032063300000175e+01,-3.705111969299999686e+01,-3.081033920999999864e+01,-3.988515282400000217e+01
1.005502502500000084e+01,-2.695869422699999873e+01,-4.390782613900000086e+01,-3.886414795999999683e+01,-3.107620288600000080e+01,-4.015826452700000004e+01
1.007503503500000086e+01,-2.748275024899999863e+01,-4.087307548199999729e+01,-3.853432423099999937e+01,-3.032855564799999826e+01,-3.996197132199999658e+01
1.009504504500000088e+01,-2.858970905600000023e+01,-4.288010426999999680e+01,-3.755075604999999683e+01,-3.098545829700000098e+01,-4.372043350900000291e+01
1.011505505499999913e+01,-2.683613061899999863e+01,-4.527235520100000343e+01,-4.910551738400000232e+01,-3.119806496700000054e+01,-4.567710260500000174e+01
1.013506506499999915e+01,-2.694506526600000029e+01,-5.081768119299999853e+01,-3.779937799199999660e+01,-2.976004815299999962e+01,-4.203464103299999977e+01
1.015507507499999917e+01,-2.578587216100000035e+01,-4.838071024799999975e+01,-4.112455273100000142e+01,-2.994272082399999846e+01,-4.516828311799999796e+01
1.017508508499999920e+01,-2.797448617299999896e+01,-4.154463234600000021e+01,-3.870539042499999738e+01,-2.935410188399999853e+01,-4.397920480799999865e+01
1.019509509499999922e+01,-2.801727370300000075e+01,-4.572124450999999823e+01,-4.093618594899999863e+01,-2.966061858400000162e+01,-4.580438027999999662e+01
1.021510510499999924e+01,-2.833901137300000173e+01,-3.725574004700000330e+01,-4.366288215699999853e+01,-3.034766729300000065e+01,-4.568874907699999710e+01
1.023511511499999926e+01,-2.704967892799999873e+01,-4.878581018300000238e+01,-3.966959452900000116e+01,-3.058828069899999846e+01,-4.696513777199999851e+01
1.025512512499999929e+01,-2.629206490600000024e+01,-3.855376069799999783e+01,-4.791728271200000222e+01,-3.123938261099999991e+01,-4.421081940500000229e+01
1.027513513499999931e+01,-2.703993274899999832e+01,-3.902276524700000238e+01,-3.798706919800000037e+01,-2.967027041200000070e+01,-4.163705215400000270e+01
1.029514514499999933e+01,-2.862154373499999949e+01,-4.011722724599999879e+01,-4.160580924700000338e+01,-3.093052130299999902e+01,-4.671726196000000186e+01
1.031515515499999935e+01,-2.665558074400000166e+01,-4.142551679999999692e+01,-4.013834869800000149e+01,-3.157095604999999949e+01,-3.986393252900000306e+01
1.033516516499999938e+01,-2.698749320499999982e+01,-3.889372004900000235e+01,-3.878083872199999860e+01,-3.154798175199999832e+01,-3.655738955799999701e+01
1.035517517499999940e+01,-2.653094735699999873e+01,-3.647991694499999937e+01,-3.787396573699999891e+01,-3.056416164399999857e+01,-3.532425069899999670e+01
1.037518518499999942e+01,-2.744570292199999884e+01,-5.039687257300000311e+01,-4.384028860699999797e+01,-3.362976142600000173e+01,-3.254226258900000346e+01
1.039519519499999944e+01,-2.530483770100000029e+01,-4.434162170599999797e+01,-4.265873526899999746e+01,-3.563036989799999787e+01,-3.313531528099999690e+01
1.041520520499999947e+01,-2.630766213900000139e+01,-4.775473258899999962e+01,-3.721370423599999810e+01,-3.441713572100000107e+01,-3.122195992099999984e+01
1.043521521499999949e+01,-2.538849440399999935e+01,-4.032570557700000080e+01,-4.190927049799999793e+01,-3.579097358799999995e+01,-3.088887169299999869e+01
1.045522522499999951e+01,-2.695229973900000076e+01,-4.212066877200000192e+01,-3.765596124999999716e+01,-3.531177888399999887e+01,-3.092807439499999944e+01
1.047523523499999953e+01,-2.737109912100000031e+01,-5.280261533200000201e+01,-3.886964783700000226e+01,-3.633924134000000095e+01,-3.036979383399999932e+01
1.049524524499999956e+01,-2.512177983000000125e+01,-5.634291427400000174e+01,-3.918311270800000301e+01,-3.743730089700000008e+01,-3.129314047600000137e+01
1.051525525499999958e+01,-2.788113420000000175e+01,-4.048931294799999847e+01,-4.113263911500000347e+01,-3.532586207699999648e+01,-2.842517601600000177e+01
1.053526526499999960e+01,-2.607094730500000068e+01,-3.962608079200000333e+01,-4.484934294100000329e+01,-3.547589731400000090e+01,-2.917553638600000099e+01
1.055527527499999962e+01,-2.748969989800000135e+01,-4.418561831600000289e+01,-3.897458039100000349e+01,-3.645088684800000323e+01,-2.816081003100000046e+01
1.057528528499999965e+01,-2.747532985300000163e+01,-4.347069902399999819e+01,-3.722921466799999735e+01,-3.294083722100000244e+01,-2.785235042800000116e+01
1.059529529499999967e+01,-2.703842849100000123e+01,-3.519923838199999722e+01,-3.840925349700000169e+01,-3.195849308400000055e+01,-2.835116969599999948e+01
1.061530530499999969e+01,-2.781475252599999948e+01,-3.675660565799999802e+01,-4.043272657699999684e+01,-3.108111743899999979e+01,-2.795760139700000124e+01
1.063531531499999971e+01,-2.866101945200000145e+01,-3.669312373700000052e+01,-4.037634018699999672e+01,-2.826802427300000176e+01,-2.714193867199999843e+01
1.065532532499999974e+01,-2.735070019799999841e+01,-3.270470883499999815e+01,-4.156821026000000074e+01,-2.897199565400000054e+01,-2.686157336100000137e+01
1.067533533499999976e+01,-2.839664790000000139e+01,-3.808703779300000036e+01,-4.139063817400000289e+01,-2.818336237000000111e+01,-2.849747104300000089e+01
1.069534534499999978e+01,-3.035324636800000064e+01,-3.307110912000000269e+01,-4.494681490800000034e+01,-2.806998515100000091e+01,-2.808829271700000163e+01
1.071535535499999980e+01,-2.811506564700000155e+01,-3.369909686999999821e+01,-3.657766649900000289e+01,-2.747632693799999970e+01,-2.754617714100000114e+01
1.073536536499999983e+01,-3.002964531699999995e+01,-3.903534790599999837e+01,-4.279961042899999768e+01,-2.799379312599999992e+01,-2.771963167899999902e+01
1.075537537499999985e+01,-2.851183845799999972e+01,-3.553196200099999658e+01,-4.212709545100000241e+01,-2.904925391100000098e+01,-2.655780607100000168e+01
1.077538538499999987e+01,-3.167430762200000061e+01,-3.240484860299999781e+01,-3.907017792700000314e+01,-2.992667013299999823e+01,-2.775018128600000011e+01
1.079539539499999989e+01,-3.016523793500000039e+01,-3.298618082800000195e+01,-4.938776692999999796e+01,-2.776016853200000156e+01,-2.686012647600000136e+01
1.081540540499999992e+01,-3.244074011699999716e+01,-3.480285543000000104e+01,-4.160774252200000234e+01,-2.752859331000000154e+01,-2.609511753600000006e+01
1.083541541499999994e+01,-3.063505157899999887e+01,-4.174599872900000008e+01,-4.176634100599999755e+01,-2.806658268199999995e+01,-2.815003206200000108e+01
1.085542542499999996e+01,-3.217273140100000006e+01,-3.464880897599999798e+01,-4.789512850100000207e+01,-2.775515144799999945e+01,-2.772002265900000140e+01
1.087543543499999998e+01,-2.895959342200000108e+01,-3.640005813300000170e+01,-4.362114384299999870e+01,-2.748316815700000149e+01,-2.803216287700000109e+01
1.089544544500000001e+01,-2.885858123099999872e+01,-3.701435243899999961e+01,-4.067792567099999701e+01,-2.731118642799999918e+01,-2.933659295600000050e+01
1.091545545500000003e+01,-2.833764856899999884e+01,-3.463501073999999846e+01,-4.365220866399999977e+01,-2.588747688200000141e+01,-2.889109824200000176e+01
1.093546546500000005e+01,-2.953662072099999847e+01,-3.840700910399999657e+01,-5.775494855499999858e+01,-2.639838234799999839e+01,-2.886830969700000082e+01
1.095547547500000007e+01,-2.712073060299999838e+01,-3.372772859999999895e+01,-4.215865262700000216e+01,-2.595173355400000048e+01,-2.879819266999999883e+01
1.097548548500000010e+01,-3.236210513799999688e+01,-3.533994569299999711e+01,-3.877029713700000002e+01,-2.555324937600000013e+01,-3.039533203999999955e+01
1.099549549500000012e+01,-2.865523322800000017e+01,-3.619044941500000334e+01,-4.106308343300000274e+01,-2.484354394400000032e+01,-3.018980728200000030e+01
1.101550550600000022e+01,-3.018901739700000064e+01,-3.775122210400000000e+01,-4.051073554799999954e+01,-2.519475690799999867e+01,-3.043026485800000103e+01
1.103551551600000025e+01,-2.779470752699999991e+01,-3.775810139600000070e+01,-3.561657888700000285e+01,-2.507604858899999911e+01,-2.877226523099999866e+01
1.105552552600000027e+01,-2.988692666500000072e+01,-3.382623453600000119e+01,-3.401020524500000164e+01,-2.494604318300000045e+01,-2.866284713599999989e+01
1.107553553600000029e+01,-3.211900698400000209e+01,-3.438195828300000301e+01,-3.366972476200000131e+01,-2.481397376199999982e+01,-2.926112200800000096e+01
1.109554554600000031e+01,-3.132615130699999995e+01,-4.227393208400000191e+01,-3.528619321299999712e+01,-2.561938116800000032e+01,-2.749745523200000008e+01
1.111555555600000034e+01,-3.645875846300000234e+01,-3.744765987099999904e+01,-3.448845044800000181e+01,-2.493575862699999846e+01,-2.721212266199999874e+01
1.113556556600000036e+01,-3.018321789100000174e+01,-3.700951459299999868e+01,-3.250532665299999735e+01,-2.488783925999999980e+01,-2.760262770099999940e+01
1.115557557600000038e+01,-3.371471947500000255e+01,-5.270316184099999646e+01,-3.284901774800000140e+01,-2.534004842899999943e+01,-2.707111711399999976e+01
1.117558558600000040e+01,-2.613238677800000076e+01,-4.257344636500000234e+01,-3.236702932400000066e+01,-2.574959010699999951e+01,-2.691737242800000018e+01
1.119559559600000043e+01,-2.796957778299999831e+01,-3.160540321799999930e+01,-3.098488569799999937e+01,-2.524407989699999888e+01,-2.605408311500000096e+01
1.121560560600000045e+01,-2.988735452899999956e+01,-3.749757298800000171e+01,-3.112462144999999936e+01,-2.513071194600000169e+01,-2.691920473000000058e+01
1.123561561600000047e+01,-3.071530462100000136e+01,-3.972755657799999796e+01,-2.992732855999999941e+01,-2.571169289299999861e+01,-2.616540964700000060e+01
1.125562562600000049e+01,-3.033417488899999981e+01,-3.018624494999999897e+01,-3.118783591400000077e+01,-2.528170885500000153e+01,-2.688700504799999891e+01
1.127563563600000052e+01,-3.226378945300000112e+01,-3.281215461499999719e+01,-3.088528221700000032e+01,-2.517401285400000077e+01,-2.659537149499999842e+01
1.129564564600000054e+01,-2.923883022700000112e+01,-3.454899256499999893e+01,-3.190863557699999831e+01,-2.627011991799999890e+01,-2.502354748100000137e+01
1.131565565600000056e+01,-3.061841617700000029e+01,-3.306477798200000251e+01,-3.042134009899999825e+01,-2.647312141400000129e+01,-2.720460101800000174e+01
1.133566566600000058e+01,-3.087997538400000153e+01,-3.253471940099999671e+01,-3.018779841699999977e+01,-2.726773322600000071e+01,-2.731617492899999888e+01
1.135567567600000061e+01,-3.329479712900000266e+01,-2.992689909899999989e+01,-2.854401373600000014e+01,-2.751013174399999883e+01,-2.749498584199999840e+01
1.137568568600000063e+01,-3.213290932099999964e+01,-3.073623410500000119e+01,-2.864875302000000090e+01,-2.682075472600000055e+01,-2.752171692499999978e+01
1.139569569600000065e+01,-3.237124320400000244e+01,-3.098193497200000124e+01,-3.008674876299999923e+01,-2.732201167799999908e+01,-2.761921818200000089e+01
1.141570570600000067e+01,-3.086772448199999985e+01,-2.912767077599999865e+01,-2.934001823799999897e+01,-2.801110452900000070e+01,-2.831310114400000089e+01
1.143571571600000070e+01,-3.220204026999999769e+01,-3.003027543399999999e+01,-3.030329632300000142e+01,-2.712490777700000066e+01,-2.940203902400000047e+01
1.145572572600000072e+01,-3.631895834800000245e+01,-2.749783286899999979e+01,-2.968404717199999965e+01,-2.737390356299999894e+01,-2.711633540700000111e+01
1.147573573600000074e+01,-3.738964778799999777e+01,-3.849212954699999756e+01,-3.043717946299999966e+01,-2.617679927300000031e+01,-2.837584039100000055e+01
1.149574574600000076e+01,-3.186924232100000154e+01,-3.775630524099999974e+01,-3.271894077799999678e+01,-2.699154290799999956e+01,-2.756730398199999854e+01
1.151575575600000079e+01,-2.945207859699999986e+01,-2.861590332300000128e+01,-3.037714547099999862e+01,-2.749350540700000067e+01,-2.894133570400000011e+01
1.153576576600000081e+01,-3.691651612900000146e+01,-3.763203801800000292e+01,-3.149951176700000133e+01,-2.659261165899999924e+01,-2.892821122599999839e+01
1.155577577600000083e+01,-3.499463627000000088e+01,-3.649992760300000327e+01,-3.400856937799999713e+01,-2.696750538399999897e+01,-2.744683714399999985e+01
1.157578578600000085e+01,-3.428035585300000321e+01,-3.158888575599999982e+01,-3.171114640900000126e+01,-2.562020171800000057e+01,-2.789626091199999891e+01
1.159579579600000088e+01,-3.505600190999999910e+01,-3.710484621700000218e+01,-3.381925198599999760e+01,-2.754901328100000057e+01,-2.761182805600000023e+01
1.161580580599999912e+01,-3.395500996500000213e+01,-3.831000729099999802e+01,-3.600487175300000331e+01,-2.600818094499999944e+01,-2.654359701899999990e+01
1.163581581599999915e+01,-3.703320666199999778e+01,-4.810792974600000349e+01,-3.698008511399999776e+01,-2.523259035299999908e+01,-2.888469100500000053e+01
1.165582582599999917e+01,-3.756791201499999744e+01,-3.801895082600000109e+01,-3.652050514199999753e+01,-2.563412253299999932e+01,-2.797609446799999944e+01
1.167583583599999919e+01,-3.461004176200000160e+01,-3.087770313500000086e+01,-3.892372843300000085e+01,-2.512721819400000101e+01,-2.676198519600000125e+01
1.169584584599999921e+01,-3.582477072900000081e+01,-3.506756543200000209e+01,-4.077911012300000237e+01,-2.519248054599999875e+01,-2.694291612600000008e+01
1.171585585599999924e+01,-3.903275961199999955e+01,-5.090050880999999805e+01,-4.007467015200000304e+01,-2.542813373199999916e+01,-2.723465629700000079e+01
1.173586586599999926e+01,-3.171809517499999842e+01,-4.698113180800000066e+01,-3.526586695799999660e+01,-2.586793319299999894e+01,-2.879696449500000099e+01
1.175587587599999928e+01,-3.130228288600000042e+01,-4.036418241100000159e+01,-4.135069227200000341e+01,-2.599536902999999910e+01,-2.853469525299999887e+01
1.177588588599999930e+01,-3.740083227800000287e+01,-3.974700401700000185e+01,-4.669366230800000039e+01,-2.540008824999999959e+01,-2.984314493400000146e+01
1.179589589599999933e+01,-3.864665988499999827e+01,-3.420054248000000285e+01,-4.760778457600000024e+01,-2.545497252499999874e+01,-2.727391253300000074e+01
1.181590590599999935e+01,-3.644791715099999863e+01,-4.314987152199999798e+01,-4.650408052099999878e+01,-2.551639507899999870e+01,-2.877345687100000049e+01
1.183591591599999937e+01,-4.345789571400000284e+01,-3.969005420799999939e+01,-4.570022827900000095e+01,-2.522957222200000160e+01,-2.988032186799999934e+01
1.185592592599999939e+01,-5.043107598000000280e+01,-3.173541180699999842e+01,-5.080874813700000203e+01,-2.569320343300000076e+01,-2.861574247600000120e+01
1.187593593599999942e+01,-4.043163002200000022e+01,-4.143045789699999659e+01,-4.052016731599999844e+01,-2.765087488200000010e+01,-2.767019917400000040e+01
1.189594594599999944e+01,-5.063380809499999913e+01,-4.326885681899999980e+01,-3.827549937399999891e+01,-2.632063799599999854e+01,-2.918942167599999848e+01
1.191595595599999946e+01,-3.441351758900000135e+01,-4.486652130099999880e+01,-3.616554065500000092e+01,-2.709963482499999898e+01,-2.753619608200000002e+01
1.193596596599999948e+01,-4.186582425900000004e+01,-3.443356457400000181e+01,-3.988361515199999729e+01,-2.692134355800000023e+01,-3.083538195599999909e+01
1.195597597599999951e+01,-5.102718402299999667e+01,-3.800218691999999976e+01,-4.241886492999999803e+01,-2.676755537900000093e+01,-2.896287972400000044e+01
1.197598598599999953e+01,-4.229710722899999809e+01,-3.606172920299999873e+01,-3.306834780300000176e+01,-2.606319185999999988e+01,-2.726625831300000158e+01
1.199599599599999955e+01,-3.933450884799999869e+01,-3.156554919099999879e+01,-3.960362999899999892e+01,-2.704489163899999937e+01,-2.743652623199999852e+01
1.201600600599999957e+01,-4.513965891699999844e+01,-3.307382768299999753e+01,-4.008350020000000313e+01,-2.491767984799999880e+01,-2.691033496900000088e+01
1.203601601599999960e+01,-3.342396655900000013e+01,-3.219430458499999759e+01,-3.987729012199999801e+01,-2.726338952300000074e+01,-2.859798891499999840e+01
1.205602602599999962e+01,-3.515831788700000260e+01,-4.088775467699999666e+01,-3.719056238499999978e+01,-2.633982390099999904e+01,-2.753754593400000061e+01
1.207603603599999964e+01,-3.723150260900000319e+01,-3.703598643699999826e+01,-3.840226888600000166e+01,-2.590858595599999958e+01,-2.630916775700000088e+01
1.209604604599999966e+01,-4.534633012900000182e+01,-3.450363672299999962e+01,-3.497650038599999789e+01,-2.652622905899999850e+01,-2.864284384799999827e+01
1.211605605599999969e+01,-4.741490850299999948e+01,-3.608934862000000265e+01,-3.347272741100000104e+01,-2.615491053299999891e+01,-3.026994551099999953e+01
1.213606606599999971e+01,-3.433848748399999806e+01,-3.508205944400000220e+01,-3.681422587699999838e+01,-2.657539073599999924e+01,-3.015312671399999900e+01
1.215607607599999973e+01,-3.219384794500000169e+01,-4.274434933399999892e+01,-3.678231384200000065e+01,-2.657089397700000077e+01,-3.380331215599999695e+01
1.217608608599999975e+01,-5.068927611499999841e+01,-3.806915198000000089e+01,-3.862402210799999835e+01,-2.590162461999999977e+01,-3.067558393799999905e+01
1.219609609599999978e+01,-3.387055751500000156e+01,-3.799795390900000314e+01,-4.263799204000000032e+01,-2.649692582899999849e+01,-3.126278435800000111e+01
1.221610610599999980e+01,-3.646541649400000296e+01,-3.632370643200000160e+01,-4.199091449699999856e+01,-2.671907385300000115e+01,-3.213809535800000106e+01
1.223611611599999982e+01,-3.839790930400000235e+01,-3.743169043000000329e+01,-3.667458042700000220e+01,-2.656377236499999839e+01,-3.273351695200000222e+01
1.225612612599999984e+01,-4.495713943700000215e+01,-3.328267991500000278e+01,-3.721588238999999732e+01,-2.756834790199999929e+01,-3.052071379499999892e+01
1.227613613599999987e+01,-3.090640519900000172e+01,-4.579743782799999963e+01,-4.283615599099999827e+01,-2.891775222000000056e+01,-3.149668520499999858e+01
1.229614614599999989e+01,-4.052927781900000070e+01,-4.088714970400000226e+01,-3.423994129300000111e+01,-2.709199037799999843e+01,-3.132348312999999962e+01
1.231615615599999991e+01,-3.683758024699999822e+01,-3.780243401399999925e+01,-3.762006642099999709e+01,-2.791638228700000113e+01,-3.114915273700000142e+01
1.233616616599999993e+01,-3.497907525400000139e+01,-3.588885116200000169e+01,-4.150209893000000250e+01,-2.751681657700000017e+01,-3.385598770200000018e+01
1.235617617599999996e+01,-3.048279465899999963e+01,-3.597467990100000179e+01,-4.039215121899999872e+01,-2.742306293400000072e+01,-3.238735022400000219e+01
1.237618618599999998e+01,-3.431861820299999977e+01,-3.169599572899999984e+01,-3.898867202899999995e+01,-2.743743242200000054e+01,-3.211849879399999708e+01
1.239619619600000000e+01,-3.122877768800000098e+01,-3.760729170100000118e+01,-3.379897247699999951e+01,-2.669503141599999907e+01,-2.919928699300000119e+01
1.241620620600000002e+01,-3.243081857300000337e+01,-3.241377350599999829e+01,-3.775725754799999834e+01,-2.724713799899999955e+01,-3.158541417500000037e+01
1.243621621600000005e+01,-3.446051615900000087e+01,-3.882803185800000279e+01,-3.827008455400000031e+01,-2.633328710700000030e+01,-2.988643573199999892e+01
1.245622622600000007e+01,-3.509116895599999708e+01,-2.866517211000000032e+01,-3.555553781700000116e+01,-2.699675518900000171e+01,-3.053773996600000018e+01
1.247623623600000009e+01,-3.552631907899999675e+01,-3.044731496700000051e+01,-4.364120615200000231e+01,-2.485058637199999865e+01,-3.113067671800000014e+01
1.249624624600000011e+01,-2.989843202699999836e+01,-4.209399945599999882e+01,-3.584533315800000253e+01,-2.593993517799999893e+01,-2.990210360700000081e+01
1.251625625600000014e+01,-2.937600440499999976e+01,-3.896044169500000010e+01,-3.497592786300000256e+01,-2.541086190000000045e+01,-2.961482517399999992e+01
1.253626626600000016e+01,-2.730001119599999981e+01,-3.238693435799999776e+01,-3.685599104199999942e+01,-2.651345646700000103e+01,-2.993939596999999964e+01
1.255627627600000018e+01,-3.941824626300000034e+01,-3.080164413400000001e+01,-3.056655551900000134e+01,-2.411535569899999842e+01,-2.661192256100000009e+01
1.257628628600000020e+01,-3.090425485200000111e+01,-3.771870970799999867e+01,-2.864151005700000141e+01,-2.510893311799999950e+01,-2.697284471500000080e+01
1.259629629600000023e+01,-3.258384628200000321e+01,-2.937539539500000174e+01,-2.868614428800000127e+01,-2.498788348200000087e+01,-2.845888153900000006e+01
1.261630630600000025e+01,-3.611302029299999816e+01,-3.939091866199999714e+01,-2.857638025299999995e+01,-2.476974820199999883e+01,-2.907533775399999953e+01
1.263631631600000027e+01,-3.064332957899999954e+01,-3.608625253600000349e+01,-2.940171447099999824e+01,-2.651101446999999922e+01,-2.741974128800000088e+01
1.265632632600000029e+01,-3.587020371599999891e+01,-3.317059792900000303e+01,-2.767192514399999936e+01,-2.516610807900000069e+01,-2.734510767600000136e+01
1.267633633600000032e+01,-2.920806613599999935e+01,-3.537292585400000178e+01,-2.700893167499999947e+01,-2.579894373200000146e+01,-2.756863490599999977e+01
1.269634634600000034e+01,-2.895990730300000138e+01,-3.124228425200000103e+01,-2.710468186199999963e+01,-2.620327450699999972e+01,-2.765970811100000049e+01
1.271635635600000036e+01,-3.404471263700000350e+01,-3.009246533900000031e+01,-2.810431584999999899e+01,-2.445432514799999879e+01,-2.738906418899999906e+01
1.273636636600000038e+01,-3.228861102700000174e+01,-3.308581996499999889e+01,-2.792347429100000156e+01,-2.581344731600000131e+01,-2.924909372100000127e+01
1.275637637600000041e+01,-3.125088224199999942e+01,-3.895822029600000036e+01,-2.557674788299999946e+01,-2.604979203199999915e+01,-2.792452712800000114e+01
1.277638638600000043e+01,-3.387544004200000103e+01,-3.387785042299999816e+01,-2.823632878200000107e+01,-2.672901863699999936e+01,-2.753776409900000033e+01
1.279639639600000045e+01,-3.345979015399999668e+01,-3.928510335400000031e+01,-2.881837433800000170e+01,-2.663362777100000045e+01,-2.989932991999999956e+01
1.281640640600000047e+01,-2.964154321799999892e+01,-3.279988501599999751e+01,-2.841918871400000057e+01,-2.696213346800000110e+01,-3.047888189500000067e+01
1.283641641600000050e+01,-3.154076878000000050e+01,-3.225311072899999942e+01,-2.573961820999999972e+01,-2.648721544500000036e+01,-3.404635397500000238e+01
1.285642642600000052e+01,-3.757983042899999759e+01,-3.348702895899999987e+01,-2.903110581099999976e+01,-2.799205501799999851e+01,-3.332083338300000008e+01
1.287643643600000054e+01,-3.270547521299999971e+01,-3.312154693699999797e+01,-2.851314739000000031e+01,-2.712465554199999929e+01,-3.639437193900000267e+01
1.289644644600000056e+01,-4.177295864599999931e+01,-3.634185645299999834e+01,-3.377664863799999750e+01,-2.568847707600000163e+01,-3.628003020199999895e+01
1.291645645600000059e+01,-3.388049926800000122e+01,-4.674399747399999683e+01,-2.710646002300000035e+01,-2.834779569499999852e+01,-3.918038962600000019e+01
1.293646646600000061e+01,-3.860238833799999725e+01,-3.941129535799999672e+01,-3.326307048700000024e+01,-3.011788360899999972e+01,-3.692031244300000026e+01
1.295647647600000063e+01,-3.122751764599999902e+01,-4.421767039099999863e+01,-2.811204766000000177e+01,-2.975223017700000128e+01,-3.218443244600000241e+01
1.297648648600000065e+01,-3.148890689699999967e+01,-4.505023434999999665e+01,-2.811675702300000168e+01,-3.053545560099999889e+01,-3.471238413300000047e+01
1.299649649600000068e+01,-4.451113458399999701e+01,-3.489611014900000185e+01,-3.031747410199999848e+01,-2.901788272599999985e+01,-3.406675373000000207e+01
1.301650650700000078e+01,-3.214561927900000171e+01,-3.575796662700000184e+01,-3.145501088099999976e+01,-3.287701640200000242e+01,-3.735437756000000320e+01
1.303651651700000080e+01,-3.653001837299999721e+01,-4.055363224900000318e+01,-2.914964217300000016e+01,-3.151909369099999836e+01,-3.084249587800000114e+01
1.305652652700000083e+01,-3.255517442200000033e+01,-3.555904623699999689e+01,-2.926949239100000000e+01,-3.289150407000000342e+01,-3.363140424600000244e+01
1.307653653700000085e+01,-4.072325108300000096e+01,-4.967397082099999750e+01,-2.779055946400000110e+01,-3.341287058999999715e+01,-3.355866136299999880e+01
1.309654654700000087e+01,-3.464188681800000325e+01,-3.535109759400000229e+01,-2.931568158700000026e+01,-3.004828045400000036e+01,-3.405904631300000318e+01
1.311655655699999912e+01,-4.509250824699999782e+01,-3.541531591500000076e+01,-3.384727270599999827e+01,-3.488032138100000168e+01,-3.197869346199999896e+01
1.313656656699999914e+01,-3.665444390999999769e+01,-3.877634456700000243e+01,-2.991938503000000082e+01,-3.093121285000000142e+01,-3.411684590000000128e+01
1.315657657699999916e+01,-3.641803947700000066e+01,-4.265096300500000126e+01,-3.137762189600000085e+01,-3.117822249700000015e+01,-3.430204937700000301e+01
1.317658658699999918e+01,-3.986398779999999675e+01,-3.879773415700000072e+01,-3.210437108200000011e+01,-3.251239119200000260e+01,-3.079799646800000090e+01
1.319659659699999921e+01,-3.959598137399999729e+01,-3.327742539599999816e+01,-3.048829553499999889e+01,-3.091300431699999862e+01,-3.025827461600000134e+01
1.321660660699999923e+01,-4.706071709100000078e+01,-4.124125885400000158e+01,-3.251945381299999838e+01,-2.980660891799999845e+01,-3.795813524799999783e+01
1.323661661699999925e+01,-5.098506364899999710e+01,-3.759925411300000064e+01,-2.900802700999999928e+01,-3.141971576999999982e+01,-3.872002747100000164e+01
1.325662662699999927e+01,-3.485573142399999824e+01,-2.867021968499999929e+01,-3.585402908399999689e+01,-3.244449233099999930e+01,-3.754901916200000045e+01
1.327663663699999930e+01,-3.898984499600000220e+01,-4.476313660400000316e+01,-4.080766206500000237e+01,-3.241356103799999744e+01,-3.882421084100000286e+01
1.329664664699999932e+01,-3.820995561499999837e+01,-4.174547850999999810e+01,-3.321856204299999860e+01,-3.059241439699999887e+01,-3.931018913300000150e+01
1.331665665699999934e+01,-4.182761350399999856e+01,-4.303086866799999655e+01,-3.367563288000000199e+01,-3.205743846899999738e+01,-4.648308011900000025e+01
1.333666666699999936e+01,-3.465104983100000169e+01,-4.532898828300000105e+01,-3.562162891199999848e+01,-3.383589810899999861e+01,-4.821053687999999937e+01
1.335667667699999939e+01,-4.230830132700000235e+01,-3.599416012199999670e+01,-4.153914509700000224e+01,-3.174484857899999923e+01,-4.005825165800000320e+01
1.337668668699999941e+01,-3.857132453599999877e+01,-3.526666740000000289e+01,-3.779086853700000148e+01,-3.669469168599999875e+01,-3.889506381300000015e+01
1.339669669699999943e+01,-4.291747023599999977e+01,-4.209374935700000009e+01,-3.652150364199999899e+01,-3.245496841799999999e+01,-3.374941324499999951e+01
1.341670670699999945e+01,-4.114207522499999925e+01,-4.013318397599999798e+01,-3.560946876500000258e+01,-3.827168910999999696e+01,-3.104297101399999903e+01
1.343671671699999948e+01,-4.579502775400000303e+01,-3.498146823700000141e+01,-3.762193940200000242e+01,-3.378999548499999861e+01,-3.624260203400000080e+01
1.345672672699999950e+01,-3.457595539599999768e+01,-3.199130995999999882e+01,-3.315564522199999686e+01,-2.980207664199999940e+01,-3.299642565100000269e+01
1.347673673699999952e+01,-3.195012236799999883e+01,-4.379791457900000040e+01,-4.167766870999999895e+01,-2.939398053000000033e+01,-3.719565171600000042e+01
1.349674674699999954e+01,-3.428142130399999843e+01,-3.499620995499999765e+01,-3.497570365899999700e+01,-3.265778704499999918e+01,-3.249345398300000198e+01
1.351675675699999957e+01,-3.545922959699999666e+01,-4.143164065199999868e+01,-3.114205890799999921e+01,-3.323795732300000338e+01,-4.133384608699999774e+01
1.353676676699999959e+01,-3.574790375100000261e+01,-4.310469982600000094e+01,-3.059661262699999895e+01,-3.260695210299999758e+01,-3.169661061200000063e+01
1.355677677699999961e+01,-3.381786014699999754e+01,-4.345129921899999914e+01,-4.088609011399999815e+01,-3.982745814700000153e+01,-3.907503121999999962e+01
1.357678678699999963e+01,-3.566455379300000317e+01,-4.375075788400000221e+01,-2.947652302299999860e+01,-3.509606873300000274e+01,-3.587665220299999902e+01
1.359679679699999966e+01,-5.072257681699999665e+01,-5.658704428800000130e+01,-3.130184120199999853e+01,-3.364906959900000061e+01,-3.445004900499999678e+01
1.361680680699999968e+01,-3.253443417799999793e+01,-3.733965853099999777e+01,-3.556830157099999923e+01,-3.839501730500000320e+01,-3.859485752100000155e+01
1.363681681699999970e+01,-4.717529213200000271e+01,-3.537591914099999713e+01,-3.160770352200000133e+01,-4.006533209900000259e+01,-4.024805929400000082e+01
1.365682682699999972e+01,-3.509643768099999761e+01,-5.208343270900000022e+01,-2.822138560300000165e+01,-3.632303871399999906e+01,-3.697993791999999758e+01
1.367683683699999975e+01,-4.415755319099999809e+01,-3.396702297899999934e+01,-2.750136551699999998e+01,-3.794223172400000266e+01,-3.904785559700000164e+01
1.369684684699999977e+01,-4.259825852699999871e+01,-3.874688537099999763e+01,-2.997310031700000010e+01,-3.422782716900000111e+01,-3.462270420099999768e+01
1.371685685699999979e+01,-3.557763291999999922e+01,-3.140256883800000054e+01,-2.964128578300000072e+01,-5.284222976099999869e+01,-4.067111833500000273e+01
1.373686686699999981e+01,-3.399248531500000325e+01,-3.459772644000000241e+01,-2.973392847199999878e+01,-4.173751652800000045e+01,-4.935702386999999902e+01
1.375687687699999984e+01,-4.431865878299999650e+01,-4.476185288300000309e+01,-3.036590486000000055e+01,-5.469731807800000212e+01,-3.638567452899999921e+01
1.377688688699999986e+01,-3.114095066499999831e+01,-3.791633099700000287e+01,-3.195326642999999933e+01,-4.063025376400000255e+01,-3.883368497000000019e+01
1.379689689699999988e+01,-4.230643819499999836e+01,-3.628719198499999976e+01,-3.010643949800000030e+01,-3.976213008399999893e+01,-3.325670380700000095e+01
1.381690690699999990e+01,-3.431787506500000262e+01,-3.720278699800000055e+01,-2.872904694300000017e+01,-3.891338549799999669e+01,-3.765135760999999803e+01
1.383691691699999993e+01,-3.773583227400000339e+01,-3.059644509399999990e+01,-2.739855854400000013e+01,-3.239881297200000176e+01,-3.710809037100000296e+01
1.385692692699999995e+01,-4.314231163600000230e+01,-3.523085961799999666e+01,-2.695432159599999977e+01,-4.050890619700000173e+01,-3.583753680699999933e+01
1.387693693699999997e+01,-3.050801633700000082e+01,-3.240710011499999865e+01,-2.995795255899999887e+01,-3.663651793100000020e+01,-3.691524998399999902e+01
1.389694694699999999e+01,-3.704801287000000087e+01,-3.280476885299999878e+01,-2.686222635100000034e+01,-3.537746585099999663e+01,-3.283840967500000119e+01
1.391695695700000002e+01,-3.663016634800000304e+01,-3.385241901100000206e+01,-2.845595239800000087e+01,-3.316288703200000043e+01,-3.566890480499999683e+01
1.393696696700000004e+01,-3.955500371499999801e+01,-3.177883594500000086e+01,-2.851293160199999832e+01,-3.460678615599999830e+01,-3.297992106299999904e+01
1.395697697700000006e+01,-3.555953773099999893e+01,-3.288554484600000194e+01,-2.998348403299999987e+01,-3.449042304999999686e+01,-3.543908050800000353e+01
1.397698698700000008e+01,-1.932508500999999868e+01,-4.312916251099999698e+01,-2.784361756999999926e+01,-3.421147489599999858e+01,-3.190434742100000065e+01
1.399699699700000011e+01,-5.034081480799999753e+01,-3.552349554799999964e+01,-2.707870581799999954e+01,-3.167788376800000094e+01,-3.411687557199999787e+01
1.401700700700000013e+01,-3.508137224099999685e+01,-4.271734454500000311e+01,-2.628513347299999836e+01,-3.059765322999999881e+01,-3.313955452100000088e+01
1.403701701700000015e+01,-3.533297911300000038e+01,-3.191378848700000148e+01,-3.079957884399999912e+01,-3.019015234100000100e+01,-4.073377271799999733e+01
1.405702702700000017e+01,-3.546266874300000183e+01,-3.237844695300000097e+01,-2.782874481800000055e+01,-3.019324233900000110e+01,-3.568703218099999930e+01
1.407703703700000020e+01,-3.711144884099999786e+01,-3.179613037900000094e+01,-2.852211610799999875e+01,-3.384483884899999850e+01,-3.378067226000000289e+01
1.409704704700000022e+01,-3.585851393000000087e+01,-3.138896467400000034e+01,-3.245506775700000190e+01,-3.359700911800000256e+01,-2.853081132899999872e+01
1.411705705700000024e+01,-4.025012025899999912e+01,-4.369883654299999876e+01,-2.728220709500000041e+01,-3.050955943599999998e+01,-3.353962474800000138e+01
1.413706706700000026e+01,-3.427448765700000166e+01,-4.104347373899999951e+01,-2.779918658000000065e+01,-3.287938759600000083e+01,-3.231564342400000100e+01
1.415707707700000029e+01,-4.895420544200000279e+01,-4.757385984399999757e+01,-2.674574614999999866e+01,-3.099583238700000010e+01,-3.720862596900000341e+01
1.417708708700000031e+01,-3.127459040000000101e+01,-3.845658418600000061e+01,-2.801999354699999856e+01,-3.320363718200000136e+01,-3.034412321399999968e+01
1.419709709700000033e+01,-3.276107861999999926e+01,-3.423720299400000044e+01,-2.762369335100000001e+01,-3.048057548499999925e+01,-3.318622010800000055e+01
1.421710710700000035e+01,-3.528478216199999906e+01,-4.261663508800000244e+01,-2.963320633000000015e+01,-3.652872792699999849e+01,-3.247170720399999766e+01
1.423711711700000038e+01,-3.962028896900000063e+01,-4.177584555199999983e+01,-2.850881291900000036e+01,-3.519000386500000133e+01,-3.330230870300000134e+01
1.425712712700000040e+01,-5.200165304400000110e+01,-3.377489517299999733e+01,-2.787980561799999890e+01,-3.683463499999999868e+01,-3.045414458899999843e+01
1.427713713700000042e+01,-4.223918007399999652e+01,-3.326917461400000064e+01,-2.674619288399999917e+01,-3.418845382300000324e+01,-3.359789176400000343e+01
1.429714714700000044e+01,-3.611258428600000059e+01,-3.575110140200000330e+01,-3.377641074600000337e+01,-3.336470402700000193e+01,-3.270977310800000026e+01
1.431715715700000047e+01,-3.407643823699999786e+01,-4.195252711599999884e+01,-3.137772800700000175e+01,-3.477127473899999899e+01,-4.051154008200000334e+01
1.433716716700000049e+01,-4.175767324200000274e+01,-3.207376973099999873e+01,-2.874669899699999931e+01,-4.422931504499999988e+01,-2.994128360899999919e+01
1.435717717700000051e+01,-2.714324359100000095e+01,-3.274349002999999669e+01,-3.192837792299999933e+01,-3.902569603999999970e+01,-3.689509177600000100e+01
1.437718718700000053e+01,-3.518633970599999827e+01,-4.146048876900000124e+01,-3.407206521100000174e+01,-3.920534833499999650e+01,-3.515612925599999983e+01
1.439719719700000056e+01,-2.706122030299999892e+01,-3.804873331400000325e+01,-2.968916734700000148e+01,-3.732053714599999950e+01,-3.286312835700000079e+01
1.441720720700000058e+01,-3.447516951499999749e+01,-4.342545801200000000e+01,-3.360120106400000140e+01,-6.990944334099999935e+01,-3.357012407999999937e+01
1.443721721700000060e+01,-3.961220220100000233e+01,-4.612918219400000197e+01,-2.988229112799999854e+01,-4.164271078600000209e+01,-2.843715277300000110e+01
1.445722722700000062e+01,-3.829813291899999683e+01,-4.294417861099999811e+01,-3.271240922599999834e+01,-4.277634906000000115e+01,-3.995881692300000054e+01
1.447723723700000065e+01,-3.136793538199999887e+01,-3.512307948899999843e+01,-3.095843405899999823e+01,-3.766628157400000276e+01,-3.324232606199999651e+01
1.449724724700000067e+01,-4.943498671799999755e+01,-4.145255280800000008e+01,-3.071345586500000024e+01,-5.259032776699999800e+01,-3.512702382100000165e+01
1.451725725700000069e+01,-4.261359268999999728e+01,-2.357372585399999920e+01,-3.190680938699999913e+01,-3.900473072399999808e+01,-4.208993003300000169e+01
1.453726726700000071e+01,-3.687072654400000005e+01,-4.051388460999999808e+01,-3.631880505800000236e+01,-4.200608841100000035e+01,-4.720946831399999866e+01
1.455727727700000074e+01,-3.172400455100000016e+01,-4.034161234300000132e+01,-3.158149595500000117e+01,-4.241108723300000349e+01,-3.694463764399999661e+01
1.457728728700000076e+01,-3.581289188200000240e+01,-4.751790127499999983e+01,-3.093137202200000146e+01,-3.921362052599999970e+01,-4.118391356400000092e+01
1.459729729700000078e+01,-3.942183598500000130e+01,-4.428295591900000261e+01,-3.330888868200000275e+01,-4.171130448200000274e+01,-3.666946320699999973e+01
1.461730730700000080e+01,-3.854004794299999759e+01,-3.431863792499999732e+01,-3.054516308399999858e+01,-4.549417166300000304e+01,-3.778670281600000180e+01
1.463731731700000083e+01,-4.004136310100000173e+01,-4.041112023699999867e+01,-3.175265154799999934e+01,-3.820252942999999846e+01,-3.005568184599999881e+01
1.465732732700000085e+01,-3.658503978400000278e+01,-2.970353837000000041e+01,-2.871362967199999972e+01,-3.897362427899999915e+01,-3.360482900099999881e+01
1.467733733700000087e+01,-2.952734184499999870e+01,-3.836514439399999787e+01,-3.728111467299999759e+01,-3.709372450200000060e+01,-2.623842015199999977e+01
1.469734734699999912e+01,-3.494486651199999727e+01,-3.422778830400000061e+01,-3.379734688799999986e+01,-5.218378044100000324e+01,-2.893786777100000052e+01
1.471735735699999914e+01,-2.879867562300000117e+01,-4.151474892499999925e+01,-3.119438371600000082e+01,-3.377409248699999722e+01,-3.469621470100000238e+01
1.473736736699999916e+01,-4.603874195800000280e+01,-4.951973748000000342e+01,-3.749786260500000168e+01,-4.364208779399999827e+01,-2.757133103600000013e+01
1.475737737699999919e+01,-3.352886920299999929e+01,-3.579872425500000332e+01,-2.947551113200000117e+01,-3.786800628400000335e+01,-2.931339682799999835e+01
1.477738738699999921e+01,-3.801126162799999975e+01,-3.825952881700000319e+01,-3.042355971599999975e+01,-3.442544263100000279e+01,-2.581501782400000167e+01
1.479739739699999923e+01,-3.298868853100000109e+01,-3.805147694499999744e+01,-3.502176110399999942e+01,-4.060257983300000006e+01,-2.459373707499999995e+01
1.481740740699999925e+01,-3.608439264700000138e+01,-4.504593178300000034e+01,-2.971290485300000128e+01,-4.011619077800000355e+01,-3.533184162500000269e+01
1.483741741699999928e+01,-2.823349987799999994e+01,-3.331821003999999675e+01,-2.727519823500000129e+01,-3.936777894699999791e+01,-2.220329682699999907e+01
1.485742742699999930e+01,-4.519783274099999915e+01,-4.080604597699999658e+01,-2.834203941199999832e+01,-3.990568155500000103e+01,-2.457791966499999958e+01
1.487743743699999932e+01,-3.675493752500000255e+01,-3.358661812799999780e+01,-2.508047507599999904e+01,-2.996725217799999896e+01,-2.601000751000000122e+01
1.489744744699999934e+01,-3.461197945800000042e+01,-3.167691555300000061e+01,-2.679499598399999982e+01,-3.912050306500000119e+01,-2.384655784299999937e+01
1.491745745699999937e+01,-3.810850781300000278e+01,-3.588961985200000271e+01,-2.600642677400000125e+01,-3.619787456000000248e+01,-2.301192208799999861e+01
1.493746746699999939e+01,-3.575449329199999937e+01,-2.838814320199999841e+01,-2.521525395300000127e+01,-4.688518466800000084e+01,-2.185291425000000132e+01
1.495747747699999941e+01,-4.126508997999999906e+01,-3.197004826799999933e+01,-2.307473018900000028e+01,-4.651220007599999917e+01,-2.245274447199999912e+01
1.497748748699999943e+01,-3.279863920799999732e+01,-4.064365425599999782e+01,-2.387289961100000113e+01,-3.892836975600000216e+01,-2.278779683799999844e+01
1.499749749699999946e+01,-4.083384732799999739e+01,-3.975997722799999679e+01,-2.217560685899999839e+01,-4.623412311399999908e+01,-2.300887839700000015e+01
1.501750750799999956e+01,-2.988910203800000076e+01,-4.027099274799999762e+01,-2.436701586699999922e+01,-4.673592060000000004e+01,-2.253733107300000071e+01
1.503751751799999958e+01,-2.765493720699999969e+01,-3.182734824399999951e+01,-2.347683483699999840e+01,-4.445954195600000247e+01,-2.627807228100000003e+01
1.505752752799999961e+01,-4.901920315699999975e+01,-3.664879558300000184e+01,-2.551776656699999890e+01,-4.211404273800000198e+01,-2.364318880300000103e+01
1.507753753799999963e+01,-3.330206357000000139e+01,-3.379039397700000080e+01,-2.184495867900000121e+01,-3.393986411499999889e+01,-2.175586696099999884e+01
1.509754754799999965e+01,-4.165037987000000186e+01,-4.934652688900000328e+01,-2.263569822699999889e+01,-3.457955398800000069e+01,-2.294840434700000031e+01
1.511755755799999967e+01,-2.853065382300000152e+01,-3.513682784400000259e+01,-2.302429536300000024e+01,-3.610864337600000340e+01,-2.563836230600000121e+01
1.513756756799999970e+01,-3.247178879700000209e+01,-3.974713558900000265e+01,-2.449004424499999999e+01,-3.872208129799999909e+01,-2.371262485300000122e+01
1.515757757799999972e+01,-3.283226403399999782e+01,-5.415363484899999946e+01,-2.489479267800000173e+01,-4.558783167699999694e+01,-2.473161176900000058e+01
1.517758758799999974e+01,-4.387644964799999769e+01,-2.245860589700000176e+01,-2.410686049699999955e+01,-3.251541901600000273e+01,-2.276906243699999877e+01
1.519759759799999976e+01,-4.338650239599999736e+01,-2.698050247600000162e+01,-2.579362125300000130e+01,-4.674265444200000275e+01,-2.454638842299999979e+01
1.521760760799999979e+01,-4.304799671199999977e+01,-3.723380931599999855e+01,-2.317970852199999854e+01,-4.712630357799999814e+01,-2.680004682499999902e+01
1.523761761799999981e+01,-3.426136265699999939e+01,-3.805362007299999760e+01,-2.503234232399999826e+01,-3.825460367600000211e+01,-2.308288054200000161e+01
1.525762762799999983e+01,-2.511950017699999904e+01,-2.770838742100000118e+01,-2.380312487500000174e+01,-4.174284943800000036e+01,-2.313340706600000019e+01
1.527763763799999985e+01,-4.196786573199999992e+01,-2.614321439300000094e+01,-2.453991459799999930e+01,-2.921766373699999875e+01,-2.788035607300000152e+01
1.529764764799999988e+01,-4.228751178400000299e+01,-3.748498910099999648e+01,-2.634799943399999833e+01,-4.074846484599999741e+01,-2.514429669400000122e+01
1.531765765799999990e+01,-3.581161767799999751e+01,-4.455861483000000334e+01,-2.277632480600000164e+01,-4.885666107099999778e+01,-1.909553575700000039e+01
1.533766766799999992e+01,-3.793035049400000247e+01,-3.407537094700000324e+01,-2.409699797100000040e+01,-3.750142790000000304e+01,-2.769947122199999967e+01
1.535767767799999994e+01,-4.092671546199999710e+01,-4.099795272400000101e+01,-2.420593739899999974e+01,-4.000435795100000291e+01,-2.904939003300000167e+01
1.537768768799999997e+01,-3.392524917899999792e+01,-2.792017565100000098e+01,-2.662838394499999950e+01,-4.350589927299999715e+01,-2.970417693599999964e+01
1.539769769799999999e+01,-3.419235947800000019e+01,-2.997610394299999825e+01,-2.700299635500000051e+01,-3.599639897200000149e+01,-3.010128370800000042e+01
1.541770770800000001e+01,-3.493314518199999696e+01,-4.266400853100000035e+01,-2.627226924500000038e+01,-4.496972969899999839e+01,-2.352660776400000131e+01
1.543771771800000003e+01,-3.042193704600000004e+01,-2.979369416300000140e+01,-3.151235693399999960e+01,-3.772413817599999675e+01,-3.126086262700000162e+01
1.545772772800000006e+01,-3.014601941500000137e+01,-2.978176600999999835e+01,-2.633169996100000176e+01,-4.583855700400000188e+01,-2.909141395900000049e+01
1.547773773800000008e+01,-3.687363689000000022e+01,-3.624067016299999722e+01,-2.481747905299999957e+01,-3.107769087200000158e+01,-2.833430350600000125e+01
1.549774774800000010e+01,-3.223017340300000200e+01,-3.167329408799999868e+01,-3.002140586000000155e+01,-3.931891506899999911e+01,-3.077775083999999950e+01
1.551775775800000012e+01,-3.162973508299999992e+01,-3.248167089399999696e+01,-2.612646940100000137e+01,-4.281811070399999863e+01,-3.356131028800000138e+01
1.553776776800000015e+01,-2.930795501800000125e+01,-3.161644190299999835e+01,-2.632688133599999958e+01,-3.505068354000000141e+01,-3.088999383499999851e+01
1.555777777800000017e+01,-3.155797070299999874e+01,-4.091274088699999822e+01,-2.916712944800000074e+01,-4.445367080599999809e+01,-2.769409258499999993e+01
1.557778778800000019e+01,-3.450558855700000294e+01,-3.847789702299999703e+01,-2.780618593899999880e+01,-5.126661457800000221e+01,-2.927127789800000102e+01
1.559779779800000021e+01,-2.842471924000000172e+01,-3.799755206999999757e+01,-2.960198121099999824e+01,-3.235485364000000175e+01,-3.787215376599999672e+01
1.561780780800000024e+01,-2.706022883500000020e+01,-2.763718267899999859e+01,-2.853424487299999868e+01,-4.012076728499999945e+01,-3.014813885299999896e+01
1.563781781800000026e+01,-2.666958948999999990e+01,-3.870804110899999984e+01,-2.590994204400000100e+01,-3.109098727299999965e+01,-2.559486722200000131e+01
1.565782782800000028e+01,-3.961686041400000136e+01,-2.625365997800000173e+01,-2.786143175300000152e+01,-3.441895100600000035e+01,-2.652361833100000155e+01
1.567783783800000030e+01,-2.864831952500000156e+01,-4.476504489199999881e+01,-3.096559353800000025e+01,-3.666262608200000273e+01,-3.078611885700000173e+01
1.569784784800000033e+01,-3.914277558100000221e+01,-3.216639967799999766e+01,-2.804825391299999993e+01,-3.677991260400000328e+01,-2.559553881100000083e+01
1.571785785800000035e+01,-3.113947098799999935e+01,-5.014485648400000173e+01,-2.993041249099999845e+01,-4.192540970999999672e+01,-2.603056830399999910e+01
1.573786786800000037e+01,-3.071804849999999831e+01,-2.907814100899999943e+01,-2.830095487199999837e+01,-2.953397347599999989e+01,-2.640519172200000142e+01
1.575787787800000039e+01,-4.819008717599999869e+01,-4.310921292700000151e+01,-2.642429241500000003e+01,-3.072129519799999997e+01,-3.244218451999999786e+01
1.577788788800000042e+01,-3.594708611000000076e+01,-4.144388935300000298e+01,-2.904022372800000085e+01,-4.102974566799999678e+01,-2.719490690599999994e+01
1.579789789800000044e+01,-3.261260900799999973e+01,-2.888689481500000156e+01,-2.650015155799999889e+01,-4.600400878500000346e+01,-2.680586363600000155e+01
1.581790790800000046e+01,-3.650529591299999765e+01,-3.804268857299999951e+01,-2.830023643899999897e+01,-3.660913132200000319e+01,-2.386741710300000108e+01
1.583791791800000048e+01,-3.787785302000000343e+01,-4.341548753800000071e+01,-2.652033755300000095e+01,-3.391720788599999992e+01,-2.469858987799999994e+01
1.585792792800000051e+01,-2.651903402700000001e+01,-3.559850580199999825e+01,-3.020175376499999942e+01,-3.195768936800000048e+01,-2.839702774099999871e+01
1.587793793800000053e+01,-3.803439226300000087e+01,-3.955244066099999856e+01,-3.130355683799999866e+01,-3.528728962000000280e+01,-2.649826371700000038e+01
1.589794794800000055e+01,-3.090838803200000129e+01,-3.767971354899999881e+01,-2.788455435899999912e+01,-3.153477560299999993e+01,-2.898176243200000002e+01
1.591795795800000057e+01,-2.523389071000000072e+01,-4.437899919000000182e+01,-2.694969295699999989e+01,-3.087953216600000061e+01,-2.411096504400000029e+01
1.593796796800000060e+01,-3.279356016700000254e+01,-2.822717407200000039e+01,-2.487935625600000122e+01,-3.427039285899999754e+01,-2.273091346300000026e+01
1.595797797800000062e+01,-2.791330493599999940e+01,-3.566697447300000334e+01,-2.523484881599999952e+01,-3.251979764400000050e+01,-2.742573700100000167e+01
1.597798798800000064e+01,-2.652418118399999969e+01,-2.987489721100000040e+01,-2.579742101500000118e+01,-3.119487094600000177e+01,-2.966213292799999834e+01
1.599799799800000066e+01,-2.970741557099999852e+01,-3.329520195500000312e+01,-2.327850001499999877e+01,-3.392098686899999649e+01,-2.557381748399999921e+01
1.601800800799999891e+01,-2.502688861100000040e+01,-3.531646878000000100e+01,-2.394118262799999997e+01,-2.913759758799999844e+01,-2.834351548400000098e+01
1.603801801799999893e+01,-2.218981517099999934e+01,-3.645617215800000110e+01,-2.536943981099999945e+01,-2.776206606199999882e+01,-2.872564792300000036e+01
1.605802802799999895e+01,-3.736862738100000314e+01,-3.847270496600000200e+01,-2.354717565600000029e+01,-3.228955553499999809e+01,-2.567776681799999849e+01
1.607803803799999898e+01,-3.381918090900000351e+01,-4.076329085799999774e+01,-2.361805945200000068e+01,-2.849585369100000065e+01,-2.763845964200000083e+01
1.609804804799999900e+01,-3.799695610799999912e+01,-1.874448652199999898e+01,-2.379684496499999824e+01,-2.284644955699999969e+01,-2.784821285599999996e+01
1.611805805799999902e+01,-3.441443062900000172e+01,-2.859357722700000082e+01,-2.506961754399999975e+01,-3.728906540900000266e+01,-2.697459427200000093e+01
1.613806806799999904e+01,-2.857672549899999836e+01,-3.378051707499999878e+01,-2.676998160799999837e+01,-3.386623536399999779e+01,-2.588742893499999909e+01
1.615807807799999907e+01,-2.951714636100000178e+01,-4.371204853199999718e+01,-2.358063647599999868e+01,-3.654805653799999732e+01,-2.635143078600000166e+01
1.617808808799999909e+01,-2.008629505900000112e+01,-3.657860368400000084e+01,-2.115741786099999899e+01,-3.340351753699999904e+01,-2.378318322200000168e+01
1.619809809799999911e+01,-2.953252739599999899e+01,-4.036421203599999785e+01,-2.547706161800000046e+01,-3.107381600100000085e+01,-2.648754420699999912e+01
1.621810810799999913e+01,-1.678702579400000161e+01,-2.760865507300000132e+01,-2.478168715900000052e+01,-3.957944169999999673e+01,-2.381282552300000077e+01
1.623811811799999916e+01,-3.676532591800000205e+01,-3.730158195500000318e+01,-2.482991024100000033e+01,-3.811063667599999860e+01,-2.737881779099999946e+01
1.625812812799999918e+01,-3.157635254199999864e+01,-3.655838018800000100e+01,-2.661514164000000093e+01,-2.976449438699999916e+01,-2.295306025100000014e+01
1.627813813799999920e+01,-3.092091034799999960e+01,-4.562190070599999814e+01,-2.984156057499999903e+01,-3.179310722900000030e+01,-2.467911320900000050e+01
1.629814814799999922e+01,-2.649483405599999841e+01,-4.337489841699999715e+01,-2.898521448199999995e+01,-3.228062941200000324e+01,-2.209650764099999876e+01
1.631815815799999925e+01,-3.021286200899999841e+01,-3.430120675700000277e+01,-2.256106302299999911e+01,-3.365301608200000061e+01,-2.031226990300000068e+01
1.633816816799999927e+01,-3.029728860999999895e+01,-3.724321946199999900e+01,-2.591177372900000009e+01,-3.566059296899999964e+01,-2.178471747200000053e+01
1.635817817799999929e+01,-3.007836209499999924e+01,-3.690936288399999654e+01,-2.652984126400000164e+01,-3.667888629600000172e+01,-2.394241046400000172e+01
1.637818818799999931e+01,-2.645231387400000145e+01,-3.138836788300000080e+01,-3.281355859100000316e+01,-3.302827004800000310e+01,-2.478857187699999898e+01
1.639819819799999934e+01,-3.117432020400000070e+01,-2.611153777599999870e+01,-2.678005711999999860e+01,-3.035574986399999986e+01,-2.199812686799999994e+01
1.641820820799999936e+01,-2.388903930700000089e+01,-4.642216556000000338e+01,-3.191977295199999887e+01,-3.053271702800000043e+01,-2.443686127300000166e+01
1.643821821799999938e+01,-2.844450604700000085e+01,-3.520142662800000011e+01,-2.721474695699999913e+01,-3.088814740300000139e+01,-2.208091003999999913e+01
1.645822822799999940e+01,-2.567340650399999902e+01,-3.856107273500000332e+01,-2.742385288899999907e+01,-3.155798731699999848e+01,-2.195048258499999960e+01
1.647823823799999943e+01,-3.550371564799999646e+01,-3.941524296699999752e+01,-3.522626058499999857e+01,-3.404410813399999824e+01,-3.002854990299999827e+01
1.649824824799999945e+01,-3.382608025999999768e+01,-3.075011432899999875e+01,-3.187805336399999945e+01,-4.064633105299999727e+01,-2.418236753100000058e+01
1.651825825799999947e+01,-2.548795788900000048e+01,-4.825196513899999928e+01,-2.751924399299999990e+01,-2.715041395700000137e+01,-2.322493786600000121e+01
1.653826826799999949e+01,-2.534267585499999953e+01,-3.319932517099999814e+01,-2.971315922300000167e+01,-3.469343667999999781e+01,-1.653283306899999872e+01
1.655827827799999952e+01,-2.691350157000000110e+01,-2.941498687500000031e+01,-3.034505374800000155e+01,-3.355579930399999711e+01,-2.539746917800000148e+01
1.657828828799999954e+01,-1.721591175500000048e+01,-3.954456040800000238e+01,-3.308134218000000004e+01,-4.624813589499999722e+01,-2.375641143200000016e+01
1.659829829799999956e+01,-2.249013254899999836e+01,-3.569796568000000292e+01,-2.872018698000000114e+01,-2.926778584699999897e+01,-2.339976826099999840e+01
1.661830830799999958e+01,-3.447235974200000186e+01,-4.541229817499999655e+01,-2.856529611199999863e+01,-3.606658900299999715e+01,-2.198485087099999902e+01
1.663831831799999961e+01,-2.854358227799999881e+01,-4.008571576199999953e+01,-2.895432437099999845e+01,-3.111410992900000139e+01,-2.339692178499999997e+01
1.665832832799999963e+01,-2.607784965700000157e+01,-2.624601276900000002e+01,-2.972295570800000064e+01,-3.863344019499999860e+01,-2.334856539300000122e+01
1.667833833799999965e+01,-2.504317969799999943e+01,-3.815571304000000197e+01,-3.157287566300000137e+01,-3.687422147099999847e+01,-2.166133685899999861e+01
1.669834834799999967e+01,-2.698270999300000028e+01,-2.539867280800000060e+01,-2.700510003799999836e+01,-3.717887006800000194e+01,-2.158416149399999995e+01
1.671835835799999970e+01,-2.522308019600000151e+01,-3.777478699299999931e+01,-2.793555992799999999e+01,-3.854770148899999782e+01,-2.415626750399999878e+01
1.673836836799999972e+01,-3.841656778299999786e+01,-3.566468844999999988e+01,-2.639819841999999994e+01,-2.732966368599999996e+01,-2.459512941699999899e+01
1.675837837799999974e+01,-2.672305526999999969e+01,-2.869921021900000113e+01,-2.848295288499999955e+01,-4.577189334799999898e+01,-2.213451359200000113e+01
1.677838838799999976e+01,-2.882950606100000002e+01,-3.113522178099999849e+01,-2.992508944800000137e+01,-3.395965101800000241e+01,-2.295648917000000111e+01
1.679839839799999979e+01,-2.581727307299999907e+01,-2.378389143500000102e+01,-2.416149025200000011e+01,-3.565616703300000268e+01,-2.777637826400000165e+01
1.681840840799999981e+01,-2.693364404400000112e+01,-3.365728189200000031e+01,-2.919257044200000095e+01,-3.387961567100000337e+01,-2.704629407999999913e+01
1.683841841799999983e+01,-2.787642823099999845e+01,-3.639951651399999832e+01,-2.925526470599999840e+01,-3.931076888300000149e+01,-2.064096008699999985e+01
1.685842842799999985e+01,-3.363926295200000283e+01,-3.362025064299999855e+01,-2.655322803099999973e+01,-3.036712021700000008e+01,-1.877948966599999991e+01
1.687843843799999988e+01,-2.316001350299999828e+01,-4.124887031099999746e+01,-2.868391075599999951e+01,-3.606883007999999791e+01,-1.982616915299999860e+01
1.689844844799999990e+01,-3.058722065799999967e+01,-3.637783154899999971e+01,-2.641586061299999955e+01,-2.895650928099999888e+01,-2.002233162799999988e+01
1.691845845799999992e+01,-3.099595244600000044e+01,-3.509167512799999855e+01,-2.372109550900000130e+01,-2.928464484499999898e+01,-2.727616739200000140e+01
1.693846846799999994e+01,-2.364333672800000130e+01,-5.884942475900000147e+01,-2.474249411299999934e+01,-2.817322303899999980e+01,-2.551104660800000090e+01
1.695847847799999997e+01,-4.782860795599999904e+01,-3.682160255000000149e+01,-2.808869466100000167e+01,-3.383621338500000064e+01,-2.151406441900000033e+01
1.697848848799999999e+01,-2.853517618600000105e+01,-3.646508551200000170e+01,-2.554425072200000102e+01,-3.254688627899999886e+01,-2.627584566899999885e+01
1.699849849800000001e+01,-2.992554938800000031e+01,-4.299347086299999887e+01,-2.441931964200000138e+01,-2.764980915199999956e+01,-3.214893673899999982e+01
1.701850850900000012e+01,-2.303343616700000140e+01,-5.102537130999999704e+01,-2.593046807200000003e+01,-2.872986497000000128e+01,-2.448917122499999977e+01
1.703851851900000014e+01,-3.001020111900000131e+01,-2.787305014900000089e+01,-2.707352459199999828e+01,-3.246123619600000154e+01,-2.235694120400000173e+01
1.705852852900000016e+01,-4.435205419399999727e+01,-4.451797612899999734e+01,-2.864586714800000067e+01,-3.218092276200000157e+01,-1.891862206300000082e+01
1.707853853900000018e+01,-4.011338238300000114e+01,-3.061022525699999974e+01,-2.497846110700000111e+01,-3.015432814100000058e+01,-2.896116612799999857e+01
1.709854854900000021e+01,-3.358687379599999900e+01,-3.714983628400000271e+01,-2.648883661500000031e+01,-2.925122846700000068e+01,-2.869454366400000112e+01
1.711855855900000023e+01,-4.128660631099999989e+01,-3.381359271499999863e+01,-2.882256104400000041e+01,-2.823050001800000075e+01,-2.289965045699999990e+01
1.713856856900000025e+01,-4.308188708499999819e+01,-3.758247519999999753e+01,-2.858864578300000048e+01,-3.874919176899999940e+01,-2.307326599700000003e+01
1.715857857900000027e+01,-2.821689345300000085e+01,-3.642891127299999710e+01,-2.199054252299999845e+01,-2.092404787899999974e+01,-4.619898578499999786e+01
1.717858858900000030e+01,-3.429396604600000131e+01,-4.179596150900000140e+01,-2.380908250699999940e+01,-2.616777931400000057e+01,-1.979096466100000029e+01
1.719859859900000032e+01,-5.085318107300000179e+01,-2.953575998999999896e+01,-3.435155424399999902e+01,-2.231671086300000084e+01,-2.154903312600000120e+01
1.721860860900000034e+01,-2.796748429899999877e+01,-3.832276699300000189e+01,-2.557095107099999964e+01,-2.665590814000000108e+01,-2.660394408299999824e+01
1.723861861900000036e+01,-3.459180405600000086e+01,-3.688520682200000067e+01,-3.480353692500000307e+01,-3.092384742899999850e+01,-2.291493607900000029e+01
1.725862862900000039e+01,-2.665495273299999823e+01,-3.203570933700000012e+01,-3.043977434399999993e+01,-2.857124632800000086e+01,-2.416479467699999972e+01
1.727863863900000041e+01,-3.325769808900000157e+01,-3.144157568299999994e+01,-2.421412039399999827e+01,-3.264112388000000209e+01,-2.862976423499999967e+01
1.729864864900000043e+01,-3.070766107700000092e+01,-3.314247442799999988e+01,-1.292442893700000006e+01,-3.077560621399999974e+01,-1.209091692299999998e+01
1.731865865900000045e+01,-3.532707115800000253e+01,-3.377962744500000269e+01,-3.073015232899999916e+01,-2.825723914099999945e+01,-1.282400140300000047e+01
1.733866866900000048e+01,-3.754106235500000111e+01,-3.324533627200000296e+01,-2.564159783499999890e+01,-2.575463964400000094e+01,-2.389931020599999911e+01
1.735867867900000050e+01,-3.880774170800000178e+01,-3.127914049900000037e+01,-2.747343646499999892e+01,-3.700376231399999938e+01,-3.260068988100000098e+01
1.737868868900000052e+01,-3.413303640600000222e+01,-3.196931925599999857e+01,-2.794241835600000101e+01,-3.166590834699999846e+01,-3.397191080399999663e+01
1.739869869900000054e+01,-3.617664399600000280e+01,-3.164741459200000051e+01,-3.025506918499999998e+01,-3.015707948800000082e+01,-2.684525603999999888e+01
1.741870870900000057e+01,-3.798297989999999658e+01,-2.686049975499999931e+01,-2.338709743300000099e+01,-2.301549014700000129e+01,-1.758421268500000068e+01
1.743871871900000059e+01,-4.349281929100000355e+01,-3.487328077499999779e+01,-3.007825393099999900e+01,-3.001755329799999927e+01,-3.033711600599999869e+01
1.745872872900000061e+01,-3.272471439499999946e+01,-3.410831854199999924e+01,-2.557933480899999878e+01,-2.710862686300000135e+01,-2.379428666200000109e+01
1.747873873900000063e+01,-3.445747115999999721e+01,-3.143174584200000155e+01,-2.813899624100000096e+01,-2.736931656499999832e+01,-2.141468596200000007e+01
1.749874874900000066e+01,-3.234251988900000185e+01,-3.404426228399999843e+01,-3.019515970899999857e+01,-2.979449403399999952e+01,-2.518708095999999941e+01
1.751875875900000068e+01,-4.019308331500000264e+01,-2.630653460699999968e+01,-2.937267354800000163e+01,-2.613865388900000042e+01,-2.496625117800000027e+01
1.753876876900000070e+01,-3.047994336600000054e+01,-4.438846235999999834e+01,-2.494050189400000050e+01,-2.890018351100000160e+01,-1.275616429699999976e+01
1.755877877900000072e+01,-3.739797459500000087e+01,-3.498054466300000342e+01,-2.542447247100000141e+01,-3.012342009900000050e+01,-2.110806915499999903e+01
1.757878878900000075e+01,-3.270982700300000090e+01,-3.759877218999999826e+01,-2.049885050500000006e+01,-1.715489228699999913e+01,-3.098731503100000140e+01
1.759879879900000077e+01,-2.998615175600000171e+01,-3.349468054999999822e+01,-2.545949390099999832e+01,-4.033228638199999949e+01,-2.137887901999999940e+01
1.761880880900000079e+01,-2.581214977500000174e+01,-2.618657397699999834e+01,-2.566002489499999939e+01,-4.268800553500000206e+01,-1.933269387500000036e+01
1.763881881900000081e+01,-3.774056624600000021e+01,-3.526507953699999831e+01,-2.658442972699999984e+01,-3.359084558499999673e+01,-2.792153851300000156e+01
1.765882882900000084e+01,-4.451283105200000279e+01,-4.970659802899999846e+01,-2.665637315500000071e+01,-3.030635588299999839e+01,-2.469566329999999965e+01
1.767883883900000086e+01,-2.752970071600000068e+01,-2.473551964299999995e+01,-2.876063181700000015e+01,-3.719549481300000338e+01,-2.964855796799999865e+01
1.769884884900000088e+01,-3.565890046399999846e+01,-4.907682234100000329e+01,-2.624145941100000101e+01,-3.609798096600000150e+01,-2.343505358899999891e+01
1.771885885900000090e+01,-3.497321274899999821e+01,-4.184446414199999964e+01,-2.028277679900000052e+01,-2.734648440400000169e+01,-1.128533941200000079e+01
1.773886886900000093e+01,-2.834116892400000154e+01,-3.215194956399999882e+01,-2.353564797099999950e+01,-4.084735695999999905e+01,-2.821395820700000101e+01
1.775887887900000095e+01,-5.378907402200000121e+01,-3.583975321500000177e+01,-2.112998693999999844e+01,-1.622758318300000013e+01,-3.201389354199999815e+01
1.777888888900000097e+01,-3.045434253499999855e+01,-3.052431106299999897e+01,-2.810403941799999927e+01,-2.731620843900000040e+01,-2.760951065300000096e+01
1.779889889900000099e+01,-3.276963034999999991e+01,-3.804900476200000270e+01,-2.039006298099999981e+01,-1.978245343600000083e+01,-1.844818864399999825e+01
1.781890890900000102e+01,-3.585519587000000286e+01,-3.771705676199999857e+01,-2.335499026600000150e+01,-3.106284313100000105e+01,-3.129556492200000051e+01
1.783891891900000104e+01,-5.391722059800000011e+01,-2.976418507099999999e+01,-2.677308668999999952e+01,-2.421518629299999859e+01,-2.874449504600000083e+01
1.785892892900000106e+01,-2.572342135199999902e+01,-2.147779835700000106e+01,-2.451381019100000103e+01,-2.613117148699999959e+01,-2.569558319100000077e+01
1.787893893900000108e+01,-3.880326285900000016e+01,-3.870874549599999881e+01,-2.888984506599999946e+01,-2.944223446299999836e+01,-3.404318636200000014e+01
1.789894894900000111e+01,-3.334771138299999649e+01,-3.307794908000000333e+01,-2.618880766999999921e+01,-3.325103725000000310e+01,-2.681011077200000159e+01
1.791895895900000113e+01,-3.667261436300000099e+01,-2.958710572900000102e+01,-1.814830929100000034e+01,-1.668606079899999983e+01,-2.822969282800000101e+01
1.793896896900000115e+01,-3.478809029600000002e+01,-2.727346521500000165e+01,-4.853038412300000104e+00,-2.385179223400000215e+00,-2.872489634100000089e+01
1.795897897900000117e+01,-2.905671638999999828e+01,-2.827328323600000104e+01,-2.539772204300000169e+01,-2.933581636299999928e+01,-3.046665163000000121e+01
1.797898898900000120e+01,-3.295847250399999950e+01,-1.300185835799999978e+01,-2.786951753399999987e+01,-2.408126940700000063e+01,-3.168134195800000086e+01
1.799899899900000122e+01,-3.902458234099999856e+01,-2.739730479600000024e+01,-3.076700165300000123e+01,-3.133265384099999906e+01,-2.621880912399999985e+01
1.801900900900000124e+01,-4.348718695299999837e+01,-3.410987957700000095e+01,-2.239279007600000071e+01,-1.873762027700000132e+01,-2.911544617699999904e+01
1.803901901900000126e+01,-3.512736037300000191e+01,-3.479429446799999681e+01,-2.448334410200000022e+01,-2.905965978000000050e+01,-2.839339374400000082e+01
1.805902902900000129e+01,-3.522361515699999757e+01,-2.974796086299999942e+01,-2.895013382200000152e+01,-2.235671652199999926e+01,-3.949874631499999822e+01
1.807903903900000131e+01,-3.232935845000000086e+01,-3.956268789899999661e+01,-2.631844611600000050e+01,-2.769497377000000071e+01,-2.917043678299999954e+01
1.809904904900000133e+01,-3.874925022499999727e+01,-2.977090606899999869e+01,-3.024681502600000016e+01,-2.353260938400000057e+01,-2.709597903199999891e+01
1.811905905900000135e+01,-3.220908523699999648e+01,-1.582314861300000075e+01,-2.280269823400000107e+01,-2.890097572199999831e+01,-2.427406918499999833e+01
1.813906906900000138e+01,-4.175293855000000320e+01,-2.882731864100000152e+01,-2.317416570900000039e+01,-2.306373434800000055e+01,-2.467244566999999833e+01
1.815907907900000140e+01,-3.149193654800000175e+01,-3.277661521999999650e+01,-3.054460636800000017e+01,-2.136495724699999954e+01,-3.203382073200000235e+01
1.817908908900000142e+01,-4.304019618200000252e+01,-4.246702188900000152e+01,-2.437957544300000023e+01,-2.492483426800000146e+01,-2.870983813599999834e+01
1.819909909900000144e+01,-3.863442184299999838e+01,-3.434533086799999779e+01,-2.237461878199999887e+01,-2.361838217300000053e+01,-1.844038372400000014e+01
1.821910910900000147e+01,-3.355612243699999908e+01,-4.106209039699999863e+01,-3.036553434700000054e+01,-2.495810704599999852e+01,-3.310146046399999875e+01
1.823911911900000149e+01,-3.509919813399999811e+01,-3.002835399499999980e+01,-2.130279871100000122e+01,-2.613875693299999980e+01,-3.841041601100000236e+01
1.825912912900000151e+01,-4.386022801000000015e+01,-3.293921286300000162e+01,-2.757611338799999956e+01,-2.837715441499999969e+01,-4.833450509999999589e+00
1.827913913900000153e+01,-4.735178074800000303e+01,-3.173187189900000149e+01,-3.448789663400000194e+01,-2.381872388600000079e+01,-4.177134273499999750e+01
1.829914914900000156e+01,-3.497039278599999790e+01,-2.976234511299999852e+01,-2.532603551700000111e+01,-2.715792576600000174e+01,-3.389274425199999996e+01
1.831915915900000158e+01,-1.538052586100000063e+01,-4.913063094999999691e+01,-2.959851876200000120e+01,-2.785805629900000113e+01,-1.873551956500000060e+01
1.833916916900000160e+01,-4.573932873799999754e+01,-2.231572081299999866e+01,-2.737748654299999984e+01,-2.434035319499999872e+01,-2.446163308499999900e+01
1.835917917900000162e+01,-2.573825847499999853e+01,-3.239184008200000164e+01,-2.392639749199999954e+01,-1.837900807500000155e+01,-1.154101819599999956e+01
1.837918918900000165e+01,-3.449690393600000249e+01,-3.246729981499999695e+01,-2.402904062800000062e+01,-4.457330753600000151e+01,-2.636495547099999825e+01
1.839919919900000167e+01,-3.358944637900000174e+01,-3.319712137700000198e+01,-2.601326249499999932e+01,-2.353305738499999933e+01,-1.087934744999999914e+01
1.841920920900000169e+01,-1.764115801399999839e+01,-2.600634674300000171e+01,-2.388659011900000095e+01,-2.813434642700000055e+01,-2.660479093600000056e+01
1.843921921900000171e+01,-2.749483455400000054e+01,-2.763152408299999863e+01,-2.951562415800000139e+01,-2.475572226499999928e+01,-3.526334756899999689e+01
1.845922922900000174e+01,-2.894432916299999903e+01,-3.398829935100000199e+01,-1.555895149700000069e+01,-3.040022970500000099e+01,-2.938726289599999930e+01
1.847923923900000176e+01,-4.361108184399999743e+01,-2.881748339900000033e+01,-2.058491682300000036e+01,-2.420289878999999900e+01,-1.897863520900000012e+01
1.849924924899999823e+01,-6.137613930399999873e+01,-3.529655001500000111e+01,-2.752185989000000177e+01,-2.934240287800000146e+01,-1.928757145100000159e+01
1.851925925899999825e+01,-3.476845605700000164e+01,-3.192996415600000049e+01,-3.826486447300000293e+01,-2.579380236800000148e+01,-2.588406095799999918e+01
1.853926926899999827e+01,-3.828903884500000032e+01,-3.078324395799999991e+01,-2.792143931500000065e+01,-2.525411678400000071e+01,-2.363046766800000142e+01
1.855927927899999830e+01,-5.450924400499999933e+01,-4.241966432699999956e+01,-3.150439839299999889e+01,-2.346814540300000118e+01,-2.383010687200000177e+01
1.857928928899999832e+01,-2.928743338800000018e+01,-3.433402304700000229e+01,-3.672606627700000104e+01,-2.473384576600000173e+01,-3.145960720100000074e+01
1.859929929899999834e+01,-2.347716405999999978e+01,-3.028459908499999997e+01,-2.178307516599999971e+01,-2.745879564699999875e+01,-2.646962187900000174e+01
1.861930930899999836e+01,-2.692645086099999929e+01,-3.265914623999999833e+01,-3.670462268299999664e+01,-3.114478263000000169e+01,-3.648446071299999716e+01
1.863931931899999839e+01,-3.104034000700000107e+01,-3.214253811500000069e+01,-3.414472283300000299e+01,-3.279692106899999970e+01,-2.716226112500000056e+01
1.865932932899999841e+01,-3.522128330400000351e+01,-3.459361556000000348e+01,-2.193941868299999953e+01,-3.597752539900000102e+01,-2.668627813899999879e+01
1.867933933899999843e+01,-4.217352881000000053e+01,-3.436560782099999756e+01,-1.624683361499999990e+01,-1.220172048100000062e+01,-1.032017989799999924e+01
1.869934934899999845e+01,-5.267531556400000170e+01,-4.463307310799999783e+01,-2.534567639899999847e+01,-2.568131978399999937e+01,-2.337606765900000028e+01
1.871935935899999848e+01,-3.430377770399999804e+01,-3.388358346100000063e+01,-2.293964079199999873e+01,-1.578237720299999935e+01,-2.996303130500000123e+01
1.873936936899999850e+01,-2.086142953799999944e+01,-3.936048995899999881e+01,-2.424910051399999844e+01,-3.688492034400000108e+01,-2.812489635200000038e+01
1.875937937899999852e+01,-3.697341940799999804e+01,-3.046119646500000044e+01,-2.341442281599999831e+01,-2.522552802099999880e+01,-1.916586602900000003e+01
1.877938938899999854e+01,-3.829958680400000048e+01,-6.205242783500000314e+01,-1.796127370700000014e+01,-2.505376789800000026e+01,-1.117586512199999937e+01
1.879939939899999857e+01,-3.787100283699999892e+01,-2.215834015100000087e+01,-3.342155498399999658e+01,-2.582506485800000107e+01,-2.138040750800000112e+01
1.881940940899999859e+01,-4.258747176800000034e+01,-5.273705315499999813e+01,-2.828685112300000171e+01,-3.142536305899999860e+01,-2.508100474700000149e+01
1.883941941899999861e+01,-4.995601264199999747e+01,-4.371318935400000072e+01,-9.917993375300000025e+00,-8.977465375299999550e+00,-2.110009362099999919e+01
1.885942942899999863e+01,-2.524603393399999973e+01,-4.179288551599999835e+01,-1.996518561899999966e+01,-2.331242750499999872e+01,-2.407701142899999880e+01
1.887943943899999866e+01,-3.580975976500000257e+01,-2.181588691099999977e+01,-2.626344355699999866e+01,-1.867783251099999831e+01,-2.339898351800000142e+01
1.889944944899999868e+01,-4.071420552000000015e+01,-4.048324380799999744e+01,-3.607918033699999683e+01,-3.393721023599999853e+01,-3.765058870000000013e+01
1.891945945899999870e+01,-2.994961034199999972e+01,-3.594598978300000169e+01,-2.565956958700000001e+01,-2.517785740600000111e+01,-3.294058015899999958e+01
1.893946946899999872e+01,-5.054759285899999810e+01,-5.702754955399999659e+01,-2.931642324499999930e+01,-3.125480773700000015e+01,-2.483311521099999908e+01
1.895947947899999875e+01,-3.460212468600000335e+01,-3.708629651999999766e+01,-2.391197466299999874e+01,-3.073976308299999971e+01,-3.282006552400000032e+01
1.897948948899999877e+01,-2.863910569300000120e+01,-2.875104348300000012e+01,-2.474803492399999882e+01,-2.941835006599999858e+01,-1.953824541799999892e+01
1.899949949899999879e+01,-3.508788305499999893e+01,-6.187849963000000031e+01,-3.103759934500000028e+01,-3.697081755399999992e+01,-4.379754546899999923e+01
1.901950950999999890e+01,-4.460112829500000231e+01,-4.280172752899999722e+01,-3.353209098300000335e+01,-3.499087659500000314e+01,-2.650563382400000023e+01
1.903951951999999892e+01,-3.599554252099999729e+01,-2.367316881800000061e+01,-1.251001907000000024e+01,-2.190880956000000168e+01,-3.302063376600000311e+01
1.905952952999999894e+01,-4.713549593300000140e+01,-4.054715568799999659e+01,-2.657442004600000018e+01,-2.362091216600000010e+01,-3.445418609699999735e+01
1.907953953999999896e+01,-3.618719838500000208e+01,-3.819671366600000084e+01,-1.665767150799999996e+01,-1.225220291800000005e+01,-2.782224178199999898e+01
1.909954954999999899e+01,-2.839094357300000127e+01,-2.689214325300000041e+01,-2.239037063399999994e+01,-1.954888431599999876e+01,-1.898190426300000055e+01
1.911955955999999901e+01,-3.591336620700000282e+01,-4.893811728200000033e+01,-2.448853051100000044e+01,-4.646880394499999767e+01,-2.701768020000000092e+01
1.913956956999999903e+01,-3.500705292300000337e+01,-3.084064016099999961e+01,-3.063861975000000015e+01,-2.463364705800000110e+01,-1.672476017400000003e+01
1.915957957999999905e+01,-3.221385436300000293e+01,-4.456663030499999678e+01,-3.079241587099999933e+01,-3.231735157699999661e+01,-3.365832152000000121e+01
1.917958958999999908e+01,-3.175648481200000006e+01,-3.276946934099999709e+01,-2.210977217399999972e+01,-2.457810254800000038e+01,-4.329862484400000255e+01
1.919959959999999910e+01,-2.646552007200000034e+01,-2.809137581899999958e+01,-2.720788766700000139e+01,-2.274232004399999951e+01,-1.928564390700000075e+01
1.921960960999999912e+01,-3.399839842000000090e+01,-3.660456588899999986e+01,-2.478893357600000158e+01,-3.114917994199999995e+01,-3.259222701800000266e+01
1.923961961999999914e+01,-3.365546762599999653e+01,-5.357385844899999938e+01,-2.648279045099999962e+01,-3.291317331999999851e+01,-3.214688938199999768e+01
1.925962962999999917e+01,-2.542613106199999962e+01,-3.090172488600000023e+01,-2.252646729099999945e+01,-3.830409515699999901e+01,-3.758007903299999697e+01
1.927963963999999919e+01,-6.204872197099999909e+01,-4.339902869400000185e+01,-2.613368291000000099e+01,-2.810116336700000161e+01,-5.185837165800000292e+01
1.929964964999999921e+01,-4.394110470500000076e+01,-4.921910739399999812e+01,-4.040544714300000351e+01,-4.497242424099999880e+01,-3.667206733500000126e+01
1.931965965999999923e+01,-1.900040114700000160e+01,-3.176620848499999994e+01,-2.424661868100000106e+01,-3.389181448000000074e+01,-3.514069270800000311e+01
1.933966966999999926e+01,-4.097487095299999993e+01,-3.645164597800000195e+01,-2.341108441400000117e+01,-3.015574916199999933e+01,-3.618275217200000071e+01
1.935967967999999928e+01,-4.548804821499999917e+01,-5.308255701200000232e+01,-2.422636264799999850e+01,-3.093386685000000114e+01,-2.750530383399999934e+01
1.937968968999999930e+01,-2.638237491900000009e+01,-3.286166435599999858e+01,-2.877793659700000006e+01,-3.169243892000000073e+01,-2.589625181899999973e+01
1.939969969999999932e+01,-1.878009485500000153e+01,-4.989693543199999937e+01,-2.697567254399999825e+01,-3.326554957900000176e+01,-5.837083705500000264e+01
1.941970970999999935e+01,-3.603787703399999742e+01,-3.779360509499999665e+01,-2.565768488599999841e+01,-3.181732779700000080e+01,-5.463546823299999744e+01
1.943971971999999937e+01,-3.075605077699999867e+01,-4.150320082199999661e+01,-3.686304668399999684e+01,-3.243241264000000257e+01,-2.527447170099999951e+01
1.945972972999999939e+01,-4.931748058400000190e+01,-3.852467070099999802e+01,-2.903790696700000140e+01,-3.344986522800000017e+01,-3.514801761799999724e+01
1.947973973999999941e+01,-3.226224475899999788e+01,-3.687019766400000265e+01,-2.963815100200000074e+01,-4.142187309599999878e+01,-3.213253159599999975e+01
1.949974974999999944e+01,-5.715696877399999920e+01,-3.260637350599999706e+01,-3.920245962399999939e+01,-2.668819604500000153e+01,-3.493814841599999710e+01
1.951975975999999946e+01,-4.558220564799999863e+01,-3.670882139100000074e+01,-2.368064625099999887e+01,-3.078836931200000038e+01,-3.140288097899999897e+01
1.953976976999999948e+01,-3.149858788899999951e+01,-2.996689221600000153e+01,1.229974693299999977e+01,-4.735875526600000218e-01,-4.540652242900000246e+00
1.955977977999999950e+01,-3.212135769599999691e+01,-3.385023788200000183e+01,-2.097168392900000100e+01,-4.177125307400000054e+01,-5.001725043999999798e+01
1.957978978999999953e+01,-5.542694060000000178e+01,-5.180299757200000244e+01,-3.146631693300000165e+01,-3.374447399700000005e+01,-3.942420285299999705e+01
1.959979979999999955e+01,-4.380240844499999753e+01,-3.819243010900000002e+01,-3.817399371399999808e+01,-2.586104725499999901e+01,-3.295240392600000234e+01
1.961980980999999957e+01,-3.566455302800000027e+01,-4.375113134499999745e+01,-1.304325612000000056e+01,-4.677033400100000193e+01,-2.541104341999999860e+01
1.963981981999999959e+01,-3.879488853899999867e+01,-3.508340125099999796e+01,-3.656580378799999664e+01,-3.106840636300000114e+01,-2.646697872800000084e+01
1.965982982999999962e+01,-3.841156760500000189e+01,-2.675569469299999881e+01,-9.881073957499999505e-01,-3.591225076199999933e+01,-7.525318139200000367e+00
1.967983983999999964e+01,-2.866543625499999948e+01,-4.645159101000000135e+01,-2.832545980800000152e+01,-3.168523542100000157e+01,-3.537969254699999766e+01
1.969984984999999966e+01,-4.383711600000000175e+01,-4.785443858699999709e+01,-3.056496172199999961e+01,-5.210010995999999750e+01,-3.429081827899999979e+01
1.971985985999999968e+01,-2.425688340900000028e+01,-2.615243558699999937e+01,-3.904725812600000268e+01,-3.163148615600000113e+01,-3.558610312700000122e+01
1.973986986999999971e+01,-5.424407735999999858e+01,-4.084012117000000330e+01,-3.334590678899999716e+01,-3.782115578199999817e+01,-3.641722619499999780e+01
1.975987987999999973e+01,-6.101549249800000041e+01,-3.548263739000000072e+01,-3.519812806600000243e+01,-3.595673752399999756e+01,-4.026834679499999936e+01
1.977988988999999975e+01,-3.233118520000000018e+01,-4.386795629200000235e+01,-4.433797547900000069e+01,-4.426292798699999764e+01,-3.722909283900000332e+01
1.979989989999999977e+01,-3.656492398099999974e+01,-4.520056284799999702e+01,-1.698163253299999909e+01,-2.640912155999999911e+01,-2.478427031400000047e+01
1.981990990999999980e+01,-3.904286748199999835e+01,-3.638977937599999990e+01,-1.517240470499999994e+01,-2.192655580599999965e+01,-2.537939707600000006e+01
1.983991991999999982e+01,-2.750331905899999896e+01,-3.103829527999999982e+01,-3.143053219100000106e+01,-3.549913283200000080e+01,-3.304398347899999777e+01
1.985992992999999984e+01,-5.170614577700000325e+01,-4.485243651199999704e+01,-2.804406641299999947e+01,-2.571565833800000078e+01,-2.711068289299999989e+01
1.987993993999999986e+01,-2.584708278600000142e+01,-3.637304953799999652e+01,-2.399722765099999933e+01,-3.155347187099999928e+01,-3.910503251899999810e+01
1.989994994999999989e+01,-5.229294166500000074e+01,-3.868419045600000317e+01,-2.241333180599999864e+01,-2.656871489199999914e+01,-2.978966164699999908e+01
1.991995995999999991e+01,-5.028491814699999907e+01,-4.795893020900000181e+01,-2.010775079500000118e+01,-1.610106797199999917e+01,-2.686280700700000068e+01
1.993996996999999993e+01,-3.427996879999999891e+01,-3.480848915299999646e+01,-2.482928270300000051e+01,-2.941870598699999917e+01,-3.457496337100000261e+01
1.995997997999999995e+01,-3.883471798600000113e+01,-4.129592533200000304e+01,-2.938600762800000155e+01,-4.138026896400000254e+01,-3.413140238599999776e+01
1.997998998999999998e+01,-3.478912617600000345e+01,-5.515774433699999690e+01,-2.946246067299999893e+01,-3.686561352399999691e+01,-3.308272349500000331e+01
2.000000000000000000e+01,-2.062671195500000110e+01,-1.987421396199999890e+01,-3.290786021899999980e+01,-2.337463965199999905e+01,-2.305586963800000078e+01
