freq_GHz,S21_dB,S31_dB,S41_dB,S51_dB,S61_dB
1.000000000000000021e-02,-7.833255925000000275e+01,-7.522311652199999799e+01,-7.269531630999999550e+01,-8.750317010700000253e+01,-7.230677427599999874e+01
3.001001001000000099e-02,-8.545153077499999483e+01,-7.907719567799999538e+01,-7.618514724599999965e+01,-8.063564062999999749e+01,-8.338983955400000525e+01
5.002002002000000003e-02,-8.200631149999999536e+01,-7.810579412799999943e+01,-8.968456974599999398e+01,-7.893440027900000189e+01,-7.366967608999999584e+01
7.003003002999999560e-02,-9.495998893200000168e+01,-7.294044433300000208e+01,-8.056906120200000032e+01,-8.186481580599999575e+01,-7.363559819399999640e+01
9.004004004000000505e-02,-8.701590122899999358e+01,-9.110099818599999821e+01,-8.313100809899999888e+01,-8.016297412500000519e+01,-9.034782282099999406e+01
1.100500500500000006e-01,-7.526325548299999468e+01,-8.333114457400000674e+01,-7.757372569199999646e+01,-8.028522474300000056e+01,-8.104260117500000149e+01
1.300600600600000101e-01,-8.081156624700000179e+01,-8.278985469399999886e+01,-7.808100041500000543e+01,-8.895417007300000023e+01,-9.038684631200000297e+01
1.500700700700000056e-01,-8.258336794400000258e+01,-8.924709929099999783e+01,-8.292186300000000188e+01,-8.004611325000000477e+01,-7.966206845899999678e+01
1.700800800800000012e-01,-8.093577550700000245e+01,-8.297566996000000472e+01,-8.716912167300000647e+01,-8.192111431200000027e+01,-8.701881299500000466e+01
1.900900900899999968e-01,-7.683205056699999602e+01,-7.561871900399999902e+01,-7.474026719900000160e+01,-8.824812044799999455e+01,-7.662671064200000615e+01
2.101001000999999924e-01,-9.637800989500000526e+01,-8.044291466299999627e+01,-8.394367145500000049e+01,-7.805630085399999984e+01,-7.742255171799999403e+01
2.301101101100000157e-01,-8.235822551699999394e+01,-8.497143409699999950e+01,-9.058301034900000559e+01,-8.522373879399999907e+01,-8.881958096500000011e+01
2.501201201200000113e-01,-8.001341613300000688e+01,-7.777167718299999422e+01,-8.190767108800000074e+01,-8.110601973699999689e+01,-8.308185317900000655e+01
2.701301301299999791e-01,-7.931585229899999945e+01,-8.351842830900000081e+01,-8.280695398500000692e+01,-7.488602994699999726e+01,-7.917924301300000423e+01
2.901401401400000024e-01,-8.659921715400000153e+01,-8.170791613400000131e+01,-8.561892176000000632e+01,-8.368223224000000471e+01,-7.572989817399999879e+01
3.101501501499999702e-01,-7.484134712899999897e+01,-1.019930407899999949e+02,-7.983644383700000446e+01,-8.301086843500000612e+01,-7.929534676999999476e+01
3.301601601600000491e-01,-7.780926289800000006e+01,-8.477952878199999986e+01,-7.804491559100000586e+01,-7.774526231299999779e+01,-7.585235574799999370e+01
3.501701701700000169e-01,-7.972169778100000315e+01,-7.223515673500000389e+01,-7.310049251300000606e+01,-7.886495056799999759e+01,-7.226170888900000477e+01
3.701801801799999847e-01,-7.428436247499999467e+01,-8.631433248800000513e+01,-7.979060635700000148e+01,-7.867320208600000342e+01,-7.726151785300000085e+01
3.901901901900000080e-01,-9.249031020500000011e+01,-7.629782615499999565e+01,-7.113263201099999833e+01,-7.432606762599999684e+01,-7.555974167799999464e+01
4.102002001999999758e-01,-7.170461620599999719e+01,-8.933521011800000622e+01,-7.776283774499999879e+01,-8.094159960999999726e+01,-7.610243582399999696e+01
4.302102102099999992e-01,-7.662482017799999312e+01,-7.898745092800000123e+01,-8.192975370800000690e+01,-7.571989161199999785e+01,-7.562118840499999806e+01
4.502202202200000225e-01,-7.008347107699999867e+01,-8.200315286900000444e+01,-7.678075149599999349e+01,-8.046315344799999991e+01,-7.623126279800000304e+01
4.702302302300000458e-01,-8.128269152800000086e+01,-7.898242181899999537e+01,-7.810944918799999925e+01,-7.924406340000000171e+01,-7.094665360599999815e+01
4.902402402400000136e-01,-8.553308892100000094e+01,-7.475917508999999939e+01,-7.554794781500000056e+01,-8.710286282799999924e+01,-7.085799849100000358e+01
5.102502502500000370e-01,-7.777248954799999581e+01,-8.461861315500000558e+01,-7.662894559400000105e+01,-7.134289499400000523e+01,-6.869701564099999302e+01
5.302602602599999493e-01,-7.474131366199999604e+01,-9.170089060200000119e+01,-8.193596609399999409e+01,-7.877269055700000422e+01,-6.201218649300000152e+01
5.502702702699999726e-01,-7.582636011900000028e+01,-6.893669530900000098e+01,-7.389230180399999881e+01,-8.078800245399999369e+01,-6.348607254899999930e+01
5.702802802799999959e-01,-7.093357562900000346e+01,-7.556503893400000038e+01,-6.627758078099999750e+01,-7.195709178399999928e+01,-5.844083535800000107e+01
5.902902902899999082e-01,-7.249235440799999708e+01,-7.408378855899999849e+01,-6.177798725499999932e+01,-8.501645091100000684e+01,-5.726402069499999925e+01
6.103003002999999316e-01,-7.010068474800000615e+01,-6.938517914300000200e+01,-6.660260559799999669e+01,-6.612426985300000126e+01,-5.645339445199999773e+01
6.303103103099999549e-01,-7.749527654999999982e+01,-7.571025748899999996e+01,-6.110694710399999963e+01,-7.122191034600000137e+01,-5.361054201099999972e+01
6.503203203200000893e-01,-8.444712681999999404e+01,-7.346129597799999544e+01,-5.695434351299999776e+01,-6.755762766399999464e+01,-5.109837391899999659e+01
6.703303303300000016e-01,-7.337974993900000698e+01,-6.766455110600000467e+01,-5.655530233000000351e+01,-7.381461394400000131e+01,-4.943945939900000042e+01
6.903403403400000249e-01,-7.723578413399999931e+01,-6.710344741199999419e+01,-5.703529450500000308e+01,-6.640866685400000335e+01,-4.856060668500000332e+01
7.103503503500000482e-01,-6.619905157700000586e+01,-6.954352860800000258e+01,-5.539348971100000085e+01,-7.298907209300000432e+01,-4.822543665399999924e+01
7.303603603599999605e-01,-6.060196546200000256e+01,-6.170113732299999754e+01,-5.479521724699999652e+01,-8.309140619699999775e+01,-4.705126276800000085e+01
7.503703703699999839e-01,-5.940290251700000113e+01,-7.387707643500000643e+01,-5.299080608799999936e+01,-7.371149265399999706e+01,-4.598974923200000120e+01
7.703803803800000072e-01,-5.931954731300000105e+01,-5.666401541799999819e+01,-5.176463977400000260e+01,-6.700633662799999968e+01,-4.582265343899999976e+01
7.903903903900000305e-01,-5.555442490800000144e+01,-5.578676737199999991e+01,-5.071875266400000015e+01,-7.645432008599999563e+01,-4.532637282000000312e+01
8.104004003999999428e-01,-5.684310048399999715e+01,-5.683060861700000288e+01,-5.147652694100000303e+01,-6.705214326799999469e+01,-4.518067695700000286e+01
8.304104104099999661e-01,-5.597403959900000103e+01,-5.589251799099999829e+01,-5.215180033600000087e+01,-6.399956388100000026e+01,-4.477127433100000076e+01
8.504204204199999895e-01,-5.427868851099999858e+01,-5.345327318199999667e+01,-5.024403171699999859e+01,-6.544001019099999894e+01,-4.375162302199999687e+01
8.704304304299999018e-01,-5.342880348300000293e+01,-5.395362072900000072e+01,-4.844517694299999988e+01,-6.333526156899999648e+01,-4.282678705299999677e+01
8.904404404400000361e-01,-5.173365235800000050e+01,-5.406116856900000300e+01,-4.771754325300000232e+01,-6.392197676699999676e+01,-4.213414739400000286e+01
9.104504504500000595e-01,-5.305833246099999911e+01,-5.725093961400000353e+01,-4.781959383699999933e+01,-6.192049828500000075e+01,-4.147096251100000330e+01
9.304604604600000828e-01,-5.303192364000000225e+01,-6.154415021700000210e+01,-4.667672813299999746e+01,-5.982274167599999970e+01,-4.125422124499999654e+01
9.504704704699999951e-01,-5.322882817800000055e+01,-5.807740319799999895e+01,-4.730755589399999650e+01,-6.185497748600000278e+01,-4.147658965600000158e+01
9.704804804800000184e-01,-5.561025915100000105e+01,-5.688190128499999787e+01,-4.774635411399999896e+01,-6.365176405999999787e+01,-4.286568650699999949e+01
9.904904904900000417e-01,-5.612561174799999719e+01,-5.895382429200000018e+01,-4.899846373799999810e+01,-6.459353051799999434e+01,-4.394822612800000172e+01
1.010500500500000065e+00,-6.050055133200000057e+01,-5.984291409099999726e+01,-4.911178762400000153e+01,-6.299211788299999881e+01,-4.492639216199999908e+01
1.030510510500000088e+00,-6.431585063800000057e+01,-6.323693362499999893e+01,-4.907380297699999971e+01,-6.913380715799999621e+01,-4.433650892499999685e+01
1.050520520500000110e+00,-6.663859672399999567e+01,-6.821894067600000255e+01,-4.944026895199999672e+01,-6.430150261100000364e+01,-4.342358121600000231e+01
1.070530530499999911e+00,-6.071833297599999923e+01,-6.218159501600000283e+01,-4.928593058700000284e+01,-6.551633833900000070e+01,-4.380892150500000071e+01
1.090540540499999933e+00,-6.240014178199999861e+01,-6.208185856699999761e+01,-4.867409740699999787e+01,-6.746558180600000298e+01,-4.303498682000000031e+01
1.110550550599999964e+00,-7.692804390899999589e+01,-6.596986041099999909e+01,-4.901010111899999799e+01,-6.836918811500000004e+01,-4.247392516400000062e+01
1.130560560599999986e+00,-6.711358666700000697e+01,-7.231940933900000346e+01,-4.723734899299999768e+01,-7.489425811300000646e+01,-4.181999244899999724e+01
1.150570570600000009e+00,-8.150781564400000434e+01,-6.198586018299999978e+01,-4.762629315299999888e+01,-6.902545677599999863e+01,-4.201156245800000022e+01
1.170580580599999809e+00,-7.436410877999999514e+01,-6.219992005200000307e+01,-4.697665280500000051e+01,-6.213594813600000322e+01,-4.173071945699999930e+01
1.190590590599999832e+00,-6.812784944700000267e+01,-7.041478502500000047e+01,-4.694407512099999735e+01,-6.223035978299999726e+01,-4.165695191300000033e+01
1.210600600599999854e+00,-6.999424366799999575e+01,-6.352580058899999926e+01,-4.703083877800000323e+01,-7.004188687100000266e+01,-4.082772909100000192e+01
1.230610610599999877e+00,-6.985750930300000050e+01,-6.217348888800000140e+01,-4.581700384399999848e+01,-6.315370845599999683e+01,-4.041071523699999801e+01
1.250620620599999899e+00,-6.201660191599999905e+01,-6.464294487899999808e+01,-4.619790623400000129e+01,-6.565185481400000356e+01,-3.950093637700000215e+01
1.270630630599999922e+00,-7.179533563900000104e+01,-6.416821434300000249e+01,-4.420000704600000319e+01,-6.083864219200000178e+01,-3.856826761599999998e+01
1.290640640599999944e+00,-6.665703832699999509e+01,-6.689651258000000666e+01,-4.298227968199999793e+01,-5.806296014299999797e+01,-3.812209445300000255e+01
1.310650650699999975e+00,-6.494740256500000442e+01,-7.691602912800000524e+01,-4.279118228400000135e+01,-5.681902632900000327e+01,-3.788351227300000090e+01
1.330660660699999998e+00,-5.502657451799999677e+01,-5.884243920699999819e+01,-4.245889077999999728e+01,-5.922494104500000134e+01,-3.734283815199999879e+01
1.350670670700000020e+00,-5.465417732400000261e+01,-6.010314512400000098e+01,-4.351027766200000002e+01,-5.783061702199999843e+01,-3.686275010500000349e+01
1.370680680700000043e+00,-5.614694664700000004e+01,-5.693877823700000107e+01,-4.335524864799999989e+01,-5.805612209699999937e+01,-3.607329033300000276e+01
1.390690690700000065e+00,-5.610268914299999921e+01,-5.563413431800000097e+01,-4.167575760599999768e+01,-5.443174658800000287e+01,-3.518628012500000324e+01
1.410700700700000088e+00,-5.671333997899999702e+01,-5.450921291699999927e+01,-4.081742412900000261e+01,-5.537953216700000070e+01,-3.444411679899999967e+01
1.430710710700000110e+00,-5.829011505399999749e+01,-5.567610079100000320e+01,-3.949743250899999936e+01,-5.370295468999999855e+01,-3.351121733400000124e+01
1.450720720700000133e+00,-6.016051425900000282e+01,-5.753135740900000172e+01,-3.847344813299999799e+01,-5.350679091899999662e+01,-3.259930399600000328e+01
1.470730730700000155e+00,-5.742706327199999805e+01,-5.910159592200000134e+01,-3.827926181699999830e+01,-5.662068229799999841e+01,-3.183758893799999967e+01
1.490740740699999956e+00,-5.279596675100000169e+01,-6.224687888300000083e+01,-3.811900423000000160e+01,-5.854495402599999920e+01,-3.136520528300000166e+01
1.510750750799999986e+00,-5.175032076299999773e+01,-5.324589367400000128e+01,-3.592731442299999856e+01,-5.928977641299999846e+01,-3.098373449199999996e+01
1.530760760800000009e+00,-5.097662912199999852e+01,-5.161673768200000012e+01,-3.447049748100000244e+01,-7.516344314600000587e+01,-2.989160647199999943e+01
1.550770770800000031e+00,-5.028501397699999842e+01,-5.432222533099999850e+01,-3.328843714700000334e+01,-6.571367044199999441e+01,-2.920933101500000006e+01
1.570780780800000054e+00,-5.169469052400000209e+01,-5.500609780100000279e+01,-3.283790301700000214e+01,-5.879224597000000330e+01,-2.867299776600000172e+01
1.590790790799999854e+00,-5.001927972099999664e+01,-5.688821394899999717e+01,-3.221335134899999986e+01,-5.971175357100000269e+01,-2.874647538199999985e+01
1.610800800799999877e+00,-4.969092779399999671e+01,-5.562054926300000091e+01,-3.215387386199999753e+01,-5.694595938799999857e+01,-2.868581489600000012e+01
1.630810810799999899e+00,-4.695436613999999764e+01,-5.040102646199999725e+01,-3.170840231700000089e+01,-5.316492408199999886e+01,-2.866196563600000147e+01
1.650820820799999922e+00,-4.582354199899999969e+01,-5.043683486700000174e+01,-3.114990405900000070e+01,-5.124176448699999753e+01,-2.832671424300000140e+01
1.670830830799999944e+00,-4.464045045900000019e+01,-6.237464769300000000e+01,-3.070579282599999971e+01,-5.070944613700000048e+01,-2.820180541599999913e+01
1.690840840799999967e+00,-4.302804248000000342e+01,-5.543935441899999716e+01,-3.002323313799999838e+01,-5.385147972200000055e+01,-2.819247066000000146e+01
1.710850850899999998e+00,-4.211449729200000291e+01,-4.875947234600000257e+01,-2.915878951299999855e+01,-5.733258573300000194e+01,-2.790554077599999871e+01
1.730860860900000020e+00,-4.319645346600000124e+01,-4.737064733199999722e+01,-2.894501398699999939e+01,-5.176493024799999887e+01,-2.748692529499999893e+01
1.750870870900000043e+00,-4.355932173200000079e+01,-5.070623764900000197e+01,-3.031791614200000140e+01,-5.019537786899999787e+01,-2.675405420899999953e+01
1.770880880900000065e+00,-4.462888555800000034e+01,-5.350145047499999862e+01,-3.042453798100000029e+01,-4.849064207600000032e+01,-2.662928620099999932e+01
1.790890890900000088e+00,-4.635795697500000045e+01,-5.191729193799999820e+01,-3.085597086699999991e+01,-5.296129905899999812e+01,-2.676580295999999848e+01
1.810900900900000110e+00,-4.621294727600000130e+01,-5.424229034700000085e+01,-3.135679155400000084e+01,-5.388746971100000138e+01,-2.732553045599999919e+01
1.830910910900000133e+00,-4.926720636099999950e+01,-6.185043575800000326e+01,-3.236498229400000071e+01,-5.407937707600000010e+01,-2.839103750900000023e+01
1.850920920900000155e+00,-5.288304239899999715e+01,-6.134290003400000302e+01,-3.301069602700000161e+01,-5.529941003199999727e+01,-2.943208069599999988e+01
1.870930930900000178e+00,-5.230394997300000171e+01,-5.600977203299999729e+01,-3.327986403900000312e+01,-5.449633217099999882e+01,-3.026372771799999839e+01
1.890940940900000200e+00,-5.473520571899999965e+01,-6.298465666799999951e+01,-3.364975884399999728e+01,-5.990385015999999752e+01,-3.085130998600000041e+01
1.910950951000000009e+00,-5.593051405599999981e+01,-7.535346760400000221e+01,-3.365119605999999663e+01,-5.784197694299999881e+01,-3.157901387400000104e+01
1.930960961000000031e+00,-5.403341782700000095e+01,-5.923957516699999815e+01,-3.333348272900000353e+01,-5.520339917999999813e+01,-3.162467583100000112e+01
1.950970971000000054e+00,-5.727801641799999999e+01,-5.401733791299999865e+01,-3.338118536599999686e+01,-5.324829764300000079e+01,-3.119403356500000157e+01
1.970980981000000076e+00,-5.567818338800000078e+01,-5.466194874100000334e+01,-3.339422043399999751e+01,-5.524056214099999806e+01,-3.077117896100000038e+01
1.990990991000000099e+00,-5.129050648900000198e+01,-5.592262438099999855e+01,-3.310393482700000334e+01,-5.634064069600000124e+01,-3.041108243000000044e+01
2.011001000999999899e+00,-5.067020705899999911e+01,-5.748105756599999694e+01,-3.282335470999999671e+01,-5.753995032699999967e+01,-3.004489115299999824e+01
2.031011010999999922e+00,-4.942136630299999922e+01,-5.646809055100000307e+01,-3.303866296500000033e+01,-5.624015079099999781e+01,-2.967163346799999957e+01
2.051021020999999944e+00,-5.034711985399999890e+01,-5.321119466999999759e+01,-3.264249364399999820e+01,-5.897568818999999962e+01,-2.959002776399999846e+01
2.071031030999999967e+00,-5.224040655900000019e+01,-5.020367482799999692e+01,-3.245562587500000262e+01,-6.531691452600000503e+01,-2.970880569499999879e+01
2.091041040999999989e+00,-5.470858909599999720e+01,-4.861248445799999729e+01,-3.239966306600000223e+01,-5.882743983600000348e+01,-2.964206143599999876e+01
2.111051051100000020e+00,-5.247444066700000320e+01,-4.847140622900000295e+01,-3.254608786299999679e+01,-5.745408215500000182e+01,-2.955514748099999878e+01
2.131061061100000043e+00,-5.187834963200000260e+01,-4.731777259100000066e+01,-3.273747696600000268e+01,-5.340538863399999769e+01,-2.995332780400000061e+01
2.151071071100000065e+00,-4.888067801199999707e+01,-4.786788145500000269e+01,-3.255185599200000013e+01,-5.167965511999999961e+01,-3.003353656999999899e+01
2.171081081100000088e+00,-5.134351322199999856e+01,-5.025557122899999740e+01,-3.244782556500000226e+01,-5.047958513399999703e+01,-3.027593974799999899e+01
2.191091091100000110e+00,-5.041006535199999661e+01,-5.062166764900000260e+01,-3.215015101499999872e+01,-5.048635817000000259e+01,-3.080035075500000019e+01
2.211101101099999688e+00,-4.876109647999999908e+01,-5.106405110299999706e+01,-3.208902635500000144e+01,-5.256735272600000286e+01,-3.190241833900000046e+01
2.231111111099999711e+00,-4.852708723599999985e+01,-5.094480469300000181e+01,-3.211008839699999839e+01,-5.403611636000000118e+01,-3.212286422900000105e+01
2.251121121099999733e+00,-4.935165918700000276e+01,-5.350100750000000005e+01,-3.226724062299999929e+01,-5.720616961900000064e+01,-3.208537523300000061e+01
2.271131131099999756e+00,-5.011876343899999853e+01,-5.500575068900000275e+01,-3.241165066100000303e+01,-6.023727485199999876e+01,-3.223185314900000265e+01
2.291141141099999778e+00,-5.129190933699999988e+01,-5.274558234900000286e+01,-3.263895302400000276e+01,-6.753770736699999588e+01,-3.233689020599999964e+01
2.311151151199999809e+00,-5.500484433399999773e+01,-5.036031331000000222e+01,-3.268094884900000352e+01,-6.902924486999999942e+01,-3.210796369399999861e+01
2.331161161199999832e+00,-5.489257289100000037e+01,-5.203486074100000280e+01,-3.232346989700000250e+01,-6.234672882800000338e+01,-3.127733437299999864e+01
2.351171171199999854e+00,-5.330539436000000109e+01,-5.009227876900000354e+01,-3.168857732400000060e+01,-5.889321187200000196e+01,-3.050926248400000063e+01
2.371181181199999877e+00,-5.262515905000000060e+01,-4.829445396500000243e+01,-3.078289038799999844e+01,-5.505252796900000334e+01,-2.962315676600000103e+01
2.391191191199999899e+00,-5.263251796200000143e+01,-4.847242084700000220e+01,-3.039462568800000142e+01,-5.661927183899999960e+01,-2.845516415699999868e+01
2.411201201199999922e+00,-4.989247786899999682e+01,-5.072260963699999792e+01,-3.015224167099999875e+01,-5.444623429100000322e+01,-2.779508481499999917e+01
2.431211211199999944e+00,-5.072265568099999911e+01,-5.086741551800000138e+01,-3.000624913400000082e+01,-5.265475517499999825e+01,-2.734750928600000108e+01
2.451221221199999967e+00,-4.904587137600000091e+01,-4.989964277899999701e+01,-2.955062978899999848e+01,-5.319907307399999752e+01,-2.738506013399999972e+01
2.471231231199999989e+00,-5.064809120700000022e+01,-5.185312495699999857e+01,-2.938615123900000015e+01,-5.747038269400000132e+01,-2.745488052400000001e+01
2.491241241200000012e+00,-5.052162418900000063e+01,-5.016476816699999830e+01,-2.936369842899999938e+01,-6.109378476100000199e+01,-2.761435973800000099e+01
2.511251251300000042e+00,-4.927394256099999836e+01,-5.009473141899999860e+01,-2.957536797999999933e+01,-5.433803673100000253e+01,-2.768897928199999825e+01
2.531261261300000065e+00,-5.032050164000000336e+01,-4.913132910899999928e+01,-3.021702414499999989e+01,-5.545543159999999716e+01,-2.810688236900000092e+01
2.551271271300000087e+00,-5.494269150099999877e+01,-5.312904878999999880e+01,-3.047655726500000029e+01,-5.620066648299999912e+01,-2.861546066600000060e+01
2.571281281300000110e+00,-5.268393036100000160e+01,-4.866516831399999887e+01,-3.031666209899999842e+01,-6.070696918099999806e+01,-2.902114245199999942e+01
2.591291291300000132e+00,-5.683547716199999655e+01,-4.763865641600000345e+01,-3.087153636600000084e+01,-5.924635870400000215e+01,-2.962957756200000148e+01
2.611301301300000155e+00,-6.084198563599999687e+01,-4.780985683699999811e+01,-3.081769145899999884e+01,-6.205235994400000266e+01,-3.003760218300000062e+01
2.631311311300000177e+00,-5.890777934799999827e+01,-4.808080073299999668e+01,-3.106211808899999838e+01,-5.770443487800000071e+01,-3.077264928199999972e+01
2.651321321300000200e+00,-6.088416720600000076e+01,-4.796198740900000246e+01,-3.113306600399999979e+01,-5.825993367400000267e+01,-3.127864101999999846e+01
2.671331331300000222e+00,-5.824936694200000176e+01,-4.749536732699999675e+01,-3.129203704900000105e+01,-5.191182127599999774e+01,-3.187074968499999983e+01
2.691341341300000245e+00,-6.100796672500000284e+01,-4.820909891699999861e+01,-3.131255980399999927e+01,-5.421123585600000183e+01,-3.261720148599999902e+01
2.711351351400000276e+00,-5.956968592700000187e+01,-4.840111512200000021e+01,-3.127484290499999986e+01,-5.506858413999999868e+01,-3.292011391900000206e+01
2.731361361400000298e+00,-5.507457811500000133e+01,-5.069975844100000018e+01,-3.139444078900000079e+01,-5.794918158099999772e+01,-3.317469913699999751e+01
2.751371371399999877e+00,-5.880823506099999776e+01,-4.919244763900000095e+01,-3.125362567899999888e+01,-6.107086644500000006e+01,-3.323165386600000204e+01
2.771381381399999899e+00,-5.617166460499999658e+01,-5.033566603300000253e+01,-3.113577853800000028e+01,-5.807761251000000158e+01,-3.313751218600000215e+01
2.791391391399999922e+00,-5.370564530699999750e+01,-5.709545860000000062e+01,-3.081311827400000070e+01,-5.969318371899999676e+01,-3.307050805400000115e+01
2.811401401399999944e+00,-5.300767246600000249e+01,-5.600617543300000278e+01,-3.073524902999999853e+01,-5.987870236500000232e+01,-3.310760329099999666e+01
2.831411411399999967e+00,-5.538398794500000122e+01,-5.535294637399999829e+01,-3.062293058899999920e+01,-6.167544722600000284e+01,-3.341716562900000298e+01
2.851421421399999989e+00,-5.474713473199999925e+01,-6.001955448999999732e+01,-3.039684825699999848e+01,-6.304718065099999791e+01,-3.383079300400000022e+01
2.871431431400000012e+00,-5.442554021699999822e+01,-6.313662061499999822e+01,-2.991294056899999987e+01,-5.884820594300000351e+01,-3.474375260299999724e+01
2.891441441400000034e+00,-5.127502348800000220e+01,-6.854834671499999388e+01,-2.959103176800000057e+01,-6.019398554699999693e+01,-3.556617653499999676e+01
2.911451451500000065e+00,-4.909460697099999749e+01,-6.971269864500000324e+01,-2.964748262699999870e+01,-6.169488315200000272e+01,-3.588381499100000127e+01
2.931461461500000087e+00,-5.260368217900000332e+01,-6.310951831999999939e+01,-2.954559681900000001e+01,-6.740300483800000109e+01,-3.586266006599999656e+01
2.951471471500000110e+00,-4.987152490599999766e+01,-5.738433347000000140e+01,-2.918504930699999989e+01,-5.662522394999999875e+01,-3.611299923499999665e+01
2.971481481500000132e+00,-4.895751534200000066e+01,-5.527850963400000239e+01,-2.886748884500000045e+01,-5.975900431600000218e+01,-3.595999475499999676e+01
2.991491491500000155e+00,-4.997735207499999888e+01,-5.413501882900000339e+01,-2.864827322600000059e+01,-5.574258417600000115e+01,-3.546297981499999707e+01
3.011501501500000177e+00,-4.782767188999999775e+01,-5.566972548599999726e+01,-2.861019748400000040e+01,-5.428669018299999749e+01,-3.546641213499999878e+01
3.031511511500000200e+00,-4.723204441699999734e+01,-5.277704174299999806e+01,-2.843058640499999967e+01,-5.684325713900000210e+01,-3.431276293100000174e+01
3.051521521499999778e+00,-4.634375570400000299e+01,-7.007988242300000081e+01,-2.851703549200000154e+01,-5.469516269199999670e+01,-3.359794906700000183e+01
3.071531531499999801e+00,-4.597120041800000223e+01,-6.279301191700000118e+01,-2.822604163000000099e+01,-5.599286231100000322e+01,-3.281453901300000098e+01
3.091541541499999823e+00,-4.633732779500000021e+01,-5.140716078799999877e+01,-2.798082472700000167e+01,-5.967114480200000060e+01,-3.191695117200000098e+01
3.111551551599999854e+00,-4.556827190500000313e+01,-4.907023772899999869e+01,-2.777646293300000124e+01,-5.591078122599999745e+01,-3.101545126099999905e+01
3.131561561599999877e+00,-4.529403355200000192e+01,-4.971178059900000079e+01,-2.750892628200000090e+01,-5.295588776299999978e+01,-3.034255172700000003e+01
3.151571571599999899e+00,-4.437691707300000132e+01,-4.859568654899999984e+01,-2.737561814000000027e+01,-5.597758512400000086e+01,-2.970032761199999882e+01
3.171581581599999922e+00,-4.430892362499999848e+01,-4.988590772399999906e+01,-2.730778558400000122e+01,-5.578514222900000163e+01,-2.894420073799999926e+01
3.191591591599999944e+00,-4.467942749499999877e+01,-4.964606263200000313e+01,-2.708568141599999990e+01,-5.220930837899999943e+01,-2.831946638999999877e+01
3.211601601599999967e+00,-4.520489071400000114e+01,-4.824700072600000311e+01,-2.685459029900000161e+01,-5.525017027599999864e+01,-2.789132921299999879e+01
3.231611611599999989e+00,-4.686466458400000334e+01,-4.728804435899999703e+01,-2.661426548300000050e+01,-5.831557164800000237e+01,-2.719189373300000057e+01
3.251621621600000012e+00,-4.657951072200000198e+01,-5.006303935100000047e+01,-2.672084609899999919e+01,-5.517416679099999754e+01,-2.657863194800000173e+01
3.271631631600000034e+00,-4.359702528300000068e+01,-5.046262522199999978e+01,-2.653090421199999938e+01,-5.664287207299999949e+01,-2.606271419699999825e+01
3.291641641600000057e+00,-4.163447035200000101e+01,-4.987118407999999903e+01,-2.649382756700000030e+01,-5.531371747699999730e+01,-2.555554453599999931e+01
3.311651651699999643e+00,-4.143972684799999939e+01,-5.028207532900000132e+01,-2.634700848399999984e+01,-5.855862222900000091e+01,-2.513877189900000175e+01
3.331661661699999666e+00,-4.165313486200000170e+01,-4.938154373599999758e+01,-2.635980260899999905e+01,-6.067582068699999809e+01,-2.499154535599999960e+01
3.351671671699999688e+00,-4.088288137499999664e+01,-5.070908021599999671e+01,-2.621862194299999871e+01,-6.009914317399999817e+01,-2.475194973099999984e+01
3.371681681699999711e+00,-4.051469227599999812e+01,-5.031632305299999786e+01,-2.619787770299999963e+01,-5.497855838800000328e+01,-2.454978313699999859e+01
3.391691691699999733e+00,-4.057537839799999801e+01,-5.108818152599999962e+01,-2.619844749900000025e+01,-5.465984757199999677e+01,-2.415478288299999932e+01
3.411701701699999756e+00,-4.053642764199999959e+01,-5.162495230599999729e+01,-2.627909328899999863e+01,-5.738190197499999812e+01,-2.402207174600000172e+01
3.431711711699999778e+00,-4.117197810300000071e+01,-4.877838493000000142e+01,-2.629105031499999967e+01,-5.220598591899999974e+01,-2.362805022699999924e+01
3.451721721699999801e+00,-4.248820812600000352e+01,-4.544551098000000167e+01,-2.648371193799999901e+01,-5.470232253399999678e+01,-2.324501649600000164e+01
3.471731731699999823e+00,-4.089268723699999697e+01,-4.837871752299999883e+01,-2.657801319900000081e+01,-5.091280065699999824e+01,-2.287500876100000013e+01
3.491741741699999846e+00,-4.100189531200000204e+01,-5.077623570200000103e+01,-2.668365980200000109e+01,-5.827087439400000335e+01,-2.263159718500000039e+01
3.511751751800000321e+00,-4.150001414100000119e+01,-4.750049611000000027e+01,-2.710001746600000061e+01,-5.650060254099999923e+01,-2.215238688499999853e+01
3.531761761800000343e+00,-4.091676386900000040e+01,-4.733392921800000153e+01,-2.688312711200000038e+01,-6.162206113300000254e+01,-2.188895124000000081e+01
3.551771771800000366e+00,-3.968238510999999846e+01,-4.803189556099999891e+01,-2.682180413800000096e+01,-5.489643975300000278e+01,-2.166638568300000145e+01
3.571781781800000388e+00,-4.078786442599999873e+01,-5.188092088700000204e+01,-2.691949635699999988e+01,-5.480395304799999678e+01,-2.153283336499999834e+01
3.591791791800000411e+00,-3.956590631499999944e+01,-4.910104325199999664e+01,-2.706777883199999835e+01,-6.973716466499999456e+01,-2.156616041199999856e+01
3.611801801799999989e+00,-3.855533484800000110e+01,-4.993036778300000122e+01,-2.724640609800000135e+01,-6.319949683600000157e+01,-2.160235347300000086e+01
3.631811811800000012e+00,-3.932554215199999703e+01,-4.710972353799999723e+01,-2.781156066300000163e+01,-5.451462202199999751e+01,-2.166996112400000030e+01
3.651821821800000034e+00,-3.912292965400000355e+01,-4.970649129899999963e+01,-2.800600673399999962e+01,-5.610734271599999801e+01,-2.171209200899999914e+01
3.671831831800000057e+00,-3.858802246100000133e+01,-4.669916424499999863e+01,-2.867316021799999959e+01,-6.857361102000000130e+01,-2.168494506400000077e+01
3.691841841800000079e+00,-3.811659232200000247e+01,-4.698518911099999684e+01,-2.969905362800000148e+01,-5.627954352199999732e+01,-2.153434088799999913e+01
3.711851851900000110e+00,-3.872425880400000153e+01,-5.131832002499999845e+01,-3.042335535999999863e+01,-5.709527492899999856e+01,-2.170006621099999933e+01
3.731861861900000132e+00,-3.802535182399999769e+01,-5.116464850999999925e+01,-3.196449181699999897e+01,-6.075914981999999753e+01,-2.180744882500000159e+01
3.751871871900000155e+00,-3.796604766299999767e+01,-4.959876304899999866e+01,-3.242717077599999698e+01,-7.295533356599999308e+01,-2.183740703699999841e+01
3.771881881900000177e+00,-3.723418994699999729e+01,-5.161685057399999721e+01,-3.390367128900000182e+01,-6.567612704399999757e+01,-2.206432075400000059e+01
3.791891891900000200e+00,-3.768266985799999702e+01,-5.232390949500000232e+01,-3.505634663400000051e+01,-5.456191115400000058e+01,-2.240614096199999850e+01
3.811901901900000222e+00,-3.651051523200000304e+01,-4.812335675900000354e+01,-3.750040300900000290e+01,-5.840450500200000050e+01,-2.269053848900000148e+01
3.831911911900000245e+00,-3.617591645600000305e+01,-4.693569165000000254e+01,-3.928545993800000247e+01,-6.253320721000000049e+01,-2.294272110700000056e+01
3.851921921900000267e+00,-3.588899261699999954e+01,-4.713833480499999951e+01,-4.108577324899999894e+01,-6.328760149499999699e+01,-2.316999811799999875e+01
3.871931931900000290e+00,-3.647239625499999960e+01,-4.732311952500000274e+01,-4.286531838100000158e+01,-6.393006260300000321e+01,-2.340832556200000170e+01
3.891941941900000312e+00,-3.571900513599999982e+01,-4.569222771599999788e+01,-4.321132781099999676e+01,-6.241882017700000063e+01,-2.371823875200000131e+01
3.911951951999999899e+00,-3.661881468699999687e+01,-4.625331982200000169e+01,-4.344173239900000283e+01,-5.712716209599999928e+01,-2.406336187499999824e+01
3.931961961999999922e+00,-3.612133434999999793e+01,-4.429901529100000346e+01,-4.191015389999999741e+01,-6.193025845599999712e+01,-2.427147492499999970e+01
3.951971971999999944e+00,-3.662099831399999772e+01,-4.798301626300000322e+01,-4.126496512700000352e+01,-5.688767394900000340e+01,-2.462450435199999887e+01
3.971981981999999967e+00,-3.625420296400000097e+01,-5.018552323000000115e+01,-4.159098233899999997e+01,-7.509841708800000504e+01,-2.496767686700000155e+01
3.991991991999999989e+00,-3.580466798100000148e+01,-4.932174427000000350e+01,-4.116270536100000044e+01,-5.230298286099999672e+01,-2.505160977099999897e+01
4.012002002000000012e+00,-3.598731237300000174e+01,-4.604028302900000114e+01,-3.950692331599999818e+01,-5.597435846599999820e+01,-2.535658979300000126e+01
4.032012012000000034e+00,-3.687971938399999772e+01,-4.601287966200000312e+01,-3.945744542900000340e+01,-5.418281199999999842e+01,-2.573286709599999966e+01
4.052022022000000057e+00,-3.746218633899999872e+01,-4.618416493699999847e+01,-3.704262766099999737e+01,-5.597911800400000004e+01,-2.591025898799999894e+01
4.072032032000000079e+00,-3.775353363300000353e+01,-4.780103462000000292e+01,-3.669652695900000339e+01,-5.540895258399999790e+01,-2.644788836500000073e+01
4.092042042000000102e+00,-3.823938011500000300e+01,-4.483380708400000003e+01,-3.726289787900000050e+01,-5.552654480199999654e+01,-2.682002231899999956e+01
4.112052052100000132e+00,-3.819541178400000092e+01,-4.330327107299999767e+01,-3.803357942600000285e+01,-5.761894227500000198e+01,-2.705175778999999991e+01
4.132062062100000155e+00,-3.824269861500000189e+01,-4.251909077700000239e+01,-3.849376187800000082e+01,-5.579801482300000259e+01,-2.699065167399999865e+01
4.152072072100000177e+00,-4.000846323300000051e+01,-4.263699720299999996e+01,-3.798185724500000049e+01,-5.566244644199999669e+01,-2.703961134200000060e+01
4.172082082100000200e+00,-4.049646359599999812e+01,-4.388273200599999768e+01,-3.737231901799999889e+01,-6.792856620499999565e+01,-2.715646469600000046e+01
4.192092092100000222e+00,-4.099306449800000252e+01,-4.396598177300000287e+01,-3.935338888300000093e+01,-6.165705425699999864e+01,-2.706172199699999936e+01
4.212102102100000245e+00,-4.150244007799999935e+01,-4.303886616199999793e+01,-3.785365562799999850e+01,-6.395626575499999689e+01,-2.748413581000000150e+01
4.232112112100000267e+00,-4.047822020699999968e+01,-4.178922232499999723e+01,-3.726145028999999909e+01,-5.672255341900000047e+01,-2.763776268699999861e+01
4.252122122100000290e+00,-4.131380860699999857e+01,-3.944584787099999801e+01,-3.591824381899999707e+01,-5.844602860199999839e+01,-2.792373564300000055e+01
4.272132132100000312e+00,-4.223122217200000250e+01,-4.145380348199999787e+01,-3.578579616999999757e+01,-6.219302139300000221e+01,-2.784603983799999938e+01
4.292142142100000335e+00,-4.208457535899999868e+01,-4.050175623300000183e+01,-3.737921105000000210e+01,-5.438205459600000324e+01,-2.792693604500000149e+01
4.312152152199999477e+00,-4.177416657100000208e+01,-3.913999667499999902e+01,-3.646572788800000353e+01,-5.556609059400000206e+01,-2.861769253599999985e+01
4.332162162199999500e+00,-4.247812227899999726e+01,-3.789956034600000123e+01,-3.501069436200000240e+01,-5.575925860699999959e+01,-2.844060918799999982e+01
4.352172172199999522e+00,-4.400600889300000063e+01,-3.891394758500000250e+01,-3.478341663199999800e+01,-5.580035203700000324e+01,-2.849055144500000125e+01
4.372182182199999545e+00,-4.794082367299999703e+01,-3.752480071099999748e+01,-3.358565030700000165e+01,-5.639147350500000044e+01,-2.859040296199999887e+01
4.392192192199999567e+00,-4.897469871799999908e+01,-3.796347914199999707e+01,-3.302624521900000332e+01,-5.673579952000000048e+01,-2.865523829300000003e+01
4.412202202199999590e+00,-4.639145449499999785e+01,-3.812417264599999811e+01,-3.318252799199999714e+01,-4.921495892200000100e+01,-2.868583787200000046e+01
4.432212212199999612e+00,-4.676785881499999675e+01,-3.726624437000000256e+01,-3.183711024000000123e+01,-5.040154456300000163e+01,-2.859505482799999854e+01
4.452222222199999635e+00,-4.797602456100000268e+01,-3.561952487399999967e+01,-3.070448337999999922e+01,-5.045690742400000062e+01,-2.832154348299999924e+01
4.472232232199999657e+00,-4.411409920700000242e+01,-3.511059204899999742e+01,-2.984791454999999871e+01,-4.803050158100000289e+01,-2.818173697399999966e+01
4.492242242199999680e+00,-4.355958049800000254e+01,-3.490169948700000191e+01,-2.992254241199999854e+01,-4.510816306800000319e+01,-2.800825551100000155e+01
4.512252252300000599e+00,-4.427655458800000332e+01,-3.463865078100000261e+01,-2.945372103800000119e+01,-4.492988242100000207e+01,-2.796380197699999925e+01
4.532262262300000621e+00,-4.470037364400000257e+01,-3.423478090500000093e+01,-2.794665539800000076e+01,-4.323216853800000337e+01,-2.793695472299999949e+01
4.552272272299999756e+00,-4.195276832799999767e+01,-3.456781589300000235e+01,-2.718392022100000105e+01,-4.525454054899999790e+01,-2.787804573600000069e+01
4.572282282299999778e+00,-4.224357558599999862e+01,-3.465557413700000211e+01,-2.660262629500000031e+01,-4.249217283299999792e+01,-2.821687247499999884e+01
4.592292292299999801e+00,-4.404182101899999680e+01,-3.427935870799999662e+01,-2.634982737300000011e+01,-4.087098659299999781e+01,-2.817845398800000112e+01
4.612302302299999823e+00,-4.151633103599999686e+01,-3.443365691900000058e+01,-2.590740221600000126e+01,-3.993949204900000183e+01,-2.838890903900000140e+01
4.632312312299999846e+00,-4.259814591199999967e+01,-3.464439220199999880e+01,-2.553700242800000098e+01,-3.904506550600000025e+01,-2.821836380799999944e+01
4.652322322299999868e+00,-4.410402493699999837e+01,-3.467703309699999892e+01,-2.517946918699999870e+01,-3.942097691000000026e+01,-2.816387762400000128e+01
4.672332332299999891e+00,-4.349753551700000287e+01,-3.397726365599999809e+01,-2.517606903100000082e+01,-3.916018576700000153e+01,-2.809896733900000143e+01
4.692342342299999913e+00,-4.178501244099999923e+01,-3.485317854800000248e+01,-2.482135247500000119e+01,-4.001003635499999689e+01,-2.827914252000000062e+01
4.712352352399999944e+00,-4.290294745500000317e+01,-3.473298153199999661e+01,-2.500601044500000114e+01,-3.896763679099999678e+01,-2.799285284899999837e+01
4.732362362399999967e+00,-4.316617949700000167e+01,-3.403909491800000353e+01,-2.472691719099999830e+01,-3.875613527800000213e+01,-2.769149481699999882e+01
4.752372372399999989e+00,-4.207920655400000243e+01,-3.452102658500000132e+01,-2.435921647600000028e+01,-3.894430511400000228e+01,-2.734868972700000000e+01
4.772382382400000012e+00,-4.254695313599999906e+01,-3.456237983799999824e+01,-2.454390081500000065e+01,-3.820732321900000272e+01,-2.704785595499999928e+01
4.792392392400000034e+00,-4.196272283399999736e+01,-3.489560483000000346e+01,-2.429056530400000113e+01,-3.815508222900000135e+01,-2.653122755500000096e+01
4.812402402400000057e+00,-4.400949468400000342e+01,-3.571084433899999766e+01,-2.412831066200000052e+01,-3.820434756899999940e+01,-2.665487790699999948e+01
4.832412412399999191e+00,-4.543114158899999921e+01,-3.533218106300000017e+01,-2.397021686800000140e+01,-3.819306454600000222e+01,-2.648103305100000071e+01
4.852422422399999213e+00,-4.391769666900000146e+01,-3.700396522900000207e+01,-2.384484757399999921e+01,-3.818222555399999862e+01,-2.641634403200000136e+01
4.872432432399999236e+00,-4.544311568700000237e+01,-3.596627263999999968e+01,-2.338965417700000060e+01,-3.938507950300000005e+01,-2.670939134700000039e+01
4.892442442399999258e+00,-4.513185331100000042e+01,-3.552891292500000020e+01,-2.321626703300000116e+01,-3.919907433699999899e+01,-2.694979888399999979e+01
4.912452452500000177e+00,-4.378396345299999837e+01,-3.539487207100000177e+01,-2.279161936999999938e+01,-3.853014038599999935e+01,-2.650551958400000174e+01
4.932462462500000200e+00,-4.172337958300000338e+01,-3.460874950200000200e+01,-2.271301232200000086e+01,-3.881484066000000155e+01,-2.686479044000000016e+01
4.952472472500000222e+00,-4.346004510499999896e+01,-3.485150432399999687e+01,-2.246290558999999831e+01,-3.857959492399999846e+01,-2.705323776099999833e+01
4.972482482500000245e+00,-4.265176607600000125e+01,-3.386630608200000125e+01,-2.214865059399999936e+01,-3.802011632899999682e+01,-2.703959256099999919e+01
4.992492492500000267e+00,-4.216858149499999797e+01,-3.465436515500000070e+01,-2.215626661099999950e+01,-3.826184483099999767e+01,-2.726662477300000020e+01
5.012502502500000290e+00,-4.077816076700000281e+01,-3.414388943299999823e+01,-2.156467116099999970e+01,-3.874227876399999815e+01,-2.775535343700000013e+01
5.032512512500000312e+00,-4.071847569500000219e+01,-3.337924520699999675e+01,-2.165954199999999830e+01,-3.845170247699999777e+01,-2.794963100400000044e+01
5.052522522500000335e+00,-3.982524896999999697e+01,-3.353771224700000175e+01,-2.142849951899999894e+01,-3.834645697399999875e+01,-2.789926241399999896e+01
5.072532532500000357e+00,-3.999370619599999799e+01,-3.243521391400000198e+01,-2.145068782899999960e+01,-3.803656873500000302e+01,-2.797300075900000138e+01
5.092542542500000380e+00,-3.928716331100000048e+01,-3.200834590200000207e+01,-2.124382044400000069e+01,-3.832068766199999743e+01,-2.812350635399999987e+01
5.112552552600000411e+00,-4.096273164899999841e+01,-3.263040596999999821e+01,-2.120339761600000017e+01,-3.739994665500000082e+01,-2.909175711800000030e+01
5.132562562600000433e+00,-3.927467576000000093e+01,-3.186679134599999941e+01,-2.108198997599999913e+01,-3.723123905100000286e+01,-2.963855447199999915e+01
5.152572572600000456e+00,-4.246802956100000159e+01,-3.224442471599999749e+01,-2.102768617499999948e+01,-3.733148312299999816e+01,-3.002640848700000120e+01
5.172582582600000478e+00,-4.136270230899999945e+01,-3.182867791299999993e+01,-2.121965616299999979e+01,-3.835853497400000123e+01,-3.063802053999999941e+01
5.192592592600000501e+00,-3.940591660199999779e+01,-3.122314192800000043e+01,-2.146798195299999890e+01,-3.764553410900000330e+01,-3.109970095999999984e+01
5.212602602600000523e+00,-4.198038338199999941e+01,-3.332278961099999748e+01,-2.168971418299999954e+01,-3.739147336599999960e+01,-3.166668683099999981e+01
5.232612612600000546e+00,-4.100370656100000133e+01,-3.196256913599999905e+01,-2.190613337699999974e+01,-3.776436460299999709e+01,-3.317960876600000120e+01
5.252622622600000568e+00,-4.398177144400000316e+01,-3.238255325299999754e+01,-2.218808541599999984e+01,-3.905510538800000120e+01,-3.255765949599999942e+01
5.272632632600000591e+00,-4.240228395900000180e+01,-3.149589232199999955e+01,-2.272127660599999999e+01,-3.800710874699999664e+01,-3.358386924100000215e+01
5.292642642600000613e+00,-4.292205264300000067e+01,-3.206217255699999669e+01,-2.298247978999999930e+01,-3.903674315199999967e+01,-3.417627743300000276e+01
5.312652652699999756e+00,-4.479991663799999912e+01,-3.214119801999999737e+01,-2.337668665300000015e+01,-3.933378032699999949e+01,-3.397288829000000021e+01
5.332662662699999778e+00,-4.372089850300000080e+01,-3.315215340599999649e+01,-2.442276692300000107e+01,-4.041363445799999710e+01,-3.382245711400000232e+01
5.352672672699999801e+00,-4.378738410700000117e+01,-3.359483137400000174e+01,-2.489482880399999942e+01,-4.107798640400000068e+01,-3.387587157000000104e+01
5.372682682699999823e+00,-5.276847089500000010e+01,-3.258694388300000355e+01,-2.533793945000000036e+01,-4.192934553900000338e+01,-3.399907684499999760e+01
5.392692692699999846e+00,-4.389322300500000296e+01,-3.254720837100000352e+01,-2.657647541400000080e+01,-4.103010037100000318e+01,-3.394059059300000314e+01
5.412702702699999868e+00,-4.711526567300000323e+01,-3.300228664699999825e+01,-2.769798686400000065e+01,-4.173936560500000326e+01,-3.415378710899999959e+01
5.432712712699999891e+00,-4.314163036400000095e+01,-3.280437443099999939e+01,-2.866519270199999880e+01,-4.237984528799999850e+01,-3.342084261400000145e+01
5.452722722699999913e+00,-4.748035985100000289e+01,-3.290299392800000078e+01,-3.010529293500000136e+01,-4.228393270299999784e+01,-3.263878940000000028e+01
5.472732732699999936e+00,-4.604223168299999713e+01,-3.270266683199999846e+01,-3.159344456399999856e+01,-4.043544006100000132e+01,-3.360619300100000117e+01
5.492742742699999958e+00,-4.890550786699999719e+01,-3.150047603999999879e+01,-3.168569369000000080e+01,-4.348346933300000217e+01,-3.277757268799999935e+01
5.512752752799999989e+00,-4.611117756000000156e+01,-3.200421655899999962e+01,-3.393200382700000262e+01,-4.298744969100000191e+01,-3.186872586799999851e+01
5.532762762800000012e+00,-4.140905905700000034e+01,-3.172075456500000001e+01,-3.561169351699999908e+01,-4.339434248599999933e+01,-3.169230998700000157e+01
5.552772772800000034e+00,-4.068210375900000031e+01,-3.169897915299999980e+01,-3.600922232799999989e+01,-4.360531942200000088e+01,-3.177783102800000137e+01
5.572782782800000057e+00,-4.276948338199999711e+01,-3.056446256599999955e+01,-3.711119914500000050e+01,-4.387706426399999771e+01,-3.193835821300000077e+01
5.592792792800000079e+00,-4.126300371800000022e+01,-3.030782798699999958e+01,-3.798101267300000217e+01,-4.223740307199999933e+01,-3.126411671600000020e+01
5.612802802800000102e+00,-4.238490186100000301e+01,-2.923237479899999869e+01,-3.990041273100000296e+01,-4.505865070299999786e+01,-3.168244834800000120e+01
5.632812812800000124e+00,-4.100515678899999727e+01,-2.955098885600000003e+01,-3.773912058199999819e+01,-4.309039487999999807e+01,-3.172129175799999956e+01
5.652822822800000147e+00,-4.128219470500000199e+01,-2.870956291099999902e+01,-3.719728921000000099e+01,-4.227222695500000071e+01,-3.254353662300000138e+01
5.672832832800000169e+00,-3.952249501600000059e+01,-2.791502765899999972e+01,-3.535978436500000299e+01,-4.223117019499999714e+01,-3.361992414600000245e+01
5.692842842800000192e+00,-3.841073559600000209e+01,-2.749288696500000029e+01,-3.405363689600000043e+01,-4.338590034199999934e+01,-3.382133325200000229e+01
5.712852852899999334e+00,-3.935903763400000344e+01,-2.668904708499999856e+01,-3.272527076800000145e+01,-4.196854114700000338e+01,-3.525309018099999747e+01
5.732862862899999357e+00,-3.983284460800000204e+01,-2.649725991300000061e+01,-3.152576578000000040e+01,-4.237139571800000226e+01,-3.576948673799999767e+01
5.752872872899999379e+00,-3.955202184299999857e+01,-2.676675043499999873e+01,-3.043494577799999945e+01,-4.098071623500000271e+01,-3.758809398599999696e+01
5.772882882899999402e+00,-3.805407094499999943e+01,-2.587305549999999954e+01,-2.991326413299999842e+01,-4.118647518899999938e+01,-3.887790062799999902e+01
5.792892892899999424e+00,-4.008273760899999871e+01,-2.533735706399999899e+01,-2.884053786899999849e+01,-4.165871345600000097e+01,-4.066240063800000115e+01
5.812902902899999447e+00,-3.738416473299999865e+01,-2.482292267900000127e+01,-2.837934848900000162e+01,-4.208674835299999728e+01,-4.259991656799999760e+01
5.832912912899999469e+00,-3.969934881399999682e+01,-2.462207006199999881e+01,-2.742496920399999993e+01,-4.144786700800000290e+01,-4.585865360999999751e+01
5.852922922899999492e+00,-3.809398174399999704e+01,-2.426135065400000101e+01,-2.664643093999999834e+01,-4.084582889600000044e+01,-4.568793830199999917e+01
5.872932932899999514e+00,-3.987012300500000350e+01,-2.385553945699999900e+01,-2.598324253899999903e+01,-4.383454260399999924e+01,-4.455003332300000096e+01
5.892942942899999537e+00,-3.876778043099999849e+01,-2.374125350299999937e+01,-2.588654233999999832e+01,-4.374598184999999972e+01,-4.172190761899999956e+01
5.912952952999999567e+00,-3.985894475999999997e+01,-2.316104788099999823e+01,-2.547879995399999942e+01,-4.389865859799999726e+01,-3.947922234199999991e+01
5.932962962999999590e+00,-3.822745470499999954e+01,-2.297468966699999982e+01,-2.487836556999999971e+01,-4.346334381599999830e+01,-3.742911205099999705e+01
5.952972972999999612e+00,-3.815202092999999905e+01,-2.279142012000000150e+01,-2.498968647799999943e+01,-4.741796128699999713e+01,-3.604755071400000332e+01
5.972982982999999635e+00,-4.045853228499999688e+01,-2.243770212500000127e+01,-2.460191994199999854e+01,-4.684781001500000031e+01,-3.487295169800000139e+01
5.992992992999999657e+00,-3.934130624200000170e+01,-2.204489576699999986e+01,-2.463510878700000006e+01,-4.618278851899999893e+01,-3.334432541799999683e+01
6.013003002999999680e+00,-3.901334219000000303e+01,-2.189798194100000117e+01,-2.441535125200000067e+01,-4.694211382299999968e+01,-3.263429640300000045e+01
6.033013012999999702e+00,-3.897722232000000275e+01,-2.181296834500000159e+01,-2.409744043199999908e+01,-4.370223362099999775e+01,-3.181160287200000170e+01
6.053023022999999725e+00,-3.874230551600000183e+01,-2.148943145000000143e+01,-2.414762515600000015e+01,-4.399481073199999770e+01,-3.163211352700000134e+01
6.073033032999999747e+00,-3.896965895600000351e+01,-2.138089070999999919e+01,-2.399877605300000027e+01,-4.086898232299999734e+01,-3.067242244099999837e+01
6.093043042999999770e+00,-3.795359580899999941e+01,-2.163300104700000048e+01,-2.394742529299999845e+01,-3.926300995900000146e+01,-3.100057983800000017e+01
6.113053053100000689e+00,-4.059319112899999737e+01,-2.170918530000000146e+01,-2.366178301100000070e+01,-3.845935431899999912e+01,-3.021056907299999850e+01
6.133063063100000711e+00,-4.005636157499999683e+01,-2.186182585599999939e+01,-2.364741960499999962e+01,-3.721747852899999742e+01,-3.011312844000000055e+01
6.153073073100000734e+00,-4.113308360399999941e+01,-2.251583392499999903e+01,-2.326532012999999921e+01,-3.486821231599999749e+01,-2.908642811200000011e+01
6.173083083100000756e+00,-4.284505163299999708e+01,-2.254632290600000033e+01,-2.322367290300000064e+01,-3.339714116199999694e+01,-2.865061852699999889e+01
6.193093093100000779e+00,-4.060875446299999680e+01,-2.282100163899999856e+01,-2.343674840599999953e+01,-3.341173334199999800e+01,-2.801425976199999823e+01
6.213103103100000801e+00,-4.738981715199999911e+01,-2.325872986799999964e+01,-2.334900802599999992e+01,-3.259665044999999850e+01,-2.755283595499999905e+01
6.233113113100000824e+00,-4.496413365400000117e+01,-2.389320432499999924e+01,-2.341076198600000069e+01,-3.283192931899999678e+01,-2.692844251100000008e+01
6.253123123099999958e+00,-4.038919583999999929e+01,-2.399677111400000129e+01,-2.339634142699999941e+01,-3.198872499300000172e+01,-2.647649683599999904e+01
6.273133133099999981e+00,-4.480199066299999799e+01,-2.444135548999999941e+01,-2.351474795500000070e+01,-3.218461212799999771e+01,-2.627785802500000045e+01
6.293143143100000003e+00,-4.606997796600000328e+01,-2.558878851500000096e+01,-2.397425488700000074e+01,-3.167638664200000065e+01,-2.596988609399999959e+01
6.313153153200000034e+00,-4.875864920400000102e+01,-2.629609601399999974e+01,-2.457349255999999826e+01,-3.211809810199999760e+01,-2.562197129400000151e+01
6.333163163200000056e+00,-4.577473037600000083e+01,-2.694229694599999902e+01,-2.414739176000000143e+01,-3.220384682200000270e+01,-2.529049435900000020e+01
6.353173173200000079e+00,-5.309491301399999941e+01,-2.741192249899999922e+01,-2.515073090499999964e+01,-3.228636922999999825e+01,-2.553520951000000139e+01
6.373183183200000101e+00,-5.927131933199999736e+01,-2.773955164999999923e+01,-2.526138511999999992e+01,-3.237350140600000259e+01,-2.531407509800000000e+01
6.393193193200000124e+00,-5.025235187900000255e+01,-2.826465160400000087e+01,-2.539385928100000100e+01,-3.171196298699999971e+01,-2.492994348099999868e+01
6.413203203200000146e+00,-5.296854115600000057e+01,-2.914061123700000167e+01,-2.570861633999999896e+01,-3.097296947899999964e+01,-2.529272378900000007e+01
6.433213213200000169e+00,-4.498338351900000021e+01,-2.889423098700000025e+01,-2.621732021400000079e+01,-3.027081065899999857e+01,-2.503189515700000101e+01
6.453223223200000191e+00,-4.445845621200000153e+01,-2.926301669300000086e+01,-2.640762950399999909e+01,-3.024020635899999832e+01,-2.493560876700000151e+01
6.473233233200000214e+00,-4.130273812299999747e+01,-3.034037473800000129e+01,-2.655273537700000119e+01,-2.969497772300000094e+01,-2.524939540800000159e+01
6.493243243200000236e+00,-4.327501226799999756e+01,-2.986735840900000127e+01,-2.708030910300000116e+01,-2.950777781000000033e+01,-2.484468009300000091e+01
6.513253253300000267e+00,-4.113327356799999990e+01,-3.016752430800000084e+01,-2.708782274100000009e+01,-2.942098620599999848e+01,-2.462040480399999964e+01
6.533263263300000290e+00,-3.977691069400000146e+01,-3.052009570099999891e+01,-2.695075320600000168e+01,-2.954699359399999992e+01,-2.491120208799999958e+01
6.553273273300000312e+00,-4.054243739700000049e+01,-3.140844006600000071e+01,-2.681528831299999993e+01,-2.942927410700000124e+01,-2.475914551700000032e+01
6.573283283300000335e+00,-3.968621672500000130e+01,-3.176512656299999904e+01,-2.665012268399999940e+01,-2.970846960800000147e+01,-2.440994401000000025e+01
6.593293293300000357e+00,-3.937217523399999664e+01,-3.153428668700000159e+01,-2.655891551999999933e+01,-2.898337080499999985e+01,-2.422995309699999922e+01
6.613303303300000380e+00,-3.767804667400000085e+01,-3.217245300100000094e+01,-2.669811968799999846e+01,-2.905017244500000118e+01,-2.434218366500000030e+01
6.633313313300000402e+00,-3.978285309399999647e+01,-3.343277401699999984e+01,-2.614704859300000095e+01,-2.871664118700000046e+01,-2.410572731799999957e+01
6.653323323300000425e+00,-3.781746832700000027e+01,-3.468871878699999911e+01,-2.571973976099999959e+01,-2.880302764199999999e+01,-2.403186055300000135e+01
6.673333333300000447e+00,-3.739609688800000242e+01,-3.346793003100000163e+01,-2.576408969099999879e+01,-2.870023036999999988e+01,-2.411485025300000018e+01
6.693343343300000470e+00,-3.842886502599999687e+01,-3.311981564700000291e+01,-2.568441297200000051e+01,-2.889147399200000166e+01,-2.411254032200000097e+01
6.713353353399999612e+00,-3.740135517099999873e+01,-3.388433954799999981e+01,-2.570306662899999850e+01,-2.898872593000000109e+01,-2.424950113699999932e+01
6.733363363399999635e+00,-3.578083187099999662e+01,-3.333361537100000049e+01,-2.558679093199999954e+01,-2.863486269499999892e+01,-2.438731435500000089e+01
6.753373373399999657e+00,-3.744555689399999920e+01,-3.354462571100000190e+01,-2.500376277200000175e+01,-2.928743950599999835e+01,-2.463525826400000085e+01
6.773383383399999680e+00,-3.773142030399999669e+01,-3.130716809600000161e+01,-2.484449098400000011e+01,-2.932667351799999977e+01,-2.450502387599999921e+01
6.793393393399999702e+00,-3.852858320600000042e+01,-3.110330143399999869e+01,-2.467961868100000089e+01,-2.872759690199999838e+01,-2.427418467600000085e+01
6.813403403399999725e+00,-3.934615978600000119e+01,-2.936877881999999929e+01,-2.447700214199999991e+01,-2.913401566299999956e+01,-2.434738885599999847e+01
6.833413413399999747e+00,-3.916880093999999701e+01,-2.914737928799999978e+01,-2.404911070500000037e+01,-2.882108448099999976e+01,-2.436773356699999837e+01
6.853423423399999770e+00,-3.933735041900000340e+01,-2.789698753200000070e+01,-2.394519306700000172e+01,-2.906038593699999950e+01,-2.433117816100000042e+01
6.873433433399999792e+00,-4.419548742500000316e+01,-2.865081694899999931e+01,-2.343032960200000048e+01,-2.920650412299999843e+01,-2.438436354899999969e+01
6.893443443399999815e+00,-4.532569438299999831e+01,-2.698387504200000109e+01,-2.329863521500000090e+01,-2.890980512499999833e+01,-2.404680074799999900e+01
6.913453453499999846e+00,-4.853317386100000164e+01,-2.676003990499999929e+01,-2.312824469699999952e+01,-2.878142987500000061e+01,-2.430392480400000110e+01
6.933463463499999868e+00,-5.059466298699999953e+01,-2.692014418999999847e+01,-2.299561491800000113e+01,-2.866097110100000123e+01,-2.433465650400000158e+01
6.953473473499999891e+00,-5.149183728199999877e+01,-2.626167714500000017e+01,-2.282733060300000005e+01,-2.807953037700000110e+01,-2.461904006299999992e+01
6.973483483499999913e+00,-4.910500043799999759e+01,-2.578083576099999874e+01,-2.297821371399999890e+01,-2.812223781100000153e+01,-2.453136177200000034e+01
6.993493493499999936e+00,-4.473534892400000018e+01,-2.572473819800000072e+01,-2.274611785100000105e+01,-2.797682187899999917e+01,-2.454155992500000139e+01
7.013503503499999958e+00,-3.968759067300000254e+01,-2.560651645200000104e+01,-2.287998795000000030e+01,-2.765657351200000136e+01,-2.476127648800000003e+01
7.033513513499999981e+00,-3.878591864300000225e+01,-2.556552232800000013e+01,-2.326933082300000066e+01,-2.739554349100000152e+01,-2.482821742599999837e+01
7.053523523500000003e+00,-3.906713465499999671e+01,-2.564755536899999910e+01,-2.335988405299999826e+01,-2.668223417500000139e+01,-2.473622435500000094e+01
7.073533533500000026e+00,-3.660958313399999753e+01,-2.551104314099999826e+01,-2.375758823700000022e+01,-2.665381661099999988e+01,-2.471091861600000072e+01
7.093543543500000048e+00,-3.604725881299999912e+01,-2.623905597699999959e+01,-2.391994039500000113e+01,-2.661579934999999963e+01,-2.479504363099999864e+01
7.113553553600000079e+00,-3.529804468599999723e+01,-2.630157024100000029e+01,-2.443269495899999910e+01,-2.630766712300000165e+01,-2.516018805899999933e+01
7.133563563600000101e+00,-3.480759408000000121e+01,-2.699373018000000002e+01,-2.433280204100000077e+01,-2.588939157900000154e+01,-2.557972717699999876e+01
7.153573573600000124e+00,-3.537268748700000032e+01,-2.649279342299999840e+01,-2.456351060500000116e+01,-2.604459131100000135e+01,-2.573743810999999937e+01
7.173583583600000146e+00,-3.424282083399999976e+01,-2.651009592899999845e+01,-2.445983374400000088e+01,-2.578367491099999853e+01,-2.628821669599999922e+01
7.193593593600000169e+00,-3.418915998800000011e+01,-2.701535728600000041e+01,-2.443148657500000098e+01,-2.583909400599999984e+01,-2.650436095699999939e+01
7.213603603600000191e+00,-3.338681207100000137e+01,-2.769914370100000056e+01,-2.447979351200000053e+01,-2.583773964999999961e+01,-2.712885599699999872e+01
7.233613613600000214e+00,-3.362683158400000138e+01,-2.755979335700000021e+01,-2.466269307900000030e+01,-2.562376997699999848e+01,-2.710107575700000027e+01
7.253623623600000236e+00,-3.500509446600000274e+01,-2.798838826900000143e+01,-2.421824503499999892e+01,-2.573106304699999924e+01,-2.752565240999999929e+01
7.273633633600000259e+00,-3.371737371900000113e+01,-2.961872771099999824e+01,-2.396063678499999838e+01,-2.626197820399999827e+01,-2.781414354600000038e+01
7.293643643600000281e+00,-3.448404641700000184e+01,-3.096939913900000008e+01,-2.396333590100000066e+01,-2.613597452300000157e+01,-2.803107433599999965e+01
7.313653653699999424e+00,-3.483117967700000150e+01,-3.221370750300000196e+01,-2.412200262300000020e+01,-2.657183359400000100e+01,-2.857137119600000119e+01
7.333663663699999447e+00,-3.617159264899999727e+01,-3.482201592199999851e+01,-2.384801054700000122e+01,-2.638049827900000111e+01,-2.929610555800000071e+01
7.353673673699999469e+00,-3.593172192000000109e+01,-3.725660275700000312e+01,-2.394198306399999865e+01,-2.695376231999999916e+01,-3.011137964999999994e+01
7.373683683699999492e+00,-3.501992145300000203e+01,-4.180998425800000007e+01,-2.361066007399999833e+01,-2.685732331299999842e+01,-3.028879248699999849e+01
7.393693693699999514e+00,-3.557811629199999715e+01,-4.328194069500000296e+01,-2.368681782199999830e+01,-2.692428512200000057e+01,-3.081062890400000143e+01
7.413703703699999537e+00,-3.660848487199999823e+01,-4.149387759599999725e+01,-2.397392325999999940e+01,-2.694873463800000124e+01,-3.119993330999999870e+01
7.433713713699999559e+00,-3.555414612900000293e+01,-3.721885016099999888e+01,-2.387163736799999825e+01,-2.693007390700000059e+01,-3.221567565499999830e+01
7.453723723699999582e+00,-3.770767842000000059e+01,-3.417953572900000125e+01,-2.413655716999999967e+01,-2.709692784499999973e+01,-3.371117928400000352e+01
7.473733733699999604e+00,-3.881050883700000043e+01,-3.205259270599999866e+01,-2.434835763899999961e+01,-2.815123445700000104e+01,-3.524574025900000152e+01
7.493743743699999627e+00,-3.852339342300000169e+01,-3.069636798399999833e+01,-2.508715156199999896e+01,-2.877593416799999915e+01,-3.681366454300000157e+01
7.513753753800000545e+00,-3.843084828899999650e+01,-2.997817767400000122e+01,-2.549575339100000093e+01,-2.833137527699999936e+01,-3.826367575399999765e+01
7.533763763800000568e+00,-3.977289646199999851e+01,-2.860652488399999882e+01,-2.587463477000000012e+01,-2.950365236700000082e+01,-4.141885181100000324e+01
7.553773773800000590e+00,-3.832862713099999752e+01,-2.752003753600000024e+01,-2.600754540200000164e+01,-2.952992569099999898e+01,-4.278940598700000209e+01
7.573783783800000613e+00,-3.669687237800000190e+01,-2.712136163299999936e+01,-2.728030624899999879e+01,-3.057234350499999920e+01,-4.308121509699999763e+01
7.593793793799999747e+00,-3.674854569600000076e+01,-2.777245526600000147e+01,-2.809296697799999976e+01,-3.138875532999999862e+01,-4.276941690200000323e+01
7.613803803799999770e+00,-3.918412390299999970e+01,-2.677740407199999950e+01,-2.798009678500000064e+01,-3.277328769300000033e+01,-4.453200063500000283e+01
7.633813813799999792e+00,-3.866488269900000319e+01,-2.729175854500000042e+01,-2.912595751799999988e+01,-3.368743236800000318e+01,-3.847917545100000325e+01
7.653823823799999815e+00,-3.777411782099999726e+01,-2.642800207899999876e+01,-2.916495305899999835e+01,-3.414760214599999699e+01,-3.719021941100000106e+01
7.673833833799999837e+00,-3.961391769800000162e+01,-2.632984411400000013e+01,-2.953843528100000171e+01,-3.396851103000000194e+01,-3.584444676500000071e+01
7.693843843799999860e+00,-3.764377468400000026e+01,-2.606952425800000128e+01,-2.949386597299999835e+01,-3.519614370499999723e+01,-3.391221502999999871e+01
7.713853853899999891e+00,-3.847798714900000050e+01,-2.654502511100000106e+01,-3.039184350400000056e+01,-3.562593626799999669e+01,-3.300173769799999945e+01
7.733863863899999913e+00,-3.787118084800000162e+01,-2.548462941700000073e+01,-3.081241052600000074e+01,-3.680180069800000098e+01,-3.192265177100000173e+01
7.753873873899999936e+00,-3.581981891000000218e+01,-2.589824186599999933e+01,-3.163647565100000136e+01,-3.711642240399999793e+01,-3.138779184699999902e+01
7.773883883899999958e+00,-3.828471557999999675e+01,-2.604919044000000028e+01,-3.208534097500000115e+01,-3.785555098599999724e+01,-3.162524458100000047e+01
7.793893893899999981e+00,-3.757112200299999927e+01,-2.666771970299999950e+01,-3.182609957300000048e+01,-3.860429318300000290e+01,-3.144430590400000014e+01
7.813903903900000003e+00,-3.637600636799999876e+01,-2.594662510799999922e+01,-3.452588163699999768e+01,-3.779349686599999814e+01,-3.184365322800000087e+01
7.833913913900000026e+00,-3.734064877299999807e+01,-2.590295505699999978e+01,-3.429540273899999647e+01,-3.792685837799999859e+01,-3.172442391999999955e+01
7.853923923900000048e+00,-3.769631025799999691e+01,-2.570041340799999929e+01,-3.621462643299999939e+01,-4.019561028399999714e+01,-3.143996337800000163e+01
7.873933933899999182e+00,-3.459914635700000218e+01,-2.550780709900000076e+01,-3.785849841600000332e+01,-4.028768932700000249e+01,-3.157644119400000093e+01
7.893943943899999205e+00,-3.648251255299999940e+01,-2.664656473599999842e+01,-3.762989811199999934e+01,-4.035638472000000121e+01,-3.204898859499999730e+01
7.913953954000000124e+00,-3.491661167800000243e+01,-2.609894660799999855e+01,-4.301363598199999672e+01,-4.041118735799999939e+01,-3.292662017800000029e+01
7.933963964000000146e+00,-3.505645319500000312e+01,-2.534984800000000149e+01,-4.139258471299999798e+01,-3.823406409399999717e+01,-3.316096819399999873e+01
7.953973974000000169e+00,-3.430077679699999749e+01,-2.565458875799999916e+01,-4.350193674399999821e+01,-3.921102499100000216e+01,-3.368340292799999958e+01
7.973983984000000191e+00,-3.305779205000000331e+01,-2.563842669599999979e+01,-5.278132424300000025e+01,-3.790354312099999845e+01,-3.239143709100000024e+01
7.993993994000000214e+00,-3.352623277400000035e+01,-2.577779884499999952e+01,-4.949458772500000237e+01,-3.501663260400000155e+01,-3.188428597000000053e+01
8.014004004000000236e+00,-3.219071176300000303e+01,-2.465811818199999905e+01,-4.742170495700000288e+01,-3.539111885500000199e+01,-3.149589344500000010e+01
8.034014014000000259e+00,-3.150128690100000028e+01,-2.507246402299999843e+01,-4.654233611699999784e+01,-3.517755509100000211e+01,-3.180282849099999964e+01
8.054024024000000281e+00,-3.073134864500000063e+01,-2.556992641700000135e+01,-4.393126859099999848e+01,-3.459868834400000281e+01,-3.078779145400000061e+01
8.074034034000000304e+00,-3.050361680900000039e+01,-2.505016393600000058e+01,-3.963811496400000323e+01,-3.456638095600000327e+01,-3.077134515799999903e+01
8.094044044000000326e+00,-2.935460680199999928e+01,-2.554102907100000053e+01,-4.111931261800000215e+01,-3.383566867999999772e+01,-3.057250899199999949e+01
8.114054054100000357e+00,-2.896119008000000150e+01,-2.539379453700000155e+01,-3.939022482200000042e+01,-3.422248999600000019e+01,-3.028659017200000036e+01
8.134064064100000380e+00,-2.908207048999999955e+01,-2.513264020500000129e+01,-4.123013152200000064e+01,-3.573810331399999995e+01,-3.030864196199999938e+01
8.154074074100000402e+00,-2.894580521800000028e+01,-2.614120470499999982e+01,-3.852561428900000351e+01,-3.527377805799999777e+01,-2.977444502799999881e+01
8.174084084100000425e+00,-2.916112581100000156e+01,-2.619153052600000109e+01,-4.092688152099999854e+01,-3.595560677600000332e+01,-2.949586660399999971e+01
8.194094094100000447e+00,-2.886826912600000128e+01,-2.562310618700000120e+01,-3.739300238199999882e+01,-3.484892012699999952e+01,-2.981770913600000128e+01
8.214104104100000470e+00,-2.864390834199999958e+01,-2.545969274000000127e+01,-3.723429837300000145e+01,-3.594601289300000246e+01,-2.886473843299999942e+01
8.234114114100000492e+00,-2.927547441500000147e+01,-2.580082129199999841e+01,-3.806672119899999984e+01,-3.597602721500000200e+01,-2.912965546699999919e+01
8.254124124100000515e+00,-2.862019966100000090e+01,-2.636097868999999960e+01,-3.855301558499999715e+01,-3.688562853999999902e+01,-2.874220342799999983e+01
8.274134134100000537e+00,-2.921861494999999920e+01,-2.617703142899999946e+01,-3.706956251100000088e+01,-3.697447856899999863e+01,-2.908674729299999839e+01
8.294144144100000560e+00,-2.933849204499999885e+01,-2.575239581700000002e+01,-3.914593481200000014e+01,-3.565052985300000188e+01,-3.048353861700000067e+01
8.314154154200000590e+00,-2.903455231199999886e+01,-2.678069775100000172e+01,-3.960648397199999948e+01,-3.787841113700000051e+01,-3.019535424700000092e+01
8.334164164200000613e+00,-2.899458514199999826e+01,-2.625859209100000058e+01,-3.814872694499999994e+01,-3.739153989500000108e+01,-3.095160668799999826e+01
8.354174174200000635e+00,-2.946690015500000115e+01,-2.660566699800000023e+01,-3.966757575100000111e+01,-4.165607652599999966e+01,-3.134884702500000131e+01
8.374184184200000658e+00,-3.020737588700000131e+01,-2.683353711099999828e+01,-4.039413933800000223e+01,-3.985595222900000323e+01,-3.228005018999999720e+01
8.394194194200000680e+00,-2.840584134899999924e+01,-2.635369918299999981e+01,-3.906587051399999666e+01,-4.465225770600000033e+01,-3.343777044400000165e+01
8.414204204199998927e+00,-2.968895913300000089e+01,-2.767200475599999976e+01,-3.909725327799999661e+01,-4.422078491500000297e+01,-3.451442940700000150e+01
8.434214214199998949e+00,-3.006237973700000055e+01,-2.797415591100000043e+01,-3.967743108300000188e+01,-4.534642407900000194e+01,-3.459986161799999849e+01
8.454224224199998972e+00,-3.030734154900000021e+01,-2.787518833700000087e+01,-3.977153560499999685e+01,-5.034884279199999924e+01,-3.587879651600000130e+01
8.474234234199998994e+00,-3.190182743300000112e+01,-3.072862564600000113e+01,-3.729465917800000341e+01,-4.647952858099999673e+01,-3.469906410400000141e+01
8.494244244199999017e+00,-3.096272009600000175e+01,-2.905840532399999887e+01,-4.033002959699999934e+01,-4.238994110299999818e+01,-3.363314304600000071e+01
8.514254254300000824e+00,-3.319510225399999825e+01,-2.859273324100000124e+01,-3.919599350699999718e+01,-4.030322688999999770e+01,-3.484960471299999796e+01
8.534264264300000846e+00,-3.365033988199999726e+01,-2.881196431700000105e+01,-4.201690432000000186e+01,-3.906705622999999861e+01,-3.382679513099999724e+01
8.554274274300000869e+00,-3.370953713299999777e+01,-2.935157515799999928e+01,-4.258106156299999867e+01,-3.819946267200000278e+01,-3.321244320899999991e+01
8.574284284300000891e+00,-3.713937962600000020e+01,-2.907437687499999868e+01,-4.165859258399999732e+01,-3.748247050100000166e+01,-3.270342650999999989e+01
8.594294294299999137e+00,-3.450438365000000118e+01,-2.977742185800000030e+01,-3.599544152200000013e+01,-3.456614412300000083e+01,-3.422522673299999951e+01
8.614304304299999160e+00,-3.411156337599999944e+01,-2.826926850099999911e+01,-3.403286564900000144e+01,-3.324989323799999852e+01,-3.428723782000000142e+01
8.634314314299999182e+00,-3.616536791800000117e+01,-2.882014428200000111e+01,-3.344252626000000106e+01,-3.336344950899999873e+01,-3.254205935800000304e+01
8.654324324299999205e+00,-3.711710816600000129e+01,-2.938442419000000072e+01,-3.228613534299999799e+01,-3.374358728400000018e+01,-3.195643333599999991e+01
8.674334334299999227e+00,-3.647388224600000228e+01,-2.864162762000000129e+01,-3.111217048299999988e+01,-3.276908703400000178e+01,-3.150084608399999908e+01
8.694344344299999250e+00,-3.954293776899999813e+01,-2.964331680300000116e+01,-3.062250300499999867e+01,-3.169357287200000073e+01,-3.110186721999999904e+01
8.714354354399999281e+00,-3.640522627000000000e+01,-2.918184039999999868e+01,-3.030170680200000177e+01,-3.235290333399999696e+01,-3.039994088699999963e+01
8.734364364399999303e+00,-3.736229293699999943e+01,-2.778870574600000154e+01,-2.999771075499999995e+01,-3.162228201900000002e+01,-2.887662304599999885e+01
8.754374374399999326e+00,-3.711539538800000315e+01,-2.819260522900000154e+01,-2.888273907600000001e+01,-3.020750634299999859e+01,-3.052700171500000081e+01
8.774384384399999348e+00,-3.836528349999999676e+01,-2.925658784000000168e+01,-2.864830304099999836e+01,-2.988204364399999946e+01,-2.941933647600000157e+01
8.794394394399999371e+00,-3.898579459999999841e+01,-2.878626568700000021e+01,-2.845613751200000152e+01,-2.973940284300000059e+01,-2.890083204600000144e+01
8.814404404399999393e+00,-3.979291191000000083e+01,-2.737566797599999902e+01,-2.757654823900000096e+01,-2.830684039699999843e+01,-2.895862199000000103e+01
8.834414414399999416e+00,-3.869127529099999663e+01,-2.661470699299999865e+01,-2.757010305900000091e+01,-2.914023175499999851e+01,-2.744541683899999995e+01
8.854424424399999438e+00,-3.586870741700000309e+01,-2.649412096400000038e+01,-2.743824941000000095e+01,-2.802014531800000086e+01,-2.784249986000000021e+01
8.874434434399999461e+00,-4.033831756499999699e+01,-2.627720661400000068e+01,-2.795002063400000125e+01,-2.851940825200000162e+01,-2.756386380100000011e+01
8.894444444399999483e+00,-3.622381616900000267e+01,-2.593096627099999907e+01,-2.776563352699999854e+01,-2.856852633600000146e+01,-2.762044234200000048e+01
8.914454454499999514e+00,-3.886727816100000155e+01,-2.722374961699999929e+01,-2.726293000400000111e+01,-2.892523077399999920e+01,-2.720650565700000101e+01
8.934464464499999536e+00,-3.875872885799999779e+01,-2.636831134599999871e+01,-2.766473903099999987e+01,-2.968354941200000141e+01,-2.749011553400000096e+01
8.954474474499999559e+00,-3.844348261500000064e+01,-2.788584683899999916e+01,-2.745729446700000054e+01,-2.961297882499999901e+01,-2.712704111700000098e+01
8.974484484499999581e+00,-4.227023800599999959e+01,-2.799923614100000080e+01,-2.713717773000000122e+01,-2.956809819500000103e+01,-2.773281334700000045e+01
8.994494494499999604e+00,-3.811812542199999854e+01,-2.761032949699999861e+01,-2.751255155100000138e+01,-2.970338224199999999e+01,-2.795092803900000078e+01
9.014504504499999626e+00,-3.812730149699999771e+01,-2.788262029999999925e+01,-2.674624861599999903e+01,-3.083550836599999911e+01,-2.860934836599999898e+01
9.034514514499999649e+00,-3.880455588600000283e+01,-2.809961704299999852e+01,-2.721726523899999961e+01,-2.958750803899999937e+01,-2.831426812999999854e+01
9.054524524499999671e+00,-3.799341585799999876e+01,-3.001872449200000048e+01,-2.739982207699999961e+01,-2.971726343599999964e+01,-2.828202242800000121e+01
9.074534534499999694e+00,-4.527111156099999789e+01,-3.058626449100000144e+01,-2.677318346999999932e+01,-2.900401756100000128e+01,-2.803888134900000040e+01
9.094544544499999716e+00,-4.209776990600000346e+01,-2.929667153799999824e+01,-2.631479300399999843e+01,-2.924124831199999974e+01,-2.863659907499999946e+01
9.114554554599999747e+00,-3.487092084500000055e+01,-3.062049944900000042e+01,-2.699405909400000070e+01,-2.889794540200000128e+01,-2.884508561499999857e+01
9.134564564599999770e+00,-3.768458994400000250e+01,-3.149833768099999887e+01,-2.668842035600000173e+01,-2.832117235500000163e+01,-2.813792775499999976e+01
9.154574574599999792e+00,-3.868735076699999809e+01,-3.084184040499999924e+01,-2.695095097800000161e+01,-2.834526570699999937e+01,-2.856168395199999921e+01
9.174584584599999815e+00,-3.510831124999999986e+01,-3.323489912499999832e+01,-2.720407190799999952e+01,-2.785907089599999864e+01,-2.896107271500000024e+01
9.194594594599999837e+00,-3.493212975400000175e+01,-3.482792752499999978e+01,-2.834402815700000033e+01,-2.708961707599999968e+01,-2.846854513599999947e+01
9.214604604599999860e+00,-3.569602956699999652e+01,-3.681334795600000120e+01,-2.867712008100000176e+01,-2.739876303100000143e+01,-2.782766380300000009e+01
9.234614614599999882e+00,-3.560224916399999984e+01,-3.672980247800000342e+01,-2.877117170000000002e+01,-2.717160457199999968e+01,-2.699616805999999869e+01
9.254624624599999905e+00,-3.376805475399999779e+01,-3.998814592299999759e+01,-2.906996118200000012e+01,-2.689896107299999883e+01,-2.643093307099999834e+01
9.274634634599999927e+00,-3.433954907799999745e+01,-4.026551779700000111e+01,-2.940129488799999891e+01,-2.711033934199999962e+01,-2.614510821700000065e+01
9.294644644599999950e+00,-3.320061402200000344e+01,-4.123287208699999695e+01,-3.191400853400000059e+01,-2.704356414900000161e+01,-2.519466283299999887e+01
9.314654654699999980e+00,-3.256532914600000339e+01,-4.005792670400000333e+01,-3.096003505099999842e+01,-2.722874460399999919e+01,-2.448967385799999974e+01
9.334664664700000003e+00,-3.322867714699999908e+01,-3.581060064300000079e+01,-3.280518189800000073e+01,-2.725668656599999906e+01,-2.507066692200000091e+01
9.354674674700000025e+00,-3.260176190300000343e+01,-3.501758165300000059e+01,-3.241798742600000338e+01,-2.846166889799999922e+01,-2.467175373899999968e+01
9.374684684700000048e+00,-3.169415326100000030e+01,-3.505869639000000149e+01,-3.138051616299999935e+01,-2.880319191599999940e+01,-2.460457640299999937e+01
9.394694694700000070e+00,-3.015966398600000176e+01,-3.371136462799999833e+01,-3.077484478399999901e+01,-2.905682643200000115e+01,-2.413542724099999859e+01
9.414704704700000093e+00,-3.068728886999999972e+01,-3.313656053599999751e+01,-3.082741004000000018e+01,-3.006782185400000174e+01,-2.455120711200000017e+01
9.434714714700000115e+00,-2.846736646100000101e+01,-3.376767745299999746e+01,-3.052140392800000157e+01,-2.997222291499999969e+01,-2.424786995399999867e+01
9.454724724700000138e+00,-2.932288979000000140e+01,-3.518190566999999902e+01,-3.209404232699999682e+01,-3.062731265300000061e+01,-2.392719938500000154e+01
9.474734734700000161e+00,-2.888251386299999979e+01,-3.510691622899999942e+01,-3.128870371000000006e+01,-3.241993815000000012e+01,-2.441656401899999906e+01
9.494744744700000183e+00,-2.843863015999999888e+01,-3.738865997199999924e+01,-3.281240869900000234e+01,-3.211049091499999975e+01,-2.430867767899999876e+01
9.514754754799998437e+00,-2.840212605199999985e+01,-3.515161812000000197e+01,-3.069346044399999940e+01,-3.317890921699999751e+01,-2.437087167600000015e+01
9.534764764799998460e+00,-2.870530023499999928e+01,-3.585923514400000300e+01,-3.245277605799999776e+01,-3.337506232100000148e+01,-2.433347187900000108e+01
9.554774774799998482e+00,-2.867652041099999849e+01,-3.381805256700000228e+01,-3.138759001400000059e+01,-3.531846955599999660e+01,-2.411040669699999839e+01
9.574784784799998505e+00,-2.725161345300000093e+01,-3.853971966099999946e+01,-3.089323928499999994e+01,-3.559888381900000098e+01,-2.456436601200000069e+01
9.594794794799998527e+00,-2.981311406400000052e+01,-3.777284067899999798e+01,-3.065557036599999918e+01,-3.589121077899999790e+01,-2.458486720000000147e+01
9.614804804799998550e+00,-2.972609228900000033e+01,-3.528352722199999647e+01,-3.130104576300000119e+01,-3.624717137399999700e+01,-2.416396299399999847e+01
9.634814814799998572e+00,-2.908325264200000149e+01,-3.609194958300000167e+01,-3.098329847600000164e+01,-3.410893180499999744e+01,-2.494155135400000134e+01
9.654824824799998595e+00,-3.023017705799999888e+01,-3.742588897000000259e+01,-3.058540503500000085e+01,-3.427541846799999803e+01,-2.478709731100000013e+01
9.674834834799998617e+00,-3.022872028000000100e+01,-3.558610860999999659e+01,-3.096654269900000145e+01,-3.413022769500000209e+01,-2.398072441300000079e+01
9.694844844799998640e+00,-3.010269528699999952e+01,-3.562714525700000223e+01,-3.143413486900000109e+01,-3.349578092499999826e+01,-2.430801743199999976e+01
9.714854854900000447e+00,-2.992566243999999998e+01,-3.852590922099999915e+01,-3.100655413599999832e+01,-3.486232472300000040e+01,-2.404214881500000089e+01
9.734864864900000470e+00,-3.072984537900000035e+01,-3.597216134399999987e+01,-3.049289208900000148e+01,-3.257078133699999967e+01,-2.359581896899999975e+01
9.754874874900000492e+00,-3.007458531600000029e+01,-3.574840081400000003e+01,-3.095433495700000037e+01,-3.358516520500000269e+01,-2.421975903199999891e+01
9.774884884899998738e+00,-3.118412572200000099e+01,-3.872760152800000100e+01,-3.119246171700000048e+01,-3.335824177199999951e+01,-2.397195513599999828e+01
9.794894894899998761e+00,-2.983098493399999995e+01,-3.761075160899999759e+01,-3.082532279799999841e+01,-3.238300900600000176e+01,-2.358313492699999969e+01
9.814904904899998783e+00,-2.942223217500000132e+01,-3.915606144699999902e+01,-3.107842152699999971e+01,-3.349371333199999867e+01,-2.433024690599999929e+01
9.834914914899998806e+00,-2.744199839299999866e+01,-3.677810237399999949e+01,-2.945941007900000130e+01,-3.047416614100000132e+01,-2.447049541899999880e+01
9.854924924899998828e+00,-2.726253501800000123e+01,-3.767067378000000133e+01,-3.016900568699999852e+01,-2.974379604599999993e+01,-2.546085698399999941e+01
9.874934934899998851e+00,-2.576796324500000068e+01,-3.801417851299999739e+01,-3.058382153299999828e+01,-2.895261122100000151e+01,-2.651141005599999900e+01
9.894944944899998873e+00,-2.467984049800000079e+01,-3.843651765399999931e+01,-3.037336607499999985e+01,-2.884096709800000014e+01,-2.653033352899999997e+01
9.914954955000000680e+00,-2.558045050000000131e+01,-3.614921348200000040e+01,-2.982639246400000133e+01,-2.910553811699999827e+01,-2.699980118599999912e+01
9.934964965000000703e+00,-2.548241650800000002e+01,-3.735425386600000053e+01,-3.117936465600000062e+01,-2.869691946200000032e+01,-2.699097579600000074e+01
9.954974975000000725e+00,-2.558901605399999823e+01,-3.982035523599999749e+01,-3.101790178599999948e+01,-2.840796749700000134e+01,-2.783495026299999964e+01
9.974984985000000748e+00,-2.537394028599999984e+01,-3.513686140099999733e+01,-2.973821297099999938e+01,-2.776640609900000101e+01,-2.769304160500000123e+01
9.994994995000000770e+00,-2.642742847999999967e+01,-3.214882545999999763e+01,-3.097133845800000174e+01,-2.800234106299999937e+01,-2.710097809899999888e+01
1.001500500500000079e+01,-2.432120365899999825e+01,-3.287021560899999884e+01,-3.155852614399999823e+01,-2.674448769099999978e+01,-2.659336180500000069e+01
1.003501501500000082e+01,-2.620006887199999923e+01,-3.145893461300000027e+01,-3.191998174100000085e+01,-2.748794830499999975e+01,-2.633209868100000151e+01
1.005502502500000084e+01,-2.663501073300000144e+01,-3.176365021999999882e+01,-3.217051614100000023e+01,-2.635439334599999839e+01,-2.676927398200000141e+01
1.007503503500000086e+01,-2.429008869200000120e+01,-3.157197503300000108e+01,-3.270366914299999905e+01,-2.610458590600000051e+01,-2.699226678400000168e+01
1.009504504500000088e+01,-2.672223387600000066e+01,-3.203884327800000165e+01,-3.333616525299999722e+01,-2.701478971399999907e+01,-2.708361651099999889e+01
1.011505505499999913e+01,-2.522642288000000121e+01,-3.132899262500000148e+01,-3.333099752399999716e+01,-2.690289359799999858e+01,-2.667243855699999955e+01
1.013506506499999915e+01,-2.793263338099999871e+01,-3.235837468599999767e+01,-3.252719977600000334e+01,-2.636380917099999976e+01,-2.648941132099999862e+01
1.015507507499999917e+01,-2.639456140800000128e+01,-3.070487113100000087e+01,-3.454512388999999928e+01,-2.647375582800000160e+01,-2.610930640899999844e+01
1.017508508499999920e+01,-2.554819767000000041e+01,-3.138596831899999984e+01,-3.482120710699999933e+01,-2.612038183599999996e+01,-2.538628206099999929e+01
1.019509509499999922e+01,-2.652818870600000167e+01,-3.024590992499999942e+01,-3.562016910900000255e+01,-2.602131713200000007e+01,-2.518550882599999952e+01
1.021510510499999924e+01,-2.701190117699999860e+01,-3.516653725599999802e+01,-3.791951481400000290e+01,-2.684374050699999970e+01,-2.543297796899999952e+01
1.023511511499999926e+01,-2.547718584500000105e+01,-3.286175569899999971e+01,-3.781918893600000331e+01,-2.738829440499999990e+01,-2.505789099400000097e+01
1.025512512499999929e+01,-2.573598828900000157e+01,-3.238561887600000233e+01,-3.904496494499999670e+01,-2.856612381500000097e+01,-2.520093166799999906e+01
1.027513513499999931e+01,-2.738162190499999937e+01,-3.531272064099999852e+01,-3.912817935399999669e+01,-2.823614546599999997e+01,-2.646021129600000066e+01
1.029514514499999933e+01,-2.609321607000000043e+01,-3.357136255700000049e+01,-4.104933735600000233e+01,-2.725483811799999856e+01,-2.666140449899999965e+01
1.031515515499999935e+01,-2.749236322000000143e+01,-3.448940087599999771e+01,-4.176596863700000029e+01,-2.853618060299999826e+01,-2.702646910200000008e+01
1.033516516499999938e+01,-2.743717860799999997e+01,-3.693960635999999909e+01,-5.236697188200000141e+01,-2.898162213499999851e+01,-2.894960229799999851e+01
1.035517517499999940e+01,-2.790377922600000105e+01,-3.577796167900000057e+01,-4.980198203599999829e+01,-2.895525453799999838e+01,-2.789453882000000107e+01
1.037518518499999942e+01,-3.024298866399999852e+01,-3.741604736099999684e+01,-4.701526014299999900e+01,-2.905373076600000104e+01,-2.707138882799999990e+01
1.039519519499999944e+01,-2.723070686300000176e+01,-3.542439069899999993e+01,-4.659663095999999882e+01,-3.051413267499999904e+01,-2.736762160500000007e+01
1.041520520499999947e+01,-3.073574580600000061e+01,-4.051306615200000039e+01,-4.895012889400000233e+01,-2.868375925699999840e+01,-2.675885541499999931e+01
1.043521521499999949e+01,-2.799975768199999848e+01,-3.568279889099999735e+01,-5.619960200599999922e+01,-2.881571767300000175e+01,-2.572768187699999842e+01
1.045522522499999951e+01,-2.931889873300000104e+01,-3.407643166599999773e+01,-4.124408414399999856e+01,-2.803857562900000033e+01,-2.570568104099999829e+01
1.047523523499999953e+01,-2.847189829299999886e+01,-3.452870242800000256e+01,-4.498523033699999729e+01,-2.841281787599999831e+01,-2.545539150200000122e+01
1.049524524499999956e+01,-2.922897211500000125e+01,-3.257764447600000324e+01,-4.087050220300000092e+01,-2.844077619999999840e+01,-2.700871177599999839e+01
1.051525525499999958e+01,-2.952604115700000165e+01,-3.599724284799999907e+01,-4.920867543199999972e+01,-2.740056833099999878e+01,-2.548618884200000068e+01
1.053526526499999960e+01,-2.961127684199999877e+01,-3.046297021499999857e+01,-4.196982140899999791e+01,-2.769958361999999852e+01,-2.678145596399999917e+01
1.055527527499999962e+01,-2.844273561099999981e+01,-3.770840171999999768e+01,-3.619445391899999720e+01,-2.772846414400000015e+01,-2.722136399600000090e+01
1.057528528499999965e+01,-2.976373301199999943e+01,-3.485685523200000091e+01,-3.934429890199999846e+01,-2.745658206799999945e+01,-2.657550149000000062e+01
1.059529529499999967e+01,-2.808137779899999842e+01,-3.388154322199999768e+01,-3.895282631799999962e+01,-2.788947209799999882e+01,-2.814103793099999962e+01
1.061530530499999969e+01,-2.995605290199999970e+01,-3.526695196499999696e+01,-3.569363928599999980e+01,-2.778741652100000081e+01,-2.766553883599999963e+01
1.063531531499999971e+01,-3.015413778399999956e+01,-3.829848808900000279e+01,-3.647494179099999911e+01,-2.612311856299999846e+01,-2.992726742800000039e+01
1.065532532499999974e+01,-2.884996129700000012e+01,-3.785014047300000328e+01,-4.046413603100000245e+01,-2.673673378299999825e+01,-2.876502911900000115e+01
1.067533533499999976e+01,-3.115972344000000049e+01,-3.577733054600000173e+01,-3.923600961599999692e+01,-2.614702415200000019e+01,-2.927868613000000053e+01
1.069534534499999978e+01,-3.454018221700000169e+01,-5.172610066699999720e+01,-3.660514096699999698e+01,-2.559289744299999825e+01,-2.910995455899999840e+01
1.071535535499999980e+01,-3.251033105100000142e+01,-3.833840117100000100e+01,-3.890571854600000279e+01,-2.448834582499999968e+01,-2.963590295199999858e+01
1.073536536499999983e+01,-3.238939727099999999e+01,-4.183518967999999916e+01,-3.927246407900000236e+01,-2.435126414400000172e+01,-2.822433490499999920e+01
1.075537537499999985e+01,-3.132678919600000000e+01,-5.238777728800000233e+01,-3.748058027100000089e+01,-2.427278661000000071e+01,-2.674039830399999929e+01
1.077538538499999987e+01,-3.280571318100000155e+01,-4.408246706799999970e+01,-4.104821100299999870e+01,-2.295927363999999926e+01,-2.910283696600000169e+01
1.079539539499999989e+01,-3.434590613799999659e+01,-3.493258338599999746e+01,-4.146877927100000250e+01,-2.379182737800000069e+01,-2.636799207700000025e+01
1.081540540499999992e+01,-3.490368993500000272e+01,-4.190100444200000140e+01,-4.560814724099999751e+01,-2.318160184999999984e+01,-2.654014237899999884e+01
1.083541541499999994e+01,-3.285799226000000317e+01,-4.394159908200000331e+01,-4.218467723799999902e+01,-2.227204955099999850e+01,-2.678538844199999858e+01
1.085542542499999996e+01,-3.512495632299999926e+01,-4.402329477300000349e+01,-4.672353516900000159e+01,-2.326635256999999868e+01,-2.666288034700000154e+01
1.087543543499999998e+01,-3.187896240799999958e+01,-3.641297705699999909e+01,-4.392282350899999699e+01,-2.220642974000000081e+01,-2.527524773800000091e+01
1.089544544500000001e+01,-3.151276824900000051e+01,-3.871857208200000144e+01,-4.888592495500000012e+01,-2.286547082499999917e+01,-2.747505878899999843e+01
1.091545545500000003e+01,-3.606643888800000042e+01,-4.430049197299999975e+01,-4.684002286100000134e+01,-2.357121419399999951e+01,-2.756678046300000062e+01
1.093546546500000005e+01,-3.865407325000000327e+01,-3.536848467200000101e+01,-4.684542505600000339e+01,-2.338808706500000056e+01,-2.768980051999999858e+01
1.095547547500000007e+01,-3.620366407600000258e+01,-5.099239919099999696e+01,-5.481237703699999742e+01,-2.377320857899999851e+01,-2.934325687600000165e+01
1.097548548500000010e+01,-3.412471895400000221e+01,-3.631669000200000141e+01,-4.389440022600000191e+01,-2.395113821600000037e+01,-3.019011938399999906e+01
1.099549549500000012e+01,-3.332036081300000063e+01,-4.147230636199999765e+01,-4.166869130599999949e+01,-2.384258549200000132e+01,-3.028766394699999864e+01
1.101550550600000022e+01,-3.165113499199999936e+01,-3.371174097299999772e+01,-3.964965225499999946e+01,-2.444210603899999867e+01,-3.544436256499999871e+01
1.103551551600000025e+01,-3.089530418300000036e+01,-3.738744556700000032e+01,-3.817762327399999833e+01,-2.369484038299999895e+01,-3.435804882299999718e+01
1.105552552600000027e+01,-3.444501021300000332e+01,-3.652274925399999717e+01,-4.094141227400000105e+01,-2.387667582999999993e+01,-3.363418044000000151e+01
1.107553553600000029e+01,-3.434996229299999726e+01,-3.770130359099999851e+01,-3.676906504000000098e+01,-2.403749451599999887e+01,-3.693719843600000274e+01
1.109554554600000031e+01,-3.388672238600000242e+01,-3.827425758599999739e+01,-3.447250571400000041e+01,-2.359587495999999973e+01,-3.645867589699999911e+01
1.111555555600000034e+01,-3.226623722600000121e+01,-3.121274744899999831e+01,-3.458568594700000176e+01,-2.365975824299999886e+01,-3.862070972600000118e+01
1.113556556600000036e+01,-3.673566926000000166e+01,-3.329342522099999968e+01,-3.381613154200000082e+01,-2.363794323500000161e+01,-3.808743893599999808e+01
1.115557557600000038e+01,-3.373499579799999992e+01,-3.474003233999999907e+01,-3.717081566800000303e+01,-2.360782182999999890e+01,-3.670325047499999727e+01
1.117558558600000040e+01,-3.145756051800000108e+01,-3.266728521099999938e+01,-3.287371794500000277e+01,-2.365114444700000007e+01,-3.363026368700000290e+01
1.119559559600000043e+01,-3.219243018400000267e+01,-3.160372081299999891e+01,-3.530247307399999812e+01,-2.321629057699999876e+01,-3.311538851600000299e+01
1.121560560600000045e+01,-3.302796016900000353e+01,-3.466158924199999802e+01,-3.330262192699999702e+01,-2.336608702899999912e+01,-3.229271950999999774e+01
1.123561561600000047e+01,-3.350984173900000229e+01,-3.403504788299999717e+01,-3.483686197800000173e+01,-2.229318043900000035e+01,-3.122306877600000163e+01
1.125562562600000049e+01,-3.192626263500000050e+01,-2.898035180000000111e+01,-3.372213930099999857e+01,-2.316685733499999955e+01,-3.332253158500000012e+01
1.127563563600000052e+01,-3.430004089300000203e+01,-2.854392868300000075e+01,-3.258620983099999791e+01,-2.266301371300000156e+01,-3.301150274900000170e+01
1.129564564600000054e+01,-3.064071215699999939e+01,-2.893490366900000055e+01,-3.333156094299999950e+01,-2.243905815999999831e+01,-2.996438658399999966e+01
1.131565565600000056e+01,-2.944915557399999884e+01,-2.894682015400000097e+01,-3.433530210899999702e+01,-2.287324574000000155e+01,-3.007662206199999844e+01
1.133566566600000058e+01,-3.020606452000000175e+01,-2.948127738399999842e+01,-3.594077373799999719e+01,-2.180057992200000072e+01,-3.010849390099999923e+01
1.135567567600000061e+01,-3.272894598799999955e+01,-2.799691739300000037e+01,-3.477089329999999734e+01,-2.182128324199999980e+01,-2.942070007299999901e+01
1.137568568600000063e+01,-3.045290292399999998e+01,-3.143188358900000168e+01,-3.799784428699999950e+01,-2.210104144099999957e+01,-2.919384515000000135e+01
1.139569569600000065e+01,-3.117117806499999944e+01,-3.403817505699999657e+01,-3.698109356999999875e+01,-2.247032924899999884e+01,-2.768939372299999846e+01
1.141570570600000067e+01,-3.024338982700000145e+01,-2.946528156899999829e+01,-3.833124851899999896e+01,-2.164155809900000094e+01,-2.853862292899999886e+01
1.143571571600000070e+01,-2.937601566900000094e+01,-3.046509631200000001e+01,-3.401989352999999738e+01,-2.214289309700000175e+01,-3.046788810500000011e+01
1.145572572600000072e+01,-3.104106504900000019e+01,-3.207479389200000242e+01,-3.466320396599999754e+01,-2.118560267699999855e+01,-2.647387380400000012e+01
1.147573573600000074e+01,-3.039082347000000084e+01,-3.384205198699999784e+01,-3.213733748700000348e+01,-2.167515043599999913e+01,-2.842130864099999954e+01
1.149574574600000076e+01,-2.875552962600000129e+01,-3.238913481800000227e+01,-3.263491603300000321e+01,-2.137652333999999854e+01,-2.838203832900000023e+01
1.151575575600000079e+01,-2.875862692500000151e+01,-3.173875195899999824e+01,-3.228307572800000003e+01,-2.096278982799999824e+01,-2.861608837300000019e+01
1.153576576600000081e+01,-2.959791738199999855e+01,-3.544165223000000253e+01,-3.335637088099999659e+01,-2.103049405799999860e+01,-2.950853695099999996e+01
1.155577577600000083e+01,-2.881655078900000078e+01,-3.365713900299999750e+01,-3.120528621000000058e+01,-2.185435388599999840e+01,-2.806662644800000095e+01
1.157578578600000085e+01,-2.985779469699999922e+01,-3.034326415399999988e+01,-3.241973418300000276e+01,-2.057580979200000115e+01,-2.720591665599999942e+01
1.159579579600000088e+01,-3.099681513299999835e+01,-3.560979482999999846e+01,-3.117840174799999886e+01,-2.211083294299999835e+01,-2.816711380399999953e+01
1.161580580599999912e+01,-2.847973643799999977e+01,-3.051265146400000106e+01,-2.991672296699999833e+01,-2.067220796100000157e+01,-2.704049875799999825e+01
1.163581581599999915e+01,-3.263102401700000144e+01,-3.499556256099999985e+01,-3.152062537699999822e+01,-2.078154420699999960e+01,-2.945182763500000078e+01
1.165582582599999917e+01,-3.344109039500000335e+01,-3.378332856000000106e+01,-2.943237252500000167e+01,-2.229451200500000141e+01,-2.732453537499999996e+01
1.167583583599999919e+01,-3.006676698000000059e+01,-3.053693317000000107e+01,-3.026734660900000051e+01,-2.108156165899999834e+01,-2.598558813900000075e+01
1.169584584599999921e+01,-3.077537001500000002e+01,-3.424377044900000300e+01,-3.085505775200000045e+01,-2.275170479599999851e+01,-2.693803211299999845e+01
1.171585585599999924e+01,-3.007394806399999965e+01,-3.255218821300000087e+01,-3.090064003000000170e+01,-2.282050210899999954e+01,-2.666113044900000162e+01
1.173586586599999926e+01,-3.031355064099999908e+01,-3.412352676100000082e+01,-3.190666254899999998e+01,-2.164261436199999977e+01,-2.747639927499999857e+01
1.175587587599999928e+01,-3.487132535399999966e+01,-3.545374470699999847e+01,-3.156090959899999859e+01,-2.250740791699999832e+01,-2.889602812900000117e+01
1.177588588599999930e+01,-3.146487813399999922e+01,-3.372705574599999778e+01,-3.121899187200000014e+01,-2.358462118799999985e+01,-2.748910342099999937e+01
1.179589589599999933e+01,-3.521177157200000352e+01,-3.405287220799999659e+01,-3.096172471599999909e+01,-2.255873959499999870e+01,-2.746369216300000105e+01
1.181590590599999935e+01,-3.517872572200000292e+01,-3.694423702000000276e+01,-3.244160644499999790e+01,-2.515584649599999878e+01,-2.879464898899999881e+01
1.183591591599999937e+01,-3.035386053999999945e+01,-3.178990033699999884e+01,-3.121583188299999989e+01,-2.358734572499999871e+01,-3.028862034699999839e+01
1.185592592599999939e+01,-3.237907408600000281e+01,-3.572984454299999868e+01,-3.392949594200000263e+01,-2.388681171800000058e+01,-2.993299092499999858e+01
1.187593593599999942e+01,-3.551962423799999868e+01,-3.456074158799999907e+01,-3.366290144100000248e+01,-2.420281857899999878e+01,-2.972318655899999840e+01
1.189594594599999944e+01,-3.120011220199999968e+01,-3.153358983200000054e+01,-3.050764168299999923e+01,-2.420256148200000013e+01,-2.974202174899999918e+01
1.191595595599999946e+01,-3.231740950500000054e+01,-3.436623298699999651e+01,-3.323865497900000321e+01,-2.378609598699999950e+01,-2.908921904700000027e+01
1.193596596599999948e+01,-3.400298596999999745e+01,-3.807955331800000209e+01,-3.176604114199999884e+01,-2.478725826000000154e+01,-2.919847488699999971e+01
1.195597597599999951e+01,-3.705596559399999990e+01,-3.411927829599999740e+01,-3.221549800599999713e+01,-2.324769562999999906e+01,-2.821302219700000080e+01
1.197598598599999953e+01,-3.032294082099999954e+01,-3.330037490899999852e+01,-3.315449564800000104e+01,-2.311012273400000083e+01,-2.894641736499999851e+01
1.199599599599999955e+01,-3.182666500599999893e+01,-3.443901607699999801e+01,-3.377117517500000332e+01,-2.483812847900000165e+01,-2.843061129199999826e+01
1.201600600599999957e+01,-3.270211052100000160e+01,-4.004606464599999782e+01,-3.190428760600000047e+01,-2.341992224599999872e+01,-2.813297172300000071e+01
1.203601601599999960e+01,-3.093665030600000065e+01,-2.865459071700000138e+01,-3.260425591300000292e+01,-2.364953090099999855e+01,-2.943080765899999918e+01
1.205602602599999962e+01,-3.476325188300000235e+01,-3.888767013700000064e+01,-3.139455002000000050e+01,-2.357218853099999833e+01,-2.827572522399999855e+01
1.207603603599999964e+01,-3.858121890299999990e+01,-3.322700863899999746e+01,-3.188805714200000097e+01,-2.254526534800000093e+01,-2.500274073599999980e+01
1.209604604599999966e+01,-3.629466705600000154e+01,-4.075463202699999954e+01,-3.246280258499999860e+01,-2.381769732300000086e+01,-2.949284134699999882e+01
1.211605605599999969e+01,-3.611578471100000343e+01,-3.898510493799999921e+01,-3.213540960600000318e+01,-2.355742159800000124e+01,-3.029871248799999961e+01
1.213606606599999971e+01,-3.995424339899999921e+01,-4.058370372000000259e+01,-2.924734817399999898e+01,-2.323706591599999882e+01,-2.863926163900000077e+01
1.215607607599999973e+01,-3.544595178699999849e+01,-4.202771089600000209e+01,-2.834848552300000080e+01,-2.374198504700000001e+01,-2.823101526399999983e+01
1.217608608599999975e+01,-4.082353606699999915e+01,-4.906655920000000037e+01,-2.898112452599999855e+01,-2.274073487600000121e+01,-2.963381510299999988e+01
1.219609609599999978e+01,-3.944394571600000177e+01,-4.058654432099999809e+01,-2.985131670599999865e+01,-2.441228691799999950e+01,-2.945840796399999917e+01
1.221610610599999980e+01,-3.243828387300000315e+01,-4.027711058900000296e+01,-3.065410528600000006e+01,-2.402682634800000017e+01,-2.976825871500000176e+01
1.223611611599999982e+01,-3.189176792700000007e+01,-3.863538270200000113e+01,-2.955730251199999969e+01,-2.360803008099999900e+01,-3.141884394999999941e+01
1.225612612599999984e+01,-3.833515776499999816e+01,-4.284669623999999999e+01,-3.083245325700000095e+01,-2.445705924700000011e+01,-3.053551220099999952e+01
1.227613613599999987e+01,-3.447458402899999896e+01,-4.563959719599999687e+01,-2.795253039900000047e+01,-2.606210591399999998e+01,-3.383890701100000342e+01
1.229614614599999989e+01,-3.210276524500000050e+01,-3.291830927299999843e+01,-2.871939131699999948e+01,-2.347626889700000063e+01,-2.911512910500000118e+01
1.231615615599999991e+01,-3.763539173200000221e+01,-4.022598509099999831e+01,-2.664493245999999971e+01,-2.438426003700000066e+01,-3.093139401299999847e+01
1.233616616599999993e+01,-4.297490938600000021e+01,-4.895013610699999873e+01,-2.900201744299999973e+01,-2.554682382000000018e+01,-2.936938322900000031e+01
1.235617617599999996e+01,-3.525862567299999739e+01,-3.412004787299999720e+01,-3.018591170299999860e+01,-2.431265225399999963e+01,-3.662776613700000183e+01
1.237618618599999998e+01,-3.697032037700000018e+01,-3.660987844200000296e+01,-2.831764349599999875e+01,-2.474120835000000085e+01,-3.008310697499999975e+01
1.239619619600000000e+01,-3.446036643699999757e+01,-3.780957346299999955e+01,-2.864669843600000121e+01,-2.497687760999999895e+01,-2.696657007800000017e+01
1.241620620600000002e+01,-3.255663086300000231e+01,-3.713977787000000319e+01,-3.087714939700000016e+01,-2.400971523000000118e+01,-2.783378292200000104e+01
1.243621621600000005e+01,-3.209204163700000123e+01,-3.521137273099999732e+01,-2.895151396800000043e+01,-2.591421715199999909e+01,-2.779961842799999872e+01
1.245622622600000007e+01,-3.335700183899999871e+01,-3.842023613199999943e+01,-3.261454494699999884e+01,-2.548729405799999981e+01,-2.631511180600000088e+01
1.247623623600000009e+01,-3.139679092600000132e+01,-4.131821028699999943e+01,-3.389889992100000171e+01,-2.490396753899999993e+01,-2.795085822700000122e+01
1.249624624600000011e+01,-3.073045653799999855e+01,-3.622583346700000106e+01,-3.298278661100000164e+01,-2.676073742999999894e+01,-2.623506755400000046e+01
1.251625625600000014e+01,-2.821111383399999895e+01,-4.370885417299999887e+01,-3.216465350699999703e+01,-2.437281990800000031e+01,-2.623259851699999956e+01
1.253626626600000016e+01,-2.760438614499999943e+01,-3.696236955999999907e+01,-3.702544322899999685e+01,-2.662576749999999848e+01,-2.560148705499999977e+01
1.255627627600000018e+01,-3.133636567199999945e+01,-4.132298271500000197e+01,-3.481667858299999807e+01,-2.746352388700000091e+01,-2.777042273200000011e+01
1.257628628600000020e+01,-3.087712792900000025e+01,-3.904255677399999769e+01,-3.198236250600000119e+01,-2.588012446800000177e+01,-2.481546509400000033e+01
1.259629629600000023e+01,-2.641013721199999864e+01,-4.700440595700000301e+01,-3.119531487500000111e+01,-2.627026339400000055e+01,-2.735711041800000132e+01
1.261630630600000025e+01,-3.001687264199999916e+01,-3.802185371299999872e+01,-3.769705948699999709e+01,-2.538579344900000123e+01,-2.998328799000000089e+01
1.263631631600000027e+01,-2.725375131599999889e+01,-3.580797496099999933e+01,-3.237090940000000217e+01,-2.627937399099999993e+01,-2.912381256500000148e+01
1.265632632600000029e+01,-2.584238179999999829e+01,-4.366693487300000243e+01,-3.407037543300000237e+01,-2.381408725000000004e+01,-3.176762550400000151e+01
1.267633633600000032e+01,-2.544604949600000054e+01,-3.820354007800000318e+01,-3.936242884199999992e+01,-2.354928157200000172e+01,-3.083613667499999877e+01
1.269634634600000034e+01,-3.130717351799999904e+01,-3.721625302199999652e+01,-3.921648067699999984e+01,-2.377971422499999932e+01,-3.401329118799999662e+01
1.271635635600000036e+01,-2.902558482099999893e+01,-4.679249383599999845e+01,-3.983567412899999738e+01,-2.463141370199999969e+01,-3.395158587899999958e+01
1.273636636600000038e+01,-3.127020325200000173e+01,-3.750372600499999720e+01,-4.138956343299999929e+01,-2.435551591300000140e+01,-3.624439518799999860e+01
1.275637637600000041e+01,-3.055879720200000094e+01,-3.826231084700000196e+01,-3.828492120699999646e+01,-2.552569646699999950e+01,-3.687320275500000122e+01
1.277638638600000043e+01,-4.268231840400000010e+01,-4.413390010300000199e+01,-4.718911125999999712e+01,-2.261755408699999847e+01,-4.058682217399999814e+01
1.279639639600000045e+01,-3.251929269200000050e+01,-3.263511196000000325e+01,-3.771442992299999730e+01,-2.410905246600000140e+01,-3.400555401999999816e+01
1.281640640600000047e+01,-3.580995240699999727e+01,-3.422744864399999898e+01,-3.773577561599999797e+01,-2.435258026900000061e+01,-3.533977202900000236e+01
1.283641641600000050e+01,-3.674733461099999943e+01,-4.647211928499999800e+01,-4.265487999999999857e+01,-2.549620979000000176e+01,-3.638340253500000188e+01
1.285642642600000052e+01,-3.374420927799999959e+01,-2.843712371599999855e+01,-3.922559483500000255e+01,-2.470323378499999833e+01,-3.900341618699999913e+01
1.287643643600000054e+01,-3.536767433800000049e+01,-4.263869301500000120e+01,-4.479188979700000317e+01,-2.596345817499999953e+01,-3.639410004599999837e+01
1.289644644600000056e+01,-3.575251478100000213e+01,-3.877981812200000178e+01,-3.587774839699999774e+01,-2.637078625799999898e+01,-4.412777684400000311e+01
1.291645645600000059e+01,-2.967457436500000156e+01,-3.231477266499999956e+01,-4.367420090200000260e+01,-2.679354095100000066e+01,-3.996033676599999751e+01
1.293646646600000061e+01,-3.212503990799999798e+01,-3.033963776299999893e+01,-3.750584821500000032e+01,-2.691380474300000003e+01,-3.743183064299999785e+01
1.295647647600000063e+01,-3.489560723799999664e+01,-4.130752963900000196e+01,-4.111073186099999788e+01,-2.764554629099999872e+01,-4.542027795700000325e+01
1.297648648600000065e+01,-3.037667523000000003e+01,-3.732053971300000228e+01,-3.763604678099999745e+01,-2.776991283999999993e+01,-3.894486239599999777e+01
1.299649649600000068e+01,-3.641770964100000185e+01,-4.458666322999999920e+01,-3.699562652400000218e+01,-2.868842103200000082e+01,-7.821058384699999522e+01
1.301650650700000078e+01,-3.425863426600000139e+01,-3.012809751400000025e+01,-3.302518612699999778e+01,-3.044147354900000124e+01,-4.038635862400000320e+01
1.303651651700000080e+01,-3.396141197699999736e+01,-3.949258303199999887e+01,-3.313205661599999985e+01,-3.193309441199999910e+01,-3.484064160999999871e+01
1.305652652700000083e+01,-3.806644620899999865e+01,-4.268285650299999645e+01,-3.527754843400000340e+01,-3.386887985500000298e+01,-3.414048945500000087e+01
1.307653653700000085e+01,-4.262090528899999953e+01,-3.810873274699999769e+01,-2.980902133300000045e+01,-3.595449550299999686e+01,-3.525200508799999710e+01
1.309654654700000087e+01,-3.920968150099999860e+01,-3.770527967499999988e+01,-3.353507582900000017e+01,-3.562876481400000017e+01,-4.190892470099999656e+01
1.311655655699999912e+01,-4.111145722399999869e+01,-3.650386686299999894e+01,-3.338377617599999780e+01,-2.988627345300000115e+01,-3.745359044899999645e+01
1.313656656699999914e+01,-5.169215527499999752e+01,-4.508414287800000153e+01,-3.469510236299999661e+01,-3.739241387500000258e+01,-3.356095697699999647e+01
1.315657657699999916e+01,-3.588042366100000180e+01,-3.624044682600000300e+01,-2.827920528399999966e+01,-3.361787895199999809e+01,-3.147259477800000127e+01
1.317658658699999918e+01,-3.484783093499999751e+01,-5.064547705199999683e+01,-3.315459388400000051e+01,-3.346520530899999812e+01,-3.191664328099999892e+01
1.319659659699999921e+01,-3.921538714799999781e+01,-3.638334879100000308e+01,-3.483915052900000120e+01,-3.918902453599999802e+01,-3.450788962400000059e+01
1.321660660699999923e+01,-4.400123265300000241e+01,-4.769657258400000188e+01,-3.481939962100000230e+01,-3.460634126099999719e+01,-3.655890353499999890e+01
1.323661661699999925e+01,-4.214204483599999662e+01,-3.470769108599999697e+01,-3.203623519500000327e+01,-3.730539466300000129e+01,-3.200778563400000110e+01
1.325662662699999927e+01,-3.687418288199999949e+01,-3.094063353499999991e+01,-3.162700895400000078e+01,-3.453181779799999873e+01,-4.173184584599999880e+01
1.327663663699999930e+01,-4.374039258500000216e+01,-3.435302439499999849e+01,-2.960716420500000012e+01,-3.958074209499999796e+01,-3.530263537199999746e+01
1.329664664699999932e+01,-3.933681250299999732e+01,-3.075811670899999939e+01,-2.948916486399999926e+01,-4.250310639100000287e+01,-3.720099330800000104e+01
1.331665665699999934e+01,-3.907776345999999990e+01,-4.158878839399999805e+01,-3.120406852300000011e+01,-4.462792752299999677e+01,-3.546389951100000104e+01
1.333666666699999936e+01,-3.605831576199999944e+01,-3.632369182600000102e+01,-2.860858976600000148e+01,-3.950124332899999757e+01,-3.540967830600000354e+01
1.335667667699999939e+01,-3.892846560899999986e+01,-2.961295725200000106e+01,-3.284209605299999879e+01,-4.707455338199999773e+01,-3.348601968799999895e+01
1.337668668699999941e+01,-3.693080627999999876e+01,-3.710040756299999742e+01,-3.261016839199999851e+01,-3.970532344099999733e+01,-3.457013456699999665e+01
1.339669669699999943e+01,-3.193132150799999991e+01,-5.132003428299999825e+01,-2.763709190399999827e+01,-3.487966164000000191e+01,-3.837699622800000299e+01
1.341670670699999945e+01,-2.802361087899999958e+01,-4.204714174400000104e+01,-3.072286291500000033e+01,-4.534897496800000027e+01,-3.275572055199999966e+01
1.343671671699999948e+01,-3.970770958699999653e+01,-3.621599286200000023e+01,-2.732326932200000158e+01,-4.240197314600000311e+01,-3.543222674700000141e+01
1.345672672699999950e+01,-5.185395590499999940e+01,-2.934171921700000141e+01,-2.978214415900000134e+01,-4.107727601500000247e+01,-3.564371724499999772e+01
1.347673673699999952e+01,-4.760691452199999674e+01,-4.392279472700000298e+01,-3.008359446900000123e+01,-3.272227173600000327e+01,-4.124049995000000024e+01
1.349674674699999954e+01,-4.554039104799999649e+01,-3.782494338699999759e+01,-3.087331792199999825e+01,-4.298783504099999675e+01,-4.750452065300000015e+01
1.351675675699999957e+01,-3.395978805200000039e+01,-4.657224207000000149e+01,-2.841662477699999911e+01,-3.491580600500000031e+01,-3.729275278899999790e+01
1.353676676699999959e+01,-4.504962981599999949e+01,-4.062524904200000009e+01,-2.914582712400000020e+01,-4.281630922899999803e+01,-3.409835316400000238e+01
1.355677677699999961e+01,-4.546569635299999845e+01,-5.458744500600000293e+01,-2.716155042800000174e+01,-3.521862970200000120e+01,-4.433170141699999789e+01
1.357678678699999963e+01,-3.930970120199999940e+01,-3.674218177499999882e+01,-2.701466410300000121e+01,-4.303326761999999661e+01,-3.926998839299999844e+01
1.359679679699999966e+01,-4.107621233300000085e+01,-2.890722840700000162e+01,-2.979078026299999848e+01,-3.877550258800000194e+01,-4.408847529100000173e+01
1.361680680699999968e+01,-4.195144624800000344e+01,-3.256545875900000198e+01,-2.980488957900000102e+01,-3.547236524099999855e+01,-3.698865806599999928e+01
1.363681681699999970e+01,-5.026331455700000106e+01,-3.376365240399999834e+01,-2.685289325100000113e+01,-3.799812211599999756e+01,-3.743777554900000126e+01
1.365682682699999972e+01,-4.970394593200000344e+01,-3.347376621099999738e+01,-2.825183283599999839e+01,-4.229019637500000073e+01,-3.539613830300000075e+01
1.367683683699999975e+01,-4.901624778400000082e+01,-2.903182948799999963e+01,-2.712173073599999995e+01,-4.709803985799999992e+01,-3.278894336100000118e+01
1.369684684699999977e+01,-4.226329778800000270e+01,-3.303125726700000087e+01,-2.802008415599999935e+01,-3.914355731199999866e+01,-3.200584136300000182e+01
1.371685685699999979e+01,-4.748999981099999701e+01,-3.654333902700000181e+01,-3.088069992000000141e+01,-3.814254925899999904e+01,-3.198559911799999966e+01
1.373686686699999981e+01,-4.402499981700000120e+01,-4.650564721700000348e+01,-2.749862316899999826e+01,-3.370116425399999827e+01,-3.402851447700000165e+01
1.375687687699999984e+01,-3.789830777099999892e+01,-4.711143953999999923e+01,-2.918885242400000024e+01,-3.865849854700000066e+01,-3.256521067700000316e+01
1.377688688699999986e+01,-4.162402092300000334e+01,-3.855285223799999983e+01,-3.144624484799999919e+01,-4.894305516499999698e+01,-3.450640100799999743e+01
1.379689689699999988e+01,-4.273411410300000313e+01,-3.541330494200000345e+01,-2.815852995899999911e+01,-4.920088488100000035e+01,-3.073607516599999911e+01
1.381690690699999990e+01,-3.247540292099999704e+01,-4.230816370200000165e+01,-3.035356688699999950e+01,-3.844304601900000051e+01,-3.476415149599999665e+01
1.383691691699999993e+01,-6.132763240999999965e+01,-3.579768478599999781e+01,-2.975842820400000122e+01,-3.261189149300000167e+01,-3.699949991900000157e+01
1.385692692699999995e+01,-4.742096042000000011e+01,-6.013242176699999675e+01,-2.641750702099999870e+01,-3.921796790399999821e+01,-3.167429350700000157e+01
1.387693693699999997e+01,-3.994444955499999850e+01,-3.481200508900000301e+01,-2.777026852099999843e+01,-3.393309589599999754e+01,-2.971329942399999879e+01
1.389694694699999999e+01,-3.456065576200000322e+01,-5.163079137300000099e+01,-2.736875647900000175e+01,-3.660189610900000190e+01,-3.300789714700000133e+01
1.391695695700000002e+01,-3.917022680699999881e+01,-3.739219608700000208e+01,-2.722756023899999889e+01,-4.409785208600000317e+01,-3.612249219600000316e+01
1.393696696700000004e+01,-3.130313246400000082e+01,-4.040203879900000317e+01,-2.471039608499999929e+01,-4.411064619100000073e+01,-2.971960916400000130e+01
1.395697697700000006e+01,-3.850916965199999709e+01,-4.225211862300000121e+01,-2.684533475899999999e+01,-3.614349479799999898e+01,-2.751362215400000011e+01
1.397698698700000008e+01,-3.286133763499999816e+01,-3.742936544999999882e+01,-2.758302173999999951e+01,-3.974922939999999727e+01,-3.143421426300000121e+01
1.399699699700000011e+01,-3.504458569300000192e+01,-3.103569011400000122e+01,-2.998898658199999900e+01,-4.664016646900000040e+01,-2.942295746499999964e+01
1.401700700700000013e+01,-4.169104889399999792e+01,-2.484388690000000111e+01,-2.435495684099999991e+01,-3.742198580099999816e+01,-2.682895738799999918e+01
1.403701701700000015e+01,-3.117047828999999837e+01,-3.428087186599999825e+01,-2.667751261500000126e+01,-3.550309149299999945e+01,-3.008286819299999948e+01
1.405702702700000017e+01,-3.455788811299999708e+01,-3.190461842599999898e+01,-2.402692224500000151e+01,-3.449784293799999801e+01,-2.959836045300000151e+01
1.407703703700000020e+01,-5.334963076599999710e+01,-2.942275001699999848e+01,-2.537985794600000133e+01,-3.333763132899999704e+01,-3.158158436400000113e+01
1.409704704700000022e+01,-3.061694500100000127e+01,-3.059757334400000062e+01,-2.551443440799999962e+01,-3.771779203599999875e+01,-2.476394843599999973e+01
1.411705705700000024e+01,-3.562400958700000331e+01,-2.580379173600000087e+01,-2.600573938100000149e+01,-3.631710914399999979e+01,-2.910014204499999835e+01
1.413706706700000026e+01,-3.417955471999999872e+01,-2.992804743199999962e+01,-2.595303669500000154e+01,-3.874162021299999736e+01,-3.349829273499999971e+01
1.415707707700000029e+01,-3.747517369700000245e+01,-3.139419272099999958e+01,-2.708575047400000102e+01,-3.820048636899999650e+01,-2.929381778000000125e+01
1.417708708700000031e+01,-3.347247876200000150e+01,-3.528549749999999818e+01,-2.719241012899999888e+01,-4.247899651800000242e+01,-3.022886095200000156e+01
1.419709709700000033e+01,-3.823992017500000173e+01,-2.877232274099999998e+01,-2.696833319299999943e+01,-3.309748967200000180e+01,-2.837230710400000078e+01
1.421710710700000035e+01,-5.001311566599999736e+01,-3.110620855100000171e+01,-3.037400967299999976e+01,-3.564230000199999893e+01,-3.147313705199999845e+01
1.423711711700000038e+01,-3.954526400400000341e+01,-3.029289562099999955e+01,-2.935073018399999967e+01,-3.658533762100000075e+01,-3.092738349700000100e+01
1.425712712700000040e+01,-3.949054050899999879e+01,-2.926877037799999925e+01,-2.749677202399999842e+01,-3.762225027600000260e+01,-2.995597235900000044e+01
1.427713713700000042e+01,-3.919105264099999886e+01,-3.446813789699999830e+01,-2.806731866999999880e+01,-6.080761822899999913e+01,-3.202332912399999998e+01
1.429714714700000044e+01,-4.169907718299999999e+01,-3.298148983200000117e+01,-2.750131509799999918e+01,-4.945630327800000003e+01,-2.998773133599999952e+01
1.431715715700000047e+01,-3.953907428000000124e+01,-4.059479477099999656e+01,-2.746750645799999901e+01,-3.998654002399999996e+01,-3.503881498300000175e+01
1.433716716700000049e+01,-4.383035681399999817e+01,-3.129963387999999824e+01,-2.725002704499999950e+01,-4.161379952600000109e+01,-3.179426148699999999e+01
1.435717717700000051e+01,-3.806038091399999956e+01,-3.285705736599999938e+01,-2.923496360100000047e+01,-4.821686981500000257e+01,-3.229315740500000231e+01
1.437718718700000053e+01,-4.270555915500000310e+01,-3.632928665299999693e+01,-2.623521276499999999e+01,-4.256034685800000261e+01,-4.101114202899999839e+01
1.439719719700000056e+01,-3.450930143000000072e+01,-4.415727548299999938e+01,-2.701469025600000151e+01,-4.262677553700000033e+01,-4.006524946199999704e+01
1.441720720700000058e+01,-3.662205428200000057e+01,-3.775068640199999948e+01,-2.661340149999999838e+01,-5.501351301100000057e+01,-4.053100144900000146e+01
1.443721721700000060e+01,-2.822627500000000111e+01,-3.719424654800000241e+01,-2.974101047599999958e+01,-4.868148285400000219e+01,-4.967532518699999855e+01
1.445722722700000062e+01,-3.081937995999999913e+01,-3.413561208899999855e+01,-2.598712920699999884e+01,-4.364110554999999891e+01,-3.621394861999999648e+01
1.447723723700000065e+01,-2.764287785300000166e+01,-5.153841766899999755e+01,-2.895854389599999834e+01,-4.206628940600000277e+01,-3.651965485200000217e+01
1.449724724700000067e+01,-3.570730745800000250e+01,-3.674787802099999823e+01,-3.120822704700000116e+01,-4.088143236399999836e+01,-3.571621946599999831e+01
1.451725725700000069e+01,-4.110985036799999648e+01,-3.438717834599999890e+01,-3.256244872199999918e+01,-4.683177468699999935e+01,-3.274244410200000033e+01
1.453726726700000071e+01,-3.587289151099999884e+01,-3.488821420800000084e+01,-2.691292024499999869e+01,-3.922889802200000275e+01,-4.395558778499999875e+01
1.455727727700000074e+01,-3.737649557099999953e+01,-3.624591640399999903e+01,-3.013938918599999894e+01,-5.173520326500000266e+01,-3.170093184699999966e+01
1.457728728700000076e+01,-2.834850860199999900e+01,-2.922051597700000158e+01,-3.447158955700000149e+01,-4.195048986100000121e+01,-2.840144309400000111e+01
1.459729729700000078e+01,-4.206058022700000265e+01,-3.712018355000000014e+01,-2.943636442600000080e+01,-3.891454076499999815e+01,-3.693713160899999792e+01
1.461730730700000080e+01,-3.114635395699999876e+01,-4.632604932699999978e+01,-2.847100455400000030e+01,-4.710086973399999977e+01,-3.407363462299999668e+01
1.463731731700000083e+01,-4.349577716900000013e+01,-4.336177499899999788e+01,-2.775947169200000175e+01,-3.336596846300000152e+01,-3.176773800699999839e+01
1.465732732700000085e+01,-2.943397244499999843e+01,-3.139800241500000055e+01,-3.236239674899999841e+01,-4.117197983399999828e+01,-2.913558634199999986e+01
1.467733733700000087e+01,-3.748129434799999871e+01,-3.623215850700000118e+01,-2.776486359600000142e+01,-5.230334745300000066e+01,-3.024985521600000027e+01
1.469734734699999912e+01,-2.779525567600000002e+01,-3.765528992899999849e+01,-3.315303944499999744e+01,-5.763239712400000059e+01,-2.444873276599999912e+01
1.471735735699999914e+01,-3.157930805999999890e+01,-3.771251063700000117e+01,-3.516588848600000006e+01,-3.872386107700000224e+01,-3.072993354999999838e+01
1.473736736699999916e+01,-4.663208801100000045e+01,-3.303945253900000267e+01,-2.928124818499999904e+01,-3.796566002899999859e+01,-2.885802693400000152e+01
1.475737737699999919e+01,-3.874487993299999999e+01,-3.404872602399999693e+01,-2.817054641100000012e+01,-3.595210381300000080e+01,-3.095176797499999921e+01
1.477738738699999921e+01,-3.417717237899999816e+01,-3.818597713799999838e+01,-2.727634013999999851e+01,-3.538799220100000298e+01,-3.016217447000000007e+01
1.479739739699999923e+01,-3.669748082499999953e+01,-3.213245956000000092e+01,-3.091320161999999883e+01,-3.731692398500000252e+01,-2.884527934000000116e+01
1.481740740699999925e+01,-2.949578352500000022e+01,-4.496087822700000203e+01,-2.568202874900000054e+01,-4.096295794000000257e+01,-4.040511981600000269e+01
1.483741741699999928e+01,-3.821045927000000120e+01,-3.719887380200000138e+01,-2.541378144300000130e+01,-6.150322115299999837e+01,-2.722193090300000051e+01
1.485742742699999930e+01,-3.163953907400000176e+01,-3.013096967099999901e+01,-2.825025692199999838e+01,-3.549709024799999924e+01,-3.743563504899999828e+01
1.487743743699999932e+01,-4.152991727900000285e+01,-3.377994712800000343e+01,-2.542178262899999908e+01,-3.512417110399999842e+01,-2.928814870700000128e+01
1.489744744699999934e+01,-3.364141906100000057e+01,-3.075161859700000022e+01,-2.609987513800000158e+01,-3.851458033800000180e+01,-2.785613383000000098e+01
1.491745745699999937e+01,-4.744391025099999837e+01,-2.921064549800000165e+01,-2.526558759799999976e+01,-3.490061658999999850e+01,-2.689163644799999986e+01
1.493746746699999939e+01,-5.754848315499999956e+01,-4.048331099399999999e+01,-2.570707151199999885e+01,-3.184383924899999840e+01,-2.707922160300000058e+01
1.495747747699999941e+01,-4.141197315699999848e+01,-3.228080923800000335e+01,-2.586134181099999907e+01,-4.187371349200000026e+01,-2.559614741300000063e+01
1.497748748699999943e+01,-3.804541037500000300e+01,-3.614457284899999934e+01,-2.418497732499999842e+01,-3.421407200400000193e+01,-2.997266314299999834e+01
1.499749749699999946e+01,-2.704560659499999886e+01,-4.362049641000000122e+01,-2.728834172099999833e+01,-4.058325127900000240e+01,-2.363962478799999900e+01
1.501750750799999956e+01,-3.677364599799999922e+01,-4.219409733900000248e+01,-2.543300174499999855e+01,-3.477818215700000337e+01,-2.965906181200000091e+01
1.503751751799999958e+01,-1.296450773900000009e+01,-3.770483325099999661e+01,-2.623635513500000016e+01,-3.271862674199999788e+01,-2.888091969099999901e+01
1.505752752799999961e+01,-3.910880569399999729e+01,-4.018095687299999952e+01,-2.767001324199999956e+01,-3.346201982200000202e+01,-2.680320954800000166e+01
1.507753753799999963e+01,-2.759594724500000140e+01,-3.484846816099999955e+01,-2.254552537700000059e+01,-3.248234216299999844e+01,-2.640809960200000006e+01
1.509754754799999965e+01,-3.065920196300000100e+01,-3.208216492700000089e+01,-2.212355411800000127e+01,-3.016543821300000161e+01,-2.367267506499999996e+01
1.511755755799999967e+01,-3.082790792400000157e+01,-2.818826823399999881e+01,-2.444140157700000060e+01,-2.985719851300000016e+01,-2.779093646700000164e+01
1.513756756799999970e+01,-4.576633542599999771e+01,-3.472920652399999852e+01,-2.448651540299999851e+01,-2.900023999500000116e+01,-2.747876481600000176e+01
1.515757757799999972e+01,-3.513287088999999952e+01,-3.625901052900000110e+01,-2.477888606300000163e+01,-3.118049408099999908e+01,-2.609505297200000129e+01
1.517758758799999974e+01,-3.381520101800000333e+01,-2.691038861899999901e+01,-2.415891810899999825e+01,-3.262566046199999903e+01,-2.606920778699999985e+01
1.519759759799999976e+01,-3.310413561099999669e+01,-2.359424908200000104e+01,-2.534463175200000151e+01,-3.348168619599999829e+01,-2.632651294200000081e+01
1.521760760799999979e+01,-3.768686136899999894e+01,-3.043583773199999953e+01,-2.308753856099999879e+01,-3.467479917200000017e+01,-3.068225789999999975e+01
1.523761761799999981e+01,-4.601496327000000264e+01,-4.180957432600000345e+01,-2.592042194100000074e+01,-4.171574143299999804e+01,-2.781987767600000083e+01
1.525762762799999983e+01,-3.293624522300000024e+01,-3.536593857100000093e+01,-2.824402819499999850e+01,-4.052591299800000257e+01,-2.857516648800000070e+01
1.527763763799999985e+01,-5.263816711300000151e+01,-3.166250205700000109e+01,-2.383304350299999896e+01,-3.451726945000000057e+01,-3.273792183999999850e+01
1.529764764799999988e+01,-3.879565370099999910e+01,-3.695512595099999942e+01,-2.705552048699999901e+01,-3.978036154800000190e+01,-2.886112659599999830e+01
1.531765765799999990e+01,-3.807611867100000325e+01,-3.912092033999999785e+01,-3.000676321799999968e+01,-3.948504995300000076e+01,-2.271271755100000078e+01
1.533766766799999992e+01,-4.404385332399999697e+01,-3.276556490000000110e+01,-3.155598031499999934e+01,-4.049152282400000047e+01,-3.282090932599999888e+01
1.535767767799999994e+01,-3.719884601100000054e+01,-2.309450683100000035e+01,-2.608894215600000166e+01,-3.993349573700000121e+01,-2.937531831500000123e+01
1.537768768799999997e+01,-3.857389772500000191e+01,-3.529136516300000181e+01,-2.353777997799999966e+01,-4.037323645299999697e+01,-3.395285761000000235e+01
1.539769769799999999e+01,-3.079887666500000165e+01,-3.364521066500000046e+01,-2.904345579499999985e+01,-3.657090750399999735e+01,-3.011478527799999938e+01
1.541770770800000001e+01,-3.848452278300000273e+01,-3.713171845099999757e+01,-2.640859881600000136e+01,-4.048491344800000036e+01,-2.273643778900000001e+01
1.543771771800000003e+01,-4.088350671799999958e+01,-3.250841015000000311e+01,-3.300626856699999934e+01,-3.846973742699999832e+01,-2.750610726600000078e+01
1.545772772800000006e+01,-3.620474365100000114e+01,-4.701677374700000200e+01,-3.196064189899999874e+01,-3.233598804500000057e+01,-2.919628323299999906e+01
1.547773773800000008e+01,-4.140743733699999751e+01,-5.040832927400000329e+01,-3.551052630600000271e+01,-4.346934212699999733e+01,-2.437547981399999841e+01
1.549774774800000010e+01,-3.797264240100000166e+01,-3.476145536500000333e+01,-3.223481760100000315e+01,-3.740290804600000030e+01,-2.966325049599999986e+01
1.551775775800000012e+01,-4.382977228600000075e+01,-3.796003277500000195e+01,-3.273876859800000005e+01,-3.899757241599999702e+01,-2.601756407099999890e+01
1.553776776800000015e+01,-3.160681507199999984e+01,-3.945304135399999979e+01,-3.320364259000000118e+01,-3.692498524100000168e+01,-2.686327114599999888e+01
1.555777777800000017e+01,-3.594646826400000350e+01,-3.971461897700000065e+01,-3.070894546099999900e+01,-3.678973297499999973e+01,-2.726569139900000138e+01
1.557778778800000019e+01,-2.942517680699999971e+01,-3.130218296700000025e+01,-3.657504879500000072e+01,-3.702915819100000050e+01,-2.208115127700000002e+01
1.559779779800000021e+01,-2.752996976700000076e+01,-4.279492164199999849e+01,-3.739158982299999678e+01,-3.872851041500000235e+01,-3.186072263999999876e+01
1.561780780800000024e+01,-2.598253419899999983e+01,-3.243427791700000284e+01,-3.375069150899999926e+01,-4.759455270000000127e+01,-2.365023417100000103e+01
1.563781781800000026e+01,-2.386880902200000065e+01,-4.443127799799999877e+01,-3.049475867299999976e+01,-4.404246415800000136e+01,-1.674834064299999881e+01
1.565782782800000028e+01,-3.009605379699999972e+01,-3.679433618699999897e+01,-2.923205507400000158e+01,-4.170515117400000094e+01,-2.343504400200000148e+01
1.567783783800000030e+01,-3.350656355499999961e+01,-3.935971740699999799e+01,-3.456582167399999861e+01,-3.813377456500000307e+01,-2.627855201099999860e+01
1.569784784800000033e+01,-4.117260596999999933e+01,-3.529597928399999773e+01,-2.764186810900000069e+01,-3.379070252500000038e+01,-1.427655007799999964e+01
1.571785785800000035e+01,-2.605355673500000080e+01,-4.260767742699999872e+01,-3.006299744300000043e+01,-3.814917551599999967e+01,-2.070877524400000169e+01
1.573786786800000037e+01,-2.955663418800000031e+01,-3.482193341100000339e+01,-2.828155457100000092e+01,-3.391770505800000279e+01,-2.288390036099999847e+01
1.575787787800000039e+01,-3.341435986199999775e+01,-3.210090959200000071e+01,-2.779380593300000157e+01,-3.142044124799999949e+01,-2.419950118799999927e+01
1.577788788800000042e+01,-3.380830293700000055e+01,-3.761813675999999873e+01,-2.560920565199999999e+01,-3.721176399200000162e+01,-2.191096203400000064e+01
1.579789789800000044e+01,-2.601488569099999992e+01,-3.463273144499999745e+01,-2.379402476199999938e+01,-3.918711108499999796e+01,-1.886222779899999935e+01
1.581790790800000046e+01,-3.622766198800000126e+01,-4.297689132899999720e+01,-2.635120480000000143e+01,-2.994108705900000089e+01,-2.080902686800000012e+01
1.583791791800000048e+01,-4.084834701500000165e+01,-2.934429990299999957e+01,-2.647546844900000096e+01,-2.863317763799999938e+01,-2.134781787600000058e+01
1.585792792800000051e+01,-2.326980863300000024e+01,-4.002901279200000317e+01,-2.429249536900000095e+01,-3.374545169400000333e+01,-2.201470562200000103e+01
1.587793793800000053e+01,-3.509127597599999859e+01,-3.234516252499999922e+01,-2.828038635400000089e+01,-2.791805562500000093e+01,-2.160750926300000074e+01
1.589794794800000055e+01,-3.093474204099999980e+01,-4.458762967999999915e+01,-2.659254950300000075e+01,-3.265117837599999717e+01,-2.511828703899999837e+01
1.591795795800000057e+01,-2.713055281100000116e+01,-3.363410710299999806e+01,-2.413800339899999869e+01,-2.282483218799999847e+01,-1.934551912199999890e+01
1.593796796800000060e+01,-2.711630802699999876e+01,-3.588768354399999794e+01,-2.416430601300000092e+01,-2.997952071099999927e+01,-1.886322011900000106e+01
1.595797797800000062e+01,-2.484176956399999980e+01,-3.364517418799999859e+01,-2.224955951600000148e+01,-3.120424917300000089e+01,-2.524958484000000070e+01
1.597798798800000064e+01,-2.939044278800000143e+01,-2.738007275000000007e+01,-2.429801145300000087e+01,-3.026676379199999900e+01,-2.788274093900000139e+01
1.599799799800000066e+01,-2.777276316400000056e+01,-3.178481829700000105e+01,-2.212590672299999994e+01,-3.178604655799999890e+01,-2.441084627100000048e+01
1.601800800799999891e+01,-2.160501543899999888e+01,-3.525943096200000326e+01,-2.479239288400000163e+01,-3.381613577200000265e+01,-2.461145989699999959e+01
1.603801801799999893e+01,-2.613742280499999993e+01,-3.272646788000000129e+01,-2.858707290299999926e+01,-2.813397906599999843e+01,-2.480142501399999944e+01
1.605802802799999895e+01,-3.334626612200000295e+01,-4.369834388499999989e+01,-2.277835430500000058e+01,-3.677707131700000076e+01,-2.673759796499999908e+01
1.607803803799999898e+01,-2.624744942799999947e+01,-3.622764549800000111e+01,-2.642100747499999969e+01,-3.348566107999999986e+01,-2.836292510499999864e+01
1.609804804799999900e+01,-3.207736458099999766e+01,-2.637316496200000060e+01,-2.366202987999999863e+01,-3.578058747400000073e+01,-2.543266730899999928e+01
1.611805805799999902e+01,-2.981770578900000146e+01,-2.843937432999999970e+01,-2.741629467799999986e+01,-3.300210947400000094e+01,-2.567414737900000077e+01
1.613806806799999904e+01,-2.744880646500000054e+01,-2.813992996800000057e+01,-2.455636348000000169e+01,-3.265718087599999819e+01,-2.868987489299999893e+01
1.615807807799999907e+01,-2.280871999100000025e+01,-2.795197719300000117e+01,-2.802643101600000008e+01,-3.217519896099999954e+01,-2.917053918299999893e+01
1.617808808799999909e+01,-2.621109893099999866e+01,-3.604961455499999801e+01,-2.302005887700000031e+01,-4.282267358800000068e+01,-2.524886537300000100e+01
1.619809809799999911e+01,-2.118868614599999844e+01,-3.291458478700000256e+01,-2.874200347000000022e+01,-2.920237578700000114e+01,-2.791422164500000136e+01
1.621810810799999913e+01,-1.271222101500000035e+00,-3.213350457500000346e+01,-2.206351005599999837e+01,-2.438759280900000093e+01,-2.211072911100000127e+01
1.623811811799999916e+01,-3.035752309100000090e+01,-3.302675586200000168e+01,-2.848013769900000014e+01,-3.596757032200000026e+01,-2.684799335599999992e+01
1.625812812799999918e+01,-3.093299983100000006e+01,-2.797464868400000171e+01,-2.640793628400000159e+01,-2.932672744799999975e+01,-2.265631254299999853e+01
1.627813813799999920e+01,-3.326667593999999895e+01,-4.061788089299999882e+01,-3.426936766499999720e+01,-3.159409193899999835e+01,-2.686881062699999845e+01
1.629814814799999922e+01,-2.936918135799999874e+01,-2.766052857200000048e+01,-2.585482786100000041e+01,-3.354657556000000085e+01,-2.631019905699999839e+01
1.631815815799999925e+01,-2.562755056900000028e+01,-2.765057456599999952e+01,-2.484859838899999929e+01,-3.798611365299999676e+01,-1.980372825999999975e+01
1.633816816799999927e+01,-2.655500523999999984e+01,-3.271388793799999917e+01,-2.924512010400000150e+01,-3.683449527300000170e+01,-2.538999323399999852e+01
1.635817817799999929e+01,-3.458121885500000303e+01,-2.394085213400000001e+01,-2.589456018399999948e+01,-3.318796645100000120e+01,-2.932453516600000043e+01
1.637818818799999931e+01,-1.854573671400000023e+01,-2.649319446100000164e+01,-2.732377545599999991e+01,-3.057708715800000121e+01,-2.666848175100000162e+01
1.639819819799999934e+01,-3.370244044999999744e+01,-3.454872115900000296e+01,-2.782214365700000158e+01,-3.021514743399999858e+01,-2.787442931400000035e+01
1.641820820799999936e+01,-2.790476898800000072e+01,-2.726479425000000134e+01,-2.835287187999999858e+01,-3.096725046599999942e+01,-2.936550016200000002e+01
1.643821821799999938e+01,-2.851459528399999854e+01,-3.172837884599999825e+01,-2.920409311799999941e+01,-3.067083989600000038e+01,-2.291895029899999869e+01
1.645822822799999940e+01,-3.053578998600000105e+01,-4.036724827199999766e+01,-2.600034234600000005e+01,-3.468689997599999941e+01,-2.745989128700000137e+01
1.647823823799999943e+01,-3.547418352399999719e+01,-3.165130862399999856e+01,-3.891399843399999980e+01,-2.945731419999999900e+01,-4.101846268300000276e+01
1.649824824799999945e+01,-3.599810188299999680e+01,-3.541044232299999805e+01,-2.954533020599999915e+01,-3.428254231999999746e+01,-2.520034169799999901e+01
1.651825825799999947e+01,-2.259170910699999979e+01,-3.149248679700000153e+01,-2.841668176700000004e+01,-2.636715266099999866e+01,-3.497949915099999885e+01
1.653826826799999949e+01,-2.878106693599999844e+01,-2.737547086900000082e+01,-2.888322755600000136e+01,-3.272915967600000187e+01,-2.295036017199999989e+01
1.655827827799999952e+01,-4.232562087699999864e+01,-3.215037841699999888e+01,-2.792648282900000112e+01,-3.798558701799999682e+01,-2.847985805500000112e+01
1.657828828799999954e+01,-2.141432461999999859e+01,-3.331059529099999850e+01,-2.987227336200000138e+01,-3.430577211699999651e+01,-2.652946601200000032e+01
1.659829829799999956e+01,-2.300856591499999837e+01,-4.244026308000000114e+01,-2.824806963400000015e+01,-3.222270869799999815e+01,-3.216918022299999791e+01
1.661830830799999958e+01,-4.422338322699999935e+01,-4.234583345299999735e+01,-2.876508821799999893e+01,-2.730535424199999994e+01,-2.948585948799999912e+01
1.663831831799999961e+01,-4.002918383699999794e+01,-3.700840903999999654e+01,-3.075181298700000099e+01,-2.994943466200000159e+01,-3.245603980100000285e+01
1.665832832799999963e+01,-3.109131822399999834e+01,-3.179257476600000132e+01,-2.748607975099999834e+01,-4.031634127600000284e+01,-3.380780796599999860e+01
1.667833833799999965e+01,-2.986501443799999933e+01,-4.281333757200000178e+01,-3.259901823700000278e+01,-3.551191508200000158e+01,-2.691478809299999853e+01
1.669834834799999967e+01,-3.433441810200000077e+01,-3.037993292699999870e+01,-2.961261573399999847e+01,-3.071506009100000156e+01,-2.695130118699999855e+01
1.671835835799999970e+01,-3.196104620099999849e+01,-3.777268251600000326e+01,-2.742885308800000033e+01,-3.331630174099999664e+01,-3.280864440700000273e+01
1.673836836799999972e+01,-3.150062322699999839e+01,-4.140201013800000140e+01,-2.802170982499999852e+01,-4.058134052399999803e+01,-2.442851426300000028e+01
1.675837837799999974e+01,-3.237896407299999879e+01,-3.519123768899999760e+01,-3.030829632200000034e+01,-4.340122603100000021e+01,-2.818295502400000174e+01
1.677838838799999976e+01,-3.161568966999999830e+01,-3.249623677299999969e+01,-2.823827419499999891e+01,-4.016069854300000230e+01,-3.029485337499999886e+01
1.679839839799999979e+01,-3.550546509699999831e+01,-1.764329002499999888e+01,-2.822481423900000053e+01,-3.152905520199999856e+01,-3.539575027099999716e+01
1.681840840799999981e+01,-3.324267830400000179e+01,-3.035604640100000040e+01,-2.662530270499999929e+01,-3.160048441100000005e+01,-3.467244147200000270e+01
1.683841841799999983e+01,-3.114081662799999961e+01,-2.817037476799999851e+01,-3.193859096399999942e+01,-2.743404504400000121e+01,-2.705814677900000120e+01
1.685842842799999985e+01,-2.533075108999999969e+01,-2.957564535599999900e+01,-2.693342156499999973e+01,-3.943649338400000204e+01,-2.055417845799999910e+01
1.687843843799999988e+01,-2.972531207400000142e+01,-4.247994940099999894e+01,-2.704425965200000093e+01,-3.215009571299999891e+01,-2.352415763799999837e+01
1.689844844799999990e+01,-2.929491303400000035e+01,-3.488273730899999947e+01,-2.530647119200000006e+01,-3.053648534499999911e+01,-2.269739610599999935e+01
1.691845845799999992e+01,-3.465427582000000228e+01,-3.776495483800000130e+01,-2.592335009199999973e+01,-2.559933745000000016e+01,-3.415477294299999755e+01
1.693846846799999994e+01,-2.455035623899999919e+01,-4.339477412400000134e+01,-2.555179211500000136e+01,-2.791018337599999910e+01,-2.815329819700000158e+01
1.695847847799999997e+01,-3.177077946200000014e+01,-3.396493060699999944e+01,-2.923055784399999979e+01,-3.097655263500000089e+01,-1.535274273599999972e+01
1.697848848799999999e+01,-2.583086447199999824e+01,-3.143009208799999854e+01,-2.695023024500000020e+01,-2.903752794100000045e+01,-2.589112278300000014e+01
1.699849849800000001e+01,-4.379457167399999662e+01,-3.793648085099999889e+01,-1.852842069200000097e+01,-2.112371014600000052e+01,-3.578543468699999863e+01
1.701850850900000012e+01,-2.754783324799999988e+01,-5.160068447300000116e+01,-2.536426752499999893e+01,-2.260957136800000100e+01,-2.443078504800000061e+01
1.703851851900000014e+01,-3.139665883400000013e+01,-2.752091919700000133e+01,-2.591410980299999878e+01,-2.921303487200000149e+01,-2.059215423099999853e+01
1.705852852900000016e+01,-7.229751199000000383e+01,-3.508647251600000061e+01,-4.539886058999999818e+01,-3.326287531300000211e+01,-1.787181467299999937e+01
1.707853853900000018e+01,-3.933275307499999940e+01,-2.599494309600000008e+01,-3.170816110599999860e+01,-3.046171921499999868e+01,-2.492692348399999958e+01
1.709854854900000021e+01,-2.802719791099999824e+01,-2.900573591299999876e+01,-2.751565416600000091e+01,-2.395650087499999970e+01,-2.699091103599999997e+01
1.711855855900000023e+01,-3.780501031000000012e+01,-3.468467337399999906e+01,-2.314671152300000045e+01,-3.121804048199999926e+01,-1.772632815300000075e+01
1.713856856900000025e+01,-5.036915316799999687e+01,-3.062259983799999929e+01,-3.344686792200000269e+01,-2.869900522900000084e+01,-2.252291519399999942e+01
1.715857857900000027e+01,-3.064902923700000059e+01,-3.209337807600000048e+01,-2.011847041300000072e+01,-2.408398368800000000e+01,-3.029974580700000075e+01
1.717858858900000030e+01,-3.687477368100000064e+01,-2.739947105499999935e+01,-3.372441274100000186e+01,-3.406818011299999682e+01,-1.893443474100000046e+01
1.719859859900000032e+01,-5.155932032999999848e+01,-3.129699816600000162e+01,-3.176918027099999975e+01,-2.182439404899999857e+01,-2.321257344200000006e+01
1.721860860900000034e+01,-3.249813462499999872e+01,-2.982354285999999988e+01,-3.746804281600000053e+01,-2.742111734299999881e+01,-3.383375081999999878e+01
1.723861861900000036e+01,-2.854489902199999918e+01,-3.244482972499999818e+01,-2.945951323099999897e+01,-3.255556464200000022e+01,-2.328115709700000124e+01
1.725862862900000039e+01,-4.224654779600000154e+01,-4.053553014599999926e+01,-3.327495701000000139e+01,-3.544220783800000163e+01,-2.509842603999999966e+01
1.727863863900000041e+01,-3.364753710000000098e+01,-3.543258499299999897e+01,-2.097221046299999969e+01,-2.189026385500000060e+01,-2.581679338500000043e+01
1.729864864900000043e+01,-3.645102451300000013e+01,-3.411635297000000122e+01,-3.226911532500000135e+01,-2.899365506799999892e+01,-2.148988803299999972e+01
1.731865865900000045e+01,-2.666412623700000140e+01,-3.766847397200000103e+01,-2.748243745599999954e+01,-3.248097705499999677e+01,-1.019053826100000038e+01
1.733866866900000048e+01,-3.904351539500000001e+01,-2.974852863099999922e+01,-3.071902363699999938e+01,-2.684320692400000041e+01,-2.636758241200000086e+01
1.735867867900000050e+01,-4.039047130600000202e+01,-3.298899259400000261e+01,-2.803235193400000114e+01,-4.031378182899999985e+01,-2.921121260800000030e+01
1.737868868900000052e+01,-3.259757510299999694e+01,-3.387322893000000334e+01,-2.767121398500000140e+01,-3.063635347600000003e+01,-3.615647395999999958e+01
1.739869869900000054e+01,-2.745904608700000082e+01,-3.700618042300000354e+01,-3.090938349099999982e+01,-3.709610781599999996e+01,-2.872191446700000128e+01
1.741870870900000057e+01,-3.630464816799999994e+01,-4.097303683500000204e+01,-2.346779366999999894e+01,-2.035096218099999987e+01,-1.656536369799999875e+01
1.743871871900000059e+01,-3.437237167699999674e+01,-2.850066852599999834e+01,-3.026303761599999831e+01,-3.340852676000000088e+01,-3.319546959299999855e+01
1.745872872900000061e+01,-2.819899590900000064e+01,-3.099357376400000064e+01,-2.598994627100000088e+01,-2.605936108699999920e+01,-2.636443149999999847e+01
1.747873873900000063e+01,-3.125006273300000004e+01,-3.617771102700000085e+01,-2.836825249099999979e+01,-2.525450506099999970e+01,-2.002240873299999890e+01
1.749874874900000066e+01,-2.612721668100000016e+01,-2.311158713500000061e+01,-2.987759307800000030e+01,-3.224561138800000037e+01,-2.882782498199999921e+01
1.751875875900000068e+01,-3.789120022499999862e+01,-2.494702557700000156e+01,-2.726313697000000147e+01,-3.640897132399999947e+01,-2.575195987300000056e+01
1.753876876900000070e+01,-3.290172111700000102e+01,-3.641085274999999655e+01,-2.426174230299999834e+01,-3.106699381199999976e+01,-1.473211261800000038e+01
1.755877877900000072e+01,-2.569772827499999934e+01,-3.639965208999999646e+01,-2.486014996500000152e+01,-4.032982591799999739e+01,-2.675122443300000086e+01
1.757878878900000075e+01,-3.282158145799999716e+01,-2.726830659799999879e+01,-2.421671368699999860e+01,-2.784579730900000172e+01,-3.687512824400000255e+01
1.759879879900000077e+01,-3.517986735299999879e+01,-3.382446910899999892e+01,-2.480057810299999943e+01,-3.174683188299999870e+01,-2.857298551499999917e+01
1.761880880900000079e+01,-1.163906862199999992e+01,-3.484735128199999821e+01,-2.883200133600000115e+01,-4.388945420099999950e+01,-2.291533331500000159e+01
1.763881881900000081e+01,-3.749465709100000055e+01,-2.358392740500000073e+01,-2.611168875499999942e+01,-3.383431157700000114e+01,-3.587312234899999908e+01
1.765882882900000084e+01,-3.799821873399999816e+01,-3.492510527999999681e+01,-2.591217593600000058e+01,-3.103315966899999978e+01,-2.565960764200000099e+01
1.767883883900000086e+01,-2.280830472899999961e+01,-2.750259032700000006e+01,-2.309165382500000163e+01,-3.033303645100000168e+01,-2.873209797999999893e+01
1.769884884900000088e+01,-3.514803282599999790e+01,-4.063086669199999790e+01,-2.451501281199999838e+01,-2.659674926099999936e+01,-2.643709472899999824e+01
1.771885885900000090e+01,-3.605156938500000052e+01,-4.514625738699999857e+01,-3.199942795799999828e+01,-3.024591102100000128e+01,-1.467215914500000018e+01
1.773886886900000093e+01,-1.919712193100000164e+01,-3.111070425500000169e+01,-3.691017555700000230e+01,-3.495742089000000163e+01,-2.724994164199999958e+01
1.775887887900000095e+01,-3.654622244800000175e+01,-3.225434973600000177e+01,-4.065462637299999926e+01,-2.451399145699999949e+01,-3.972157056599999692e+01
1.777888888900000097e+01,-2.569293361100000084e+01,-2.819298819400000156e+01,-3.227118579399999732e+01,-2.907046616299999897e+01,-2.694982806000000153e+01
1.779889889900000099e+01,-2.651623872600000098e+01,-3.904128451599999750e+01,-1.673438094000000120e+01,-1.736523554400000080e+01,-1.265168276800000058e+01
1.781890890900000102e+01,-3.754081100100000157e+01,-5.786485332699999873e+01,-5.160478982200000075e+01,-3.353376062499999932e+01,-3.209039569899999833e+01
1.783891891900000104e+01,-3.852396003199999797e+01,-3.185290510500000138e+01,-3.186869997299999824e+01,-2.540486813900000129e+01,-2.952953023599999938e+01
1.785892892900000106e+01,-2.948484821799999978e+01,-2.219942350699999878e+01,-3.102974355499999959e+01,-2.595906409999999909e+01,-2.528967598299999864e+01
1.787893893900000108e+01,-4.252032703599999763e+01,-3.475055919199999721e+01,-3.233783847899999842e+01,-2.942322652000000005e+01,-3.061377409199999988e+01
1.789894894900000111e+01,-3.090321901800000148e+01,-2.497443120599999844e+01,-2.300211935500000138e+01,-2.634863328200000154e+01,-2.523311851600000111e+01
1.791895895900000113e+01,-3.750836876000000331e+01,-3.460771567900000178e+01,-2.567134316599999977e+01,-1.979341177599999924e+01,-3.187465100500000048e+01
1.793896896900000115e+01,-4.107627135700000309e+01,-2.792656447899999961e+01,-1.368849165000000090e+00,1.032165748000000072e+01,-2.101911377000000059e+01
1.795897897900000117e+01,-2.537735882000000132e+01,-2.831418018400000136e+01,-2.370614247700000021e+01,-2.695307657900000109e+01,-2.451957924699999936e+01
1.797898898900000120e+01,-3.317308400799999646e+01,-2.087030673199999953e+01,-2.965357651300000086e+01,-2.704981565299999957e+01,-2.278459923899999851e+01
1.799899899900000122e+01,-3.569390286899999865e+01,-2.767509861299999940e+01,-1.967274199599999918e+01,-2.702769469700000116e+01,-1.914559553400000169e+01
1.801900900900000124e+01,-3.734258026599999880e+01,-3.590742957199999807e+01,-2.507457392299999910e+01,-1.749218167300000104e+01,-2.309585391599999937e+01
1.803901901900000126e+01,-3.588338967800000034e+01,-3.485925192900000269e+01,-3.449092337900000160e+01,-2.433875465999999932e+01,-3.039018067199999962e+01
1.805902902900000129e+01,-3.785473428200000257e+01,-4.801148187500000120e+01,-3.074168623099999920e+01,-2.270393409400000095e+01,-3.111354327600000147e+01
1.807903903900000131e+01,-4.952274779799999749e+01,-4.404825668400000183e+01,-3.669977599799999979e+01,-2.894092358700000034e+01,-2.876887356900000015e+01
1.809904904900000133e+01,-3.406307848000000149e+01,-3.025329786600000048e+01,-3.058613723799999917e+01,-2.650178521899999851e+01,-3.020013414499999982e+01
1.811905905900000135e+01,-3.220488937300000032e+01,-1.582027393899999979e+01,-2.756219243199999980e+01,-2.705920089800000028e+01,-2.704276364100000052e+01
1.813906906900000138e+01,-4.628350053999999858e+01,-2.886370177599999920e+01,-2.928541879200000153e+01,-3.494920629399999967e+01,-2.031480853200000070e+01
1.815907907900000140e+01,-2.476252739299999917e+01,-3.492960913600000339e+01,-4.222105180399999824e+01,-2.965566008200000070e+01,-3.601768189199999881e+01
1.817908908900000142e+01,-5.089311666199999706e+01,-4.071727308300000203e+01,-4.913499657700000256e+01,-2.766483716600000164e+01,-3.389596223400000241e+01
1.819909909900000144e+01,-4.106165445799999958e+01,-4.252159602799999760e+01,-3.245052593799999840e+01,-3.005104918299999994e+01,-3.271807291599999701e+01
1.821910910900000147e+01,-3.227747963099999851e+01,-3.887813061300000328e+01,-2.994115465899999862e+01,-2.377997513800000107e+01,-4.248906643800000182e+01
1.823911911900000149e+01,-4.193173260100000022e+01,-3.379200163899999865e+01,-3.595654999900000348e+01,-3.194656147799999957e+01,-3.765867949900000156e+01
1.825912912900000151e+01,-3.570651346199999665e+01,-3.985764210800000029e+01,-3.028504708199999840e+01,-3.078691585199999992e+01,-1.999931295000000020e+01
1.827913913900000153e+01,-4.496981550900000002e+01,-3.189424641900000168e+01,-3.579236680999999720e+01,-3.021556918499999966e+01,-5.204549627699999803e+01
1.829914914900000156e+01,-4.856558047499999731e+01,-3.096989494099999973e+01,-3.165484304499999979e+01,-2.914018851599999849e+01,-4.806681905199999960e+01
1.831915915900000158e+01,-2.385862324900000075e+01,-4.919865470199999891e+01,-3.132594957599999930e+01,-3.034706044100000000e+01,-3.863664431299999791e+01
1.833916916900000160e+01,-3.901159496300000029e+01,-2.649728798099999949e+01,-3.160434276100000162e+01,-3.254438694899999973e+01,-3.712064086899999893e+01
1.835917917900000162e+01,-3.046810580900000076e+01,-2.554102818000000141e+01,-1.881701158999999990e+01,-1.852348064499999936e+01,-2.368145500199999987e+01
1.837918918900000165e+01,-3.638516859500000322e+01,-3.982558403099999822e+01,-2.486213843599999862e+01,-3.550723632300000077e+01,-3.341878111799999829e+01
1.839919919900000167e+01,-4.141747008899999827e+01,-4.053403314999999907e+01,-3.999161908300000334e+01,-3.453449750600000101e+01,-2.771283489200000005e+01
1.841920920900000169e+01,-2.181053893700000046e+01,-2.890131308699999835e+01,-4.116056549300000000e+01,-3.099996639100000095e+01,-3.526310015600000014e+01
1.843921921900000171e+01,-2.669951082200000059e+01,-3.416141073499999692e+01,-2.863294397599999996e+01,-2.671941441099999892e+01,-3.642292426699999908e+01
1.845922922900000174e+01,-3.983048625600000037e+01,-3.126031532000000013e+01,-3.960172716400000326e+01,-2.809030858099999861e+01,-2.983031144299999937e+01
1.847923923900000176e+01,-3.964334825699999953e+01,-3.171000181499999826e+01,-2.358804995499999890e+01,-2.520699929699999942e+01,-3.090851145399999922e+01
1.849924924899999823e+01,-3.611406795300000283e+01,-3.328608193499999857e+01,-2.962794171599999871e+01,-3.303473659200000156e+01,-2.612295467599999910e+01
1.851925925899999825e+01,-3.831835719200000057e+01,-3.277122524600000020e+01,-3.199103970299999844e+01,-4.868128784700000011e+01,-3.485291736899999648e+01
1.853926926899999827e+01,-3.956032779299999902e+01,-3.471904524400000014e+01,-2.578500702299999858e+01,-2.226486680600000057e+01,-2.167315918099999905e+01
1.855927927899999830e+01,-5.431501443300000176e+01,-3.852188746000000208e+01,-3.243353764799999794e+01,-2.455274358999999862e+01,-3.028452266900000112e+01
1.857928928899999832e+01,-3.369416299400000270e+01,-3.714379309400000295e+01,-2.004403065200000000e+01,-3.302145653499999867e+01,-2.852257107100000155e+01
1.859929929899999834e+01,-3.092972483400000172e+01,-3.724184487099999785e+01,-2.272661895099999896e+01,-3.314488101100000250e+01,-3.304847955500000012e+01
1.861930930899999836e+01,-3.249446701800000170e+01,-3.267634521200000108e+01,-3.588091158499999977e+01,-3.021450211899999871e+01,-3.436295384000000297e+01
1.863931931899999839e+01,-2.043682682500000070e+01,-4.127053041399999955e+01,-3.381589548099999831e+01,-3.038834904899999856e+01,-3.229603522200000043e+01
1.865932932899999841e+01,-2.953685025400000086e+01,-3.388806699500000263e+01,-2.476591056199999841e+01,-3.522807266600000276e+01,-3.550646173700000219e+01
1.867933933899999843e+01,-3.618036826000000161e+01,-3.921302169900000223e+01,-1.871546758599999905e+01,-1.651481886699999890e+01,-1.435781992799999962e+01
1.869934934899999845e+01,-3.736031585300000302e+01,-4.284336234799999943e+01,-3.164766133599999876e+01,-3.048207054099999880e+01,-4.371477373999999827e+01
1.871935935899999848e+01,-3.307538181900000041e+01,-4.022212884999999716e+01,-3.119485560800000101e+01,-2.010458189399999895e+01,-3.650327549299999674e+01
1.873936936899999850e+01,-2.091396781199999921e+01,-3.529867369600000160e+01,-4.500474239199999715e+01,-3.597567161599999963e+01,-2.867670237300000124e+01
1.875937937899999852e+01,-3.812993409700000313e+01,-3.951879846899999649e+01,-3.219541574000000139e+01,-2.805162957900000009e+01,-2.726114663899999968e+01
1.877938938899999854e+01,-3.500111093299999965e+01,-4.402109061899999887e+01,-2.240064462699999837e+01,-3.108975775600000091e+01,-2.494764528400000003e+01
1.879939939899999857e+01,-2.589263922800000017e+01,-2.129989641899999953e+01,-3.754948375600000077e+01,-4.078438718999999679e+01,-2.301917698100000109e+01
1.881940940899999859e+01,-4.084764822300000020e+01,-3.538179161600000100e+01,-2.591131168500000115e+01,-4.250693927999999744e+01,-3.140168282799999844e+01
1.883941941899999861e+01,-5.772398561699999675e+01,-5.548226034500000026e+01,-2.321150793500000020e+01,-2.024498810700000107e+01,-3.051079787700000168e+01
1.885942942899999863e+01,-3.415773276499999866e+01,-2.915992809800000174e+01,-2.592328938300000019e+01,-2.647901841399999867e+01,-2.719793529900000095e+01
1.887943943899999866e+01,-2.924947589199999953e+01,-1.939945112599999888e+01,-7.492834257600000214e+00,-1.275236802200000064e+01,-1.440411596999999944e+01
1.889944944899999868e+01,-3.752925984499999856e+01,-3.823667819900000353e+01,-3.298504868999999928e+01,-3.933681103800000045e+01,-3.156748586499999831e+01
1.891945945899999870e+01,-4.509801439099999953e+01,-2.798149931600000073e+01,-2.933546800699999935e+01,-2.900878091399999903e+01,-2.676405275200000133e+01
1.893946946899999872e+01,-4.571456022299999944e+01,-4.987163732599999832e+01,-4.555784618999999935e+01,-4.148293985899999825e+01,-2.525983894000000163e+01
1.895947947899999875e+01,-4.324385444299999648e+01,-4.787528825500000096e+01,-2.891103053000000145e+01,-3.474327163400000273e+01,-3.687918168699999910e+01
1.897948948899999877e+01,-2.647975847000000016e+01,-1.873837020199999870e+01,-3.298147968800000029e+01,-2.841629779799999866e+01,-2.286059072799999825e+01
1.899949949899999879e+01,-3.943650139500000051e+01,-5.686642553699999780e+01,-3.994130648899999869e+01,-3.611014760199999785e+01,-2.931536622200000153e+01
1.901950950999999890e+01,-4.101546639299999697e+01,-3.716518910599999970e+01,-5.427234267000000045e+01,-3.343912981100000081e+01,-3.172562807199999924e+01
1.903951951999999892e+01,-3.614256127899999882e+01,-2.320552099400000046e+01,-1.471110579199999968e+01,-3.371292974299999656e+01,-2.581119004399999994e+01
1.905952952999999894e+01,-3.441797967099999767e+01,-4.031119573200000161e+01,-3.052582475599999867e+01,-3.212212948399999846e+01,-2.376524396800000005e+01
1.907953953999999896e+01,-3.389083104099999844e+01,-5.001350568400000185e+01,-2.779983447700000099e+01,-1.610072093799999848e+01,-3.717676303500000046e+01
1.909954954999999899e+01,-3.272838773400000179e+01,-2.633542299100000150e+01,-1.972440964700000166e+01,-2.222029286400000103e+01,-1.474760877299999962e+01
1.911955955999999901e+01,-5.107882460799999791e+01,-4.388831866900000023e+01,-2.948451478999999864e+01,-4.668397694600000136e+01,-3.624029022399999889e+01
1.913956956999999903e+01,-3.668328042099999919e+01,-3.488772219599999858e+01,-3.337143035500000110e+01,-2.833713317500000173e+01,-2.568454533099999892e+01
1.915957957999999905e+01,-3.213526261900000236e+01,-3.899779658700000340e+01,-3.386126012799999785e+01,-2.930533960900000068e+01,-4.001800194599999827e+01
1.917958958999999908e+01,-4.191420142199999788e+01,-3.469131027200000261e+01,-3.574479143199999953e+01,-3.574395533300000238e+01,-3.945032006200000296e+01
1.919959959999999910e+01,-3.023202583100000140e+01,-3.440177826299999708e+01,-2.784632357299999939e+01,-3.218896937400000269e+01,-3.390909733400000192e+01
1.921960960999999912e+01,-3.276948720600000087e+01,-4.268572356100000320e+01,-2.929746859300000139e+01,-2.825240411100000060e+01,-3.830107509599999815e+01
1.923961961999999914e+01,-4.163192672699999974e+01,-4.026400197800000313e+01,-2.622993200000000158e+01,-4.219383928100000247e+01,-4.173055374799999839e+01
1.925962962999999917e+01,-3.194627505400000089e+01,-3.157510500000000064e+01,-3.243315418000000250e+01,-3.746214635300000140e+01,-3.828080192099999834e+01
1.927963963999999919e+01,-5.808342248000000296e+01,-4.540129483199999783e+01,-3.836425370599999951e+01,-4.377743280600000020e+01,-5.330734659299999834e+01
1.929964964999999921e+01,-3.371695706799999925e+01,-4.033155998800000219e+01,-4.576990321000000250e+01,-4.378571994499999676e+01,-4.844818164899999857e+01
1.931965965999999923e+01,-2.721589996000000156e+01,-2.573417905999999888e+01,-2.348293712299999925e+01,-3.641772956399999828e+01,-4.627325533900000210e+01
1.933966966999999926e+01,-4.447062223100000011e+01,-3.200492812099999895e+01,-2.337413456100000175e+01,-2.999271918299999840e+01,-3.632253366999999855e+01
1.935967967999999928e+01,-4.329000369599999942e+01,-4.114456207300000301e+01,-3.106289208500000143e+01,-3.179003557600000107e+01,-3.066933962199999897e+01
1.937968968999999930e+01,-2.051561478800000060e+01,-4.466406249199999934e+01,-3.128638613500000076e+01,-2.851694097800000094e+01,-2.906642958899999840e+01
1.939969969999999932e+01,-2.539489641999999847e+01,-5.079560199800000220e+01,-2.696276282999999907e+01,-3.939752907900000167e+01,-6.314620519000000343e+01
1.941970970999999935e+01,-3.825880363600000322e+01,-4.151018511200000205e+01,-1.875225880400000023e+01,-3.041769156499999838e+01,-3.505534893499999782e+01
1.943971971999999937e+01,-3.603881355899999761e+01,-4.345429636400000106e+01,-2.149519740899999931e+01,-3.885596709099999657e+01,-3.230468257399999743e+01
1.945972972999999939e+01,-3.563963664900000339e+01,-4.932518289600000116e+01,-2.993820922000000095e+01,-3.264873317100000349e+01,-3.078055953300000169e+01
1.947973973999999941e+01,-4.975322637000000014e+01,-3.820283794800000265e+01,-2.299773314400000146e+01,-3.627714560100000085e+01,-3.139206232000000085e+01
1.949974974999999944e+01,-2.721961861000000127e+01,-3.530722310400000197e+01,-2.597156912499999848e+01,-4.079070945299999806e+01,-4.299478752699999973e+01
1.951975975999999946e+01,-4.479932751300000149e+01,-5.504104793599999823e+01,-2.358081587199999873e+01,-3.740133614100000159e+01,-2.963709485100000052e+01
1.953976976999999948e+01,-3.934357519800000347e+01,-2.753488962799999840e+01,-1.464037860700000060e+01,-2.196108788300000114e+01,-2.997385394100000156e+01
1.955977977999999950e+01,-3.508635614500000344e+01,-3.635957566100000093e+01,-1.994737176199999951e+01,-4.149604310200000157e+01,-5.369916067500000167e+01
1.957978978999999953e+01,-5.222660871899999790e+01,-5.298678305800000032e+01,-3.087212881700000011e+01,-2.748772217400000173e+01,-3.818122866000000215e+01
1.959979979999999955e+01,-2.338546453600000063e+01,-3.129607091800000163e+01,-2.763789772399999833e+01,-3.083337417899999977e+01,-2.021358780299999935e+01
1.961980980999999957e+01,-4.249497827599999766e+01,-3.082515611899999897e+01,-1.207371576599999941e+01,-3.540986405900000022e+01,-2.686696508900000069e+01
1.963981981999999959e+01,-3.571570031800000322e+01,-4.020041560800000013e+01,-3.085004091000000059e+01,-3.830910497200000009e+01,-4.672203264600000239e+01
1.965982982999999962e+01,-3.142293401599999925e+01,-1.552799865999999973e+01,-2.008578579899999994e+00,-5.158373898799999857e+00,-3.696779344899999931e+00
1.967983983999999964e+01,-4.020379771000000346e+01,-4.896959421399999712e+01,-2.780203091199999932e+01,-3.464798463399999662e+01,-4.421731932299999812e+01
1.969984984999999966e+01,-3.588250616199999854e+01,-5.216625961300000114e+01,-2.565540456000000091e+01,-4.014106135899999828e+01,-3.455934237599999648e+01
1.971985985999999968e+01,-2.306297996600000033e+01,-2.707320695099999952e+01,-2.395621043599999922e+01,-3.395293145800000190e+01,-2.980607426299999929e+01
1.973986986999999971e+01,-4.133161507100000165e+01,-4.417083348199999904e+01,-2.583378695500000077e+01,-3.121304424999999938e+01,-3.403744825599999757e+01
1.975987987999999973e+01,-6.360572587299999725e+01,-3.737199838899999804e+01,-2.472380626800000059e+01,-3.183307746099999846e+01,-3.544403226899999737e+01
1.977988988999999975e+01,-2.960379907900000163e+01,-4.368095909299999846e+01,-2.543432741399999841e+01,-3.832934198299999906e+01,-1.861592890300000036e+01
1.979989989999999977e+01,-4.582754385399999819e+01,-5.982356061000000125e+01,-2.006846855699999921e+01,-2.956508225800000034e+01,-3.650676820200000350e+01
1.981990990999999980e+01,-3.484644354600000327e+01,-2.939955531000000022e+01,-2.458338460899999944e+01,-1.719903031300000151e+01,-2.259300599999999903e+01
1.983991991999999982e+01,-3.550250769099999815e+01,-3.916297315900000342e+01,-2.615290910499999910e+01,-3.962719727799999703e+01,-3.348242095599999857e+01
1.985992992999999984e+01,-3.706873829300000267e+01,-5.277655627800000104e+01,-2.150636956299999980e+01,-2.004219917400000028e+01,-2.717480605300000107e+01
1.987993993999999986e+01,-3.086569364500000034e+01,-4.266962117300000301e+01,-3.564299419999999685e+01,-3.987959407599999651e+01,-4.619745854100000315e+01
1.989994994999999989e+01,-4.263719580499999751e+01,-4.518524430200000097e+01,-3.230212844100000069e+01,-3.220025719200000225e+01,-3.224268215699999729e+01
1.991995995999999991e+01,-4.206172544199999663e+01,-5.098616258900000275e+01,-2.037791136599999930e+01,-1.821096744100000109e+01,-2.361728764900000144e+01
1.993996996999999993e+01,-3.651601276200000257e+01,-3.214095497099999932e+01,-3.125119516899999894e+01,-2.842197106900000136e+01,-2.757294700099999929e+01
1.995997997999999995e+01,-4.096434604699999937e+01,-3.719309815199999747e+01,-2.223503869500000008e+01,-3.963612818200000021e+01,-3.869517564000000220e+01
1.997998998999999998e+01,-3.258103780399999749e+01,-5.195032275300000180e+01,-3.149750348399999922e+01,-3.922239517500000261e+01,-4.508329816500000220e+01
2.000000000000000000e+01,-1.667702906599999935e+01,-2.342779283300000159e+01,-1.889329568599999831e+01,-2.400133760099999947e+01,-2.306468562199999894e+01
