freq_GHz,S21_dB,S31_dB,S41_dB,S51_dB,S61_dB
1.000000000000000021e-02,-6.970026791099999741e+01,-7.176419176699999980e+01,-8.292436857100000225e+01,-8.246052255499999717e+01,-7.957441444200000547e+01
3.001001001000000099e-02,-7.799445902399999397e+01,-7.810944463900000301e+01,-6.834058460699999671e+01,-7.742359601299999383e+01,-8.962557390400000656e+01
5.002002002000000003e-02,-8.564494862300000477e+01,-7.595354551299999457e+01,-7.973430902799999842e+01,-7.709660262699999578e+01,-7.592221398099999874e+01
7.003003002999999560e-02,-7.486369702999999731e+01,-8.939609417500000177e+01,-8.497709270100000367e+01,-8.079543059600000277e+01,-8.157899269499999662e+01
9.004004004000000505e-02,-9.018903862199999821e+01,-7.838191781800000513e+01,-8.904198062099999333e+01,-8.821074150699999450e+01,-9.115916971999999419e+01
1.100500500500000006e-01,-7.511650668999999425e+01,-7.750620101299999476e+01,-8.515595625900000698e+01,-8.649033335199999328e+01,-7.853157056999999952e+01
1.300600600600000101e-01,-9.025141077000000678e+01,-8.336762315000000001e+01,-7.878654476699999520e+01,-7.711788061100000391e+01,-7.142547760099999721e+01
1.500700700700000056e-01,-8.145880249100000015e+01,-7.685083557299999768e+01,-8.544483755599999597e+01,-9.054404459799999927e+01,-8.468844046200000264e+01
1.700800800800000012e-01,-7.840813165699999843e+01,-7.431634157000000585e+01,-8.966785076700000445e+01,-9.068475517299999922e+01,-7.382506233399999473e+01
1.900900900899999968e-01,-8.029937905200000614e+01,-8.262114365200000066e+01,-7.859004415799999776e+01,-8.197642236400000115e+01,-7.766830988600000296e+01
2.101001000999999924e-01,-8.340292035199999532e+01,-7.931983740200000454e+01,-8.184489410300000145e+01,-7.458591733000000090e+01,-8.021305042400000218e+01
2.301101101100000157e-01,-7.668032716400000481e+01,-7.695492914999999812e+01,-8.514457182200000318e+01,-7.944232361199999559e+01,-7.899399859700000093e+01
2.501201201200000113e-01,-7.980399111299999504e+01,-7.567427469300000098e+01,-8.984612633199999721e+01,-8.182994431400000224e+01,-7.561601292199999591e+01
2.701301301299999791e-01,-7.477480991999999560e+01,-8.272050796899999625e+01,-7.281439091900000449e+01,-7.905898887700000444e+01,-7.729565930200000423e+01
2.901401401400000024e-01,-8.165865787699999601e+01,-9.396280002299999978e+01,-8.256925095500000111e+01,-7.629593001899999649e+01,-8.024174874000000557e+01
3.101501501499999702e-01,-7.659192311799999686e+01,-8.134006718000000546e+01,-7.664119490000000212e+01,-8.245984803999999713e+01,-7.528584964600000262e+01
3.301601601600000491e-01,-7.973405313199999966e+01,-7.514532300300000145e+01,-8.507569851600000277e+01,-8.516302224099999307e+01,-7.652623244100000477e+01
3.501701701700000169e-01,-7.592509821900000588e+01,-7.995910308999999927e+01,-7.649915381200000297e+01,-8.971813891099999694e+01,-7.776319456400000263e+01
3.701801801799999847e-01,-7.610798377499999390e+01,-8.250208759999999586e+01,-7.970420830599999817e+01,-7.754591304100000571e+01,-7.723320433199999968e+01
3.901901901900000080e-01,-8.170352826699999582e+01,-8.819605614600000365e+01,-7.540360132200000010e+01,-7.955303792300000509e+01,-7.237786370800000668e+01
4.102002001999999758e-01,-7.781872077200000604e+01,-7.109513596899999754e+01,-8.031515385900000581e+01,-8.107334474200000329e+01,-7.803003725400000690e+01
4.302102102099999992e-01,-8.809840371200000675e+01,-7.950069856099999299e+01,-7.331861386699999628e+01,-7.560811329099999512e+01,-7.066490595999999869e+01
4.502202202200000225e-01,-8.121783412800000690e+01,-8.716681399099999794e+01,-8.172518008400000156e+01,-9.547405841200000509e+01,-6.997365713499999629e+01
4.702302302300000458e-01,-7.679445049299999937e+01,-7.807027884500000425e+01,-7.813441971000000308e+01,-9.374855605400000513e+01,-6.832759210599999733e+01
4.902402402400000136e-01,-7.627732881599999359e+01,-8.093904483199999333e+01,-7.826135034700000404e+01,-8.182585508600000423e+01,-6.702738220099999467e+01
5.102502502500000370e-01,-7.911651616999999703e+01,-7.615352543900000626e+01,-7.247276104099999827e+01,-8.692970990899999606e+01,-6.494942360800000358e+01
5.302602602599999493e-01,-7.676882944700000166e+01,-6.951810535900000332e+01,-7.295632496599999683e+01,-8.011997591600000135e+01,-6.172990993199999821e+01
5.502702702699999726e-01,-7.494390506000000585e+01,-7.072182408300000134e+01,-6.621424573699999883e+01,-8.176021763299999634e+01,-6.008622485299999738e+01
5.702802802799999959e-01,-7.685241034300000251e+01,-8.416817057599999430e+01,-6.757488393900000290e+01,-7.238780090500000597e+01,-5.742331141399999694e+01
5.902902902899999082e-01,-7.166278666799999542e+01,-8.310603876400000445e+01,-6.311887112600000194e+01,-7.021158121000000563e+01,-5.669479693400000286e+01
6.103003002999999316e-01,-6.967004162099999576e+01,-7.201533147000000668e+01,-6.089153063599999882e+01,-6.801151701800000637e+01,-5.382347639000000328e+01
6.303103103099999549e-01,-7.131991602799999441e+01,-7.796856630999999993e+01,-6.411179020100000514e+01,-6.715949958800000275e+01,-5.337499095700000140e+01
6.503203203200000893e-01,-7.028708442800000000e+01,-7.244151343500000451e+01,-5.971459634600000044e+01,-6.616922646999999813e+01,-5.065106508699999921e+01
6.703303303300000016e-01,-8.813390182400000583e+01,-6.837822984400000337e+01,-5.600613751000000207e+01,-6.499810631100000080e+01,-4.939785658400000301e+01
6.903403403400000249e-01,-7.904944380000000592e+01,-6.884588203699999553e+01,-5.508990854299999995e+01,-7.138627274200000272e+01,-4.781062341700000218e+01
7.103503503500000482e-01,-6.912123853600000700e+01,-1.002124921099999995e+02,-5.499177061799999677e+01,-6.598882673500000351e+01,-4.678141627899999833e+01
7.303603603599999605e-01,-6.905836508699999854e+01,-6.837469696099999794e+01,-5.397455008099999674e+01,-7.585322427299999504e+01,-4.659713910100000334e+01
7.503703703699999839e-01,-5.933922469499999863e+01,-7.697301948499999469e+01,-5.233795389499999828e+01,-7.177552216200000146e+01,-4.656143182999999652e+01
7.703803803800000072e-01,-6.185780931400000071e+01,-6.613842102600000317e+01,-5.132411528800000156e+01,-7.326605770499999437e+01,-4.568405906899999991e+01
7.903903903900000305e-01,-6.107886861200000084e+01,-5.981530963899999875e+01,-5.135494164100000347e+01,-6.656368651600000419e+01,-4.536869420800000086e+01
8.104004003999999428e-01,-5.960313669599999997e+01,-6.282676206400000041e+01,-4.973038163500000053e+01,-6.341398893299999884e+01,-4.515848754000000298e+01
8.304104104099999661e-01,-5.894800818600000269e+01,-6.843966700999999375e+01,-4.942641321600000026e+01,-6.945264442399999893e+01,-4.474799502799999829e+01
8.504204204199999895e-01,-5.557783921000000049e+01,-6.282677800500000131e+01,-4.958039132399999716e+01,-6.798141379400000517e+01,-4.420307489799999701e+01
8.704304304299999018e-01,-5.453745993300000094e+01,-6.450909374100000093e+01,-4.874611437699999783e+01,-6.671952964199999769e+01,-4.341606790000000160e+01
8.904404404400000361e-01,-5.456614661900000129e+01,-5.747342008100000044e+01,-4.882946495400000231e+01,-6.406935558399999309e+01,-4.286944682000000029e+01
9.104504504500000595e-01,-5.510885639199999986e+01,-5.934809826400000077e+01,-5.012577644499999963e+01,-6.433911092399999632e+01,-4.299636917699999827e+01
9.304604604600000828e-01,-5.500201819600000164e+01,-6.059642974199999799e+01,-4.911385632100000009e+01,-6.356374312900000234e+01,-4.259557157999999788e+01
9.504704704699999951e-01,-5.476398117600000148e+01,-6.023176045499999987e+01,-4.931854073099999880e+01,-6.697740416899999616e+01,-4.293217979799999995e+01
9.704804804800000184e-01,-5.771593407299999967e+01,-6.174144139999999936e+01,-4.856883088299999685e+01,-6.957108478199999979e+01,-4.381493807500000059e+01
9.904904904900000417e-01,-5.910830760900000058e+01,-5.966579093899999719e+01,-4.947665154199999904e+01,-6.345384386700000334e+01,-4.445543785699999972e+01
1.010500500500000065e+00,-6.009588565100000324e+01,-6.538390249600000459e+01,-4.875698749600000070e+01,-6.859880965399999297e+01,-4.478757903999999712e+01
1.030510510500000088e+00,-6.200497162599999967e+01,-6.547681843899999876e+01,-4.879699158500000067e+01,-6.578036804299999574e+01,-4.494537351700000016e+01
1.050520520500000110e+00,-6.267675493699999834e+01,-6.855278800899999680e+01,-4.911132629800000160e+01,-6.448226870599999927e+01,-4.407068053300000088e+01
1.070530530499999911e+00,-6.593844641399999773e+01,-6.337545424900000057e+01,-4.962781593900000132e+01,-6.222948890100000341e+01,-4.377504185899999811e+01
1.090540540499999933e+00,-6.684758502600000440e+01,-6.603140735499999892e+01,-4.946961742500000270e+01,-6.277639088600000150e+01,-4.309883311000000106e+01
1.110550550599999964e+00,-6.646236172599999747e+01,-7.200690686400000118e+01,-4.876160272300000287e+01,-6.322647869000000043e+01,-4.334287457100000296e+01
1.130560560599999986e+00,-7.059162723999999400e+01,-7.049495113599999740e+01,-4.996242165999999685e+01,-6.785139680899999348e+01,-4.212006786500000288e+01
1.150570570600000009e+00,-6.995633936599999458e+01,-6.569436235300000249e+01,-5.008494963700000113e+01,-7.306383294399999784e+01,-4.211679628299999933e+01
1.170580580599999809e+00,-7.299282955500000014e+01,-6.450190333700000167e+01,-4.759237098700000246e+01,-6.136545112000000302e+01,-4.244250642200000101e+01
1.190590590599999832e+00,-7.137370535600000210e+01,-6.337119573799999728e+01,-4.828040091900000164e+01,-7.090236373800000536e+01,-4.230168857599999654e+01
1.210600600599999854e+00,-7.197290426499999683e+01,-6.228408916200000078e+01,-4.822885594200000270e+01,-6.265791499800000253e+01,-4.126620316000000344e+01
1.230610610599999877e+00,-6.177086691299999899e+01,-6.880723192400000698e+01,-4.703200633499999839e+01,-6.736744773399999531e+01,-3.994122646299999957e+01
1.250620620599999899e+00,-6.822869550299999730e+01,-6.177330419700000164e+01,-4.535299029299999773e+01,-5.952007251799999921e+01,-3.950015393000000330e+01
1.270630630599999922e+00,-6.049017109999999775e+01,-7.055769675700000221e+01,-4.428166689999999761e+01,-5.874122615200000297e+01,-3.859072410800000341e+01
1.290640640599999944e+00,-6.115714564299999978e+01,-7.056232228899999370e+01,-4.253768980200000271e+01,-5.640369965600000057e+01,-3.737683605899999861e+01
1.310650650699999975e+00,-5.520148579600000005e+01,-6.867083675400000686e+01,-4.247852314299999676e+01,-5.738043389799999972e+01,-3.692104830099999901e+01
1.330660660699999998e+00,-5.688122014999999720e+01,-6.113999416699999756e+01,-4.226410055899999918e+01,-5.522313895300000297e+01,-3.622073554600000023e+01
1.350670670700000020e+00,-5.644823850600000270e+01,-6.261431896100000216e+01,-4.332958442500000018e+01,-5.517425205299999647e+01,-3.517857226699999984e+01
1.370680680700000043e+00,-5.716707374700000344e+01,-5.882942626199999836e+01,-4.352740982499999944e+01,-5.612199958000000066e+01,-3.428336672199999668e+01
1.390690690700000065e+00,-5.362066710100000222e+01,-6.004704266299999915e+01,-4.239905389399999791e+01,-5.588527153900000144e+01,-3.352688313699999867e+01
1.410700700700000088e+00,-5.500396155399999998e+01,-6.073572489699999721e+01,-4.139913203500000094e+01,-5.589433951200000195e+01,-3.304006946100000164e+01
1.430710710700000110e+00,-5.390248616200000242e+01,-5.822926663900000221e+01,-4.087618092400000336e+01,-5.414600695600000080e+01,-3.202196312600000283e+01
1.450720720700000133e+00,-5.386580411199999929e+01,-5.542638416500000176e+01,-3.991219760999999977e+01,-5.643893150299999917e+01,-3.113406356000000130e+01
1.470730730700000155e+00,-5.492042699099999936e+01,-5.348933730000000253e+01,-3.932073663999999980e+01,-5.635565180300000065e+01,-3.054304615199999873e+01
1.490740740699999956e+00,-5.075236998399999777e+01,-5.257101757800000286e+01,-3.811039313999999933e+01,-5.446993760200000168e+01,-2.992642215100000058e+01
1.510750750799999986e+00,-4.977807234200000153e+01,-5.418316605500000094e+01,-3.660018700300000205e+01,-5.457173427899999751e+01,-2.929505453799999870e+01
1.530760760800000009e+00,-5.041691881999999936e+01,-5.363137753899999893e+01,-3.544826044999999937e+01,-6.333135866300000316e+01,-2.842490933199999859e+01
1.550770770800000031e+00,-5.115267969300000317e+01,-5.889888870800000120e+01,-3.493103680299999780e+01,-6.613750309300000652e+01,-2.765412931999999913e+01
1.570780780800000054e+00,-5.209726713399999909e+01,-5.678152767400000300e+01,-3.425626162100000016e+01,-5.774225890600000355e+01,-2.722738501299999925e+01
1.590790790799999854e+00,-5.235406070300000181e+01,-5.534477672799999937e+01,-3.326723969100000033e+01,-5.637434891400000225e+01,-2.687027434999999898e+01
1.610800800799999877e+00,-5.052278045399999939e+01,-5.698656991499999691e+01,-3.277317891700000274e+01,-5.548001870099999877e+01,-2.668199256100000127e+01
1.630810810799999899e+00,-4.711780266600000289e+01,-5.168414057900000103e+01,-3.190261410600000147e+01,-5.183722642899999755e+01,-2.646189354699999896e+01
1.650820820799999922e+00,-4.442235840400000058e+01,-4.858599360400000222e+01,-3.124314651299999923e+01,-5.627603318399999921e+01,-2.604155622600000086e+01
1.670830830799999944e+00,-4.432676753199999808e+01,-4.656087529700000260e+01,-3.044212821700000049e+01,-5.652437052799999861e+01,-2.546003059499999921e+01
1.690840840799999967e+00,-4.376131003500000105e+01,-4.747787353900000085e+01,-2.966358461300000116e+01,-5.686940981800000117e+01,-2.522451006900000081e+01
1.710850850899999998e+00,-4.130830594100000042e+01,-4.766612695399999922e+01,-2.940535472299999853e+01,-6.126608096500000045e+01,-2.498583861799999895e+01
1.730860860900000020e+00,-4.014229140999999856e+01,-4.789870616399999648e+01,-2.983861530700000131e+01,-5.792582826499999982e+01,-2.470844016899999929e+01
1.750870870900000043e+00,-4.108600654800000029e+01,-5.127674925499999858e+01,-3.054530363800000003e+01,-5.445346181099999683e+01,-2.461662929299999902e+01
1.770880880900000065e+00,-4.144757514999999870e+01,-5.405382338199999737e+01,-3.084068193799999946e+01,-5.372221357699999800e+01,-2.473341868300000002e+01
1.790890890900000088e+00,-4.220879665100000011e+01,-5.022965958799999697e+01,-3.087667312299999978e+01,-5.253296439700000064e+01,-2.518694595299999861e+01
1.810900900900000110e+00,-4.221645200199999692e+01,-4.913520283599999772e+01,-3.164235847799999846e+01,-5.285110709500000326e+01,-2.586748903499999841e+01
1.830910910900000133e+00,-4.277607510200000007e+01,-5.048623118100000084e+01,-3.181196296399999923e+01,-5.206840726200000091e+01,-2.718385493699999955e+01
1.850920920900000155e+00,-4.500451685600000218e+01,-5.140312804300000238e+01,-3.282101027800000281e+01,-5.356483475999999655e+01,-2.847034421000000037e+01
1.870930930900000178e+00,-4.832073938100000277e+01,-5.907497098500000021e+01,-3.367209552199999933e+01,-5.856113444300000026e+01,-2.953806050300000052e+01
1.890940940900000200e+00,-4.943453940900000276e+01,-6.462014498400000662e+01,-3.423156956199999712e+01,-6.219548796400000157e+01,-3.033507699900000176e+01
1.910950951000000009e+00,-5.216387603399999762e+01,-6.188829772599999757e+01,-3.432668226599999883e+01,-6.937852518399999724e+01,-3.066779342699999944e+01
1.930960961000000031e+00,-5.325498932200000013e+01,-5.613532491299999805e+01,-3.443796004800000077e+01,-6.220494153700000339e+01,-3.036711865299999857e+01
1.950970971000000054e+00,-5.381561870299999839e+01,-5.872121573599999778e+01,-3.396318847399999896e+01,-5.770389376699999673e+01,-2.958102754300000115e+01
1.970980981000000076e+00,-5.498435025100000217e+01,-5.845235621700000195e+01,-3.393306648200000097e+01,-5.428456099400000312e+01,-2.887682969700000157e+01
1.990990991000000099e+00,-5.477672615200000195e+01,-5.730485372999999782e+01,-3.392957337200000012e+01,-5.777219712899999848e+01,-2.878318015299999999e+01
2.011001000999999899e+00,-5.195798159200000299e+01,-6.231621767499999720e+01,-3.391865505199999831e+01,-5.782586943900000165e+01,-2.848377887199999847e+01
2.031011010999999922e+00,-5.140606276199999769e+01,-5.923733655499999884e+01,-3.445326833800000088e+01,-5.370314587600000067e+01,-2.851741416999999856e+01
2.051021020999999944e+00,-5.272109151899999802e+01,-5.517140943799999775e+01,-3.386486236300000030e+01,-5.880608979000000147e+01,-2.861966605499999972e+01
2.071031030999999967e+00,-5.307325060800000216e+01,-5.361053689300000258e+01,-3.362553267100000198e+01,-6.024269252300000232e+01,-2.871785743299999893e+01
2.091041040999999989e+00,-5.257327522399999964e+01,-5.476756672700000195e+01,-3.327072965600000032e+01,-6.072174816300000089e+01,-2.867339833699999829e+01
2.111051051100000020e+00,-5.003913191699999885e+01,-5.480526589800000181e+01,-3.313525884900000307e+01,-6.360135637999999858e+01,-2.870309740800000142e+01
2.131061061100000043e+00,-4.924706800399999906e+01,-5.393508884999999964e+01,-3.329036528400000350e+01,-5.872665208299999762e+01,-2.906618133099999923e+01
2.151071071100000065e+00,-4.754853848199999788e+01,-5.422059482899999949e+01,-3.361264053600000068e+01,-5.720152332400000006e+01,-2.943491874600000102e+01
2.171081081100000088e+00,-4.643273089699999900e+01,-5.761847713499999912e+01,-3.371805317300000127e+01,-5.594824769099999884e+01,-3.007108665699999861e+01
2.191091091100000110e+00,-4.680572012999999743e+01,-5.322341866600000060e+01,-3.372380875399999667e+01,-5.924442385599999739e+01,-3.028352461100000070e+01
2.211101101099999688e+00,-4.645146927300000073e+01,-5.143509045100000066e+01,-3.403353129300000290e+01,-9.159416076600000167e+01,-3.048083111300000070e+01
2.231111111099999711e+00,-4.552897284200000172e+01,-5.141046540100000328e+01,-3.354043985599999900e+01,-7.403608143200000313e+01,-3.034783017499999858e+01
2.251121121099999733e+00,-4.617738215600000018e+01,-5.009048794699999974e+01,-3.369486187999999771e+01,-6.280760213399999969e+01,-3.047729661099999987e+01
2.271131131099999756e+00,-4.559705560900000165e+01,-5.241125706199999712e+01,-3.410559942100000086e+01,-6.452162452599999654e+01,-3.024982412700000012e+01
2.291141141099999778e+00,-4.550613354499999730e+01,-5.319566396399999775e+01,-3.427978798899999902e+01,-6.410738174700000513e+01,-2.991889672399999967e+01
2.311151151199999809e+00,-4.777350560099999655e+01,-4.952237891899999767e+01,-3.425415402800000209e+01,-5.950410397499999959e+01,-2.934415830300000039e+01
2.331161161199999832e+00,-4.804649925300000035e+01,-5.194806471700000117e+01,-3.426649403900000124e+01,-5.497337654100000037e+01,-2.861779773700000007e+01
2.351171171199999854e+00,-4.709921426199999672e+01,-4.855256193999999681e+01,-3.346314215600000352e+01,-5.616321195799999799e+01,-2.780375065500000176e+01
2.371181181199999877e+00,-4.772981981499999904e+01,-4.732876687099999913e+01,-3.279340453199999672e+01,-5.413866023500000324e+01,-2.679017820299999997e+01
2.391191191199999899e+00,-4.802156221599999952e+01,-4.601963699299999888e+01,-3.259127655199999651e+01,-5.369489056900000179e+01,-2.634384584200000035e+01
2.411201201199999922e+00,-4.806659361999999902e+01,-4.651977669299999718e+01,-3.253710433599999874e+01,-5.281431471999999872e+01,-2.606953179399999954e+01
2.431211211199999944e+00,-4.948609897200000063e+01,-4.848986818000000198e+01,-3.222279003300000255e+01,-5.201586290899999909e+01,-2.594360389299999881e+01
2.451221221199999967e+00,-4.886509721899999903e+01,-4.938760246900000084e+01,-3.190079844099999917e+01,-5.185076532299999741e+01,-2.583621868000000177e+01
2.471231231199999989e+00,-4.950491543599999744e+01,-4.803891596599999758e+01,-3.195319366300000041e+01,-5.298334778200000272e+01,-2.563851731800000167e+01
2.491241241200000012e+00,-4.860579927199999872e+01,-4.809116674799999913e+01,-3.132412423799999956e+01,-5.443691031899999899e+01,-2.549381575800000022e+01
2.511251251300000042e+00,-4.930821750999999864e+01,-4.978196671500000292e+01,-3.125476626100000033e+01,-5.355590155099999805e+01,-2.569306933000000015e+01
2.531261261300000065e+00,-4.918698836600000135e+01,-4.824399836999999991e+01,-3.176806803999999929e+01,-5.629625388299999855e+01,-2.586878655800000004e+01
2.551271271300000087e+00,-4.980944455800000270e+01,-4.885808588900000160e+01,-3.202663113300000219e+01,-5.416658694400000229e+01,-2.602983864200000141e+01
2.571281281300000110e+00,-4.725399471699999765e+01,-5.029872069299999993e+01,-3.226978079900000296e+01,-5.886557556099999999e+01,-2.631231394799999990e+01
2.591291291300000132e+00,-4.810585846099999685e+01,-4.852928644600000041e+01,-3.282640582300000176e+01,-6.777548124499999460e+01,-2.655308721600000155e+01
2.611301301300000155e+00,-5.040660449500000340e+01,-4.811158346799999919e+01,-3.298495423199999976e+01,-5.864486982399999704e+01,-2.689291421400000104e+01
2.631311311300000177e+00,-5.238612708899999859e+01,-4.585154534499999812e+01,-3.348279847300000256e+01,-5.605152883499999916e+01,-2.701478158700000165e+01
2.651321321300000200e+00,-5.235402753599999670e+01,-4.693544399400000344e+01,-3.399710131700000204e+01,-5.463734234500000042e+01,-2.707737037800000124e+01
2.671331331300000222e+00,-5.251602058600000333e+01,-4.746514157600000061e+01,-3.438370475100000334e+01,-5.429645988400000078e+01,-2.707196100799999883e+01
2.691341341300000245e+00,-5.252165776199999669e+01,-4.713110592999999682e+01,-3.428828332999999873e+01,-5.097067533799999950e+01,-2.692752811600000129e+01
2.711351351400000276e+00,-5.321163254199999670e+01,-4.728127033100000176e+01,-3.412235385999999693e+01,-5.431553276300000022e+01,-2.687174066100000047e+01
2.731361361400000298e+00,-5.305039383799999797e+01,-4.946057288400000118e+01,-3.425641638799999811e+01,-5.266615074199999924e+01,-2.682301839000000143e+01
2.751371371399999877e+00,-5.608202056999999741e+01,-5.263257238900000345e+01,-3.459530410299999659e+01,-5.716540038400000157e+01,-2.649076127900000088e+01
2.771381381399999899e+00,-6.249996196499999712e+01,-4.745856783800000045e+01,-3.450641434199999935e+01,-5.581666618900000287e+01,-2.632970333700000154e+01
2.791391391399999922e+00,-5.866212713499999865e+01,-5.337849001099999668e+01,-3.457908303499999647e+01,-5.987365517100000289e+01,-2.639513089800000145e+01
2.811401401399999944e+00,-5.816703846699999758e+01,-5.155159874499999972e+01,-3.430675244300000060e+01,-6.137586889699999659e+01,-2.628402301499999894e+01
2.831411411399999967e+00,-6.948906698400000437e+01,-4.990502105400000232e+01,-3.421974932199999841e+01,-6.004125530299999980e+01,-2.629085449100000105e+01
2.851421421399999989e+00,-6.869637301800000273e+01,-5.281155281899999920e+01,-3.377489198800000025e+01,-5.765366728200000068e+01,-2.630746648499999907e+01
2.871431431400000012e+00,-6.172079858800000096e+01,-5.923043638499999730e+01,-3.378216645300000209e+01,-5.622340932499999866e+01,-2.621030698099999867e+01
2.891441441400000034e+00,-5.987253084400000347e+01,-5.481590798799999931e+01,-3.304499933700000014e+01,-5.608925109100000128e+01,-2.639729770099999939e+01
2.911451451500000065e+00,-5.957921451499999677e+01,-5.552850683900000206e+01,-3.300788025300000328e+01,-5.658487501500000150e+01,-2.624582191300000034e+01
2.931461461500000087e+00,-5.560455158700000311e+01,-5.831157782900000086e+01,-3.294421709899999939e+01,-5.626757647299999832e+01,-2.621555342699999969e+01
2.951471471500000110e+00,-5.185759595999999760e+01,-6.069187412899999856e+01,-3.299383056700000338e+01,-5.856840141200000005e+01,-2.630664129199999834e+01
2.971481481500000132e+00,-5.206573754099999718e+01,-6.116996213200000199e+01,-3.266355955699999924e+01,-6.120889526799999913e+01,-2.626122121599999915e+01
2.991491491500000155e+00,-5.462823572399999961e+01,-5.782662805399999684e+01,-3.265715758500000021e+01,-5.573271783599999907e+01,-2.628227594399999845e+01
3.011501501500000177e+00,-5.249206342699999794e+01,-5.479411773399999674e+01,-3.261366767999999894e+01,-5.581690779899999910e+01,-2.608029136100000045e+01
3.031511511500000200e+00,-5.136838595500000082e+01,-5.712634658500000029e+01,-3.261382009500000123e+01,-5.600753591299999812e+01,-2.610163155800000112e+01
3.051521521499999778e+00,-5.316755990899999773e+01,-6.272294647199999673e+01,-3.219302054599999963e+01,-5.225384358400000195e+01,-2.591193579899999833e+01
3.071531531499999801e+00,-5.378176956899999794e+01,-5.564544064999999762e+01,-3.193665140599999930e+01,-5.660385201900000141e+01,-2.578955312300000102e+01
3.091541541499999823e+00,-5.132691707800000103e+01,-5.517078008800000077e+01,-3.122569354000000175e+01,-5.730387984400000079e+01,-2.564424678099999966e+01
3.111551551599999854e+00,-5.365446167099999997e+01,-5.520979093100000057e+01,-3.079000130500000054e+01,-5.735316246499999693e+01,-2.524654724899999891e+01
3.131561561599999877e+00,-4.969756352200000293e+01,-5.561913117800000350e+01,-3.030886440100000101e+01,-5.593412793600000299e+01,-2.500208125900000056e+01
3.151571571599999899e+00,-4.946628890200000228e+01,-5.309800750499999822e+01,-3.022989724800000033e+01,-6.298859667100000337e+01,-2.466921610400000020e+01
3.171581581599999922e+00,-5.075803252400000076e+01,-5.718220546599999921e+01,-3.070863727600000104e+01,-5.718275480300000169e+01,-2.430092997099999863e+01
3.191591591599999944e+00,-5.098357908500000235e+01,-5.522824455500000340e+01,-3.040033245000000051e+01,-5.647421307700000170e+01,-2.390603595800000036e+01
3.211601601599999967e+00,-4.871681276200000354e+01,-5.785930955500000294e+01,-3.005168260299999972e+01,-6.421017478500000664e+01,-2.338225930400000152e+01
3.231611611599999989e+00,-4.923918517399999928e+01,-5.227611213200000151e+01,-3.013641013499999843e+01,-6.021947618600000141e+01,-2.282446240299999829e+01
3.251621621600000012e+00,-5.027723188899999940e+01,-5.371574529299999767e+01,-2.992624755199999953e+01,-5.817996253599999790e+01,-2.218645060100000066e+01
3.271631631600000034e+00,-4.723648903200000149e+01,-6.494493251699999803e+01,-2.965427898100000093e+01,-5.274993050599999833e+01,-2.157389641800000035e+01
3.291641641600000057e+00,-4.813375898099999972e+01,-5.646328651099999973e+01,-2.934438421000000119e+01,-5.616360420000000175e+01,-2.087537322800000084e+01
3.311651651699999643e+00,-4.693570136999999676e+01,-5.510909477599999917e+01,-2.874096089700000078e+01,-5.392707465099999808e+01,-2.020914455699999834e+01
3.331661661699999666e+00,-4.520224700499999670e+01,-5.274450316600000122e+01,-2.853230346000000139e+01,-5.451586818500000220e+01,-1.960070306000000073e+01
3.351671671699999688e+00,-4.402329510199999874e+01,-5.264801017300000296e+01,-2.815779495700000012e+01,-5.384844829699999735e+01,-1.904640114000000040e+01
3.371681681699999711e+00,-4.254294925100000313e+01,-5.336066182100000077e+01,-2.778482119299999908e+01,-5.179097667599999966e+01,-1.865392772499999907e+01
3.391691691699999733e+00,-4.410785434400000327e+01,-5.465253344700000326e+01,-2.760185970999999938e+01,-5.728986518199999978e+01,-1.827800016799999838e+01
3.411701701699999756e+00,-4.241393514300000334e+01,-5.434833404599999795e+01,-2.783698685499999925e+01,-5.498381460000000232e+01,-1.802492371399999982e+01
3.431711711699999778e+00,-4.189603405900000155e+01,-5.511597369799999768e+01,-2.790793698099999887e+01,-5.350993527699999674e+01,-1.786142384400000083e+01
3.451721721699999801e+00,-4.241218395399999963e+01,-5.325209492100000119e+01,-2.788766264399999883e+01,-5.262283508499999840e+01,-1.779134793000000059e+01
3.471731731699999823e+00,-4.212484306099999998e+01,-5.536054574199999934e+01,-2.778277703599999882e+01,-5.167767715000000095e+01,-1.769604657500000044e+01
3.491741741699999846e+00,-4.058986518700000090e+01,-5.397410348900000088e+01,-2.782890520500000164e+01,-5.276562183499999747e+01,-1.780295206699999966e+01
3.511751751800000321e+00,-4.114310046300000323e+01,-6.348792770299999688e+01,-2.825143767499999825e+01,-6.024406616299999939e+01,-1.770483217199999970e+01
3.531761761800000343e+00,-3.982138407499999744e+01,-5.617790449700000011e+01,-2.843029178100000109e+01,-5.431313006500000284e+01,-1.768581039800000099e+01
3.551771771800000366e+00,-3.887393417199999845e+01,-5.343663902899999840e+01,-2.903751277699999989e+01,-5.123629740100000163e+01,-1.771927501200000066e+01
3.571781781800000388e+00,-3.842935898799999705e+01,-5.157178119900000013e+01,-2.923853582199999934e+01,-5.054961989099999897e+01,-1.793978402500000158e+01
3.591791791800000411e+00,-3.843957029300000272e+01,-5.102647099800000063e+01,-3.033889182200000079e+01,-5.384572967799999788e+01,-1.807100993699999947e+01
3.611801801799999989e+00,-3.909603416899999928e+01,-5.258242465600000060e+01,-3.097111655100000149e+01,-5.969864547699999946e+01,-1.801565814099999940e+01
3.631811811800000012e+00,-3.920873232900000005e+01,-4.867693584300000254e+01,-3.136981675499999866e+01,-6.075235181200000056e+01,-1.814823320400000028e+01
3.651821821800000034e+00,-4.017192482499999784e+01,-5.026395391100000154e+01,-3.159187641200000130e+01,-5.347473702399999951e+01,-1.816717437200000163e+01
3.671831831800000057e+00,-3.913075503999999682e+01,-4.636815704899999702e+01,-3.140192201200000000e+01,-6.616586025300000529e+01,-1.809023689600000040e+01
3.691841841800000079e+00,-3.887404784699999993e+01,-4.687458347399999781e+01,-3.144293695800000066e+01,-5.687398128000000241e+01,-1.793489446699999945e+01
3.711851851900000110e+00,-3.808826171999999843e+01,-4.594835279800000194e+01,-3.125274634899999882e+01,-6.222171151300000247e+01,-1.777878243700000027e+01
3.731861861900000132e+00,-3.782882326600000056e+01,-5.358329285700000355e+01,-3.150246968700000139e+01,-6.648271291000000360e+01,-1.766922939199999831e+01
3.751871871900000155e+00,-3.742661719699999878e+01,-6.131743423900000067e+01,-3.137296531300000169e+01,-5.767977960700000040e+01,-1.752834383700000132e+01
3.771881881900000177e+00,-3.681850968900000254e+01,-5.576385942400000317e+01,-3.106033748600000166e+01,-5.845365499300000067e+01,-1.740197258299999916e+01
3.791891891900000200e+00,-3.630577210900000296e+01,-5.501878520599999689e+01,-3.071424933400000157e+01,-5.788134664599999724e+01,-1.740793285499999854e+01
3.811901901900000222e+00,-3.538942158999999776e+01,-5.822788483099999723e+01,-3.000894331299999962e+01,-6.256292240900000223e+01,-1.730546547499999832e+01
3.831911911900000245e+00,-3.677917042100000344e+01,-5.549703320700000120e+01,-2.974230400300000099e+01,-6.193098018500000279e+01,-1.737026812899999939e+01
3.851921921900000267e+00,-3.636485548899999998e+01,-5.757626536899999792e+01,-2.964301568999999859e+01,-5.774771549100000101e+01,-1.726202895000000126e+01
3.871931931900000290e+00,-3.642553359200000074e+01,-5.521332644799999656e+01,-2.930215098600000090e+01,-5.981031165899999991e+01,-1.714944135600000052e+01
3.891941941900000312e+00,-3.663555528700000252e+01,-5.961692718399999791e+01,-2.943545645200000038e+01,-5.668573331200000354e+01,-1.717497201600000167e+01
3.911951951999999899e+00,-3.602132370100000003e+01,-6.168149146999999743e+01,-2.937554186699999903e+01,-6.056330112300000224e+01,-1.729001310299999972e+01
3.931961961999999922e+00,-3.577251622800000064e+01,-5.536972894699999870e+01,-2.978720269600000137e+01,-5.518897178099999934e+01,-1.744462349999999873e+01
3.951971971999999944e+00,-3.624830453500000260e+01,-4.986821273900000051e+01,-2.964537928100000030e+01,-6.016631277599999805e+01,-1.761327428699999942e+01
3.971981981999999967e+00,-3.632366240099999999e+01,-5.760439526300000068e+01,-2.971090340599999990e+01,-5.409354375200000220e+01,-1.780711024500000050e+01
3.991991991999999989e+00,-3.541010205100000263e+01,-5.204220095000000157e+01,-3.005421425300000138e+01,-5.967035512500000038e+01,-1.783638715300000044e+01
4.012002002000000012e+00,-3.595127522399999975e+01,-4.605000769800000171e+01,-3.031559455200000031e+01,-5.956255675500000279e+01,-1.803026207799999980e+01
4.032012012000000034e+00,-3.558231642100000158e+01,-4.967920523000000088e+01,-3.034781505999999851e+01,-5.862900497999999772e+01,-1.846703022699999863e+01
4.052022022000000057e+00,-3.596669138899999751e+01,-6.320237616200000019e+01,-3.072605788199999921e+01,-5.809877550699999915e+01,-1.864163146699999984e+01
4.072032032000000079e+00,-3.596300895800000319e+01,-4.917759288999999967e+01,-3.077084143900000157e+01,-5.251484058199999794e+01,-1.895400775099999890e+01
4.092042042000000102e+00,-3.655326567099999835e+01,-4.347747187800000290e+01,-3.133704861700000066e+01,-4.960674361099999885e+01,-1.924799228599999878e+01
4.112052052100000132e+00,-3.706341421500000166e+01,-4.765921231299999761e+01,-3.256208963000000267e+01,-5.055635028199999681e+01,-1.963178362500000063e+01
4.132062062100000155e+00,-3.763006025600000015e+01,-5.166468085099999996e+01,-3.433448941900000051e+01,-5.110842561100000125e+01,-1.995914920899999956e+01
4.152072072100000177e+00,-3.875612263800000079e+01,-6.168726561399999753e+01,-3.498688264300000128e+01,-5.324803966000000344e+01,-2.024080236900000074e+01
4.172082082100000200e+00,-3.805802680099999691e+01,-5.194791138200000091e+01,-3.459023136100000073e+01,-6.087574628499999818e+01,-2.033598178100000098e+01
4.192092092100000222e+00,-3.870077349999999683e+01,-5.167302369600000134e+01,-3.628959360300000014e+01,-5.241481483500000138e+01,-2.066550699500000121e+01
4.212102102100000245e+00,-3.823817798000000323e+01,-4.768008375600000193e+01,-3.758143386500000105e+01,-5.724533982999999893e+01,-2.104006644000000037e+01
4.232112112100000267e+00,-3.854894688600000308e+01,-5.065937763899999879e+01,-3.768421679299999738e+01,-5.477601555799999744e+01,-2.115486961799999932e+01
4.252122122100000290e+00,-3.933128482699999751e+01,-5.286953691499999763e+01,-3.780116506299999912e+01,-5.808815174200000087e+01,-2.143977928099999986e+01
4.272132132100000312e+00,-4.134271905899999666e+01,-5.275476511299999771e+01,-3.629246316599999744e+01,-6.092495866899999868e+01,-2.154612584499999883e+01
4.292142142100000335e+00,-3.991545140299999872e+01,-6.171572743099999769e+01,-3.840680306200000160e+01,-5.627771165299999723e+01,-2.159521544400000082e+01
4.312152152199999477e+00,-4.091528388500000091e+01,-5.119322274099999959e+01,-4.039359824200000304e+01,-5.754182795599999878e+01,-2.169491161499999876e+01
4.332162162199999500e+00,-4.054478800399999727e+01,-5.933674887600000147e+01,-3.907266387100000316e+01,-5.390488507300000265e+01,-2.164636195699999988e+01
4.352172172199999522e+00,-4.125828793000000161e+01,-5.788073547900000193e+01,-3.793610420699999963e+01,-6.458701832299999523e+01,-2.165895496099999917e+01
4.372182182199999545e+00,-4.226908373300000221e+01,-7.111490911600000686e+01,-3.874848524600000133e+01,-7.218647736799999848e+01,-2.169219515600000037e+01
4.392192192199999567e+00,-4.132734651399999848e+01,-5.411030943099999746e+01,-3.854007218499999965e+01,-5.652208598899999714e+01,-2.144746411299999878e+01
4.412202202199999590e+00,-4.101385908900000032e+01,-4.859554351700000296e+01,-4.032206724000000264e+01,-5.568682278800000063e+01,-2.155183268400000074e+01
4.432212212199999612e+00,-3.982804743999999886e+01,-5.915598395399999987e+01,-3.885412734500000198e+01,-4.982020393700000227e+01,-2.142438324500000135e+01
4.452222222199999635e+00,-4.189886194000000330e+01,-6.538322857900000429e+01,-3.750510588400000245e+01,-5.739043714900000026e+01,-2.115600308999999868e+01
4.472232232199999657e+00,-3.956438658199999736e+01,-4.921203770500000019e+01,-3.715090074799999798e+01,-6.022642039499999811e+01,-2.102806062499999840e+01
4.492242242199999680e+00,-3.949890920899999713e+01,-4.588136905799999710e+01,-3.861792550700000248e+01,-5.557078942100000063e+01,-2.117715176400000132e+01
4.512252252300000599e+00,-3.866328782099999728e+01,-4.597973334299999948e+01,-4.104724663100000015e+01,-5.551701592199999880e+01,-2.114941077900000010e+01
4.532262262300000621e+00,-3.732660506500000253e+01,-4.983516105500000037e+01,-3.922065031000000346e+01,-5.044044905900000231e+01,-2.102278846500000142e+01
4.552272272299999756e+00,-3.729634111200000035e+01,-4.814823978700000140e+01,-3.880959106699999950e+01,-5.996926785299999807e+01,-2.117583307900000023e+01
4.572282282299999778e+00,-3.811305488699999700e+01,-4.986230112799999858e+01,-3.953168313999999839e+01,-5.462863168900000232e+01,-2.135745091500000115e+01
4.592292292299999801e+00,-3.767277636600000079e+01,-5.191228809500000096e+01,-3.933837279600000159e+01,-5.270158087899999799e+01,-2.159339422900000116e+01
4.612302302299999823e+00,-3.729323515400000133e+01,-5.091095524499999669e+01,-3.988398685399999977e+01,-4.976874288999999862e+01,-2.211279668099999896e+01
4.632312312299999846e+00,-3.654000981600000131e+01,-5.159295300499999826e+01,-3.793892451300000346e+01,-5.333026644000000260e+01,-2.239405398999999974e+01
4.652322322299999868e+00,-3.579157160199999765e+01,-5.367515748999999659e+01,-3.722532255699999837e+01,-5.340909823199999806e+01,-2.295433638900000162e+01
4.672332332299999891e+00,-3.531211036300000217e+01,-4.740845445200000086e+01,-3.744694779600000345e+01,-5.286619219399999992e+01,-2.361050456699999955e+01
4.692342342299999913e+00,-3.629637349099999710e+01,-4.831009532299999876e+01,-3.644927458600000136e+01,-5.438171814700000084e+01,-2.401099421199999995e+01
4.712352352399999944e+00,-3.681082519600000325e+01,-5.142130067200000099e+01,-3.470922861500000067e+01,-5.386325905500000033e+01,-2.435782455500000054e+01
4.732362362399999967e+00,-3.615867804799999874e+01,-5.138155285300000230e+01,-3.427721995400000310e+01,-5.097887358300000216e+01,-2.475802051599999842e+01
4.752372372399999989e+00,-3.709887366600000291e+01,-5.510065720600000105e+01,-3.526890110400000111e+01,-6.537621008600000039e+01,-2.497639290400000078e+01
4.772382382400000012e+00,-3.726311052100000154e+01,-5.207998531900000216e+01,-3.515729952400000258e+01,-5.033942950000000138e+01,-2.511947895100000139e+01
4.792392392400000034e+00,-3.711721388200000149e+01,-4.669873056400000166e+01,-3.391582160699999804e+01,-4.914320166699999959e+01,-2.490299924500000017e+01
4.812402402400000057e+00,-3.836107739900000269e+01,-4.981659149600000092e+01,-3.417966989600000005e+01,-4.774360367599999933e+01,-2.493368919399999939e+01
4.832412412399999191e+00,-3.753483121200000028e+01,-4.801636661599999911e+01,-3.286372004599999741e+01,-4.987972662800000023e+01,-2.480864289299999825e+01
4.852422422399999213e+00,-3.769098795699999727e+01,-5.188075379899999717e+01,-3.373741886500000220e+01,-4.892445028699999909e+01,-2.490779011200000070e+01
4.872432432399999236e+00,-3.654848673400000081e+01,-5.296539072499999889e+01,-3.310283839899999947e+01,-5.514461080499999923e+01,-2.477715864400000001e+01
4.892442442399999258e+00,-3.763286878899999977e+01,-5.051831841300000292e+01,-3.193534206600000047e+01,-5.096961661600000326e+01,-2.457244810199999918e+01
4.912452452500000177e+00,-3.789403361899999823e+01,-5.760325968699999777e+01,-3.147265895099999966e+01,-5.602142344899999671e+01,-2.421581379899999931e+01
4.932462462500000200e+00,-3.755799300099999982e+01,-4.792189650499999942e+01,-3.135774883999999929e+01,-5.468581418800000193e+01,-2.402308772800000014e+01
4.952472472500000222e+00,-3.668921003900000244e+01,-4.703217033300000338e+01,-3.217486538800000062e+01,-4.936008280800000136e+01,-2.377500712999999877e+01
4.972482482500000245e+00,-3.802232967199999791e+01,-5.183244001100000276e+01,-3.244082933699999671e+01,-5.014204458399999709e+01,-2.358714526600000028e+01
4.992492492500000267e+00,-3.685273806699999710e+01,-6.320343863200000101e+01,-3.124293083499999923e+01,-5.388488280699999677e+01,-2.354188039900000007e+01
5.012502502500000290e+00,-3.590045121800000061e+01,-6.487249639200000217e+01,-3.073895828699999910e+01,-5.004434548599999744e+01,-2.359171697000000023e+01
5.032512512500000312e+00,-3.691326288500000175e+01,-5.575665132499999999e+01,-3.175913848000000073e+01,-4.991849377199999793e+01,-2.339456091899999990e+01
5.052522522500000335e+00,-3.678367270799999744e+01,-6.021980986399999836e+01,-3.118674198700000133e+01,-5.290551152199999763e+01,-2.344924498700000015e+01
5.072532532500000357e+00,-3.660266422400000152e+01,-4.934350946899999713e+01,-3.200986023800000169e+01,-5.113040906399999841e+01,-2.319297881299999986e+01
5.092542542500000380e+00,-3.588590701500000080e+01,-4.786716018999999989e+01,-3.104841138200000117e+01,-5.217466305300000329e+01,-2.308271807199999870e+01
5.112552552600000411e+00,-3.668333235899999778e+01,-4.871395033400000329e+01,-3.114324430099999930e+01,-5.218033851399999890e+01,-2.340908023500000112e+01
5.132562562600000433e+00,-3.665580457200000097e+01,-4.689870098099999751e+01,-3.067845981500000008e+01,-5.059314521600000347e+01,-2.350672832700000114e+01
5.152572572600000456e+00,-3.639969988800000067e+01,-5.414825656400000042e+01,-3.079167017199999989e+01,-5.186550747799999783e+01,-2.356425907299999878e+01
5.172582582600000478e+00,-3.638402292699999663e+01,-5.150534448599999848e+01,-3.075585978799999864e+01,-4.963254148499999729e+01,-2.382449097599999988e+01
5.192592592600000501e+00,-3.651987055000000026e+01,-5.163026460999999756e+01,-2.966873817200000119e+01,-5.176519875099999979e+01,-2.429227913600000122e+01
5.212602602600000523e+00,-3.804910189200000303e+01,-4.481380705400000153e+01,-2.987952975600000016e+01,-5.482166466500000013e+01,-2.498916992799999903e+01
5.232612612600000546e+00,-3.709882745299999840e+01,-4.662695343299999706e+01,-2.962542964300000037e+01,-5.743482233499999978e+01,-2.572258865799999938e+01
5.252622622600000568e+00,-4.156187325900000218e+01,-4.661846363200000098e+01,-2.967241672800000174e+01,-5.325601069900000084e+01,-2.621057005100000126e+01
5.272632632600000591e+00,-4.089496227000000061e+01,-4.436602325399999813e+01,-2.920924908900000005e+01,-5.827508831200000117e+01,-2.635934148600000171e+01
5.292642642600000613e+00,-4.189648087900000206e+01,-4.379138223500000038e+01,-2.856438642699999875e+01,-4.889665365399999786e+01,-2.616593771499999832e+01
5.312652652699999756e+00,-4.638530827999999673e+01,-5.173021349700000115e+01,-2.840001173599999973e+01,-5.044494665599999905e+01,-2.635267149199999892e+01
5.332662662699999778e+00,-4.773613261900000282e+01,-4.295765430000000151e+01,-2.791186207000000152e+01,-5.360110486500000349e+01,-2.600814427799999962e+01
5.352672672699999801e+00,-4.612934151399999649e+01,-4.546514175299999749e+01,-2.728310449399999982e+01,-5.168289688899999845e+01,-2.552386200400000149e+01
5.372682682699999823e+00,-4.579778320799999847e+01,-4.590786713899999683e+01,-2.749619509400000084e+01,-7.033150935599999798e+01,-2.576562483000000014e+01
5.392692692699999846e+00,-4.604901040000000023e+01,-4.629472909799999769e+01,-2.699871929000000037e+01,-5.292496671499999650e+01,-2.511456407100000021e+01
5.412702702699999868e+00,-5.227961989300000312e+01,-4.695520063200000038e+01,-2.671235880400000084e+01,-5.402619184400000307e+01,-2.496707406100000171e+01
5.432712712699999891e+00,-4.752030923699999931e+01,-5.256654618499999998e+01,-2.641534186000000162e+01,-5.087721692200000234e+01,-2.442841239999999914e+01
5.452722722699999913e+00,-4.805657663099999866e+01,-4.636534360200000293e+01,-2.589619692400000162e+01,-6.582235311099999819e+01,-2.439864887999999965e+01
5.472732732699999936e+00,-4.724519444700000292e+01,-4.763222163199999670e+01,-2.595639364199999832e+01,-5.045220496999999682e+01,-2.407774716400000159e+01
5.492742742699999958e+00,-4.615697393100000312e+01,-4.755494518300000095e+01,-2.577277789700000099e+01,-5.506328286899999824e+01,-2.409033877599999940e+01
5.512752752799999989e+00,-4.854194839600000222e+01,-5.265643396400000142e+01,-2.551556231700000055e+01,-5.761900684999999811e+01,-2.384339149699999894e+01
5.532762762800000012e+00,-4.432853730699999772e+01,-4.458510303199999925e+01,-2.562032337699999829e+01,-5.225759406200000257e+01,-2.390114050600000084e+01
5.552772772800000034e+00,-4.539026325100000037e+01,-4.583371907400000111e+01,-2.516153057600000054e+01,-5.603831046700000229e+01,-2.382751095300000088e+01
5.572782782800000057e+00,-4.471009583299999690e+01,-4.367024333500000211e+01,-2.531066941099999923e+01,-6.558829069399999412e+01,-2.355125761800000106e+01
5.592792792800000079e+00,-4.194502147400000069e+01,-4.321392533699999916e+01,-2.555316021100000157e+01,-6.533296703999999977e+01,-2.348202362500000007e+01
5.612802802800000102e+00,-4.396872567100000140e+01,-4.441428935799999778e+01,-2.560849358000000109e+01,-6.929799998199999322e+01,-2.319238356800000034e+01
5.632812812800000124e+00,-4.165336337600000149e+01,-4.142854987199999783e+01,-2.560836809299999928e+01,-6.646437933199999293e+01,-2.267841461100000089e+01
5.652822822800000147e+00,-4.182446782200000257e+01,-4.146059224300000068e+01,-2.591387393999999844e+01,-5.841514896799999690e+01,-2.227277640200000164e+01
5.672832832800000169e+00,-4.138990788000000265e+01,-4.262183928599999660e+01,-2.650358696600000030e+01,-5.966849456700000331e+01,-2.193062680399999920e+01
5.692842842800000192e+00,-4.241185192100000023e+01,-3.973712483100000270e+01,-2.657442701200000101e+01,-5.751952312000000234e+01,-2.153532814800000139e+01
5.712852852899999334e+00,-3.964480568799999816e+01,-4.207762339300000320e+01,-2.676226778099999848e+01,-4.954931011499999727e+01,-2.124608727600000080e+01
5.732862862899999357e+00,-4.308526658899999973e+01,-4.415702045700000156e+01,-2.760309719299999998e+01,-5.026071579100000264e+01,-2.054907420700000031e+01
5.752872872899999379e+00,-4.217748718499999683e+01,-3.979447299099999924e+01,-2.812840470100000090e+01,-5.164743362800000170e+01,-2.052767118099999877e+01
5.772882882899999402e+00,-4.343481729399999836e+01,-3.998147363300000023e+01,-2.912808838500000164e+01,-5.042664067900000191e+01,-2.005671590800000104e+01
5.792892892899999424e+00,-4.272009880899999956e+01,-4.082148111699999760e+01,-2.971072407799999837e+01,-4.799972944600000346e+01,-1.962609299400000040e+01
5.812902902899999447e+00,-3.883841620300000130e+01,-3.998739016999999762e+01,-2.999874178399999991e+01,-6.064174480100000153e+01,-1.936404770400000075e+01
5.832912912899999469e+00,-4.028344480700000219e+01,-4.023539468799999952e+01,-3.054493948500000045e+01,-4.992966330000000141e+01,-1.887069039300000028e+01
5.852922922899999492e+00,-4.104169695200000234e+01,-3.991217021899999651e+01,-3.124307699199999888e+01,-5.347139298999999824e+01,-1.864905502099999879e+01
5.872932932899999514e+00,-4.155608932900000241e+01,-3.971746184100000221e+01,-3.183401928099999978e+01,-5.802942888500000151e+01,-1.856750987399999886e+01
5.892942942899999537e+00,-4.160337773399999861e+01,-3.785623367099999825e+01,-3.227516673499999911e+01,-5.394040205700000001e+01,-1.828775117600000044e+01
5.912952952999999567e+00,-4.229398343300000107e+01,-4.053440000300000179e+01,-3.340297897899999668e+01,-5.198479724399999924e+01,-1.827922712299999830e+01
5.932962962999999590e+00,-4.148721290200000311e+01,-3.780548739700000027e+01,-3.314891898599999820e+01,-5.601090164600000065e+01,-1.806098594299999860e+01
5.952972972999999612e+00,-4.666415596200000238e+01,-3.815777221100000105e+01,-3.337168274900000142e+01,-5.760277723800000160e+01,-1.808730448000000024e+01
5.972982982999999635e+00,-4.239650698100000170e+01,-3.852233836700000325e+01,-3.451393586399999691e+01,-5.912772260700000260e+01,-1.813545594100000002e+01
5.992992992999999657e+00,-4.178527628999999877e+01,-3.954463144399999663e+01,-3.439338796700000245e+01,-5.531578606000000065e+01,-1.805784340800000010e+01
6.013003002999999680e+00,-4.456286005900000191e+01,-3.532423877400000123e+01,-3.509720584699999790e+01,-5.535488156899999979e+01,-1.812674725000000109e+01
6.033013012999999702e+00,-4.437600972799999965e+01,-3.691818531700000250e+01,-3.443447970799999780e+01,-5.038712174500000174e+01,-1.808898801400000167e+01
6.053023022999999725e+00,-4.700525075299999855e+01,-3.646127192299999820e+01,-3.418197280999999776e+01,-5.498454098500000242e+01,-1.821129647100000071e+01
6.073033032999999747e+00,-4.499353133900000046e+01,-3.692373249700000315e+01,-3.417230032999999878e+01,-5.343471295599999848e+01,-1.803780188800000062e+01
6.093043042999999770e+00,-4.863300207000000341e+01,-3.604528558900000235e+01,-3.446190551800000179e+01,-6.359461461800000137e+01,-1.817660541600000101e+01
6.113053053100000689e+00,-4.691250159500000194e+01,-3.421227243999999956e+01,-3.414596667800000063e+01,-5.501892723899999993e+01,-1.844679257199999967e+01
6.133063063100000711e+00,-4.462802560000000085e+01,-3.387468346099999650e+01,-3.372419347299999970e+01,-5.465285784499999977e+01,-1.838386751099999827e+01
6.153073073100000734e+00,-4.642216388100000302e+01,-3.175554865000000149e+01,-3.446342921499999790e+01,-6.008815674499999915e+01,-1.860813648199999903e+01
6.173083083100000756e+00,-4.765218630599999727e+01,-3.262886842900000062e+01,-3.431995702700000095e+01,-5.503462706500000223e+01,-1.875753126200000054e+01
6.193093093100000779e+00,-5.331621616000000330e+01,-3.334786752099999774e+01,-3.426230303999999904e+01,-5.490052196799999962e+01,-1.893777886499999852e+01
6.213103103100000801e+00,-4.905353935299999790e+01,-3.127227044300000003e+01,-3.486978989800000051e+01,-5.428170937299999821e+01,-1.901581203699999989e+01
6.233113113100000824e+00,-4.746702544800000112e+01,-3.110747349800000094e+01,-3.497703641300000044e+01,-4.710938125300000223e+01,-1.955067847400000147e+01
6.253123123099999958e+00,-5.333604717499999737e+01,-3.065409555100000105e+01,-3.466934610300000230e+01,-5.682961988099999928e+01,-1.956296041399999908e+01
6.273133133099999981e+00,-4.856102634900000226e+01,-3.109216004499999997e+01,-3.369353171600000252e+01,-5.678452248600000019e+01,-1.972894477599999874e+01
6.293143143100000003e+00,-5.020980795100000194e+01,-2.970786343900000048e+01,-3.324657070599999997e+01,-4.607269867099999772e+01,-2.000995585900000151e+01
6.313153153200000034e+00,-4.827432938100000115e+01,-3.071441887399999970e+01,-3.387296893900000327e+01,-4.503760217899999674e+01,-1.999654292099999964e+01
6.333163163200000056e+00,-4.714233051699999777e+01,-2.950894717999999983e+01,-3.475762548299999821e+01,-4.952199532899999923e+01,-2.007995918800000013e+01
6.353173173200000079e+00,-4.572448677900000291e+01,-3.054840938199999911e+01,-3.536998432499999723e+01,-4.665720701699999751e+01,-2.027384936700000040e+01
6.373183183200000101e+00,-4.683673097700000199e+01,-2.982800541299999963e+01,-3.535540301099999994e+01,-4.640942553400000037e+01,-2.068935572399999856e+01
6.393193193200000124e+00,-4.567157933800000080e+01,-2.898253466699999947e+01,-3.627319537300000007e+01,-4.775951905000000153e+01,-2.064891333199999934e+01
6.413203203200000146e+00,-4.291260192299999687e+01,-2.869686799100000130e+01,-3.717705953899999827e+01,-4.303124542100000127e+01,-2.087663700499999919e+01
6.433213213200000169e+00,-4.446983349500000315e+01,-2.975609900599999946e+01,-3.959674523700000037e+01,-5.263657934999999810e+01,-2.120110561999999987e+01
6.453223223200000191e+00,-4.321903137599999667e+01,-2.893431989999999843e+01,-4.037234078000000181e+01,-4.430602520699999758e+01,-2.130469034800000117e+01
6.473233233200000214e+00,-4.362940751299999675e+01,-2.881179978899999838e+01,-4.445578427699999935e+01,-4.350674572599999834e+01,-2.133577980300000121e+01
6.493243243200000236e+00,-4.367119431399999741e+01,-2.853115832399999974e+01,-4.686087769899999955e+01,-4.261650445600000126e+01,-2.165863455399999893e+01
6.513253253300000267e+00,-4.638753502200000156e+01,-2.798304356799999937e+01,-5.318451692200000025e+01,-4.309754977099999707e+01,-2.196841776699999826e+01
6.533263263300000290e+00,-4.438965027100000071e+01,-2.834817258700000053e+01,-4.819663818899999796e+01,-4.429348847400000011e+01,-2.253908109300000007e+01
6.553273273300000312e+00,-4.101721768000000168e+01,-2.840641128000000037e+01,-4.340637401200000056e+01,-4.435150375399999945e+01,-2.274480400199999863e+01
6.573283283300000335e+00,-4.358265596599999725e+01,-2.829102872300000016e+01,-3.813465560299999879e+01,-4.207970165500000093e+01,-2.326755877900000158e+01
6.593293293300000357e+00,-4.387237779899999879e+01,-2.767853954899999991e+01,-3.741928461500000225e+01,-4.316311624800000146e+01,-2.375680605699999859e+01
6.613303303300000380e+00,-4.393698853400000104e+01,-2.841594605299999898e+01,-3.499696835600000355e+01,-4.184536358799999789e+01,-2.431752214300000148e+01
6.633313313300000402e+00,-4.109993561200000300e+01,-2.785364491700000045e+01,-3.366786801100000304e+01,-4.357148323900000264e+01,-2.481020278800000156e+01
6.653323323300000425e+00,-4.219821299800000247e+01,-2.804220459100000085e+01,-3.244463933200000127e+01,-4.205557256600000215e+01,-2.496747171199999826e+01
6.673333333300000447e+00,-4.170121486200000049e+01,-2.806491581099999877e+01,-3.134737996699999840e+01,-4.222683254100000028e+01,-2.575325883400000038e+01
6.693343343300000470e+00,-4.569096548000000269e+01,-2.816990167699999859e+01,-3.012982089100000138e+01,-4.046947687099999769e+01,-2.612155866200000176e+01
6.713353353399999612e+00,-4.183289489300000241e+01,-2.826883521099999896e+01,-2.946222766200000009e+01,-4.120116720000000043e+01,-2.644184514999999891e+01
6.733363363399999635e+00,-4.119374669100000119e+01,-2.849166535299999836e+01,-2.859933597299999875e+01,-3.891206094700000051e+01,-2.683713236399999857e+01
6.753373373399999657e+00,-4.550651778900000011e+01,-2.788834281000000104e+01,-2.842907813900000136e+01,-4.179042384800000320e+01,-2.779133143600000011e+01
6.773383383399999680e+00,-4.309155474599999991e+01,-2.908296195100000148e+01,-2.721666840900000039e+01,-4.112307463500000182e+01,-2.796330058799999918e+01
6.793393393399999702e+00,-4.189879008500000168e+01,-2.898922828399999929e+01,-2.691464619899999988e+01,-4.322622449600000039e+01,-2.908209708000000049e+01
6.813403403399999725e+00,-4.408196568599999665e+01,-2.880771903300000147e+01,-2.627801134099999913e+01,-4.294613335199999682e+01,-2.942266422200000164e+01
6.833413413399999747e+00,-4.389654277000000349e+01,-2.857844477800000149e+01,-2.591695635499999995e+01,-4.140329156300000335e+01,-2.986251504299999837e+01
6.853423423399999770e+00,-4.466322897100000233e+01,-2.867852133999999964e+01,-2.542087474299999883e+01,-4.121412264399999970e+01,-3.062990801300000143e+01
6.873433433399999792e+00,-4.399524796400000071e+01,-2.885607057800000064e+01,-2.501336078699999987e+01,-4.232137125599999905e+01,-3.113063486000000069e+01
6.893443443399999815e+00,-4.358660864899999865e+01,-2.835343738799999969e+01,-2.485394159599999853e+01,-4.374607684400000096e+01,-3.116257539500000107e+01
6.913453453499999846e+00,-4.083027436599999760e+01,-2.835062160000000020e+01,-2.488886869399999924e+01,-4.176690480700000307e+01,-3.139667870799999960e+01
6.933463463499999868e+00,-4.045604837500000173e+01,-2.837347780700000044e+01,-2.479040217800000079e+01,-4.456792984199999808e+01,-3.078979420199999950e+01
6.953473473499999891e+00,-4.178566080000000227e+01,-2.813818142099999875e+01,-2.459923985000000002e+01,-4.564452535699999913e+01,-3.006655394199999876e+01
6.973483483499999913e+00,-3.797247718799999916e+01,-2.852178200799999885e+01,-2.461283775500000104e+01,-4.265585308600000047e+01,-2.859372557200000031e+01
6.993493493499999936e+00,-3.928620228700000183e+01,-2.860675347100000110e+01,-2.448590139699999924e+01,-4.430109810799999792e+01,-2.783386146100000147e+01
7.013503503499999958e+00,-3.930418156199999657e+01,-2.804161177399999971e+01,-2.409148695100000026e+01,-4.557836315400000160e+01,-2.716882216400000161e+01
7.033513513499999981e+00,-3.965599859600000343e+01,-2.837213471500000139e+01,-2.422051538799999904e+01,-4.484740985399999857e+01,-2.655869585900000018e+01
7.053523523500000003e+00,-3.993072862999999728e+01,-2.854499045800000090e+01,-2.423753398099999856e+01,-4.944671383200000037e+01,-2.541704350099999843e+01
7.073533533500000026e+00,-3.733864503699999915e+01,-2.804631220199999930e+01,-2.450613502499999896e+01,-5.120919798500000297e+01,-2.486763050500000105e+01
7.093543543500000048e+00,-3.560485221599999761e+01,-2.852914567299999860e+01,-2.442836391599999857e+01,-4.944501415300000247e+01,-2.408853130500000006e+01
7.113553553600000079e+00,-3.594971084200000178e+01,-2.828230248899999921e+01,-2.420045484299999927e+01,-5.792730951200000078e+01,-2.366434236499999955e+01
7.133563563600000101e+00,-3.715260465099999720e+01,-2.877042378100000164e+01,-2.418131648099999964e+01,-4.689353056400000241e+01,-2.340646255500000095e+01
7.153573573600000124e+00,-3.746409854099999848e+01,-2.871995214100000027e+01,-2.501066037600000058e+01,-4.572329133099999865e+01,-2.287909651000000011e+01
7.173583583600000146e+00,-3.564525449100000287e+01,-2.911871492899999936e+01,-2.500919580100000061e+01,-4.285414815299999702e+01,-2.261476590799999897e+01
7.193593593600000169e+00,-3.678243787699999956e+01,-2.934628217499999892e+01,-2.530518710000000127e+01,-4.162495910900000240e+01,-2.239899586800000009e+01
7.213603603600000191e+00,-3.682349690400000242e+01,-2.965630404399999875e+01,-2.571448458400000092e+01,-4.053934803500000328e+01,-2.204444817899999975e+01
7.233613613600000214e+00,-3.727745196200000066e+01,-2.977808129900000012e+01,-2.631923370499999848e+01,-4.057169249500000063e+01,-2.213659738899999851e+01
7.253623623600000236e+00,-3.733955500199999733e+01,-3.046755705400000025e+01,-2.641277992499999883e+01,-3.931234628400000020e+01,-2.197268721600000063e+01
7.273633633600000259e+00,-3.643845367699999827e+01,-3.061508051699999911e+01,-2.736998995400000112e+01,-3.858849112699999750e+01,-2.209338479000000177e+01
7.293643643600000281e+00,-3.671309851600000229e+01,-3.114140335100000101e+01,-2.762078259300000127e+01,-3.604812582099999929e+01,-2.224260825600000047e+01
7.313653653699999424e+00,-3.763398896399999671e+01,-3.107594207100000006e+01,-2.847329274499999840e+01,-3.704607428700000327e+01,-2.206423967199999936e+01
7.333663663699999447e+00,-3.952756082399999826e+01,-3.054834979500000003e+01,-2.873417891300000093e+01,-3.662315880799999945e+01,-2.242419713700000017e+01
7.353673673699999469e+00,-3.798118737499999753e+01,-3.047411855500000044e+01,-2.954936049699999856e+01,-3.614195872300000190e+01,-2.259468948800000021e+01
7.373683683699999492e+00,-3.949863254299999937e+01,-3.097407557300000036e+01,-2.993999621700000091e+01,-3.641939893800000050e+01,-2.297425437900000134e+01
7.393693693699999514e+00,-4.017352934800000241e+01,-3.149254704000000160e+01,-3.034846213300000173e+01,-3.590802553000000330e+01,-2.330683552100000000e+01
7.413703703699999537e+00,-3.966735612499999775e+01,-3.151888495300000059e+01,-2.996544362199999867e+01,-3.523672528400000203e+01,-2.351719578799999866e+01
7.433713713699999559e+00,-3.984837519799999939e+01,-3.097921761199999935e+01,-2.992779665600000172e+01,-3.631783086000000083e+01,-2.364544708800000095e+01
7.453723723699999582e+00,-4.028201397400000161e+01,-3.142386331499999841e+01,-3.001833504500000060e+01,-3.677878848200000306e+01,-2.385469426499999912e+01
7.473733733699999604e+00,-4.703117511300000331e+01,-3.172270668999999899e+01,-3.024628591700000158e+01,-3.626495958999999658e+01,-2.445127593100000141e+01
7.493743743699999627e+00,-4.139492325399999828e+01,-3.143818566099999856e+01,-3.031750802699999880e+01,-3.499516460499999937e+01,-2.516528937400000032e+01
7.513753753800000545e+00,-4.697374763500000228e+01,-3.296695001300000172e+01,-3.008527939500000059e+01,-3.593807789899999960e+01,-2.538664013400000030e+01
7.533763763800000568e+00,-4.874845731700000329e+01,-3.344018502899999845e+01,-2.974577483499999886e+01,-3.640593113900000333e+01,-2.621286926100000159e+01
7.553773773800000590e+00,-5.413415846699999889e+01,-3.363492729200000042e+01,-2.960744759500000001e+01,-3.647583325000000087e+01,-2.680096264199999823e+01
7.573783783800000613e+00,-4.424473294900000298e+01,-3.381796578000000153e+01,-2.984382984399999827e+01,-3.727036726899999763e+01,-2.826168557100000100e+01
7.593793793799999747e+00,-4.634947696700000108e+01,-3.402213622499999701e+01,-2.947940881899999965e+01,-3.726895526799999914e+01,-2.934993784599999955e+01
7.613803803799999770e+00,-5.017528068800000085e+01,-3.339576077400000287e+01,-2.964628822799999952e+01,-3.643233010499999835e+01,-3.061498593700000015e+01
7.633813813799999792e+00,-5.739357135099999851e+01,-3.613495484500000288e+01,-2.995701601300000050e+01,-3.751352993799999780e+01,-3.109281256099999879e+01
7.653823823799999815e+00,-5.663687776599999779e+01,-3.553537853000000268e+01,-2.963514818199999823e+01,-3.895392614000000009e+01,-3.261765901799999767e+01
7.673833833799999837e+00,-5.215836598300000304e+01,-3.553225164900000266e+01,-3.004862199100000097e+01,-3.834547100700000044e+01,-3.401720064199999882e+01
7.693843843799999860e+00,-5.175791598899999713e+01,-3.527038242999999795e+01,-3.020359936899999909e+01,-3.785094509999999701e+01,-3.521838814400000217e+01
7.713853853899999891e+00,-4.713025066099999805e+01,-3.672044739399999713e+01,-2.983898300099999901e+01,-3.797247915599999857e+01,-3.760986197900000150e+01
7.733863863899999913e+00,-6.244719079699999753e+01,-3.659256695700000250e+01,-2.873839699399999859e+01,-3.894797444900000016e+01,-4.022659301400000231e+01
7.753873873899999936e+00,-5.185861048999999667e+01,-3.780070152100000058e+01,-2.906580895200000114e+01,-3.979364638399999876e+01,-4.209412555600000161e+01
7.773883883899999958e+00,-5.235147007700000188e+01,-3.864457542699999948e+01,-2.988613948800000131e+01,-3.921790510400000329e+01,-4.657686952800000313e+01
7.793893893899999981e+00,-5.000304021499999862e+01,-3.768663721200000083e+01,-2.985343416399999938e+01,-3.869915444000000093e+01,-4.459519457900000106e+01
7.813903903900000003e+00,-5.076471886800000277e+01,-3.966619168599999767e+01,-3.023265852400000142e+01,-3.882212517600000012e+01,-4.555882121900000215e+01
7.833913913900000026e+00,-4.459628146400000048e+01,-4.010675627700000234e+01,-3.108430603000000048e+01,-3.954495993300000123e+01,-4.349325877799999773e+01
7.853923923900000048e+00,-5.549184260100000188e+01,-4.181604255799999947e+01,-3.107034140900000097e+01,-3.886574169200000028e+01,-3.835648124600000131e+01
7.873933933899999182e+00,-6.323359625700000208e+01,-4.491625661999999863e+01,-3.165823898700000072e+01,-3.977347596500000293e+01,-3.708059467399999676e+01
7.893943943899999205e+00,-5.235304103899999717e+01,-4.927507202500000005e+01,-3.128400416999999933e+01,-4.028972361200000307e+01,-3.549077136799999721e+01
7.913953954000000124e+00,-5.655815647099999666e+01,-4.455498541299999715e+01,-3.180344881899999976e+01,-4.230733416599999686e+01,-3.464137589199999923e+01
7.933963964000000146e+00,-5.981635433699999993e+01,-5.245267119799999733e+01,-3.261136754900000057e+01,-4.013613185799999883e+01,-3.298341565999999858e+01
7.953973974000000169e+00,-5.098385311999999914e+01,-4.906622164200000213e+01,-3.218572096999999843e+01,-4.309529971799999970e+01,-3.216968401999999827e+01
7.973983984000000191e+00,-5.195094535799999846e+01,-4.792570789900000250e+01,-3.279684330300000283e+01,-4.280901292400000102e+01,-3.082023836899999836e+01
7.993993994000000214e+00,-4.974609053199999664e+01,-4.642319657499999863e+01,-3.261878107700000129e+01,-4.467967961200000104e+01,-2.925238493299999831e+01
8.014004004000000236e+00,-5.152704109700000146e+01,-4.648747643299999766e+01,-3.291401175699999726e+01,-4.342552941600000338e+01,-2.865999052200000108e+01
8.034014014000000259e+00,-5.144586555499999747e+01,-5.133631172500000162e+01,-3.152953882699999966e+01,-4.453090793500000188e+01,-2.780436016399999843e+01
8.054024024000000281e+00,-5.400967293099999722e+01,-4.572015985099999824e+01,-3.103646216799999991e+01,-4.485714125999999879e+01,-2.745117057099999869e+01
8.074034034000000304e+00,-5.364349589300000076e+01,-4.143720181999999852e+01,-3.020401162299999953e+01,-4.661438480900000059e+01,-2.728064382399999843e+01
8.094044044000000326e+00,-5.125625950199999892e+01,-4.349906625100000213e+01,-2.969165013699999989e+01,-5.063534544499999868e+01,-2.701188335499999837e+01
8.114054054100000357e+00,-4.662896060799999987e+01,-4.380636575900000196e+01,-2.865909921200000099e+01,-6.099162813000000227e+01,-2.706195488999999910e+01
8.134064064100000380e+00,-5.543923016299999773e+01,-3.902850656700000087e+01,-2.854098076500000047e+01,-4.805138554500000225e+01,-2.678943846499999992e+01
8.154074074100000402e+00,-4.763540630399999998e+01,-3.988605838699999850e+01,-2.737109564700000064e+01,-4.882600591599999973e+01,-2.612271850300000153e+01
8.174084084100000425e+00,-4.356331065300000205e+01,-4.478969564199999809e+01,-2.731507325600000158e+01,-4.844713168799999892e+01,-2.554549466899999999e+01
8.194094094100000447e+00,-4.983029018900000295e+01,-3.935079513899999881e+01,-2.684651385200000107e+01,-4.583034499099999692e+01,-2.567850637100000100e+01
8.214104104100000470e+00,-4.674916234599999854e+01,-4.045875683599999917e+01,-2.650677496999999860e+01,-4.956644887000000210e+01,-2.519139299000000065e+01
8.234114114100000492e+00,-4.581954123900000297e+01,-3.861636451900000111e+01,-2.667164332600000165e+01,-4.608602419500000025e+01,-2.538155517099999869e+01
8.254124124100000515e+00,-4.212977698600000309e+01,-3.544492100499999765e+01,-2.692125261800000047e+01,-4.339282735799999813e+01,-2.468802398000000053e+01
8.274134134100000537e+00,-4.410087280100000129e+01,-4.224641116600000146e+01,-2.710172409200000132e+01,-5.033518647999999729e+01,-2.523774649199999942e+01
8.294144144100000560e+00,-4.703373267100000277e+01,-3.944748319199999997e+01,-2.819609146999999894e+01,-4.180886409699999717e+01,-2.519362299100000158e+01
8.314154154200000590e+00,-4.312456571100000247e+01,-4.164430314999999894e+01,-2.829730261799999980e+01,-4.325251764899999785e+01,-2.495131586500000154e+01
8.334164164200000613e+00,-4.573240938099999653e+01,-4.411436659000000304e+01,-3.037855814399999943e+01,-4.415386828599999802e+01,-2.477719767199999978e+01
8.354174174200000635e+00,-4.150696000100000305e+01,-4.070336071599999883e+01,-2.958532247999999854e+01,-4.541751624999999848e+01,-2.514151523399999988e+01
8.374184184200000658e+00,-4.386921255600000080e+01,-4.358785189900000034e+01,-3.082421977999999996e+01,-4.482468491899999918e+01,-2.538650727699999976e+01
8.394194194200000680e+00,-4.617608154799999909e+01,-4.469988274100000325e+01,-3.137522248599999841e+01,-4.594628516499999904e+01,-2.552368580199999926e+01
8.414204204199998927e+00,-4.231143962499999844e+01,-4.266950186599999739e+01,-3.361728583299999684e+01,-4.474888185799999718e+01,-2.629009387700000033e+01
8.434214214199998949e+00,-5.065196410299999741e+01,-4.409205856500000209e+01,-3.517966665200000165e+01,-4.544271656099999745e+01,-2.667003847300000174e+01
8.454224224199998972e+00,-4.411449390599999987e+01,-4.569643295200000210e+01,-3.763078015100000329e+01,-4.480902756199999715e+01,-2.686399648100000093e+01
8.474234234199998994e+00,-4.093673471400000352e+01,-4.205766962300000245e+01,-3.606215655199999759e+01,-4.984323049399999661e+01,-2.733790817399999895e+01
8.494244244199999017e+00,-4.477422310800000105e+01,-4.778043274600000245e+01,-3.817000435900000355e+01,-4.589827491799999848e+01,-2.789594809900000172e+01
8.514254254300000824e+00,-4.024239855300000102e+01,-4.517062423400000171e+01,-3.852144223199999828e+01,-5.205339042500000346e+01,-2.843513283600000108e+01
8.534264264300000846e+00,-4.199232257599999940e+01,-5.723038166199999921e+01,-3.855900773900000189e+01,-4.876673344900000018e+01,-2.856643148899999929e+01
8.554274274300000869e+00,-4.256652296099999688e+01,-4.230693069600000200e+01,-3.718301813200000083e+01,-4.760434878899999944e+01,-2.966755147699999995e+01
8.574284284300000891e+00,-4.744263442100000105e+01,-5.168958599399999798e+01,-3.744972002699999791e+01,-4.684511524999999921e+01,-2.969062108900000041e+01
8.594294294299999137e+00,-3.800469919199999680e+01,-4.334965855200000107e+01,-3.663378778100000233e+01,-4.291004249099999868e+01,-2.911336994099999842e+01
8.614304304299999160e+00,-4.515597680300000150e+01,-4.805828202200000021e+01,-3.688719123100000274e+01,-4.274438351399999902e+01,-2.923544847300000171e+01
8.634314314299999182e+00,-4.477313915100000230e+01,-5.393401126300000215e+01,-3.564791628500000087e+01,-4.164785242100000318e+01,-2.976100736300000094e+01
8.654324324299999205e+00,-4.540862625999999835e+01,-4.300196279099999686e+01,-3.874188967999999988e+01,-3.924099410200000193e+01,-2.940257667999999924e+01
8.674334334299999227e+00,-4.470037987199999918e+01,-4.793820076400000119e+01,-3.870393560600000171e+01,-3.784129655000000270e+01,-2.874383644899999979e+01
8.694344344299999250e+00,-5.153477236399999839e+01,-4.780798794399999707e+01,-3.968041909200000106e+01,-4.001799184200000070e+01,-2.875737534599999989e+01
8.714354354399999281e+00,-4.723091698999999721e+01,-4.590308246200000042e+01,-4.237736091800000082e+01,-3.872080380999999960e+01,-2.934923973100000083e+01
8.734364364399999303e+00,-4.816330725699999959e+01,-4.584139021499999700e+01,-4.201239995499999935e+01,-3.969856006300000217e+01,-2.862884451200000058e+01
8.754374374399999326e+00,-4.714811811300000244e+01,-5.609679899500000033e+01,-4.355964064100000144e+01,-3.842923630300000326e+01,-2.902956319600000157e+01
8.774384384399999348e+00,-5.088464397799999972e+01,-4.669921711899999650e+01,-4.649816757100000331e+01,-3.766580042500000047e+01,-3.049860786200000007e+01
8.794394394399999371e+00,-5.169134269100000267e+01,-5.170527378199999902e+01,-4.146566473499999717e+01,-3.916264861399999830e+01,-3.053706968799999899e+01
8.814404404399999393e+00,-5.447892609800000230e+01,-4.746031400399999711e+01,-4.078224343699999821e+01,-3.717579616799999798e+01,-3.089661798299999873e+01
8.834414414399999416e+00,-4.325252216399999838e+01,-4.678185031299999963e+01,-4.174281295299999783e+01,-3.743077341200000063e+01,-3.221967851899999857e+01
8.854424424399999438e+00,-4.596576427400000142e+01,-4.615079037600000333e+01,-3.640979765400000190e+01,-3.743124962200000283e+01,-3.216429628200000224e+01
8.874434434399999461e+00,-4.526134307000000234e+01,-5.956689355000000319e+01,-3.559942907300000314e+01,-3.712083916499999958e+01,-3.386128318000000093e+01
8.894444444399999483e+00,-4.122905461399999894e+01,-4.078594078799999778e+01,-3.595624746899999735e+01,-3.667441428499999745e+01,-3.364100086799999900e+01
8.914454454499999514e+00,-4.045564453000000071e+01,-4.507458848899999992e+01,-3.369482018899999787e+01,-3.813936776799999961e+01,-3.234243015599999893e+01
8.934464464499999536e+00,-3.962195112500000249e+01,-4.182852602500000216e+01,-3.144237729299999984e+01,-3.774148861999999838e+01,-3.039735291699999920e+01
8.954474474499999559e+00,-4.193437081799999788e+01,-4.019402861199999677e+01,-3.063247134099999869e+01,-3.928325593699999985e+01,-3.019885215500000086e+01
8.974484484499999581e+00,-4.197877794200000068e+01,-3.825128649599999875e+01,-2.960596516100000031e+01,-3.764653342100000089e+01,-2.904221517299999888e+01
8.994494494499999604e+00,-3.876685215199999845e+01,-3.994707361199999696e+01,-3.087052804700000053e+01,-3.687419773599999928e+01,-2.793838515599999894e+01
9.014504504499999626e+00,-3.811308738099999971e+01,-4.031963900800000289e+01,-3.057231950199999915e+01,-3.612556685700000259e+01,-2.646057108899999832e+01
9.034514514499999649e+00,-3.739142378599999716e+01,-3.777427330399999761e+01,-2.930866090499999999e+01,-3.641734303700000197e+01,-2.579068688899999984e+01
9.054524524499999671e+00,-3.423763001100000025e+01,-3.766103137300000014e+01,-2.932790683400000020e+01,-3.741554750899999959e+01,-2.487562065899999908e+01
9.074534534499999694e+00,-3.571872955100000269e+01,-4.303935074999999699e+01,-3.018008810499999939e+01,-3.725648910799999669e+01,-2.412778292899999855e+01
9.094544544499999716e+00,-3.294709191300000128e+01,-4.252558689899999678e+01,-3.046567196100000174e+01,-3.587915942299999728e+01,-2.367023974299999978e+01
9.114554554599999747e+00,-3.543734292399999930e+01,-4.081770068699999854e+01,-2.977321135700000099e+01,-3.836084460299999677e+01,-2.335902262100000115e+01
9.134564564599999770e+00,-3.271107632100000018e+01,-4.062844192400000054e+01,-3.070689392599999934e+01,-3.520405092899999744e+01,-2.237628331499999845e+01
9.154574574599999792e+00,-3.509985417899999760e+01,-5.335824376000000058e+01,-3.083601991000000098e+01,-3.560710377099999846e+01,-2.225933312300000111e+01
9.174584584599999815e+00,-3.205101386599999813e+01,-4.198874564999999848e+01,-3.060671199100000095e+01,-3.598975394299999664e+01,-2.256795187899999888e+01
9.194594594599999837e+00,-3.054187239599999870e+01,-4.190198216600000336e+01,-3.022118768600000038e+01,-3.534465768399999774e+01,-2.188164799000000116e+01
9.214604604599999860e+00,-3.205837159600000064e+01,-4.338905992600000161e+01,-2.940777095400000007e+01,-3.509557067899999794e+01,-2.206311076800000137e+01
9.234614614599999882e+00,-3.452413879499999894e+01,-3.895514297100000078e+01,-3.063320776300000148e+01,-3.392981015899999875e+01,-2.225726314099999925e+01
9.254624624599999905e+00,-3.121009281999999985e+01,-4.262016461200000350e+01,-2.981074793399999834e+01,-3.404279888699999645e+01,-2.238029092900000094e+01
9.274634634599999927e+00,-3.353869091699999672e+01,-4.442413869399999982e+01,-2.982438578000000007e+01,-3.408783772999999684e+01,-2.242118786099999994e+01
9.294644644599999950e+00,-3.303777621999999781e+01,-3.887458115700000150e+01,-2.930323552000000120e+01,-3.433539477600000112e+01,-2.293380280699999929e+01
9.314654654699999980e+00,-3.432054653299999813e+01,-3.969237515100000024e+01,-2.950912492499999829e+01,-3.560724595199999953e+01,-2.324213591099999832e+01
9.334664664700000003e+00,-3.494371840200000179e+01,-4.910813064199999900e+01,-2.959492535600000096e+01,-3.386036913899999945e+01,-2.436554038099999886e+01
9.354674674700000025e+00,-3.338358280500000319e+01,-4.231077829600000229e+01,-3.033411451599999964e+01,-3.614977319799999833e+01,-2.471577887000000118e+01
9.374684684700000048e+00,-3.303583563000000112e+01,-4.247064970099999925e+01,-2.997361274700000067e+01,-3.381772199499999942e+01,-2.553458357499999920e+01
9.394694694700000070e+00,-3.636603251300000039e+01,-4.683969877799999892e+01,-3.124630142899999896e+01,-3.576893947599999990e+01,-2.509373055200000024e+01
9.414704704700000093e+00,-4.033754759899999698e+01,-4.165865871199999759e+01,-3.291723044700000145e+01,-3.786407103100000171e+01,-2.590857542299999849e+01
9.434714714700000115e+00,-3.630317262399999834e+01,-4.658259738200000299e+01,-3.275002777699999967e+01,-3.718761520799999687e+01,-2.670125513800000050e+01
9.454724724700000138e+00,-3.714443847100000085e+01,-4.531662506199999996e+01,-3.307298745700000353e+01,-3.589675671100000187e+01,-2.732267780700000159e+01
9.474734734700000161e+00,-3.750543330699999700e+01,-4.510926200699999811e+01,-3.355659147200000092e+01,-3.760446866800000265e+01,-2.795537983399999860e+01
9.494744744700000183e+00,-4.065575609100000065e+01,-4.090292228500000249e+01,-3.608980085299999985e+01,-3.813681758700000302e+01,-2.876885090500000075e+01
9.514754754799998437e+00,-4.115570729299999897e+01,-4.016933640500000280e+01,-3.267137819199999882e+01,-3.698689714300000020e+01,-2.968104962099999966e+01
9.534764764799998460e+00,-4.382570972100000262e+01,-4.657809826799999797e+01,-3.546403058100000294e+01,-3.718333600599999755e+01,-2.995261758899999904e+01
9.554774774799998482e+00,-4.188802739599999825e+01,-4.389246404000000013e+01,-3.848651438000000269e+01,-3.553453077599999688e+01,-3.238838368999999773e+01
9.574784784799998505e+00,-3.968978022799999650e+01,-4.561214404700000102e+01,-3.988958643899999856e+01,-3.816919556100000221e+01,-3.149709949300000034e+01
9.594794794799998527e+00,-3.848497146399999735e+01,-4.057511234500000086e+01,-4.160430987099999811e+01,-3.761035309500000068e+01,-3.320909276999999804e+01
9.614804804799998550e+00,-4.327120848700000266e+01,-4.466847940499999936e+01,-4.298742525899999833e+01,-3.587508688500000176e+01,-3.436117969099999669e+01
9.634814814799998572e+00,-5.994496187299999690e+01,-4.020195600699999972e+01,-4.377320084600000172e+01,-3.697257106400000026e+01,-3.662095737100000292e+01
9.654824824799998595e+00,-4.309071770700000314e+01,-4.215696086399999842e+01,-4.440600131200000078e+01,-3.593867559800000322e+01,-3.818271761999999825e+01
9.674834834799998617e+00,-4.219279516900000004e+01,-3.850019905500000306e+01,-5.362727652699999936e+01,-3.747711009199999665e+01,-3.669761371700000296e+01
9.694844844799998640e+00,-3.725944939600000083e+01,-4.263712552799999855e+01,-4.609609652700000026e+01,-3.986806784400000225e+01,-3.863067022999999978e+01
9.714854854900000447e+00,-3.853651282999999950e+01,-4.600528020899999859e+01,-5.325001388799999802e+01,-3.638042649500000181e+01,-3.852453893199999868e+01
9.734864864900000470e+00,-3.821119982100000101e+01,-4.008892757200000290e+01,-4.942398533200000088e+01,-3.456727112400000124e+01,-3.805625945999999971e+01
9.754874874900000492e+00,-3.680580249900000211e+01,-4.258993127299999770e+01,-5.639909859699999828e+01,-3.645999996300000134e+01,-3.496145964299999775e+01
9.774884884899998738e+00,-3.942007063799999855e+01,-3.742796446700000246e+01,-4.874692257800000306e+01,-3.458395594800000339e+01,-3.413935825699999782e+01
9.794894894899998761e+00,-3.841749479799999989e+01,-4.491579868400000208e+01,-4.363364164099999698e+01,-3.356195706999999828e+01,-3.225656314100000088e+01
9.814904904899998783e+00,-4.234057313200000294e+01,-4.585676521700000308e+01,-4.116671702299999680e+01,-3.423957529199999783e+01,-3.165961328599999902e+01
9.834914914899998806e+00,-4.206371357799999799e+01,-4.592666057000000279e+01,-4.205052934700000122e+01,-3.234814012300000030e+01,-3.023737910699999887e+01
9.854924924899998828e+00,-3.978571635699999831e+01,-4.988303880699999837e+01,-4.003820491100000112e+01,-3.177864213899999868e+01,-3.008148072299999853e+01
9.874934934899998851e+00,-3.472278021999999709e+01,-4.860635951300000102e+01,-3.894412479900000079e+01,-3.145827772399999844e+01,-2.872956734599999962e+01
9.894944944899998873e+00,-4.599539188100000331e+01,-3.732752694799999915e+01,-3.866539011500000100e+01,-3.038004476300000078e+01,-2.740647494299999920e+01
9.914954955000000680e+00,-3.739204776799999763e+01,-5.912834443900000281e+01,-3.925196744299999807e+01,-2.994885596099999958e+01,-2.688766973699999951e+01
9.934964965000000703e+00,-3.543350189699999930e+01,-6.375216989999999839e+01,-3.965401408599999655e+01,-3.033590813400000030e+01,-2.694810469800000163e+01
9.954974975000000725e+00,-3.603336034299999824e+01,-4.288172538199999906e+01,-3.687924844599999830e+01,-3.054654847300000142e+01,-2.588226478700000044e+01
9.974984985000000748e+00,-3.339180473700000107e+01,-4.397761425699999904e+01,-3.806399878599999909e+01,-2.955787986099999998e+01,-2.596420889199999849e+01
9.994994995000000770e+00,-3.964892809199999846e+01,-4.464772236600000355e+01,-4.600603700399999951e+01,-2.943163556400000047e+01,-2.593776471099999981e+01
1.001500500500000079e+01,-3.393829907300000315e+01,-4.037567725200000268e+01,-4.355631042899999983e+01,-3.017187219499999884e+01,-2.600650061800000046e+01
1.003501501500000082e+01,-3.655690648299999879e+01,-4.362866667499999807e+01,-4.096301202499999761e+01,-2.996602599299999881e+01,-2.569406954100000107e+01
1.005502502500000084e+01,-3.242394731699999966e+01,-4.511378650099999987e+01,-3.950847980399999670e+01,-2.958758924400000012e+01,-2.567331087499999853e+01
1.007503503500000086e+01,-3.153553175900000127e+01,-3.777465776300000044e+01,-4.593377330399999892e+01,-2.941482375800000071e+01,-2.586356603500000162e+01
1.009504504500000088e+01,-3.374888840500000242e+01,-4.458269370699999712e+01,-3.878243906499999838e+01,-3.040695007600000110e+01,-2.634470655799999861e+01
1.011505505499999913e+01,-3.109272904399999859e+01,-4.500126479099999699e+01,-3.917416280700000186e+01,-2.883472258700000168e+01,-2.629516690799999878e+01
1.013506506499999915e+01,-3.603135376800000245e+01,-4.636489271399999978e+01,-3.779981137000000047e+01,-2.904830144599999997e+01,-2.524486145099999845e+01
1.015507507499999917e+01,-3.138098460100000153e+01,-4.335756989800000127e+01,-4.084682538399999885e+01,-2.917473601800000083e+01,-2.676117477000000022e+01
1.017508508499999920e+01,-2.948624901499999851e+01,-5.231350892900000105e+01,-3.738653463899999707e+01,-2.924241282999999925e+01,-2.781033265599999993e+01
1.019509509499999922e+01,-3.084528776200000166e+01,-5.447003437000000048e+01,-3.818839967400000290e+01,-3.009475326300000120e+01,-2.611010827599999828e+01
1.021510510499999924e+01,-3.405677625700000277e+01,-5.200230017100000168e+01,-3.921787092200000302e+01,-2.868879216499999885e+01,-2.842891507799999928e+01
1.023511511499999926e+01,-3.042827460299999842e+01,-3.747496349299999707e+01,-4.505989280000000008e+01,-2.918541044999999912e+01,-2.800937314400000133e+01
1.025512512499999929e+01,-2.816158549300000047e+01,-4.241058093400000217e+01,-4.528402136799999766e+01,-2.865712117600000042e+01,-2.879056257599999924e+01
1.027513513499999931e+01,-3.118676975200000001e+01,-3.883168649800000338e+01,-5.325141979299999662e+01,-2.798859758300000067e+01,-3.005665087899999932e+01
1.029514514499999933e+01,-3.213527603200000016e+01,-5.264849989500000049e+01,-4.040425376000000313e+01,-2.897539360000000030e+01,-3.258262244099999805e+01
1.031515515499999935e+01,-2.857739228899999873e+01,-4.895638163899999995e+01,-4.406614185000000106e+01,-2.848199889200000001e+01,-3.180651067200000170e+01
1.033516516499999938e+01,-3.121029749299999878e+01,-4.005154336799999726e+01,-4.207730932799999835e+01,-2.949730363600000160e+01,-3.215819511800000186e+01
1.035517517499999940e+01,-2.728073487500000027e+01,-4.151148380899999779e+01,-4.221533267899999942e+01,-2.838411023600000149e+01,-3.223397643300000226e+01
1.037518518499999942e+01,-2.892174487600000177e+01,-4.746032113399999730e+01,-4.172817863099999869e+01,-2.862738043799999943e+01,-3.358566446599999722e+01
1.039519519499999944e+01,-2.676785124399999916e+01,-4.003318570199999726e+01,-3.847544207699999674e+01,-2.858664465400000054e+01,-3.090677906899999883e+01
1.041520520499999947e+01,-2.841644931800000151e+01,-4.131473275500000142e+01,-3.631188131599999735e+01,-2.904297986199999926e+01,-3.268073164199999781e+01
1.043521521499999949e+01,-3.128002019199999850e+01,-3.601335421299999950e+01,-3.715033525799999836e+01,-2.955944616700000083e+01,-3.188996724200000088e+01
1.045522522499999951e+01,-2.808564340499999901e+01,-3.912580010700000344e+01,-3.973506690399999997e+01,-2.948416535200000155e+01,-3.187189063099999942e+01
1.047523523499999953e+01,-2.852808759499999880e+01,-4.384314412799999872e+01,-3.846948074600000211e+01,-3.076028068600000154e+01,-3.123537593700000059e+01
1.049524524499999956e+01,-2.856440929900000114e+01,-4.731634286700000303e+01,-3.657083258800000181e+01,-3.215106095499999839e+01,-3.185856433300000035e+01
1.051525525499999958e+01,-2.884800354200000072e+01,-4.359415995399999844e+01,-3.801611374899999873e+01,-2.991508096600000144e+01,-3.176009564299999965e+01
1.053526526499999960e+01,-2.942613589100000127e+01,-4.517455998100000159e+01,-3.858539100600000182e+01,-3.034462899500000077e+01,-3.156131151299999971e+01
1.055527527499999962e+01,-2.745919129600000019e+01,-4.791590226299999955e+01,-3.939875292499999659e+01,-3.123936308600000089e+01,-3.171637792099999942e+01
1.057528528499999965e+01,-2.986083718600000125e+01,-3.509331664799999828e+01,-3.656920631599999894e+01,-3.196073065399999891e+01,-3.049574852399999969e+01
1.059529529499999967e+01,-2.789599252800000073e+01,-4.607395693499999823e+01,-3.721348872699999788e+01,-2.950879994299999964e+01,-2.950223682100000033e+01
1.061530530499999969e+01,-2.996046117399999886e+01,-4.183092557799999867e+01,-5.186063183099999918e+01,-3.097038583200000161e+01,-2.858245301899999902e+01
1.063531531499999971e+01,-3.101784773400000006e+01,-3.981416129499999812e+01,-4.256314048099999781e+01,-3.007672025899999824e+01,-2.817044671800000089e+01
1.065532532499999974e+01,-2.989269463400000149e+01,-3.902512209599999693e+01,-3.879543489099999931e+01,-3.030779886899999909e+01,-2.731838731299999878e+01
1.067533533499999976e+01,-3.099148660499999863e+01,-4.927700803900000182e+01,-4.331526920099999955e+01,-2.931729170399999873e+01,-2.747579950900000156e+01
1.069534534499999978e+01,-3.267559513999999865e+01,-4.589095140399999906e+01,-4.143440640400000063e+01,-2.996816856799999940e+01,-2.773507567000000051e+01
1.071535535499999980e+01,-2.698434668599999853e+01,-5.956697556700000007e+01,-4.402294414600000039e+01,-2.878678424900000010e+01,-2.728649586799999938e+01
1.073536536499999983e+01,-3.126476370399999993e+01,-4.483572623700000293e+01,-4.516390828899999832e+01,-3.083928690700000175e+01,-2.536867681300000044e+01
1.075537537499999985e+01,-3.008250438099999968e+01,-4.905967858199999654e+01,-3.867954269700000225e+01,-3.042309579799999852e+01,-2.477474245599999847e+01
1.077538538499999987e+01,-3.130861377000000090e+01,-3.648338779499999873e+01,-5.112147129000000234e+01,-3.224224486500000353e+01,-2.644842418600000045e+01
1.079539539499999989e+01,-3.210221005199999667e+01,-3.897915830400000203e+01,-4.995154817400000269e+01,-3.019250949199999923e+01,-2.502389355400000071e+01
1.081540540499999992e+01,-3.123587792300000032e+01,-5.459426423299999698e+01,-5.519686545599999761e+01,-3.119463867700000037e+01,-2.469414088399999940e+01
1.083541541499999994e+01,-3.321784555899999702e+01,-4.088432392400000026e+01,-4.619270619899999986e+01,-3.180132962300000088e+01,-2.489915133199999886e+01
1.085542542499999996e+01,-3.168516082700000069e+01,-3.992896252199999907e+01,-5.348911065200000081e+01,-3.159768949700000107e+01,-2.570021078899999978e+01
1.087543543499999998e+01,-3.100382826699999939e+01,-3.570853216599999769e+01,-4.722642548500000004e+01,-3.072361104299999823e+01,-2.534887768899999827e+01
1.089544544500000001e+01,-3.065381800100000120e+01,-4.810120085999999873e+01,-4.077232244300000019e+01,-3.152564921000000098e+01,-2.583665662199999957e+01
1.091545545500000003e+01,-3.057626317400000104e+01,-3.750668118200000123e+01,-5.366377252800000264e+01,-2.954832311199999850e+01,-2.602313078899999965e+01
1.093546546500000005e+01,-3.312709846300000294e+01,-3.961109593199999779e+01,-5.155351992500000335e+01,-2.858857422999999898e+01,-2.550251233499999870e+01
1.095547547500000007e+01,-2.973792348699999977e+01,-3.359490394800000246e+01,-4.197844727999999748e+01,-2.855498186799999871e+01,-2.588614471700000053e+01
1.097548548500000010e+01,-3.586621521499999687e+01,-3.760377482300000196e+01,-4.195176300699999672e+01,-2.901739789899999877e+01,-2.748626207699999924e+01
1.099549549500000012e+01,-3.182105310000000031e+01,-5.409523307199999920e+01,-4.126462182499999898e+01,-2.730067150100000006e+01,-2.725966156000000140e+01
1.101550550600000022e+01,-2.997622511599999839e+01,-4.141414881800000103e+01,-4.293356669399999959e+01,-2.848100795499999904e+01,-2.915889868800000073e+01
1.103551551600000025e+01,-2.957140668999999988e+01,-3.605190290800000241e+01,-4.116530741300000074e+01,-2.662872597699999844e+01,-2.744682136699999830e+01
1.105552552600000027e+01,-3.122589749699999828e+01,-4.128357325199999650e+01,-3.806516018699999648e+01,-2.641155918300000138e+01,-2.726942667100000151e+01
1.107553553600000029e+01,-3.062322064399999988e+01,-3.720681535100000303e+01,-3.769414900799999657e+01,-2.662190450399999975e+01,-2.798268599800000089e+01
1.109554554600000031e+01,-3.157450520400000116e+01,-3.643543643999999659e+01,-3.417979580699999786e+01,-2.661530914300000106e+01,-2.808970136699999998e+01
1.111555555600000034e+01,-2.897156061400000127e+01,-3.797453348300000187e+01,-3.284505127399999935e+01,-2.615398458900000023e+01,-2.922884320600000052e+01
1.113556556600000036e+01,-3.035327718099999927e+01,-3.843839774599999970e+01,-3.358926947999999868e+01,-2.619478553300000101e+01,-2.907263311000000172e+01
1.115557557600000038e+01,-3.089074231800000092e+01,-3.753946051599999834e+01,-3.418430124199999653e+01,-2.538380395400000111e+01,-2.741101313400000095e+01
1.117558558600000040e+01,-3.083580443900000034e+01,-3.686707150499999841e+01,-3.441962667399999987e+01,-2.667120240499999895e+01,-2.798303910399999950e+01
1.119559559600000043e+01,-3.022551693500000169e+01,-3.595876580200000205e+01,-3.203942576299999700e+01,-2.555906702300000077e+01,-2.830935941399999933e+01
1.121560560600000045e+01,-3.196976357799999846e+01,-3.762611992099999725e+01,-3.378276568100000077e+01,-2.544293944200000013e+01,-2.821072434199999890e+01
1.123561561600000047e+01,-3.334989106399999770e+01,-3.523574014100000085e+01,-3.370793796600000292e+01,-2.607670126400000044e+01,-2.731502530299999876e+01
1.125562562600000049e+01,-3.355903670000000005e+01,-3.504687424099999760e+01,-3.541489622200000298e+01,-2.591609861499999923e+01,-2.999461920399999926e+01
1.127563563600000052e+01,-2.942976572599999940e+01,-3.827145512599999932e+01,-3.242080652199999946e+01,-2.692445928400000099e+01,-2.996831017399999908e+01
1.129564564600000054e+01,-3.176780491599999934e+01,-3.478165671099999656e+01,-3.143740813200000161e+01,-2.715429406200000173e+01,-2.923960550600000019e+01
1.131565565600000056e+01,-3.368256122900000094e+01,-3.330715861800000255e+01,-3.102625596300000055e+01,-2.738693626999999964e+01,-2.936060699000000085e+01
1.133566566600000058e+01,-3.390369126600000271e+01,-3.119394470499999983e+01,-3.040207312400000106e+01,-2.730324163899999945e+01,-3.020148186699999826e+01
1.135567567600000061e+01,-3.484308223800000093e+01,-3.520779271699999668e+01,-3.012054412999999897e+01,-2.743580085800000035e+01,-3.084116196600000137e+01
1.137568568600000063e+01,-3.692910792899999706e+01,-3.344234468599999843e+01,-3.040988567200000148e+01,-2.699446077099999997e+01,-2.995136240600000122e+01
1.139569569600000065e+01,-3.187075262400000142e+01,-3.385040223499999712e+01,-3.116419495199999901e+01,-2.650241795000000167e+01,-2.929872810499999858e+01
1.141570570600000067e+01,-3.211759735599999743e+01,-3.151763557900000023e+01,-3.083730964100000094e+01,-2.747482653599999836e+01,-3.352822151499999848e+01
1.143571571600000070e+01,-3.213020327400000298e+01,-3.142316131500000154e+01,-3.011993161299999855e+01,-2.794795647200000133e+01,-3.522687644300000187e+01
1.145572572600000072e+01,-3.287790184800000048e+01,-3.290021340599999888e+01,-3.061267843499999941e+01,-2.784251647700000021e+01,-3.801182875500000335e+01
1.147573573600000074e+01,-3.018993766799999889e+01,-3.431498595699999754e+01,-3.200775011000000347e+01,-2.824500543899999983e+01,-4.112154634299999856e+01
1.149574574600000076e+01,-3.847540971899999818e+01,-3.815466224200000056e+01,-3.107393038000000018e+01,-2.923222404199999858e+01,-3.866209988800000019e+01
1.151575575600000079e+01,-3.107918362399999879e+01,-3.717102865100000031e+01,-3.222185748599999755e+01,-2.912884787400000164e+01,-4.168346970399999663e+01
1.153576576600000081e+01,-3.629311000599999915e+01,-3.399915093300000279e+01,-3.313231848600000262e+01,-2.966541864399999895e+01,-4.197050200900000050e+01
1.155577577600000083e+01,-3.448328242600000237e+01,-4.175550790500000176e+01,-3.478124328199999837e+01,-2.965071454299999942e+01,-3.654842810699999944e+01
1.157578578600000085e+01,-3.213182943799999691e+01,-3.114315581199999983e+01,-3.258823646999999823e+01,-2.716458650399999897e+01,-3.741167740600000258e+01
1.159579579600000088e+01,-3.161896106200000034e+01,-3.897299032200000113e+01,-3.402091387299999781e+01,-2.959912872900000025e+01,-3.863599279999999681e+01
1.161580580599999912e+01,-3.192528875700000057e+01,-3.493890131999999937e+01,-3.590910184900000246e+01,-2.893168020999999968e+01,-3.619992842399999944e+01
1.163581581599999915e+01,-3.383601512199999917e+01,-3.972126623900000197e+01,-3.908457245999999685e+01,-2.904640501400000119e+01,-3.666802904800000107e+01
1.165582582599999917e+01,-3.256108434400000107e+01,-3.630577066099999684e+01,-3.464815923500000139e+01,-2.854067461100000003e+01,-3.620316377099999983e+01
1.167583583599999919e+01,-2.842169253899999859e+01,-3.605180249200000020e+01,-3.978419825099999940e+01,-2.771139755200000110e+01,-3.697989168800000215e+01
1.169584584599999921e+01,-3.251069055699999666e+01,-4.046372049600000054e+01,-4.228439171200000146e+01,-2.772004286099999959e+01,-3.709294363299999731e+01
1.171585585599999924e+01,-3.243717889799999909e+01,-4.345211586599999976e+01,-3.854498801599999780e+01,-2.832019512600000155e+01,-3.603013033599999915e+01
1.173586586599999926e+01,-2.998678457300000133e+01,-4.670501185300000202e+01,-4.151987641400000228e+01,-2.685923473900000147e+01,-3.604240289599999869e+01
1.175587587599999928e+01,-3.362325228499999952e+01,-3.957890902799999822e+01,-4.615958651700000104e+01,-2.798068906600000005e+01,-3.566536341500000162e+01
1.177588588599999930e+01,-3.549362471300000266e+01,-3.876255626799999732e+01,-4.583154482300000154e+01,-2.763962288200000117e+01,-3.632645265800000089e+01
1.179589589599999933e+01,-3.861972165699999948e+01,-3.718787998700000230e+01,-4.423602096300000142e+01,-2.708738111499999945e+01,-3.816850140999999752e+01
1.181590590599999935e+01,-3.071764309799999992e+01,-5.331462990499999677e+01,-4.644015158999999926e+01,-2.754344399100000018e+01,-3.748003938400000123e+01
1.183591591599999937e+01,-3.674543600100000162e+01,-4.430950601800000044e+01,-3.683039296199999768e+01,-2.669055537099999853e+01,-3.869599792999999721e+01
1.185592592599999939e+01,-3.356060001000000170e+01,-4.391973219100000136e+01,-3.974041954399999810e+01,-2.634776710299999891e+01,-3.429935340600000160e+01
1.187593593599999942e+01,-4.357728733300000101e+01,-4.523471571399999647e+01,-3.829193264900000315e+01,-2.699234438199999886e+01,-3.433459740699999685e+01
1.189594594599999944e+01,-3.817018174399999708e+01,-4.701516825800000277e+01,-4.470861203900000191e+01,-2.639984160899999921e+01,-3.735704443699999899e+01
1.191595595599999946e+01,-3.984471497300000209e+01,-4.013212718300000148e+01,-4.683381235000000231e+01,-2.581487963600000057e+01,-3.204649460699999963e+01
1.193596596599999948e+01,-4.109497441500000292e+01,-4.382047653299999723e+01,-4.737887190699999707e+01,-2.895686376700000153e+01,-3.570710963999999876e+01
1.195597597599999951e+01,-4.853885676299999830e+01,-3.901318297699999960e+01,-4.249455694600000299e+01,-2.626378135799999924e+01,-3.437645559300000286e+01
1.197598598599999953e+01,-3.523671231800000214e+01,-5.791534588300000053e+01,-3.483084728099999694e+01,-2.809318227600000029e+01,-3.489802021300000234e+01
1.199599599599999955e+01,-4.229089224500000199e+01,-3.761552654799999829e+01,-4.869927043999999938e+01,-2.710118322099999943e+01,-3.386901597199999969e+01
1.201600600599999957e+01,-4.138645092400000181e+01,-4.997572305799999981e+01,-3.803173430700000068e+01,-2.614446214999999896e+01,-3.313378295100000059e+01
1.203601601599999960e+01,-4.123784101199999697e+01,-3.938627646500000168e+01,-4.682952481000000233e+01,-2.782070354500000064e+01,-3.590272939799999818e+01
1.205602602599999962e+01,-4.313652755700000085e+01,-5.214958934399999890e+01,-4.340638135999999747e+01,-2.838296487099999865e+01,-3.347158759399999894e+01
1.207603603599999964e+01,-5.056012238999999653e+01,-4.498691096799999656e+01,-5.035228406400000267e+01,-2.687795660999999825e+01,-3.191725312899999878e+01
1.209604604599999966e+01,-4.188996191300000049e+01,-3.328686421700000153e+01,-3.458741025199999797e+01,-2.904229468400000158e+01,-4.195479791599999686e+01
1.211605605599999969e+01,-4.708136169400000171e+01,-4.977825389600000250e+01,-4.567638433900000194e+01,-2.736715347499999851e+01,-4.635560133399999927e+01
1.213606606599999971e+01,-3.359936118499999935e+01,-3.830307096599999994e+01,-3.662246387599999764e+01,-2.662256013200000027e+01,-3.836652264300000326e+01
1.215607607599999973e+01,-4.200993485699999752e+01,-4.219712572299999920e+01,-3.881532427599999835e+01,-2.666840260000000029e+01,-3.850836199599999787e+01
1.217608608599999975e+01,-4.730052290599999765e+01,-3.833314286899999956e+01,-3.882552951600000313e+01,-2.666253223100000014e+01,-4.234524457399999875e+01
1.219609609599999978e+01,-4.374207793499999752e+01,-4.895031040399999966e+01,-3.952636441800000000e+01,-2.726350936200000064e+01,-4.214449798799999769e+01
1.221610610599999980e+01,-3.978810530199999818e+01,-3.811280448200000137e+01,-4.162999002899999823e+01,-2.680995410499999920e+01,-5.393507273699999871e+01
1.223611611599999982e+01,-3.187939979900000154e+01,-3.361350168999999966e+01,-3.947988359099999656e+01,-2.669436478400000112e+01,-4.708359416100000061e+01
1.225612612599999984e+01,-3.459992555200000197e+01,-3.459257261300000152e+01,-4.085009619699999917e+01,-2.698811546499999992e+01,-5.090967194400000295e+01
1.227613613599999987e+01,-3.222234788099999747e+01,-3.279160187000000093e+01,-3.864712801400000330e+01,-2.726753743700000143e+01,-6.883910441499999422e+01
1.229614614599999989e+01,-4.128856166500000313e+01,-4.012080895199999730e+01,-3.650377863300000314e+01,-2.841166064400000124e+01,-3.674578552500000228e+01
1.231615615599999991e+01,-3.928872941400000229e+01,-3.384002274499999885e+01,-3.655843693900000346e+01,-2.680210834200000036e+01,-3.878166915399999937e+01
1.233616616599999993e+01,-3.425711841999999763e+01,-3.919383601799999894e+01,-4.309098155899999938e+01,-2.739871460599999864e+01,-3.763870821300000102e+01
1.235617617599999996e+01,-3.015216394000000122e+01,-3.528297159800000315e+01,-4.025199355400000201e+01,-2.684124779600000110e+01,-3.785339720199999647e+01
1.237618618599999998e+01,-3.066125756499999966e+01,-3.172463143199999891e+01,-3.844600652999999824e+01,-2.729684854599999966e+01,-3.744449435700000350e+01
1.239619619600000000e+01,-3.285145248100000259e+01,-3.450683135999999962e+01,-3.511729213699999974e+01,-2.914489178199999841e+01,-3.129720192899999986e+01
1.241620620600000002e+01,-3.490383960799999841e+01,-3.102132140699999852e+01,-3.556024724499999934e+01,-2.778486854999999878e+01,-4.010807304299999743e+01
1.243621621600000005e+01,-4.495638478600000099e+01,-3.562059165800000216e+01,-3.840047698000000054e+01,-2.643239756599999879e+01,-3.626279696400000319e+01
1.245622622600000007e+01,-3.132790748200000053e+01,-3.201145520099999686e+01,-4.488784961799999706e+01,-2.747953390400000018e+01,-3.688464715399999960e+01
1.247623623600000009e+01,-2.880055134999999922e+01,-3.133074831600000110e+01,-3.648327458499999665e+01,-2.849617791000000011e+01,-3.425032525799999661e+01
1.249624624600000011e+01,-3.638580583400000279e+01,-3.339447505700000107e+01,-3.457692192100000028e+01,-2.614386502800000045e+01,-3.450825920700000182e+01
1.251625625600000014e+01,-4.040615445800000316e+01,-3.630479307000000233e+01,-4.160564804500000236e+01,-2.780518088899999896e+01,-3.277400901800000099e+01
1.253626626600000016e+01,-3.190429684600000115e+01,-3.584764167200000173e+01,-4.365789438499999875e+01,-2.653150919300000155e+01,-3.170776996700000083e+01
1.255627627600000018e+01,-3.410810572100000115e+01,-3.188307491300000152e+01,-3.327064743599999730e+01,-2.596327394400000088e+01,-3.128900006199999950e+01
1.257628628600000020e+01,-2.972967787299999998e+01,-5.201772940600000084e+01,-3.527385885799999699e+01,-2.734799380300000138e+01,-3.194811318500000041e+01
1.259629629600000023e+01,-3.781131638400000128e+01,-3.144733165899999960e+01,-3.522805994000000140e+01,-2.715616344500000068e+01,-3.184327178099999855e+01
1.261630630600000025e+01,-3.420075131499999799e+01,-3.673224208900000320e+01,-3.405254469199999789e+01,-2.684811345299999985e+01,-3.275497786999999761e+01
1.263631631600000027e+01,-3.373817995900000000e+01,-4.204001283000000200e+01,-3.061723633900000152e+01,-2.710324759899999947e+01,-3.068412370100000075e+01
1.265632632600000029e+01,-3.738817107599999900e+01,-3.671407991200000254e+01,-3.137417586600000163e+01,-2.510523878700000111e+01,-2.996113085800000064e+01
1.267633633600000032e+01,-2.787159628099999864e+01,-5.863305735200000157e+01,-3.019460329600000037e+01,-2.699159307000000041e+01,-3.036167026200000052e+01
1.269634634600000034e+01,-3.398570519799999801e+01,-3.122915434600000140e+01,-2.968998230000000049e+01,-2.757907035899999926e+01,-2.836220918600000118e+01
1.271635635600000036e+01,-3.063722460500000011e+01,-4.182605698900000135e+01,-3.278167962599999896e+01,-2.846948150300000080e+01,-2.929960540900000154e+01
1.273636636600000038e+01,-3.833841087199999720e+01,-5.561598633199999853e+01,-3.059886013299999874e+01,-2.936958093599999842e+01,-3.019888966999999980e+01
1.275637637600000041e+01,-3.789812856399999674e+01,-3.678150047100000108e+01,-2.993853744600000155e+01,-2.982131070899999870e+01,-3.573653094099999805e+01
1.277638638600000043e+01,-3.299140945300000283e+01,-4.095602177699999658e+01,-3.146709549299999864e+01,-2.716086955400000136e+01,-2.856335193900000036e+01
1.279639639600000045e+01,-3.640741547300000036e+01,-3.156780202599999896e+01,-3.013432301699999982e+01,-3.011458501099999907e+01,-3.126494185600000009e+01
1.281640640600000047e+01,-3.460647534999999664e+01,-3.282585485799999958e+01,-3.116565816600000005e+01,-2.870679069599999877e+01,-3.056154094100000052e+01
1.283641641600000050e+01,-2.889153365299999976e+01,-3.648183047799999912e+01,-3.004733269800000173e+01,-2.883475595299999839e+01,-3.207304340099999962e+01
1.285642642600000052e+01,-3.373432177000000110e+01,-4.609625147599999906e+01,-2.878209980500000142e+01,-2.920489514599999836e+01,-3.211557656499999780e+01
1.287643643600000054e+01,-2.957059356199999911e+01,-3.482888224999999949e+01,-3.410494813399999714e+01,-3.076291207399999905e+01,-3.205182038600000283e+01
1.289644644600000056e+01,-3.707025335600000204e+01,-4.191918686300000019e+01,-3.485509262499999750e+01,-2.945538162300000096e+01,-3.102134637500000025e+01
1.291645645600000059e+01,-3.360978937600000194e+01,-3.839019765300000131e+01,-3.654389792100000278e+01,-2.878155765600000038e+01,-3.745820707699999730e+01
1.293646646600000061e+01,-3.642179344800000251e+01,-4.015385465300000334e+01,-3.224065323300000330e+01,-3.171949432399999935e+01,-3.457476756100000159e+01
1.295647647600000063e+01,-3.443976539100000167e+01,-4.104864132899999873e+01,-3.305252389300000004e+01,-3.114752396600000139e+01,-4.141020783399999772e+01
1.297648648600000065e+01,-4.149310853499999752e+01,-3.719659923700000093e+01,-3.549849138900000156e+01,-2.963481581799999987e+01,-3.420846900400000123e+01
1.299649649600000068e+01,-3.836350876499999885e+01,-4.470540613000000008e+01,-3.384137542599999904e+01,-3.118529029700000166e+01,-3.776220451799999722e+01
1.301650650700000078e+01,-3.525235408599999687e+01,-4.541208300400000297e+01,-3.430451148299999886e+01,-2.980758513099999973e+01,-3.570912626100000153e+01
1.303651651700000080e+01,-3.430586037999999860e+01,-3.499804899000000091e+01,-3.387183157500000164e+01,-3.498563282199999946e+01,-3.334016985899999952e+01
1.305652652700000083e+01,-3.056113370499999959e+01,-3.675507953599999666e+01,-3.789278060299999851e+01,-3.314783589000000319e+01,-4.291050563099999948e+01
1.307653653700000085e+01,-3.117719798399999931e+01,-3.226601760999999868e+01,-3.102574124299999880e+01,-3.382736071299999736e+01,-3.509931592800000288e+01
1.309654654700000087e+01,-3.340994801099999734e+01,-4.734305687700000220e+01,-3.158757670199999978e+01,-3.600157692900000228e+01,-3.562386002800000284e+01
1.311655655699999912e+01,-2.726717052600000102e+01,-4.925156669399999743e+01,-3.230847326100000316e+01,-3.056910999999999845e+01,-3.683150233700000342e+01
1.313656656699999914e+01,-2.723000893600000083e+01,-3.724941564899999946e+01,-3.160462588700000097e+01,-3.288881718100000029e+01,-3.166865316000000163e+01
1.315657657699999916e+01,-3.385823273999999827e+01,-4.502676962299999985e+01,-3.020367482700000039e+01,-3.559031822800000100e+01,-3.360620671800000281e+01
1.317658658699999918e+01,-2.974981623600000091e+01,-3.424295319899999868e+01,-3.087578682199999847e+01,-3.303521081699999939e+01,-3.551710113699999738e+01
1.319659659699999921e+01,-3.215433909400000090e+01,-3.646121517699999970e+01,-2.985409831200000141e+01,-3.238505685100000164e+01,-3.369751589700000238e+01
1.321660660699999923e+01,-3.720447433799999715e+01,-4.002378193399999873e+01,-3.322284458899999748e+01,-3.342880402800000184e+01,-3.530867996199999936e+01
1.323661661699999925e+01,-3.946723166400000338e+01,-3.488120412899999678e+01,-3.022775537500000098e+01,-3.975927081500000071e+01,-3.662841599600000109e+01
1.325662662699999927e+01,-3.998505576200000178e+01,-4.607724729400000285e+01,-3.094232079000000013e+01,-3.968393002500000222e+01,-3.746379008899999974e+01
1.327663663699999930e+01,-3.190611227200000144e+01,-3.343065069099999675e+01,-3.160073893099999864e+01,-3.618304287299999800e+01,-3.250891177999999826e+01
1.329664664699999932e+01,-3.404212085199999649e+01,-4.530126115899999917e+01,-3.455137119599999806e+01,-3.328119466300000084e+01,-3.267634294799999850e+01
1.331665665699999934e+01,-4.614921622699999659e+01,-4.174009942400000028e+01,-3.215363942700000166e+01,-3.482347310600000156e+01,-3.681045792300000130e+01
1.333666666699999936e+01,-3.432516828299999645e+01,-3.325363129299999798e+01,-3.179690973900000017e+01,-3.853137145499999860e+01,-3.779782246199999918e+01
1.335667667699999939e+01,-3.383359460500000182e+01,-4.205317226199999681e+01,-3.091624171300000157e+01,-3.201259488800000241e+01,-3.856843773599999992e+01
1.337668668699999941e+01,-4.107609497499999662e+01,-4.674909544199999800e+01,-3.131956478000000033e+01,-4.136097568699999982e+01,-3.646554727600000234e+01
1.339669669699999943e+01,-3.631455134699999832e+01,-3.706172342400000019e+01,-3.152350284699999960e+01,-3.279587892400000015e+01,-4.108715849200000036e+01
1.341670670699999945e+01,-3.773563938699999909e+01,-4.035649944499999719e+01,-3.346101839399999989e+01,-3.490000884799999881e+01,-3.597795059100000259e+01
1.343671671699999948e+01,-4.464961216300000046e+01,-3.786505161000000186e+01,-3.218131373899999659e+01,-3.317839833099999680e+01,-3.555108429100000222e+01
1.345672672699999950e+01,-2.988753024600000074e+01,-3.701911514700000083e+01,-3.163144814199999999e+01,-3.467219444100000203e+01,-3.140144339300000098e+01
1.347673673699999952e+01,-4.639058783200000136e+01,-3.769945376500000123e+01,-2.971826797700000000e+01,-3.270853217199999818e+01,-3.407612230400000186e+01
1.349674674699999954e+01,-3.970122560099999731e+01,-4.589396989099999757e+01,-3.373542859999999877e+01,-3.211367034999999959e+01,-3.308020438300000166e+01
1.351675675699999957e+01,-3.811384143899999799e+01,-3.917679780400000311e+01,-3.123018317900000085e+01,-3.038132403199999843e+01,-3.395174137400000092e+01
1.353676676699999959e+01,-3.554494674000000032e+01,-4.109378688099999977e+01,-2.974017041600000155e+01,-3.762563521300000247e+01,-2.898376119099999926e+01
1.355677677699999961e+01,-3.131287162799999990e+01,-3.616023283599999871e+01,-2.964433525100000111e+01,-3.265573403799999852e+01,-3.147200913400000033e+01
1.357678678699999963e+01,-3.101290476300000165e+01,-4.411736780500000066e+01,-3.480872281399999935e+01,-3.895905373400000116e+01,-3.010721523999999860e+01
1.359679679699999966e+01,-3.249269909400000245e+01,-3.233287727399999767e+01,-2.984983679500000164e+01,-3.681830832299999656e+01,-3.273876417700000019e+01
1.361680680699999968e+01,-4.512683679799999936e+01,-4.013198495000000321e+01,-3.304047711700000178e+01,-3.244511049399999791e+01,-3.047513409700000153e+01
1.363681681699999970e+01,-4.153614661299999966e+01,-3.466276816199999899e+01,-3.154516246300000049e+01,-3.128764490900000084e+01,-2.899173504199999840e+01
1.365682682699999972e+01,-3.083590597999999972e+01,-3.987619187199999971e+01,-3.157350413400000022e+01,-3.945681799199999773e+01,-2.821915434099999942e+01
1.367683683699999975e+01,-3.629358092900000088e+01,-4.184755992400000224e+01,-3.110433795399999823e+01,-3.530682522899999753e+01,-2.987033534800000112e+01
1.369684684699999977e+01,-4.526364088300000077e+01,-4.731509291599999756e+01,-3.017137934999999871e+01,-3.463590074199999691e+01,-2.784631939599999839e+01
1.371685685699999979e+01,-3.506093627999999995e+01,-3.268699493300000114e+01,-3.265255632499999905e+01,-3.549698516200000142e+01,-2.906900934900000166e+01
1.373686686699999981e+01,-4.267524925899999744e+01,-4.019892410799999993e+01,-2.958398133000000030e+01,-3.527614098800000164e+01,-2.807306502499999823e+01
1.375687687699999984e+01,-3.461582233899999750e+01,-4.692487639499999830e+01,-3.391006046799999751e+01,-3.597048080100000078e+01,-2.781839461099999866e+01
1.377688688699999986e+01,-5.010530503199999686e+01,-4.663118634599999979e+01,-3.221823040400000338e+01,-3.912570572999999996e+01,-3.630155928100000295e+01
1.379689689699999988e+01,-3.912842961799999841e+01,-4.503240148199999737e+01,-3.090450063600000163e+01,-3.524651928600000161e+01,-3.076670691099999999e+01
1.381690690699999990e+01,-2.612344201200000171e+01,-3.979410286000000241e+01,-3.100430333399999938e+01,-5.233401511999999656e+01,-3.112364434799999913e+01
1.383691691699999993e+01,-3.513024013500000109e+01,-3.495278734200000059e+01,-3.890615212699999859e+01,-3.920176263999999833e+01,-3.526221257099999917e+01
1.385692692699999995e+01,-4.503228150500000027e+01,-3.333935143899999787e+01,-3.220807949999999664e+01,-3.312630036600000238e+01,-2.878911894499999846e+01
1.387693693699999997e+01,-3.207269253100000128e+01,-4.078622065599999758e+01,-3.385787329000000057e+01,-3.462910116799999827e+01,-3.364712404899999854e+01
1.389694694699999999e+01,-4.146515301699999867e+01,-3.150706089599999871e+01,-3.230182875999999936e+01,-3.935692455600000272e+01,-3.231739876599999661e+01
1.391695695700000002e+01,-4.664481239599999896e+01,-4.891978704800000344e+01,-2.991025177399999890e+01,-3.187979604299999892e+01,-3.213545100599999671e+01
1.393696696700000004e+01,-3.669248233599999764e+01,-3.600290133099999679e+01,-3.063263440200000076e+01,-3.861197944500000290e+01,-3.348080755099999806e+01
1.395697697700000006e+01,-3.411039803799999959e+01,-3.440049877599999917e+01,-2.977789765500000030e+01,-2.924953739600000091e+01,-3.396617212599999647e+01
1.397698698700000008e+01,-2.970196557999999953e+01,-3.437775776000000150e+01,-3.069734019799999913e+01,-3.451708839100000148e+01,-3.454945843299999808e+01
1.399699699700000011e+01,-3.786467798099999982e+01,-4.932892840000000234e+01,-3.507425316999999865e+01,-3.191333421199999876e+01,-3.527318833300000023e+01
1.401700700700000013e+01,-3.294405819100000343e+01,-3.192675020100000083e+01,-2.897296280500000165e+01,-3.327141921399999802e+01,-3.075622253299999898e+01
1.403701701700000015e+01,-4.839068238899999841e+01,-4.121750672000000293e+01,-3.019652171999999979e+01,-3.321109238500000060e+01,-3.840088181000000134e+01
1.405702702700000017e+01,-3.646250990699999761e+01,-3.312123226399999965e+01,-3.032274016099999869e+01,-3.421818349000000126e+01,-3.621644704100000212e+01
1.407703703700000020e+01,-4.077098766499999982e+01,-3.876869121800000073e+01,-2.771742876200000083e+01,-3.647614873199999863e+01,-3.418256801300000092e+01
1.409704704700000022e+01,-3.259359571200000261e+01,-3.727892355699999882e+01,-2.917548956699999962e+01,-3.115158848100000100e+01,-3.069741447999999906e+01
1.411705705700000024e+01,-4.283947379100000319e+01,-3.848120103400000147e+01,-2.960425301200000092e+01,-3.128534530399999980e+01,-2.968420341299999876e+01
1.413706706700000026e+01,-3.814081064799999865e+01,-4.109662578900000085e+01,-3.192032096100000160e+01,-3.243231583000000029e+01,-2.914261395000000121e+01
1.415707707700000029e+01,-3.955645384400000353e+01,-4.428658198600000162e+01,-3.052701940600000086e+01,-3.604282458000000133e+01,-3.482729564800000333e+01
1.417708708700000031e+01,-3.314828179100000227e+01,-3.803329623500000167e+01,-3.033098450499999998e+01,-4.514633819699999862e+01,-3.157647905399999999e+01
1.419709709700000033e+01,-3.153522956100000130e+01,-4.159807031900000140e+01,-2.945537059700000171e+01,-3.078729072599999839e+01,-3.240854428099999751e+01
1.421710710700000035e+01,-4.187570644200000203e+01,-4.975714841399999955e+01,-3.017233345400000033e+01,-3.446784597599999955e+01,-3.180835812000000118e+01
1.423711711700000038e+01,-3.596808233899999863e+01,-3.508429023499999744e+01,-2.765522772699999976e+01,-3.056751894399999969e+01,-2.966448189700000171e+01
1.425712712700000040e+01,-4.039957575799999745e+01,-3.822691995000000276e+01,-3.016585181599999999e+01,-3.714072496699999704e+01,-2.913519737000000021e+01
1.427713713700000042e+01,-4.077120156499999837e+01,-3.789170939699999963e+01,-3.062874407400000010e+01,-3.550932447699999983e+01,-2.797820136600000041e+01
1.429714714700000044e+01,-4.455807022199999778e+01,-4.394852829300000252e+01,-2.864284631299999972e+01,-3.939232217800000058e+01,-2.822378667699999966e+01
1.431715715700000047e+01,-3.662263717199999746e+01,-3.031218026799999876e+01,-2.845923794300000154e+01,-4.122744827700000059e+01,-2.897601540200000159e+01
1.433716716700000049e+01,-3.786179317700000269e+01,-3.752711793000000284e+01,-3.279014133999999814e+01,-3.466130663999999939e+01,-2.617059256599999983e+01
1.435717717700000051e+01,-3.511896002799999650e+01,-3.203164877500000074e+01,-2.936057946200000046e+01,-4.315973327599999720e+01,-2.592406144399999945e+01
1.437718718700000053e+01,-5.330180790600000051e+01,-4.930372313899999881e+01,-3.202970561200000077e+01,-3.810731163399999843e+01,-2.981019103899999934e+01
1.439719719700000056e+01,-3.779541053999999889e+01,-4.448367764000000335e+01,-3.086601948499999892e+01,-4.376447440300000125e+01,-2.895980338400000065e+01
1.441720720700000058e+01,-3.723057228700000110e+01,-3.273148262699999833e+01,-3.547632069899999863e+01,-3.638834842400000014e+01,-2.816104990799999896e+01
1.443721721700000060e+01,-3.554887817699999886e+01,-3.655158541600000177e+01,-3.263091911499999753e+01,-3.424099938999999893e+01,-2.840270426100000023e+01
1.445722722700000062e+01,-3.242149996500000242e+01,-4.748915271700000318e+01,-3.066822921700000038e+01,-3.706596183500000308e+01,-2.735134742900000049e+01
1.447723723700000065e+01,-3.533884919599999819e+01,-3.992186359499999782e+01,-3.044901122899999990e+01,-4.341495935300000042e+01,-2.672027042699999910e+01
1.449724724700000067e+01,-4.478997876799999744e+01,-3.599534228499999955e+01,-3.146957865799999965e+01,-4.182005926200000090e+01,-2.992397078400000154e+01
1.451725725700000069e+01,-3.650606124699999810e+01,-3.232757486599999908e+01,-3.199264271799999904e+01,-4.274591109100000352e+01,-2.955615999300000141e+01
1.453726726700000071e+01,-3.371622795700000097e+01,-3.114636168699999885e+01,-3.280395753399999847e+01,-3.745609831899999875e+01,-3.515140750799999836e+01
1.455727727700000074e+01,-3.711093469699999758e+01,-3.401932220799999840e+01,-3.299474578499999922e+01,-4.718325578200000336e+01,-2.942333408600000055e+01
1.457728728700000076e+01,-3.943020300999999961e+01,-5.361561747999999739e+01,-3.069620330500000094e+01,-3.801759622600000199e+01,-2.410981088899999847e+01
1.459729729700000078e+01,-3.482253790000000038e+01,-3.670138190499999808e+01,-3.058951262800000137e+01,-3.873430143499999900e+01,-2.997091411299999919e+01
1.461730730700000080e+01,-5.411584830700000026e+01,-4.521339134000000115e+01,-2.988660923600000174e+01,-3.653146511399999952e+01,-2.801439664999999835e+01
1.463731731700000083e+01,-4.257407564700000080e+01,-3.500558624100000316e+01,-3.294777389499999742e+01,-3.490098692000000113e+01,-2.844099959400000088e+01
1.465732732700000085e+01,-3.474157351699999907e+01,-3.442189758199999972e+01,-3.047670578600000013e+01,-4.146385294699999946e+01,-2.707418240000000154e+01
1.467733733700000087e+01,-3.278142291000000341e+01,-3.699067543499999999e+01,-3.854049005699999952e+01,-4.314142876900000090e+01,-2.429016955100000175e+01
1.469734734699999912e+01,-3.431700256900000312e+01,-4.743223226199999942e+01,-4.191881091399999804e+01,-3.945022165099999967e+01,-2.396301929599999880e+01
1.471735735699999914e+01,-3.521154968399999774e+01,-3.292764306600000168e+01,-3.373198201699999998e+01,-3.583260943900000228e+01,-2.489918212299999922e+01
1.473736736699999916e+01,-4.428535307700000345e+01,-3.700861294100000265e+01,-3.009101306799999875e+01,-3.560394275499999850e+01,-2.289439255199999934e+01
1.475737737699999919e+01,-3.259153407200000174e+01,-3.946069986199999846e+01,-2.947309742799999910e+01,-4.144389090699999656e+01,-2.641774718599999972e+01
1.477738738699999921e+01,-3.368596037799999721e+01,-3.866354938599999969e+01,-3.400266762399999720e+01,-4.284546639599999907e+01,-2.470822574099999969e+01
1.479739739699999923e+01,-3.650761368100000226e+01,-3.124352818599999893e+01,-3.298533756900000213e+01,-6.427290856700000177e+01,-2.239482677799999877e+01
1.481740740699999925e+01,-4.398446083500000015e+01,-3.754807526399999773e+01,-3.472221099600000116e+01,-4.544566085600000349e+01,-3.172749568600000103e+01
1.483741741699999928e+01,-3.860062774200000035e+01,-3.176359325099999964e+01,-3.340399677599999961e+01,-4.870871493799999996e+01,-2.157872600600000013e+01
1.485742742699999930e+01,-3.526198998600000323e+01,-2.898327208899999974e+01,-3.261903311500000058e+01,-3.438416336800000295e+01,-2.238409410999999949e+01
1.487743743699999932e+01,-3.410417825300000061e+01,-4.007615967499999954e+01,-3.335416194799999801e+01,-4.085330166499999649e+01,-2.522287190699999826e+01
1.489744744699999934e+01,-3.075698678199999847e+01,-3.422431860599999709e+01,-3.283828969399999664e+01,-3.643062303699999660e+01,-2.028610104299999861e+01
1.491745745699999937e+01,-3.641753403399999911e+01,-4.514173207799999687e+01,-3.186536048900000040e+01,-3.394759941400000258e+01,-2.277867991100000111e+01
1.493746746699999939e+01,-3.465488053199999996e+01,-3.851632502100000011e+01,-2.741226232100000004e+01,-4.521939095500000150e+01,-1.978677061400000170e+01
1.495747747699999941e+01,-4.297036979100000309e+01,-3.134358111399999913e+01,-3.188002049900000046e+01,-3.974874282900000111e+01,-1.971975356600000140e+01
1.497748748699999943e+01,-3.528263767400000006e+01,-3.274026822999999808e+01,-3.033336119399999831e+01,-3.767777328300000050e+01,-2.411359146999999936e+01
1.499749749699999946e+01,-3.193129778100000138e+01,-3.812577584400000319e+01,-3.006388719399999943e+01,-4.124273019799999673e+01,-2.080232267299999904e+01
1.501750750799999956e+01,-3.477412099099999665e+01,-3.443313432200000079e+01,-2.533230872600000083e+01,-4.716246796800000141e+01,-2.231607452600000130e+01
1.503751751799999958e+01,-5.620355077300000346e+01,-3.469095106299999998e+01,-2.613025458899999975e+01,-4.275053635399999763e+01,-2.532491042099999845e+01
1.505752752799999961e+01,-3.192294709400000130e+01,-5.028444018100000079e+01,-2.836426407900000157e+01,-4.117377049899999975e+01,-2.279025289799999854e+01
1.507753753799999963e+01,-3.012003807399999999e+01,-4.087802602099999660e+01,-2.481403670199999922e+01,-3.819011609500000048e+01,-2.115872909500000176e+01
1.509754754799999965e+01,-3.668610599499999836e+01,-3.690761865799999697e+01,-2.573768148799999977e+01,-3.418443310400000001e+01,-2.180814564199999950e+01
1.511755755799999967e+01,-3.434424587200000190e+01,-4.653721978000000092e+01,-2.385497695300000132e+01,-3.866285851300000331e+01,-2.661470178100000084e+01
1.513756756799999970e+01,-3.798326916799999964e+01,-3.950113970099999960e+01,-2.478386222199999978e+01,-4.231330789500000122e+01,-2.492490711299999973e+01
1.515757757799999972e+01,-3.595848452999999978e+01,-5.043626464900000173e+01,-2.642817045700000023e+01,-4.023242642099999955e+01,-2.239797676799999948e+01
1.517758758799999974e+01,-3.832929349799999841e+01,-3.288359326799999849e+01,-2.627590105000000165e+01,-3.352579691599999734e+01,-2.401280390999999881e+01
1.519759759799999976e+01,-3.632120244800000108e+01,-3.855768550999999889e+01,-2.901722051500000177e+01,-4.626922514099999972e+01,-2.384745206699999898e+01
1.521760760799999979e+01,-3.477016761200000161e+01,-3.452168251599999849e+01,-2.523568561000000088e+01,-3.659265569899999804e+01,-3.038949686500000169e+01
1.523761761799999981e+01,-3.399430023400000067e+01,-3.631142693200000338e+01,-2.660241342599999825e+01,-4.691972384400000351e+01,-2.708966938300000038e+01
1.525762762799999983e+01,-5.559600048899999791e+01,-3.535348728400000340e+01,-2.734458660700000010e+01,-3.802586991100000091e+01,-2.461858406800000054e+01
1.527763763799999985e+01,-1.434503739600000038e+01,-2.777694636000000017e+01,-3.132802654199999992e+01,-2.757703813199999843e+01,-2.625507894600000114e+01
1.529764764799999988e+01,-3.741535234199999849e+01,-2.827970806300000106e+01,-2.679385594700000084e+01,-4.051206039000000203e+01,-2.653654107699999898e+01
1.531765765799999990e+01,-4.644455577800000157e+01,-3.075815080899999998e+01,-3.009255114200000136e+01,-4.277531083699999925e+01,-2.056228656000000043e+01
1.533766766799999992e+01,-3.514641386000000267e+01,-3.469787672199999662e+01,-2.738380061699999857e+01,-3.572726648599999777e+01,-2.584484689199999963e+01
1.535767767799999994e+01,-4.275045092399999902e+01,-2.973806070799999901e+01,-2.680780895199999847e+01,-4.481169798300000195e+01,-2.547622764200000134e+01
1.537768768799999997e+01,-3.420671995800000076e+01,-3.220206216100000063e+01,-2.784474732600000024e+01,-3.299870094799999976e+01,-2.801763018500000157e+01
1.539769769799999999e+01,-3.284986109500000140e+01,-4.112751309800000143e+01,-3.014592087500000162e+01,-4.068229414099999985e+01,-2.669170044999999902e+01
1.541770770800000001e+01,-3.810588924000000333e+01,-3.843809432700000173e+01,-3.117721426099999960e+01,-4.107885298699999765e+01,-2.566745565200000101e+01
1.543771771800000003e+01,-3.697363642700000241e+01,-3.589237981499999819e+01,-2.764504281099999972e+01,-4.139825363900000355e+01,-2.787181979500000040e+01
1.545772772800000006e+01,-2.744231665899999939e+01,-3.195466499999999854e+01,-2.736356786300000010e+01,-4.545709353899999883e+01,-2.935830063199999884e+01
1.547773773800000008e+01,-4.731069954200000183e+01,-3.428364785000000126e+01,-2.578531090999999975e+01,-3.978248813199999745e+01,-2.705326093600000092e+01
1.549774774800000010e+01,-3.099844675499999980e+01,-3.870463676699999667e+01,-2.677185607199999851e+01,-5.053111699600000151e+01,-3.029420896699999943e+01
1.551775775800000012e+01,-2.959434160300000016e+01,-3.525327554300000088e+01,-3.166218322199999946e+01,-4.385375529200000244e+01,-2.815461680299999969e+01
1.553776776800000015e+01,-3.901799135800000329e+01,-3.811978069900000321e+01,-2.776081769399999999e+01,-4.321645053799999658e+01,-3.054428455800000108e+01
1.555777777800000017e+01,-2.631289924500000055e+01,-3.004235496100000091e+01,-2.901966058300000029e+01,-6.001617025600000233e+01,-2.803905044000000046e+01
1.557778778800000019e+01,-3.304774522600000353e+01,-4.622326030800000041e+01,-2.831916706399999839e+01,-4.404487148900000193e+01,-3.003810301300000063e+01
1.559779779800000021e+01,-3.139089500700000102e+01,-3.727954071399999947e+01,-3.068048539000000119e+01,-3.722988224000000201e+01,-3.675813137299999767e+01
1.561780780800000024e+01,-3.042082027300000036e+01,-3.098740759700000069e+01,-2.772513533100000060e+01,-4.504601672199999740e+01,-3.401543510599999820e+01
1.563781781800000026e+01,-2.892482336300000156e+01,-5.287877032299999769e+01,-2.912597692800000004e+01,-3.741852094499999737e+01,-2.786589388999999883e+01
1.565782782800000028e+01,-3.870077956299999755e+01,-4.213864455499999906e+01,-2.962115366300000119e+01,-3.485264149199999650e+01,-2.577769145999999978e+01
1.567783783800000030e+01,-3.488877722099999801e+01,-4.175562679600000138e+01,-3.245147626899999693e+01,-3.473667178899999897e+01,-3.205258278000000161e+01
1.569784784800000033e+01,-3.213096311999999699e+01,-3.480482065000000347e+01,-3.271813125199999917e+01,-3.509890965900000026e+01,-2.440692684400000090e+01
1.571785785800000035e+01,-3.208562103399999899e+01,-3.716417029499999813e+01,-3.032994899599999883e+01,-3.876036634900000166e+01,-2.626867060800000075e+01
1.573786786800000037e+01,-3.111470541499999953e+01,-3.675468051099999656e+01,-2.875063438999999832e+01,-3.273887169399999664e+01,-3.179909010400000113e+01
1.575787787800000039e+01,-3.542836466400000006e+01,-3.019633741000000171e+01,-3.316006482400000266e+01,-3.062258282599999859e+01,-2.805926627699999898e+01
1.577788788800000042e+01,-3.351788357200000235e+01,-4.059832586400000309e+01,-2.692407939799999994e+01,-3.667364184299999863e+01,-3.161576419100000024e+01
1.579789789800000044e+01,-3.048514678000000089e+01,-3.004895810100000020e+01,-3.912672152700000083e+01,-3.724916360699999984e+01,-2.473438272199999943e+01
1.581790790800000046e+01,-3.782510366099999999e+01,-3.209773480300000159e+01,-2.897957995200000170e+01,-3.832659069099999982e+01,-2.548040575099999927e+01
1.583791791800000048e+01,-3.791616852599999987e+01,-4.980672536299999820e+01,-2.650582855300000062e+01,-3.475254577700000169e+01,-3.390162449500000008e+01
1.585792792800000051e+01,-2.711269516999999851e+01,-3.597217458400000112e+01,-2.846643279199999910e+01,-3.492952633899999881e+01,-2.695709089600000041e+01
1.587793793800000053e+01,-3.476258796599999812e+01,-3.207845185400000076e+01,-2.982475567099999836e+01,-3.364186554199999790e+01,-3.092772258500000149e+01
1.589794794800000055e+01,-3.192851039900000032e+01,-3.990103281799999735e+01,-2.535148487800000083e+01,-3.405218967700000121e+01,-3.313945463700000005e+01
1.591795795800000057e+01,-3.604372594899999882e+01,-3.340401869800000156e+01,-2.596372209900000172e+01,-3.175649046399999875e+01,-2.543327374200000079e+01
1.593796796800000060e+01,-2.924068631600000145e+01,-5.254578268400000240e+01,-2.722118805799999919e+01,-3.415386775099999994e+01,-2.952617754199999922e+01
1.595797797800000062e+01,-2.652409571600000149e+01,-4.323000686400000347e+01,-2.632059404800000024e+01,-4.822909962199999967e+01,-3.319243631599999844e+01
1.597798798800000064e+01,-3.356321697399999948e+01,-3.345562056800000050e+01,-2.651645394499999853e+01,-3.453879256900000172e+01,-3.314696141799999651e+01
1.599799799800000066e+01,-2.962518592800000050e+01,-3.379005671600000227e+01,-2.812611185100000100e+01,-4.239301977099999874e+01,-2.838630964600000084e+01
1.601800800799999891e+01,-1.797728816800000118e+01,-3.008088028499999922e+01,-2.488935152999999900e+01,-3.280627094799999810e+01,-2.960084074399999921e+01
1.603801801799999893e+01,-2.243539563399999892e+01,-2.737033250600000045e+01,-2.712265042399999970e+01,-3.368846169199999707e+01,-2.951853764199999830e+01
1.605802802799999895e+01,-3.407228471500000211e+01,-3.178228475299999900e+01,-2.671828699199999946e+01,-3.620780197300000225e+01,-2.832459885400000132e+01
1.607803803799999898e+01,-2.741863547499999854e+01,-3.486107164999999952e+01,-2.678290938600000004e+01,-3.122025425400000032e+01,-3.163507646500000092e+01
1.609804804799999900e+01,-3.921685130600000235e+01,-3.297261156599999765e+01,-2.872378810200000032e+01,-3.212576560699999817e+01,-3.059208788700000170e+01
1.611805805799999902e+01,-2.941754454499999838e+01,-3.352761334099999857e+01,-2.491215441499999983e+01,-3.060998048900000157e+01,-2.867742261800000136e+01
1.613806806799999904e+01,-3.166595552600000119e+01,-3.324942228500000141e+01,-2.310468262499999881e+01,-3.306267064299999703e+01,-2.865807072999999860e+01
1.615807807799999907e+01,-2.760020532400000093e+01,-3.143159201899999999e+01,-2.337274525500000166e+01,-3.854096493899999842e+01,-3.025780197499999957e+01
1.617808808799999909e+01,-2.644467821099999938e+01,-3.413595136699999699e+01,-2.421897516900000014e+01,-3.562201865099999765e+01,-2.766288480900000124e+01
1.619809809799999911e+01,-2.615753832600000095e+01,-4.486380853800000068e+01,-2.954731207100000034e+01,-3.485261394300000148e+01,-3.010567039000000022e+01
1.621810810799999913e+01,-2.833794081599999970e+01,-3.766770535199999870e+01,-2.558637923299999883e+01,-3.659603815500000223e+01,-2.342740475700000147e+01
1.623811811799999916e+01,-4.174018941300000307e+01,-3.443136596800000149e+01,-2.830930528800000090e+01,-3.422467788000000155e+01,-2.595934769400000164e+01
1.625812812799999918e+01,-3.636626540000000318e+01,-3.417745280199999769e+01,-3.001878333699999857e+01,-5.613647528700000322e+01,-2.465615666800000128e+01
1.627813813799999920e+01,-3.403900147299999901e+01,-4.959452401600000115e+01,-3.348407740399999710e+01,-3.252810346199999714e+01,-2.436106637199999980e+01
1.629814814799999922e+01,-2.499928669399999848e+01,-3.924866880999999807e+01,-3.011283264700000117e+01,-3.086759743200000017e+01,-2.508768639099999831e+01
1.631815815799999925e+01,-2.941037430200000102e+01,-3.617590474600000050e+01,-2.605526973899999987e+01,-3.727241141399999691e+01,-2.071496935000000050e+01
1.633816816799999927e+01,-2.858069724599999972e+01,-3.141765823300000093e+01,-2.882711865599999967e+01,-4.513609580100000329e+01,-2.493033602299999885e+01
1.635817817799999929e+01,-3.074680324699999900e+01,-3.468088180699999867e+01,-2.715068859200000162e+01,-4.537974552200000034e+01,-2.789466794999999877e+01
1.637818818799999931e+01,-2.895052925299999913e+01,-4.362108095499999649e+01,-2.802812421599999837e+01,-3.995813803099999717e+01,-2.531397432300000006e+01
1.639819819799999934e+01,-3.109988072799999870e+01,-3.908296000600000042e+01,-3.107793532799999880e+01,-3.325847247200000112e+01,-2.589659617599999919e+01
1.641820820799999936e+01,-2.568664460300000130e+01,-2.708791697799999909e+01,-2.433479629400000022e+01,-2.469761146999999823e+01,-2.780896090699999945e+01
1.643821821799999938e+01,-3.481454102000000006e+01,-4.163027247699999833e+01,-2.745552742399999957e+01,-3.509713001299999746e+01,-2.195240044699999871e+01
1.645822822799999940e+01,-2.263250635900000063e+01,-3.523548817700000058e+01,-2.986788352800000013e+01,-2.889515468600000148e+01,-2.496616986300000107e+01
1.647823823799999943e+01,-3.912344462699999781e+01,-2.749256480000000025e+01,-3.491330266199999954e+01,-3.181531974399999996e+01,-3.154473831099999970e+01
1.649824824799999945e+01,-3.281368724800000081e+01,-3.352420269099999928e+01,-2.858092233200000010e+01,-3.055995434900000163e+01,-2.141493124300000161e+01
1.651825825799999947e+01,-3.515929111799999873e+01,-3.638851052999999780e+01,-2.688711415199999877e+01,-3.044162390299999998e+01,-2.403417498900000027e+01
1.653826826799999949e+01,-2.989896906999999970e+01,-3.297841773700000090e+01,-2.805936049900000029e+01,-3.242244107300000167e+01,-1.992334554400000002e+01
1.655827827799999952e+01,-3.163346369699999983e+01,-3.532673283199999759e+01,-3.698333305799999948e+01,-3.136560533999999834e+01,-2.475661257899999868e+01
1.657828828799999954e+01,-2.253280512499999944e+01,-4.124073788399999785e+01,-2.635618909400000121e+01,-2.947011119800000145e+01,-2.157545991299999955e+01
1.659829829799999956e+01,-3.083898468900000012e+01,-3.095373770699999838e+01,-2.975203288200000173e+01,-3.019153498600000063e+01,-2.511502278900000107e+01
1.661830830799999958e+01,-3.639234315800000275e+01,-4.340330812900000268e+01,-2.742994868399999930e+01,-2.741782891700000135e+01,-2.417278679400000030e+01
1.663831831799999961e+01,-2.563488624300000041e+01,-3.403981931599999911e+01,-2.972139041599999842e+01,-3.067148051599999903e+01,-2.427063925199999872e+01
1.665832832799999963e+01,-2.800789881000000037e+01,-4.312945076799999811e+01,-2.962231589399999976e+01,-3.496743004500000040e+01,-2.391958596199999931e+01
1.667833833799999965e+01,-2.797679661999999823e+01,-3.750724331800000044e+01,-2.912978487299999841e+01,-3.255670125599999665e+01,-2.257685301800000133e+01
1.669834834799999967e+01,-2.963677244499999830e+01,-2.972501978600000072e+01,-3.107017729500000058e+01,-3.583472333400000309e+01,-2.230860846099999861e+01
1.671835835799999970e+01,-3.207572979199999708e+01,-3.633846049400000311e+01,-2.551220640800000083e+01,-2.953463066899999845e+01,-2.410227704200000076e+01
1.673836836799999972e+01,-2.881591573300000064e+01,-3.876896486100000061e+01,-3.703166776199999788e+01,-3.003274412700000084e+01,-2.676041758799999926e+01
1.675837837799999974e+01,-2.446357757699999880e+01,-3.422426210500000110e+01,-2.580547449999999898e+01,-3.404513585800000186e+01,-2.689090636699999948e+01
1.677838838799999976e+01,-3.812073604599999754e+01,-2.787558936399999965e+01,-2.816016212699999954e+01,-3.319590158599999796e+01,-2.437417206499999978e+01
1.679839839799999979e+01,-3.385948461699999967e+01,-2.768659728200000103e+01,-2.535867528600000043e+01,-3.056291669499999841e+01,-2.425843036599999891e+01
1.681840840799999981e+01,-3.629184697400000204e+01,-4.462085137799999757e+01,-2.762267882200000102e+01,-2.804848805499999997e+01,-3.099434065399999838e+01
1.683841841799999983e+01,-3.297398309900000157e+01,-3.334834511799999746e+01,-2.779101067799999925e+01,-3.227551100200000178e+01,-2.292166813500000089e+01
1.685842842799999985e+01,-9.523632922999999195e+00,-3.639985353600000195e+01,-2.991373519500000100e+01,-2.856581904800000160e+01,-2.200305346900000103e+01
1.687843843799999988e+01,-3.004402785799999975e+01,-3.990940076799999758e+01,-2.830438989599999999e+01,-2.939494183500000091e+01,-2.129067090099999859e+01
1.689844844799999990e+01,-3.220750134600000081e+01,-4.837427347999999938e+01,-2.791844650299999842e+01,-2.926509577499999892e+01,-2.695453465800000004e+01
1.691845845799999992e+01,-4.265967881499999947e+01,-5.500686722500000059e+01,-2.822692433799999989e+01,-3.366054214900000119e+01,-2.882827089799999953e+01
1.693846846799999994e+01,-1.894873074499999888e+01,-4.021724561500000306e+01,-2.610920812000000168e+01,-2.510214864299999959e+01,-2.623629234299999879e+01
1.695847847799999997e+01,-3.995419413799999830e+01,-2.886606895399999928e+01,-2.835211604299999877e+01,-2.788771922200000120e+01,-2.274394372100000083e+01
1.697848848799999999e+01,-3.225502558600000214e+01,-3.781888549600000005e+01,-2.626387248800000052e+01,-3.422248779000000241e+01,-2.751859629799999851e+01
1.699849849800000001e+01,-2.832024218300000129e+01,-3.677518014700000037e+01,-1.949640931100000074e+01,-2.398733881700000126e+01,-3.018502732500000008e+01
1.701850850900000012e+01,-2.634171162399999844e+01,-5.469004936200000344e+01,-2.448311627600000051e+01,-2.818714138700000049e+01,-2.585652377699999960e+01
1.703851851900000014e+01,-3.350840082399999886e+01,-2.558881034499999885e+01,-2.534870211499999826e+01,-2.667577037799999928e+01,-2.564485043999999903e+01
1.705852852900000016e+01,-3.565320086700000246e+01,-3.984573449700000225e+01,-2.646701456999999991e+01,-3.133365913800000158e+01,-2.059961457500000037e+01
1.707853853900000018e+01,-3.498620418800000209e+01,-4.009095694500000207e+01,-2.697294204399999984e+01,-3.654214065400000067e+01,-3.210638889999999890e+01
1.709854854900000021e+01,-2.506952601500000100e+01,-2.696972048599999994e+01,-2.813812836600000011e+01,-2.439085363999999956e+01,-2.407286766500000041e+01
1.711855855900000023e+01,-4.231374652699999928e+01,-3.935336920400000338e+01,-3.549042514300000306e+01,-2.623489021800000032e+01,-2.442998601300000061e+01
1.713856856900000025e+01,-4.266448213099999975e+01,-3.753225210499999775e+01,-2.678434394499999982e+01,-3.317199950199999847e+01,-2.525227861700000176e+01
1.715857857900000027e+01,-2.919920205200000041e+01,-3.045452126400000026e+01,-2.738814690199999902e+01,-2.245063873000000143e+01,-2.950246525700000078e+01
1.717858858900000030e+01,-4.188908310600000107e+01,-4.050158315499999873e+01,-2.491332815899999886e+01,-3.562765147399999677e+01,-1.913815030099999959e+01
1.719859859900000032e+01,-5.612193272100000030e+01,-5.060155723999999822e+01,-3.153130734599999840e+01,-2.735013611200000128e+01,-2.073645048599999896e+01
1.721860860900000034e+01,-2.659246728800000170e+01,-3.179221012400000035e+01,-2.838224138500000038e+01,-3.056070893200000071e+01,-2.399836175600000132e+01
1.723861861900000036e+01,-3.496091315000000321e+01,-3.220794289399999855e+01,-3.199706982000000011e+01,-3.656235696600000296e+01,-2.551919454000000087e+01
1.725862862900000039e+01,-2.744510445599999926e+01,-3.755466563600000285e+01,-2.961384161300000173e+01,-3.218930818799999827e+01,-2.750970120199999869e+01
1.727863863900000041e+01,-3.162933373699999962e+01,-2.920263836799999879e+01,-2.507022832599999873e+01,-3.283794367400000169e+01,-3.180744726400000033e+01
1.729864864900000043e+01,-2.917289097200000114e+01,-3.361660763599999768e+01,-2.280806063100000003e+01,-3.143510317599999837e+01,-1.606276832200000015e+01
1.731865865900000045e+01,-3.091172120499999920e+01,-3.208621077800000165e+01,-2.551204567899999986e+01,-4.022180729200000115e+01,-1.336840423700000002e+01
1.733866866900000048e+01,-4.098567271299999959e+01,-3.687483224199999654e+01,-2.689940962400000046e+01,-2.454103302300000067e+01,-2.264949088699999891e+01
1.735867867900000050e+01,-3.987495211600000289e+01,-3.822073673399999905e+01,-3.510685885800000250e+01,-3.496858162400000225e+01,-3.641681741699999719e+01
1.737868868900000052e+01,-2.981055000899999996e+01,-3.470000356700000310e+01,-2.954866893000000161e+01,-3.181729880800000032e+01,-3.488896352700000136e+01
1.739869869900000054e+01,-4.137537280499999781e+01,-3.272372440600000232e+01,-3.431220889099999738e+01,-2.722164567300000115e+01,-2.644546722899999835e+01
1.741870870900000057e+01,-4.185013108100000068e+01,-2.494764427100000148e+01,-2.218596830899999972e+01,-2.271644643699999833e+01,-1.523851686399999927e+01
1.743871871900000059e+01,-3.972396602599999937e+01,-3.563646012400000274e+01,-3.023026106900000087e+01,-3.350255288200000336e+01,-2.935732004999999845e+01
1.745872872900000061e+01,-3.196819675600000110e+01,-3.628644689800000123e+01,-2.525608109999999940e+01,-2.239121732499999951e+01,-2.110940292300000110e+01
1.747873873900000063e+01,-3.364691217200000040e+01,-3.455098860300000041e+01,-2.318426267499999938e+01,-2.665829860199999857e+01,-1.728071295299999832e+01
1.749874874900000066e+01,-3.252487965800000325e+01,-3.688010446700000244e+01,-2.646480311899999904e+01,-2.892865714199999871e+01,-1.918742643499999900e+01
1.751875875900000068e+01,-3.897772618900000197e+01,-3.245452353200000317e+01,-2.827827026499999974e+01,-3.814426349400000049e+01,-2.292782143699999864e+01
1.753876876900000070e+01,-3.268518925600000102e+01,-4.544244328900000340e+01,-2.219079396000000060e+01,-3.035680874099999826e+01,-1.345505532800000026e+01
1.755877877900000072e+01,-2.537593271100000081e+01,-3.258746885000000049e+01,-2.572659840800000097e+01,-3.405750121599999858e+01,-1.971790619800000144e+01
1.757878878900000075e+01,-3.149264977099999996e+01,-2.606300316700000153e+01,-1.813627626999999976e+01,-1.732327051100000048e+01,-2.804699755900000113e+01
1.759879879900000077e+01,-3.250454697400000015e+01,-3.336506820299999987e+01,-2.720608247099999843e+01,-3.916205481499999763e+01,-2.058656944799999877e+01
1.761880880900000079e+01,-1.901522072899999927e+01,-3.370570870499999927e+01,-2.104767375500000171e+01,-3.412953177499999668e+01,-1.433114329600000048e+01
1.763881881900000081e+01,-3.602258379700000290e+01,-2.960029955899999976e+01,-2.412288009599999938e+01,-3.465534438499999936e+01,-2.393952512299999924e+01
1.765882882900000084e+01,-4.435390622100000257e+01,-3.188537682899999837e+01,-2.523684265900000057e+01,-3.352551134000000133e+01,-2.342542069399999960e+01
1.767883883900000086e+01,-3.082620786000000024e+01,-3.147763879600000081e+01,-2.148732348700000117e+01,-3.889482799299999982e+01,-2.621321712399999981e+01
1.769884884900000088e+01,-4.012534629700000011e+01,-3.778736738799999983e+01,-2.897569492899999943e+01,-3.907912392600000118e+01,-1.640349033400000067e+01
1.771885885900000090e+01,-4.697193113899999872e+01,-3.886331788999999759e+01,-1.713061903499999872e+01,-2.305389908800000143e+01,-2.801445023099999876e+00
1.773886886900000093e+01,-3.181512747700000077e+01,-2.772730106599999900e+01,-1.983754615499999829e+01,-3.054923747200000150e+01,-1.704804420399999998e+01
1.775887887900000095e+01,-3.834329199100000096e+01,-2.822611955900000069e+01,-2.876484085699999937e+01,-2.182407438199999916e+01,-2.583303729500000046e+01
1.777888888900000097e+01,-3.080366048200000151e+01,-3.475361173099999945e+01,-3.679303847300000285e+01,-2.488117960199999956e+01,-1.832574276000000069e+01
1.779889889900000099e+01,-2.492093936799999909e+01,-3.497372338000000269e+01,-1.766183423300000044e+01,-2.044967173999999943e+01,-1.385045090300000048e+01
1.781890890900000102e+01,-4.108854630999999813e+01,-4.397552295799999911e+01,-2.964591024199999936e+01,-3.503718810400000194e+01,-2.887340249100000023e+01
1.783891891900000104e+01,-6.470088427500000705e+01,-4.118080073200000157e+01,-2.780222022099999890e+01,-2.609495017200000078e+01,-2.557720108699999884e+01
1.785892892900000106e+01,-3.142692447299999969e+01,-3.740635691699999654e+01,-3.198628218300000015e+01,-2.649892497800000157e+01,-1.758589733599999860e+01
1.787893893900000108e+01,-3.774993967000000339e+01,-3.287725510899999648e+01,-3.306462323000000225e+01,-3.222410679699999747e+01,-2.752486896199999933e+01
1.789894894900000111e+01,-3.480207836099999952e+01,-3.516818644300000329e+01,-2.545476571300000046e+01,-3.155222196000000068e+01,-2.523353752099999880e+01
1.791895895900000113e+01,-3.818257795400000276e+01,-3.607168128200000012e+01,-2.215412255200000047e+01,-2.295731312099999855e+01,-2.525826354499999837e+01
1.793896896900000115e+01,-3.917548340300000120e+01,-2.268113403499999947e+01,-5.749674646999999972e+00,-4.959950795200000151e+00,-2.048431829800000159e+01
1.795897897900000117e+01,-3.097264196300000094e+01,-3.993051545699999849e+01,-2.170929809500000118e+01,-2.253140458800000090e+01,-2.454156300500000043e+01
1.797898898900000120e+01,-3.030122903299999848e+01,-1.344277900600000031e+01,-2.648065888700000059e+01,-2.917324567000000002e+01,-2.203166295200000135e+01
1.799899899900000122e+01,-3.514200617299999863e+01,-4.181192314399999788e+01,-2.764230948299999824e+01,-3.689577482499999661e+01,-2.155355081100000092e+01
1.801900900900000124e+01,-3.527679507199999875e+01,-2.679717039799999867e+01,-2.054187158599999918e+01,-1.742529565499999933e+01,-2.072342188500000049e+01
1.803901901900000126e+01,-3.360330964399999942e+01,-4.187493120399999924e+01,-2.625715883100000170e+01,-2.459982376600000009e+01,-2.521595652699999945e+01
1.805902902900000129e+01,-4.520735600900000151e+01,-4.521024836499999822e+01,-2.550656804799999833e+01,-4.048014987500000217e+01,-2.622326931799999983e+01
1.807903903900000131e+01,-3.621790427100000187e+01,-3.890989877399999841e+01,-2.024274381200000050e+01,-2.648701426799999936e+01,-3.169547799400000088e+01
1.809904904900000133e+01,-3.400411291300000016e+01,-2.685389756600000055e+01,-2.359780213399999838e+01,-2.498521863099999862e+01,-2.435877842100000024e+01
1.811905905900000135e+01,-2.951522069299999984e+01,-9.998631213399999496e+00,-2.693487592299999989e+01,-2.573694750299999967e+01,-2.196954004899999902e+01
1.813906906900000138e+01,-3.908983183600000189e+01,-4.421931466099999852e+01,-2.344229228700000078e+01,-2.677431758999999900e+01,-1.936208392600000039e+01
1.815907907900000140e+01,-2.558799261500000100e+01,-3.122654253299999993e+01,-3.753965032600000029e+01,-2.220257296999999852e+01,-2.826194653299999970e+01
1.817908908900000142e+01,-4.808847163400000113e+01,-4.282108676200000019e+01,-2.134157551899999916e+01,-2.508799632299999871e+01,-2.515890308299999845e+01
1.819909909900000144e+01,-3.529256748000000243e+01,-3.538523401399999813e+01,-2.277865354800000119e+01,-2.917846183300000007e+01,-1.784491339499999896e+01
1.821910910900000147e+01,-3.936915327199999837e+01,-3.823267430500000330e+01,-2.740861062100000112e+01,-2.721598166500000104e+01,-3.032997064699999967e+01
1.823911911900000149e+01,-3.972636302000000086e+01,-3.772966895999999792e+01,-2.261234496799999860e+01,-2.827016246100000174e+01,-2.514178264999999968e+01
1.825912912900000151e+01,-3.698181900499999841e+01,-3.907273297599999751e+01,-1.543993354400000051e+01,-2.909091384699999949e+01,4.605111503899999903e+00
1.827913913900000153e+01,-6.003474505599999844e+01,-3.526336909199999781e+01,-2.631140691699999934e+01,-2.562464350200000140e+01,-3.669528724700000311e+01
1.829914914900000156e+01,-3.465644455200000351e+01,-2.376097669600000017e+01,-2.373855326300000002e+01,-3.119170594799999918e+01,-2.901519180700000078e+01
1.831915915900000158e+01,-2.334294783500000037e+01,-5.488807433099999855e+01,-2.299443660300000047e+01,-2.506633004900000117e+01,-1.934745156399999999e+01
1.833916916900000160e+01,-3.361899005200000090e+01,-1.413586264799999981e+01,-2.846065996200000114e+01,-2.440074165400000084e+01,-1.852500051099999823e+01
1.835917917900000162e+01,-2.896651107499999966e+01,-3.151151072400000075e+01,-2.505495080300000055e+01,-3.372436948200000018e+01,-2.562108106699999865e+01
1.837918918900000165e+01,-4.784975046400000309e+01,-4.023348306700000165e+01,-3.090248238099999867e+01,-3.296437737600000162e+01,-2.472982945600000093e+01
1.839919919900000167e+01,-3.676326275000000265e+01,-3.358992962599999998e+01,-2.205772541199999992e+01,-2.028819487499999852e+01,-8.994699449400000546e+00
1.841920920900000169e+01,-2.045594694700000105e+01,-2.241560757199999898e+01,-2.844920332499999915e+01,-2.152755284699999905e+01,-2.263916647399999960e+01
1.843921921900000171e+01,-2.565049688299999886e+01,-3.527465290199999970e+01,-1.915249651799999953e+01,-1.861882334699999930e+01,-3.113010520799999981e+01
1.845922922900000174e+01,-2.564646262500000162e+01,-3.382459002699999928e+01,-2.794595128799999983e+01,-2.993067114300000142e+01,-2.447520393799999994e+01
1.847923923900000176e+01,-3.378213085600000198e+01,-3.799261007399999812e+01,-2.332346627900000158e+01,-2.692695111600000146e+01,-1.725815986699999982e+01
1.849924924899999823e+01,-4.100205435600000214e+01,-3.495786532900000054e+01,-2.755579876899999903e+01,-3.498004070599999693e+01,-2.552897250099999837e+01
1.851925925899999825e+01,-3.576974117500000006e+01,-3.505180782699999753e+01,-3.514805289699999946e+01,-2.968041870900000134e+01,-2.388481720900000127e+01
1.853926926899999827e+01,-2.716195428800000045e+01,-2.601804818100000105e+01,-2.000661066600000026e+01,-3.596473233500000077e+01,-1.886732801799999848e+01
1.855927927899999830e+01,-6.188196800499999739e+01,-3.177129176300000069e+01,-3.147455469599999844e+01,-2.387266275300000018e+01,-2.350719193300000143e+01
1.857928928899999832e+01,-3.173810114600000176e+01,-3.226327213199999733e+01,-3.483169241299999896e+01,-3.197419851900000154e+01,-1.840268721800000051e+01
1.859929929899999834e+01,-2.945582079500000106e+01,-4.077293574299999790e+01,-2.022709336000000135e+01,-2.437467212299999986e+01,-1.714210099900000017e+01
1.861930930899999836e+01,-2.490556274100000067e+01,-3.295368268600000050e+01,-3.647650534099999931e+01,-3.247397036000000270e+01,-2.624634015000000176e+01
1.863931931899999839e+01,-2.980578605499999867e+01,-2.759847986300000144e+01,-3.986794562899999761e+01,-3.646056948999999747e+01,-2.711542524700000101e+01
1.865932932899999841e+01,-2.955735045899999847e+01,-2.784424234300000123e+01,-3.099333717200000038e+01,-3.353019377999999762e+01,-2.141808516500000081e+01
1.867933933899999843e+01,-4.985284238100000209e+01,-4.553851257000000174e+01,-1.972202780499999974e+01,-1.937797771800000035e+01,-1.952880263799999838e+01
1.869934934899999845e+01,-4.429244958900000029e+01,-3.399447614000000328e+01,-2.652921614999999989e+01,-2.243119987900000112e+01,-1.956239611299999837e+01
1.871935935899999848e+01,-3.291009632000000096e+01,-3.209626598799999897e+01,-3.034039938100000100e+01,-2.430395938699999903e+01,-3.329873535000000118e+01
1.873936936899999850e+01,-1.855273288600000114e+01,-3.786741900900000246e+01,-4.454637110400000211e+01,-3.515814482799999752e+01,-2.928338161199999945e+01
1.875937937899999852e+01,-3.662605125700000031e+01,-3.359324480000000079e+01,-3.065625096999999855e+01,-2.764637084099999953e+01,-1.917075144300000034e+01
1.877938938899999854e+01,-4.504126422099999871e+01,-4.392355660900000203e+01,-1.435555655799999997e+01,-1.809256302400000038e+01,-9.227490155399999949e+00
1.879939939899999857e+01,-2.469704709000000165e+01,-2.140536152900000033e+01,-3.487448043700000255e+01,-4.859466869900000319e+01,-2.163775959499999857e+01
1.881940940899999859e+01,-3.755273025399999653e+01,-4.661239467000000047e+01,-3.017291130699999968e+01,-3.553344980199999981e+01,-2.411883527000000171e+01
1.883941941899999861e+01,-5.443457924300000172e+01,-4.124634857000000210e+01,-1.432272101599999914e+01,-1.412886010000000070e+01,-2.083566506600000068e+01
1.885942942899999863e+01,-5.850457173400000244e+01,-3.479934549899999752e+01,-1.880873939700000008e+01,-2.741884190000000032e+01,-2.296178776900000074e+01
1.887943943899999866e+01,-3.938995564100000024e+01,-2.301277570399999917e+01,-2.339261256800000055e+01,-1.393219430299999928e+01,-2.666450945200000078e+01
1.889944944899999868e+01,-4.794011521400000220e+01,-4.249476070699999752e+01,-2.580136566499999873e+01,-3.366273188499999947e+01,-2.986510579600000170e+01
1.891945945899999870e+01,-3.125587020800000104e+01,-2.830039353000000091e+01,-2.591552769999999839e+01,-3.351756508100000076e+01,-2.774498478800000001e+01
1.893946946899999872e+01,-4.729435726599999867e+01,-5.412213905200000141e+01,-2.693054203999999885e+01,-3.083142909800000098e+01,-2.193537491600000067e+01
1.895947947899999875e+01,-4.326119194599999673e+01,-3.692753610900000183e+01,-3.102939291299999880e+01,-3.620204090299999677e+01,-3.210440107299999823e+01
1.897948948899999877e+01,-2.260657833599999833e+01,-2.278818048400000151e+01,-2.767744519800000091e+01,-2.698180375200000114e+01,-1.399172301399999974e+01
1.899949949899999879e+01,-3.265013724100000303e+01,-5.076478031300000282e+01,-2.808570616800000153e+01,-2.311347554099999968e+01,-2.724864214400000151e+01
1.901950950999999890e+01,-4.626441444999999675e+01,-3.870366399299999927e+01,-2.770870087100000134e+01,-3.449266832499999680e+01,-2.373676006999999899e+01
1.903951951999999892e+01,-3.760980814399999872e+01,-2.440597965099999911e+01,-1.798087463699999944e+01,-2.528955485799999892e+01,-3.511748785300000009e+01
1.905952952999999894e+01,-4.434691809000000262e+01,-4.848817271899999781e+01,-3.366912273599999850e+01,-4.419355879599999781e+01,-2.133212266299999982e+01
1.907953953999999896e+01,-3.915856435900000321e+01,-4.530429179899999781e+01,-2.697943796999999932e+01,-2.985091918999999905e+01,-2.986989133300000177e+01
1.909954954999999899e+01,-3.883840653499999718e+01,-2.897897972699999869e+01,-1.623679727100000036e+01,-2.184839897199999825e+01,-1.069013140100000037e+01
1.911955955999999901e+01,-3.661925745300000301e+01,-4.206512193399999688e+01,-2.604060296600000157e+01,-3.359555647300000203e+01,-2.195917229699999851e+01
1.913956956999999903e+01,-4.019401271000000264e+01,-3.306983383699999735e+01,-2.944054418200000001e+01,-4.133702999700000191e+01,-2.911428524900000170e+01
1.915957957999999905e+01,-3.088854704099999893e+01,-4.227494905599999697e+01,-2.693472928999999993e+01,-3.040108791300000135e+01,-3.931845753700000046e+01
1.917958958999999908e+01,-3.020724565900000158e+01,-3.960801210099999992e+01,-2.587172763599999925e+01,-3.300000424800000332e+01,-4.257507899299999821e+01
1.919959959999999910e+01,-3.704712486199999688e+01,-3.826510917499999920e+01,-4.928924159999999688e+01,-3.806381924000000083e+01,-3.288773923200000127e+01
1.921960960999999912e+01,-3.549541529599999734e+01,-4.939860716900000170e+01,-1.929166351099999943e+01,-2.996632774300000079e+01,-2.415674951500000134e+01
1.923961961999999914e+01,-3.256550370899999791e+01,-4.604268301500000149e+01,-2.652262713700000063e+01,-4.058842620200000084e+01,-4.017266695800000065e+01
1.925962962999999917e+01,-3.096920230399999951e+01,-3.501648456099999862e+01,-2.820381463000000011e+01,-3.731487358199999704e+01,-4.734677981600000152e+01
1.927963963999999919e+01,-5.784795589899999868e+01,-4.361633421399999833e+01,-2.833761044199999901e+01,-3.118480170100000137e+01,-3.602117146700000205e+01
1.929964964999999921e+01,-3.477458021599999682e+01,-3.990731864100000337e+01,-3.056006670600000064e+01,-4.194996436200000289e+01,-4.157629090500000046e+01
1.931965965999999923e+01,-2.385438722800000022e+01,-2.958526673800000140e+01,-2.134179301400000028e+01,-3.419108235499999893e+01,-3.780077526000000177e+01
1.933966966999999926e+01,-4.410368691899999760e+01,-5.395189188199999819e+01,-2.639959528700000035e+01,-3.444180413400000162e+01,-3.824788058499999721e+01
1.935967967999999928e+01,-3.764493667600000038e+01,-3.776412341399999661e+01,-2.797215477499999992e+01,-4.043637666699999755e+01,-2.988399946599999879e+01
1.937968968999999930e+01,-2.267410039299999980e+01,-4.311229962400000204e+01,-2.615972130899999826e+01,-2.172552636500000034e+01,-1.737633864100000025e+01
1.939969969999999932e+01,-1.795481591200000082e+01,-5.217339046099999678e+01,-3.471185200099999690e+01,-3.084206731100000098e+01,-4.925147699800000112e+01
1.941970970999999935e+01,-3.886361420099999719e+01,-3.863692368499999930e+01,-2.549172962600000147e+01,-3.172477811899999978e+01,-3.605350064299999957e+01
1.943971971999999937e+01,-2.978778794500000160e+01,-4.136488976599999745e+01,-2.882153230200000138e+01,-2.001542034899999933e+01,-2.983852420699999897e+01
1.945972972999999939e+01,-4.225661810700000132e+01,-3.698073491699999948e+01,-2.560275797499999939e+01,-2.898095709200000059e+01,-2.788938032600000128e+01
1.947973973999999941e+01,-4.046225288899999839e+01,-4.741028174899999925e+01,-2.352910113200000097e+01,-4.221814764500000194e+01,-3.245843282599999924e+01
1.949974974999999944e+01,-4.950392833600000131e+01,-3.322879661700000042e+01,-2.261926732499999915e+01,-4.276379665299999999e+01,-4.033562428999999838e+01
1.951975975999999946e+01,-4.140125658800000252e+01,-3.355432251500000262e+01,-3.476603144799999967e+01,-3.158003094500000074e+01,-2.370650878800000072e+01
1.953976976999999948e+01,-3.581149963499999700e+01,-4.269623404000000022e+01,-4.037667539200000100e+00,-2.701615778900000109e+01,-1.488233698500000024e+01
1.955977977999999950e+01,-2.586078404499999905e+01,-3.329003817800000320e+01,-1.796117821700000050e+01,-2.798941005900000079e+01,-5.109639244800000313e+01
1.957978978999999953e+01,-3.538591079100000059e+01,-4.236592699799999906e+01,-2.717998000700000105e+01,-3.153006044700000032e+01,-2.902268828200000073e+01
1.959979979999999955e+01,-4.067168180600000227e+01,-4.684090769899999884e+01,-3.569967498399999783e+01,-2.938522332699999851e+01,-2.583305796699999846e+01
1.961980980999999957e+01,-4.121278173500000008e+01,-4.799927277599999798e+01,-9.867119924100000716e+00,-3.525642832199999788e+01,-2.317064374599999965e+01
1.963981981999999959e+01,-3.477253125600000061e+01,-3.410205485400000214e+01,-3.167952724699999933e+01,-3.576923217499999907e+01,-3.042182932900000125e+01
1.965982982999999962e+01,-5.051542349099999996e+01,-3.614751865899999927e+01,-2.752817477600000018e+01,-2.359883223499999971e+01,-1.612584878199999849e+01
1.967983983999999964e+01,-4.333769590600000043e+01,-4.940529136699999668e+01,-3.342685141999999843e+01,-3.203838736400000187e+01,-3.025778985099999829e+01
1.969984984999999966e+01,-3.822443449899999734e+01,-4.346309706299999931e+01,-2.785495154399999862e+01,-4.090605805100000225e+01,-3.494556704600000074e+01
1.971985985999999968e+01,-3.009850395699999837e+01,-2.914524589299999846e+01,-2.855737762700000104e+01,-3.758285263199999804e+01,-2.955038412900000111e+01
1.973986986999999971e+01,-4.228092055300000141e+01,-4.242695957200000123e+01,-2.623345361699999856e+01,-2.648246866399999888e+01,-2.515970761199999828e+01
1.975987987999999973e+01,-4.442030132400000042e+01,-3.773955313900000164e+01,-3.065633060700000101e+01,-3.021786980299999925e+01,-3.853293153199999921e+01
1.977988988999999975e+01,-3.707334862900000161e+01,-2.730141396400000176e+01,-2.456282540500000167e+01,-2.178406863500000057e+01,-1.209562623499999923e+01
1.979989989999999977e+01,-4.196946529499999912e+01,-6.193145050399999718e+01,-1.990121377999999908e+01,-2.482078672500000138e+01,-3.380054340200000240e+01
1.981990990999999980e+01,-3.572162146699999852e+01,-4.431593410800000044e+01,-2.253658585200000175e+01,-3.529117806699999704e+01,-4.449718310000000088e+01
1.983991991999999982e+01,-2.720840854100000072e+01,-2.953274381800000015e+01,-2.913771172799999931e+01,-2.573233269900000053e+01,-2.871964086299999863e+01
1.985992992999999984e+01,-5.255926295700000139e+01,-4.311190364299999800e+01,-2.694910356300000132e+01,-2.768993263699999829e+01,-2.508349890499999901e+01
1.987993993999999986e+01,-2.638245798399999842e+01,-3.527873593700000043e+01,-3.779883510199999819e+01,-4.383503291099999899e+01,-2.947248824100000064e+01
1.989994994999999989e+01,-4.782486084899999668e+01,-3.851859715900000225e+01,-2.502031824000000171e+01,-3.113517422500000009e+01,-4.193838931199999820e+01
1.991995995999999991e+01,-4.440492665299999686e+01,-5.387715829599999751e+01,-2.343525781199999969e+01,-2.754006533100000098e+01,-2.935737719899999831e+01
1.993996996999999993e+01,-3.264868346699999790e+01,-3.552364359199999910e+01,-1.938048443199999937e+01,-3.266891413399999777e+01,-2.085655095799999970e+01
1.995997997999999995e+01,-3.296726542100000046e+01,-3.621187374800000214e+01,-2.662205119400000086e+01,-3.488061517500000264e+01,-3.319918337600000058e+01
1.997998998999999998e+01,-3.814223522599999683e+01,-5.786704537499999645e+01,-3.340291073800000277e+01,-3.805192210100000239e+01,-3.846953417800000352e+01
2.000000000000000000e+01,-2.315935290399999857e+01,-3.236594684100000308e+01,-2.614967146000000042e+01,-3.358617099100000303e+01,-3.117741105300000015e+01
