freq_GHz,S21_dB,S31_dB,S41_dB,S51_dB,S61_dB
1.000000000000000021e-02,-7.921418262299999924e+01,-7.770052521799999568e+01,-8.593031266200000573e+01,-7.196075306000000182e+01,-7.738990710100000570e+01
3.001001001000000099e-02,-7.224305980299999419e+01,-8.024776575299999593e+01,-6.923023764799999924e+01,-7.201367049700000678e+01,-7.666021691900000690e+01
5.002002002000000003e-02,-7.481796935900000278e+01,-8.290850237200000095e+01,-8.185712280900000337e+01,-8.322701021700000013e+01,-8.269780363799999634e+01
7.003003002999999560e-02,-7.458795120800000689e+01,-7.570621139000000710e+01,-7.843119495700000243e+01,-8.076795237899999336e+01,-8.037723119400000371e+01
9.004004004000000505e-02,-7.995572874299999455e+01,-8.857965374399999803e+01,-8.035673358799999733e+01,-7.766543710700000247e+01,-8.471510559799999385e+01
1.100500500500000006e-01,-8.364318300099999703e+01,-7.979537149600000134e+01,-7.633755735900000161e+01,-7.942896943499999907e+01,-8.052011932099999569e+01
1.300600600600000101e-01,-7.621491106400000604e+01,-8.428369234900000606e+01,-8.031682092100000148e+01,-8.035758925800000441e+01,-8.274611440600000378e+01
1.500700700700000056e-01,-8.412551499699999624e+01,-8.106531518900000322e+01,-8.349434461399999918e+01,-8.296678937599999415e+01,-8.344209451800000465e+01
1.700800800800000012e-01,-1.040369257600000026e+02,-7.752297484999999710e+01,-7.830975311500000657e+01,-8.978698867299999620e+01,-8.299129137699999603e+01
1.900900900899999968e-01,-8.346654218800000535e+01,-7.724099701500000492e+01,-7.681035007600000597e+01,-7.544050831399999879e+01,-8.119158656499999438e+01
2.101001000999999924e-01,-8.439261529799999551e+01,-7.857371149899999807e+01,-8.604318273600000566e+01,-7.931775088000000551e+01,-8.992890421100000253e+01
2.301101101100000157e-01,-8.451592390400000454e+01,-7.444994793600000094e+01,-8.108777923300000623e+01,-8.320543271900000093e+01,-7.945227776299999789e+01
2.501201201200000113e-01,-7.961899893800000427e+01,-8.887623695400000656e+01,-7.333610649400000625e+01,-7.726908881800000017e+01,-8.058608009499999980e+01
2.701301301299999791e-01,-6.925360084999999799e+01,-8.054625235599999655e+01,-8.248249285400000019e+01,-8.627185081000000366e+01,-7.607852260500000341e+01
2.901401401400000024e-01,-8.098814856699999609e+01,-7.600571526400000266e+01,-9.113902800699999318e+01,-7.892273047800000541e+01,-8.467700502799999640e+01
3.101501501499999702e-01,-8.113985847700000420e+01,-7.379949985300000037e+01,-7.779562441299999875e+01,-8.879196547899999814e+01,-7.877282038200000613e+01
3.301601601600000491e-01,-8.105381774200000677e+01,-8.362428365200000258e+01,-9.358169879800000501e+01,-8.798336659400000315e+01,-7.491608052600000178e+01
3.501701701700000169e-01,-7.911426496699999689e+01,-8.257528460999999709e+01,-7.838391304900000023e+01,-8.503750609499999769e+01,-8.846700428100000124e+01
3.701801801799999847e-01,-8.063825515499999597e+01,-7.978573733000000345e+01,-8.377453610800000661e+01,-8.088588345099999799e+01,-7.162758568499999967e+01
3.901901901900000080e-01,-8.130185163699999862e+01,-7.356320249300000569e+01,-8.690349832799999774e+01,-8.350037207699999442e+01,-7.812586800100000062e+01
4.102002001999999758e-01,-8.202494763999999350e+01,-7.573852166400000385e+01,-7.212125920399999757e+01,-7.576397969299999602e+01,-6.950740066599999523e+01
4.302102102099999992e-01,-7.099015238299999453e+01,-7.359287448000000609e+01,-7.497345528399999637e+01,-8.868310851100000036e+01,-7.820756619700000556e+01
4.502202202200000225e-01,-7.580448277000000701e+01,-7.991857789700000581e+01,-7.860131841199999769e+01,-7.974927416900000310e+01,-9.553205710500000691e+01
4.702302302300000458e-01,-7.391490516700000057e+01,-7.120169438599999978e+01,-8.879043828099999303e+01,-7.939862955799999611e+01,-7.324691361399999323e+01
4.902402402400000136e-01,-7.528080541999999298e+01,-7.456213569099999461e+01,-9.062767068700000550e+01,-7.512405068600000391e+01,-7.829615957999999409e+01
5.102502502500000370e-01,-7.897895427999999640e+01,-8.019861177299999611e+01,-7.037751390600000434e+01,-7.631644237800000496e+01,-7.068003015399999356e+01
5.302602602599999493e-01,-7.339624982799999486e+01,-7.299067329899999379e+01,-8.322323678499999744e+01,-8.661467104999999833e+01,-6.914266969899999538e+01
5.502702702699999726e-01,-7.517374443999999301e+01,-8.628637402299999337e+01,-6.992963187200000164e+01,-8.103447791600000016e+01,-6.782173965100000146e+01
5.702802802799999959e-01,-8.359905816500000242e+01,-8.012650778600000478e+01,-6.423205255199999897e+01,-7.182326859600000546e+01,-6.320127440099999916e+01
5.902902902899999082e-01,-7.029871335199999294e+01,-7.347706817300000637e+01,-6.066946363400000308e+01,-7.053071440300000461e+01,-5.879421241400000042e+01
6.103003002999999316e-01,-7.452405848200000094e+01,-6.835648452700000632e+01,-6.105266265800000269e+01,-7.342786539099999743e+01,-5.918635881099999807e+01
6.303103103099999549e-01,-8.173646441699999343e+01,-7.099133375200000273e+01,-5.911960617999999812e+01,-6.836724269799999831e+01,-5.900534322899999751e+01
6.503203203200000893e-01,-7.462967934300000650e+01,-6.506416080399999657e+01,-5.798586620999999752e+01,-7.346506513299999597e+01,-5.622576145899999744e+01
6.703303303300000016e-01,-7.051580663800000082e+01,-7.367519949500000109e+01,-5.403393821099999883e+01,-7.378261763199999734e+01,-5.474256307699999979e+01
6.903403403400000249e-01,-7.258346577400000399e+01,-7.276325229600000455e+01,-5.254039515899999913e+01,-6.682359412499999962e+01,-5.181528570999999772e+01
7.103503503500000482e-01,-6.380411422600000293e+01,-6.523438476600000513e+01,-5.302069921599999702e+01,-6.536471527300000162e+01,-5.047894313500000152e+01
7.303603603599999605e-01,-6.455855876600000443e+01,-6.297332642800000002e+01,-5.105696654599999817e+01,-6.545267023200000267e+01,-4.934289413799999835e+01
7.503703703699999839e-01,-5.881692599400000177e+01,-6.320213336199999787e+01,-5.364237700700000033e+01,-6.783135971299999767e+01,-4.854653011399999940e+01
7.703803803800000072e-01,-5.597506534800000111e+01,-6.617504220600000053e+01,-5.306039830999999651e+01,-6.671097706499999447e+01,-4.834789623000000347e+01
7.903903903900000305e-01,-5.511413128000000228e+01,-6.379459099900000041e+01,-5.241656959600000221e+01,-7.172000928399999964e+01,-4.694554118300000312e+01
8.104004003999999428e-01,-5.697156191700000250e+01,-6.568244686299999557e+01,-5.125152547700000127e+01,-6.939428496799999380e+01,-4.705286596300000213e+01
8.304104104099999661e-01,-5.490883385400000094e+01,-6.897645409099999370e+01,-5.112928662600000251e+01,-6.277621246199999661e+01,-4.614598118800000037e+01
8.504204204199999895e-01,-5.333979750999999681e+01,-5.648421873800000270e+01,-5.041337595400000282e+01,-6.003502879500000233e+01,-4.576830644399999670e+01
8.704304304299999018e-01,-5.320606582500000314e+01,-5.323825116199999741e+01,-4.970451977300000124e+01,-6.222067282300000102e+01,-4.513387826099999955e+01
8.904404404400000361e-01,-5.304428409399999822e+01,-5.554517592100000201e+01,-4.918403018000000060e+01,-6.112876038299999948e+01,-4.524639561499999729e+01
9.104504504500000595e-01,-5.608306172300000014e+01,-5.696783202900000020e+01,-4.978326512999999665e+01,-6.129515580399999664e+01,-4.601661595499999891e+01
9.304604604600000828e-01,-5.560632208599999871e+01,-5.858663320299999810e+01,-4.947020250599999969e+01,-6.297736056600000154e+01,-4.690017024200000151e+01
9.504704704699999951e-01,-5.678742874699999987e+01,-5.893407444500000025e+01,-5.006905334199999658e+01,-6.174747163100000336e+01,-4.747876421800000202e+01
9.704804804800000184e-01,-5.682689776899999856e+01,-6.148174399199999840e+01,-5.125981345499999975e+01,-6.310408188499999937e+01,-4.741277139500000004e+01
9.904904904900000417e-01,-5.878659299600000310e+01,-6.070590768999999653e+01,-5.127016416299999690e+01,-6.672163841699999409e+01,-4.776872460100000239e+01
1.010500500500000065e+00,-6.499916073900000413e+01,-6.087935321599999838e+01,-5.091653255100000308e+01,-6.385668594300000223e+01,-4.751196599099999673e+01
1.030510510500000088e+00,-6.210467563499999955e+01,-6.625990009699999916e+01,-5.118669416099999836e+01,-6.462245536599999696e+01,-4.718447459200000083e+01
1.050520520500000110e+00,-6.903164793700000246e+01,-6.828264224599999466e+01,-5.066644362000000257e+01,-6.681066112599999940e+01,-4.675189875600000278e+01
1.070530530499999911e+00,-6.164203371400000009e+01,-6.517602927199999385e+01,-5.050552805299999903e+01,-6.821113314299999786e+01,-4.599516764100000188e+01
1.090540540499999933e+00,-7.269399864400000411e+01,-6.205174258000000265e+01,-5.072550482399999794e+01,-7.070334603300000254e+01,-4.537732741300000328e+01
1.110550550599999964e+00,-6.060900660400000106e+01,-6.037443399400000033e+01,-5.171281019900000331e+01,-7.047613160199999527e+01,-4.506538275900000201e+01
1.130560560599999986e+00,-7.439828654999999458e+01,-6.511674744799999814e+01,-5.017523354600000118e+01,-6.939421522799999309e+01,-4.460467835099999689e+01
1.150570570600000009e+00,-7.038871361399999671e+01,-5.892683852300000069e+01,-5.017222290600000179e+01,-6.467270801700000504e+01,-4.447113732999999769e+01
1.170580580599999809e+00,-6.564166355899999417e+01,-6.149601879000000082e+01,-5.033585171699999705e+01,-6.566690258900000288e+01,-4.410652519399999960e+01
1.190590590599999832e+00,-7.100170781299999589e+01,-6.037152014200000139e+01,-4.817115146100000089e+01,-6.512473175099999878e+01,-4.365589479999999867e+01
1.210600600599999854e+00,-6.798605369000000564e+01,-6.210139858800000212e+01,-4.898523432399999678e+01,-6.655778482099999849e+01,-4.187991010900000077e+01
1.230610610599999877e+00,-6.631800098399999399e+01,-6.375355420100000003e+01,-4.713766710899999879e+01,-6.513207241400000669e+01,-4.120798493200000223e+01
1.250620620599999899e+00,-7.166683013099999755e+01,-7.017033992800000419e+01,-4.593957746400000275e+01,-5.975519292300000274e+01,-4.049833746400000223e+01
1.270630630599999922e+00,-6.415463532600000462e+01,-7.207082478799999592e+01,-4.533560510099999874e+01,-6.310241621299999792e+01,-3.968698857799999757e+01
1.290640640599999944e+00,-5.738705017699999900e+01,-6.003787110199999688e+01,-4.450305359600000088e+01,-5.970909298299999790e+01,-3.919194999100000132e+01
1.310650650699999975e+00,-5.636919996099999963e+01,-6.489474392500000022e+01,-4.478385253900000151e+01,-6.017153296099999693e+01,-3.892161917800000026e+01
1.330660660699999998e+00,-5.704456028399999923e+01,-5.814499625300000218e+01,-4.409548213699999764e+01,-5.859108352900000227e+01,-3.887353045399999729e+01
1.350670670700000020e+00,-5.893669813099999999e+01,-5.727940379300000018e+01,-4.445866442900000237e+01,-5.931302636099999859e+01,-3.789459356799999767e+01
1.370680680700000043e+00,-5.886531735100000162e+01,-5.293380581299999932e+01,-4.403596812600000021e+01,-5.455321019699999852e+01,-3.721427527600000218e+01
1.390690690700000065e+00,-5.426808970399999765e+01,-5.604298082799999747e+01,-4.279867854700000152e+01,-5.388606472400000058e+01,-3.616383278600000040e+01
1.410700700700000088e+00,-5.326032353400000119e+01,-5.902513114999999999e+01,-4.113811407000000031e+01,-5.421397889699999695e+01,-3.530622255600000159e+01
1.430710710700000110e+00,-5.253818895799999922e+01,-5.665538262700000161e+01,-3.990298814999999877e+01,-5.324283850700000187e+01,-3.426890207800000354e+01
1.450720720700000133e+00,-4.993228369500000241e+01,-6.224382954499999698e+01,-3.997484227700000048e+01,-5.295931341800000069e+01,-3.371593969500000298e+01
1.470730730700000155e+00,-4.842702879099999791e+01,-5.826314979800000060e+01,-3.977008109900000221e+01,-5.588063377699999990e+01,-3.323531239500000112e+01
1.490740740699999956e+00,-4.807099087000000281e+01,-5.678310449199999965e+01,-3.955197325799999675e+01,-5.738908569099999823e+01,-3.262051150500000318e+01
1.510750750799999986e+00,-5.037444076100000245e+01,-5.408574698999999697e+01,-3.804661597999999856e+01,-5.692973504599999757e+01,-3.175783541799999909e+01
1.530760760800000009e+00,-5.038165379699999846e+01,-5.635816695599999804e+01,-3.616967529699999773e+01,-5.715586234700000290e+01,-3.054020350900000125e+01
1.550770770800000031e+00,-5.027407375399999978e+01,-5.886230610199999802e+01,-3.559374384400000224e+01,-5.780604197000000255e+01,-3.013186909499999899e+01
1.570780780800000054e+00,-4.807251822300000299e+01,-6.333792515199999684e+01,-3.502160014399999710e+01,-5.814108491999999728e+01,-2.983485385299999848e+01
1.590790790799999854e+00,-4.812509231699999646e+01,-5.305624537399999952e+01,-3.450544731000000098e+01,-5.228552513900000065e+01,-2.969088327200000066e+01
1.610800800799999877e+00,-4.671034612999999780e+01,-5.306072768199999956e+01,-3.511090002899999973e+01,-5.053427400700000049e+01,-2.984096600000000166e+01
1.630810810799999899e+00,-4.681077078999999941e+01,-5.159999441000000076e+01,-3.381774553799999694e+01,-4.912054422799999998e+01,-2.976876329999999982e+01
1.650820820799999922e+00,-4.621297373000000164e+01,-5.027280880899999715e+01,-3.254422430000000332e+01,-5.021200504899999828e+01,-2.951046502499999846e+01
1.670830830799999944e+00,-4.560203648000000243e+01,-4.928726060900000050e+01,-3.138741335899999996e+01,-4.836602736500000077e+01,-2.877181932199999892e+01
1.690840840799999967e+00,-4.688004137499999757e+01,-4.653218344500000114e+01,-3.012291533799999854e+01,-4.922654531900000308e+01,-2.803567675900000111e+01
1.710850850899999998e+00,-4.506370248900000064e+01,-4.425621008400000278e+01,-2.939176114300000009e+01,-5.072937654399999730e+01,-2.770912616500000070e+01
1.730860860900000020e+00,-4.580827585800000179e+01,-4.336781443699999983e+01,-2.936078863499999869e+01,-5.438818259800000021e+01,-2.762789565599999975e+01
1.750870870900000043e+00,-4.501907596000000211e+01,-4.485438864700000039e+01,-3.024704528999999908e+01,-5.732800910299999941e+01,-2.797085640399999917e+01
1.770880880900000065e+00,-4.314894626000000244e+01,-4.505035015299999657e+01,-3.072748621899999932e+01,-5.446552511299999821e+01,-2.847065095800000023e+01
1.790890890900000088e+00,-4.354376233800000051e+01,-4.364079958599999998e+01,-3.116461515499999990e+01,-5.433337278399999803e+01,-2.932063194899999914e+01
1.810900900900000110e+00,-4.371480318900000128e+01,-4.482398087100000339e+01,-3.250886540599999819e+01,-5.520193991499999697e+01,-2.992159103999999914e+01
1.830910910900000133e+00,-4.636828680499999678e+01,-4.575091437599999722e+01,-3.360002558299999720e+01,-6.250906982200000073e+01,-3.122758376399999847e+01
1.850920920900000155e+00,-4.946018459700000136e+01,-4.722951104500000241e+01,-3.463529240100000095e+01,-5.941352482599999973e+01,-3.218307993900000241e+01
1.870930930900000178e+00,-5.144831166299999836e+01,-5.165804930299999853e+01,-3.572229319600000252e+01,-6.519851202200000273e+01,-3.289298727599999950e+01
1.890940940900000200e+00,-5.056921548999999771e+01,-5.047807843799999716e+01,-3.612050357100000042e+01,-6.218448736399999888e+01,-3.358842686500000241e+01
1.910950951000000009e+00,-5.126347672600000038e+01,-4.833411763000000150e+01,-3.613194584499999706e+01,-6.368128510399999698e+01,-3.400701183700000030e+01
1.930960961000000031e+00,-5.436680836000000028e+01,-4.820784784500000342e+01,-3.496490741200000230e+01,-5.718024579899999793e+01,-3.300219549900000260e+01
1.950970971000000054e+00,-5.207486150300000105e+01,-4.987648518499999994e+01,-3.407866431299999732e+01,-5.466270103200000108e+01,-3.209053267499999862e+01
1.970980981000000076e+00,-5.098696184300000311e+01,-4.796084853100000345e+01,-3.384914351399999788e+01,-5.763495600200000268e+01,-3.104807757300000048e+01
1.990990991000000099e+00,-5.143846552899999836e+01,-5.181519739800000224e+01,-3.424455415599999952e+01,-5.535960490899999797e+01,-3.068009609199999943e+01
2.011001000999999899e+00,-4.928554584599999799e+01,-4.981807581599999679e+01,-3.447555949299999867e+01,-6.023782948000000204e+01,-3.031328437999999892e+01
2.031011010999999922e+00,-4.975683740000000199e+01,-5.045113400799999681e+01,-3.503190714000000128e+01,-6.001924857099999855e+01,-3.002823721300000059e+01
2.051021020999999944e+00,-4.996628000199999775e+01,-5.209487044200000128e+01,-3.495394603599999783e+01,-5.697441530300000068e+01,-3.042066677000000041e+01
2.071031030999999967e+00,-4.932292689799999863e+01,-5.142039443600000226e+01,-3.476113212900000349e+01,-5.810707428599999957e+01,-3.063840655099999921e+01
2.091041040999999989e+00,-5.067067975399999824e+01,-4.930927105100000318e+01,-3.454388687000000147e+01,-5.830404016699999659e+01,-3.116290133300000065e+01
2.111051051100000020e+00,-5.007139409500000227e+01,-5.175303760900000327e+01,-3.440111144800000176e+01,-5.778349605500000052e+01,-3.118371239700000075e+01
2.131061061100000043e+00,-4.874509490700000214e+01,-5.006831337100000212e+01,-3.455590847599999904e+01,-5.430890748499999887e+01,-3.083680066000000153e+01
2.151071071100000065e+00,-4.904885643299999742e+01,-4.964499255500000174e+01,-3.477274017799999939e+01,-5.233705308999999772e+01,-3.103292093299999976e+01
2.171081081100000088e+00,-4.919001370699999853e+01,-5.127162504799999709e+01,-3.411912643000000145e+01,-5.269915208799999817e+01,-3.065934746299999958e+01
2.191091091100000110e+00,-4.835138551499999693e+01,-5.637981072400000215e+01,-3.402135372499999733e+01,-5.295116245199999838e+01,-3.089447131600000063e+01
2.211101101099999688e+00,-4.690336112500000354e+01,-5.385682644300000277e+01,-3.410093357200000241e+01,-5.233730155800000006e+01,-3.099453006399999921e+01
2.231111111099999711e+00,-4.666679164199999974e+01,-5.103584887499999923e+01,-3.381898535700000252e+01,-5.193497121299999719e+01,-3.135005505000000170e+01
2.251121121099999733e+00,-4.653847153000000247e+01,-4.945120886499999813e+01,-3.403405346299999934e+01,-5.287839103099999960e+01,-3.167680461599999830e+01
2.271131131099999756e+00,-4.555442993999999857e+01,-5.025730796399999889e+01,-3.438346567199999981e+01,-5.258296023700000177e+01,-3.223532563999999923e+01
2.291141141099999778e+00,-4.696975549700000130e+01,-4.954520951100000303e+01,-3.474179930500000069e+01,-5.244091496299999733e+01,-3.257797357599999799e+01
2.311151151199999809e+00,-4.742972548400000221e+01,-5.094368204900000308e+01,-3.470291927099999896e+01,-5.159487041500000259e+01,-3.199893335399999827e+01
2.331161161199999832e+00,-4.634685825700000095e+01,-5.113674863100000323e+01,-3.442527509300000332e+01,-4.986731039499999696e+01,-3.070319531499999854e+01
2.351171171199999854e+00,-4.666652800199999973e+01,-6.051222057399999699e+01,-3.369429546100000294e+01,-4.933837914499999755e+01,-2.965985403399999853e+01
2.371181181199999877e+00,-4.658849643500000326e+01,-5.637489674900000125e+01,-3.292816023400000347e+01,-4.963926929299999813e+01,-2.857392264900000001e+01
2.391191191199999899e+00,-4.615490861699999670e+01,-5.308822221599999835e+01,-3.292590500000000020e+01,-5.152708425800000214e+01,-2.790891907099999969e+01
2.411201201199999922e+00,-4.568260568400000210e+01,-5.615873164700000331e+01,-3.281315048399999768e+01,-4.967366208199999988e+01,-2.767025267300000024e+01
2.431211211199999944e+00,-4.693085529999999750e+01,-5.719670134599999756e+01,-3.238569447199999729e+01,-4.917224095899999980e+01,-2.780980044400000040e+01
2.451221221199999967e+00,-4.746670346100000160e+01,-6.743105993300000023e+01,-3.214500907499999727e+01,-5.131442248199999767e+01,-2.781863211699999994e+01
2.471231231199999989e+00,-4.750011499499999701e+01,-5.906999440900000309e+01,-3.224301831100000015e+01,-5.402079846200000190e+01,-2.793135339399999850e+01
2.491241241200000012e+00,-4.854758159000000006e+01,-5.745372060199999709e+01,-3.176211698899999902e+01,-5.329934687400000115e+01,-2.792884259999999941e+01
2.511251251300000042e+00,-4.783597217900000231e+01,-5.584049127299999782e+01,-3.160919417299999878e+01,-5.291794761199999897e+01,-2.841036614700000129e+01
2.531261261300000065e+00,-4.874462357400000201e+01,-5.350364459000000039e+01,-3.217901794899999857e+01,-5.360907436600000153e+01,-2.906623280199999826e+01
2.551271271300000087e+00,-4.990761687900000254e+01,-5.020104415499999817e+01,-3.255988322599999663e+01,-5.258708865599999882e+01,-2.927930627900000005e+01
2.571281281300000110e+00,-4.809233888299999649e+01,-5.039994422400000218e+01,-3.298277844300000083e+01,-5.850840584499999864e+01,-3.003419292299999910e+01
2.591291291300000132e+00,-4.784487433700000025e+01,-4.698456720099999728e+01,-3.304107860900000304e+01,-5.538351273100000327e+01,-3.086941637299999996e+01
2.611301301300000155e+00,-4.811374998499999833e+01,-4.532382160499999912e+01,-3.340531803199999672e+01,-5.385226011999999685e+01,-3.161087260300000068e+01
2.631311311300000177e+00,-5.007730856100000238e+01,-4.524378094299999731e+01,-3.282327872100000121e+01,-5.185256000900000117e+01,-3.264423998200000199e+01
2.651321321300000200e+00,-4.941816079099999826e+01,-4.508060475100000275e+01,-3.267892978399999748e+01,-5.276934388099999751e+01,-3.361548156399999954e+01
2.671331331300000222e+00,-4.857859853800000138e+01,-4.437595536100000260e+01,-3.258351132800000016e+01,-5.103980295400000244e+01,-3.424419317299999932e+01
2.691341341300000245e+00,-5.049546571900000203e+01,-4.737246792500000225e+01,-3.260332625699999909e+01,-5.232944089499999762e+01,-3.482716941700000035e+01
2.711351351400000276e+00,-4.829248277100000308e+01,-4.603266776699999951e+01,-3.282040207200000026e+01,-5.202461790899999983e+01,-3.506281922299999820e+01
2.731361361400000298e+00,-4.828399496899999832e+01,-4.693086531200000167e+01,-3.271485740199999981e+01,-5.357035133000000116e+01,-3.529189862900000207e+01
2.751371371399999877e+00,-4.914993572000000199e+01,-4.749094988699999931e+01,-3.275494721700000156e+01,-5.594443685499999930e+01,-3.580419007100000073e+01
2.771381381399999899e+00,-4.962073679299999895e+01,-4.882262092999999936e+01,-3.251484374199999650e+01,-5.341409145899999800e+01,-3.692441127899999742e+01
2.791391391399999922e+00,-5.271899728000000351e+01,-5.598350136399999855e+01,-3.206673971400000056e+01,-5.579042077500000119e+01,-3.827133249399999926e+01
2.811401401399999944e+00,-5.146300334899999740e+01,-5.125495518299999986e+01,-3.172727686500000033e+01,-5.277418796799999967e+01,-3.917477677200000130e+01
2.831411411399999967e+00,-5.338041892700000091e+01,-5.392553980499999966e+01,-3.129243679700000058e+01,-5.410482715100000206e+01,-4.078098158400000273e+01
2.851421421399999989e+00,-5.741030519299999924e+01,-5.242842563100000319e+01,-3.094306513400000114e+01,-5.164838839699999795e+01,-4.358911845600000134e+01
2.871431431400000012e+00,-5.443759065399999741e+01,-5.246095472900000090e+01,-3.050313393700000120e+01,-4.798740417900000210e+01,-4.694766983499999924e+01
2.891441441400000034e+00,-5.103140348000000159e+01,-4.878569141599999881e+01,-3.033196560300000044e+01,-4.891189219999999693e+01,-4.812514088900000075e+01
2.911451451500000065e+00,-5.206733859300000233e+01,-5.167806327099999919e+01,-3.022957901099999845e+01,-5.116052667200000315e+01,-4.323416163299999937e+01
2.931461461500000087e+00,-4.776179147799999924e+01,-5.194105926799999651e+01,-3.039533160099999876e+01,-4.950835735799999782e+01,-4.062259874099999735e+01
2.951471471500000110e+00,-4.600365036499999860e+01,-4.957799243699999892e+01,-3.066803920699999964e+01,-5.292477056799999957e+01,-3.818589523400000019e+01
2.971481481500000132e+00,-4.584977648000000272e+01,-4.745424613000000136e+01,-3.049179452399999946e+01,-5.139968186000000117e+01,-3.645580330199999963e+01
2.991491491500000155e+00,-4.572984244199999893e+01,-4.920130147999999792e+01,-3.029358960600000117e+01,-5.293189771000000121e+01,-3.559053823800000060e+01
3.011501501500000177e+00,-4.479562300399999941e+01,-4.745815041299999848e+01,-3.005638983900000127e+01,-5.119544917799999695e+01,-3.420806899800000167e+01
3.031511511500000200e+00,-4.469919087800000312e+01,-4.691183069400000250e+01,-3.009696770200000060e+01,-4.991446799999999939e+01,-3.349061878199999853e+01
3.051521521499999778e+00,-4.485883991600000087e+01,-4.772489057300000326e+01,-2.948962347300000175e+01,-4.951351720299999926e+01,-3.277558481999999884e+01
3.071531531499999801e+00,-4.357388985800000114e+01,-4.939972990199999714e+01,-2.926713545100000147e+01,-5.303012911599999768e+01,-3.244237364399999990e+01
3.091541541499999823e+00,-4.523505931900000121e+01,-5.014613226800000234e+01,-2.866128360200000103e+01,-5.088656622100000249e+01,-3.223579921999999698e+01
3.111551551599999854e+00,-4.448755341700000088e+01,-4.877220042300000102e+01,-2.803611699200000018e+01,-5.206160560099999657e+01,-3.207667448299999791e+01
3.131561561599999877e+00,-4.534162679500000337e+01,-4.733735214699999716e+01,-2.788232743800000080e+01,-5.574825155500000307e+01,-3.224551554600000003e+01
3.151571571599999899e+00,-4.712383539500000040e+01,-4.569091378200000264e+01,-2.766875580099999965e+01,-5.768096939400000167e+01,-3.228845603300000278e+01
3.171581581599999922e+00,-4.703156720500000176e+01,-4.722704896599999813e+01,-2.740091426300000066e+01,-6.072774171500000051e+01,-3.169037559699999917e+01
3.191591591599999944e+00,-4.726041168300000095e+01,-4.427393365999999730e+01,-2.741521519699999843e+01,-6.140665700000000271e+01,-3.168725153700000163e+01
3.211601601599999967e+00,-4.651434393200000272e+01,-4.367471682499999730e+01,-2.715677812199999863e+01,-6.145663262000000060e+01,-3.155578554199999886e+01
3.231611611599999989e+00,-4.717498942600000333e+01,-4.281351200400000323e+01,-2.698143477500000031e+01,-6.685424056799999448e+01,-3.111411425400000041e+01
3.251621621600000012e+00,-4.801043527200000227e+01,-4.339932709600000038e+01,-2.681697303400000010e+01,-5.937733200800000333e+01,-3.048791311700000151e+01
3.271631631600000034e+00,-4.851571153700000139e+01,-4.440216842000000241e+01,-2.654721152400000150e+01,-6.646178528199999391e+01,-3.013269245800000107e+01
3.291641641600000057e+00,-5.113818228200000249e+01,-4.441806040000000166e+01,-2.617681965199999894e+01,-7.171117392499999710e+01,-2.975547763699999848e+01
3.311651651699999643e+00,-5.048447319000000277e+01,-4.320529420500000128e+01,-2.602274627399999929e+01,-5.791768162999999703e+01,-2.937813847099999975e+01
3.331661661699999666e+00,-4.947548367200000285e+01,-4.401104978099999698e+01,-2.581429392300000103e+01,-6.081815157100000135e+01,-2.912373526400000046e+01
3.351671671699999688e+00,-4.971421397499999983e+01,-4.510646858599999831e+01,-2.572452853100000070e+01,-6.562638243899999679e+01,-2.869811003199999888e+01
3.371681681699999711e+00,-5.248791734000000275e+01,-4.195365447100000011e+01,-2.571711894099999896e+01,-7.266215575600000420e+01,-2.849901895100000004e+01
3.391691691699999733e+00,-5.254934331799999825e+01,-4.239142872499999726e+01,-2.577935911599999841e+01,-6.005691565699999757e+01,-2.795310854099999887e+01
3.411701701699999756e+00,-5.242636550600000334e+01,-4.397127073600000102e+01,-2.617372405000000057e+01,-6.250669403999999929e+01,-2.728320855500000164e+01
3.431711711699999778e+00,-5.178677404999999823e+01,-4.306433718299999924e+01,-2.641208047199999953e+01,-6.596584908500000211e+01,-2.662349847699999827e+01
3.451721721699999801e+00,-4.766236009600000045e+01,-4.324963489099999947e+01,-2.668809191000000069e+01,-6.555540189500000281e+01,-2.593487122599999850e+01
3.471731731699999823e+00,-4.662689298600000143e+01,-4.636619799399999664e+01,-2.700925319099999911e+01,-8.111755319899999961e+01,-2.549024703899999977e+01
3.491741741699999846e+00,-4.461733782200000320e+01,-5.026302305800000170e+01,-2.774599129299999944e+01,-6.641117134499999963e+01,-2.510692243700000148e+01
3.511751751800000321e+00,-4.243742945000000333e+01,-4.453927196099999719e+01,-2.858293553200000048e+01,-6.322999357700000189e+01,-2.466762153999999896e+01
3.531761761800000343e+00,-4.133347408499999887e+01,-4.428802356799999984e+01,-2.878822353700000036e+01,-6.315858014500000195e+01,-2.437994038000000074e+01
3.551771771800000366e+00,-4.117893665500000111e+01,-4.378233000400000208e+01,-2.961977887600000159e+01,-6.651285701400000505e+01,-2.413712346000000153e+01
3.571781781800000388e+00,-4.206808595599999734e+01,-4.560394824899999833e+01,-3.047853153499999834e+01,-5.612921561900000000e+01,-2.416808058000000159e+01
3.591791791800000411e+00,-4.124340448600000286e+01,-4.712782353899999777e+01,-3.166965318500000137e+01,-5.688348197500000225e+01,-2.407160122599999852e+01
3.611801801799999989e+00,-4.071108262900000341e+01,-4.527102075799999881e+01,-3.278735364100000282e+01,-5.909557608299999742e+01,-2.409838289700000047e+01
3.631811811800000012e+00,-4.209207230399999844e+01,-4.551008788499999724e+01,-3.338955169799999823e+01,-5.911568920100000213e+01,-2.427845651499999846e+01
3.651821821800000034e+00,-4.155274520999999766e+01,-4.573251359000000349e+01,-3.427445179299999722e+01,-6.032606483800000063e+01,-2.431713319099999993e+01
3.671831831800000057e+00,-4.182956804399999839e+01,-4.869848759999999999e+01,-3.608636016399999846e+01,-6.584967753700000515e+01,-2.450756637299999952e+01
3.691841841800000079e+00,-4.212387057699999815e+01,-5.614865925400000179e+01,-3.711233104800000149e+01,-7.732726325400000178e+01,-2.463413623599999980e+01
3.711851851900000110e+00,-4.155366409500000202e+01,-5.529548362700000297e+01,-3.623925763100000097e+01,-7.279724087200000326e+01,-2.498374698299999963e+01
3.731861861900000132e+00,-4.004170311800000093e+01,-5.536470050500000184e+01,-3.612912886099999810e+01,-6.344976279099999772e+01,-2.546887686199999834e+01
3.751871871900000155e+00,-4.055583485700000068e+01,-5.366821615500000320e+01,-3.848267486499999990e+01,-5.765816336999999692e+01,-2.600315141600000146e+01
3.771881881900000177e+00,-3.965596747299999691e+01,-5.779940113400000001e+01,-3.939670110200000153e+01,-7.286979229000000657e+01,-2.671220775300000128e+01
3.791891891900000200e+00,-4.045523854700000044e+01,-4.998656736299999892e+01,-3.940792758799999973e+01,-5.823384568099999825e+01,-2.727444806900000174e+01
3.811901901900000222e+00,-4.063415438300000204e+01,-4.548587649000000255e+01,-3.818314282400000081e+01,-5.741950041599999821e+01,-2.787979311300000163e+01
3.831911911900000245e+00,-4.077787512300000117e+01,-4.769815513399999674e+01,-3.700697910200000251e+01,-5.893732549100000284e+01,-2.840914406499999956e+01
3.851921921900000267e+00,-3.995591174500000164e+01,-5.864468773600000162e+01,-3.832043773899999906e+01,-5.791995108300000084e+01,-2.862004713299999992e+01
3.871931931900000290e+00,-4.069630832600000048e+01,-5.173539688200000342e+01,-3.741728567700000241e+01,-5.338527370399999938e+01,-2.892252215599999943e+01
3.891941941900000312e+00,-3.995076744800000057e+01,-4.954020366999999681e+01,-3.644567635599999988e+01,-5.765168040700000063e+01,-2.874829637499999890e+01
3.911951951999999899e+00,-3.978064522900000100e+01,-4.677135552099999671e+01,-3.588575077499999821e+01,-5.581540314899999800e+01,-2.911918760900000080e+01
3.931961961999999922e+00,-3.986412454399999916e+01,-4.617121512700000352e+01,-3.551681983499999973e+01,-6.442316636399999652e+01,-2.919540019000000086e+01
3.951971971999999944e+00,-3.934275470800000107e+01,-4.598885992200000317e+01,-3.587407942000000105e+01,-5.900846187999999870e+01,-2.895725462800000116e+01
3.971981981999999967e+00,-3.997962026300000105e+01,-4.582741306100000145e+01,-3.608214491199999685e+01,-6.197536577599999674e+01,-2.853918681700000093e+01
3.991991991999999989e+00,-4.023987747000000326e+01,-4.394655832099999770e+01,-3.570053455200000059e+01,-6.203948405300000246e+01,-2.833806385999999833e+01
4.012002002000000012e+00,-3.962526004299999727e+01,-4.457642414600000080e+01,-3.486835704500000332e+01,-6.897215915900000027e+01,-2.813335724399999904e+01
4.032012012000000034e+00,-3.873065615600000200e+01,-4.452813660799999695e+01,-3.474117737800000327e+01,-5.833429754600000194e+01,-2.772119850800000052e+01
4.052022022000000057e+00,-3.847853583799999910e+01,-4.230720770500000327e+01,-3.454418273200000300e+01,-5.480456189499999908e+01,-2.768679262099999860e+01
4.072032032000000079e+00,-3.824016374299999654e+01,-4.104841393000000238e+01,-3.425622638899999828e+01,-5.285335226099999772e+01,-2.775940320899999847e+01
4.092042042000000102e+00,-3.852499243999999834e+01,-4.344168995900000141e+01,-3.424367154899999832e+01,-4.996572883300000001e+01,-2.783853175599999830e+01
4.112052052100000132e+00,-3.919751190699999910e+01,-4.435317777800000272e+01,-3.502790448900000086e+01,-5.205390009900000337e+01,-2.763888859100000062e+01
4.132062062100000155e+00,-3.967429984300000001e+01,-4.194420879599999807e+01,-3.549917524600000007e+01,-4.989793438699999939e+01,-2.770111952799999955e+01
4.152072072100000177e+00,-4.008606623400000046e+01,-4.210472904499999913e+01,-3.562418691799999948e+01,-5.271894042899999988e+01,-2.790066911199999922e+01
4.172082082100000200e+00,-4.037715538100000146e+01,-4.089819564199999746e+01,-3.628030799100000081e+01,-5.115947478300000029e+01,-2.808715566200000069e+01
4.192092092100000222e+00,-4.178444358200000153e+01,-4.179270083800000180e+01,-3.792644244400000275e+01,-4.928162830200000144e+01,-2.854208861200000058e+01
4.212102102100000245e+00,-4.030883781400000032e+01,-4.076313351999999668e+01,-3.870421367899999865e+01,-5.133258200800000282e+01,-2.867401840000000135e+01
4.232112112100000267e+00,-4.253578938900000139e+01,-3.934295974999999856e+01,-3.860987585000000166e+01,-5.338398794500000122e+01,-2.913376866100000129e+01
4.252122122100000290e+00,-4.387755780700000230e+01,-3.869343029800000267e+01,-3.866910382500000054e+01,-5.415170865700000036e+01,-2.986755330800000152e+01
4.272132132100000312e+00,-4.214319223399999714e+01,-4.133619551299999983e+01,-3.725322930299999769e+01,-4.973799962199999669e+01,-3.046306730299999899e+01
4.292142142100000335e+00,-4.490921169199999952e+01,-3.923718990999999789e+01,-3.554515208000000115e+01,-5.144894456800000171e+01,-3.120695489099999875e+01
4.312152152199999477e+00,-4.431992673900000312e+01,-3.905165752700000326e+01,-3.564883600499999972e+01,-5.256839849800000053e+01,-3.145973404300000098e+01
4.332162162199999500e+00,-4.676939966599999821e+01,-3.955311290200000229e+01,-3.564111813000000240e+01,-5.089734775600000205e+01,-3.272571277400000156e+01
4.352172172199999522e+00,-4.789670515899999970e+01,-3.895527212100000014e+01,-3.562672519699999896e+01,-4.994746030499999989e+01,-3.364396151900000120e+01
4.372182182199999545e+00,-4.687939555799999880e+01,-3.918018010800000184e+01,-3.774580594100000042e+01,-4.717524351899999857e+01,-3.497532348000000013e+01
4.392192192199999567e+00,-5.029211216800000273e+01,-4.057015229799999645e+01,-3.902217655700000165e+01,-4.924774197699999689e+01,-3.685122506700000145e+01
4.412202202199999590e+00,-4.690990544000000284e+01,-3.942071690600000267e+01,-3.890990837799999724e+01,-5.010420609100000178e+01,-3.880798635000000019e+01
4.432212212199999612e+00,-4.908769394099999772e+01,-3.879354251400000209e+01,-3.904668209900000164e+01,-4.774716224099999806e+01,-3.964082450200000096e+01
4.452222222199999635e+00,-4.622399674399999725e+01,-3.789443075100000158e+01,-3.685566741600000285e+01,-5.216242712300000051e+01,-4.237997007100000246e+01
4.472232232199999657e+00,-4.493938982800000304e+01,-3.891015753100000296e+01,-3.476757243600000180e+01,-4.966464526800000101e+01,-4.321782693699999811e+01
4.492242242199999680e+00,-4.550006394900000117e+01,-3.828158375299999960e+01,-3.460911343699999776e+01,-4.862303741600000251e+01,-4.262248059800000277e+01
4.512252252300000599e+00,-4.488467224600000094e+01,-3.920277602899999891e+01,-3.460114851200000174e+01,-5.125241428000000354e+01,-3.954514679799999755e+01
4.532262262300000621e+00,-4.319595860900000162e+01,-4.084145369400000192e+01,-3.414049239500000255e+01,-4.908455548399999913e+01,-3.855875796099999775e+01
4.552272272299999756e+00,-4.553685114599999650e+01,-3.957710335099999810e+01,-3.451071430100000015e+01,-4.682073720500000036e+01,-3.630496989600000290e+01
4.572282282299999778e+00,-4.572076179700000154e+01,-3.855245637299999828e+01,-3.440851297599999725e+01,-4.787599085899999807e+01,-3.578430360499999807e+01
4.592292292299999801e+00,-4.365634278600000329e+01,-3.665167311100000092e+01,-3.453414137600000089e+01,-4.610392155400000291e+01,-3.417448181599999657e+01
4.612302302299999823e+00,-4.936055431999999854e+01,-3.672807298200000048e+01,-3.440698135000000235e+01,-4.677917381999999691e+01,-3.234080231299999753e+01
4.632312312299999846e+00,-4.271520853999999900e+01,-3.562468545499999806e+01,-3.388576972799999965e+01,-4.478620682999999758e+01,-3.174736174599999927e+01
4.652322322299999868e+00,-4.254027421199999992e+01,-3.546195788800000059e+01,-3.353726415799999927e+01,-4.605323276800000087e+01,-3.072182534199999893e+01
4.672332332299999891e+00,-4.450783236099999840e+01,-3.500600784200000248e+01,-3.285784177299999698e+01,-4.497032470799999970e+01,-2.974700175299999927e+01
4.692342342299999913e+00,-4.507226635600000009e+01,-3.533477965000000154e+01,-3.215514401699999780e+01,-4.624964339699999982e+01,-2.954362975500000132e+01
4.712352352399999944e+00,-4.344619820100000140e+01,-3.553899157400000064e+01,-3.287582154399999723e+01,-4.515751806600000151e+01,-2.875989838499999962e+01
4.732362362399999967e+00,-4.357496596200000027e+01,-3.716807610099999692e+01,-3.309423615200000057e+01,-4.612295218199999880e+01,-2.849430510999999910e+01
4.752372372399999989e+00,-4.160295615900000143e+01,-3.671137366699999660e+01,-3.390493374199999721e+01,-4.382012673199999853e+01,-2.798185437800000130e+01
4.772382382400000012e+00,-4.365289742899999936e+01,-3.615698074200000178e+01,-3.414738504000000319e+01,-4.365818142900000254e+01,-2.775674767399999965e+01
4.792392392400000034e+00,-4.293717490899999945e+01,-3.720263210400000276e+01,-3.410709147499999716e+01,-4.485047502199999769e+01,-2.753239265299999872e+01
4.812402402400000057e+00,-4.269431465400000292e+01,-3.733679945099999742e+01,-3.414511944299999868e+01,-4.546702557900000130e+01,-2.746473931099999888e+01
4.832412412399999191e+00,-4.413942120899999821e+01,-3.804434571000000176e+01,-3.445445505699999700e+01,-4.359455024900000097e+01,-2.750477863800000122e+01
4.852422422399999213e+00,-4.292659504400000259e+01,-3.820689058100000324e+01,-3.567273431899999991e+01,-4.205030046800000321e+01,-2.729006390099999990e+01
4.872432432399999236e+00,-4.218177042100000307e+01,-3.728649810900000006e+01,-3.513714445099999750e+01,-4.224558750199999935e+01,-2.725324957300000150e+01
4.892442442399999258e+00,-4.249655578800000200e+01,-3.963755432600000006e+01,-3.471298624500000329e+01,-4.234331697300000030e+01,-2.721682094799999874e+01
4.912452452500000177e+00,-4.125546005399999672e+01,-3.941138448200000255e+01,-3.571537448699999828e+01,-4.182343675199999922e+01,-2.712798778200000172e+01
4.932462462500000200e+00,-4.033815964800000131e+01,-3.808902553299999738e+01,-3.491131765800000153e+01,-4.078986828099999684e+01,-2.769814391899999961e+01
4.952472472500000222e+00,-4.045629422799999730e+01,-3.769074200800000085e+01,-3.575152118199999762e+01,-4.188167637000000099e+01,-2.776285421700000100e+01
4.972482482500000245e+00,-4.019825765899999936e+01,-3.687030472499999689e+01,-3.499028368199999761e+01,-4.080290721499999762e+01,-2.821274232500000068e+01
4.992492492500000267e+00,-3.845865426000000298e+01,-3.696000688699999870e+01,-3.525590520600000133e+01,-4.144802478399999757e+01,-2.845886643700000107e+01
5.012502502500000290e+00,-4.038945451000000020e+01,-3.582711733400000043e+01,-3.486761869200000064e+01,-4.180854353499999831e+01,-2.875317712100000023e+01
5.032512512500000312e+00,-3.946719262999999955e+01,-3.497676465400000012e+01,-3.436409905000000009e+01,-4.306015876200000037e+01,-2.934963988599999851e+01
5.052522522500000335e+00,-3.981266270199999724e+01,-3.485879271099999954e+01,-3.413596742600000056e+01,-4.241358581800000138e+01,-2.982252220199999826e+01
5.072532532500000357e+00,-3.844044936899999954e+01,-3.437878834699999686e+01,-3.452460574900000267e+01,-4.259657843800000165e+01,-3.045052956800000032e+01
5.092542542500000380e+00,-3.863190758199999664e+01,-3.395162248799999816e+01,-3.436782995499999771e+01,-4.098961454599999854e+01,-3.107690301699999935e+01
5.112552552600000411e+00,-4.193803271800000232e+01,-3.343126771699999722e+01,-3.446383364799999782e+01,-4.128796432699999741e+01,-3.136372780199999966e+01
5.132562562600000433e+00,-3.954810117200000263e+01,-3.341424166200000201e+01,-3.462624610499999989e+01,-4.259757371100000256e+01,-3.236327699099999933e+01
5.152572572600000456e+00,-3.897562160599999714e+01,-3.242497497699999798e+01,-3.560740939499999769e+01,-4.160378085499999656e+01,-3.249428561599999910e+01
5.172582582600000478e+00,-3.830535528499999742e+01,-3.247154938999999985e+01,-3.570353156600000233e+01,-4.070328742899999952e+01,-3.408674161100000077e+01
5.192592592600000501e+00,-3.943028377800000328e+01,-3.214728265699999810e+01,-3.684834551899999866e+01,-3.937045514100000076e+01,-3.476181020599999982e+01
5.212602602600000523e+00,-3.869493140400000186e+01,-3.371108846799999981e+01,-3.771530661199999912e+01,-4.090629551899999683e+01,-3.595968965299999809e+01
5.232612612600000546e+00,-3.918276700700000248e+01,-3.254695010100000019e+01,-3.719508399299999724e+01,-4.078729697299999657e+01,-3.717613333399999931e+01
5.252622622600000568e+00,-3.855307912899999678e+01,-3.196024074800000037e+01,-3.687120132300000108e+01,-3.856304568000000188e+01,-3.643208296299999915e+01
5.272632632600000591e+00,-3.981283982600000115e+01,-3.181451937900000004e+01,-3.577933795700000275e+01,-3.838495777800000042e+01,-3.675034825000000183e+01
5.292642642600000613e+00,-3.699675086900000309e+01,-3.177648067999999881e+01,-3.575041068200000183e+01,-3.875338435399999781e+01,-3.525092591300000322e+01
5.312652652699999756e+00,-3.699159359099999733e+01,-3.228989638400000217e+01,-3.440505514699999878e+01,-3.738513801700000272e+01,-3.612049005200000096e+01
5.332662662699999778e+00,-3.818679357500000293e+01,-3.270669376099999681e+01,-3.397432450800000225e+01,-3.678328445900000077e+01,-3.510735885199999728e+01
5.352672672699999801e+00,-3.893931724800000183e+01,-3.276044674900000331e+01,-3.321049659799999887e+01,-3.628596562999999975e+01,-3.457925165599999673e+01
5.372682682699999823e+00,-4.038146125400000130e+01,-3.312027748300000241e+01,-3.293148668300000281e+01,-3.776354722800000019e+01,-3.503333935199999871e+01
5.392692692699999846e+00,-4.153548698200000189e+01,-3.410932591699999961e+01,-3.162494819899999854e+01,-3.733697088899999983e+01,-3.521052206299999909e+01
5.412702702699999868e+00,-4.305354314299999885e+01,-3.316042557499999788e+01,-3.069799576400000163e+01,-3.729842652800000025e+01,-3.600810844400000121e+01
5.432712712699999891e+00,-4.128925883699999844e+01,-3.295753825100000256e+01,-2.967286665099999965e+01,-3.917844215800000285e+01,-3.823286218500000189e+01
5.452722722699999913e+00,-4.477015704099999738e+01,-3.236863243700000226e+01,-2.989236925699999858e+01,-3.788353657399999719e+01,-3.725369521500000047e+01
5.472732732699999936e+00,-5.601450210099999794e+01,-3.272917023699999817e+01,-2.882924386199999844e+01,-3.811290433199999939e+01,-4.036679737400000079e+01
5.492742742699999958e+00,-5.338324534000000199e+01,-3.265124637299999932e+01,-2.829822441800000021e+01,-3.814973162199999734e+01,-3.900282508800000159e+01
5.512752752799999989e+00,-5.158712762900000115e+01,-3.298771510200000279e+01,-2.752272794299999958e+01,-3.738129416400000338e+01,-4.057165557199999739e+01
5.532762762800000012e+00,-5.232526112699999743e+01,-3.288601508499999682e+01,-2.745151088700000130e+01,-3.994959826499999878e+01,-4.058520714800000206e+01
5.552772772800000034e+00,-4.394539402299999864e+01,-3.211627978599999977e+01,-2.650007663899999955e+01,-3.759302713200000312e+01,-4.518505664700000324e+01
5.572782782800000057e+00,-4.645734485300000216e+01,-3.225892956700000269e+01,-2.654043666700000159e+01,-3.886482952099999721e+01,-4.594296218000000209e+01
5.592792792800000079e+00,-4.389649522300000228e+01,-3.230999204599999786e+01,-2.569791943099999898e+01,-3.719819420700000023e+01,-4.513753195400000351e+01
5.612802802800000102e+00,-4.328495381599999803e+01,-3.158879618699999980e+01,-2.528435825300000062e+01,-3.791384313100000014e+01,-4.332567408799999953e+01
5.632812812800000124e+00,-4.267508670699999840e+01,-3.193164511699999863e+01,-2.497531981099999854e+01,-3.757113341699999864e+01,-4.631166083099999753e+01
5.652822822800000147e+00,-4.332462397900000184e+01,-3.132795928899999893e+01,-2.459631158599999878e+01,-3.789274949600000042e+01,-4.792396749899999975e+01
5.672832832800000169e+00,-4.337465383600000024e+01,-3.063461324300000044e+01,-2.413851256299999903e+01,-3.916670594899999713e+01,-4.646697309399999654e+01
5.692842842800000192e+00,-4.120814239999999984e+01,-3.101205870800000142e+01,-2.377931090399999903e+01,-3.872684141599999919e+01,-5.088216980100000342e+01
5.712852852899999334e+00,-4.154596464499999797e+01,-3.158105885799999868e+01,-2.346742607199999853e+01,-3.984112107100000344e+01,-4.663896431799999931e+01
5.732862862899999357e+00,-4.639492156299999692e+01,-3.052344383300000175e+01,-2.301664109300000050e+01,-3.826503230800000210e+01,-4.097214441799999918e+01
5.752872872899999379e+00,-4.017492920899999831e+01,-3.026261438199999887e+01,-2.279728793099999962e+01,-3.984039384999999811e+01,-4.025135828799999871e+01
5.772882882899999402e+00,-4.185419687800000332e+01,-3.142466711799999857e+01,-2.279039502999999911e+01,-4.129913122100000322e+01,-3.832825275500000117e+01
5.792892892899999424e+00,-4.235513455000000249e+01,-3.159327469400000155e+01,-2.279021537499999894e+01,-4.142100004499999955e+01,-3.577033226599999693e+01
5.812902902899999447e+00,-4.198197302799999875e+01,-3.129142414100000025e+01,-2.224811493600000034e+01,-4.106482803899999823e+01,-3.556565320800000052e+01
5.832912912899999469e+00,-4.242067055399999731e+01,-3.293945198400000152e+01,-2.219178106500000069e+01,-4.392250762100000117e+01,-3.467791485899999770e+01
5.852922922899999492e+00,-4.177995050999999904e+01,-3.223444338499999873e+01,-2.195520479700000038e+01,-4.213209040000000272e+01,-3.429826911400000000e+01
5.872932932899999514e+00,-3.923289884999999799e+01,-3.272658341199999654e+01,-2.171258876799999982e+01,-4.152065569399999845e+01,-3.300104328900000183e+01
5.892942942899999537e+00,-4.153278315499999707e+01,-3.242144550700000138e+01,-2.172272842799999992e+01,-4.122155485999999769e+01,-3.223732354599999894e+01
5.912952952999999567e+00,-4.356082875599999937e+01,-3.215623948500000040e+01,-2.146222438699999913e+01,-4.168624230900000072e+01,-3.202337826800000187e+01
5.932962962999999590e+00,-4.267161769999999876e+01,-3.248211642100000063e+01,-2.147193774699999835e+01,-4.140964194099999673e+01,-3.234944541000000129e+01
5.952972972999999612e+00,-4.688475453800000281e+01,-3.212278593500000312e+01,-2.170411036999999865e+01,-4.174285569999999979e+01,-3.168562353300000112e+01
5.972982982999999635e+00,-4.417719913199999837e+01,-3.193872226899999944e+01,-2.174405012600000120e+01,-3.950051551100000324e+01,-3.218810655899999773e+01
5.992992992999999657e+00,-4.304516321500000231e+01,-3.112003100800000155e+01,-2.183225833799999904e+01,-4.018757582199999945e+01,-3.222747471699999977e+01
6.013003002999999680e+00,-4.063830055100000038e+01,-3.064651266299999932e+01,-2.232239045600000082e+01,-3.939982291599999797e+01,-3.279896450599999724e+01
6.033013012999999702e+00,-4.422759100500000073e+01,-3.152552098399999991e+01,-2.261751895500000131e+01,-4.002321332100000006e+01,-3.417467831100000097e+01
6.053023022999999725e+00,-4.331908604600000245e+01,-3.169849904399999829e+01,-2.293170960000000136e+01,-3.936504911600000156e+01,-3.450735339500000265e+01
6.073033032999999747e+00,-4.031266455600000143e+01,-3.165224544999999878e+01,-2.352261016499999968e+01,-3.788980202300000144e+01,-3.464520410000000084e+01
6.093043042999999770e+00,-4.424592739500000249e+01,-3.202905407699999785e+01,-2.415440095099999951e+01,-3.975309013399999714e+01,-3.563329479800000144e+01
6.113053053100000689e+00,-3.979457755800000029e+01,-3.269341281599999860e+01,-2.443128626000000025e+01,-3.788718337600000297e+01,-3.468699375799999984e+01
6.133063063100000711e+00,-4.049313878099999897e+01,-3.288057767600000147e+01,-2.516902926199999868e+01,-3.604485373899999701e+01,-3.471743317300000342e+01
6.153073073100000734e+00,-4.056623616899999973e+01,-3.188206317499999898e+01,-2.543837467000000174e+01,-3.602932852200000013e+01,-3.458777713399999953e+01
6.173083083100000756e+00,-4.473621182000000118e+01,-3.340734330200000102e+01,-2.623996062100000159e+01,-3.692450497899999817e+01,-3.380211167200000233e+01
6.193093093100000779e+00,-4.218297861199999943e+01,-3.414969758400000188e+01,-2.738888691200000025e+01,-3.794083077900000234e+01,-3.279006085500000012e+01
6.213103103100000801e+00,-3.945893611099999987e+01,-3.432478449100000262e+01,-2.810610323299999891e+01,-3.671636672799999701e+01,-3.216091858800000125e+01
6.233113113100000824e+00,-4.345012985799999683e+01,-3.518157396200000164e+01,-2.860542614299999897e+01,-3.609224163799999729e+01,-3.156209130399999907e+01
6.253123123099999958e+00,-4.259707828300000187e+01,-3.559801883899999808e+01,-2.997119049499999832e+01,-3.497727085799999713e+01,-3.196017095599999891e+01
6.273133133099999981e+00,-4.153510808800000120e+01,-3.619358267799999851e+01,-2.957345044899999920e+01,-3.474077224199999847e+01,-3.228470134999999885e+01
6.293143143100000003e+00,-4.048842452800000302e+01,-3.781892811299999835e+01,-3.121730321400000108e+01,-3.446802810100000158e+01,-3.230935148700000070e+01
6.313153153200000034e+00,-4.184000871199999949e+01,-3.622401679000000030e+01,-3.137014107899999971e+01,-3.470987639900000232e+01,-3.294197946300000268e+01
6.333163163200000056e+00,-4.122605800499999873e+01,-4.019325839500000086e+01,-3.200330195800000155e+01,-3.365704834200000306e+01,-3.355881621399999659e+01
6.353173173200000079e+00,-3.937887799399999977e+01,-3.820965845300000296e+01,-3.201858889399999697e+01,-3.531132320999999763e+01,-3.393607683599999802e+01
6.373183183200000101e+00,-4.062287862800000227e+01,-3.786461884700000269e+01,-3.273851212999999660e+01,-3.419954349900000068e+01,-3.491678708300000267e+01
6.393193193200000124e+00,-4.322259447500000107e+01,-3.974437636399999718e+01,-3.217999898800000125e+01,-3.412432023600000264e+01,-3.427921046499999846e+01
6.413203203200000146e+00,-4.072959646700000036e+01,-4.028767813999999703e+01,-3.237367040600000223e+01,-3.373160802499999988e+01,-3.453251131500000071e+01
6.433213213200000169e+00,-3.964143608100000193e+01,-4.278642118900000213e+01,-3.248806192299999651e+01,-3.443429276599999866e+01,-3.500750965299999962e+01
6.453223223200000191e+00,-4.430172420899999963e+01,-4.196813834600000348e+01,-3.242530273999999935e+01,-3.433924738200000348e+01,-3.458461373099999747e+01
6.473233233200000214e+00,-4.013564186800000044e+01,-4.129975278100000224e+01,-3.127136877699999928e+01,-3.304867028299999987e+01,-3.562205734700000193e+01
6.493243243200000236e+00,-4.058626354199999753e+01,-4.087355392199999926e+01,-3.135661830500000136e+01,-3.293678818200000080e+01,-3.526701368900000233e+01
6.513253253300000267e+00,-4.230878269499999789e+01,-3.930755246799999725e+01,-3.029683204499999860e+01,-3.278372737800000181e+01,-3.793863693200000142e+01
6.533263263300000290e+00,-4.305365310900000253e+01,-3.730952824100000242e+01,-2.959527155600000015e+01,-3.270235250700000051e+01,-3.878462909999999653e+01
6.553273273300000312e+00,-4.371753935299999938e+01,-3.417312697700000257e+01,-3.052825667400000142e+01,-3.218771641600000066e+01,-3.817580757500000033e+01
6.573283283300000335e+00,-4.325244389800000278e+01,-3.302122698400000189e+01,-2.941674010999999922e+01,-3.217542944699999907e+01,-3.888554109500000067e+01
6.593293293300000357e+00,-4.548781242500000133e+01,-3.217018505400000095e+01,-2.912513778499999972e+01,-3.253260012300000170e+01,-3.781020254199999897e+01
6.613303303300000380e+00,-4.123965314400000182e+01,-3.171521600199999824e+01,-2.914797097199999953e+01,-3.162746297200000001e+01,-3.922794210400000026e+01
6.633313313300000402e+00,-4.196044317599999829e+01,-3.098563362699999857e+01,-2.887911558000000056e+01,-3.110515037100000058e+01,-3.839441871599999700e+01
6.653323323300000425e+00,-4.361812002399999955e+01,-2.994298307300000062e+01,-2.868153102699999835e+01,-3.212848535199999844e+01,-3.889594409499999728e+01
6.673333333300000447e+00,-4.277751491899999792e+01,-2.976221442900000014e+01,-2.898907005699999928e+01,-3.224481542400000222e+01,-4.078394809800000331e+01
6.693343343300000470e+00,-4.538141478699999709e+01,-2.969784662800000063e+01,-2.853760522600000016e+01,-3.342037478700000008e+01,-4.140948533499999940e+01
6.713353353399999612e+00,-4.254248776299999690e+01,-2.836872487999999848e+01,-2.901351891999999921e+01,-3.324919620200000026e+01,-3.912598103100000202e+01
6.733363363399999635e+00,-4.263058349300000316e+01,-2.875638425800000064e+01,-2.863031659800000028e+01,-3.386920798100000241e+01,-3.959494968900000345e+01
6.753373373399999657e+00,-4.438083336300000070e+01,-2.814043570500000158e+01,-2.899531265599999941e+01,-3.566761110000000201e+01,-4.025568173199999933e+01
6.773383383399999680e+00,-4.421464277199999771e+01,-2.706728882199999831e+01,-2.898167732099999938e+01,-3.553216143400000249e+01,-4.016447795300000223e+01
6.793393393399999702e+00,-4.458978880099999742e+01,-2.676044434599999988e+01,-2.953773555900000147e+01,-3.678883660000000333e+01,-3.749455146199999689e+01
6.813403403399999725e+00,-4.256137017300000025e+01,-2.662039529799999826e+01,-2.991248853500000138e+01,-3.745695543499999758e+01,-3.682946291399999694e+01
6.833413413399999747e+00,-4.565212646999999890e+01,-2.636061144900000031e+01,-2.931232141099999922e+01,-3.669473363800000243e+01,-3.447451761399999981e+01
6.853423423399999770e+00,-6.807818768699999623e+01,-2.598827115699999979e+01,-2.978082344899999967e+01,-3.859537698199999767e+01,-3.375022815799999876e+01
6.873433433399999792e+00,-5.343843027399999812e+01,-2.622437904699999933e+01,-3.018828526200000084e+01,-3.822099839799999899e+01,-3.313339446799999877e+01
6.893443443399999815e+00,-4.307304488500000161e+01,-2.590071417700000111e+01,-3.129562736000000100e+01,-3.853781331599999760e+01,-3.200723394399999933e+01
6.913453453499999846e+00,-4.341659207800000075e+01,-2.633932330600000071e+01,-3.135891027099999917e+01,-3.761521127200000336e+01,-3.146548187699999843e+01
6.933463463499999868e+00,-4.232346493299999679e+01,-2.683711985900000130e+01,-3.154178027300000053e+01,-3.854284484099999730e+01,-3.086556248400000158e+01
6.953473473499999891e+00,-3.844315244799999931e+01,-2.605569393000000034e+01,-3.202901466099999794e+01,-3.994384214000000100e+01,-2.976433770099999876e+01
6.973483483499999913e+00,-3.782288974200000098e+01,-2.650269713200000155e+01,-3.232528998499999773e+01,-3.847580673200000234e+01,-2.908209246699999895e+01
6.993493493499999936e+00,-3.821470277099999890e+01,-2.634391426599999875e+01,-3.251762274000000019e+01,-3.862810811100000308e+01,-2.841909503000000115e+01
7.013503503499999958e+00,-3.536823991499999664e+01,-2.592085904600000035e+01,-3.409338293500000105e+01,-3.809316106600000040e+01,-2.861903952300000142e+01
7.033513513499999981e+00,-3.450822001400000261e+01,-2.595375488999999902e+01,-3.413610024999999837e+01,-3.620664749400000204e+01,-2.804384440999999839e+01
7.053523523500000003e+00,-3.561484123799999679e+01,-2.590986291100000116e+01,-3.491035082199999806e+01,-3.650199731299999684e+01,-2.817787457900000092e+01
7.073533533500000026e+00,-3.514075762200000241e+01,-2.582468349000000174e+01,-3.519793392500000095e+01,-3.538644961699999669e+01,-2.760100379900000078e+01
7.093543543500000048e+00,-3.542106970799999743e+01,-2.546078140799999900e+01,-3.541482710399999689e+01,-3.510649149200000352e+01,-2.843847257299999853e+01
7.113553553600000079e+00,-3.423306031100000268e+01,-2.465267871800000066e+01,-3.497210287400000084e+01,-3.598924362500000029e+01,-2.875382206999999823e+01
7.133563563600000101e+00,-3.457827126899999826e+01,-2.428447496900000147e+01,-3.447959871900000195e+01,-3.379040381499999768e+01,-2.800498885800000082e+01
7.153573573600000124e+00,-3.481088484099999647e+01,-2.361055952899999966e+01,-3.311703386800000004e+01,-3.379564597099999901e+01,-2.873773736200000073e+01
7.173583583600000146e+00,-3.394661912099999768e+01,-2.328162272899999863e+01,-3.394425146500000068e+01,-3.449205718300000001e+01,-2.877234095100000033e+01
7.193593593600000169e+00,-3.583537786899999844e+01,-2.279518444800000054e+01,-3.419299337000000349e+01,-3.420120461300000159e+01,-2.880075122999999948e+01
7.213603603600000191e+00,-3.509288285400000262e+01,-2.291615797900000118e+01,-3.319547535800000304e+01,-3.482855270600000352e+01,-2.996115735700000116e+01
7.233613613600000214e+00,-3.795425945400000245e+01,-2.246973951700000072e+01,-3.443335865400000273e+01,-3.525881677900000000e+01,-3.021429930300000066e+01
7.253623623600000236e+00,-4.615964341200000121e+01,-2.255239183799999836e+01,-3.239532318300000213e+01,-3.538840906299999745e+01,-3.043989727399999978e+01
7.273633633600000259e+00,-4.375713142000000033e+01,-2.262007937399999946e+01,-3.281058553700000147e+01,-3.783514532800000296e+01,-3.027892659400000142e+01
7.293643643600000281e+00,-5.032378330699999935e+01,-2.255765785999999906e+01,-3.163508336399999976e+01,-3.878397749700000219e+01,-3.008292332099999911e+01
7.313653653699999424e+00,-5.558423821400000264e+01,-2.283143942199999898e+01,-3.112968281099999857e+01,-4.016863711500000278e+01,-3.018580679400000122e+01
7.333663663699999447e+00,-5.803643350899999831e+01,-2.323770892799999999e+01,-3.112078979800000056e+01,-3.817112874400000067e+01,-3.056658917100000039e+01
7.353673673699999469e+00,-4.406411853499999864e+01,-2.329322884400000149e+01,-3.060168841300000153e+01,-3.724802646199999856e+01,-3.022215278399999860e+01
7.373683683699999492e+00,-4.398451958700000120e+01,-2.353372416199999861e+01,-2.999670490999999828e+01,-3.589458837299999772e+01,-3.105043453500000084e+01
7.393693693699999514e+00,-4.206566985100000267e+01,-2.378559322799999975e+01,-2.996171748900000154e+01,-3.579505786299999670e+01,-3.176899292399999908e+01
7.413703703699999537e+00,-3.964232771300000024e+01,-2.407471500300000145e+01,-2.922366762900000126e+01,-3.475343481400000201e+01,-3.329834638199999830e+01
7.433713713699999559e+00,-4.085864908399999962e+01,-2.414372145300000128e+01,-2.836547270200000170e+01,-3.351105173100000201e+01,-3.446241817100000304e+01
7.453723723699999582e+00,-3.753249517599999763e+01,-2.492603835799999956e+01,-2.798084564699999888e+01,-3.425153498699999943e+01,-3.663679422999999957e+01
7.473733733699999604e+00,-3.626855597099999784e+01,-2.559534495200000137e+01,-2.754155409999999904e+01,-3.510133689500000287e+01,-4.013342856199999886e+01
7.493743743699999627e+00,-3.540400654500000144e+01,-2.716313906699999947e+01,-2.725920006100000137e+01,-3.566263730499999696e+01,-4.245023796400000293e+01
7.513753753800000545e+00,-3.454484063200000321e+01,-2.772122637400000045e+01,-2.699741875400000168e+01,-3.634724408900000014e+01,-4.346157830599999983e+01
7.533763763800000568e+00,-3.323624388599999691e+01,-2.932180416699999981e+01,-2.747978273100000024e+01,-3.961562107999999682e+01,-4.806454993199999848e+01
7.553773773800000590e+00,-3.142207605700000173e+01,-3.042595307099999857e+01,-2.732041900000000112e+01,-3.735242558299999871e+01,-4.224719589200000058e+01
7.573783783800000613e+00,-3.097492304200000035e+01,-3.270610384599999776e+01,-2.728466843200000014e+01,-3.896560354599999698e+01,-4.298904306499999706e+01
7.593793793799999747e+00,-3.053231065199999961e+01,-3.258586247699999916e+01,-2.708131047499999866e+01,-3.711137263700000233e+01,-4.202394380300000165e+01
7.613803803799999770e+00,-3.057982664700000086e+01,-3.616997307900000180e+01,-2.769615068399999913e+01,-3.443433867499999934e+01,-4.125003750999999852e+01
7.633813813799999792e+00,-3.008079504999999898e+01,-3.692933912000000163e+01,-2.747942502000000076e+01,-3.385880011900000142e+01,-4.069717699400000299e+01
7.653823823799999815e+00,-2.899002671799999931e+01,-3.633952549499999662e+01,-2.753101297499999944e+01,-3.213496365799999666e+01,-4.213210125199999823e+01
7.673833833799999837e+00,-2.972484659299999876e+01,-3.639193809900000076e+01,-2.780036243600000034e+01,-3.135715957600000081e+01,-4.025150734999999713e+01
7.693843843799999860e+00,-2.915106406600000000e+01,-3.629820489800000161e+01,-2.749364368699999872e+01,-3.048833420500000102e+01,-4.030009782500000171e+01
7.713853853899999891e+00,-2.951266130400000165e+01,-3.829502753999999953e+01,-2.772872246100000027e+01,-3.013525263900000084e+01,-4.204875941699999942e+01
7.733863863899999913e+00,-3.007624953999999917e+01,-3.816624309800000248e+01,-2.842880448000000015e+01,-2.931779802999999873e+01,-3.812796458100000052e+01
7.753873873899999936e+00,-3.097585865099999936e+01,-3.685480467499999691e+01,-2.811002527000000129e+01,-2.937024423800000150e+01,-3.782651236200000255e+01
7.773883883899999958e+00,-3.025415422600000070e+01,-3.651730806999999857e+01,-2.889980968700000119e+01,-2.887505974999999836e+01,-3.827886507699999896e+01
7.793893893899999981e+00,-3.088386137099999829e+01,-3.640155337600000252e+01,-2.897341602899999913e+01,-2.923185296400000155e+01,-3.753683503900000318e+01
7.813903903900000003e+00,-3.229507866299999819e+01,-3.636237196900000157e+01,-2.940300824299999860e+01,-2.875217945300000011e+01,-3.899710385299999871e+01
7.833913913900000026e+00,-3.148718016999999847e+01,-3.804697452199999930e+01,-2.941525713200000069e+01,-2.837060244399999931e+01,-3.814411684800000302e+01
7.853923923900000048e+00,-3.379807459999999963e+01,-3.673600695500000057e+01,-2.899946165300000089e+01,-2.820363650199999839e+01,-3.742191751200000027e+01
7.873933933899999182e+00,-3.459896469499999938e+01,-3.638965983599999987e+01,-2.913726477299999829e+01,-2.869238998300000176e+01,-3.722944575300000025e+01
7.893943943899999205e+00,-3.429208285499999675e+01,-3.970589997799999793e+01,-2.946540934700000136e+01,-2.914823352100000164e+01,-3.803684914000000106e+01
7.913953954000000124e+00,-3.463513081800000037e+01,-3.829713392099999680e+01,-2.972578357200000099e+01,-2.854018912100000094e+01,-3.702695393399999801e+01
7.933963964000000146e+00,-3.549451018199999908e+01,-4.019924332099999731e+01,-3.082758741600000008e+01,-2.838819057299999926e+01,-3.771325869000000353e+01
7.953973974000000169e+00,-3.589393367899999987e+01,-3.851213912499999736e+01,-3.084540295700000101e+01,-2.849887332899999848e+01,-3.790386339100000157e+01
7.973983984000000191e+00,-3.753641538600000160e+01,-3.575101956200000330e+01,-3.173828548799999894e+01,-2.879896506800000111e+01,-3.846682427300000029e+01
7.993993994000000214e+00,-3.883852672799999795e+01,-3.622141353699999655e+01,-3.093280948700000010e+01,-2.835251418000000001e+01,-3.855809248700000325e+01
8.014004004000000236e+00,-4.006505599799999828e+01,-3.508484704199999982e+01,-3.100281675400000125e+01,-2.815759673999999890e+01,-3.699761916300000308e+01
8.034014014000000259e+00,-3.751692392700000056e+01,-3.490272266000000201e+01,-3.169147321199999823e+01,-2.792683684500000041e+01,-3.745508480099999815e+01
8.054024024000000281e+00,-4.051537917899999997e+01,-3.263722455300000291e+01,-3.228906435999999758e+01,-2.764145681400000143e+01,-4.022668904799999723e+01
8.074034034000000304e+00,-3.839142136400000282e+01,-3.174702114500000150e+01,-3.331350656499999729e+01,-2.848414591599999923e+01,-4.033419285499999773e+01
8.094044044000000326e+00,-4.338586218100000025e+01,-3.096846255199999831e+01,-3.282868842199999904e+01,-2.800778339000000017e+01,-3.905355202500000189e+01
8.114054054100000357e+00,-4.062039995199999964e+01,-3.038452575399999844e+01,-3.459304488899999797e+01,-2.824560068099999910e+01,-4.053591424300000057e+01
8.134064064100000380e+00,-4.053774544699999893e+01,-3.037543222300000068e+01,-3.525367215400000021e+01,-2.872793231400000025e+01,-3.843470722699999698e+01
8.154074074100000402e+00,-3.926603895099999875e+01,-3.026777504600000057e+01,-3.579082355700000306e+01,-2.892421612000000053e+01,-3.874204150599999963e+01
8.174084084100000425e+00,-4.303834194299999893e+01,-3.051507709399999868e+01,-3.864272976400000204e+01,-2.800536196499999875e+01,-3.976248495899999824e+01
8.194094094100000447e+00,-4.209974667699999884e+01,-3.086106906899999913e+01,-4.213261649300000045e+01,-2.857372409599999941e+01,-3.865749891099999758e+01
8.214104104100000470e+00,-3.825214550300000127e+01,-2.986234052200000022e+01,-3.886602891300000095e+01,-2.887402067300000041e+01,-3.918594211100000280e+01
8.234114114100000492e+00,-3.654457412699999708e+01,-2.971088740300000097e+01,-4.212784341500000096e+01,-2.844663144800000154e+01,-3.997460602200000324e+01
8.254124124100000515e+00,-3.762226601799999770e+01,-2.948762252599999911e+01,-4.325650492500000155e+01,-2.915265553600000104e+01,-3.786273338499999852e+01
8.274134134100000537e+00,-3.600828611699999726e+01,-2.916739521699999926e+01,-4.197355078700000064e+01,-2.845450613899999937e+01,-4.228133182300000215e+01
8.294144144100000560e+00,-3.514706824400000329e+01,-2.844078559100000092e+01,-4.413707553599999756e+01,-2.938957391299999955e+01,-4.575243393400000258e+01
8.314154154200000590e+00,-3.563940137499999850e+01,-2.874346204700000129e+01,-4.463131863899999985e+01,-2.904771954399999956e+01,-4.208197652700000191e+01
8.334164164200000613e+00,-3.610346959599999650e+01,-2.908992629400000141e+01,-4.119796696899999944e+01,-2.880597837599999878e+01,-4.019479415600000038e+01
8.354174174200000635e+00,-3.601070764199999985e+01,-2.940685739699999957e+01,-4.184047946500000137e+01,-2.868410193500000105e+01,-3.839545494400000081e+01
8.374184184200000658e+00,-3.704665702799999849e+01,-2.991659486700000059e+01,-4.076384064799999862e+01,-2.807201016499999824e+01,-3.588932797300000033e+01
8.394194194200000680e+00,-3.803685954600000230e+01,-2.934405068899999947e+01,-3.845472171099999770e+01,-2.763269490000000062e+01,-3.664795014100000259e+01
8.414204204199998927e+00,-3.725892317000000276e+01,-2.945112180899999998e+01,-3.813067604100000096e+01,-2.770882359799999861e+01,-3.582255751900000007e+01
8.434214214199998949e+00,-3.820370936900000203e+01,-2.923021366200000060e+01,-3.879346779899999831e+01,-2.695353419299999942e+01,-3.328194386500000235e+01
8.454224224199998972e+00,-3.647196105700000146e+01,-2.864319755000000001e+01,-3.714790349900000166e+01,-2.722396109700000011e+01,-3.415484963299999777e+01
8.474234234199998994e+00,-3.923978042400000277e+01,-2.994845496800000006e+01,-3.544260246700000039e+01,-2.738305478099999846e+01,-3.377085358099999723e+01
8.494244244199999017e+00,-3.990071706999999890e+01,-2.917320945599999860e+01,-3.683525082500000281e+01,-2.747681203699999841e+01,-3.387282972300000239e+01
8.514254254300000824e+00,-3.713977929899999708e+01,-2.846555724199999915e+01,-3.543279222299999986e+01,-2.739266520800000038e+01,-3.370291745400000138e+01
8.534264264300000846e+00,-4.866944654899999989e+01,-3.004222820400000060e+01,-3.531702133699999990e+01,-2.729449086199999996e+01,-3.389764580700000351e+01
8.554274274300000869e+00,-3.928536536200000029e+01,-2.989965975100000151e+01,-3.478161157400000292e+01,-2.765829374000000129e+01,-3.392728238299999788e+01
8.574284284300000891e+00,-3.858555269899999729e+01,-2.926902637299999910e+01,-3.505978669800000347e+01,-2.769046447899999919e+01,-3.298208149799999944e+01
8.594294294299999137e+00,-3.981011206800000224e+01,-3.017231877100000048e+01,-3.475039848400000153e+01,-2.776276333999999935e+01,-3.274620090399999839e+01
8.614304304299999160e+00,-3.962244419799999662e+01,-2.954992444399999840e+01,-3.457896045900000104e+01,-2.795020069999999990e+01,-3.307058443199999687e+01
8.634314314299999182e+00,-4.388376262700000296e+01,-3.164886331700000000e+01,-3.610039584500000132e+01,-2.782112260299999917e+01,-3.227128649099999791e+01
8.654324324299999205e+00,-4.075428755400000114e+01,-2.981762699700000141e+01,-3.569945028200000081e+01,-2.801733082899999872e+01,-3.302434985299999681e+01
8.674334334299999227e+00,-4.596382054400000072e+01,-2.987223625800000093e+01,-3.704562150499999973e+01,-2.756319026099999903e+01,-3.323878451200000228e+01
8.694344344299999250e+00,-4.211065611600000125e+01,-3.065118423899999911e+01,-3.783004269500000305e+01,-2.826532986200000153e+01,-3.331781186999999989e+01
8.714354354399999281e+00,-4.115261146900000000e+01,-3.039334762800000078e+01,-3.834450033200000263e+01,-2.814787228400000174e+01,-3.329146599599999945e+01
8.734364364399999303e+00,-4.668277913400000045e+01,-3.070061284999999884e+01,-3.686187706100000128e+01,-2.728917089400000151e+01,-3.425636030700000134e+01
8.754374374399999326e+00,-3.999520834100000144e+01,-3.022313663499999947e+01,-3.653375780199999667e+01,-2.691489453499999840e+01,-3.438431022399999648e+01
8.774384384399999348e+00,-4.320961431199999936e+01,-3.029605099999999851e+01,-3.709937435300000175e+01,-2.700712117999999862e+01,-3.441290355499999976e+01
8.794394394399999371e+00,-4.497788680200000044e+01,-2.998918037700000028e+01,-3.749061637199999808e+01,-2.671551620800000038e+01,-3.542244918499999784e+01
8.814404404399999393e+00,-4.245746432199999987e+01,-2.899203034099999954e+01,-3.914380790300000257e+01,-2.694670431999999849e+01,-3.542484674500000352e+01
8.834414414399999416e+00,-5.052541479900000354e+01,-2.784863918900000002e+01,-3.880892891399999911e+01,-2.648247466600000166e+01,-3.682298875899999757e+01
8.854424424399999438e+00,-5.530303673099999884e+01,-2.686831487399999929e+01,-3.603917941299999939e+01,-2.666501993600000020e+01,-3.903751211400000187e+01
8.874434434399999461e+00,-4.715037044700000024e+01,-2.663608640200000011e+01,-4.005273459600000052e+01,-2.696675463500000092e+01,-3.752311893099999907e+01
8.894444444399999483e+00,-5.756753453099999973e+01,-2.629883422900000056e+01,-3.989938231499999688e+01,-2.660851337700000130e+01,-3.574411396899999716e+01
8.914454454499999514e+00,-5.166912725699999953e+01,-2.507577440500000066e+01,-4.173948929499999849e+01,-2.610098978099999911e+01,-3.695154906100000147e+01
8.934464464499999536e+00,-4.597319067699999806e+01,-2.293983157699999964e+01,-3.600117709399999910e+01,-2.607442206200000001e+01,-3.341728379399999938e+01
8.954474474499999559e+00,-4.258622834799999879e+01,-2.444695595499999996e+01,-3.436596146299999788e+01,-2.669178232699999853e+01,-3.228972079999999778e+01
8.974484484499999581e+00,-4.555011350299999862e+01,-2.424478096800000060e+01,-3.365606336199999760e+01,-2.612260109900000060e+01,-3.002755057599999944e+01
8.994494494499999604e+00,-4.239834195499999936e+01,-2.400824491099999847e+01,-3.202246112499999953e+01,-2.581137671600000161e+01,-2.887195520899999934e+01
9.014504504499999626e+00,-3.749004728900000316e+01,-2.350531200200000015e+01,-3.225025868099999826e+01,-2.618226741899999865e+01,-2.815052925999999900e+01
9.034514514499999649e+00,-3.969441498700000182e+01,-2.370961777000000126e+01,-3.027939682899999951e+01,-2.544850817700000079e+01,-2.672712031600000060e+01
9.054524524499999671e+00,-3.769815058900000082e+01,-2.458963986299999860e+01,-2.996563841200000056e+01,-2.565599325100000172e+01,-2.690759087400000027e+01
9.074534534499999694e+00,-3.751085292100000146e+01,-2.334616089700000074e+01,-3.030323716999999917e+01,-2.552230952700000088e+01,-2.595651605200000134e+01
9.094544544499999716e+00,-3.853660364800000337e+01,-2.483855693299999956e+01,-2.862617118600000055e+01,-2.532102640300000118e+01,-2.669640589300000144e+01
9.114554554599999747e+00,-3.734078281400000066e+01,-2.447126394700000063e+01,-2.901638956800000102e+01,-2.586965622499999995e+01,-2.638118947699999950e+01
9.134564564599999770e+00,-4.053027674799999858e+01,-2.395281408099999965e+01,-2.840940119400000086e+01,-2.564851669500000142e+01,-2.553394401299999927e+01
9.154574574599999792e+00,-3.828450388400000293e+01,-2.459794704200000126e+01,-2.843334427199999936e+01,-2.544979551999999856e+01,-2.625081896300000039e+01
9.174584584599999815e+00,-3.707899730599999799e+01,-2.461243323900000135e+01,-2.936113132499999878e+01,-2.559625241299999843e+01,-2.627633752099999853e+01
9.194594594599999837e+00,-3.476395883699999700e+01,-2.481926713900000081e+01,-2.919786788800000110e+01,-2.630385362999999899e+01,-2.642263518800000099e+01
9.214604604599999860e+00,-3.465861197000000260e+01,-2.440510692599999842e+01,-2.854095783200000014e+01,-2.689347046199999980e+01,-2.694498386800000134e+01
9.234614614599999882e+00,-3.153357085400000059e+01,-2.406966824299999885e+01,-2.905843320700000021e+01,-2.673948240500000040e+01,-2.636744618899999892e+01
9.254624624599999905e+00,-3.440751012100000139e+01,-2.520333844099999965e+01,-2.885428168099999979e+01,-2.775269492800000037e+01,-2.619561000399999884e+01
9.274634634599999927e+00,-3.164828767499999884e+01,-2.430666639800000084e+01,-2.880757566999999852e+01,-2.889014948999999888e+01,-2.638980089500000048e+01
9.294644644599999950e+00,-3.198496870399999992e+01,-2.560840402499999868e+01,-2.809817911400000057e+01,-2.986068318199999894e+01,-2.664273161899999920e+01
9.314654654699999980e+00,-3.082281691600000073e+01,-2.526263146999999876e+01,-2.783911203299999926e+01,-3.120269111500000037e+01,-2.678098662800000085e+01
9.334664664700000003e+00,-3.136380660900000095e+01,-2.442802787400000142e+01,-2.770017624999999839e+01,-3.202941742600000197e+01,-2.789036007200000000e+01
9.354674674700000025e+00,-2.979152532100000172e+01,-2.491261075899999966e+01,-2.713607359499999916e+01,-3.353350606800000122e+01,-2.846383091399999898e+01
9.374684684700000048e+00,-3.052555453100000094e+01,-2.520763769499999896e+01,-2.703200986099999881e+01,-3.477399058700000012e+01,-3.035971448300000120e+01
9.394694694700000070e+00,-2.862964603600000046e+01,-2.530151498400000065e+01,-2.669910544900000104e+01,-3.826056863699999866e+01,-3.133903993699999901e+01
9.414704704700000093e+00,-2.873397104800000079e+01,-2.452052158000000048e+01,-2.697355194900000086e+01,-3.762864719400000268e+01,-3.244116744299999766e+01
9.434714714700000115e+00,-3.001676824300000135e+01,-2.603296677899999878e+01,-2.653861951200000036e+01,-4.088360983700000162e+01,-3.303981051099999888e+01
9.454724724700000138e+00,-2.873281312800000009e+01,-2.516712685099999902e+01,-2.640777211900000054e+01,-4.498001137499999658e+01,-3.420161162400000165e+01
9.474734734700000161e+00,-2.948893845799999980e+01,-2.662236198600000137e+01,-2.622446052500000135e+01,-4.855352741299999764e+01,-3.445632903500000310e+01
9.494744744700000183e+00,-2.881820977799999994e+01,-2.595691806600000007e+01,-2.579266697899999983e+01,-4.308204618599999947e+01,-3.354012646799999686e+01
9.514754754799998437e+00,-2.848250718099999901e+01,-2.733738382399999978e+01,-2.654006414899999911e+01,-4.427448701299999811e+01,-3.124076874200000020e+01
9.534764764799998460e+00,-2.922776033899999959e+01,-2.601949122999999986e+01,-2.667797017799999892e+01,-4.641692451699999822e+01,-3.156500614300000152e+01
9.554774774799998482e+00,-3.172625954500000134e+01,-2.795336152899999860e+01,-2.618008496699999910e+01,-4.119499023000000193e+01,-3.099702196799999854e+01
9.574784784799998505e+00,-3.072573742300000177e+01,-2.914450277999999983e+01,-2.761760095400000026e+01,-4.148684227999999763e+01,-3.017760671299999942e+01
9.594794794799998527e+00,-3.020164031599999888e+01,-2.918269129600000156e+01,-2.754590838800000085e+01,-3.607291215899999770e+01,-2.922417445499999999e+01
9.614804804799998550e+00,-3.324741113599999665e+01,-2.903629251499999953e+01,-2.767455558099999990e+01,-3.305373177399999918e+01,-2.880685236700000118e+01
9.634814814799998572e+00,-3.572478543799999784e+01,-2.984331324500000093e+01,-2.805108578500000149e+01,-3.289656711399999978e+01,-2.883466417600000042e+01
9.654824824799998595e+00,-3.317716900700000338e+01,-2.886206516500000063e+01,-2.886753520899999970e+01,-3.155408209799999852e+01,-2.835131591100000037e+01
9.674834834799998617e+00,-3.539909330399999732e+01,-2.908615358999999856e+01,-2.903507088199999941e+01,-3.021200152300000141e+01,-2.893084694999999940e+01
9.694844844799998640e+00,-3.664181011400000187e+01,-2.817233497599999836e+01,-2.979774970000000067e+01,-2.900557703699999834e+01,-2.924511729299999985e+01
9.714854854900000447e+00,-4.246592363900000322e+01,-2.863524949900000038e+01,-2.841195496299999945e+01,-2.914672544100000096e+01,-2.842256953100000061e+01
9.734864864900000470e+00,-4.023419734400000181e+01,-2.805231135400000042e+01,-2.794625778700000041e+01,-2.769172233600000155e+01,-2.926432314599999884e+01
9.754874874900000492e+00,-4.003910951299999965e+01,-2.827277355100000023e+01,-2.670674511300000020e+01,-2.822990319099999823e+01,-2.925734531100000169e+01
9.774884884899998738e+00,-3.942725144300000295e+01,-2.879016750699999960e+01,-2.719302877300000176e+01,-2.723325484400000107e+01,-2.925623916400000013e+01
9.794894894899998761e+00,-3.572267324300000269e+01,-2.968979396900000012e+01,-2.621219274299999924e+01,-2.724166264400000159e+01,-2.769528612599999917e+01
9.814904904899998783e+00,-3.773411994500000333e+01,-2.697685710400000048e+01,-2.680804825099999888e+01,-2.731070348100000089e+01,-2.870686174400000112e+01
9.834914914899998806e+00,-3.151352080099999853e+01,-2.797648201000000157e+01,-2.555600618400000101e+01,-2.693863795100000047e+01,-2.896452543799999901e+01
9.854924924899998828e+00,-3.121124585800000162e+01,-2.713858266100000094e+01,-2.647790238099999982e+01,-2.734234799100000046e+01,-2.885978127699999973e+01
9.874934934899998851e+00,-2.848969727100000071e+01,-2.811716242800000032e+01,-2.619505169800000033e+01,-2.740256447000000151e+01,-2.941317043800000164e+01
9.894944944899998873e+00,-2.932711158600000090e+01,-2.776395602399999873e+01,-2.589475999500000114e+01,-2.755794605799999886e+01,-2.882910645100000124e+01
9.914954955000000680e+00,-2.905607054000000034e+01,-2.657578767000000042e+01,-2.652751634899999900e+01,-2.735329099999999869e+01,-2.992489733200000046e+01
9.934964965000000703e+00,-2.883205386899999922e+01,-2.729232747000000003e+01,-2.692569015100000129e+01,-2.913291983699999932e+01,-3.140053294999999878e+01
9.954974975000000725e+00,-2.705943919099999917e+01,-2.617751971199999872e+01,-2.714994652700000088e+01,-2.729517066700000072e+01,-3.165978688399999896e+01
9.974984985000000748e+00,-2.818204069700000147e+01,-2.758915950100000103e+01,-2.715083854499999916e+01,-2.705709668500000120e+01,-2.980264296300000026e+01
9.994994995000000770e+00,-2.846689040100000057e+01,-2.819505414700000046e+01,-2.863564938900000101e+01,-2.759758063399999983e+01,-3.122363779399999828e+01
1.001500500500000079e+01,-2.667742714699999951e+01,-2.591806888300000011e+01,-2.739002186800000160e+01,-2.643064054299999910e+01,-2.880049556399999844e+01
1.003501501500000082e+01,-2.736272441699999902e+01,-2.646726247499999829e+01,-2.763108043800000146e+01,-2.625533511600000125e+01,-2.932612192799999917e+01
1.005502502500000084e+01,-2.763593246399999970e+01,-2.734009889700000073e+01,-2.711736392899999970e+01,-2.665008741000000114e+01,-3.120663344500000136e+01
1.007503503500000086e+01,-2.703328682700000130e+01,-2.551406995099999975e+01,-2.800056972599999838e+01,-2.673139723499999931e+01,-2.921770941100000130e+01
1.009504504500000088e+01,-2.721703678300000107e+01,-2.672633185600000161e+01,-2.753920371099999898e+01,-2.587718523899999923e+01,-2.869226669400000063e+01
1.011505505499999913e+01,-2.708010258099999845e+01,-2.674454612299999923e+01,-2.836412402399999877e+01,-2.697343235800000016e+01,-2.760120343399999854e+01
1.013506506499999915e+01,-2.589863527300000001e+01,-2.760493229300000095e+01,-2.714775512099999943e+01,-2.599590415200000137e+01,-2.750434836200000177e+01
1.015507507499999917e+01,-2.622791030300000159e+01,-2.609509450199999847e+01,-2.826318039499999912e+01,-2.655739544300000077e+01,-2.751731386699999860e+01
1.017508508499999920e+01,-2.609747135199999946e+01,-2.520766639500000039e+01,-2.785124565299999944e+01,-2.677939194700000058e+01,-2.722641024099999996e+01
1.019509509499999922e+01,-2.671441275899999823e+01,-2.617323646499999867e+01,-2.737719394300000175e+01,-2.695588910500000068e+01,-2.701194100900000095e+01
1.021510510499999924e+01,-2.871197520500000167e+01,-2.752212375699999924e+01,-2.730181461200000115e+01,-2.769802027100000075e+01,-2.795580375200000134e+01
1.023511511499999926e+01,-2.570015152099999867e+01,-2.684226902400000014e+01,-2.651389530899999869e+01,-2.706991803100000027e+01,-2.717880587999999875e+01
1.025512512499999929e+01,-2.563224066400000112e+01,-2.731681431100000168e+01,-2.613999800699999909e+01,-2.682628669200000004e+01,-2.932668228300000024e+01
1.027513513499999931e+01,-2.808336171199999853e+01,-3.103995451600000166e+01,-2.627297015299999927e+01,-2.860305604399999879e+01,-3.000146693199999959e+01
1.029514514499999933e+01,-2.590313594899999927e+01,-2.912288891300000060e+01,-2.669650829200000075e+01,-2.794062422200000029e+01,-3.043295950399999938e+01
1.031515515499999935e+01,-2.481508334100000113e+01,-2.986812730999999843e+01,-2.645018137199999941e+01,-2.661759873800000165e+01,-3.056881764399999923e+01
1.033516516499999938e+01,-2.492610017000000155e+01,-3.106822128299999974e+01,-2.668861422899999880e+01,-2.728101947000000038e+01,-3.283730102199999834e+01
1.035517517499999940e+01,-2.647369671199999885e+01,-3.156069229599999915e+01,-2.575131103900000085e+01,-2.581177461500000092e+01,-3.057076895399999827e+01
1.037518518499999942e+01,-2.662942005300000048e+01,-3.276471511700000150e+01,-2.578868117100000035e+01,-2.526221653400000022e+01,-3.052446664700000056e+01
1.039519519499999944e+01,-2.434130249700000093e+01,-3.323320178099999822e+01,-2.584713901199999952e+01,-2.528645666399999925e+01,-2.974802924200000120e+01
1.041520520499999947e+01,-2.463318715400000158e+01,-3.318203720700000048e+01,-2.590507183000000069e+01,-2.370022986600000081e+01,-2.756023834499999836e+01
1.043521521499999949e+01,-2.741540800699999991e+01,-3.308070377500000347e+01,-2.614772662100000034e+01,-2.369893037399999969e+01,-2.700200631099999882e+01
1.045522522499999951e+01,-2.500313248400000177e+01,-3.192484859900000060e+01,-2.540026264999999839e+01,-2.285438302500000063e+01,-2.808713750100000084e+01
1.047523523499999953e+01,-2.770998674200000167e+01,-3.945282319100000024e+01,-2.516535762599999870e+01,-2.366760528400000041e+01,-2.683551858399999901e+01
1.049524524499999956e+01,-2.746425311200000152e+01,-4.517586961800000012e+01,-2.654356814799999853e+01,-2.454185584300000045e+01,-2.828963819000000157e+01
1.051525525499999958e+01,-2.779917542999999824e+01,-3.599836571400000196e+01,-2.539512506299999828e+01,-2.342752307599999995e+01,-2.590354192799999922e+01
1.053526526499999960e+01,-2.699191621299999966e+01,-3.507861127700000026e+01,-2.625454360100000173e+01,-2.433909378299999915e+01,-2.568742338999999930e+01
1.055527527499999962e+01,-2.914967934099999880e+01,-3.790202334100000314e+01,-2.521714419199999924e+01,-2.408281101700000093e+01,-2.580775474400000036e+01
1.057528528499999965e+01,-2.625956466899999953e+01,-3.396113936799999777e+01,-2.704775017300000073e+01,-2.403187826199999932e+01,-2.546263407500000042e+01
1.059529529499999967e+01,-2.794794257999999942e+01,-3.161827715900000157e+01,-2.714542964500000011e+01,-2.439615095199999928e+01,-2.509910917199999858e+01
1.061530530499999969e+01,-3.008855427700000007e+01,-3.423908748600000251e+01,-2.818438350799999981e+01,-2.394472375300000166e+01,-2.543127763900000105e+01
1.063531531499999971e+01,-2.906590577500000094e+01,-3.442012312699999654e+01,-2.765966607200000027e+01,-2.380033295699999840e+01,-2.574155835799999892e+01
1.065532532499999974e+01,-2.939975395600000141e+01,-3.409696318200000320e+01,-2.978125481200000024e+01,-2.402447221099999908e+01,-2.591292315999999829e+01
1.067533533499999976e+01,-2.922951231800000116e+01,-3.568516997300000071e+01,-2.894214955800000055e+01,-2.321966295900000077e+01,-2.637238335900000052e+01
1.069534534499999978e+01,-3.393202214099999736e+01,-3.356237930199999653e+01,-2.897441166200000140e+01,-2.300813661999999837e+01,-2.914313722600000034e+01
1.071535535499999980e+01,-2.933930860299999921e+01,-3.407251457899999991e+01,-3.424678896199999656e+01,-2.352055839999999876e+01,-2.952252004500000027e+01
1.073536536499999983e+01,-3.033949194399999882e+01,-3.129270005000000054e+01,-3.311132493400000243e+01,-2.328134404700000104e+01,-2.919294122399999836e+01
1.075537537499999985e+01,-2.975826004299999994e+01,-3.065215843500000048e+01,-3.497118537699999763e+01,-2.306759987299999892e+01,-3.123172534400000089e+01
1.077538538499999987e+01,-3.192976564299999964e+01,-3.230230582000000084e+01,-3.496742447999999825e+01,-2.339702059400000067e+01,-3.203958743500000139e+01
1.079539539499999989e+01,-3.196073122399999988e+01,-2.637524629500000017e+01,-3.608058328900000333e+01,-2.265078686100000027e+01,-3.244586187499999852e+01
1.081540540499999992e+01,-2.912586600699999906e+01,-2.877849880600000176e+01,-3.880676546400000149e+01,-2.245216081799999941e+01,-3.188101845099999920e+01
1.083541541499999994e+01,-2.860720660100000146e+01,-3.203222058299999730e+01,-3.869205361400000243e+01,-2.246321843899999848e+01,-3.096260816999999932e+01
1.085542542499999996e+01,-2.904608521999999837e+01,-3.200849819500000137e+01,-3.657564011400000226e+01,-2.275313330599999873e+01,-3.165714238500000022e+01
1.087543543499999998e+01,-3.049548895399999893e+01,-2.696459609000000057e+01,-3.574064227200000232e+01,-2.208986445500000073e+01,-3.154097869299999957e+01
1.089544544500000001e+01,-2.716692346900000032e+01,-3.525149697500000201e+01,-3.432281198500000130e+01,-2.177917833000000059e+01,-3.042735579600000051e+01
1.091545545500000003e+01,-2.594493790399999966e+01,-3.165312568999999954e+01,-3.354874000200000239e+01,-2.275008415299999953e+01,-3.083833639399999882e+01
1.093546546500000005e+01,-3.283803583200000276e+01,-3.654826124000000220e+01,-3.581234664000000123e+01,-2.276119452200000026e+01,-3.122404390100000171e+01
1.095547547500000007e+01,-2.849340253100000098e+01,-3.476611155199999814e+01,-3.643497356200000326e+01,-2.275168895599999885e+01,-3.025659378199999949e+01
1.097548548500000010e+01,-3.325924495900000011e+01,-3.315311648699999836e+01,-3.281924902200000105e+01,-2.196550493000000159e+01,-3.177413889900000044e+01
1.099549549500000012e+01,-3.212553324099999941e+01,-3.418654726399999788e+01,-3.520365318799999699e+01,-2.182096078600000055e+01,-3.135566746399999971e+01
1.101550550600000022e+01,-3.190875764300000128e+01,-3.358999127900000303e+01,-3.618600822300000175e+01,-2.216715114799999853e+01,-3.023785446100000129e+01
1.103551551600000025e+01,-3.198253308800000028e+01,-3.269087111300000004e+01,-3.558064746099999809e+01,-2.159548083900000037e+01,-3.054437222299999988e+01
1.105552552600000027e+01,-3.064008176100000114e+01,-4.456991407699999996e+01,-3.194555868699999834e+01,-2.145672561399999978e+01,-3.199295228500000121e+01
1.107553553600000029e+01,-3.013450480399999876e+01,-3.897805110099999837e+01,-3.794807681000000343e+01,-2.392959692299999830e+01,-3.295486997999999801e+01
1.109554554600000031e+01,-3.102869226800000035e+01,-4.849443556800000010e+01,-3.324624090199999671e+01,-2.300303864700000034e+01,-3.419238056599999709e+01
1.111555555600000034e+01,-2.878503942900000112e+01,-3.375500771000000100e+01,-3.035500069500000109e+01,-2.395523806899999997e+01,-3.464053257100000138e+01
1.113556556600000036e+01,-2.925009235899999993e+01,-3.812469728599999996e+01,-3.039906076200000129e+01,-2.432829529199999996e+01,-3.440475343100000316e+01
1.115557557600000038e+01,-3.240724791800000304e+01,-3.619081486099999978e+01,-2.902973745399999927e+01,-2.407246617999999927e+01,-3.487280168299999872e+01
1.117558558600000040e+01,-2.523934661899999909e+01,-3.332681315100000319e+01,-3.222812595599999952e+01,-2.550857876999999974e+01,-3.366600723700000231e+01
1.119559559600000043e+01,-2.610143750299999965e+01,-3.876897742599999930e+01,-2.917304758199999881e+01,-2.556959944999999834e+01,-3.274647966100000218e+01
1.121560560600000045e+01,-2.897043134000000109e+01,-3.701035539200000102e+01,-2.816279552499999994e+01,-2.679655697400000136e+01,-3.340950185799999872e+01
1.123561561600000047e+01,-2.823175489300000152e+01,-4.657078175299999856e+01,-2.810968182199999887e+01,-2.641359800700000093e+01,-3.435707586299999861e+01
1.125562562600000049e+01,-2.941212308000000064e+01,-3.313638456999999704e+01,-2.815966200800000152e+01,-2.721403592500000101e+01,-3.342942557399999970e+01
1.127563563600000052e+01,-3.072308998200000119e+01,-3.588684609999999964e+01,-2.806976231399999833e+01,-2.704512628000000163e+01,-3.386363325800000013e+01
1.129564564600000054e+01,-2.910828462499999958e+01,-3.535457246299999667e+01,-2.905083547999999993e+01,-2.759508656799999926e+01,-3.268882759000000249e+01
1.131565565600000056e+01,-2.975502098200000134e+01,-3.693454813599999653e+01,-2.777072480200000015e+01,-2.965961727999999908e+01,-3.210499402599999996e+01
1.133566566600000058e+01,-2.782908639300000075e+01,-3.760322173099999787e+01,-2.794135844199999852e+01,-2.872783642999999998e+01,-3.349977231199999750e+01
1.135567567600000061e+01,-3.082866029499999883e+01,-3.386716898899999961e+01,-2.712964888500000171e+01,-2.969304149199999898e+01,-3.347951782500000206e+01
1.137568568600000063e+01,-2.989791726900000057e+01,-3.732783849100000140e+01,-2.715087283000000085e+01,-3.006794574899999972e+01,-3.464140086300000121e+01
1.139569569600000065e+01,-3.117131631699999872e+01,-3.540995560599999692e+01,-2.779724852200000029e+01,-2.959436462200000051e+01,-3.514445935300000201e+01
1.141570570600000067e+01,-2.835665970299999827e+01,-2.951037442799999866e+01,-2.743134141699999873e+01,-3.006731878600000130e+01,-3.439048394499999972e+01
1.143571571600000070e+01,-2.960303480800000031e+01,-3.096894010700000166e+01,-2.794363498199999896e+01,-2.940605953000000028e+01,-4.063448818900000248e+01
1.145572572600000072e+01,-2.723499989600000148e+01,-2.595124067900000142e+01,-2.690346811899999935e+01,-2.825484342200000043e+01,-3.359446822999999682e+01
1.147573573600000074e+01,-2.873459697499999876e+01,-3.052761084400000158e+01,-2.797452946299999965e+01,-3.042020166100000012e+01,-3.868064534500000207e+01
1.149574574600000076e+01,-2.829697118400000022e+01,-2.887872269800000069e+01,-2.974901773399999882e+01,-3.047069301499999838e+01,-4.187747954499999992e+01
1.151575575600000079e+01,-2.615417625199999918e+01,-2.426396124600000093e+01,-2.827868484800000104e+01,-2.732215762399999903e+01,-4.405575980700000116e+01
1.153576576600000081e+01,-3.023628760700000129e+01,-3.073302186800000158e+01,-2.865138750199999862e+01,-2.898734187599999856e+01,-5.414447684999999666e+01
1.155577577600000083e+01,-2.954599821500000090e+01,-2.796278591900000166e+01,-2.811694912500000143e+01,-2.810437316000000152e+01,-3.977623007500000085e+01
1.157578578600000085e+01,-3.017936071500000139e+01,-2.508800378100000117e+01,-2.869812749300000121e+01,-2.615331918300000069e+01,-3.547322393799999674e+01
1.159579579600000088e+01,-3.281606402199999906e+01,-2.957695489800000033e+01,-2.848101169399999932e+01,-2.837052819699999873e+01,-3.765254686699999809e+01
1.161580580599999912e+01,-3.166000724099999886e+01,-2.807742924800000139e+01,-2.784351928099999895e+01,-2.708495507299999971e+01,-3.640496241000000310e+01
1.163581581599999915e+01,-3.271499965299999957e+01,-3.089256000600000007e+01,-2.735210697699999827e+01,-2.549126538699999855e+01,-3.661443238100000030e+01
1.165582582599999917e+01,-3.171130612800000037e+01,-2.817077264599999964e+01,-2.716107970399999871e+01,-2.719851332800000066e+01,-3.236088060899999874e+01
1.167583583599999919e+01,-2.698107053500000063e+01,-2.778348386400000081e+01,-2.686587417799999855e+01,-2.661986241900000039e+01,-3.033832947100000155e+01
1.169584584599999921e+01,-3.068928752500000101e+01,-3.041116095799999997e+01,-2.723861420000000066e+01,-2.757041962699999971e+01,-3.302125452100000302e+01
1.171585585599999924e+01,-2.901406663099999861e+01,-2.919880401200000009e+01,-2.856402994100000114e+01,-2.660972984300000022e+01,-3.146654402200000078e+01
1.173586586599999926e+01,-2.696311940200000024e+01,-2.814027421600000167e+01,-2.817848081600000043e+01,-2.588346727400000091e+01,-3.280613834799999751e+01
1.175587587599999928e+01,-2.539289257700000135e+01,-3.121017529899999943e+01,-2.824872978100000154e+01,-2.588579894500000123e+01,-3.236143205100000131e+01
1.177588588599999930e+01,-3.017413631999999879e+01,-2.794704630900000097e+01,-2.907179348100000027e+01,-2.744703505000000021e+01,-3.185995097800000053e+01
1.179589589599999933e+01,-2.530052068199999837e+01,-3.075618803900000131e+01,-2.913183863200000090e+01,-2.564607268700000020e+01,-3.350985631300000023e+01
1.181590590599999935e+01,-3.304534982100000207e+01,-3.335204866899999843e+01,-3.138151335599999925e+01,-2.728664294600000062e+01,-3.201812388199999759e+01
1.183591591599999937e+01,-2.762090972700000080e+01,-3.381050716099999676e+01,-3.311282087800000085e+01,-2.803708746799999929e+01,-3.229223038500000342e+01
1.185592592599999939e+01,-3.131868244200000007e+01,-3.291484814399999692e+01,-3.280907724800000125e+01,-2.619413249799999832e+01,-3.357607441900000111e+01
1.187593593599999942e+01,-2.914700886400000002e+01,-2.989050703199999859e+01,-3.430816014599999875e+01,-2.770254543600000119e+01,-3.508469517200000354e+01
1.189594594599999944e+01,-3.009042405499999973e+01,-3.391698981100000054e+01,-3.874546380000000312e+01,-2.681774148499999910e+01,-3.356264725900000201e+01
1.191595595599999946e+01,-2.843788646100000150e+01,-3.082645138599999868e+01,-3.933601856100000305e+01,-2.567487970899999894e+01,-3.210029498699999806e+01
1.193596596599999948e+01,-3.237944596399999853e+01,-2.876999627900000078e+01,-3.457625354999999701e+01,-2.742283514000000011e+01,-3.316217636900000088e+01
1.195597597599999951e+01,-3.357526107099999990e+01,-2.805072077299999833e+01,-3.804301378499999942e+01,-2.716255887299999827e+01,-3.093182690600000129e+01
1.197598598599999953e+01,-2.854720575300000007e+01,-3.095299317699999975e+01,-3.594212603599999767e+01,-2.670811101900000040e+01,-2.965054720699999891e+01
1.199599599599999955e+01,-3.162390326699999932e+01,-3.100081459000000095e+01,-3.433606333899999896e+01,-2.752283496000000085e+01,-2.940238315199999874e+01
1.201600600599999957e+01,-3.126776011400000144e+01,-2.973978790700000019e+01,-3.621921728800000295e+01,-2.608814581500000074e+01,-2.855681781399999863e+01
1.203601601599999960e+01,-2.913521912999999941e+01,-2.411581449000000177e+01,-3.324324203799999822e+01,-2.714943120999999948e+01,-2.954243196199999844e+01
1.205602602599999962e+01,-2.807909141600000069e+01,-3.132395036799999843e+01,-3.444330332700000241e+01,-2.680750071399999968e+01,-3.077738888800000083e+01
1.207603603599999964e+01,-3.156211788499999926e+01,-2.960937527500000144e+01,-2.923476809900000006e+01,-2.777467262600000097e+01,-2.288162287500000147e+01
1.209604604599999966e+01,-3.165507370499999951e+01,-3.063391274700000011e+01,-3.420424617399999789e+01,-2.657441766599999866e+01,-2.777091405199999841e+01
1.211605605599999969e+01,-2.994226445600000019e+01,-3.169515134299999914e+01,-3.259553309999999726e+01,-2.720855275199999923e+01,-2.792593275400000152e+01
1.213606606599999971e+01,-2.592729170000000138e+01,-3.182538569700000153e+01,-3.021078593500000053e+01,-2.588799327399999939e+01,-2.648825977599999959e+01
1.215607607599999973e+01,-3.296915406600000154e+01,-3.998946261700000093e+01,-3.300653475600000064e+01,-2.654220284499999849e+01,-2.541419975499999850e+01
1.217608608599999975e+01,-2.946922322900000069e+01,-3.646941970299999980e+01,-2.990202790500000063e+01,-2.481039615499999940e+01,-2.615734826899999987e+01
1.219609609599999978e+01,-3.365999663600000247e+01,-3.211810402999999781e+01,-3.053176789300000138e+01,-2.444737652699999941e+01,-2.436664595199999894e+01
1.221610610599999980e+01,-3.137327633800000015e+01,-3.749295286000000260e+01,-3.194405558700000114e+01,-2.556063471899999939e+01,-2.444308139500000010e+01
1.223611611599999982e+01,-3.057458122799999956e+01,-3.582483691499999878e+01,-3.076151778099999845e+01,-2.501687667199999865e+01,-2.746783186900000118e+01
1.225612612599999984e+01,-3.122902821699999976e+01,-3.926428213500000197e+01,-2.888965725199999923e+01,-2.485776392400000034e+01,-2.608637721899999917e+01
1.227613613599999987e+01,-3.089248446499999901e+01,-3.938682501099999911e+01,-2.913829982000000030e+01,-2.334620756200000002e+01,-2.851313193800000079e+01
1.229614614599999989e+01,-3.278515895099999966e+01,-2.747148475799999900e+01,-3.081686760099999844e+01,-2.268869980699999900e+01,-2.729560891399999889e+01
1.231615615599999991e+01,-3.238353097000000247e+01,-3.827874446999999947e+01,-3.198002543899999850e+01,-2.386850247599999975e+01,-2.710581455299999831e+01
1.233616616599999993e+01,-3.039384017200000088e+01,-3.575157492000000303e+01,-3.050867889599999927e+01,-2.568692611000000170e+01,-2.712179886199999856e+01
1.235617617599999996e+01,-3.460865880499999747e+01,-4.201631686199999649e+01,-3.385412808200000256e+01,-2.371741683000000123e+01,-3.231761510500000156e+01
1.237618618599999998e+01,-2.675662018499999917e+01,-3.663761252799999824e+01,-2.951993462700000137e+01,-2.401549575399999981e+01,-2.862954312500000142e+01
1.239619619600000000e+01,-3.424429220500000071e+01,-3.308787446400000221e+01,-3.561185132199999970e+01,-2.528522471200000155e+01,-2.695990988899999863e+01
1.241620620600000002e+01,-2.733941081000000040e+01,-2.970330425699999921e+01,-3.182057812700000099e+01,-2.600608410699999951e+01,-2.979744515499999835e+01
1.243621621600000005e+01,-3.223771768200000309e+01,-3.393620741699999854e+01,-3.226936582999999814e+01,-2.681918936599999981e+01,-2.957700560600000017e+01
1.245622622600000007e+01,-3.125476695300000074e+01,-3.384922549400000236e+01,-3.329992537100000050e+01,-2.829245506299999846e+01,-3.307291823900000338e+01
1.247623623600000009e+01,-2.626901645299999899e+01,-2.447442064499999859e+01,-3.542197172000000194e+01,-2.703541592899999912e+01,-3.404166366999999838e+01
1.249624624600000011e+01,-2.954432631399999920e+01,-3.369828968400000235e+01,-3.456984033700000225e+01,-2.681642035999999862e+01,-3.385143088200000250e+01
1.251625625600000014e+01,-2.727308683900000119e+01,-3.191578030499999841e+01,-3.231572721399999892e+01,-2.964345557100000050e+01,-3.710736424299999925e+01
1.253626626600000016e+01,-2.820972308700000042e+01,-2.876335453200000103e+01,-3.058045225900000119e+01,-2.844833483200000046e+01,-3.386318226099999862e+01
1.255627627600000018e+01,-3.236323342699999728e+01,-3.213654010500000169e+01,-3.268146553199999715e+01,-2.751926724000000135e+01,-3.532130541299999749e+01
1.257628628600000020e+01,-2.794181994099999855e+01,-3.613306133799999742e+01,-3.214992771000000005e+01,-3.167642675700000154e+01,-3.210253636400000232e+01
1.259629629600000023e+01,-3.096179147100000151e+01,-2.666692186299999889e+01,-2.983787701900000044e+01,-2.736480894500000005e+01,-3.359730332299999844e+01
1.261630630600000025e+01,-3.255104452799999848e+01,-3.959873216999999812e+01,-3.167492188800000008e+01,-2.965793866099999931e+01,-4.356966142400000308e+01
1.263631631600000027e+01,-2.800007388799999930e+01,-3.673781954199999689e+01,-3.022241687100000007e+01,-2.889183711400000121e+01,-3.888268032599999913e+01
1.265632632600000029e+01,-3.064387983599999998e+01,-3.864479892699999652e+01,-2.924387771299999983e+01,-2.854538026499999859e+01,-4.823759580899999833e+01
1.267633633600000032e+01,-2.420133074499999992e+01,-3.513578839600000236e+01,-3.162621303899999958e+01,-2.777388298300000002e+01,-3.963379055400000084e+01
1.269634634600000034e+01,-3.037832384600000069e+01,-3.747172517199999930e+01,-2.890171799199999825e+01,-2.897722937300000012e+01,-3.364722110600000349e+01
1.271635635600000036e+01,-3.491873686800000343e+01,-4.034560736400000280e+01,-2.963889243799999917e+01,-2.600266870200000113e+01,-3.171313531499999883e+01
1.273636636600000038e+01,-3.042355115699999857e+01,-3.695471643900000203e+01,-3.344791858199999979e+01,-2.815170731699999962e+01,-4.100924776499999780e+01
1.275637637600000041e+01,-3.122546968099999987e+01,-2.986431679400000050e+01,-3.168939779800000167e+01,-2.758478927199999831e+01,-3.699401718499999703e+01
1.277638638600000043e+01,-3.262417527600000255e+01,-3.832079313100000206e+01,-3.389050677299999847e+01,-2.711310671300000052e+01,-3.504346353100000044e+01
1.279639639600000045e+01,-3.519932373500000011e+01,-3.503282011900000015e+01,-3.509911793300000227e+01,-2.950621948699999919e+01,-3.557189387700000083e+01
1.281640640600000047e+01,-3.468556113000000352e+01,-3.572552979000000306e+01,-2.968418242199999924e+01,-2.781994672500000121e+01,-3.938992634499999923e+01
1.283641641600000050e+01,-3.599303519299999721e+01,-3.045265975399999903e+01,-2.885807293799999940e+01,-2.859199851800000047e+01,-3.264335452200000276e+01
1.285642642600000052e+01,-3.152874650700000103e+01,-3.291580203499999868e+01,-3.137768372600000077e+01,-3.138679462099999995e+01,-3.175187441099999930e+01
1.287643643600000054e+01,-2.881111894800000073e+01,-3.093268985299999940e+01,-2.912931047300000031e+01,-3.039556091600000087e+01,-3.346984915200000188e+01
1.289644644600000056e+01,-2.940803771299999880e+01,-3.732954274099999736e+01,-2.747426948400000057e+01,-2.979647462200000163e+01,-3.314935531100000077e+01
1.291645645600000059e+01,-3.320679473999999942e+01,-3.017790228599999836e+01,-2.909123466300000160e+01,-3.083419893199999962e+01,-3.333215125200000273e+01
1.293646646600000061e+01,-2.771745360199999908e+01,-3.456475881400000105e+01,-2.779271877100000054e+01,-3.043681234599999996e+01,-3.140921821499999922e+01
1.295647647600000063e+01,-3.113650104799999951e+01,-3.832437436400000053e+01,-2.932645401599999957e+01,-3.314767592100000115e+01,-3.246854207500000200e+01
1.297648648600000065e+01,-3.094509613600000009e+01,-3.410400240199999899e+01,-3.120803976599999885e+01,-3.059735546099999937e+01,-3.072682539799999901e+01
1.299649649600000068e+01,-3.093024687999999855e+01,-3.562212443300000331e+01,-2.904675079800000148e+01,-3.003104989099999855e+01,-3.102333027099999896e+01
1.301650650700000078e+01,-3.073495664500000046e+01,-3.245297690099999954e+01,-2.809249043000000157e+01,-3.026092473299999952e+01,-2.916050974999999923e+01
1.303651651700000080e+01,-3.335625837900000334e+01,-3.285008561800000138e+01,-2.797267283500000090e+01,-3.062917510899999840e+01,-3.183157630999999910e+01
1.305652652700000083e+01,-3.412811775800000191e+01,-3.287558213799999862e+01,-2.719645177900000022e+01,-3.234747298399999949e+01,-3.106284447099999824e+01
1.307653653700000085e+01,-3.867258403799999655e+01,-2.906454159899999823e+01,-3.115448455299999964e+01,-3.195904406100000017e+01,-3.084323493400000160e+01
1.309654654700000087e+01,-3.537161842900000153e+01,-3.785766651299999808e+01,-3.007015793700000117e+01,-3.317127707099999867e+01,-3.192431847399999967e+01
1.311655655699999912e+01,-4.075839524100000233e+01,-3.842781679099999792e+01,-2.895088793200000055e+01,-3.357415881200000030e+01,-3.432062691000000143e+01
1.313656656699999914e+01,-3.389363019200000338e+01,-4.849586886699999866e+01,-2.648685880900000100e+01,-3.272622871899999808e+01,-3.364810626599999921e+01
1.315657657699999916e+01,-2.940379578699999996e+01,-3.264566245099999975e+01,-2.854868670000000108e+01,-3.177132915800000035e+01,-3.186911491500000082e+01
1.317658658699999918e+01,-4.181994872899999649e+01,-3.787753789500000323e+01,-3.313975626199999880e+01,-3.593799120599999952e+01,-3.388151538900000048e+01
1.319659659699999921e+01,-3.931357017700000256e+01,-4.165431661400000252e+01,-3.214370221099999725e+01,-3.813325863299999696e+01,-3.254860351199999968e+01
1.321660660699999923e+01,-5.141389003300000127e+01,-3.245374628700000130e+01,-3.047969212199999944e+01,-4.368026691099999681e+01,-3.201890907599999991e+01
1.323661661699999925e+01,-3.867301918100000080e+01,-3.643660257399999836e+01,-3.132542356500000125e+01,-3.195749969899999954e+01,-3.102835012899999967e+01
1.325662662699999927e+01,-3.421189831000000225e+01,-3.534732379199999741e+01,-3.201236456099999828e+01,-3.421873389900000006e+01,-4.141110100400000249e+01
1.327663663699999930e+01,-5.081758519200000279e+01,-3.370422486799999717e+01,-3.715329422399999970e+01,-3.536189188499999858e+01,-3.121700283599999892e+01
1.329664664699999932e+01,-3.840510256000000311e+01,-3.217844218900000186e+01,-3.415738119400000272e+01,-3.502450569999999885e+01,-3.375034368200000046e+01
1.331665665699999934e+01,-3.387459379399999904e+01,-3.637275805899999881e+01,-4.038510612900000041e+01,-3.264520833400000299e+01,-3.387079060700000355e+01
1.333666666699999936e+01,-4.754672655099999901e+01,-3.735447692200000347e+01,-3.912835589699999872e+01,-3.645483245900000213e+01,-3.218771566499999892e+01
1.335667667699999939e+01,-3.400038034600000003e+01,-4.335427082999999726e+01,-5.113846825299999921e+01,-3.434056014099999743e+01,-3.328804833600000279e+01
1.337668668699999941e+01,-3.411524145700000332e+01,-3.624466117400000087e+01,-5.086687684099999984e+01,-3.288551687100000009e+01,-3.159272438500000035e+01
1.339669669699999943e+01,-3.522343875899999688e+01,-4.339766456499999947e+01,-4.145165445599999998e+01,-3.344931509599999941e+01,-3.190330722299999877e+01
1.341670670699999945e+01,-3.808609976099999983e+01,-3.974436676999999918e+01,-4.761290917099999831e+01,-3.389909829599999824e+01,-3.274289755299999882e+01
1.343671671699999948e+01,-3.741384992199999715e+01,-3.636687823199999769e+01,-4.359958384299999778e+01,-3.399419572899999764e+01,-4.200839939499999787e+01
1.345672672699999950e+01,-3.789280630399999694e+01,-4.326016043199999928e+01,-4.430989402899999874e+01,-3.062417334699999927e+01,-2.852757596400000040e+01
1.347673673699999952e+01,-4.036677420200000199e+01,-3.492819972899999925e+01,-3.752124988500000313e+01,-3.036464558500000166e+01,-3.841697755599999908e+01
1.349674674699999954e+01,-3.942973813100000058e+01,-4.644775031000000354e+01,-3.933491062899999946e+01,-2.961776259899999886e+01,-3.357218497000000212e+01
1.351675675699999957e+01,-3.655301494399999740e+01,-3.000126014199999958e+01,-4.620551910199999668e+01,-3.042629905700000137e+01,-3.352988746300000145e+01
1.353676676699999959e+01,-3.426595903199999782e+01,-3.543374274800000023e+01,-4.387254535299999958e+01,-2.770955507900000114e+01,-2.899125434500000154e+01
1.355677677699999961e+01,-3.331879611699999799e+01,-3.036749989799999838e+01,-5.443557079400000021e+01,-2.652900462899999923e+01,-3.494810228000000052e+01
1.357678678699999963e+01,-3.884305368799999769e+01,-3.413961450299999711e+01,-3.818003899699999693e+01,-3.326659446800000097e+01,-3.717361099299999694e+01
1.359679679699999966e+01,-4.066255938300000139e+01,-2.955326888700000154e+01,-3.834086424299999862e+01,-2.818362042000000045e+01,-3.284909023800000227e+01
1.361680680699999968e+01,-4.090290691799999934e+01,-2.698019975800000125e+01,-3.570011856499999681e+01,-3.023017362299999888e+01,-4.775108331599999900e+01
1.363681681699999970e+01,-4.231068650600000325e+01,-2.670295332299999913e+01,-4.015623520700000171e+01,-3.045341944300000137e+01,-3.463427774499999856e+01
1.365682682699999972e+01,-4.205445586100000099e+01,-2.839770084999999966e+01,-5.322980493299999694e+01,-2.933629489799999845e+01,-3.079070352600000149e+01
1.367683683699999975e+01,-4.269613398700000317e+01,-1.958643796699999839e+01,-3.936879878300000257e+01,-2.799072497899999945e+01,-3.598699635300000210e+01
1.369684684699999977e+01,-3.789403132900000060e+01,-3.377705065499999648e+01,-4.016218675700000063e+01,-2.779073190100000090e+01,-3.041769569699999920e+01
1.371685685699999979e+01,-3.740367046099999726e+01,-3.055827420099999969e+01,-4.249171282100000013e+01,-3.141769452400000162e+01,-3.544362143699999734e+01
1.373686686699999981e+01,-4.058286056899999750e+01,-2.690173861199999905e+01,-3.704378242899999663e+01,-3.005456477699999951e+01,-3.352065117899999791e+01
1.375687687699999984e+01,-3.951195717000000229e+01,-3.282633839399999687e+01,-4.722883978000000127e+01,-3.013711135400000174e+01,-2.903276595099999824e+01
1.377688688699999986e+01,-4.180840165299999711e+01,-2.695578071899999983e+01,-4.766645501899999715e+01,-2.932017257200000060e+01,-3.241733615900000132e+01
1.379689689699999988e+01,-4.456303683299999818e+01,-3.223846232599999695e+01,-4.302412697500000149e+01,-3.137863370999999901e+01,-3.528830717600000355e+01
1.381690690699999990e+01,-3.110957896900000108e+01,-3.414895754100000147e+01,-3.819084872399999853e+01,-3.066120874900000004e+01,-3.309529372200000097e+01
1.383691691699999993e+01,-3.823430088100000290e+01,-1.982613784699999826e+01,-3.275309411799999992e+01,-3.071341328100000112e+01,-3.714520796299999716e+01
1.385692692699999995e+01,-4.445909382300000345e+01,-2.727290855500000077e+01,-5.036125415299999730e+01,-3.148391270400000153e+01,-3.299751101500000061e+01
1.387693693699999997e+01,-3.605542421100000183e+01,-3.014428669100000135e+01,-4.148915521699999687e+01,-3.152696599900000152e+01,-3.279271948000000236e+01
1.389694694699999999e+01,-4.509178231899999645e+01,-3.000469305000000020e+01,-3.941437927799999841e+01,-3.968223058800000302e+01,-3.568126168700000278e+01
1.391695695700000002e+01,-3.198298229499999934e+01,-2.925407385500000146e+01,-4.516714761899999786e+01,-5.594003602499999772e+01,-3.704446801200000294e+01
1.393696696700000004e+01,-4.119569206900000324e+01,-2.876236618700000136e+01,-4.275795872799999842e+01,-4.488538534399999946e+01,-3.511676995599999884e+01
1.395697697700000006e+01,-3.352255625400000127e+01,-3.058382471799999891e+01,-3.303467460800000310e+01,-3.608597842799999711e+01,-3.023222271599999900e+01
1.397698698700000008e+01,-3.051898275199999944e+01,-3.230242829800000237e+01,-3.169936921800000107e+01,-3.878376646000000250e+01,-3.251754768600000034e+01
1.399699699700000011e+01,-3.406194438699999694e+01,-2.875560825799999876e+01,-3.356029202599999905e+01,-4.562193168299999968e+01,-3.531079166899999677e+01
1.401700700700000013e+01,-3.143973767399999986e+01,-3.438927931199999932e+01,-3.702536965400000213e+01,-5.405303100300000096e+01,-4.313021112500000243e+01
1.403701701700000015e+01,-4.280733002499999884e+01,-2.291927794500000104e+01,-3.642739491300000054e+01,-3.704000201000000203e+01,-3.692873553300000111e+01
1.405702702700000017e+01,-3.549288088899999849e+01,-3.098612858299999928e+01,-3.201738266699999969e+01,-3.812896900700000202e+01,-3.507912510999999967e+01
1.407703703700000020e+01,-2.745668961000000152e+01,-3.310625892000000192e+01,-3.671572379799999908e+01,-3.403613794700000028e+01,-3.624355889099999928e+01
1.409704704700000022e+01,-3.123937202999999840e+01,-2.808355317699999887e+01,-3.028302387900000170e+01,-3.822286478800000253e+01,-3.420671127600000005e+01
1.411705705700000024e+01,-3.317079496600000255e+01,-2.882374143499999875e+01,-2.967014220000000080e+01,-3.046936699899999823e+01,-4.249958466999999729e+01
1.413706706700000026e+01,-2.982201603000000034e+01,-3.824007689700000157e+01,-3.522145233599999870e+01,-3.531873698399999739e+01,-4.000267787399999975e+01
1.415707707700000029e+01,-3.095219817199999923e+01,-3.314112675999999880e+01,-3.326574139000000230e+01,-4.177087374100000261e+01,-3.655695332700000222e+01
1.417708708700000031e+01,-3.220156502900000106e+01,-3.848950831900000225e+01,-3.232979541400000301e+01,-3.918805165500000243e+01,-3.746558250399999679e+01
1.419709709700000033e+01,-2.709785715699999997e+01,-3.337096418099999795e+01,-3.709675999600000296e+01,-3.737843781099999774e+01,-3.692041356400000041e+01
1.421710710700000035e+01,-3.419657268000000272e+01,-2.517068582299999946e+01,-2.843692995500000009e+01,-3.328886782200000027e+01,-3.344743692899999843e+01
1.423711711700000038e+01,-3.088312622100000127e+01,-2.689559967799999995e+01,-3.332331283999999982e+01,-3.581646645600000056e+01,-3.437869599900000139e+01
1.425712712700000040e+01,-2.925861674600000129e+01,-2.743998363600000090e+01,-3.193193016900000103e+01,-4.942337756199999887e+01,-3.311769624699999781e+01
1.427713713700000042e+01,-3.773316488199999696e+01,-3.206858753000000206e+01,-4.320055807499999645e+01,-4.089808697899999856e+01,-3.369213534000000010e+01
1.429714714700000044e+01,-3.758626717500000325e+01,-3.490182245199999755e+01,-3.373049486600000080e+01,-4.162136003100000181e+01,-3.528809899800000238e+01
1.431715715700000047e+01,-3.784615735999999941e+01,-3.803853042899999792e+01,-4.119080697399999735e+01,-4.907373503200000187e+01,-3.270518955499999691e+01
1.433716716700000049e+01,-4.937177014400000274e+01,-3.224545294899999703e+01,-3.414717511300000297e+01,-4.281953356500000041e+01,-3.318390103099999777e+01
1.435717717700000051e+01,-4.805209925199999788e+01,-3.459930695100000264e+01,-3.547037680799999748e+01,-5.402024094899999795e+01,-3.396180565099999882e+01
1.437718718700000053e+01,-3.048542111200000093e+01,-3.469574104499999834e+01,-3.663897061200000138e+01,-5.717437122900000190e+01,-3.957713658099999776e+01
1.439719719700000056e+01,-3.084944944900000152e+01,-3.998560808300000247e+01,-3.632801456199999990e+01,-4.086216381900000272e+01,-3.194385042400000074e+01
1.441720720700000058e+01,-4.938958479800000134e+01,-3.387099823199999804e+01,-3.721345462200000043e+01,-4.250758556499999941e+01,-3.477905859500000219e+01
1.443721721700000060e+01,-3.747864574300000129e+01,-3.374275044800000245e+01,-3.887360961400000292e+01,-3.490229164600000189e+01,-3.560026259400000015e+01
1.445722722700000062e+01,-3.846729498500000233e+01,-3.750399910800000214e+01,-3.368614021100000144e+01,-4.393210259800000017e+01,-3.519597643099999829e+01
1.447723723700000065e+01,-2.969784544899999901e+01,-3.763991176900000113e+01,-3.437610589500000202e+01,-4.296166394800000177e+01,-3.057842810000000000e+01
1.449724724700000067e+01,-3.954693274400000291e+01,-4.733534256800000151e+01,-3.867629666199999861e+01,-4.084985763699999950e+01,-3.656163630100000006e+01
1.451725725700000069e+01,-3.741838466099999749e+01,-3.719078972399999827e+01,-3.082317950199999856e+01,-3.988986453100000062e+01,-3.292754382900000110e+01
1.453726726700000071e+01,-4.131074102600000231e+01,-4.425717063399999773e+01,-3.178115867100000003e+01,-3.698622059200000223e+01,-3.954032200799999686e+01
1.455727727700000074e+01,-4.017547754000000282e+01,-3.865640806999999768e+01,-3.387403983299999766e+01,-3.687840799699999650e+01,-3.123406483300000147e+01
1.457728728700000076e+01,-4.084679584799999930e+01,-3.495134634699999765e+01,-2.849851212700000147e+01,-3.480129711099999668e+01,-2.371418882200000056e+01
1.459729729700000078e+01,-4.648945029699999765e+01,-4.116545100999999818e+01,-3.366743435600000112e+01,-4.331918500500000135e+01,-3.806944057999999842e+01
1.461730730700000080e+01,-3.138228116499999842e+01,-2.974520445299999949e+01,-3.227397177600000333e+01,-3.327231809300000265e+01,-3.520410042599999656e+01
1.463731731700000083e+01,-3.747505473999999737e+01,-5.158808091499999904e+01,-3.379023550699999845e+01,-4.576112717000000174e+01,-3.353470313300000072e+01
1.465732732700000085e+01,-5.318536835999999823e+01,-3.533966585999999666e+01,-3.352111721100000352e+01,-4.221390564699999715e+01,-3.042571946500000024e+01
1.467733733700000087e+01,-3.020411048100000073e+01,-4.628254135299999916e+01,-3.057838993200000033e+01,-3.376534368400000119e+01,-3.744403704300000157e+01
1.469734734699999912e+01,-3.876031733599999995e+01,-4.304813427599999898e+01,-3.260782097100000243e+01,-3.674847782999999879e+01,-2.847971216099999836e+01
1.471735735699999914e+01,-3.594248489699999993e+01,-4.249789147599999950e+01,-3.278669481800000085e+01,-5.046174211999999670e+01,-2.969791457199999840e+01
1.473736736699999916e+01,-5.426710938499999770e+01,-2.984473721299999838e+01,-3.332178995499999985e+01,-3.811733390700000257e+01,-3.398206867700000089e+01
1.475737737699999919e+01,-3.373212754600000096e+01,-3.545786994699999894e+01,-3.105802762800000139e+01,-4.405954811200000165e+01,-3.342745017000000018e+01
1.477738738699999921e+01,-4.810075722999999925e+01,-3.753334178899999785e+01,-2.772578357000000082e+01,-3.311911395700000327e+01,-3.011284422299999974e+01
1.479739739699999923e+01,-4.901685361799999896e+01,-3.460250965000000178e+01,-3.397150422800000058e+01,-5.096166961699999831e+01,-2.873345132200000052e+01
1.481740740699999925e+01,-2.990835638300000099e+01,-3.588522860100000145e+01,-2.966087203800000083e+01,-3.854561220000000077e+01,-4.191599439600000210e+01
1.483741741699999928e+01,-4.330006822499999686e+01,-3.056498874200000060e+01,-3.089934759699999844e+01,-5.552539845100000093e+01,-2.627722152799999833e+01
1.485742742699999930e+01,-3.459370936399999863e+01,-4.150157913599999659e+01,-2.874922430100000170e+01,-3.951804588699999954e+01,-3.076540202099999988e+01
1.487743743699999932e+01,-3.680165160399999991e+01,-3.421138283999999885e+01,-2.863518194099999903e+01,-3.831175147599999775e+01,-2.938106812099999843e+01
1.489744744699999934e+01,-3.615119513700000198e+01,-4.132593067199999837e+01,-2.758699103800000074e+01,-5.004090536700000058e+01,-2.750757816300000158e+01
1.491745745699999937e+01,-3.378302486300000140e+01,-3.358029948200000092e+01,-3.250919832999999670e+01,-3.670103020799999882e+01,-2.677919569399999844e+01
1.493746746699999939e+01,-3.410180255800000282e+01,-3.605041039700000027e+01,-3.121774866999999887e+01,-4.231982651199999879e+01,-3.112699410600000149e+01
1.495747747699999941e+01,-4.262814645000000269e+01,-3.423767837700000172e+01,-3.016756942399999986e+01,-3.911959705200000315e+01,-2.693194280299999832e+01
1.497748748699999943e+01,-3.426155927100000298e+01,-3.333439764599999933e+01,-2.541867535700000147e+01,-4.118947213900000293e+01,-2.723105239999999938e+01
1.499749749699999946e+01,-2.997467357400000054e+01,-3.865667834999999997e+01,-3.102105902999999998e+01,-4.309065297200000089e+01,-2.758869470500000176e+01
1.501750750799999956e+01,-2.373365912699999924e+01,-3.033857778200000155e+01,-3.228787401099999954e+01,-3.749672920399999754e+01,-3.314015760499999885e+01
1.503751751799999958e+01,-4.246292754800000324e+01,-4.188808924500000330e+01,-3.312587314499999991e+01,-3.418426653400000248e+01,-3.304546228099999894e+01
1.505752752799999961e+01,-3.508502514999999988e+01,-3.922955770000000086e+01,-2.998381413699999953e+01,-3.524666000799999921e+01,-2.558562256000000090e+01
1.507753753799999963e+01,-3.095569035400000146e+01,-2.807148991300000063e+01,-2.960279726999999994e+01,-3.312604447700000065e+01,-2.752352163300000143e+01
1.509754754799999965e+01,-2.984348691099999940e+01,-3.536527245300000288e+01,-2.912641960899999916e+01,-3.500164655199999686e+01,-2.798159928700000165e+01
1.511755755799999967e+01,-3.182422658699999829e+01,-3.458737889700000068e+01,-2.898623307900000157e+01,-4.314797156699999903e+01,-3.244088082999999756e+01
1.513756756799999970e+01,-4.078219613600000315e+01,-3.624903417299999830e+01,-3.273245309499999678e+01,-4.590609574300000162e+01,-2.616127456699999954e+01
1.515757757799999972e+01,-4.003193441500000205e+01,-3.934194610299999795e+01,-2.923600647800000019e+01,-4.406279347499999943e+01,-2.721602759199999966e+01
1.517758758799999974e+01,-4.413041515599999798e+01,-3.817100331200000340e+01,-2.902329167699999957e+01,-4.446082143000000286e+01,-2.711278374100000121e+01
1.519759759799999976e+01,-4.191416328500000077e+01,-2.318367029399999879e+01,-3.554507605399999903e+01,-3.514703623100000129e+01,-2.324980061799999831e+01
1.521760760799999979e+01,-3.869538625100000218e+01,-3.191271848299999903e+01,-3.541908463400000073e+01,-4.090613276700000256e+01,-3.080789447300000106e+01
1.523761761799999981e+01,-4.126988815299999658e+01,-4.292109040500000106e+01,-3.163048723800000062e+01,-3.636003326800000224e+01,-3.228978832899999674e+01
1.525762762799999983e+01,-3.781961679900000206e+01,-4.119339484199999646e+01,-3.404587321199999650e+01,-3.657909550299999779e+01,-2.898151012699999995e+01
1.527763763799999985e+01,-4.790923742100000027e+01,-3.781317080099999828e+01,-3.070271573899999851e+01,-3.326762131299999936e+01,-4.100830031600000325e+01
1.529764764799999988e+01,-4.840812051300000007e+01,-4.897336335100000326e+01,-3.579494275100000067e+01,-4.137170656600000029e+01,-3.456412457500000102e+01
1.531765765799999990e+01,-4.774301756799999907e+01,-3.664119672900000069e+01,-3.123861322999999857e+01,-3.915301641500000329e+01,-2.593679926200000097e+01
1.533766766799999992e+01,-4.500996427399999789e+01,-3.475513540899999754e+01,-3.391724923299999972e+01,-5.109070084500000064e+01,-4.296986606299999778e+01
1.535767767799999994e+01,-4.052449045299999852e+01,-3.330484806999999847e+01,-3.390630263599999950e+01,-5.354635713999999780e+01,-4.495611118400000095e+01
1.537768768799999997e+01,-3.801738289699999740e+01,-4.363187663099999725e+01,-3.075635410099999945e+01,-4.374281318599999935e+01,-4.167555216899999948e+01
1.539769769799999999e+01,-2.584284886300000039e+01,-4.521165531100000123e+01,-3.151427662900000115e+01,-4.118132951999999847e+01,-3.976506002600000045e+01
1.541770770800000001e+01,-4.587270305300000217e+01,-4.129308175900000322e+01,-3.066961877199999975e+01,-4.687267937299999687e+01,-3.343095982300000202e+01
1.543771771800000003e+01,-3.465215082400000313e+01,-2.231514929500000122e+01,-2.938824718500000088e+01,-4.015301624699999650e+01,-3.605583351199999953e+01
1.545772772800000006e+01,-2.787643217600000156e+01,-3.813598157199999861e+01,-3.467127991499999951e+01,-4.265251288999999701e+01,-3.396627959100000282e+01
1.547773773800000008e+01,-4.959114405100000056e+01,-3.706270860899999775e+01,-3.373439755500000103e+01,-3.887655251700000036e+01,-2.719836269400000006e+01
1.549774774800000010e+01,-3.436670097599999707e+01,-3.474314033699999982e+01,-3.591051213400000108e+01,-3.920308235699999955e+01,-3.613540840800000353e+01
1.551775775800000012e+01,-3.198896461300000027e+01,-3.666478178799999910e+01,-3.790181702400000319e+01,-3.846351666000000336e+01,-3.046561168299999878e+01
1.553776776800000015e+01,-4.036002568400000001e+01,-3.734755065600000279e+01,-4.792886662200000103e+01,-3.489533150599999800e+01,-3.077170308999999904e+01
1.555777777800000017e+01,-3.319376152400000279e+01,-3.464591202599999775e+01,-5.712440307800000028e+01,-4.321282040900000254e+01,-3.116125644399999928e+01
1.557778778800000019e+01,-3.247182219300000128e+01,-3.788287391099999724e+01,-3.860981891400000166e+01,-3.215647194600000347e+01,-2.715080393699999917e+01
1.559779779800000021e+01,-3.541649864000000036e+01,-5.690738255299999793e+01,-4.011849169900000334e+01,-3.239518113999999827e+01,-3.737397900700000264e+01
1.561780780800000024e+01,-2.883007141899999937e+01,-3.956798901900000232e+01,-3.712593587300000308e+01,-3.049540925499999844e+01,-3.293204559200000148e+01
1.563781781800000026e+01,-4.768347486599999741e+01,-4.332118035300000258e+01,-3.223437183200000078e+01,-2.590343095200000079e+01,-2.279643759500000044e+01
1.565782782800000028e+01,-2.483775811599999983e+01,-4.272005725100000006e+01,-3.863142360799999864e+01,-3.256624084900000327e+01,-2.865806772599999874e+01
1.567783783800000030e+01,-2.604730067199999866e+01,-3.039661847300000019e+01,-4.029558264599999973e+01,-3.725352966799999876e+01,-3.079438860699999836e+01
1.569784784800000033e+01,-3.447232139300000142e+01,-3.340586116000000061e+01,-3.858804047999999653e+01,-3.106335589500000083e+01,-2.146616922000000116e+01
1.571785785800000035e+01,-3.697499475299999716e+01,-4.210340908999999954e+01,-3.760340174000000246e+01,-3.085167323199999956e+01,-2.721037829799999841e+01
1.573786786800000037e+01,-3.525449014499999834e+01,-4.335239170799999897e+01,-3.303281745700000016e+01,-2.892046467400000154e+01,-2.964679097899999860e+01
1.575787787800000039e+01,-3.561600847300000083e+01,-4.308900281500000062e+01,-3.180163636900000057e+01,-2.856145632699999837e+01,-3.234114425300000306e+01
1.577788788800000042e+01,-3.830357878899999946e+01,-4.772146942900000255e+01,-2.965621965400000093e+01,-3.281435253099999727e+01,-3.190742453300000037e+01
1.579789789800000044e+01,-3.088163719399999962e+01,-3.652005347800000123e+01,-2.770125335799999888e+01,-2.592136806899999968e+01,-2.524244406500000082e+01
1.581790790800000046e+01,-3.608661530100000192e+01,-3.761817883500000192e+01,-2.729171063200000091e+01,-2.648301006599999852e+01,-2.427187827799999909e+01
1.583791791800000048e+01,-3.635929133700000193e+01,-2.724375915199999909e+01,-2.749279262199999962e+01,-2.597360126999999963e+01,-2.938100963400000154e+01
1.585792792800000051e+01,-2.690741976800000046e+01,-3.441700116799999876e+01,-2.744659025800000052e+01,-3.163738401499999853e+01,-2.616709151499999919e+01
1.587793793800000053e+01,-3.755093095499999833e+01,-3.366417612299999718e+01,-2.716900782800000158e+01,-3.142818051600000118e+01,-2.765139282999999892e+01
1.589794794800000055e+01,-4.470947964300000166e+01,-7.713278843800000573e+01,-2.562058706199999847e+01,-2.967869738399999946e+01,-2.960103568199999913e+01
1.591795795800000057e+01,-2.493207511399999987e+01,-3.758359707099999980e+01,-2.314113642699999929e+01,-2.342281840700000117e+01,-2.591074586999999951e+01
1.593796796800000060e+01,-3.130810464199999998e+01,-3.519717516299999716e+01,-2.696495797600000088e+01,-2.534810825099999931e+01,-2.728980248499999917e+01
1.595797797800000062e+01,-2.982814062699999980e+01,-3.894019552099999970e+01,-2.448019972399999844e+01,-2.802947242300000141e+01,-2.878986256399999988e+01
1.597798798800000064e+01,-3.276685900799999729e+01,-3.622260916500000150e+01,-2.468891186500000146e+01,-2.433521324799999874e+01,-3.373977407800000350e+01
1.599799799800000066e+01,-3.211682972999999919e+01,-3.634648410999999868e+01,-2.485028032399999987e+01,-2.831564868899999965e+01,-3.096253438100000110e+01
1.601800800799999891e+01,-2.710777312900000169e+01,-3.022032061100000178e+01,-2.603257376299999848e+01,-2.701090388300000100e+01,-3.148730432400000012e+01
1.603801801799999893e+01,-3.323774387899999994e+01,-2.614620018700000159e+01,-2.288109906000000038e+01,-2.944152478899999892e+01,-2.802823199699999890e+01
1.605802802799999895e+01,-3.777325580299999785e+01,-4.320221278700000056e+01,-2.519598143500000020e+01,-2.611478183599999880e+01,-2.957376284700000113e+01
1.607803803799999898e+01,-3.149781037600000033e+01,-3.734600242100000145e+01,-2.364045431699999966e+01,-2.694601385700000051e+01,-3.205760681699999992e+01
1.609804804799999900e+01,-3.252828710099999654e+01,-3.658579794599999957e+01,-2.646958862800000034e+01,-2.928551627999999951e+01,-2.955181890900000141e+01
1.611805805799999902e+01,-2.859203331000000148e+01,-3.605601632100000131e+01,-2.827462453500000095e+01,-3.199471401699999973e+01,-2.645238899699999990e+01
1.613806806799999904e+01,-2.557806961300000026e+01,-3.330102741599999661e+01,-2.302757254899999850e+01,-3.444362648399999927e+01,-3.251219305800000114e+01
1.615807807799999907e+01,-2.354253083100000055e+01,-3.672817761000000303e+01,-2.580105592800000025e+01,-3.143125515199999853e+01,-3.149634685299999859e+01
1.617808808799999909e+01,-2.951916443900000075e+01,-3.977918301700000114e+01,-2.560063153400000147e+01,-3.552161607200000049e+01,-2.413298429099999964e+01
1.619809809799999911e+01,-2.427580237999999824e+01,-3.408939712899999819e+01,-3.008437487799999843e+01,-2.865041682600000073e+01,-3.210502319999999798e+01
1.621810810799999913e+01,-1.497589987699999980e+01,-3.571965427899999668e+01,-2.517361810499999919e+01,-2.990697401399999933e+01,-2.244137127500000162e+01
1.623811811799999916e+01,-3.050299420900000058e+01,-3.477879019400000260e+01,-2.677161811599999908e+01,-3.097607334299999948e+01,-2.575270699000000008e+01
1.625812812799999918e+01,-3.191407782099999935e+01,-2.559192093300000082e+01,-2.667164690499999935e+01,-3.237204602799999975e+01,-2.385259183300000174e+01
1.627813813799999920e+01,-2.643796274400000001e+01,-4.118781518200000136e+01,-3.263134147800000306e+01,-2.783882071200000041e+01,-2.626664425499999922e+01
1.629814814799999922e+01,-2.491032244999999890e+01,-2.867283660000000012e+01,-3.288907733500000319e+01,-3.115104427099999995e+01,-2.788643379100000175e+01
1.631815815799999925e+01,-2.642950602999999887e+01,-4.295143437000000119e+01,-2.725830648599999861e+01,-3.222432847299999992e+01,-2.110046742500000150e+01
1.633816816799999927e+01,-2.276995316800000069e+01,-4.116631591899999876e+01,-3.359704463500000315e+01,-3.402337880999999697e+01,-3.152479758100000140e+01
1.635817817799999929e+01,-2.650393111300000015e+01,-2.310338907199999881e+01,-3.133463536500000046e+01,-2.852263217300000164e+01,-2.691765186800000009e+01
1.637818818799999931e+01,-1.131011740499999974e+01,-2.946359039400000057e+01,-3.239942286499999824e+01,-2.743820443499999939e+01,-3.214576057099999673e+01
1.639819819799999934e+01,-3.559444114000000070e+01,-3.497600148400000108e+01,-3.517276489500000025e+01,-3.213423083200000008e+01,-3.119415888300000006e+01
1.641820820799999936e+01,-2.618944530999999998e+01,-2.724532059399999895e+01,-3.141519181900000035e+01,-3.700928893700000089e+01,-3.251580420599999854e+01
1.643821821799999938e+01,-2.790807889299999900e+01,-2.862462945700000105e+01,-3.903811711200000190e+01,-3.649003567100000112e+01,-2.381538546299999837e+01
1.645822822799999940e+01,-1.754527094599999870e+01,-4.652493228899999878e+01,-3.606810346999999695e+01,-3.752307706500000251e+01,-2.273368544199999874e+01
1.647823823799999943e+01,-3.734902825500000034e+01,-2.624369766999999953e+01,-3.516023032999999742e+01,-4.285691682400000246e+01,-6.455399622599999532e+01
1.649824824799999945e+01,-3.507591515200000032e+01,-3.240638801699999760e+01,-3.291156039599999872e+01,-3.048230136400000134e+01,-2.691285483200000073e+01
1.651825825799999947e+01,-2.344289737500000115e+01,-2.856799170000000032e+01,-2.934797256799999943e+01,-3.451228509900000319e+01,-2.466209412399999934e+01
1.653826826799999949e+01,-2.575895079000000010e+01,-2.781062192099999919e+01,-2.775090686300000087e+01,-3.535614124100000311e+01,-2.022161410400000037e+01
1.655827827799999952e+01,-3.453124170099999901e+01,-2.974477396600000034e+01,-3.744820037200000229e+01,-2.914320462099999887e+01,-3.284618947199999894e+01
1.657828828799999954e+01,-2.792756519199999943e+01,-4.543198656300000238e+01,-2.951056319099999925e+01,-3.531747383300000109e+01,-2.623129187400000006e+01
1.659829829799999956e+01,-1.556073300300000017e+00,-2.772506663700000118e+01,-3.190107133200000078e+01,-1.975025080800000055e+01,-2.029965015699999853e+01
1.661830830799999958e+01,-4.017126214700000020e+01,-3.496177281100000300e+01,-3.913844741300000152e+01,-3.368177746899999647e+01,-3.131233749200000105e+01
1.663831831799999961e+01,-3.212271317799999792e+01,-2.557482930300000135e+01,-3.402407751100000155e+01,-3.379581274299999905e+01,-3.382719202399999858e+01
1.665832832799999963e+01,-2.426537227400000063e+01,-3.713169228000000288e+01,-3.680483395800000324e+01,-3.026801109699999870e+01,-2.974846295200000057e+01
1.667833833799999965e+01,-2.700415733099999827e+01,-5.078088149300000254e+01,-3.901666149599999756e+01,-3.969779571299999787e+01,-2.823145975599999957e+01
1.669834834799999967e+01,-2.406975523799999905e+01,-4.219140196200000048e+01,-3.293034677699999691e+01,-3.402049751999999927e+01,-2.814796664200000009e+01
1.671835835799999970e+01,-3.251270700100000255e+01,-3.875773719699999731e+01,-4.144435766800000209e+01,-2.938279629999999898e+01,-2.779578104899999857e+01
1.673836836799999972e+01,-4.064103163200000068e+01,-4.332070277999999774e+01,-3.224553943800000155e+01,-3.029316077600000057e+01,-3.810420009999999991e+01
1.675837837799999974e+01,-1.371000418500000073e+01,-3.553139482200000288e+01,-3.071484249699999936e+01,-3.945802873400000266e+01,-3.272138753000000122e+01
1.677838838799999976e+01,-3.413114517300000017e+01,-3.236387566399999827e+01,-3.521328974699999748e+01,-2.956124338400000084e+01,-3.179634246199999836e+01
1.679839839799999979e+01,-3.457156147300000271e+01,-2.801973175999999910e+01,-3.374296659800000242e+01,-3.711854983199999936e+01,-3.709625518299999669e+01
1.681840840799999981e+01,-3.117095180000000099e+01,-2.985386574099999990e+01,-2.994265572700000178e+01,-3.273085340499999774e+01,-3.374703726500000300e+01
1.683841841799999983e+01,-2.872452656899999823e+01,-3.296481210900000036e+01,-2.975691717500000166e+01,-3.446089854299999899e+01,-2.969414540100000011e+01
1.685842842799999985e+01,-4.664223477099999826e+01,-3.031399710000000169e+01,-2.909654972199999889e+01,-2.963283286900000135e+01,-2.659689536400000165e+01
1.687843843799999988e+01,-3.068437966600000166e+01,-3.519358517599999914e+01,-2.942767822900000141e+01,-3.007479024999999950e+01,-3.709305772999999817e+01
1.689844844799999990e+01,-2.693374390800000029e+01,-4.094612583100000336e+01,-2.877487633100000153e+01,-2.846715543899999901e+01,-2.676490344699999824e+01
1.691845845799999992e+01,-2.840459210499999898e+01,-3.477794631599999775e+01,-2.627847701099999966e+01,-2.494600029000000063e+01,-3.676858102399999950e+01
1.693846846799999994e+01,-2.684709952700000102e+01,-3.702629205800000278e+01,-2.976200512599999826e+01,-2.926637294500000053e+01,-3.377213292300000091e+01
1.695847847799999997e+01,-3.783039144300000345e+01,-2.589113730300000071e+01,-2.534655087000000151e+01,-2.471963569500000091e+01,-1.746429733800000150e+01
1.697848848799999999e+01,-2.488740115199999892e+01,-2.234080110900000093e+01,-2.877232674100000054e+01,-2.678275568500000148e+01,-3.142389436199999864e+01
1.699849849800000001e+01,-3.009511656200000118e+01,-3.232716299199999810e+01,-2.712700458300000150e+01,-2.155759597300000152e+01,-2.797354226899999929e+01
1.701850850900000012e+01,-2.276729724100000141e+01,-4.076682094200000250e+01,-2.489647038700000081e+01,-2.882115104400000050e+01,-3.320997907099999935e+01
1.703851851900000014e+01,-2.997077325000000059e+01,-2.797845133099999870e+01,-2.774602624899999981e+01,-3.000646423799999951e+01,-3.597085846699999934e+01
1.705852852900000016e+01,-5.403677469600000194e+01,-2.768649143700000081e+01,-2.944944914899999944e+01,-3.258331853499999653e+01,-2.647738077600000040e+01
1.707853853900000018e+01,-4.692619989100000311e+01,-2.331440048300000001e+01,-2.756330389200000042e+01,-3.132521933700000005e+01,-2.930252406199999982e+01
1.709854854900000021e+01,-2.963550486200000122e+01,-2.918989781200000166e+01,-3.653362396600000039e+01,-2.496421402700000058e+01,-4.637442341999999940e+01
1.711855855900000023e+01,-4.714412864199999831e+01,-2.899961523500000027e+01,-2.901108574399999895e+01,-2.818651590400000018e+01,-2.424280071100000100e+01
1.713856856900000025e+01,-4.910431470999999704e+01,-3.051459334200000129e+01,-2.933873353399999928e+01,-2.744331659599999895e+01,-3.511461288000000280e+01
1.715857857900000027e+01,-3.485116570400000313e+01,-3.002896398400000066e+01,-2.298751994499999896e+01,-2.597755582199999935e+01,-2.729449202400000019e+01
1.717858858900000030e+01,-3.289145225699999742e+01,-3.406114483999999720e+01,-4.742101436099999745e+01,-3.196022188499999928e+01,-2.731324574799999994e+01
1.719859859900000032e+01,-4.267366993299999933e+01,-3.892821334100000286e+01,-2.837145951700000168e+01,-2.015321563299999852e+01,-2.985598674299999900e+01
1.721860860900000034e+01,-3.000959227499999926e+01,-3.589594077099999936e+01,-4.200819590900000122e+01,-2.627568405099999893e+01,-3.023987090600000016e+01
1.723861861900000036e+01,-3.066448095499999837e+01,-3.070994557199999875e+01,-3.407144695200000228e+01,-2.922122004399999895e+01,-2.798422295299999973e+01
1.725862862900000039e+01,-4.692412972099999990e+01,-3.495307495499999817e+01,-2.607505257200000059e+01,-2.818851283300000077e+01,-2.857435531599999834e+01
1.727863863900000041e+01,-2.931670646499999933e+01,-2.239846823299999912e+01,-2.501450909800000133e+01,-2.650706119699999874e+01,-2.536099251899999985e+01
1.729864864900000043e+01,-3.620231111500000054e+01,-3.205512883699999804e+01,-2.963680941000000146e+01,-3.416065456399999789e+01,-2.646246977199999861e+01
1.731865865900000045e+01,-2.730241943900000123e+01,-3.235306020400000193e+01,-2.403981307400000134e+01,-3.485047182499999963e+01,-1.125758812099999950e+01
1.733866866900000048e+01,-2.812973897599999873e+01,-2.637944548400000144e+01,-2.442793308899999971e+01,-2.231733735099999905e+01,-3.311360708800000197e+01
1.735867867900000050e+01,-3.794253253299999784e+01,-3.508486693199999706e+01,-2.745449780899999936e+01,-3.400452362800000117e+01,-3.217207350799999688e+01
1.737868868900000052e+01,-3.333581203600000009e+01,-3.718762266099999891e+01,-2.689993686400000072e+01,-3.419056333900000055e+01,-3.576639149399999695e+01
1.739869869900000054e+01,-3.266980934299999717e+01,-2.892544289800000001e+01,-2.418362999900000077e+01,-2.852985437499999932e+01,-3.509033709100000209e+01
1.741870870900000057e+01,-3.345435777699999846e+01,-2.861293580399999925e+01,-2.617990292200000013e+01,-2.554892802699999876e+01,-2.176509030400000100e+01
1.743871871900000059e+01,-3.489587410099999687e+01,-3.085608779300000037e+01,-3.247817410999999765e+01,-2.598999573100000049e+01,-3.173256218099999870e+01
1.745872872900000061e+01,-3.110839570799999976e+01,-3.144079447700000074e+01,-2.980828702000000163e+01,-3.127784355200000022e+01,-3.341215198900000161e+01
1.747873873900000063e+01,-3.796612187400000238e+01,-3.176608804700000022e+01,-2.585748849200000166e+01,-2.415115722199999837e+01,-2.315734842399999849e+01
1.749874874900000066e+01,-2.664923485399999947e+01,-2.273485866400000077e+01,-2.004887096699999915e+01,-2.624220861699999929e+01,-2.885444421300000073e+01
1.751875875900000068e+01,-4.013582997599999658e+01,-2.504039926500000135e+01,-2.725319580900000105e+01,-3.281377343799999835e+01,-3.555204782999999935e+01
1.753876876900000070e+01,-3.308538651799999997e+01,-3.686175622999999746e+01,-2.848690429799999890e+01,-2.638834346300000178e+01,-2.393305062299999975e+01
1.755877877900000072e+01,-2.962934849299999840e+01,-2.679282241900000017e+01,-2.848096183899999900e+01,-2.935368107400000071e+01,-3.650950171800000277e+01
1.757878878900000075e+01,-3.267728862399999912e+01,-2.758206109500000025e+01,-1.904329790799999955e+01,-1.675683799200000124e+01,-3.946738690200000121e+01
1.759879879900000077e+01,-3.825411638599999975e+01,-3.382619702099999870e+01,-2.361957529300000047e+01,-1.135967786199999985e+01,-3.265574895999999683e+01
1.761880880900000079e+01,-3.558933141800000044e+01,-3.112970740500000133e+01,-2.793223163400000075e+01,-3.508110262099999943e+01,-3.443680952599999756e+01
1.763881881900000081e+01,-4.009508021999999983e+01,-2.820601843200000047e+01,-2.766400039199999839e+01,-3.101061403599999977e+01,-3.270014647800000063e+01
1.765882882900000084e+01,-3.588592819200000150e+01,-3.042013017600000069e+01,-2.581968306099999921e+01,-2.524894473899999880e+01,-3.010250772299999866e+01
1.767883883900000086e+01,-2.903104001299999837e+01,-2.730665430000000171e+01,-2.131795646599999827e+01,-2.213350304100000088e+01,-2.795836011900000173e+01
1.769884884900000088e+01,-3.760403873700000332e+01,-3.900279274399999707e+01,-2.729872452600000088e+01,-1.440362853200000082e+01,-2.969624358300000111e+01
1.771885885900000090e+01,-4.229099157499999961e+01,-2.863230820900000140e+01,-2.891915550999999951e+01,-2.622743937099999911e+01,-1.690071990499999899e+01
1.773886886900000093e+01,-2.961226061200000004e+01,-2.620537073299999875e+01,-2.988564300799999884e+01,-2.986414071400000125e+01,-3.126144722500000128e+01
1.775887887900000095e+01,-4.009285326599999877e+01,-2.501978891799999971e+01,-3.326277353999999775e+01,-2.736060429500000168e+01,-3.849947138000000280e+01
1.777888888900000097e+01,-3.981898720699999927e+01,-2.641078689100000076e+01,-2.679378060000000161e+01,-2.384717756799999933e+01,-3.013926573199999837e+01
1.779889889900000099e+01,-3.858772208300000273e+01,-3.420006088200000249e+01,-1.990663857399999870e+01,-1.949670054199999925e+01,-1.841830512299999967e+01
1.781890890900000102e+01,-4.629765617799999688e+01,-3.577262491599999805e+01,-4.095331371900000050e+01,-2.584817325099999863e+01,-5.336217455999999970e+01
1.783891891900000104e+01,-2.559337116800000089e+01,-2.501841810499999852e+01,-3.319153941599999769e+01,-3.063807026399999955e+01,-3.092602965400000059e+01
1.785892892900000106e+01,-3.573954988999999927e+01,-1.898279975999999891e+01,-3.135636240099999839e+01,-2.161503777200000087e+01,-2.831205740500000090e+01
1.787893893900000108e+01,-4.902511969300000061e+01,-3.593653361700000204e+01,-3.577316849700000034e+01,-2.839359146900000042e+01,-3.186604356999999865e+01
1.789894894900000111e+01,-3.082900237999999860e+01,-2.437409743699999964e+01,-3.619651400800000118e+01,-2.820022780700000098e+01,-2.680812113300000021e+01
1.791895895900000113e+01,-4.434995663600000171e+01,-2.730672909600000153e+01,-2.681083822800000149e+01,-1.834810872599999954e+01,-2.598031716099999855e+01
1.793896896900000115e+01,-4.989450361800000167e+01,-2.967007544200000169e+01,-2.958487616900000106e+01,-1.213838769300000031e+01,-2.870999381200000045e+01
1.795897897900000117e+01,-3.294274426599999828e+01,-2.684034338600000069e+01,-3.164463759499999895e+01,-2.595767847700000175e+01,-3.280055943100000349e+01
1.797898898900000120e+01,-4.757834404900000180e+01,-2.526464430600000100e+01,-2.766473265400000159e+01,-2.772960438200000155e+01,-2.859125924599999991e+01
1.799899899900000122e+01,-4.034311300299999914e+01,-3.519935927299999889e+01,-2.357185962100000154e+01,-2.138996193899999909e+01,-1.711318271100000032e+01
1.801900900900000124e+01,-3.431075995799999845e+01,-2.852870843699999881e+01,-3.473304902200000299e+01,-2.419827362699999895e+01,-3.528274443800000171e+01
1.803901901900000126e+01,-3.727889405599999861e+01,-3.664386081499999648e+01,-2.709916965700000091e+01,-2.380487143299999886e+01,-3.581251871399999942e+01
1.805902902900000129e+01,-3.386081488800000017e+01,-1.925810013099999907e+01,-2.507881962100000095e+01,-2.118624781400000145e+01,-3.932431355899999659e+01
1.807903903900000131e+01,-4.079829996600000186e+01,-3.110518668199999937e+01,-2.377900957199999965e+01,-2.190973008699999980e+01,-3.089758779699999991e+01
1.809904904900000133e+01,-4.120980691900000181e+01,-3.250265587999999894e+01,-2.519930236500000120e+01,-2.299474871600000014e+01,-5.314762603100000149e+01
1.811905905900000135e+01,-2.720278929499999876e+01,-2.063598338899999973e+01,-2.897323936700000147e+01,-1.988846246700000009e+01,-2.814485854200000148e+01
1.813906906900000138e+01,-4.474141910400000199e+01,-4.165556815600000107e+01,-2.741024245699999895e+01,-2.573238597399999961e+01,-2.560377165799999943e+01
1.815907907900000140e+01,-3.346736701199999686e+01,-2.875458773800000145e+01,-2.753586927499999959e+01,-2.137716840899999937e+01,-3.551237412300000074e+01
1.817908908900000142e+01,-3.674935497300000264e+01,-4.342797585999999654e+01,-2.870806137099999944e+01,-2.355671099099999921e+01,-3.790297166399999895e+01
1.819909909900000144e+01,-3.703742766900000305e+01,-3.271949499299999786e+01,-2.558912532600000134e+01,-2.624655383300000011e+01,-2.953624135900000169e+01
1.821910910900000147e+01,-4.467516154199999789e+01,-3.456025719000000151e+01,-2.724727742600000013e+01,-2.507021607100000082e+01,-4.172532563000000039e+01
1.823911911900000149e+01,-4.435831060499999978e+01,-3.091928745699999936e+01,-3.253005555499999701e+01,-2.982771160200000082e+01,-3.189501517700000122e+01
1.825912912900000151e+01,-4.249358672399999648e+01,-3.080338867000000036e+01,-3.264988978600000280e+01,-2.848831135200000020e+01,-1.686870929799999885e+01
1.827913913900000153e+01,-4.669260407699999860e+01,-3.039722501099999974e+01,-2.885987104899999878e+01,-2.294669359499999928e+01,-3.993864782499999677e+01
1.829914914900000156e+01,-3.588775797600000317e+01,-2.962706806399999948e+01,-3.052464191400000004e+01,-2.501898749800000132e+01,-3.360562399700000213e+01
1.831915915900000158e+01,-1.569963321600000050e+01,-4.084729961800000098e+01,-3.060336596599999837e+01,-2.847443931200000122e+01,-3.275263916099999761e+01
1.833916916900000160e+01,-4.058050302099999840e+01,-2.480501324400000129e+01,-3.054195134900000141e+01,-1.250599822000000039e+01,-3.075257783500000031e+01
1.835917917900000162e+01,-3.133406801299999955e+01,-2.733806196200000116e+01,-2.022515759499999888e+01,-1.622353908099999842e+01,-1.689968516900000139e+01
1.837918918900000165e+01,-4.345924314500000207e+01,-3.346634414999999763e+01,-3.233053022899999718e+01,-3.077302122100000048e+01,-2.981820932400000146e+01
1.839919919900000167e+01,-4.920995680200000066e+01,-4.258301864799999947e+01,-3.411560634300000316e+01,-2.650582203000000092e+01,-2.736879289199999832e+01
1.841920920900000169e+01,-2.470903084700000107e+01,-2.833133188800000113e+01,-3.489121449499999983e+01,-2.025119441900000083e+01,-3.125469308699999971e+01
1.843921921900000171e+01,-2.899005396600000140e+01,-4.536047090000000281e+01,-2.245370617500000066e+01,-1.861476190899999850e+01,-4.251199815399999693e+01
1.845922922900000174e+01,-4.212579398199999758e+01,-2.746049151700000124e+01,-3.459968359900000223e+01,-2.961068219899999931e+01,-3.123696942999999848e+01
1.847923923900000176e+01,-5.034525472600000029e+01,-3.442227162700000065e+01,-3.483624791300000112e+01,-2.192048983400000139e+01,-2.196236113899999864e+01
1.849924924899999823e+01,-4.109812228199999851e+01,-3.839326309599999831e+01,-2.602808299399999825e+01,-3.076888996899999995e+01,-2.544772737299999932e+01
1.851925925899999825e+01,-3.814275808099999665e+01,-2.631657926200000119e+01,-3.203086917200000272e+01,-2.697670085000000029e+01,-2.989343029100000138e+01
1.853926926899999827e+01,-3.768202622300000115e+01,-2.961507588599999963e+01,-2.108069129200000091e+01,-1.638548697199999893e+01,-2.855684682700000110e+01
1.855927927899999830e+01,-4.466368595699999844e+01,-3.076869508500000094e+01,-3.285235667799999959e+01,-1.974287298400000168e+01,-2.978239733399999878e+01
1.857928928899999832e+01,-2.588915731799999875e+01,-2.657866848300000129e+01,-3.258940883300000024e+01,-2.458089305800000091e+01,-3.255394645599999848e+01
1.859929929899999834e+01,-3.361255855900000000e+01,-4.046410233000000289e+01,-1.940871490399999999e+01,-2.249125593500000164e+01,-2.221600970400000108e+01
1.861930930899999836e+01,-3.662002010399999818e+01,-3.780000272400000227e+01,-2.885359102500000006e+01,-3.046132071399999930e+01,-4.141698696000000268e+01
1.863931931899999839e+01,-2.308204366800000074e+01,-2.975109238299999959e+01,-2.928358887899999985e+01,-2.868837728300000123e+01,-3.401580464500000289e+01
1.865932932899999841e+01,-3.471783428900000246e+01,-3.291498254199999707e+01,-2.257508586100000159e+01,-3.664015823900000157e+01,-3.586551281300000227e+01
1.867933933899999843e+01,-3.909693416799999710e+01,-3.600334564399999948e+01,-1.191932383900000048e+01,-1.069054035699999972e+01,-1.094500018599999969e+01
1.869934934899999845e+01,-4.995139596899999646e+01,-4.464670615299999668e+01,-3.192728533500000054e+01,-2.240001269800000117e+01,-3.551271954100000272e+01
1.871935935899999848e+01,-3.163096313899999856e+01,-3.823566557200000204e+01,-2.125511610199999879e+01,-1.673330077500000002e+01,-3.872105188599999792e+01
1.873936936899999850e+01,-3.711645269299999939e+01,-4.282210847999999714e+01,-2.522940423600000059e+01,-3.326696870899999681e+01,-3.285400287899999938e+01
1.875937937899999852e+01,-4.511191725100000127e+01,-3.408447951099999784e+01,-2.968640628100000001e+01,-2.881097623000000141e+01,-2.695667945699999990e+01
1.877938938899999854e+01,-4.581750287999999927e+01,-6.339542773200000170e+01,-2.428753614300000052e+01,-2.388733951900000108e+01,-2.303759571399999828e+01
1.879939939899999857e+01,-3.365888909099999893e+01,-1.732429869999999994e+01,-1.855317924199999879e+01,-4.128001857099999938e+01,-2.480375207999999887e+01
1.881940940899999859e+01,-4.446628126200000253e+01,-3.909038161299999814e+01,-3.300290820499999711e+01,-3.571948164300000172e+01,-2.893859930700000049e+01
1.883941941899999861e+01,-6.260322935199999961e+01,-4.378408034400000304e+01,-1.999174630499999950e+01,-2.280837659599999867e+01,-2.989488132199999981e+01
1.885942942899999863e+01,-2.962158040899999989e+01,-4.743333941200000226e+01,-2.428805385200000089e+01,-3.551642196499999926e+01,-2.663752060599999893e+01
1.887943943899999866e+01,-4.515601584699999904e+01,-2.925031686299999834e+01,-2.073498956099999901e+01,-2.292068188700000064e+01,-2.988958371900000088e+01
1.889944944899999868e+01,-4.807327559800000216e+01,-5.334725655300000113e+01,-3.465399465099999787e+01,-3.327367504099999707e+01,-3.855945191899999713e+01
1.891945945899999870e+01,-6.265374026199999946e+01,-2.868119800099999850e+01,-2.657430439299999847e+01,-2.892303800199999841e+01,-2.773276542400000011e+01
1.893946946899999872e+01,-4.977131889999999714e+01,-4.881922836399999710e+01,-3.700370632799999981e+01,-2.378678248099999948e+01,-3.640613458600000030e+01
1.895947947899999875e+01,-3.543675011100000205e+01,-4.675435119299999798e+01,-2.582744410100000110e+01,-2.990600711300000114e+01,-4.230827514900000352e+01
1.897948948899999877e+01,-2.644119605699999909e+01,-3.202255419400000136e+01,-2.612760607599999929e+01,-2.660462694900000002e+01,-5.828861597699999919e+01
1.899949949899999879e+01,-4.528030576399999774e+01,-5.983731415399999776e+01,-2.797713973899999829e+01,-3.174203991599999952e+01,-3.618864189300000334e+01
1.901950950999999890e+01,-4.024007918400000250e+01,-4.597320647200000110e+01,-2.502795628100000158e+01,-2.955734978999999996e+01,-4.180822595499999750e+01
1.903951951999999892e+01,-4.732816119299999968e+01,-3.206787790799999982e+01,-1.423718867500000052e+01,-2.544008146799999892e+01,-2.211274691599999898e+01
1.905952952999999894e+01,-3.899143562100000082e+01,-4.512255012100000329e+01,-2.363133039299999894e+01,-2.700933145400000157e+01,-2.665658599700000053e+01
1.907953953999999896e+01,-3.147671267599999823e+01,-4.042639896899999741e+01,-3.513816170199999789e+01,-1.528046759999999971e+01,-3.139676778600000162e+01
1.909954954999999899e+01,-3.014091878800000046e+01,-4.079640422500000341e+01,-1.876921782100000158e+01,-1.352046260500000052e+01,-1.034073822500000084e+01
1.911955955999999901e+01,-4.126437017500000337e+01,-5.001570486399999993e+01,-3.657521265399999777e+01,-5.235587217999999865e+01,-2.833586182199999826e+01
1.913956956999999903e+01,-3.107553309600000091e+01,-2.340142450400000129e+01,-2.272635831999999922e+01,-3.232235289700000180e+01,-1.972648288299999919e+01
1.915957957999999905e+01,-4.580927796299999954e+01,-3.912448716800000170e+01,-2.612968280300000146e+01,-3.706158848999999833e+01,-3.240933396199999805e+01
1.917958958999999908e+01,-3.806593041899999719e+01,-3.446313157600000210e+01,-2.990341946799999917e+01,-3.088899213099999841e+01,-3.367896799599999724e+01
1.919959959999999910e+01,-3.470397027500000320e+01,-3.634279951799999964e+01,-1.731708057699999870e+01,-1.770213096399999841e+01,-1.805301534399999852e+01
1.921960960999999912e+01,-4.160613261499999993e+01,-5.119090711700000185e+01,-2.957708398200000133e+01,-3.443581133899999713e+01,-3.150344754400000014e+01
1.923961961999999914e+01,-4.160730458999999826e+01,-5.390882213100000087e+01,-3.137917295500000137e+01,-3.961885908099999654e+01,-3.670971014199999871e+01
1.925962962999999917e+01,-3.409873415300000232e+01,-2.213579769800000108e+01,-3.197987234100000009e+01,-2.614626485100000153e+01,-2.457471706700000169e+01
1.927963963999999919e+01,-6.066053201799999783e+01,-5.598959096299999771e+01,-2.967954969499999862e+01,-3.485363164599999664e+01,-3.624146429900000044e+01
1.929964964999999921e+01,-5.040625723299999805e+01,-4.800375700299999693e+01,-3.138928179399999863e+01,-4.852138889799999788e+01,-3.600096947400000147e+01
1.931965965999999923e+01,-2.586725004699999886e+01,-2.770093768999999995e+01,-2.313934392099999826e+01,-3.253611854500000078e+01,-4.385983253399999882e+01
1.933966966999999926e+01,-4.629779400700000025e+01,-3.829077356300000190e+01,-2.201128414200000094e+01,-3.580559749300000050e+01,-3.587696638900000323e+01
1.935967967999999928e+01,-4.596039488899999981e+01,-4.270827782100000292e+01,-2.397937217899999851e+01,-3.760440409800000339e+01,-2.946646033800000097e+01
1.937968968999999930e+01,-2.733618750000000119e+01,-4.650050938399999723e+01,-2.418106985000000009e+01,-2.641171814000000140e+01,-2.611482512899999975e+01
1.939969969999999932e+01,-3.348038880699999709e+01,-4.964633588800000297e+01,-2.947335814099999851e+01,-2.872160683999999975e+01,-4.840312038300000097e+01
1.941970970999999935e+01,-4.602089969899999744e+01,-3.860309007899999756e+01,-2.229410838900000158e+01,-3.539549005899999656e+01,-3.501601202799999868e+01
1.943971971999999937e+01,-2.207752565299999858e+01,-2.578739667099999977e+01,-2.608546657000000124e+01,-2.864323710100000042e+01,-3.295794498699999764e+01
1.945972972999999939e+01,-4.156425135500000323e+01,-4.736160961099999867e+01,-3.073379968300000087e+01,-3.339238635000000244e+01,-4.357708946900000058e+01
1.947973973999999941e+01,-3.921720210099999804e+01,-5.232812483200000031e+01,-2.918284796100000023e+01,-3.420220307999999676e+01,-3.282229891699999769e+01
1.949974974999999944e+01,-4.018008609200000336e+01,-3.377748994400000271e+01,-8.858478916999999342e+00,-3.039298200900000069e+01,-3.545885440699999691e+01
1.951975975999999946e+01,-6.082267234199999706e+01,-4.461256849299999772e+01,-3.519002325000000297e+01,-5.026056365499999856e+01,-3.903369696699999736e+01
1.953976976999999948e+01,-4.263019264599999758e+01,-4.652810339900000258e+01,-4.944174058099999769e+00,-3.083171015899999756e-01,-4.727429762899999943e+00
1.955977977999999950e+01,-3.636491964100000018e+01,-4.187964873199999971e+01,-2.029727415700000037e+01,-4.340943830199999809e+01,-4.627885319199999969e+01
1.957978978999999953e+01,-5.802095735599999671e+01,-5.568344306000000188e+01,-3.064306472599999864e+01,-3.152552450499999992e+01,-3.524972823299999902e+01
1.959979979999999955e+01,-3.290333002999999934e+01,-4.203903904599999919e+01,-3.505721848499999993e+01,-3.209393757000000136e+01,-2.397450951200000091e+01
1.961980980999999957e+01,-5.785730902699999945e+01,-4.698015047399999844e+01,-3.113283987799999863e+01,-3.966496115199999650e+01,-2.911419712300000029e+01
1.963981981999999959e+01,-4.099973668500000201e+01,-3.728031836899999973e+01,-3.322524084999999872e+01,-2.608268667400000140e+01,-3.042788964300000032e+01
1.965982982999999962e+01,-3.774874183299999686e+01,-3.304226335300000272e+01,-1.408523731400000045e+01,-9.146632013199999633e+00,-5.860975475100000054e+00
1.967983983999999964e+01,-4.500046132599999993e+01,-5.576064126899999707e+01,-2.884954337299999949e+01,-3.262261347799999811e+01,-4.362140585499999901e+01
1.969984984999999966e+01,-4.659439563400000139e+01,-5.512252567099999823e+01,-2.605223186699999971e+01,-3.156459323400000017e+01,-3.443967712100000256e+01
1.971985985999999968e+01,-1.947550410199999860e+01,-3.282592309300000011e+01,-3.525479710100000119e+01,-2.934934543099999971e+01,-2.758109188199999906e+01
1.973986986999999971e+01,-4.525203431100000273e+01,-4.284551109099999877e+01,-3.125087407599999878e+01,-2.950991955900000008e+01,-3.304828047499999855e+01
1.975987987999999973e+01,-5.168924340800000294e+01,-4.442271388000000343e+01,-3.021438072600000169e+01,-3.579376087100000348e+01,-4.587531128700000238e+01
1.977988988999999975e+01,-3.422365700499999974e+01,-3.995522949000000068e+01,-2.117374650500000044e+01,-2.723721675099999828e+01,-1.308393290000000064e+01
1.979989989999999977e+01,-5.217330751699999780e+01,-6.302025344999999845e+01,-2.214244438800000125e+01,-2.979207953699999933e+01,-3.184820505400000101e+01
1.981990990999999980e+01,-3.566912571999999670e+01,-3.590504355699999905e+01,-1.704185688300000123e+01,-2.473690536200000167e+01,-3.000744749900000130e+01
1.983991991999999982e+01,-3.687155502099999893e+01,-3.196875559400000100e+01,-2.878559828899999928e+01,-3.745519821999999976e+01,-3.054044718000000103e+01
1.985992992999999984e+01,-4.571067599399999892e+01,-4.508852189000000266e+01,-2.661650764099999833e+01,-2.873340822500000158e+01,-3.297690496500000279e+01
1.987993993999999986e+01,-2.224606865200000172e+01,-4.013299976599999752e+01,-2.190334059799999977e+01,-4.036206532100000288e+01,-2.943899805099999867e+01
1.989994994999999989e+01,-5.053646483899999708e+01,-4.596239176299999940e+01,-2.217568596199999931e+01,-3.272011878600000045e+01,-3.760966278400000107e+01
1.991995995999999991e+01,-5.157453891800000179e+01,-4.162635821100000300e+01,-1.386358011399999945e+01,-1.376376575199999941e+01,-3.249939274500000153e+01
1.993996996999999993e+01,-4.118231678200000090e+01,-3.822035155799999728e+01,-3.611548195799999661e+01,-2.987408974799999939e+01,-3.992229358099999814e+01
1.995997997999999995e+01,-4.432122254400000116e+01,-4.930369557499999900e+01,-3.057307563799999883e+01,-3.702196254399999731e+01,-5.574753827400000006e+01
1.997998998999999998e+01,-3.463232077499999662e+01,-5.647759384199999744e+01,-2.218748352200000085e+01,-3.354352345299999882e+01,-3.627171393999999793e+01
2.000000000000000000e+01,-1.837093214800000140e+01,-1.650836751399999969e+01,-1.743028913399999880e+01,-1.926544770799999995e+01,-1.802048452500000053e+01
